       MJD   Upper    Mean   Lower   Cenwave  Zeropoint  Filter 
 60304.777    99.0    99.0    99.0  10023.96     3631.0       z 
 60304.777    99.0    99.0    99.0   4735.89     3631.0       g 
 60304.777    99.0    99.0    99.0   4746.48     3631.0   g-P48 
 60304.777    99.0    99.0    99.0   5182.42     3631.0    cyan 
 60304.777    99.0    99.0    99.0   6198.96     3631.0       r 
 60304.777    99.0    99.0    99.0   6366.38     3631.0   r-P48 
 60304.777    99.0    99.0    99.0   6629.82     3631.0  orange 
 60304.777    99.0    99.0    99.0   7645.77     3631.0       i 
 60305.624    99.0    99.0    99.0  10023.96     3631.0       z 
 60305.624    99.0    99.0    99.0   4735.89     3631.0       g 
 60305.624    99.0    99.0    99.0   4746.48     3631.0   g-P48 
 60305.624    99.0    99.0    99.0   5182.42     3631.0    cyan 
 60305.624    99.0    99.0    99.0   6198.96     3631.0       r 
 60305.624    99.0    99.0    99.0   6366.38     3631.0   r-P48 
 60305.624    99.0    99.0    99.0   6629.82     3631.0  orange 
 60305.624    99.0    99.0    99.0   7645.77     3631.0       i 
  60306.63    99.0    99.0  75.354   4735.89     3631.0       g 
  60306.63    99.0    99.0  75.359   4746.48     3631.0   g-P48 
  60306.63    99.0    99.0  75.365   5182.42     3631.0    cyan 
  60306.63    99.0    99.0  75.393   6198.96     3631.0       r 
  60306.63    99.0    99.0  75.399   6366.38     3631.0   r-P48 
  60306.63    99.0    99.0  75.412   6629.82     3631.0  orange 
  60306.63    99.0    99.0  75.449   7645.77     3631.0       i 
  60306.63    99.0    99.0  75.525  10023.96     3631.0       z 
 60307.015    99.0    99.0  27.701   4735.89     3631.0       g 
 60307.015    99.0    99.0  27.718   4746.48     3631.0   g-P48 
 60307.015    99.0    99.0  27.748   5182.42     3631.0    cyan 
 60307.015    99.0    99.0  27.847   6198.96     3631.0       r 
 60307.015    99.0    99.0  27.865   6366.38     3631.0   r-P48 
 60307.015    99.0    99.0  27.905   6629.82     3631.0  orange 
 60307.015    99.0    99.0  28.016   7645.77     3631.0       i 
 60307.015    99.0    99.0  28.238  10023.96     3631.0       z 
 60308.643    99.0  26.124   24.11   4735.89     3631.0       g 
 60308.643    99.0  26.142  24.127   4746.48     3631.0   g-P48 
 60308.643    99.0  26.182  24.163   5182.42     3631.0    cyan 
 60308.643    99.0  26.319  24.272   6198.96     3631.0       r 
 60308.643    99.0  26.343  24.293   6366.38     3631.0   r-P48 
 60308.643    99.0   26.39  24.337   6629.82     3631.0  orange 
 60308.643    99.0  26.519  24.456   7645.77     3631.0       i 
 60308.643    99.0  26.763   24.69  10023.96     3631.0       z 
 60309.253  27.744  24.834  23.529   4735.89     3631.0       g 
 60309.253  27.761  24.855  23.549   4746.48     3631.0   g-P48 
 60309.253  27.792  24.902  23.588   5182.42     3631.0    cyan 
 60309.253  27.896  25.018   23.71   6198.96     3631.0       r 
 60309.253  27.915  25.039  23.731   6366.38     3631.0   r-P48 
 60309.253  27.956  25.085  23.772   6629.82     3631.0  orange 
 60309.253  28.068  25.213  23.886   7645.77     3631.0       i 
 60309.253  28.295  25.457  24.113  10023.96     3631.0       z 
 60309.607  26.233  24.323  23.257   4735.89     3631.0       g 
 60309.607  26.252  24.344  23.278   4746.48     3631.0   g-P48 
 60309.607   26.29   24.39  23.321   5182.42     3631.0    cyan 
 60309.607    26.4  24.527  23.436   6198.96     3631.0       r 
 60309.607  26.422  24.551  23.456   6366.38     3631.0   r-P48 
 60309.607  26.468  24.597  23.497   6629.82     3631.0  orange 
 60309.607  26.585   24.71  23.611   7645.77     3631.0       i 
 60309.607  26.816  24.946  23.837  10023.96     3631.0       z 
 60310.653   24.18  23.298  22.607   4735.89     3631.0       g 
 60310.653  24.199  23.317  22.627   4746.48     3631.0   g-P48 
 60310.653  24.235  23.362  22.667   5182.42     3631.0    cyan 
 60310.653  24.347  23.492  22.778   6198.96     3631.0       r 
 60310.653   24.37  23.514  22.796   6366.38     3631.0   r-P48 
 60310.653  24.417   23.56  22.836   6629.82     3631.0  orange 
 60310.653  24.545  23.686  22.953   7645.77     3631.0       i 
 60310.653   24.79  23.915  23.184  10023.96     3631.0       z 
 60311.492  23.331  22.739  22.207   4735.89     3631.0       g 
 60311.492  23.349  22.759  22.226   4746.48     3631.0   g-P48 
 60311.492  23.384  22.797  22.265   5182.42     3631.0    cyan 
 60311.492  23.506  22.918  22.378   6198.96     3631.0       r 
 60311.492  23.527  22.939  22.395   6366.38     3631.0   r-P48 
 60311.492  23.572  22.983  22.435   6629.82     3631.0  orange 
 60311.492  23.693  23.104  22.542   7645.77     3631.0       i 
 60311.492  23.934  23.339  22.766  10023.96     3631.0       z 
 60312.654  22.557  22.147  21.767   4735.89     3631.0       g 
 60312.654  22.577   22.17  21.788   4746.48     3631.0   g-P48 
 60312.654   22.62  22.208  21.824   5182.42     3631.0    cyan 
 60312.654   22.74  22.318  21.928   6198.96     3631.0       r 
 60312.654  22.761   22.34  21.946   6366.38     3631.0   r-P48 
 60312.654  22.805  22.385  21.985   6629.82     3631.0  orange 
 60312.654  22.925  22.504  22.091   7645.77     3631.0       i 
 60312.654  23.158  22.737  22.311  10023.96     3631.0       z 
  60313.73  22.052  21.729  21.433   4735.89     3631.0       g 
  60313.73  22.069  21.747  21.452   4746.48     3631.0   g-P48 
  60313.73  22.109  21.788  21.488   5182.42     3631.0    cyan 
  60313.73  22.225  21.896   21.59   6198.96     3631.0       r 
  60313.73  22.245  21.914  21.606   6366.38     3631.0   r-P48 
  60313.73  22.287  21.955  21.648   6629.82     3631.0  orange 
  60313.73  22.404  22.077  21.757   7645.77     3631.0       i 
  60313.73  22.634  22.307  21.974  10023.96     3631.0       z 
 60315.968  21.305  21.086  20.883   4735.89     3631.0       g 
 60315.968  21.318  21.103  20.898   4746.48     3631.0   g-P48 
 60315.968  21.344  21.134  20.926   5182.42     3631.0    cyan 
 60315.968   21.46  21.235  21.028   6198.96     3631.0       r 
 60315.968  21.481  21.255  21.043   6366.38     3631.0   r-P48 
 60315.968  21.525  21.296  21.084   6629.82     3631.0  orange 
 60315.968   21.64  21.409  21.191   7645.77     3631.0       i 
 60315.968  21.869  21.634  21.409  10023.96     3631.0       z 
 60318.207  20.754  20.597  20.446   4735.89     3631.0       g 
 60318.207  20.772  20.614  20.465   4746.48     3631.0   g-P48 
 60318.207  20.802  20.643  20.496   5182.42     3631.0    cyan 
 60318.207    20.9  20.746   20.59   6198.96     3631.0       r 
 60318.207  20.916  20.763  20.607   6366.38     3631.0   r-P48 
 60318.207  20.953  20.802  20.647   6629.82     3631.0  orange 
 60318.207  21.061  20.909  20.752   7645.77     3631.0       i 
 60318.207  21.288  21.132  20.967  10023.96     3631.0       z 
 60320.445  20.329  20.214  20.093   4735.89     3631.0       g 
 60320.445  20.345  20.231  20.109   4746.48     3631.0   g-P48 
 60320.445  20.376  20.254  20.145   5182.42     3631.0    cyan 
 60320.445   20.48  20.352  20.237   6198.96     3631.0       r 
 60320.445  20.496  20.369  20.252   6366.38     3631.0   r-P48 
 60320.445  20.535  20.408  20.289   6629.82     3631.0  orange 
 60320.445  20.636  20.513  20.393   7645.77     3631.0       i 
 60320.445  20.858  20.734  20.607  10023.96     3631.0       z 
 60322.622  20.005  19.904  19.808   4735.89     3631.0       g 
 60322.622  20.018  19.919  19.825   4746.48     3631.0   g-P48 
 60322.622  20.036  19.945  19.851   5182.42     3631.0    cyan 
 60322.622  20.136   20.04  19.946   6198.96     3631.0       r 
 60322.622  20.154  20.056  19.962   6366.38     3631.0   r-P48 
 60322.622  20.192  20.093  19.999   6629.82     3631.0  orange 
 60322.622  20.297  20.193  20.099   7645.77     3631.0       i 
 60322.622  20.512  20.412   20.31  10023.96     3631.0       z 
 60322.683  19.997  19.896    19.8   4735.89     3631.0       g 
 60322.683   20.01  19.911  19.818   4746.48     3631.0   g-P48 
 60322.683  20.027  19.937  19.843   5182.42     3631.0    cyan 
 60322.683  20.127  20.032  19.939   6198.96     3631.0       r 
 60322.683  20.145  20.048  19.955   6366.38     3631.0   r-P48 
 60322.683  20.183  20.085  19.991   6629.82     3631.0  orange 
 60322.683  20.289  20.185  20.091   7645.77     3631.0       i 
 60322.683  20.504  20.404  20.302  10023.96     3631.0       z 
  60324.09  19.817  19.724  19.641   4735.89     3631.0       g 
  60324.09   19.83  19.738  19.656   4746.48     3631.0   g-P48 
  60324.09  19.845  19.763  19.685   5182.42     3631.0    cyan 
  60324.09  19.932  19.853  19.774   6198.96     3631.0       r 
  60324.09   19.95  19.871  19.789   6366.38     3631.0   r-P48 
  60324.09  19.991  19.908  19.825   6629.82     3631.0  orange 
  60324.09  20.092  20.006  19.923   7645.77     3631.0       i 
  60324.09  20.312  20.224  20.131  10023.96     3631.0       z 
 60324.651   19.75   19.66   19.58   4735.89     3631.0       g 
 60324.651  19.762  19.674  19.596   4746.48     3631.0   g-P48 
 60324.651  19.778  19.698  19.625   5182.42     3631.0    cyan 
 60324.651  19.863  19.788  19.712   6198.96     3631.0       r 
 60324.651   19.88  19.804  19.727   6366.38     3631.0   r-P48 
 60324.651  19.921   19.84  19.763   6629.82     3631.0  orange 
 60324.651  20.021  19.938  19.861   7645.77     3631.0       i 
 60324.651  20.239  20.157  20.068  10023.96     3631.0       z 
 60324.922  19.718  19.629  19.551   4735.89     3631.0       g 
 60324.922  19.731  19.644  19.568   4746.48     3631.0   g-P48 
 60324.922  19.746  19.667  19.595   5182.42     3631.0    cyan 
 60324.922   19.83  19.758  19.683   6198.96     3631.0       r 
 60324.922  19.847  19.773  19.698   6366.38     3631.0   r-P48 
 60324.922  19.888  19.808  19.734   6629.82     3631.0  orange 
 60324.922  19.988  19.906  19.832   7645.77     3631.0       i 
 60324.922  20.207  20.125  20.038  10023.96     3631.0       z 
 60325.489  19.653  19.567  19.491   4735.89     3631.0       g 
 60325.489  19.667  19.582   19.51   4746.48     3631.0   g-P48 
 60325.489  19.681  19.604  19.536   5182.42     3631.0    cyan 
 60325.489  19.765  19.695  19.624   6198.96     3631.0       r 
 60325.489  19.781  19.708  19.638   6366.38     3631.0   r-P48 
 60325.489  19.819  19.744  19.675   6629.82     3631.0  orange 
 60325.489  19.921  19.843  19.772   7645.77     3631.0       i 
 60325.489  20.137  20.061  19.978  10023.96     3631.0       z 
 60325.528  19.649  19.563  19.487   4735.89     3631.0       g 
 60325.528  19.663  19.578  19.506   4746.48     3631.0   g-P48 
 60325.528  19.677    19.6  19.532   5182.42     3631.0    cyan 
 60325.528   19.76   19.69   19.62   6198.96     3631.0       r 
 60325.528  19.777  19.704  19.634   6366.38     3631.0   r-P48 
 60325.528  19.815   19.74  19.671   6629.82     3631.0  orange 
 60325.528  19.917  19.838  19.768   7645.77     3631.0       i 
 60325.528  20.133  20.057  19.974  10023.96     3631.0       z 
  60327.16  19.479  19.399  19.331   4735.89     3631.0       g 
  60327.16  19.491  19.412  19.347   4746.48     3631.0   g-P48 
  60327.16  19.501  19.431  19.373   5182.42     3631.0    cyan 
  60327.16  19.583  19.518  19.459   6198.96     3631.0       r 
  60327.16  19.598  19.532  19.473   6366.38     3631.0   r-P48 
  60327.16  19.635  19.567   19.51   6629.82     3631.0  orange 
  60327.16  19.736  19.668  19.604   7645.77     3631.0       i 
  60327.16  19.951  19.881  19.811  10023.96     3631.0       z 
 60327.652  19.429  19.351  19.286   4735.89     3631.0       g 
 60327.652  19.442  19.366  19.303   4746.48     3631.0   g-P48 
 60327.652  19.452  19.383  19.329   5182.42     3631.0    cyan 
 60327.652  19.533  19.469  19.413   6198.96     3631.0       r 
 60327.652  19.547  19.483  19.427   6366.38     3631.0   r-P48 
 60327.652  19.584  19.519  19.463   6629.82     3631.0  orange 
 60327.652  19.684   19.62  19.556   7645.77     3631.0       i 
 60327.652  19.897  19.831  19.763  10023.96     3631.0       z 
 60328.651  19.332  19.263  19.198   4735.89     3631.0       g 
 60328.651  19.346  19.275  19.214   4746.48     3631.0   g-P48 
 60328.651  19.356  19.291  19.239   5182.42     3631.0    cyan 
 60328.651  19.434  19.376  19.322   6198.96     3631.0       r 
 60328.651  19.449   19.39  19.336   6366.38     3631.0   r-P48 
 60328.651  19.484  19.424  19.371   6629.82     3631.0  orange 
 60328.651  19.583  19.523  19.465   7645.77     3631.0       i 
 60328.651  19.796  19.734   19.67  10023.96     3631.0       z 
 60329.398  19.263  19.198  19.135   4735.89     3631.0       g 
 60329.398  19.278   19.21  19.151   4746.48     3631.0   g-P48 
 60329.398  19.285  19.224  19.175   5182.42     3631.0    cyan 
 60329.398  19.365  19.309  19.258   6198.96     3631.0       r 
 60329.398  19.379  19.322  19.271   6366.38     3631.0   r-P48 
 60329.398  19.414  19.356  19.305   6629.82     3631.0  orange 
 60329.398  19.512  19.454    19.4   7645.77     3631.0       i 
 60329.398  19.724  19.664  19.604  10023.96     3631.0       z 
 60330.606  19.155  19.096  19.039   4735.89     3631.0       g 
 60330.606   19.17  19.109  19.054   4746.48     3631.0   g-P48 
 60330.606  19.181  19.123  19.076   5182.42     3631.0    cyan 
 60330.606  19.258  19.205  19.157   6198.96     3631.0       r 
 60330.606  19.271  19.218   19.17   6366.38     3631.0   r-P48 
 60330.606  19.305  19.252  19.205   6629.82     3631.0  orange 
 60330.606  19.402  19.349  19.297   7645.77     3631.0       i 
 60330.606  19.613  19.558  19.501  10023.96     3631.0       z 
 60331.358  19.093  19.036  18.983   4735.89     3631.0       g 
 60331.358  19.107   19.05  18.997   4746.48     3631.0   g-P48 
 60331.358   19.12  19.062  19.018   5182.42     3631.0    cyan 
 60331.358  19.192  19.143  19.097   6198.96     3631.0       r 
 60331.358  19.207  19.156  19.112   6366.38     3631.0   r-P48 
 60331.358   19.24  19.189  19.146   6629.82     3631.0  orange 
 60331.358  19.338  19.287  19.236   7645.77     3631.0       i 
 60331.358  19.546  19.495   19.44  10023.96     3631.0       z 
 60331.637  19.071  19.014  18.963   4735.89     3631.0       g 
 60331.637  19.085  19.028  18.977   4746.48     3631.0   g-P48 
 60331.637  19.098  19.041  18.997   5182.42     3631.0    cyan 
 60331.637  19.169   19.12  19.075   6198.96     3631.0       r 
 60331.637  19.184  19.134  19.091   6366.38     3631.0   r-P48 
 60331.637  19.217  19.167  19.124   6629.82     3631.0  orange 
 60331.637  19.314  19.265  19.214   7645.77     3631.0       i 
 60331.637  19.522  19.472  19.418  10023.96     3631.0       z 
 60332.584  18.995  18.944  18.894   4735.89     3631.0       g 
 60332.584  19.009  18.957  18.909   4746.48     3631.0   g-P48 
 60332.584  19.022  18.969  18.928   5182.42     3631.0    cyan 
 60332.584  19.091  19.045  19.003   6198.96     3631.0       r 
 60332.584  19.106  19.059  19.018   6366.38     3631.0   r-P48 
 60332.584  19.141  19.093  19.052   6629.82     3631.0  orange 
 60332.584  19.236  19.189  19.142   7645.77     3631.0       i 
 60332.584  19.444  19.396  19.346  10023.96     3631.0       z 
 60333.099  18.957  18.908  18.859   4735.89     3631.0       g 
 60333.099   18.97   18.92  18.874   4746.48     3631.0   g-P48 
 60333.099  18.981  18.931  18.892   5182.42     3631.0    cyan 
 60333.099   19.05  19.006  18.965   6198.96     3631.0       r 
 60333.099  19.065   19.02   18.98   6366.38     3631.0   r-P48 
 60333.099  19.102  19.055  19.014   6629.82     3631.0  orange 
 60333.099  19.195  19.149  19.104   7645.77     3631.0       i 
 60333.099  19.403  19.357  19.307  10023.96     3631.0       z 
 60333.875    18.9  18.853  18.807   4735.89     3631.0       g 
 60333.875  18.913  18.866  18.821   4746.48     3631.0   g-P48 
 60333.875  18.924  18.875   18.84   5182.42     3631.0    cyan 
 60333.875  18.991   18.95   18.91   6198.96     3631.0       r 
 60333.875  19.005  18.964  18.924   6366.38     3631.0   r-P48 
 60333.875  19.042  18.997  18.958   6629.82     3631.0  orange 
 60333.875  19.135  19.091  19.048   7645.77     3631.0       i 
 60333.875  19.344  19.299  19.249  10023.96     3631.0       z 
 60336.114  18.748  18.704  18.662   4735.89     3631.0       g 
 60336.114  18.761  18.717  18.677   4746.48     3631.0   g-P48 
 60336.114  18.767  18.725  18.691   5182.42     3631.0    cyan 
 60336.114  18.833  18.796  18.761   6198.96     3631.0       r 
 60336.114  18.846  18.809  18.774   6366.38     3631.0   r-P48 
 60336.114  18.879  18.843  18.806   6629.82     3631.0  orange 
 60336.114  18.974  18.934  18.896   7645.77     3631.0       i 
 60336.114  19.183   19.14  19.097  10023.96     3631.0       z 
 60336.573  18.718  18.674  18.634   4735.89     3631.0       g 
 60336.573  18.731  18.688  18.649   4746.48     3631.0   g-P48 
 60336.573  18.737  18.696  18.662   5182.42     3631.0    cyan 
 60336.573  18.801  18.766  18.732   6198.96     3631.0       r 
 60336.573  18.815   18.78  18.744   6366.38     3631.0   r-P48 
 60336.573  18.848  18.813  18.776   6629.82     3631.0  orange 
 60336.573  18.943  18.904  18.866   7645.77     3631.0       i 
 60336.573  19.152  19.109  19.066  10023.96     3631.0       z 
 60338.352  18.612  18.566   18.53   4735.89     3631.0       g 
 60338.352  18.623  18.578  18.544   4746.48     3631.0   g-P48 
 60338.352  18.624  18.588  18.556   5182.42     3631.0    cyan 
 60338.352  18.687  18.655  18.624   6198.96     3631.0       r 
 60338.352  18.699  18.668  18.637   6366.38     3631.0   r-P48 
 60338.352  18.733  18.702  18.668   6629.82     3631.0  orange 
 60338.352  18.829  18.791  18.758   7645.77     3631.0       i 
 60338.352  19.033  18.993  18.954  10023.96     3631.0       z 
 60339.305  18.557  18.511  18.477   4735.89     3631.0       g 
 60339.305  18.567  18.523  18.491   4746.48     3631.0   g-P48 
 60339.305  18.568  18.533  18.503   5182.42     3631.0    cyan 
 60339.305   18.63    18.6  18.569   6198.96     3631.0       r 
 60339.305  18.641  18.613  18.581   6366.38     3631.0   r-P48 
 60339.305  18.676  18.645  18.612   6629.82     3631.0  orange 
 60339.305   18.77  18.734  18.701   7645.77     3631.0       i 
 60339.305  18.973  18.934  18.898  10023.96     3631.0       z 
  60340.59  18.484  18.441  18.407   4735.89     3631.0       g 
  60340.59  18.496  18.453  18.421   4746.48     3631.0   g-P48 
  60340.59  18.496  18.461  18.431   5182.42     3631.0    cyan 
  60340.59  18.555  18.527  18.498   6198.96     3631.0       r 
  60340.59  18.566  18.539   18.51   6366.38     3631.0   r-P48 
  60340.59    18.6  18.571  18.542   6629.82     3631.0  orange 
  60340.59  18.696   18.66  18.629   7645.77     3631.0       i 
  60340.59  18.894  18.857  18.824  10023.96     3631.0       z 
 60340.631  18.482  18.438  18.405   4735.89     3631.0       g 
 60340.631  18.494   18.45  18.419   4746.48     3631.0   g-P48 
 60340.631  18.494  18.459  18.429   5182.42     3631.0    cyan 
 60340.631  18.553  18.525  18.496   6198.96     3631.0       r 
 60340.631  18.564  18.537  18.507   6366.38     3631.0   r-P48 
 60340.631  18.597  18.569   18.54   6629.82     3631.0  orange 
 60340.631  18.693  18.658  18.627   7645.77     3631.0       i 
 60340.631  18.892  18.855  18.821  10023.96     3631.0       z 
 60342.829  18.369  18.329  18.294   4735.89     3631.0       g 
 60342.829  18.377  18.345  18.319   5182.42     3631.0    cyan 
 60342.829  18.378   18.34  18.307   4746.48     3631.0   g-P48 
 60342.829  18.432  18.406  18.382   6198.96     3631.0       r 
 60342.829  18.444  18.419  18.393   6366.38     3631.0   r-P48 
 60342.829  18.474   18.45  18.425   6629.82     3631.0  orange 
 60342.829  18.572  18.538  18.509   7645.77     3631.0       i 
 60342.829   18.77  18.735  18.699  10023.96     3631.0       z 
 60344.585  18.282  18.245  18.212   4735.89     3631.0       g 
 60344.585   18.29   18.26  18.232   5182.42     3631.0    cyan 
 60344.585  18.293  18.257  18.224   4746.48     3631.0   g-P48 
 60344.585  18.342  18.317  18.295   6198.96     3631.0       r 
 60344.585  18.355  18.329  18.306   6366.38     3631.0   r-P48 
 60344.585  18.385  18.361  18.338   6629.82     3631.0  orange 
 60344.585  18.478  18.449  18.421   7645.77     3631.0       i 
 60344.585  18.678  18.641  18.609  10023.96     3631.0       z 
 60345.067   18.26  18.223   18.19   4735.89     3631.0       g 
 60345.067  18.268  18.238  18.209   5182.42     3631.0    cyan 
 60345.067   18.27  18.235  18.201   4746.48     3631.0   g-P48 
 60345.067  18.318  18.293  18.272   6198.96     3631.0       r 
 60345.067  18.331  18.305  18.283   6366.38     3631.0   r-P48 
 60345.067  18.361  18.338  18.316   6629.82     3631.0  orange 
 60345.067  18.454  18.425  18.398   7645.77     3631.0       i 
 60345.067  18.653  18.617  18.585  10023.96     3631.0       z 
 60347.305  18.161  18.126   18.09   4735.89     3631.0       g 
 60347.305  18.167  18.138  18.111   5182.42     3631.0    cyan 
 60347.305   18.17  18.138  18.104   4746.48     3631.0   g-P48 
 60347.305  18.214  18.191  18.171   6198.96     3631.0       r 
 60347.305  18.224  18.202  18.181   6366.38     3631.0   r-P48 
 60347.305  18.256  18.232  18.212   6629.82     3631.0  orange 
 60347.305  18.346  18.319  18.292   7645.77     3631.0       i 
 60347.305  18.545   18.51  18.476  10023.96     3631.0       z 
 60348.618  18.107  18.072  18.035   4735.89     3631.0       g 
 60348.618  18.111  18.082  18.056   5182.42     3631.0    cyan 
 60348.618  18.115  18.082  18.049   4746.48     3631.0   g-P48 
 60348.618  18.156  18.133  18.114   6198.96     3631.0       r 
 60348.618  18.166  18.144  18.124   6366.38     3631.0   r-P48 
 60348.618  18.198  18.174  18.154   6629.82     3631.0  orange 
 60348.618  18.286  18.259  18.234   7645.77     3631.0       i 
 60348.618  18.486  18.449  18.418  10023.96     3631.0       z 
 60349.109  18.087  18.053  18.015   4735.89     3631.0       g 
 60349.109   18.09  18.062  18.036   5182.42     3631.0    cyan 
 60349.109  18.096  18.062  18.028   4746.48     3631.0   g-P48 
 60349.109  18.135  18.112  18.094   6198.96     3631.0       r 
 60349.109  18.144  18.123  18.104   6366.38     3631.0   r-P48 
 60349.109  18.176  18.153  18.133   6629.82     3631.0  orange 
 60349.109  18.265  18.237  18.213   7645.77     3631.0       i 
 60349.109  18.464  18.427  18.397  10023.96     3631.0       z 
 60349.544  18.069  18.036  17.998   4735.89     3631.0       g 
 60349.544  18.073  18.044  18.018   5182.42     3631.0    cyan 
 60349.544  18.078  18.045   18.01   4746.48     3631.0   g-P48 
 60349.544  18.116  18.093  18.076   6198.96     3631.0       r 
 60349.544  18.126  18.104  18.086   6366.38     3631.0   r-P48 
 60349.544  18.158  18.134  18.115   6629.82     3631.0  orange 
 60349.544  18.246  18.218  18.194   7645.77     3631.0       i 
 60349.544  18.445  18.408  18.378  10023.96     3631.0       z 
  60350.59  18.029  17.996  17.959   4735.89     3631.0       g 
  60350.59  18.031  18.003  17.977   5182.42     3631.0    cyan 
  60350.59  18.037  18.005   17.97   4746.48     3631.0   g-P48 
  60350.59  18.073  18.051  18.033   6198.96     3631.0       r 
  60350.59  18.083   18.06  18.043   6366.38     3631.0   r-P48 
  60350.59  18.114  18.091  18.072   6629.82     3631.0  orange 
  60350.59  18.202  18.173  18.149   7645.77     3631.0       i 
  60350.59  18.399  18.362  18.332  10023.96     3631.0       z 
 60351.303  18.002  17.975  17.949   5182.42     3631.0    cyan 
 60351.303  18.003  17.969  17.934   4735.89     3631.0       g 
 60351.303  18.011  17.978  17.944   4746.48     3631.0   g-P48 
 60351.303  18.044  18.022  18.004   6198.96     3631.0       r 
 60351.303  18.054  18.031  18.014   6366.38     3631.0   r-P48 
 60351.303  18.084  18.062  18.043   6629.82     3631.0  orange 
 60351.303  18.174  18.143   18.12   7645.77     3631.0       i 
 60351.303  18.369  18.331  18.302  10023.96     3631.0       z 
 60351.401  17.998  17.971  17.945   5182.42     3631.0    cyan 
 60351.401  17.999  17.965   17.93   4735.89     3631.0       g 
 60351.401  18.007  17.975  17.941   4746.48     3631.0   g-P48 
 60351.401   18.04  18.018    18.0   6198.96     3631.0       r 
 60351.401   18.05  18.027   18.01   6366.38     3631.0   r-P48 
 60351.401  18.081  18.058  18.039   6629.82     3631.0  orange 
 60351.401   18.17  18.139  18.116   7645.77     3631.0       i 
 60351.401  18.365  18.327  18.297  10023.96     3631.0       z 
 60351.782  17.983  17.957  17.931   5182.42     3631.0    cyan 
 60351.782  17.985  17.951  17.917   4735.89     3631.0       g 
 60351.782  17.993   17.96  17.927   4746.48     3631.0   g-P48 
 60351.782  18.024  18.003  17.985   6198.96     3631.0       r 
 60351.782  18.035  18.012  17.995   6366.38     3631.0   r-P48 
 60351.782  18.066  18.043  18.024   6629.82     3631.0  orange 
 60351.782  18.154  18.123  18.101   7645.77     3631.0       i 
 60351.782  18.349  18.311  18.282  10023.96     3631.0       z 
 60352.592  17.953  17.927  17.901   5182.42     3631.0    cyan 
 60352.592  17.954  17.921  17.888   4735.89     3631.0       g 
 60352.592  17.963  17.931  17.898   4746.48     3631.0   g-P48 
 60352.592  17.993  17.972  17.954   6198.96     3631.0       r 
 60352.592  18.004  17.982  17.964   6366.38     3631.0   r-P48 
 60352.592  18.034  18.011  17.992   6629.82     3631.0  orange 
 60352.592  18.122  18.091  18.069   7645.77     3631.0       i 
 60352.592  18.316  18.279  18.248  10023.96     3631.0       z 
 60353.071  17.936   17.91  17.883   5182.42     3631.0    cyan 
 60353.071  17.937  17.905  17.871   4735.89     3631.0       g 
 60353.071  17.945  17.914  17.881   4746.48     3631.0   g-P48 
 60353.071  17.976  17.955  17.936   6198.96     3631.0       r 
 60353.071  17.986  17.963  17.946   6366.38     3631.0   r-P48 
 60353.071  18.016  17.992  17.974   6629.82     3631.0  orange 
 60353.071  18.103  18.072   18.05   7645.77     3631.0       i 
 60353.071  18.298   18.26  18.228  10023.96     3631.0       z 
 60353.469  17.921  17.896  17.869   5182.42     3631.0    cyan 
 60353.469  17.923  17.891  17.857   4735.89     3631.0       g 
 60353.469  17.931  17.901  17.867   4746.48     3631.0   g-P48 
 60353.469  17.961   17.94  17.922   6198.96     3631.0       r 
 60353.469  17.972  17.949  17.931   6366.38     3631.0   r-P48 
 60353.469  18.001  17.977  17.958   6629.82     3631.0  orange 
 60353.469  18.088  18.057  18.034   7645.77     3631.0       i 
 60353.469  18.282  18.245  18.212  10023.96     3631.0       z 
 60353.502   17.92  17.895  17.868   5182.42     3631.0    cyan 
 60353.502  17.922   17.89  17.856   4735.89     3631.0       g 
 60353.502   17.93    17.9  17.865   4746.48     3631.0   g-P48 
 60353.502   17.96  17.938   17.92   6198.96     3631.0       r 
 60353.502   17.97  17.947   17.93   6366.38     3631.0   r-P48 
 60353.502    18.0  17.976  17.957   6629.82     3631.0  orange 
 60353.502  18.087  18.056  18.033   7645.77     3631.0       i 
 60353.502  18.281  18.243  18.211  10023.96     3631.0       z 
  60354.02  17.901  17.876   17.85   5182.42     3631.0    cyan 
  60354.02  17.903  17.872  17.838   4735.89     3631.0       g 
  60354.02  17.912  17.882  17.847   4746.48     3631.0   g-P48 
  60354.02  17.942   17.92  17.901   6198.96     3631.0       r 
  60354.02  17.952  17.929  17.911   6366.38     3631.0   r-P48 
  60354.02  17.981  17.956  17.937   6629.82     3631.0  orange 
  60354.02  18.067  18.036  18.013   7645.77     3631.0       i 
  60354.02  18.261  18.223  18.191  10023.96     3631.0       z 
 60355.317  17.856  17.831  17.806   5182.42     3631.0    cyan 
 60355.317   17.86  17.829  17.794   4735.89     3631.0       g 
 60355.317  17.868  17.838  17.804   4746.48     3631.0   g-P48 
 60355.317  17.895  17.873  17.854   6198.96     3631.0       r 
 60355.317  17.905  17.881  17.863   6366.38     3631.0   r-P48 
 60355.317  17.934  17.909   17.89   6629.82     3631.0  orange 
 60355.317  18.019  17.988  17.965   7645.77     3631.0       i 
 60355.317  18.212  18.174  18.141  10023.96     3631.0       z 
 60355.479   17.85  17.826  17.801   5182.42     3631.0    cyan 
 60355.479  17.854  17.824  17.788   4735.89     3631.0       g 
 60355.479  17.862  17.833  17.798   4746.48     3631.0   g-P48 
 60355.479  17.889  17.867  17.849   6198.96     3631.0       r 
 60355.479    17.9  17.875  17.857   6366.38     3631.0   r-P48 
 60355.479  17.928  17.904  17.884   6629.82     3631.0  orange 
 60355.479  18.013  17.982  17.959   7645.77     3631.0       i 
 60355.479  18.206  18.168  18.135  10023.96     3631.0       z 
 60355.521  17.849  17.825    17.8   5182.42     3631.0    cyan 
 60355.521  17.853  17.823  17.787   4735.89     3631.0       g 
 60355.521  17.861  17.832  17.797   4746.48     3631.0   g-P48 
 60355.521  17.888  17.866  17.847   6198.96     3631.0       r 
 60355.521  17.898  17.874  17.856   6366.38     3631.0   r-P48 
 60355.521  17.927  17.902  17.882   6629.82     3631.0  orange 
 60355.521  18.012  17.981  17.958   7645.77     3631.0       i 
 60355.521  18.204  18.166  18.133  10023.96     3631.0       z 
 60356.259  17.824    17.8  17.775   5182.42     3631.0    cyan 
 60356.259   17.83  17.799  17.764   4735.89     3631.0       g 
 60356.259  17.837  17.808  17.774   4746.48     3631.0   g-P48 
 60356.259  17.862   17.84  17.821   6198.96     3631.0       r 
 60356.259  17.872  17.848   17.83   6366.38     3631.0   r-P48 
 60356.259  17.901  17.876  17.856   6629.82     3631.0  orange 
 60356.259  17.985  17.954  17.932   7645.77     3631.0       i 
 60356.259  18.177  18.139  18.106  10023.96     3631.0       z 
 60357.067  17.797  17.773  17.749   5182.42     3631.0    cyan 
 60357.067  17.805  17.774  17.738   4735.89     3631.0       g 
 60357.067  17.813  17.782  17.749   4746.48     3631.0   g-P48 
 60357.067  17.835  17.813  17.794   6198.96     3631.0       r 
 60357.067  17.844   17.82  17.801   6366.38     3631.0   r-P48 
 60357.067  17.874  17.848  17.828   6629.82     3631.0  orange 
 60357.067  17.957  17.926  17.903   7645.77     3631.0       i 
 60357.067  18.148   18.11  18.077  10023.96     3631.0       z 
 60358.497  17.752  17.729  17.705   5182.42     3631.0    cyan 
 60358.497  17.762   17.73  17.696   4735.89     3631.0       g 
 60358.497  17.768  17.738  17.706   4746.48     3631.0   g-P48 
 60358.497  17.787  17.765  17.746   6198.96     3631.0       r 
 60358.497  17.797  17.772  17.753   6366.38     3631.0   r-P48 
 60358.497  17.826  17.799   17.78   6629.82     3631.0  orange 
 60358.497  17.909  17.877  17.853   7645.77     3631.0       i 
 60358.497  18.098  18.061  18.028  10023.96     3631.0       z 
 60360.571   17.69  17.667  17.643   5182.42     3631.0    cyan 
 60360.571  17.701  17.668  17.635   4735.89     3631.0       g 
 60360.571  17.708  17.677  17.644   4746.48     3631.0   g-P48 
 60360.571  17.724    17.7  17.681   6198.96     3631.0       r 
 60360.571  17.731  17.706  17.688   6366.38     3631.0   r-P48 
 60360.571   17.76  17.733  17.713   6629.82     3631.0  orange 
 60360.571  17.841  17.809  17.785   7645.77     3631.0       i 
 60360.571  18.029  17.992  17.957  10023.96     3631.0       z 
 60360.735  17.686  17.662  17.638   5182.42     3631.0    cyan 
 60360.735  17.696  17.664   17.63   4735.89     3631.0       g 
 60360.735  17.703  17.672   17.64   4746.48     3631.0   g-P48 
 60360.735  17.719  17.695  17.675   6198.96     3631.0       r 
 60360.735  17.726  17.701  17.683   6366.38     3631.0   r-P48 
 60360.735  17.755  17.728  17.708   6629.82     3631.0  orange 
 60360.735  17.836  17.804   17.78   7645.77     3631.0       i 
 60360.735  18.024  17.987  17.952  10023.96     3631.0       z 
 60361.054  17.677  17.653  17.629   5182.42     3631.0    cyan 
 60361.054  17.687  17.655  17.621   4735.89     3631.0       g 
 60361.054  17.694  17.663  17.631   4746.48     3631.0   g-P48 
 60361.054  17.709  17.685  17.665   6198.96     3631.0       r 
 60361.054  17.716  17.691  17.673   6366.38     3631.0   r-P48 
 60361.054  17.745  17.718  17.698   6629.82     3631.0  orange 
 60361.054  17.826  17.794  17.769   7645.77     3631.0       i 
 60361.054  18.013  17.976  17.941  10023.96     3631.0       z 
 60362.316  17.642  17.617  17.594   5182.42     3631.0    cyan 
 60362.316  17.651  17.621  17.586   4735.89     3631.0       g 
 60362.316  17.659  17.629  17.596   4746.48     3631.0   g-P48 
 60362.316  17.671  17.648  17.627   6198.96     3631.0       r 
 60362.316  17.679  17.654  17.634   6366.38     3631.0   r-P48 
 60362.316  17.707  17.681  17.659   6629.82     3631.0  orange 
 60362.316  17.787  17.755  17.729   7645.77     3631.0       i 
 60362.316  17.974  17.936  17.901  10023.96     3631.0       z 
 60362.974  17.624  17.599  17.576   5182.42     3631.0    cyan 
 60362.974  17.634  17.604  17.569   4735.89     3631.0       g 
 60362.974   17.64  17.612  17.579   4746.48     3631.0   g-P48 
 60362.974  17.651  17.629  17.608   6198.96     3631.0       r 
 60362.974   17.66  17.634  17.614   6366.38     3631.0   r-P48 
 60362.974  17.687  17.662   17.64   6629.82     3631.0  orange 
 60362.974  17.767  17.735  17.708   7645.77     3631.0       i 
 60362.974  17.953  17.916   17.88  10023.96     3631.0       z 
 60363.401  17.613  17.588  17.564   5182.42     3631.0    cyan 
 60363.401  17.622  17.592  17.558   4735.89     3631.0       g 
 60363.401  17.629    17.6  17.569   4746.48     3631.0   g-P48 
 60363.401  17.639  17.617  17.596   6198.96     3631.0       r 
 60363.401  17.648  17.622  17.602   6366.38     3631.0   r-P48 
 60363.401  17.675  17.649  17.627   6629.82     3631.0  orange 
 60363.401  17.754  17.722  17.695   7645.77     3631.0       i 
 60363.401   17.94  17.903  17.867  10023.96     3631.0       z 
 60364.477  17.583  17.559  17.536   5182.42     3631.0    cyan 
 60364.477  17.595  17.565  17.531   4735.89     3631.0       g 
 60364.477  17.601  17.573  17.541   4746.48     3631.0   g-P48 
 60364.477  17.609  17.586  17.565   6198.96     3631.0       r 
 60364.477  17.618  17.592  17.571   6366.38     3631.0   r-P48 
 60364.477  17.645  17.619  17.596   6629.82     3631.0  orange 
 60364.477  17.723   17.69  17.662   7645.77     3631.0       i 
 60364.477  17.908   17.87  17.834  10023.96     3631.0       z 
 60365.212  17.564   17.54  17.517   5182.42     3631.0    cyan 
 60365.212  17.576  17.546  17.513   4735.89     3631.0       g 
 60365.212  17.582  17.555  17.523   4746.48     3631.0   g-P48 
 60365.212  17.589  17.566  17.545   6198.96     3631.0       r 
 60365.212  17.598  17.571  17.551   6366.38     3631.0   r-P48 
 60365.212  17.625  17.599  17.575   6629.82     3631.0  orange 
 60365.212  17.702  17.669  17.641   7645.77     3631.0       i 
 60365.212  17.887  17.848  17.813  10023.96     3631.0       z 
 60366.283  17.537  17.514  17.489   5182.42     3631.0    cyan 
 60366.283   17.55  17.521  17.489   4735.89     3631.0       g 
 60366.283  17.556  17.529  17.498   4746.48     3631.0   g-P48 
 60366.283  17.562  17.538  17.516   6198.96     3631.0       r 
 60366.283  17.569  17.543  17.522   6366.38     3631.0   r-P48 
 60366.283  17.596   17.57  17.546   6629.82     3631.0  orange 
 60366.283  17.672  17.639   17.61   7645.77     3631.0       i 
 60366.283  17.856  17.817  17.782  10023.96     3631.0       z 
  60367.45  17.508  17.485  17.461   5182.42     3631.0    cyan 
  60367.45  17.522  17.495  17.462   4735.89     3631.0       g 
  60367.45  17.528  17.502   17.47   4746.48     3631.0   g-P48 
  60367.45  17.533  17.507  17.486   6198.96     3631.0       r 
  60367.45  17.539  17.513  17.491   6366.38     3631.0   r-P48 
  60367.45  17.565  17.539  17.514   6629.82     3631.0  orange 
  60367.45  17.641  17.608  17.579   7645.77     3631.0       i 
  60367.45  17.824  17.784  17.749  10023.96     3631.0       z 
 60369.689  17.454  17.433  17.411   5182.42     3631.0    cyan 
 60369.689  17.472  17.446  17.412   4735.89     3631.0       g 
 60369.689  17.477  17.453   17.43   6198.96     3631.0       r 
 60369.689  17.478  17.453   17.42   4746.48     3631.0   g-P48 
 60369.689  17.483  17.459  17.435   6366.38     3631.0   r-P48 
 60369.689  17.508  17.483  17.457   6629.82     3631.0  orange 
 60369.689  17.582  17.549   17.52   7645.77     3631.0       i 
 60369.689  17.764  17.723  17.686  10023.96     3631.0       z 
 60371.927  17.405  17.385  17.363   5182.42     3631.0    cyan 
 60371.927  17.425    17.4  17.365   4735.89     3631.0       g 
 60371.927  17.425  17.402  17.378   6198.96     3631.0       r 
 60371.927   17.43  17.407  17.373   4746.48     3631.0   g-P48 
 60371.927   17.43  17.407  17.382   6366.38     3631.0   r-P48 
 60371.927  17.455   17.43  17.403   6629.82     3631.0  orange 
 60371.927  17.527  17.494  17.464   7645.77     3631.0       i 
 60371.927  17.706  17.666  17.627  10023.96     3631.0       z 
  60372.55  17.391  17.373   17.35   5182.42     3631.0    cyan 
  60372.55  17.411  17.388  17.364   6198.96     3631.0       r 
  60372.55  17.413  17.388  17.353   4735.89     3631.0       g 
  60372.55  17.416  17.393  17.368   6366.38     3631.0   r-P48 
  60372.55  17.418  17.394  17.361   4746.48     3631.0   g-P48 
  60372.55  17.441  17.416  17.389   6629.82     3631.0  orange 
  60372.55  17.513  17.479  17.449   7645.77     3631.0       i 
  60372.55   17.69   17.65  17.611  10023.96     3631.0       z 
 60373.097   17.38  17.362  17.338   5182.42     3631.0    cyan 
 60373.097  17.399  17.376  17.352   6198.96     3631.0       r 
 60373.097  17.403  17.378  17.343   4735.89     3631.0       g 
 60373.097  17.403  17.381  17.356   6366.38     3631.0   r-P48 
 60373.097  17.407  17.384  17.351   4746.48     3631.0   g-P48 
 60373.097  17.428  17.404  17.377   6629.82     3631.0  orange 
 60373.097    17.5  17.467  17.436   7645.77     3631.0       i 
 60373.097  17.677  17.637  17.597  10023.96     3631.0       z 
 60374.166  17.358  17.341  17.317   5182.42     3631.0    cyan 
 60374.166  17.376  17.353  17.329   6198.96     3631.0       r 
 60374.166   17.38  17.358  17.333   6366.38     3631.0   r-P48 
 60374.166  17.383  17.358  17.323   4735.89     3631.0       g 
 60374.166  17.387  17.364  17.331   4746.48     3631.0   g-P48 
 60374.166  17.405   17.38  17.353   6629.82     3631.0  orange 
 60374.166  17.475  17.442  17.411   7645.77     3631.0       i 
 60374.166  17.652  17.611  17.572  10023.96     3631.0       z 
 60374.457  17.353  17.335  17.312   5182.42     3631.0    cyan 
 60374.457  17.369  17.347  17.322   6198.96     3631.0       r 
 60374.457  17.374  17.351  17.327   6366.38     3631.0   r-P48 
 60374.457  17.378  17.352  17.318   4735.89     3631.0       g 
 60374.457  17.382  17.358  17.325   4746.48     3631.0   g-P48 
 60374.457  17.398  17.374  17.347   6629.82     3631.0  orange 
 60374.457  17.469  17.435  17.404   7645.77     3631.0       i 
 60374.457  17.645  17.604  17.565  10023.96     3631.0       z 
 60376.404  17.315  17.298  17.275   5182.42     3631.0    cyan 
 60376.404  17.328  17.309  17.283   6198.96     3631.0       r 
 60376.404  17.333  17.312  17.286   6366.38     3631.0   r-P48 
 60376.404  17.344  17.318  17.284   4735.89     3631.0       g 
 60376.404  17.348  17.324  17.291   4746.48     3631.0   g-P48 
 60376.404  17.358  17.332  17.304   6629.82     3631.0  orange 
 60376.404  17.426  17.393  17.361   7645.77     3631.0       i 
 60376.404    17.6  17.559   17.52  10023.96     3631.0       z 
 60377.113  17.303  17.286  17.262   5182.42     3631.0    cyan 
 60377.113  17.314  17.295  17.269   6198.96     3631.0       r 
 60377.113  17.319  17.298  17.272   6366.38     3631.0   r-P48 
 60377.113  17.333  17.306  17.272   4735.89     3631.0       g 
 60377.113  17.336  17.312   17.28   4746.48     3631.0   g-P48 
 60377.113  17.343  17.318   17.29   6629.82     3631.0  orange 
 60377.113  17.412  17.378  17.345   7645.77     3631.0       i 
 60377.113  17.584  17.543  17.504  10023.96     3631.0       z 
 60377.283    17.3  17.283  17.259   5182.42     3631.0    cyan 
 60377.283  17.311  17.292  17.265   6198.96     3631.0       r 
 60377.283  17.316  17.295  17.268   6366.38     3631.0   r-P48 
 60377.283   17.33  17.303  17.269   4735.89     3631.0       g 
 60377.283  17.333  17.309  17.277   4746.48     3631.0   g-P48 
 60377.283   17.34  17.315  17.286   6629.82     3631.0  orange 
 60377.283  17.408  17.374  17.342   7645.77     3631.0       i 
 60377.283  17.581  17.539    17.5  10023.96     3631.0       z 
 60378.642  17.277  17.259  17.236   5182.42     3631.0    cyan 
 60378.642  17.285  17.266   17.24   6198.96     3631.0       r 
 60378.642   17.29  17.269  17.242   6366.38     3631.0   r-P48 
 60378.642  17.309  17.282  17.248   4735.89     3631.0       g 
 60378.642  17.311  17.288  17.256   4746.48     3631.0   g-P48 
 60378.642  17.314  17.288  17.259   6629.82     3631.0  orange 
 60378.642  17.381  17.347  17.314   7645.77     3631.0       i 
 60378.642  17.551   17.51   17.47  10023.96     3631.0       z 
 60380.881   17.24  17.223    17.2   5182.42     3631.0    cyan 
 60380.881  17.246  17.226    17.2   6198.96     3631.0       r 
 60380.881   17.25  17.228  17.201   6366.38     3631.0   r-P48 
 60380.881  17.274  17.247  17.217   6629.82     3631.0  orange 
 60380.881  17.277  17.249  17.216   4735.89     3631.0       g 
 60380.881  17.278  17.254  17.223   4746.48     3631.0   g-P48 
 60380.881  17.338  17.304   17.27   7645.77     3631.0       i 
 60380.881  17.506  17.464  17.424  10023.96     3631.0       z 
 60380.967  17.239  17.222  17.199   5182.42     3631.0    cyan 
 60380.967  17.244  17.224  17.198   6198.96     3631.0       r 
 60380.967  17.248  17.226    17.2   6366.38     3631.0   r-P48 
 60380.967  17.272  17.245  17.215   6629.82     3631.0  orange 
 60380.967  17.275  17.248  17.215   4735.89     3631.0       g 
 60380.967  17.277  17.252  17.222   4746.48     3631.0   g-P48 
 60380.967  17.336  17.303  17.268   7645.77     3631.0       i 
 60380.967  17.504  17.462  17.422  10023.96     3631.0       z 
 60382.268   17.22  17.202  17.179   5182.42     3631.0    cyan 
 60382.268  17.223  17.203  17.176   6198.96     3631.0       r 
 60382.268  17.226  17.204  17.177   6366.38     3631.0   r-P48 
 60382.268  17.249  17.222  17.192   6629.82     3631.0  orange 
 60382.268  17.258   17.23  17.198   4735.89     3631.0       g 
 60382.268  17.259  17.234  17.204   4746.48     3631.0   g-P48 
 60382.268  17.312  17.279  17.244   7645.77     3631.0       i 
 60382.268  17.479  17.437  17.396  10023.96     3631.0       z 
 60383.119  17.207   17.19  17.167   5182.42     3631.0    cyan 
 60383.119  17.209  17.189  17.162   6198.96     3631.0       r 
 60383.119  17.213   17.19  17.162   6366.38     3631.0   r-P48 
 60383.119  17.235  17.208  17.178   6629.82     3631.0  orange 
 60383.119  17.247  17.219  17.187   4735.89     3631.0       g 
 60383.119  17.248  17.223  17.193   4746.48     3631.0   g-P48 
 60383.119  17.297  17.264  17.228   7645.77     3631.0       i 
 60383.119  17.464  17.421  17.379  10023.96     3631.0       z 
 60383.395  17.203  17.186  17.163   5182.42     3631.0    cyan 
 60383.395  17.204  17.185  17.157   6198.96     3631.0       r 
 60383.395  17.208  17.186  17.157   6366.38     3631.0   r-P48 
 60383.395  17.231  17.203  17.173   6629.82     3631.0  orange 
 60383.395  17.244  17.216  17.184   4735.89     3631.0       g 
 60383.395  17.245   17.22   17.19   4746.48     3631.0   g-P48 
 60383.395  17.292  17.259  17.223   7645.77     3631.0       i 
 60383.395  17.459  17.415  17.374  10023.96     3631.0       z 
 60384.021  17.195  17.175  17.147   6198.96     3631.0       r 
 60384.021  17.195  17.177  17.154   5182.42     3631.0    cyan 
 60384.021  17.199  17.176  17.147   6366.38     3631.0   r-P48 
 60384.021   17.22  17.193  17.163   6629.82     3631.0  orange 
 60384.021  17.236  17.208  17.176   4735.89     3631.0       g 
 60384.021  17.237  17.212  17.182   4746.48     3631.0   g-P48 
 60384.021  17.281  17.249  17.212   7645.77     3631.0       i 
 60384.021  17.447  17.404  17.362  10023.96     3631.0       z 
 60385.089  17.178  17.159  17.131   6198.96     3631.0       r 
 60385.089  17.181  17.163  17.139   5182.42     3631.0    cyan 
 60385.089  17.182  17.159   17.13   6366.38     3631.0   r-P48 
 60385.089  17.204  17.177  17.146   6629.82     3631.0  orange 
 60385.089  17.224  17.196  17.163   4735.89     3631.0       g 
 60385.089  17.224  17.199  17.169   4746.48     3631.0   g-P48 
 60385.089  17.264   17.23  17.194   7645.77     3631.0       i 
 60385.089  17.428  17.385  17.343  10023.96     3631.0       z 
 60385.357  17.174  17.155  17.127   6198.96     3631.0       r 
 60385.357  17.178  17.155  17.126   6366.38     3631.0   r-P48 
 60385.357  17.178   17.16  17.136   5182.42     3631.0    cyan 
 60385.357  17.199  17.172  17.141   6629.82     3631.0  orange 
 60385.357  17.221  17.193   17.16   4735.89     3631.0       g 
 60385.357  17.221  17.196  17.166   4746.48     3631.0   g-P48 
 60385.357  17.259  17.226  17.189   7645.77     3631.0       i 
 60385.357  17.424   17.38  17.338  10023.96     3631.0       z 
 60386.257  17.161  17.142  17.114   6198.96     3631.0       r 
 60386.257  17.165  17.142  17.112   6366.38     3631.0   r-P48 
 60386.257  17.167  17.148  17.124   5182.42     3631.0    cyan 
 60386.257  17.186  17.159  17.128   6629.82     3631.0  orange 
 60386.257  17.211  17.182   17.15   4735.89     3631.0       g 
 60386.257  17.211  17.186  17.156   4746.48     3631.0   g-P48 
 60386.257  17.245  17.211  17.175   7645.77     3631.0       i 
 60386.257  17.408  17.364  17.322  10023.96     3631.0       z 
 60387.241  17.147  17.129    17.1   6198.96     3631.0       r 
 60387.241  17.151  17.128  17.098   6366.38     3631.0   r-P48 
 60387.241  17.156  17.136  17.112   5182.42     3631.0    cyan 
 60387.241  17.172  17.144  17.113   6629.82     3631.0  orange 
 60387.241    17.2  17.172   17.14   4735.89     3631.0       g 
 60387.241  17.201  17.175  17.146   4746.48     3631.0   g-P48 
 60387.241   17.23  17.196  17.159   7645.77     3631.0       i 
 60387.241  17.391  17.347  17.305  10023.96     3631.0       z 
 60387.596  17.142  17.124  17.095   6198.96     3631.0       r 
 60387.596  17.146  17.123  17.094   6366.38     3631.0   r-P48 
 60387.596  17.152  17.132  17.107   5182.42     3631.0    cyan 
 60387.596  17.167  17.139  17.108   6629.82     3631.0  orange 
 60387.596  17.196  17.168  17.136   4735.89     3631.0       g 
 60387.596  17.197  17.172  17.142   4746.48     3631.0   g-P48 
 60387.596  17.224   17.19  17.153   7645.77     3631.0       i 
 60387.596  17.385  17.341  17.299  10023.96     3631.0       z 
 60387.999  17.137  17.118  17.089   6198.96     3631.0       r 
 60387.999  17.141  17.118  17.088   6366.38     3631.0   r-P48 
 60387.999  17.147  17.128  17.102   5182.42     3631.0    cyan 
 60387.999  17.161  17.134  17.102   6629.82     3631.0  orange 
 60387.999  17.192  17.164  17.133   4735.89     3631.0       g 
 60387.999  17.193  17.167  17.138   4746.48     3631.0   g-P48 
 60387.999  17.218  17.184  17.147   7645.77     3631.0       i 
 60387.999  17.378  17.334  17.292  10023.96     3631.0       z 
 60388.014  17.137  17.118  17.089   6198.96     3631.0       r 
 60388.014  17.141  17.118  17.088   6366.38     3631.0   r-P48 
 60388.014  17.147  17.128  17.102   5182.42     3631.0    cyan 
 60388.014  17.161  17.133  17.102   6629.82     3631.0  orange 
 60388.014  17.192  17.164  17.132   4735.89     3631.0       g 
 60388.014  17.193  17.167  17.138   4746.48     3631.0   g-P48 
 60388.014  17.218  17.184  17.147   7645.77     3631.0       i 
 60388.014  17.378  17.334  17.292  10023.96     3631.0       z 
 60389.013  17.124  17.104  17.075   6198.96     3631.0       r 
 60389.013  17.127  17.104  17.074   6366.38     3631.0   r-P48 
 60389.013  17.136  17.116  17.091   5182.42     3631.0    cyan 
 60389.013  17.147   17.12  17.088   6629.82     3631.0  orange 
 60389.013  17.182  17.155  17.123   4735.89     3631.0       g 
 60389.013  17.183  17.157  17.128   4746.48     3631.0   g-P48 
 60389.013  17.203  17.169  17.132   7645.77     3631.0       i 
 60389.013  17.361  17.318  17.275  10023.96     3631.0       z 
 60389.834  17.113  17.094  17.065   6198.96     3631.0       r 
 60389.834  17.117  17.094  17.063   6366.38     3631.0   r-P48 
 60389.834  17.127  17.108  17.083   5182.42     3631.0    cyan 
 60389.834  17.136  17.109  17.077   6629.82     3631.0  orange 
 60389.834  17.175  17.147  17.116   4735.89     3631.0       g 
 60389.834  17.175  17.149   17.12   4746.48     3631.0   g-P48 
 60389.834  17.191  17.157   17.12   7645.77     3631.0       i 
 60389.834  17.348  17.305  17.262  10023.96     3631.0       z 
 60390.396  17.107  17.087  17.058   6198.96     3631.0       r 
 60390.396  17.109  17.087  17.056   6366.38     3631.0   r-P48 
 60390.396  17.122  17.102  17.077   5182.42     3631.0    cyan 
 60390.396  17.129  17.101  17.069   6629.82     3631.0  orange 
 60390.396   17.17  17.142  17.111   4735.89     3631.0       g 
 60390.396   17.17  17.144  17.115   4746.48     3631.0   g-P48 
 60390.396  17.183  17.149  17.112   7645.77     3631.0       i 
 60390.396  17.339  17.296  17.253  10023.96     3631.0       z 
 60390.462  17.106  17.086  17.057   6198.96     3631.0       r 
 60390.462  17.109  17.086  17.055   6366.38     3631.0   r-P48 
 60390.462  17.121  17.102  17.076   5182.42     3631.0    cyan 
 60390.462  17.128    17.1  17.068   6629.82     3631.0  orange 
 60390.462  17.169  17.141   17.11   4735.89     3631.0       g 
 60390.462   17.17  17.144  17.114   4746.48     3631.0   g-P48 
 60390.462  17.183  17.148  17.111   7645.77     3631.0       i 
 60390.462  17.338  17.295  17.252  10023.96     3631.0       z 
 60390.997    17.1  17.079  17.051   6198.96     3631.0       r 
 60390.997  17.102  17.079  17.049   6366.38     3631.0   r-P48 
 60390.997  17.116  17.096  17.071   5182.42     3631.0    cyan 
 60390.997  17.121  17.093  17.061   6629.82     3631.0  orange 
 60390.997  17.165  17.137  17.106   4735.89     3631.0       g 
 60390.997  17.165  17.139   17.11   4746.48     3631.0   g-P48 
 60390.997  17.175  17.141  17.103   7645.77     3631.0       i 
 60390.997   17.33  17.287  17.244  10023.96     3631.0       z 
 60391.144  17.098  17.077  17.049   6198.96     3631.0       r 
 60391.144    17.1  17.077  17.047   6366.38     3631.0   r-P48 
 60391.144  17.115  17.095  17.069   5182.42     3631.0    cyan 
 60391.144  17.119  17.091  17.059   6629.82     3631.0  orange 
 60391.144  17.163  17.135  17.105   4735.89     3631.0       g 
 60391.144  17.163  17.138  17.108   4746.48     3631.0   g-P48 
 60391.144  17.173  17.139  17.101   7645.77     3631.0       i 
 60391.144  17.328  17.285  17.241  10023.96     3631.0       z 
 60392.072  17.088  17.066  17.039   6198.96     3631.0       r 
 60392.072  17.089  17.065  17.036   6366.38     3631.0   r-P48 
 60392.072  17.106  17.086   17.06   5182.42     3631.0    cyan 
 60392.072  17.108   17.08  17.048   6629.82     3631.0  orange 
 60392.072  17.155   17.13    17.1   4746.48     3631.0   g-P48 
 60392.072  17.156  17.128  17.098   4735.89     3631.0       g 
 60392.072  17.161  17.126  17.089   7645.77     3631.0       i 
 60392.072  17.314  17.271  17.227  10023.96     3631.0       z 
 60392.365  17.085  17.062  17.035   6198.96     3631.0       r 
 60392.365  17.086  17.062  17.032   6366.38     3631.0   r-P48 
 60392.365  17.103  17.083  17.058   5182.42     3631.0    cyan 
 60392.365  17.105  17.077  17.044   6629.82     3631.0  orange 
 60392.365  17.153  17.128  17.098   4746.48     3631.0   g-P48 
 60392.365  17.154  17.126  17.096   4735.89     3631.0       g 
 60392.365  17.157  17.123  17.085   7645.77     3631.0       i 
 60392.365   17.31  17.267  17.223  10023.96     3631.0       z 
 60392.436  17.084  17.061  17.034   6198.96     3631.0       r 
 60392.436  17.085  17.061  17.031   6366.38     3631.0   r-P48 
 60392.436  17.103  17.082  17.057   5182.42     3631.0    cyan 
 60392.436  17.104  17.076  17.043   6629.82     3631.0  orange 
 60392.436  17.153  17.125  17.095   4735.89     3631.0       g 
 60392.436  17.153  17.127  17.098   4746.48     3631.0   g-P48 
 60392.436  17.156  17.122  17.084   7645.77     3631.0       i 
 60392.436  17.309  17.266  17.222  10023.96     3631.0       z 
 60394.311  17.064   17.04  17.014   6198.96     3631.0       r 
 60394.311  17.065  17.039   17.01   6366.38     3631.0   r-P48 
 60394.311  17.082  17.053  17.021   6629.82     3631.0  orange 
 60394.311  17.087  17.066   17.04   5182.42     3631.0    cyan 
 60394.311  17.132  17.098   17.06   7645.77     3631.0       i 
 60394.311  17.139  17.113  17.084   4746.48     3631.0   g-P48 
 60394.311  17.141  17.112  17.082   4735.89     3631.0       g 
 60394.311  17.284  17.239  17.195  10023.96     3631.0       z 
 60396.549  17.043  17.016  16.987   6366.38     3631.0   r-P48 
 60396.549  17.043  17.018  16.993   6198.96     3631.0       r 
 60396.549  17.059  17.028  16.997   6629.82     3631.0  orange 
 60396.549   17.07  17.048  17.024   5182.42     3631.0    cyan 
 60396.549  17.107  17.071  17.034   7645.77     3631.0       i 
 60396.549  17.126  17.099  17.072   4746.48     3631.0   g-P48 
 60396.549  17.129  17.098   17.07   4735.89     3631.0       g 
 60396.549  17.256   17.21  17.165  10023.96     3631.0       z 
 60398.787  17.023  16.994  16.968   6366.38     3631.0   r-P48 
 60398.787  17.023  16.999  16.974   6198.96     3631.0       r 
 60398.787  17.037  17.007  16.977   6629.82     3631.0  orange 
 60398.787  17.056  17.034   17.01   5182.42     3631.0    cyan 
 60398.787  17.083  17.046   17.01   7645.77     3631.0       i 
 60398.787  17.116  17.088  17.061   4746.48     3631.0   g-P48 
 60398.787  17.118  17.088   17.06   4735.89     3631.0       g 
 60398.787   17.23  17.182  17.137  10023.96     3631.0       z 
 60399.427  17.017  16.989  16.962   6366.38     3631.0   r-P48 
 60399.427  17.018  16.994  16.969   6198.96     3631.0       r 
 60399.427  17.032  17.002  16.971   6629.82     3631.0  orange 
 60399.427  17.052   17.03  17.007   5182.42     3631.0    cyan 
 60399.427  17.076  17.039  17.004   7645.77     3631.0       i 
 60399.427  17.113  17.085  17.059   4746.48     3631.0   g-P48 
 60399.427  17.115  17.086  17.058   4735.89     3631.0       g 
 60399.427  17.223  17.174   17.13  10023.96     3631.0       z 
 60400.387   17.01  16.982  16.955   6366.38     3631.0   r-P48 
 60400.387  17.011  16.987  16.962   6198.96     3631.0       r 
 60400.387  17.024  16.994  16.964   6629.82     3631.0  orange 
 60400.387  17.047  17.025  17.002   5182.42     3631.0    cyan 
 60400.387  17.067   17.03  16.995   7645.77     3631.0       i 
 60400.387   17.11  17.081  17.055   4746.48     3631.0   g-P48 
 60400.387  17.112  17.082  17.055   4735.89     3631.0       g 
 60400.387  17.212  17.163   17.12  10023.96     3631.0       z 
 60401.009  17.005  16.977  16.952   6366.38     3631.0   r-P48 
 60401.009  17.007  16.983  16.958   6198.96     3631.0       r 
 60401.009  17.018  16.989   16.96   6629.82     3631.0  orange 
 60401.009  17.044  17.022  16.998   5182.42     3631.0    cyan 
 60401.009  17.062  17.024  16.989   7645.77     3631.0       i 
 60401.009  17.108  17.079  17.054   4746.48     3631.0   g-P48 
 60401.009   17.11   17.08  17.054   4735.89     3631.0       g 
 60401.009  17.206  17.156  17.114  10023.96     3631.0       z 
 60401.026  17.005  16.976  16.951   6366.38     3631.0   r-P48 
 60401.026  17.007  16.982  16.957   6198.96     3631.0       r 
 60401.026  17.018  16.989   16.96   6629.82     3631.0  orange 
 60401.026  17.044  17.022  16.998   5182.42     3631.0    cyan 
 60401.026  17.062  17.024  16.989   7645.77     3631.0       i 
 60401.026  17.108  17.079  17.053   4746.48     3631.0   g-P48 
 60401.026   17.11   17.08  17.054   4735.89     3631.0       g 
 60401.026  17.206  17.156  17.114  10023.96     3631.0       z 
 60402.952  16.992  16.964  16.938   6366.38     3631.0   r-P48 
 60402.952  16.994   16.97  16.945   6198.96     3631.0       r 
 60402.952  17.004  16.975  16.945   6629.82     3631.0  orange 
 60402.952  17.035  17.013  16.991   5182.42     3631.0    cyan 
 60402.952  17.045  17.007  16.972   7645.77     3631.0       i 
 60402.952  17.103  17.074  17.049   4746.48     3631.0   g-P48 
 60402.952  17.106  17.076   17.05   4735.89     3631.0       g 
 60402.952  17.186  17.136  17.093  10023.96     3631.0       z 
 60403.264   16.99  16.962  16.936   6366.38     3631.0   r-P48 
 60403.264  16.992  16.969  16.943   6198.96     3631.0       r 
 60403.264  17.002  16.972  16.943   6629.82     3631.0  orange 
 60403.264  17.034  17.012   16.99   5182.42     3631.0    cyan 
 60403.264  17.042  17.005  16.969   7645.77     3631.0       i 
 60403.264  17.102  17.074  17.048   4746.48     3631.0   g-P48 
 60403.264  17.106  17.075   17.05   4735.89     3631.0       g 
 60403.264  17.182  17.133   17.09  10023.96     3631.0       z 
 60403.425  16.989  16.961  16.935   6366.38     3631.0   r-P48 
 60403.425  16.991  16.968  16.942   6198.96     3631.0       r 
 60403.425  17.001  16.972  16.941   6629.82     3631.0  orange 
 60403.425  17.033  17.011   16.99   5182.42     3631.0    cyan 
 60403.425  17.041  17.003  16.968   7645.77     3631.0       i 
 60403.425  17.101  17.073  17.048   4746.48     3631.0   g-P48 
 60403.425  17.106  17.075  17.049   4735.89     3631.0       g 
 60403.425  17.181  17.132  17.088  10023.96     3631.0       z 
 60405.502  16.976   16.95  16.925   6366.38     3631.0   r-P48 
 60405.502  16.981  16.958  16.932   6198.96     3631.0       r 
 60405.502  16.987   16.96  16.931   6629.82     3631.0  orange 
 60405.502  17.024  16.989  16.954   7645.77     3631.0       i 
 60405.502  17.027  17.005  16.984   5182.42     3631.0    cyan 
 60405.502  17.099  17.071  17.046   4746.48     3631.0   g-P48 
 60405.502  17.104  17.072  17.047   4735.89     3631.0       g 
 60405.502  17.161  17.114  17.071  10023.96     3631.0       z 
 60407.389  16.967  16.944  16.917   6366.38     3631.0   r-P48 
 60407.389  16.973  16.952  16.926   6198.96     3631.0       r 
 60407.389  16.976  16.951  16.924   6629.82     3631.0  orange 
 60407.389   17.01  16.978  16.946   7645.77     3631.0       i 
 60407.389  17.023  17.002  16.981   5182.42     3631.0    cyan 
 60407.389  17.099  17.069  17.046   4746.48     3631.0   g-P48 
 60407.389  17.103  17.072  17.047   4735.89     3631.0       g 
 60407.389  17.145  17.102  17.062  10023.96     3631.0       z 
 60407.741  16.965  16.943  16.916   6366.38     3631.0   r-P48 
 60407.741  16.972   16.95  16.925   6198.96     3631.0       r 
 60407.741  16.975  16.949  16.923   6629.82     3631.0  orange 
 60407.741   17.01  16.975  16.945   7645.77     3631.0       i 
 60407.741  17.023  17.002  16.981   5182.42     3631.0    cyan 
 60407.741  17.099  17.069  17.046   4746.48     3631.0   g-P48 
 60407.741  17.103  17.072  17.047   4735.89     3631.0       g 
 60407.741  17.144    17.1  17.059  10023.96     3631.0       z 
 60409.979  16.959  16.936  16.912   6366.38     3631.0   r-P48 
 60409.979  16.964  16.943  16.919   6198.96     3631.0       r 
 60409.979  16.967  16.942  16.918   6629.82     3631.0  orange 
 60409.979  16.997  16.963  16.936   7645.77     3631.0       i 
 60409.979  17.022  17.001  16.981   5182.42     3631.0    cyan 
 60409.979    17.1   17.07  17.048   4746.48     3631.0   g-P48 
 60409.979  17.105  17.073  17.049   4735.89     3631.0       g 
 60409.979  17.127  17.084  17.049  10023.96     3631.0       z 
 60412.217  16.954  16.932  16.908   6366.38     3631.0   r-P48 
 60412.217  16.961  16.941  16.918   6198.96     3631.0       r 
 60412.217  16.963  16.938  16.914   6629.82     3631.0  orange 
 60412.217  16.993  16.959  16.935   7645.77     3631.0       i 
 60412.217  17.024  17.004  16.984   5182.42     3631.0    cyan 
 60412.217  17.104  17.074  17.052   4746.48     3631.0   g-P48 
 60412.217  17.109  17.077  17.053   4735.89     3631.0       g 
 60412.217  17.121  17.074  17.043  10023.96     3631.0       z 
 60413.337  16.953  16.932  16.909   6366.38     3631.0   r-P48 
 60413.337  16.961  16.942  16.918   6198.96     3631.0       r 
 60413.337  16.962  16.938  16.914   6629.82     3631.0  orange 
 60413.337  16.989  16.959  16.932   7645.77     3631.0       i 
 60413.337  17.026  17.005  16.986   5182.42     3631.0    cyan 
 60413.337  17.107  17.076  17.055   4746.48     3631.0   g-P48 
 60413.337  17.112   17.08  17.057   4735.89     3631.0       g 
 60413.337  17.117  17.075  17.041  10023.96     3631.0       z 
 60413.377  16.952  16.932  16.909   6366.38     3631.0   r-P48 
 60413.377  16.961  16.942  16.918   6198.96     3631.0       r 
 60413.377  16.962  16.938  16.914   6629.82     3631.0  orange 
 60413.377  16.989  16.959  16.932   7645.77     3631.0       i 
 60413.377  17.026  17.005  16.986   5182.42     3631.0    cyan 
 60413.377  17.107  17.077  17.056   4746.48     3631.0   g-P48 
 60413.377  17.112   17.08  17.057   4735.89     3631.0       g 
 60413.377  17.117  17.074  17.041  10023.96     3631.0       z 
 60414.456  16.953  16.933  16.911   6366.38     3631.0   r-P48 
 60414.456   16.96  16.937  16.914   6629.82     3631.0  orange 
 60414.456   16.96  16.941   16.92   6198.96     3631.0       r 
 60414.456  16.989  16.958  16.932   7645.77     3631.0       i 
 60414.456  17.028  17.007  16.988   5182.42     3631.0    cyan 
 60414.456  17.111   17.08  17.059   4746.48     3631.0   g-P48 
 60414.456  17.115  17.084   17.06   4735.89     3631.0       g 
 60414.456  17.116  17.072   17.04  10023.96     3631.0       z 
 60416.694  16.956  16.935  16.914   6366.38     3631.0   r-P48 
 60416.694  16.965   16.94   16.92   6629.82     3631.0  orange 
 60416.694  16.965  16.945  16.924   6198.96     3631.0       r 
 60416.694  16.992  16.958  16.933   7645.77     3631.0       i 
 60416.694  17.035  17.012  16.994   5182.42     3631.0    cyan 
 60416.694  17.112  17.073  17.041  10023.96     3631.0       z 
 60416.694  17.117  17.089  17.067   4746.48     3631.0   g-P48 
 60416.694  17.123  17.094   17.07   4735.89     3631.0       g 
 60417.028  16.957  16.936  16.916   6366.38     3631.0   r-P48 
 60417.028  16.965  16.946  16.925   6198.96     3631.0       r 
 60417.028  16.966   16.94  16.921   6629.82     3631.0  orange 
 60417.028  16.993  16.958  16.933   7645.77     3631.0       i 
 60417.028  17.036  17.013  16.995   5182.42     3631.0    cyan 
 60417.028  17.112  17.072  17.041  10023.96     3631.0       z 
 60417.028  17.119   17.09  17.068   4746.48     3631.0   g-P48 
 60417.028  17.124  17.096  17.071   4735.89     3631.0       g 
 60417.352  16.958  16.937  16.917   6366.38     3631.0   r-P48 
 60417.352  16.966  16.947  16.926   6198.96     3631.0       r 
 60417.352  16.967  16.941  16.921   6629.82     3631.0  orange 
 60417.352  16.993  16.958  16.934   7645.77     3631.0       i 
 60417.352  17.037  17.014  16.996   5182.42     3631.0    cyan 
 60417.352  17.113  17.073  17.041  10023.96     3631.0       z 
 60417.352   17.12  17.092  17.069   4746.48     3631.0   g-P48 
 60417.352  17.126  17.097  17.072   4735.89     3631.0       g 
 60417.359  16.958  16.937  16.917   6366.38     3631.0   r-P48 
 60417.359  16.966  16.947  16.926   6198.96     3631.0       r 
 60417.359  16.967  16.941  16.921   6629.82     3631.0  orange 
 60417.359  16.993  16.958  16.934   7645.77     3631.0       i 
 60417.359  17.037  17.014  16.996   5182.42     3631.0    cyan 
 60417.359  17.113  17.073  17.041  10023.96     3631.0       z 
 60417.359  17.121  17.092  17.069   4746.48     3631.0   g-P48 
 60417.359  17.126  17.097  17.072   4735.89     3631.0       g 
 60418.254  16.962   16.94   16.92   6366.38     3631.0   r-P48 
 60418.254  16.969  16.949  16.929   6198.96     3631.0       r 
 60418.254   16.97  16.943  16.924   6629.82     3631.0  orange 
 60418.254  16.993  16.961  16.937   7645.77     3631.0       i 
 60418.254  17.041  17.018  16.999   5182.42     3631.0    cyan 
 60418.254  17.114  17.074  17.041  10023.96     3631.0       z 
 60418.254  17.124  17.096  17.073   4746.48     3631.0   g-P48 
 60418.254   17.13  17.101  17.076   4735.89     3631.0       g 
 60418.933  16.964  16.943  16.922   6366.38     3631.0   r-P48 
 60418.933   16.97  16.946  16.925   6629.82     3631.0  orange 
 60418.933  16.971  16.952  16.931   6198.96     3631.0       r 
 60418.933  16.994  16.964  16.939   7645.77     3631.0       i 
 60418.933  17.044  17.021  17.002   5182.42     3631.0    cyan 
 60418.933  17.113  17.076  17.041  10023.96     3631.0       z 
 60418.933  17.127    17.1  17.076   4746.48     3631.0   g-P48 
 60418.933  17.133  17.105  17.079   4735.89     3631.0       g 
 60419.032  16.965  16.944  16.922   6366.38     3631.0   r-P48 
 60419.032   16.97  16.946  16.925   6629.82     3631.0  orange 
 60419.032  16.971  16.953  16.932   6198.96     3631.0       r 
 60419.032  16.994  16.964  16.939   7645.77     3631.0       i 
 60419.032  17.044  17.021  17.002   5182.42     3631.0    cyan 
 60419.032  17.113  17.077  17.041  10023.96     3631.0       z 
 60419.032  17.127    17.1  17.077   4746.48     3631.0   g-P48 
 60419.032  17.133  17.106   17.08   4735.89     3631.0       g 
  60419.27  16.965  16.944  16.923   6366.38     3631.0   r-P48 
  60419.27  16.971  16.947  16.925   6629.82     3631.0  orange 
  60419.27  16.972  16.953  16.933   6198.96     3631.0       r 
  60419.27  16.993  16.965  16.939   7645.77     3631.0       i 
  60419.27  17.045  17.022  17.003   5182.42     3631.0    cyan 
  60419.27  17.112  17.078  17.042  10023.96     3631.0       z 
  60419.27  17.128  17.101  17.078   4746.48     3631.0   g-P48 
  60419.27  17.134  17.107  17.081   4735.89     3631.0       g 
 60419.315  16.965  16.944  16.923   6366.38     3631.0   r-P48 
 60419.315  16.971  16.948  16.925   6629.82     3631.0  orange 
 60419.315  16.972  16.953  16.933   6198.96     3631.0       r 
 60419.315  16.993  16.965   16.94   7645.77     3631.0       i 
 60419.315  17.045  17.022  17.003   5182.42     3631.0    cyan 
 60419.315  17.112  17.078  17.042  10023.96     3631.0       z 
 60419.315  17.129  17.101  17.078   4746.48     3631.0   g-P48 
 60419.315  17.134  17.107  17.081   4735.89     3631.0       g 
 60420.571   16.97  16.947  16.927   6366.38     3631.0   r-P48 
 60420.571  16.976  16.952   16.93   6629.82     3631.0  orange 
 60420.571  16.978  16.958  16.936   6198.96     3631.0       r 
 60420.571  16.997  16.969  16.942   7645.77     3631.0       i 
 60420.571  17.052  17.028  17.009   5182.42     3631.0    cyan 
 60420.571  17.116  17.084  17.045  10023.96     3631.0       z 
 60420.571  17.135  17.108  17.085   4746.48     3631.0   g-P48 
 60420.571  17.141  17.114  17.088   4735.89     3631.0       g 
 60421.171  16.973  16.951  16.928   6366.38     3631.0   r-P48 
 60421.171  16.979  16.955  16.933   6629.82     3631.0  orange 
 60421.171  16.981  16.961   16.94   6198.96     3631.0       r 
 60421.171    17.0  16.973  16.944   7645.77     3631.0       i 
 60421.171  17.055  17.031  17.012   5182.42     3631.0    cyan 
 60421.171   17.12  17.084  17.048  10023.96     3631.0       z 
 60421.171  17.138  17.112  17.088   4746.48     3631.0   g-P48 
 60421.171  17.144  17.117  17.091   4735.89     3631.0       g 
 60421.322  16.973  16.952  16.929   6366.38     3631.0   r-P48 
 60421.322   16.98  16.956  16.933   6629.82     3631.0  orange 
 60421.322  16.981  16.962  16.941   6198.96     3631.0       r 
 60421.322  17.001  16.973  16.945   7645.77     3631.0       i 
 60421.322  17.056  17.032  17.012   5182.42     3631.0    cyan 
 60421.322  17.121  17.085  17.049  10023.96     3631.0       z 
 60421.322  17.139  17.113  17.089   4746.48     3631.0   g-P48 
 60421.322  17.145  17.118  17.092   4735.89     3631.0       g 
 60421.382  16.974  16.952  16.929   6366.38     3631.0   r-P48 
 60421.382   16.98  16.957  16.934   6629.82     3631.0  orange 
 60421.382  16.981  16.963  16.941   6198.96     3631.0       r 
 60421.382  17.002  16.974  16.946   7645.77     3631.0       i 
 60421.382  17.056  17.032  17.013   5182.42     3631.0    cyan 
 60421.382  17.121  17.085  17.049  10023.96     3631.0       z 
 60421.382  17.139  17.113  17.089   4746.48     3631.0   g-P48 
 60421.382  17.145  17.119  17.092   4735.89     3631.0       g 
 60423.409  16.984  16.964  16.938   6366.38     3631.0   r-P48 
 60423.409   16.99  16.968  16.941   6629.82     3631.0  orange 
 60423.409  16.992  16.974  16.948   6198.96     3631.0       r 
 60423.409   17.01  16.985  16.955   7645.77     3631.0       i 
 60423.409  17.068  17.044  17.024   5182.42     3631.0    cyan 
 60423.409  17.128  17.094  17.055  10023.96     3631.0       z 
 60423.409  17.151  17.126  17.102   4746.48     3631.0   g-P48 
 60423.409  17.157  17.132  17.105   4735.89     3631.0       g 
 60425.648  16.997  16.979  16.952   6366.38     3631.0   r-P48 
 60425.648  17.003  16.982  16.954   6629.82     3631.0  orange 
 60425.648  17.006  16.988  16.963   6198.96     3631.0       r 
 60425.648  17.024  16.998  16.965   7645.77     3631.0       i 
 60425.648  17.082  17.059   17.04   5182.42     3631.0    cyan 
 60425.648  17.141  17.108  17.066  10023.96     3631.0       z 
 60425.648  17.165  17.142  17.117   4746.48     3631.0   g-P48 
 60425.648  17.171  17.147   17.12   4735.89     3631.0       g 
  60427.22  17.006  16.989  16.963   6366.38     3631.0   r-P48 
  60427.22  17.013  16.993  16.965   6629.82     3631.0  orange 
  60427.22  17.017    17.0  16.973   6198.96     3631.0       r 
  60427.22  17.033  17.008  16.975   7645.77     3631.0       i 
  60427.22  17.092   17.07  17.051   5182.42     3631.0    cyan 
  60427.22  17.152  17.118  17.074  10023.96     3631.0       z 
  60427.22  17.175  17.154  17.128   4746.48     3631.0   g-P48 
  60427.22  17.182   17.16  17.133   4735.89     3631.0       g 
 60427.886  17.011  16.994  16.968   6366.38     3631.0   r-P48 
 60427.886  17.018  16.998  16.971   6629.82     3631.0  orange 
 60427.886  17.021  17.004  16.979   6198.96     3631.0       r 
 60427.886  17.038  17.013  16.981   7645.77     3631.0       i 
 60427.886  17.097  17.075  17.057   5182.42     3631.0    cyan 
 60427.886  17.157  17.123  17.076  10023.96     3631.0       z 
 60427.886   17.18  17.159  17.132   4746.48     3631.0   g-P48 
 60427.886  17.187  17.164  17.138   4735.89     3631.0       g 
 60428.382  17.015  16.997  16.972   6366.38     3631.0   r-P48 
 60428.382  17.022  17.002  16.974   6629.82     3631.0  orange 
 60428.382  17.025  17.008  16.983   6198.96     3631.0       r 
 60428.382  17.042  17.017  16.984   7645.77     3631.0       i 
 60428.382  17.101  17.079  17.061   5182.42     3631.0    cyan 
 60428.382   17.16  17.127   17.08  10023.96     3631.0       z 
 60428.382  17.184  17.163  17.136   4746.48     3631.0   g-P48 
 60428.382   17.19  17.168  17.142   4735.89     3631.0       g 
  60429.03   17.02  17.003  16.976   6366.38     3631.0   r-P48 
  60429.03  17.026  17.006  16.979   6629.82     3631.0  orange 
  60429.03   17.03  17.013  16.988   6198.96     3631.0       r 
  60429.03  17.047  17.022  16.987   7645.77     3631.0       i 
  60429.03  17.106  17.084  17.067   5182.42     3631.0    cyan 
  60429.03  17.165  17.132  17.085  10023.96     3631.0       z 
  60429.03  17.189  17.168  17.141   4746.48     3631.0   g-P48 
  60429.03  17.195  17.173  17.147   4735.89     3631.0       g 
 60430.124  17.028  17.012  16.985   6366.38     3631.0   r-P48 
 60430.124  17.034  17.014  16.988   6629.82     3631.0  orange 
 60430.124  17.038  17.022  16.997   6198.96     3631.0       r 
 60430.124  17.056   17.03  16.995   7645.77     3631.0       i 
 60430.124  17.114  17.093  17.076   5182.42     3631.0    cyan 
 60430.124  17.174   17.14  17.094  10023.96     3631.0       z 
 60430.124  17.197  17.177  17.151   4746.48     3631.0   g-P48 
 60430.124  17.204  17.182  17.156   4735.89     3631.0       g 
 60430.381   17.03  17.014  16.987   6366.38     3631.0   r-P48 
 60430.381  17.036  17.016   16.99   6629.82     3631.0  orange 
 60430.381   17.04  17.024  16.999   6198.96     3631.0       r 
 60430.381  17.058  17.032  16.998   7645.77     3631.0       i 
 60430.381  17.116  17.095  17.078   5182.42     3631.0    cyan 
 60430.381  17.176  17.142  17.097  10023.96     3631.0       z 
 60430.381  17.199  17.179  17.153   4746.48     3631.0   g-P48 
 60430.381  17.206  17.184  17.158   4735.89     3631.0       g 
 60431.991  17.043  17.027  17.002   6366.38     3631.0   r-P48 
 60431.991  17.048  17.029  17.002   6629.82     3631.0  orange 
 60431.991  17.053  17.038  17.014   6198.96     3631.0       r 
 60431.991  17.072  17.044  17.011   7645.77     3631.0       i 
 60431.991  17.128  17.108  17.092   5182.42     3631.0    cyan 
 60431.991  17.189  17.156  17.112  10023.96     3631.0       z 
 60431.991  17.212  17.193  17.167   4746.48     3631.0   g-P48 
 60431.991  17.218  17.198  17.173   4735.89     3631.0       g 
 60432.006  17.043  17.027  17.002   6366.38     3631.0   r-P48 
 60432.006  17.048  17.029  17.002   6629.82     3631.0  orange 
 60432.006  17.053  17.038  17.014   6198.96     3631.0       r 
 60432.006  17.072  17.044  17.012   7645.77     3631.0       i 
 60432.006  17.128  17.109  17.092   5182.42     3631.0    cyan 
 60432.006  17.189  17.156  17.112  10023.96     3631.0       z 
 60432.006  17.212  17.193  17.167   4746.48     3631.0   g-P48 
 60432.006  17.218  17.198  17.173   4735.89     3631.0       g 
 60432.312  17.046  17.029  17.005   6366.38     3631.0   r-P48 
 60432.312  17.051  17.032  17.005   6629.82     3631.0  orange 
 60432.312  17.056  17.041  17.017   6198.96     3631.0       r 
 60432.312  17.075  17.047  17.015   7645.77     3631.0       i 
 60432.312  17.131  17.111  17.095   5182.42     3631.0    cyan 
 60432.312  17.192  17.158  17.114  10023.96     3631.0       z 
 60432.312  17.214  17.196   17.17   4746.48     3631.0   g-P48 
 60432.312  17.221  17.201  17.176   4735.89     3631.0       g 
 60432.337  17.046   17.03  17.005   6366.38     3631.0   r-P48 
 60432.337  17.051  17.032  17.005   6629.82     3631.0  orange 
 60432.337  17.056  17.041  17.017   6198.96     3631.0       r 
 60432.337  17.075  17.047  17.015   7645.77     3631.0       i 
 60432.337  17.131  17.111  17.095   5182.42     3631.0    cyan 
 60432.337  17.192  17.158  17.115  10023.96     3631.0       z 
 60432.337  17.215  17.196   17.17   4746.48     3631.0   g-P48 
 60432.337  17.221  17.201  17.176   4735.89     3631.0       g 
 60432.363  17.046   17.03  17.005   6366.38     3631.0   r-P48 
 60432.363  17.051  17.032  17.006   6629.82     3631.0  orange 
 60432.363  17.056  17.041  17.018   6198.96     3631.0       r 
 60432.363  17.076  17.047  17.015   7645.77     3631.0       i 
 60432.363  17.131  17.112  17.095   5182.42     3631.0    cyan 
 60432.363  17.192  17.159  17.115  10023.96     3631.0       z 
 60432.363  17.215  17.196   17.17   4746.48     3631.0   g-P48 
 60432.363  17.221  17.202  17.176   4735.89     3631.0       g 
 60432.951  17.051  17.035   17.01   6366.38     3631.0   r-P48 
 60432.951  17.056  17.037  17.011   6629.82     3631.0  orange 
 60432.951  17.062  17.046  17.023   6198.96     3631.0       r 
 60432.951  17.081  17.052  17.021   7645.77     3631.0       i 
 60432.951  17.136  17.117  17.101   5182.42     3631.0    cyan 
 60432.951  17.197  17.164   17.12  10023.96     3631.0       z 
 60432.951  17.219  17.201  17.176   4746.48     3631.0   g-P48 
 60432.951  17.226  17.207  17.182   4735.89     3631.0       g 
 60434.213  17.062  17.046  17.022   6366.38     3631.0   r-P48 
 60434.213  17.067  17.048  17.023   6629.82     3631.0  orange 
 60434.213  17.073  17.058  17.035   6198.96     3631.0       r 
 60434.213  17.092  17.064  17.031   7645.77     3631.0       i 
 60434.213  17.147  17.129  17.113   5182.42     3631.0    cyan 
 60434.213  17.208  17.175  17.132  10023.96     3631.0       z 
 60434.213   17.23  17.212  17.189   4746.48     3631.0   g-P48 
 60434.213  17.237  17.218  17.193   4735.89     3631.0       g 
 60434.332  17.063  17.047  17.023   6366.38     3631.0   r-P48 
 60434.332  17.068  17.049  17.024   6629.82     3631.0  orange 
 60434.332  17.074  17.059  17.036   6198.96     3631.0       r 
 60434.332  17.093  17.066  17.032   7645.77     3631.0       i 
 60434.332  17.148   17.13  17.114   5182.42     3631.0    cyan 
 60434.332  17.209  17.176  17.133  10023.96     3631.0       z 
 60434.332  17.231  17.213   17.19   4746.48     3631.0   g-P48 
 60434.332  17.238  17.219  17.194   4735.89     3631.0       g 
 60434.338  17.063  17.048  17.023   6366.38     3631.0   r-P48 
 60434.338  17.068  17.049  17.024   6629.82     3631.0  orange 
 60434.338  17.074  17.059  17.036   6198.96     3631.0       r 
 60434.338  17.093  17.066  17.032   7645.77     3631.0       i 
 60434.338  17.148   17.13  17.114   5182.42     3631.0    cyan 
 60434.338   17.21  17.176  17.133  10023.96     3631.0       z 
 60434.338  17.231  17.213   17.19   4746.48     3631.0   g-P48 
 60434.338  17.238  17.219  17.194   4735.89     3631.0       g 
 60434.601  17.065   17.05  17.025   6366.38     3631.0   r-P48 
 60434.601   17.07  17.051  17.027   6629.82     3631.0  orange 
 60434.601  17.076  17.061  17.038   6198.96     3631.0       r 
 60434.601  17.096  17.068  17.035   7645.77     3631.0       i 
 60434.601   17.15  17.133  17.117   5182.42     3631.0    cyan 
 60434.601  17.212  17.178  17.134  10023.96     3631.0       z 
 60434.601  17.233  17.216  17.192   4746.48     3631.0   g-P48 
 60434.601  17.241  17.222  17.197   4735.89     3631.0       g 
 60436.447  17.082  17.068  17.044   6366.38     3631.0   r-P48 
 60436.447  17.088  17.069  17.045   6629.82     3631.0  orange 
 60436.447  17.092  17.079  17.056   6198.96     3631.0       r 
 60436.447  17.112  17.084  17.052   7645.77     3631.0       i 
 60436.447  17.167  17.151  17.134   5182.42     3631.0    cyan 
 60436.447  17.229  17.194  17.152  10023.96     3631.0       z 
 60436.447  17.251  17.233   17.21   4746.48     3631.0   g-P48 
 60436.447  17.259  17.238  17.215   4735.89     3631.0       g 
 60436.839  17.085  17.071  17.048   6366.38     3631.0   r-P48 
 60436.839  17.092  17.073   17.05   6629.82     3631.0  orange 
 60436.839  17.096  17.082   17.06   6198.96     3631.0       r 
 60436.839  17.116  17.088  17.055   7645.77     3631.0       i 
 60436.839  17.171  17.155  17.138   5182.42     3631.0    cyan 
 60436.839  17.232  17.198  17.156  10023.96     3631.0       z 
 60436.839  17.255  17.236  17.214   4746.48     3631.0   g-P48 
 60436.839  17.262  17.242  17.218   4735.89     3631.0       g 
 60436.964  17.087  17.073   17.05   6366.38     3631.0   r-P48 
 60436.964  17.094  17.074  17.051   6629.82     3631.0  orange 
 60436.964  17.097  17.084  17.061   6198.96     3631.0       r 
 60436.964  17.117  17.089  17.057   7645.77     3631.0       i 
 60436.964  17.172  17.156  17.139   5182.42     3631.0    cyan 
 60436.964  17.234  17.199  17.157  10023.96     3631.0       z 
 60436.964  17.257  17.238  17.215   4746.48     3631.0   g-P48 
 60436.964  17.263  17.243  17.219   4735.89     3631.0       g 
 60437.256  17.089  17.076  17.053   6366.38     3631.0   r-P48 
 60437.256  17.097  17.077  17.054   6629.82     3631.0  orange 
 60437.256    17.1  17.086  17.064   6198.96     3631.0       r 
 60437.256  17.119  17.092   17.06   7645.77     3631.0       i 
 60437.256  17.175  17.159  17.142   5182.42     3631.0    cyan 
 60437.256  17.236  17.201   17.16  10023.96     3631.0       z 
 60437.256   17.26   17.24  17.218   4746.48     3631.0   g-P48 
 60437.256  17.266  17.246  17.222   4735.89     3631.0       g 
 60437.446  17.091  17.077  17.055   6366.38     3631.0   r-P48 
 60437.446  17.098  17.079  17.056   6629.82     3631.0  orange 
 60437.446  17.102  17.088  17.066   6198.96     3631.0       r 
 60437.446  17.121  17.094  17.062   7645.77     3631.0       i 
 60437.446  17.176  17.161  17.144   5182.42     3631.0    cyan 
 60437.446  17.238  17.203  17.161  10023.96     3631.0       z 
 60437.446  17.262  17.242   17.22   4746.48     3631.0   g-P48 
 60437.446  17.269  17.248  17.224   4735.89     3631.0       g 
 60438.266  17.099  17.085  17.063   6366.38     3631.0   r-P48 
 60438.266  17.107  17.087  17.064   6629.82     3631.0  orange 
 60438.266  17.109  17.096  17.074   6198.96     3631.0       r 
 60438.266  17.128  17.102  17.071   7645.77     3631.0       i 
 60438.266  17.184  17.169  17.152   5182.42     3631.0    cyan 
 60438.266  17.246  17.211   17.17  10023.96     3631.0       z 
 60438.266   17.27   17.25  17.228   4746.48     3631.0   g-P48 
 60438.266  17.277  17.256  17.232   4735.89     3631.0       g 
 60438.921  17.106  17.092   17.07   6366.38     3631.0   r-P48 
 60438.921  17.114  17.094  17.072   6629.82     3631.0  orange 
 60438.921  17.116  17.102  17.081   6198.96     3631.0       r 
 60438.921  17.134  17.109  17.079   7645.77     3631.0       i 
 60438.921   17.19  17.175  17.158   5182.42     3631.0    cyan 
 60438.921  17.253  17.217  17.176  10023.96     3631.0       z 
 60438.921  17.276  17.256  17.235   4746.48     3631.0   g-P48 
 60438.921  17.284  17.262  17.239   4735.89     3631.0       g 
 60439.078  17.107  17.093  17.072   6366.38     3631.0   r-P48 
 60439.078  17.115  17.095  17.073   6629.82     3631.0  orange 
 60439.078  17.118  17.104  17.083   6198.96     3631.0       r 
 60439.078  17.136   17.11  17.081   7645.77     3631.0       i 
 60439.078  17.192  17.177   17.16   5182.42     3631.0    cyan 
 60439.078  17.254  17.219  17.178  10023.96     3631.0       z 
 60439.078  17.278  17.258  17.236   4746.48     3631.0   g-P48 
 60439.078  17.285  17.264  17.241   4735.89     3631.0       g 
 60440.315   17.12  17.106  17.085   6366.38     3631.0   r-P48 
 60440.315  17.128  17.107  17.086   6629.82     3631.0  orange 
 60440.315   17.13  17.116  17.096   6198.96     3631.0       r 
 60440.315  17.148  17.123  17.095   7645.77     3631.0       i 
 60440.315  17.205   17.19  17.173   5182.42     3631.0    cyan 
 60440.315  17.267  17.231  17.191  10023.96     3631.0       z 
 60440.315  17.291   17.27  17.249   4746.48     3631.0   g-P48 
 60440.315  17.298  17.276  17.253   4735.89     3631.0       g 
 60440.363  17.121  17.106  17.086   6366.38     3631.0   r-P48 
 60440.363  17.128  17.108  17.087   6629.82     3631.0  orange 
 60440.363   17.13  17.117  17.097   6198.96     3631.0       r 
 60440.363  17.149  17.123  17.095   7645.77     3631.0       i 
 60440.363  17.205   17.19  17.174   5182.42     3631.0    cyan 
 60440.363  17.267  17.232  17.192  10023.96     3631.0       z 
 60440.363  17.291  17.271   17.25   4746.48     3631.0   g-P48 
 60440.363  17.299  17.277  17.254   4735.89     3631.0       g 
 60441.316  17.131  17.116  17.096   6366.38     3631.0   r-P48 
 60441.316  17.138  17.118  17.097   6629.82     3631.0  orange 
 60441.316   17.14  17.126  17.108   6198.96     3631.0       r 
 60441.316  17.159  17.133  17.106   7645.77     3631.0       i 
 60441.316  17.215    17.2  17.184   5182.42     3631.0    cyan 
 60441.316  17.277  17.242  17.203  10023.96     3631.0       z 
 60441.316  17.301  17.281  17.259   4746.48     3631.0   g-P48 
 60441.316  17.309  17.286  17.264   4735.89     3631.0       g 
 60442.271  17.141  17.125  17.107   6366.38     3631.0   r-P48 
 60442.271  17.147  17.128  17.107   6629.82     3631.0  orange 
 60442.271   17.15  17.136  17.119   6198.96     3631.0       r 
 60442.271  17.169  17.143  17.117   7645.77     3631.0       i 
 60442.271  17.225   17.21  17.194   5182.42     3631.0    cyan 
 60442.271  17.287  17.252  17.214  10023.96     3631.0       z 
 60442.271  17.312  17.291   17.27   4746.48     3631.0   g-P48 
 60442.271  17.319  17.296  17.274   4735.89     3631.0       g 
 60442.318  17.142  17.126  17.107   6366.38     3631.0   r-P48 
 60442.318  17.148  17.128  17.108   6629.82     3631.0  orange 
 60442.318   17.15  17.137  17.119   6198.96     3631.0       r 
 60442.318  17.169  17.143  17.117   7645.77     3631.0       i 
 60442.318  17.225  17.211  17.195   5182.42     3631.0    cyan 
 60442.318  17.287  17.253  17.214  10023.96     3631.0       z 
 60442.318  17.312  17.292   17.27   4746.48     3631.0   g-P48 
 60442.318  17.319  17.297  17.275   4735.89     3631.0       g 
 60443.554  17.155  17.139  17.121   6366.38     3631.0   r-P48 
 60443.554   17.16  17.142  17.121   6629.82     3631.0  orange 
 60443.554  17.163   17.15  17.133   6198.96     3631.0       r 
 60443.554  17.182  17.157  17.131   7645.77     3631.0       i 
 60443.554  17.239  17.224  17.208   5182.42     3631.0    cyan 
 60443.554    17.3  17.266  17.229  10023.96     3631.0       z 
 60443.554  17.326  17.305  17.284   4746.48     3631.0   g-P48 
 60443.554  17.333   17.31  17.288   4735.89     3631.0       g 
 60443.924  17.159  17.143  17.125   6366.38     3631.0   r-P48 
 60443.924  17.164  17.146  17.125   6629.82     3631.0  orange 
 60443.924  17.167  17.154  17.137   6198.96     3631.0       r 
 60443.924  17.186  17.161  17.135   7645.77     3631.0       i 
 60443.924  17.242  17.228  17.212   5182.42     3631.0    cyan 
 60443.924  17.304   17.27  17.233  10023.96     3631.0       z 
 60443.924   17.33  17.309  17.288   4746.48     3631.0   g-P48 
 60443.924  17.337  17.314  17.293   4735.89     3631.0       g 
 60444.273  17.163  17.147  17.129   6366.38     3631.0   r-P48 
 60444.273  17.168  17.149  17.129   6629.82     3631.0  orange 
 60444.273  17.171  17.157  17.141   6198.96     3631.0       r 
 60444.273   17.19  17.165  17.138   7645.77     3631.0       i 
 60444.273  17.246  17.232  17.216   5182.42     3631.0    cyan 
 60444.273  17.308  17.274  17.237  10023.96     3631.0       z 
 60444.273  17.334  17.313  17.292   4746.48     3631.0   g-P48 
 60444.273  17.341  17.318  17.296   4735.89     3631.0       g 
 60444.325  17.163  17.147  17.129   6366.38     3631.0   r-P48 
 60444.325  17.169   17.15   17.13   6629.82     3631.0  orange 
 60444.325  17.171  17.158  17.142   6198.96     3631.0       r 
 60444.325  17.191  17.165  17.139   7645.77     3631.0       i 
 60444.325  17.247  17.232  17.217   5182.42     3631.0    cyan 
 60444.325  17.309  17.275  17.237  10023.96     3631.0       z 
 60444.325  17.335  17.313  17.292   4746.48     3631.0   g-P48 
 60444.325  17.342  17.319  17.297   4735.89     3631.0       g 
 60444.769  17.168  17.152  17.135   6366.38     3631.0   r-P48 
 60444.769  17.173  17.155  17.135   6629.82     3631.0  orange 
 60444.769  17.176  17.163  17.147   6198.96     3631.0       r 
 60444.769  17.195   17.17  17.144   7645.77     3631.0       i 
 60444.769  17.252  17.238  17.222   5182.42     3631.0    cyan 
 60444.769  17.313  17.279  17.243  10023.96     3631.0       z 
 60444.769   17.34  17.318  17.297   4746.48     3631.0   g-P48 
 60444.769  17.347  17.324  17.302   4735.89     3631.0       g 
 60445.793   17.18  17.163  17.147   6366.38     3631.0   r-P48 
 60445.793  17.185  17.166  17.147   6629.82     3631.0  orange 
 60445.793  17.188  17.174  17.158   6198.96     3631.0       r 
 60445.793  17.206  17.182  17.155   7645.77     3631.0       i 
 60445.793  17.264  17.249  17.233   5182.42     3631.0    cyan 
 60445.793  17.324  17.291  17.255  10023.96     3631.0       z 
 60445.793  17.351   17.33  17.309   4746.48     3631.0   g-P48 
 60445.793  17.359  17.336  17.314   4735.89     3631.0       g 
 60446.306  17.186  17.169  17.153   6366.38     3631.0   r-P48 
 60446.306  17.191  17.172  17.153   6629.82     3631.0  orange 
 60446.306  17.193  17.179  17.164   6198.96     3631.0       r 
 60446.306  17.212  17.188  17.161   7645.77     3631.0       i 
 60446.306  17.269  17.255  17.239   5182.42     3631.0    cyan 
 60446.306   17.33  17.296  17.261  10023.96     3631.0       z 
 60446.306  17.357  17.336  17.315   4746.48     3631.0   g-P48 
 60446.306  17.365  17.341   17.32   4735.89     3631.0       g 
 60446.356  17.186  17.169  17.154   6366.38     3631.0   r-P48 
 60446.356  17.191  17.173  17.154   6629.82     3631.0  orange 
 60446.356  17.194   17.18  17.165   6198.96     3631.0       r 
 60446.356  17.212  17.189  17.162   7645.77     3631.0       i 
 60446.356   17.27  17.255   17.24   5182.42     3631.0    cyan 
 60446.356   17.33  17.297  17.262  10023.96     3631.0       z 
 60446.356  17.358  17.337  17.316   4746.48     3631.0   g-P48 
 60446.356  17.366  17.342   17.32   4735.89     3631.0       g 
 60447.909  17.203  17.187  17.172   6366.38     3631.0   r-P48 
 60447.909  17.209  17.191  17.173   6629.82     3631.0  orange 
 60447.909  17.212  17.198  17.183   6198.96     3631.0       r 
 60447.909  17.229  17.206   17.18   7645.77     3631.0       i 
 60447.909  17.287  17.273  17.258   5182.42     3631.0    cyan 
 60447.909  17.348  17.315  17.281  10023.96     3631.0       z 
 60447.909  17.376  17.355  17.334   4746.48     3631.0   g-P48 
 60447.909  17.384   17.36  17.338   4735.89     3631.0       g 
 60448.031  17.205  17.189  17.174   6366.38     3631.0   r-P48 
 60448.031   17.21  17.192  17.175   6629.82     3631.0  orange 
 60448.031  17.213  17.199  17.184   6198.96     3631.0       r 
 60448.031  17.231  17.207  17.181   7645.77     3631.0       i 
 60448.031  17.288  17.274  17.259   5182.42     3631.0    cyan 
 60448.031  17.349  17.316  17.282  10023.96     3631.0       z 
 60448.031  17.377  17.356  17.335   4746.48     3631.0   g-P48 
 60448.031  17.386  17.361   17.34   4735.89     3631.0       g 
  60448.27  17.207  17.192  17.177   6366.38     3631.0   r-P48 
  60448.27  17.213  17.195  17.178   6629.82     3631.0  orange 
  60448.27  17.216  17.202  17.187   6198.96     3631.0       r 
  60448.27  17.233   17.21  17.184   7645.77     3631.0       i 
  60448.27  17.291  17.277  17.262   5182.42     3631.0    cyan 
  60448.27  17.352  17.319  17.285  10023.96     3631.0       z 
  60448.27   17.38  17.359  17.338   4746.48     3631.0   g-P48 
  60448.27  17.389  17.364  17.343   4735.89     3631.0       g 
 60448.369  17.208  17.193  17.178   6366.38     3631.0   r-P48 
 60448.369  17.214  17.196  17.179   6629.82     3631.0  orange 
 60448.369  17.217  17.203  17.189   6198.96     3631.0       r 
 60448.369  17.235  17.211  17.186   7645.77     3631.0       i 
 60448.369  17.292  17.278  17.263   5182.42     3631.0    cyan 
 60448.369  17.353   17.32  17.286  10023.96     3631.0       z 
 60448.369  17.381   17.36  17.339   4746.48     3631.0   g-P48 
 60448.369   17.39  17.365  17.344   4735.89     3631.0       g 
 60448.829  17.214  17.198  17.183   6366.38     3631.0   r-P48 
 60448.829  17.219  17.201  17.184   6629.82     3631.0  orange 
 60448.829  17.222  17.208  17.194   6198.96     3631.0       r 
 60448.829   17.24  17.216  17.191   7645.77     3631.0       i 
 60448.829  17.298  17.283  17.269   5182.42     3631.0    cyan 
 60448.829  17.358  17.326  17.291  10023.96     3631.0       z 
 60448.829  17.387  17.365  17.345   4746.48     3631.0   g-P48 
 60448.829  17.395  17.371   17.35   4735.89     3631.0       g 
 60450.269   17.23  17.215    17.2   6366.38     3631.0   r-P48 
 60450.269  17.236  17.219  17.202   6629.82     3631.0  orange 
 60450.269  17.239  17.225  17.212   6198.96     3631.0       r 
 60450.269  17.257  17.233  17.209   7645.77     3631.0       i 
 60450.269  17.315  17.301  17.287   5182.42     3631.0    cyan 
 60450.269  17.375  17.343  17.309  10023.96     3631.0       z 
 60450.269  17.405  17.382  17.362   4746.48     3631.0   g-P48 
 60450.269  17.413  17.388  17.367   4735.89     3631.0       g 
 60452.508  17.257  17.242  17.228   6366.38     3631.0   r-P48 
 60452.508  17.262  17.245  17.229   6629.82     3631.0  orange 
 60452.508  17.266  17.252   17.24   6198.96     3631.0       r 
 60452.508  17.284   17.26  17.236   7645.77     3631.0       i 
 60452.508  17.342  17.327  17.315   5182.42     3631.0    cyan 
 60452.508  17.401   17.37  17.336  10023.96     3631.0       z 
 60452.508  17.432  17.409  17.389   4746.48     3631.0   g-P48 
 60452.508  17.441  17.415  17.394   4735.89     3631.0       g 
 60454.417   17.28  17.266  17.252   6366.38     3631.0   r-P48 
 60454.417  17.285  17.269  17.253   6629.82     3631.0  orange 
 60454.417  17.289  17.276  17.264   6198.96     3631.0       r 
 60454.417  17.307  17.285  17.262   7645.77     3631.0       i 
 60454.417  17.366  17.351  17.338   5182.42     3631.0    cyan 
 60454.417  17.424  17.393   17.36  10023.96     3631.0       z 
 60454.417  17.457  17.433  17.413   4746.48     3631.0   g-P48 
 60454.417  17.466  17.439  17.417   4735.89     3631.0       g 
 60454.746  17.284   17.27  17.256   6366.38     3631.0   r-P48 
 60454.746  17.289  17.273  17.258   6629.82     3631.0  orange 
 60454.746  17.293   17.28  17.268   6198.96     3631.0       r 
 60454.746  17.311  17.289  17.266   7645.77     3631.0       i 
 60454.746   17.37  17.355  17.342   5182.42     3631.0    cyan 
 60454.746  17.428  17.398  17.364  10023.96     3631.0       z 
 60454.746  17.462  17.437  17.417   4746.48     3631.0   g-P48 
 60454.746   17.47  17.443  17.421   4735.89     3631.0       g 
 60455.231   17.29  17.276  17.262   6366.38     3631.0   r-P48 
 60455.231  17.295  17.279  17.264   6629.82     3631.0  orange 
 60455.231  17.299  17.286  17.274   6198.96     3631.0       r 
 60455.231  17.317  17.295  17.272   7645.77     3631.0       i 
 60455.231  17.377  17.361  17.348   5182.42     3631.0    cyan 
 60455.231  17.435  17.404   17.37  10023.96     3631.0       z 
 60455.231  17.468  17.443  17.423   4746.48     3631.0   g-P48 
 60455.231  17.476  17.449  17.427   4735.89     3631.0       g 
 60455.296  17.291  17.277  17.262   6366.38     3631.0   r-P48 
 60455.296  17.296   17.28  17.265   6629.82     3631.0  orange 
 60455.296    17.3  17.287  17.274   6198.96     3631.0       r 
 60455.296  17.318  17.296  17.273   7645.77     3631.0       i 
 60455.296  17.377  17.362  17.349   5182.42     3631.0    cyan 
 60455.296  17.435  17.404  17.371  10023.96     3631.0       z 
 60455.296  17.469  17.444  17.424   4746.48     3631.0   g-P48 
 60455.296  17.477   17.45  17.427   4735.89     3631.0       g 
 60455.987    17.3  17.286  17.271   6366.38     3631.0   r-P48 
 60455.987  17.305  17.289  17.274   6629.82     3631.0  orange 
 60455.987  17.308  17.296  17.282   6198.96     3631.0       r 
 60455.987  17.326  17.305  17.282   7645.77     3631.0       i 
 60455.987  17.386  17.371  17.358   5182.42     3631.0    cyan 
 60455.987  17.444  17.413   17.38  10023.96     3631.0       z 
 60455.987  17.478  17.453  17.432   4746.48     3631.0   g-P48 
 60455.987  17.486  17.458  17.436   4735.89     3631.0       g 
 60456.422  17.305  17.291  17.276   6366.38     3631.0   r-P48 
 60456.422   17.31  17.294  17.279   6629.82     3631.0  orange 
 60456.422  17.314  17.301  17.288   6198.96     3631.0       r 
 60456.422  17.332  17.311  17.288   7645.77     3631.0       i 
 60456.422  17.392  17.377  17.363   5182.42     3631.0    cyan 
 60456.422   17.45  17.418  17.386  10023.96     3631.0       z 
 60456.422  17.484  17.458  17.438   4746.48     3631.0   g-P48 
 60456.422  17.492  17.464  17.441   4735.89     3631.0       g 
 60456.429  17.305  17.291  17.276   6366.38     3631.0   r-P48 
 60456.429  17.311  17.295  17.279   6629.82     3631.0  orange 
 60456.429  17.314  17.301  17.288   6198.96     3631.0       r 
 60456.429  17.332  17.311  17.288   7645.77     3631.0       i 
 60456.429  17.392  17.377  17.363   5182.42     3631.0    cyan 
 60456.429   17.45  17.419  17.386  10023.96     3631.0       z 
 60456.429  17.484  17.458  17.438   4746.48     3631.0   g-P48 
 60456.429  17.492  17.464  17.441   4735.89     3631.0       g 
 60456.444  17.305  17.292  17.277   6366.38     3631.0   r-P48 
 60456.444  17.311  17.295  17.279   6629.82     3631.0  orange 
 60456.444  17.314  17.302  17.288   6198.96     3631.0       r 
 60456.444  17.332  17.311  17.289   7645.77     3631.0       i 
 60456.444  17.392  17.377  17.364   5182.42     3631.0    cyan 
 60456.444   17.45  17.419  17.386  10023.96     3631.0       z 
 60456.444  17.484  17.458  17.438   4746.48     3631.0   g-P48 
 60456.444  17.492  17.464  17.441   4735.89     3631.0       g 
 60456.918  17.311  17.298  17.282   6366.38     3631.0   r-P48 
 60456.918  17.317  17.301  17.285   6629.82     3631.0  orange 
 60456.918   17.32  17.308  17.294   6198.96     3631.0       r 
 60456.918  17.338  17.317  17.295   7645.77     3631.0       i 
 60456.918  17.398  17.383   17.37   5182.42     3631.0    cyan 
 60456.918  17.456  17.425  17.392  10023.96     3631.0       z 
 60456.918  17.491  17.464  17.444   4746.48     3631.0   g-P48 
 60456.918  17.499   17.47  17.447   4735.89     3631.0       g 
 60456.985  17.312  17.299  17.283   6366.38     3631.0   r-P48 
 60456.985  17.318  17.302  17.286   6629.82     3631.0  orange 
 60456.985  17.321  17.309  17.294   6198.96     3631.0       r 
 60456.985  17.339  17.318  17.296   7645.77     3631.0       i 
 60456.985  17.399  17.384  17.371   5182.42     3631.0    cyan 
 60456.985  17.457  17.426  17.393  10023.96     3631.0       z 
 60456.985  17.492  17.465  17.445   4746.48     3631.0   g-P48 
 60456.985    17.5  17.471  17.448   4735.89     3631.0       g 
 60457.251  17.315  17.302  17.286   6366.38     3631.0   r-P48 
 60457.251  17.321  17.305  17.289   6629.82     3631.0  orange 
 60457.251  17.324  17.312  17.298   6198.96     3631.0       r 
 60457.251  17.342  17.321  17.299   7645.77     3631.0       i 
 60457.251  17.402  17.387  17.374   5182.42     3631.0    cyan 
 60457.251   17.46  17.429  17.396  10023.96     3631.0       z 
 60457.251  17.495  17.469  17.448   4746.48     3631.0   g-P48 
 60457.251  17.503  17.474  17.452   4735.89     3631.0       g 
 60457.315  17.316  17.303  17.287   6366.38     3631.0   r-P48 
 60457.315  17.322  17.306   17.29   6629.82     3631.0  orange 
 60457.315  17.325  17.313  17.299   6198.96     3631.0       r 
 60457.315  17.343  17.322    17.3   7645.77     3631.0       i 
 60457.315  17.403  17.388  17.375   5182.42     3631.0    cyan 
 60457.315  17.461   17.43  17.397  10023.96     3631.0       z 
 60457.315  17.496  17.469  17.449   4746.48     3631.0   g-P48 
 60457.315  17.504  17.475  17.452   4735.89     3631.0       g 
 60458.199  17.328  17.314  17.298   6366.38     3631.0   r-P48 
 60458.199  17.334  17.318  17.301   6629.82     3631.0  orange 
 60458.199  17.336  17.324   17.31   6198.96     3631.0       r 
 60458.199  17.354  17.334  17.312   7645.77     3631.0       i 
 60458.199  17.415  17.399  17.386   5182.42     3631.0    cyan 
 60458.199  17.472  17.441  17.408  10023.96     3631.0       z 
 60458.199  17.508  17.481  17.461   4746.48     3631.0   g-P48 
 60458.199  17.516  17.486  17.464   4735.89     3631.0       g 
  60459.13   17.34  17.326   17.31   6366.38     3631.0   r-P48 
  60459.13  17.346   17.33  17.313   6629.82     3631.0  orange 
  60459.13  17.348  17.336  17.322   6198.96     3631.0       r 
  60459.13  17.366  17.346  17.324   7645.77     3631.0       i 
  60459.13  17.427  17.411  17.397   5182.42     3631.0    cyan 
  60459.13  17.484  17.453   17.42  10023.96     3631.0       z 
  60459.13  17.521  17.493  17.473   4746.48     3631.0   g-P48 
  60459.13  17.528  17.498  17.476   4735.89     3631.0       g 
 60459.223  17.341  17.328  17.311   6366.38     3631.0   r-P48 
 60459.223  17.347  17.331  17.314   6629.82     3631.0  orange 
 60459.223   17.35  17.338  17.323   6198.96     3631.0       r 
 60459.223  17.368  17.348  17.325   7645.77     3631.0       i 
 60459.223  17.428  17.412  17.399   5182.42     3631.0    cyan 
 60459.223  17.486  17.454  17.421  10023.96     3631.0       z 
 60459.223  17.522  17.494  17.474   4746.48     3631.0   g-P48 
 60459.223   17.53  17.499  17.477   4735.89     3631.0       g 
 60459.231  17.341  17.328  17.311   6366.38     3631.0   r-P48 
 60459.231  17.347  17.332  17.314   6629.82     3631.0  orange 
 60459.231   17.35  17.338  17.324   6198.96     3631.0       r 
 60459.231  17.368  17.348  17.325   7645.77     3631.0       i 
 60459.231  17.428  17.412  17.399   5182.42     3631.0    cyan 
 60459.231  17.486  17.454  17.421  10023.96     3631.0       z 
 60459.231  17.522  17.494  17.474   4746.48     3631.0   g-P48 
 60459.231   17.53    17.5  17.477   4735.89     3631.0       g 
 60459.356  17.343  17.329  17.313   6366.38     3631.0   r-P48 
 60459.356  17.349  17.333  17.316   6629.82     3631.0  orange 
 60459.356  17.352  17.339  17.325   6198.96     3631.0       r 
 60459.356  17.369  17.349  17.327   7645.77     3631.0       i 
 60459.356   17.43  17.414  17.401   5182.42     3631.0    cyan 
 60459.356  17.487  17.456  17.423  10023.96     3631.0       z 
 60459.356  17.524  17.496  17.476   4746.48     3631.0   g-P48 
 60459.356  17.532  17.501  17.479   4735.89     3631.0       g 
 60461.292  17.368  17.354   17.34   6366.38     3631.0   r-P48 
 60461.292  17.375  17.358  17.342   6629.82     3631.0  orange 
 60461.292  17.377  17.364  17.352   6198.96     3631.0       r 
 60461.292  17.395  17.375  17.351   7645.77     3631.0       i 
 60461.292  17.456   17.44  17.425   5182.42     3631.0    cyan 
 60461.292  17.512  17.481  17.448  10023.96     3631.0       z 
 60461.292   17.55  17.521  17.502   4746.48     3631.0   g-P48 
 60461.292  17.558  17.526  17.505   4735.89     3631.0       g 
 60461.461  17.371  17.356  17.342   6366.38     3631.0   r-P48 
 60461.461  17.377   17.36  17.344   6629.82     3631.0  orange 
 60461.461  17.379  17.367  17.354   6198.96     3631.0       r 
 60461.461  17.397  17.377  17.354   7645.77     3631.0       i 
 60461.461  17.458  17.442  17.427   5182.42     3631.0    cyan 
 60461.461  17.514  17.483   17.45  10023.96     3631.0       z 
 60461.461  17.553  17.523  17.504   4746.48     3631.0   g-P48 
 60461.461  17.561  17.529  17.507   4735.89     3631.0       g 
  60462.14   17.38  17.365  17.351   6366.38     3631.0   r-P48 
  60462.14  17.386  17.369  17.353   6629.82     3631.0  orange 
  60462.14  17.388  17.376  17.364   6198.96     3631.0       r 
  60462.14  17.406  17.386  17.363   7645.77     3631.0       i 
  60462.14  17.467  17.451  17.436   5182.42     3631.0    cyan 
  60462.14  17.523  17.492  17.459  10023.96     3631.0       z 
  60462.14  17.562  17.532  17.513   4746.48     3631.0   g-P48 
  60462.14   17.57  17.538  17.516   4735.89     3631.0       g 
 60462.356  17.382  17.368  17.354   6366.38     3631.0   r-P48 
 60462.356  17.389  17.372  17.356   6629.82     3631.0  orange 
 60462.356  17.391  17.378  17.366   6198.96     3631.0       r 
 60462.356  17.409  17.389  17.366   7645.77     3631.0       i 
 60462.356   17.47  17.454  17.439   5182.42     3631.0    cyan 
 60462.356  17.526  17.495  17.462  10023.96     3631.0       z 
 60462.356  17.564  17.535  17.516   4746.48     3631.0   g-P48 
 60462.356  17.573  17.541  17.519   4735.89     3631.0       g 
 60463.233  17.395   17.38  17.365   6366.38     3631.0   r-P48 
 60463.233  17.401  17.384  17.368   6629.82     3631.0  orange 
 60463.233  17.403   17.39  17.378   6198.96     3631.0       r 
 60463.233  17.421  17.401  17.378   7645.77     3631.0       i 
 60463.233  17.482  17.465   17.45   5182.42     3631.0    cyan 
 60463.233  17.537  17.507  17.474  10023.96     3631.0       z 
 60463.233  17.576  17.547  17.528   4746.48     3631.0   g-P48 
 60463.233  17.585  17.552  17.531   4735.89     3631.0       g 
 60463.275  17.395  17.381  17.366   6366.38     3631.0   r-P48 
 60463.275  17.401  17.385  17.368   6629.82     3631.0  orange 
 60463.275  17.403   17.39  17.379   6198.96     3631.0       r 
 60463.275  17.421  17.401  17.378   7645.77     3631.0       i 
 60463.275  17.483  17.466  17.451   5182.42     3631.0    cyan 
 60463.275  17.538  17.507  17.474  10023.96     3631.0       z 
 60463.275  17.577  17.548  17.528   4746.48     3631.0   g-P48 
 60463.275  17.585  17.553  17.531   4735.89     3631.0       g 
   60463.7  17.401  17.386  17.372   6366.38     3631.0   r-P48 
   60463.7  17.407   17.39  17.374   6629.82     3631.0  orange 
   60463.7  17.409  17.396  17.384   6198.96     3631.0       r 
   60463.7  17.427  17.407  17.384   7645.77     3631.0       i 
   60463.7  17.488  17.471  17.457   5182.42     3631.0    cyan 
   60463.7  17.543  17.513   17.48  10023.96     3631.0       z 
   60463.7  17.583  17.553  17.534   4746.48     3631.0   g-P48 
   60463.7  17.591  17.558  17.537   4735.89     3631.0       g 
 60465.938  17.431  17.416  17.402   6366.38     3631.0   r-P48 
 60465.938  17.438   17.42  17.404   6629.82     3631.0  orange 
 60465.938  17.439  17.427  17.414   6198.96     3631.0       r 
 60465.938  17.457  17.437  17.414   7645.77     3631.0       i 
 60465.938  17.519  17.502  17.487   5182.42     3631.0    cyan 
 60465.938  17.573  17.544   17.51  10023.96     3631.0       z 
 60465.938  17.614  17.584  17.564   4746.48     3631.0   g-P48 
 60465.938  17.623  17.589  17.567   4735.89     3631.0       g 
 60466.342  17.437  17.422  17.407   6366.38     3631.0   r-P48 
 60466.342  17.443  17.425  17.409   6629.82     3631.0  orange 
 60466.342  17.445  17.433   17.42   6198.96     3631.0       r 
 60466.342  17.463  17.443  17.419   7645.77     3631.0       i 
 60466.342  17.525  17.507  17.492   5182.42     3631.0    cyan 
 60466.342  17.579   17.55  17.515  10023.96     3631.0       z 
 60466.342  17.619  17.589  17.569   4746.48     3631.0   g-P48 
 60466.342  17.628  17.594  17.573   4735.89     3631.0       g 
 60466.378  17.437  17.422  17.408   6366.38     3631.0   r-P48 
 60466.378  17.444  17.426  17.409   6629.82     3631.0  orange 
 60466.378  17.445  17.433   17.42   6198.96     3631.0       r 
 60466.378  17.463  17.443   17.42   7645.77     3631.0       i 
 60466.378  17.526  17.508  17.493   5182.42     3631.0    cyan 
 60466.378  17.579   17.55  17.516  10023.96     3631.0       z 
 60466.378   17.62   17.59   17.57   4746.48     3631.0   g-P48 
 60466.378  17.629  17.595  17.573   4735.89     3631.0       g 
 60468.176  17.462  17.448  17.432   6366.38     3631.0   r-P48 
 60468.176  17.467   17.45  17.433   6629.82     3631.0  orange 
 60468.176   17.47  17.458  17.444   6198.96     3631.0       r 
 60468.176  17.488  17.468  17.445   7645.77     3631.0       i 
 60468.176  17.551  17.533  17.517   5182.42     3631.0    cyan 
 60468.176  17.603  17.575   17.54  10023.96     3631.0       z 
 60468.176  17.644  17.614  17.594   4746.48     3631.0   g-P48 
 60468.176  17.653  17.619  17.598   4735.89     3631.0       g 
  60469.23  17.477  17.462  17.447   6366.38     3631.0   r-P48 
  60469.23  17.482  17.465  17.448   6629.82     3631.0  orange 
  60469.23  17.485  17.473  17.459   6198.96     3631.0       r 
  60469.23  17.503  17.482  17.459   7645.77     3631.0       i 
  60469.23  17.566  17.547  17.531   5182.42     3631.0    cyan 
  60469.23  17.618   17.59  17.555  10023.96     3631.0       z 
  60469.23  17.659  17.629  17.608   4746.48     3631.0   g-P48 
  60469.23  17.667  17.634  17.612   4735.89     3631.0       g 
 60469.274  17.477  17.462  17.447   6366.38     3631.0   r-P48 
 60469.274  17.482  17.465  17.448   6629.82     3631.0  orange 
 60469.274  17.485  17.473  17.459   6198.96     3631.0       r 
 60469.274  17.503  17.483   17.46   7645.77     3631.0       i 
 60469.274  17.567  17.548  17.532   5182.42     3631.0    cyan 
 60469.274  17.619  17.591  17.556  10023.96     3631.0       z 
 60469.274  17.659   17.63  17.609   4746.48     3631.0   g-P48 
 60469.274  17.668  17.634  17.613   4735.89     3631.0       g 
 60469.339  17.478  17.463  17.448   6366.38     3631.0   r-P48 
 60469.339  17.483  17.466  17.449   6629.82     3631.0  orange 
 60469.339  17.486  17.474   17.46   6198.96     3631.0       r 
 60469.339  17.504  17.484  17.461   7645.77     3631.0       i 
 60469.339  17.568  17.549  17.533   5182.42     3631.0    cyan 
 60469.339   17.62  17.591  17.556  10023.96     3631.0       z 
 60469.339   17.66   17.63  17.609   4746.48     3631.0   g-P48 
 60469.339  17.669  17.635  17.613   4735.89     3631.0       g 
  60470.36  17.492  17.477  17.462   6366.38     3631.0   r-P48 
  60470.36  17.497   17.48  17.464   6629.82     3631.0  orange 
  60470.36    17.5  17.488  17.474   6198.96     3631.0       r 
  60470.36  17.519  17.498  17.475   7645.77     3631.0       i 
  60470.36  17.582  17.563  17.547   5182.42     3631.0    cyan 
  60470.36  17.634  17.606   17.57  10023.96     3631.0       z 
  60470.36  17.674  17.645  17.623   4746.48     3631.0   g-P48 
  60470.36  17.683  17.649  17.627   4735.89     3631.0       g 
 60470.415  17.493  17.478  17.463   6366.38     3631.0   r-P48 
 60470.415  17.498  17.481  17.464   6629.82     3631.0  orange 
 60470.415  17.501  17.489  17.475   6198.96     3631.0       r 
 60470.415  17.519  17.498  17.475   7645.77     3631.0       i 
 60470.415  17.583  17.564  17.547   5182.42     3631.0    cyan 
 60470.415  17.635  17.606  17.571  10023.96     3631.0       z 
 60470.415  17.675  17.645  17.624   4746.48     3631.0   g-P48 
 60470.415  17.684   17.65  17.628   4735.89     3631.0       g 
 60471.229  17.505  17.489  17.475   6366.38     3631.0   r-P48 
 60471.229  17.509  17.492  17.476   6629.82     3631.0  orange 
 60471.229  17.513    17.5  17.486   6198.96     3631.0       r 
 60471.229  17.531  17.509  17.487   7645.77     3631.0       i 
 60471.229  17.594  17.575  17.559   5182.42     3631.0    cyan 
 60471.229  17.646  17.618  17.582  10023.96     3631.0       z 
 60471.229  17.686  17.657  17.635   4746.48     3631.0   g-P48 
 60471.229  17.695  17.662  17.639   4735.89     3631.0       g 
 60472.404  17.521  17.506  17.491   6366.38     3631.0   r-P48 
 60472.404  17.526  17.508  17.493   6629.82     3631.0  orange 
 60472.404  17.529  17.516  17.503   6198.96     3631.0       r 
 60472.404  17.547  17.526  17.503   7645.77     3631.0       i 
 60472.404  17.611  17.591  17.575   5182.42     3631.0    cyan 
 60472.404  17.663  17.634  17.599  10023.96     3631.0       z 
 60472.404  17.702  17.673  17.651   4746.48     3631.0   g-P48 
 60472.404  17.711  17.679  17.655   4735.89     3631.0       g 
 60472.653  17.525   17.51  17.495   6366.38     3631.0   r-P48 
 60472.653  17.529  17.512  17.496   6629.82     3631.0  orange 
 60472.653  17.533   17.52  17.506   6198.96     3631.0       r 
 60472.653  17.551  17.529  17.506   7645.77     3631.0       i 
 60472.653  17.614  17.595  17.578   5182.42     3631.0    cyan 
 60472.653  17.666  17.637  17.602  10023.96     3631.0       z 
 60472.653  17.706  17.677  17.654   4746.48     3631.0   g-P48 
 60472.653  17.715  17.682  17.659   4735.89     3631.0       g 
 60473.248  17.533  17.518  17.503   6366.38     3631.0   r-P48 
 60473.248  17.538   17.52  17.504   6629.82     3631.0  orange 
 60473.248  17.541  17.528  17.514   6198.96     3631.0       r 
 60473.248  17.559  17.537  17.515   7645.77     3631.0       i 
 60473.248  17.623  17.603  17.587   5182.42     3631.0    cyan 
 60473.248  17.675  17.646   17.61  10023.96     3631.0       z 
 60473.248  17.714  17.685  17.663   4746.48     3631.0   g-P48 
 60473.248  17.723  17.691  17.667   4735.89     3631.0       g 
 60474.507  17.551  17.536  17.521   6366.38     3631.0   r-P48 
 60474.507  17.556  17.538  17.522   6629.82     3631.0  orange 
 60474.507  17.559  17.546  17.532   6198.96     3631.0       r 
 60474.507  17.577  17.555  17.532   7645.77     3631.0       i 
 60474.507  17.641  17.621  17.604   5182.42     3631.0    cyan 
 60474.507  17.692  17.664  17.628  10023.96     3631.0       z 
 60474.507  17.732  17.702   17.68   4746.48     3631.0   g-P48 
 60474.507   17.74  17.708  17.684   4735.89     3631.0       g 
 60474.891  17.556  17.542  17.526   6366.38     3631.0   r-P48 
 60474.891  17.561  17.544  17.527   6629.82     3631.0  orange 
 60474.891  17.564  17.552  17.537   6198.96     3631.0       r 
 60474.891  17.582   17.56  17.537   7645.77     3631.0       i 
 60474.891  17.646  17.626   17.61   5182.42     3631.0    cyan 
 60474.891  17.698  17.669  17.634  10023.96     3631.0       z 
 60474.891  17.737  17.708  17.685   4746.48     3631.0   g-P48 
 60474.891  17.746  17.713  17.689   4735.89     3631.0       g 
 60475.211  17.561  17.546  17.531   6366.38     3631.0   r-P48 
 60475.211  17.566  17.548  17.532   6629.82     3631.0  orange 
 60475.211  17.569  17.556  17.541   6198.96     3631.0       r 
 60475.211  17.587  17.565  17.542   7645.77     3631.0       i 
 60475.211  17.651  17.631  17.614   5182.42     3631.0    cyan 
 60475.211  17.702  17.674  17.638  10023.96     3631.0       z 
 60475.211  17.742  17.712   17.69   4746.48     3631.0   g-P48 
 60475.211   17.75  17.718  17.694   4735.89     3631.0       g 
 60475.232  17.561  17.546  17.531   6366.38     3631.0   r-P48 
 60475.232  17.566  17.549  17.532   6629.82     3631.0  orange 
 60475.232  17.569  17.557  17.542   6198.96     3631.0       r 
 60475.232  17.587  17.565  17.542   7645.77     3631.0       i 
 60475.232  17.651  17.631  17.615   5182.42     3631.0    cyan 
 60475.232  17.703  17.674  17.639  10023.96     3631.0       z 
 60475.232  17.742  17.713   17.69   4746.48     3631.0   g-P48 
 60475.232  17.751  17.718  17.694   4735.89     3631.0       g 
 60476.587   17.58  17.566   17.55   6366.38     3631.0   r-P48 
 60476.587  17.585  17.569  17.552   6629.82     3631.0  orange 
 60476.587  17.588  17.576  17.561   6198.96     3631.0       r 
 60476.587  17.606  17.584  17.561   7645.77     3631.0       i 
 60476.587  17.671   17.65  17.634   5182.42     3631.0    cyan 
 60476.587  17.722  17.693  17.658  10023.96     3631.0       z 
 60476.587  17.761  17.732  17.709   4746.48     3631.0   g-P48 
 60476.587   17.77  17.737  17.713   4735.89     3631.0       g 
  60477.13  17.588  17.573  17.558   6366.38     3631.0   r-P48 
  60477.13  17.593  17.576   17.56   6629.82     3631.0  orange 
  60477.13  17.596  17.584  17.569   6198.96     3631.0       r 
  60477.13  17.614  17.592  17.569   7645.77     3631.0       i 
  60477.13  17.679  17.658  17.641   5182.42     3631.0    cyan 
  60477.13   17.73  17.701  17.666  10023.96     3631.0       z 
  60477.13  17.769  17.739  17.717   4746.48     3631.0   g-P48 
  60477.13  17.777  17.745   17.72   4735.89     3631.0       g 
  60477.21  17.589  17.575  17.559   6366.38     3631.0   r-P48 
  60477.21  17.594  17.577  17.561   6629.82     3631.0  orange 
  60477.21  17.597  17.585   17.57   6198.96     3631.0       r 
  60477.21  17.615  17.593   17.57   7645.77     3631.0       i 
  60477.21   17.68  17.659  17.642   5182.42     3631.0    cyan 
  60477.21  17.731  17.702  17.667  10023.96     3631.0       z 
  60477.21   17.77  17.741  17.718   4746.48     3631.0   g-P48 
  60477.21  17.779  17.746  17.721   4735.89     3631.0       g 
 60477.328  17.591  17.576  17.561   6366.38     3631.0   r-P48 
 60477.328  17.596  17.579  17.563   6629.82     3631.0  orange 
 60477.328  17.599  17.587  17.572   6198.96     3631.0       r 
 60477.328  17.617  17.595  17.571   7645.77     3631.0       i 
 60477.328  17.682  17.661  17.644   5182.42     3631.0    cyan 
 60477.328  17.733  17.704  17.669  10023.96     3631.0       z 
 60477.328  17.772  17.742  17.719   4746.48     3631.0   g-P48 
 60477.328   17.78  17.748  17.723   4735.89     3631.0       g 
 60479.368   17.62  17.605   17.59   6366.38     3631.0   r-P48 
 60479.368  17.625  17.609  17.592   6629.82     3631.0  orange 
 60479.368  17.628  17.616  17.601   6198.96     3631.0       r 
 60479.368  17.645  17.624  17.601   7645.77     3631.0       i 
 60479.368  17.711   17.69  17.673   5182.42     3631.0    cyan 
 60479.368  17.762  17.733  17.698  10023.96     3631.0       z 
 60479.368  17.802  17.771  17.748   4746.48     3631.0   g-P48 
 60479.368  17.809  17.776  17.752   4735.89     3631.0       g 
 60481.231  17.647  17.632  17.616   6366.38     3631.0   r-P48 
 60481.231  17.652  17.636  17.618   6629.82     3631.0  orange 
 60481.231  17.655  17.643  17.627   6198.96     3631.0       r 
 60481.231  17.671   17.65  17.628   7645.77     3631.0       i 
 60481.231  17.738  17.717    17.7   5182.42     3631.0    cyan 
 60481.231  17.788  17.761  17.725  10023.96     3631.0       z 
 60481.231  17.829  17.798  17.774   4746.48     3631.0   g-P48 
 60481.231  17.837  17.803  17.778   4735.89     3631.0       g 
 60481.303  17.648  17.633  17.617   6366.38     3631.0   r-P48 
 60481.303  17.653  17.637  17.619   6629.82     3631.0  orange 
 60481.303  17.656  17.644  17.629   6198.96     3631.0       r 
 60481.303  17.672  17.651  17.629   7645.77     3631.0       i 
 60481.303  17.739  17.718  17.701   5182.42     3631.0    cyan 
 60481.303  17.789  17.762  17.726  10023.96     3631.0       z 
 60481.303   17.83  17.799  17.775   4746.48     3631.0   g-P48 
 60481.303  17.838  17.804  17.779   4735.89     3631.0       g 
 60481.606  17.652  17.638  17.621   6366.38     3631.0   r-P48 
 60481.606  17.657  17.641  17.623   6629.82     3631.0  orange 
 60481.606   17.66  17.649  17.633   6198.96     3631.0       r 
 60481.606  17.677  17.656  17.633   7645.77     3631.0       i 
 60481.606  17.743  17.722  17.705   5182.42     3631.0    cyan 
 60481.606  17.794  17.766  17.731  10023.96     3631.0       z 
 60481.606  17.835  17.803  17.779   4746.48     3631.0   g-P48 
 60481.606  17.842  17.808  17.784   4735.89     3631.0       g 
 60482.339  17.663  17.649  17.632   6366.38     3631.0   r-P48 
 60482.339  17.668  17.651  17.634   6629.82     3631.0  orange 
 60482.339  17.671  17.659  17.643   6198.96     3631.0       r 
 60482.339  17.687  17.666  17.644   7645.77     3631.0       i 
 60482.339  17.754  17.733  17.716   5182.42     3631.0    cyan 
 60482.339  17.804  17.777  17.741  10023.96     3631.0       z 
 60482.339  17.845  17.813   17.79   4746.48     3631.0   g-P48 
 60482.339  17.853  17.819  17.794   4735.89     3631.0       g 
  60483.25  17.676  17.662  17.645   6366.38     3631.0   r-P48 
  60483.25  17.681  17.665  17.646   6629.82     3631.0  orange 
  60483.25  17.684  17.672  17.656   6198.96     3631.0       r 
  60483.25    17.7  17.679  17.657   7645.77     3631.0       i 
  60483.25  17.767  17.746  17.729   5182.42     3631.0    cyan 
  60483.25  17.818   17.79  17.755  10023.96     3631.0       z 
  60483.25  17.859  17.827  17.802   4746.48     3631.0   g-P48 
  60483.25  17.867  17.832  17.806   4735.89     3631.0       g 
 60483.277  17.676  17.662  17.645   6366.38     3631.0   r-P48 
 60483.277  17.681  17.665  17.647   6629.82     3631.0  orange 
 60483.277  17.685  17.673  17.657   6198.96     3631.0       r 
 60483.277    17.7   17.68  17.657   7645.77     3631.0       i 
 60483.277  17.768  17.747  17.729   5182.42     3631.0    cyan 
 60483.277  17.818   17.79  17.755  10023.96     3631.0       z 
 60483.277  17.859  17.827  17.803   4746.48     3631.0   g-P48 
 60483.277  17.867  17.832  17.807   4735.89     3631.0       g 
 60483.845  17.684   17.67  17.654   6366.38     3631.0   r-P48 
 60483.845   17.69  17.674  17.655   6629.82     3631.0  orange 
 60483.845  17.693  17.681  17.665   6198.96     3631.0       r 
 60483.845  17.709  17.688  17.665   7645.77     3631.0       i 
 60483.845  17.776  17.755  17.737   5182.42     3631.0    cyan 
 60483.845  17.826  17.798  17.763  10023.96     3631.0       z 
 60483.845  17.868  17.835  17.811   4746.48     3631.0   g-P48 
 60483.845  17.875   17.84  17.815   4735.89     3631.0       g 
 60483.908  17.685  17.671  17.654   6366.38     3631.0   r-P48 
 60483.908  17.691  17.674  17.656   6629.82     3631.0  orange 
 60483.908  17.694  17.682  17.666   6198.96     3631.0       r 
 60483.908   17.71  17.689  17.666   7645.77     3631.0       i 
 60483.908  17.777  17.756  17.738   5182.42     3631.0    cyan 
 60483.908  17.827  17.799  17.764  10023.96     3631.0       z 
 60483.908  17.868  17.836  17.812   4746.48     3631.0   g-P48 
 60483.908  17.876  17.841  17.816   4735.89     3631.0       g 
 60484.885  17.699  17.685  17.669   6366.38     3631.0   r-P48 
 60484.885  17.705  17.689   17.67   6629.82     3631.0  orange 
 60484.885  17.708  17.696   17.68   6198.96     3631.0       r 
 60484.885  17.724  17.703   17.68   7645.77     3631.0       i 
 60484.885  17.792   17.77  17.753   5182.42     3631.0    cyan 
 60484.885  17.842  17.813  17.779  10023.96     3631.0       z 
 60484.885  17.883   17.85  17.826   4746.48     3631.0   g-P48 
 60484.885  17.891  17.855  17.829   4735.89     3631.0       g 
 60485.233  17.704   17.69  17.674   6366.38     3631.0   r-P48 
 60485.233   17.71  17.694  17.675   6629.82     3631.0  orange 
 60485.233  17.713  17.701  17.685   6198.96     3631.0       r 
 60485.233  17.729  17.708  17.685   7645.77     3631.0       i 
 60485.233  17.797  17.775  17.758   5182.42     3631.0    cyan 
 60485.233  17.847  17.818  17.784  10023.96     3631.0       z 
 60485.233  17.888  17.855  17.831   4746.48     3631.0   g-P48 
 60485.233  17.896   17.86  17.834   4735.89     3631.0       g 
 60486.083  17.717  17.703  17.686   6366.38     3631.0   r-P48 
 60486.083  17.722  17.706  17.687   6629.82     3631.0  orange 
 60486.083  17.726  17.713  17.698   6198.96     3631.0       r 
 60486.083  17.741   17.72  17.698   7645.77     3631.0       i 
 60486.083   17.81  17.787   17.77   5182.42     3631.0    cyan 
 60486.083  17.859   17.83  17.796  10023.96     3631.0       z 
 60486.083    17.9  17.867  17.843   4746.48     3631.0   g-P48 
 60486.083  17.908  17.873  17.847   4735.89     3631.0       g 
  60486.55  17.723  17.709  17.693   6366.38     3631.0   r-P48 
  60486.55  17.728  17.713  17.694   6629.82     3631.0  orange 
  60486.55  17.732   17.72  17.704   6198.96     3631.0       r 
  60486.55  17.748  17.727  17.705   7645.77     3631.0       i 
  60486.55  17.817  17.794  17.777   5182.42     3631.0    cyan 
  60486.55  17.866  17.837  17.803  10023.96     3631.0       z 
  60486.55  17.907  17.874   17.85   4746.48     3631.0   g-P48 
  60486.55  17.915  17.879  17.853   4735.89     3631.0       g 
 60487.214  17.733  17.719  17.702   6366.38     3631.0   r-P48 
 60487.214  17.738  17.723  17.703   6629.82     3631.0  orange 
 60487.214  17.742   17.73  17.714   6198.96     3631.0       r 
 60487.214  17.757  17.736  17.714   7645.77     3631.0       i 
 60487.214  17.827  17.804  17.787   5182.42     3631.0    cyan 
 60487.214  17.875  17.846  17.813  10023.96     3631.0       z 
 60487.214  17.917  17.883   17.86   4746.48     3631.0   g-P48 
 60487.214  17.925  17.889  17.863   4735.89     3631.0       g 
 60487.295  17.734   17.72  17.704   6366.38     3631.0   r-P48 
 60487.295  17.739  17.724  17.705   6629.82     3631.0  orange 
 60487.295  17.743  17.731  17.715   6198.96     3631.0       r 
 60487.295  17.759  17.737  17.715   7645.77     3631.0       i 
 60487.295  17.828  17.805  17.788   5182.42     3631.0    cyan 
 60487.295  17.877  17.847  17.814  10023.96     3631.0       z 
 60487.295  17.918  17.885  17.861   4746.48     3631.0   g-P48 
 60487.295  17.926   17.89  17.864   4735.89     3631.0       g 
 60487.885  17.742  17.729  17.712   6366.38     3631.0   r-P48 
 60487.885  17.748  17.732  17.713   6629.82     3631.0  orange 
 60487.885  17.752   17.74  17.723   6198.96     3631.0       r 
 60487.885  17.767  17.746  17.724   7645.77     3631.0       i 
 60487.885  17.837  17.813  17.796   5182.42     3631.0    cyan 
 60487.885  17.885  17.856  17.823  10023.96     3631.0       z 
 60487.885  17.927  17.893  17.869   4746.48     3631.0   g-P48 
 60487.885  17.935  17.899  17.873   4735.89     3631.0       g 
 60488.321  17.749  17.735  17.719   6366.38     3631.0   r-P48 
 60488.321  17.754  17.739   17.72   6629.82     3631.0  orange 
 60488.321  17.758  17.746   17.73   6198.96     3631.0       r 
 60488.321  17.773  17.752   17.73   7645.77     3631.0       i 
 60488.321  17.843   17.82  17.803   5182.42     3631.0    cyan 
 60488.321  17.891  17.862  17.829  10023.96     3631.0       z 
 60488.321  17.933  17.899  17.876   4746.48     3631.0   g-P48 
 60488.321  17.941  17.905  17.879   4735.89     3631.0       g 
 60488.881  17.757  17.743  17.727   6366.38     3631.0   r-P48 
 60488.881  17.762  17.747  17.728   6629.82     3631.0  orange 
 60488.881  17.767  17.754  17.738   6198.96     3631.0       r 
 60488.881  17.782  17.761  17.739   7645.77     3631.0       i 
 60488.881  17.851  17.828  17.811   5182.42     3631.0    cyan 
 60488.881  17.899  17.871  17.837  10023.96     3631.0       z 
 60488.881  17.942  17.907  17.884   4746.48     3631.0   g-P48 
 60488.881   17.95  17.913  17.887   4735.89     3631.0       g 
 60489.215  17.762  17.748  17.732   6366.38     3631.0   r-P48 
 60489.215  17.767  17.751  17.733   6629.82     3631.0  orange 
 60489.215  17.771  17.759  17.743   6198.96     3631.0       r 
 60489.215  17.786  17.766  17.743   7645.77     3631.0       i 
 60489.215  17.856  17.833  17.816   5182.42     3631.0    cyan 
 60489.215  17.904  17.875  17.842  10023.96     3631.0       z 
 60489.215  17.947  17.912  17.889   4746.48     3631.0   g-P48 
 60489.215  17.954  17.918  17.892   4735.89     3631.0       g 
 60490.156  17.776  17.762  17.745   6366.38     3631.0   r-P48 
 60490.156  17.781  17.765  17.747   6629.82     3631.0  orange 
 60490.156  17.785  17.773  17.757   6198.96     3631.0       r 
 60490.156    17.8  17.779  17.757   7645.77     3631.0       i 
 60490.156   17.87  17.847  17.829   5182.42     3631.0    cyan 
 60490.156  17.918  17.889  17.856  10023.96     3631.0       z 
 60490.156   17.96  17.926  17.902   4746.48     3631.0   g-P48 
 60490.156  17.968  17.931  17.905   4735.89     3631.0       g 
  60490.56  17.782  17.767  17.751   6366.38     3631.0   r-P48 
  60490.56  17.787  17.771  17.752   6629.82     3631.0  orange 
  60490.56  17.791  17.778  17.763   6198.96     3631.0       r 
  60490.56  17.806  17.785  17.763   7645.77     3631.0       i 
  60490.56  17.876  17.853  17.835   5182.42     3631.0    cyan 
  60490.56  17.924  17.895  17.862  10023.96     3631.0       z 
  60490.56  17.966  17.932  17.908   4746.48     3631.0   g-P48 
  60490.56  17.974  17.937  17.911   4735.89     3631.0       g 
 60491.078  17.789  17.775  17.759   6366.38     3631.0   r-P48 
 60491.078  17.794  17.779   17.76   6629.82     3631.0  orange 
 60491.078  17.799  17.786   17.77   6198.96     3631.0       r 
 60491.078  17.813  17.792  17.771   7645.77     3631.0       i 
 60491.078  17.883   17.86  17.842   5182.42     3631.0    cyan 
 60491.078  17.931  17.902   17.87  10023.96     3631.0       z 
 60491.078  17.974  17.939  17.915   4746.48     3631.0   g-P48 
 60491.078  17.982  17.945  17.918   4735.89     3631.0       g 
 60491.227  17.791  17.777  17.761   6366.38     3631.0   r-P48 
 60491.227  17.796  17.781  17.762   6629.82     3631.0  orange 
 60491.227  17.801  17.788  17.772   6198.96     3631.0       r 
 60491.227  17.816  17.795  17.773   7645.77     3631.0       i 
 60491.227  17.885  17.862  17.844   5182.42     3631.0    cyan 
 60491.227  17.933  17.904  17.872  10023.96     3631.0       z 
 60491.227  17.976  17.941  17.917   4746.48     3631.0   g-P48 
 60491.227  17.984  17.947  17.921   4735.89     3631.0       g 
 60491.255  17.792  17.777  17.761   6366.38     3631.0   r-P48 
 60491.255  17.797  17.781  17.763   6629.82     3631.0  orange 
 60491.255  17.802  17.789  17.773   6198.96     3631.0       r 
 60491.255  17.816  17.795  17.773   7645.77     3631.0       i 
 60491.255  17.886  17.863  17.845   5182.42     3631.0    cyan 
 60491.255  17.934  17.905  17.872  10023.96     3631.0       z 
 60491.255  17.976  17.942  17.918   4746.48     3631.0   g-P48 
 60491.255  17.985  17.948  17.921   4735.89     3631.0       g 
 60492.389  17.808  17.794  17.778   6366.38     3631.0   r-P48 
 60492.389  17.813  17.798  17.779   6629.82     3631.0  orange 
 60492.389  17.818  17.805  17.789   6198.96     3631.0       r 
 60492.389  17.833  17.812   17.79   7645.77     3631.0       i 
 60492.389  17.902  17.879  17.861   5182.42     3631.0    cyan 
 60492.389   17.95  17.921  17.889  10023.96     3631.0       z 
 60492.389  17.993  17.958  17.934   4746.48     3631.0   g-P48 
 60492.389  18.001  17.965  17.937   4735.89     3631.0       g 
 60492.798  17.814    17.8  17.784   6366.38     3631.0   r-P48 
 60492.798  17.819  17.804  17.785   6629.82     3631.0  orange 
 60492.798  17.825  17.812  17.795   6198.96     3631.0       r 
 60492.798  17.838  17.818  17.796   7645.77     3631.0       i 
 60492.798  17.908  17.885  17.867   5182.42     3631.0    cyan 
 60492.798  17.956  17.927  17.895  10023.96     3631.0       z 
 60492.798  17.999  17.964   17.94   4746.48     3631.0   g-P48 
 60492.798  18.007  17.971  17.943   4735.89     3631.0       g 
 60492.818  17.815    17.8  17.784   6366.38     3631.0   r-P48 
 60492.818  17.819  17.804  17.785   6629.82     3631.0  orange 
 60492.818  17.825  17.812  17.796   6198.96     3631.0       r 
 60492.818  17.839  17.818  17.796   7645.77     3631.0       i 
 60492.818  17.908  17.886  17.867   5182.42     3631.0    cyan 
 60492.818  17.957  17.927  17.895  10023.96     3631.0       z 
 60492.818  17.999  17.965   17.94   4746.48     3631.0   g-P48 
 60492.818  18.007  17.971  17.944   4735.89     3631.0       g 
 60494.197  17.835   17.82  17.804   6366.38     3631.0   r-P48 
 60494.197  17.839  17.824  17.806   6629.82     3631.0  orange 
 60494.197  17.845  17.832  17.816   6198.96     3631.0       r 
 60494.197  17.859  17.838  17.816   7645.77     3631.0       i 
 60494.197  17.928  17.906  17.887   5182.42     3631.0    cyan 
 60494.197  17.977  17.948  17.915  10023.96     3631.0       z 
 60494.197  18.019  17.985   17.96   4746.48     3631.0   g-P48 
 60494.197  18.028  17.991  17.964   4735.89     3631.0       g 
 60495.036  17.847  17.833  17.816   6366.38     3631.0   r-P48 
 60495.036  17.851  17.836  17.818   6629.82     3631.0  orange 
 60495.036  17.858  17.844  17.828   6198.96     3631.0       r 
 60495.036  17.872  17.851  17.829   7645.77     3631.0       i 
 60495.036   17.94  17.918  17.899   5182.42     3631.0    cyan 
 60495.036   17.99   17.96  17.928  10023.96     3631.0       z 
 60495.036  18.032  17.998  17.973   4746.48     3631.0   g-P48 
 60495.036   18.04  18.004  17.976   4735.89     3631.0       g 
 60496.811  17.873  17.859  17.842   6366.38     3631.0   r-P48 
 60496.811  17.877  17.862  17.844   6629.82     3631.0  orange 
 60496.811  17.884   17.87  17.854   6198.96     3631.0       r 
 60496.811  17.898  17.877  17.855   7645.77     3631.0       i 
 60496.811  17.967  17.944  17.924   5182.42     3631.0    cyan 
 60496.811  18.016  17.986  17.954  10023.96     3631.0       z 
 60496.811  18.058  18.024  17.999   4746.48     3631.0   g-P48 
 60496.811  18.067  18.029  18.002   4735.89     3631.0       g 
 60497.275   17.88  17.866  17.849   6366.38     3631.0   r-P48 
 60497.275  17.884  17.869  17.851   6629.82     3631.0  orange 
 60497.275   17.89  17.877  17.861   6198.96     3631.0       r 
 60497.275  17.904  17.884  17.862   7645.77     3631.0       i 
 60497.275  17.973  17.951  17.931   5182.42     3631.0    cyan 
 60497.275  18.023  17.993   17.96  10023.96     3631.0       z 
 60497.275  18.065  18.031  18.006   4746.48     3631.0   g-P48 
 60497.275  18.074  18.036  18.009   4735.89     3631.0       g 
 60498.198  17.893   17.88  17.862   6366.38     3631.0   r-P48 
 60498.198  17.898  17.882  17.865   6629.82     3631.0  orange 
 60498.198  17.904   17.89  17.874   6198.96     3631.0       r 
 60498.198  17.918  17.897  17.875   7645.77     3631.0       i 
 60498.198  17.987  17.964  17.944   5182.42     3631.0    cyan 
 60498.198  18.037  18.006  17.974  10023.96     3631.0       z 
 60498.198  18.079  18.044   18.02   4746.48     3631.0   g-P48 
 60498.198  18.087  18.049  18.022   4735.89     3631.0       g 
 60499.058  17.906  17.892  17.875   6366.38     3631.0   r-P48 
 60499.058   17.91  17.895  17.877   6629.82     3631.0  orange 
 60499.058  17.917  17.903  17.887   6198.96     3631.0       r 
 60499.058  17.931  17.909  17.888   7645.77     3631.0       i 
 60499.058  17.999  17.977  17.957   5182.42     3631.0    cyan 
 60499.058   18.05  18.019  17.987  10023.96     3631.0       z 
 60499.058  18.092  18.057  18.032   4746.48     3631.0   g-P48 
 60499.058    18.1  18.062  18.035   4735.89     3631.0       g 
 60499.513  17.913  17.899  17.882   6366.38     3631.0   r-P48 
 60499.513  17.917  17.901  17.884   6629.82     3631.0  orange 
 60499.513  17.924   17.91  17.893   6198.96     3631.0       r 
 60499.513  17.937  17.916  17.895   7645.77     3631.0       i 
 60499.513  18.006  17.984  17.963   5182.42     3631.0    cyan 
 60499.513  18.056  18.025  17.993  10023.96     3631.0       z 
 60499.513  18.098  18.064  18.039   4746.48     3631.0   g-P48 
 60499.513  18.106  18.069  18.042   4735.89     3631.0       g 
 60500.305  17.924  17.911  17.893   6366.38     3631.0   r-P48 
 60500.305  17.929  17.913  17.895   6629.82     3631.0  orange 
 60500.305  17.935  17.922  17.905   6198.96     3631.0       r 
 60500.305  17.949  17.928  17.906   7645.77     3631.0       i 
 60500.305  18.017  17.995  17.975   5182.42     3631.0    cyan 
 60500.305  18.068  18.037  18.005  10023.96     3631.0       z 
 60500.305   18.11  18.075  18.051   4746.48     3631.0   g-P48 
 60500.305  18.118   18.08  18.053   4735.89     3631.0       g 
 60501.752  17.946  17.932  17.914   6366.38     3631.0   r-P48 
 60501.752   17.95  17.934  17.916   6629.82     3631.0  orange 
 60501.752  17.957  17.943  17.926   6198.96     3631.0       r 
 60501.752   17.97  17.949  17.927   7645.77     3631.0       i 
 60501.752  18.039  18.016  17.996   5182.42     3631.0    cyan 
 60501.752  18.089  18.058  18.026  10023.96     3631.0       z 
 60501.752  18.131  18.097  18.071   4746.48     3631.0   g-P48 
 60501.752  18.139  18.102  18.074   4735.89     3631.0       g 
 60502.242  17.953  17.939  17.921   6366.38     3631.0   r-P48 
 60502.242  17.957  17.941  17.924   6629.82     3631.0  orange 
 60502.242  17.964   17.95  17.933   6198.96     3631.0       r 
 60502.242  17.977  17.957  17.935   7645.77     3631.0       i 
 60502.242  18.046  18.023  18.003   5182.42     3631.0    cyan 
 60502.242  18.096  18.065  18.033  10023.96     3631.0       z 
 60502.242  18.138  18.104  18.078   4746.48     3631.0   g-P48 
 60502.242  18.146  18.109  18.082   4735.89     3631.0       g 
 60502.278  17.954  17.939  17.922   6366.38     3631.0   r-P48 
 60502.278  17.957  17.942  17.924   6629.82     3631.0  orange 
 60502.278  17.964  17.951  17.934   6198.96     3631.0       r 
 60502.278  17.977  17.957  17.935   7645.77     3631.0       i 
 60502.278  18.046  18.024  18.004   5182.42     3631.0    cyan 
 60502.278  18.096  18.066  18.034  10023.96     3631.0       z 
 60502.278  18.138  18.104  18.079   4746.48     3631.0   g-P48 
 60502.278  18.146   18.11  18.082   4735.89     3631.0       g 
  60503.99  17.979  17.964  17.947   6366.38     3631.0   r-P48 
  60503.99  17.983  17.967  17.949   6629.82     3631.0  orange 
  60503.99   17.99  17.976  17.959   6198.96     3631.0       r 
  60503.99  18.002  17.983   17.96   7645.77     3631.0       i 
  60503.99  18.071  18.048  18.029   5182.42     3631.0    cyan 
  60503.99  18.121  18.091  18.059  10023.96     3631.0       z 
  60503.99  18.163  18.129  18.103   4746.48     3631.0   g-P48 
  60503.99  18.172  18.135  18.107   4735.89     3631.0       g 
 60506.228  18.012  17.997   17.98   6366.38     3631.0   r-P48 
 60506.228  18.015    18.0  17.983   6629.82     3631.0  orange 
 60506.228  18.022  18.009  17.992   6198.96     3631.0       r 
 60506.228  18.035  18.016  17.993   7645.77     3631.0       i 
 60506.228  18.103  18.081  18.061   5182.42     3631.0    cyan 
 60506.228  18.154  18.123  18.091  10023.96     3631.0       z 
 60506.228  18.196  18.161  18.135   4746.48     3631.0   g-P48 
 60506.228  18.204  18.167   18.14   4735.89     3631.0       g 
 60508.205  18.041  18.026  18.009   6366.38     3631.0   r-P48 
 60508.205  18.045  18.029  18.012   6629.82     3631.0  orange 
 60508.205  18.052  18.038   18.02   6198.96     3631.0       r 
 60508.205  18.064  18.044  18.022   7645.77     3631.0       i 
 60508.205  18.132   18.11  18.089   5182.42     3631.0    cyan 
 60508.205  18.183  18.152   18.12  10023.96     3631.0       z 
 60508.205  18.225   18.19  18.163   4746.48     3631.0   g-P48 
 60508.205  18.233  18.196  18.169   4735.89     3631.0       g 
 60508.324  18.043  18.028  18.011   6366.38     3631.0   r-P48 
 60508.324  18.046   18.03  18.013   6629.82     3631.0  orange 
 60508.324  18.054   18.04  18.022   6198.96     3631.0       r 
 60508.324  18.066  18.046  18.024   7645.77     3631.0       i 
 60508.324  18.134  18.112  18.091   5182.42     3631.0    cyan 
 60508.324  18.185  18.154  18.122  10023.96     3631.0       z 
 60508.324  18.227  18.192  18.165   4746.48     3631.0   g-P48 
 60508.324  18.235  18.198   18.17   4735.89     3631.0       g 
 60508.467  18.045   18.03  18.013   6366.38     3631.0   r-P48 
 60508.467  18.049  18.032  18.015   6629.82     3631.0  orange 
 60508.467  18.056  18.042  18.024   6198.96     3631.0       r 
 60508.467  18.068  18.048  18.026   7645.77     3631.0       i 
 60508.467  18.136  18.114  18.093   5182.42     3631.0    cyan 
 60508.467  18.187  18.156  18.124  10023.96     3631.0       z 
 60508.467  18.229  18.194  18.167   4746.48     3631.0   g-P48 
 60508.467  18.237    18.2  18.172   4735.89     3631.0       g 
 60510.214  18.071  18.055  18.038   6366.38     3631.0   r-P48 
 60510.214  18.075  18.058  18.041   6629.82     3631.0  orange 
 60510.214  18.082  18.067  18.049   6198.96     3631.0       r 
 60510.214  18.094  18.073  18.052   7645.77     3631.0       i 
 60510.214  18.162  18.139  18.118   5182.42     3631.0    cyan 
 60510.214  18.212  18.181  18.149  10023.96     3631.0       z 
 60510.214  18.255  18.219  18.193   4746.48     3631.0   g-P48 
 60510.214  18.263  18.225  18.198   4735.89     3631.0       g 
 60510.228  18.072  18.055  18.038   6366.38     3631.0   r-P48 
 60510.228  18.075  18.058  18.041   6629.82     3631.0  orange 
 60510.228  18.082  18.067  18.049   6198.96     3631.0       r 
 60510.228  18.094  18.073  18.052   7645.77     3631.0       i 
 60510.228  18.162   18.14  18.118   5182.42     3631.0    cyan 
 60510.228  18.212  18.181   18.15  10023.96     3631.0       z 
 60510.228  18.255  18.219  18.193   4746.48     3631.0   g-P48 
 60510.228  18.263  18.225  18.198   4735.89     3631.0       g 
 60510.705  18.079  18.062  18.045   6366.38     3631.0   r-P48 
 60510.705  18.082  18.065  18.048   6629.82     3631.0  orange 
 60510.705  18.089  18.074  18.056   6198.96     3631.0       r 
 60510.705  18.101   18.08  18.059   7645.77     3631.0       i 
 60510.705  18.169  18.147  18.125   5182.42     3631.0    cyan 
 60510.705  18.219  18.188  18.156  10023.96     3631.0       z 
 60510.705  18.262  18.226    18.2   4746.48     3631.0   g-P48 
 60510.705   18.27  18.232  18.205   4735.89     3631.0       g 
 60512.229  18.101  18.084  18.067   6366.38     3631.0   r-P48 
 60512.229  18.105  18.087   18.07   6629.82     3631.0  orange 
 60512.229  18.112  18.096  18.079   6198.96     3631.0       r 
 60512.229  18.123  18.103  18.081   7645.77     3631.0       i 
 60512.229  18.192  18.169  18.147   5182.42     3631.0    cyan 
 60512.229  18.241   18.21  18.178  10023.96     3631.0       z 
 60512.229  18.284  18.248  18.222   4746.48     3631.0   g-P48 
 60512.229  18.292  18.254  18.226   4735.89     3631.0       g 
 60512.856   18.11  18.093  18.076   6366.38     3631.0   r-P48 
 60512.856  18.114  18.096   18.08   6629.82     3631.0  orange 
 60512.856  18.121  18.106  18.088   6198.96     3631.0       r 
 60512.856  18.132  18.112   18.09   7645.77     3631.0       i 
 60512.856  18.201  18.178  18.156   5182.42     3631.0    cyan 
 60512.856   18.25   18.22  18.187  10023.96     3631.0       z 
 60512.856  18.293  18.257  18.232   4746.48     3631.0   g-P48 
 60512.856  18.301  18.263  18.235   4735.89     3631.0       g 
 60512.943  18.112  18.094  18.078   6366.38     3631.0   r-P48 
 60512.943  18.116  18.098  18.081   6629.82     3631.0  orange 
 60512.943  18.122  18.107  18.089   6198.96     3631.0       r 
 60512.943  18.133  18.113  18.091   7645.77     3631.0       i 
 60512.943  18.202  18.179  18.157   5182.42     3631.0    cyan 
 60512.943  18.251  18.221  18.189  10023.96     3631.0       z 
 60512.943  18.295  18.259  18.233   4746.48     3631.0   g-P48 
 60512.943  18.302  18.264  18.236   4735.89     3631.0       g 
  60514.19   18.13  18.112  18.096   6366.38     3631.0   r-P48 
  60514.19  18.134  18.116  18.099   6629.82     3631.0  orange 
  60514.19   18.14  18.125  18.107   6198.96     3631.0       r 
  60514.19  18.152  18.132  18.109   7645.77     3631.0       i 
  60514.19  18.221  18.197  18.175   5182.42     3631.0    cyan 
  60514.19  18.269  18.239  18.207  10023.96     3631.0       z 
  60514.19  18.313  18.277  18.251   4746.48     3631.0   g-P48 
  60514.19  18.321  18.282  18.254   4735.89     3631.0       g 
 60514.241  18.131  18.113  18.097   6366.38     3631.0   r-P48 
 60514.241  18.135  18.116  18.099   6629.82     3631.0  orange 
 60514.241  18.141  18.125  18.108   6198.96     3631.0       r 
 60514.241  18.152  18.132   18.11   7645.77     3631.0       i 
 60514.241  18.221  18.198  18.176   5182.42     3631.0    cyan 
 60514.241   18.27   18.24  18.208  10023.96     3631.0       z 
 60514.241  18.313  18.277  18.252   4746.48     3631.0   g-P48 
 60514.241  18.321  18.283  18.255   4735.89     3631.0       g 
 60515.182  18.144  18.127  18.111   6366.38     3631.0   r-P48 
 60515.182  18.149   18.13  18.113   6629.82     3631.0  orange 
 60515.182  18.155  18.139  18.121   6198.96     3631.0       r 
 60515.182  18.166  18.146  18.124   7645.77     3631.0       i 
 60515.182  18.235  18.212   18.19   5182.42     3631.0    cyan 
 60515.182  18.284  18.254  18.222  10023.96     3631.0       z 
 60515.182  18.327  18.291  18.265   4746.48     3631.0   g-P48 
 60515.182  18.335  18.297  18.269   4735.89     3631.0       g 
  60515.85  18.154  18.136   18.12   6366.38     3631.0   r-P48 
  60515.85  18.159   18.14  18.122   6629.82     3631.0  orange 
  60515.85  18.164  18.148  18.131   6198.96     3631.0       r 
  60515.85  18.175  18.156  18.134   7645.77     3631.0       i 
  60515.85  18.245  18.222  18.199   5182.42     3631.0    cyan 
  60515.85  18.293  18.264  18.231  10023.96     3631.0       z 
  60515.85  18.337    18.3  18.275   4746.48     3631.0   g-P48 
  60515.85  18.345  18.306  18.279   4735.89     3631.0       g 
 60516.793  18.168   18.15  18.133   6366.38     3631.0   r-P48 
 60516.793  18.173  18.154  18.136   6629.82     3631.0  orange 
 60516.793  18.178  18.162  18.144   6198.96     3631.0       r 
 60516.793  18.189  18.169  18.148   7645.77     3631.0       i 
 60516.793  18.259  18.235  18.213   5182.42     3631.0    cyan 
 60516.793  18.307  18.277  18.245  10023.96     3631.0       z 
 60516.793   18.35  18.314  18.288   4746.48     3631.0   g-P48 
 60516.793  18.359   18.32  18.292   4735.89     3631.0       g 
  60517.19  18.174  18.156  18.139   6366.38     3631.0   r-P48 
  60517.19  18.179  18.159  18.142   6629.82     3631.0  orange 
  60517.19  18.184  18.168   18.15   6198.96     3631.0       r 
  60517.19  18.195  18.175  18.153   7645.77     3631.0       i 
  60517.19  18.265  18.241  18.219   5182.42     3631.0    cyan 
  60517.19  18.313  18.283  18.251  10023.96     3631.0       z 
  60517.19  18.356   18.32  18.294   4746.48     3631.0   g-P48 
  60517.19  18.364  18.325  18.298   4735.89     3631.0       g 
  60517.42  18.177  18.159  18.143   6366.38     3631.0   r-P48 
  60517.42  18.182  18.163  18.145   6629.82     3631.0  orange 
  60517.42  18.187  18.171  18.153   6198.96     3631.0       r 
  60517.42  18.198  18.178  18.157   7645.77     3631.0       i 
  60517.42  18.268  18.244  18.222   5182.42     3631.0    cyan 
  60517.42  18.316  18.287  18.254  10023.96     3631.0       z 
  60517.42   18.36  18.323  18.297   4746.48     3631.0   g-P48 
  60517.42  18.368  18.329  18.302   4735.89     3631.0       g 
 60518.089  18.187  18.169  18.152   6366.38     3631.0   r-P48 
 60518.089  18.192  18.172  18.155   6629.82     3631.0  orange 
 60518.089  18.197  18.181  18.163   6198.96     3631.0       r 
 60518.089  18.208  18.188  18.166   7645.77     3631.0       i 
 60518.089  18.278  18.254  18.232   5182.42     3631.0    cyan 
 60518.089  18.326  18.296  18.264  10023.96     3631.0       z 
 60518.089   18.37  18.333  18.307   4746.48     3631.0   g-P48 
 60518.089  18.378  18.338  18.312   4735.89     3631.0       g 
 60518.264  18.189  18.171  18.155   6366.38     3631.0   r-P48 
 60518.264  18.194  18.175  18.157   6629.82     3631.0  orange 
 60518.264  18.199  18.184  18.166   6198.96     3631.0       r 
 60518.264  18.211  18.191  18.169   7645.77     3631.0       i 
 60518.264  18.281  18.257  18.235   5182.42     3631.0    cyan 
 60518.264  18.329  18.299  18.266  10023.96     3631.0       z 
 60518.264  18.372  18.335   18.31   4746.48     3631.0   g-P48 
 60518.264   18.38  18.341  18.314   4735.89     3631.0       g 
  60519.05  18.201  18.183  18.166   6366.38     3631.0   r-P48 
  60519.05  18.205  18.186  18.169   6629.82     3631.0  orange 
  60519.05  18.211  18.195  18.177   6198.96     3631.0       r 
  60519.05  18.222  18.202   18.18   7645.77     3631.0       i 
  60519.05  18.292  18.268  18.247   5182.42     3631.0    cyan 
  60519.05  18.341   18.31  18.278  10023.96     3631.0       z 
  60519.05  18.384  18.347  18.321   4746.48     3631.0   g-P48 
  60519.05  18.392  18.353  18.326   4735.89     3631.0       g 
 60519.178  18.203  18.184  18.168   6366.38     3631.0   r-P48 
 60519.178  18.207  18.188  18.171   6629.82     3631.0  orange 
 60519.178  18.212  18.197  18.179   6198.96     3631.0       r 
 60519.178  18.224  18.204  18.182   7645.77     3631.0       i 
 60519.178  18.294   18.27  18.249   5182.42     3631.0    cyan 
 60519.178  18.343  18.312   18.28  10023.96     3631.0       z 
 60519.178  18.386  18.349  18.323   4746.48     3631.0   g-P48 
 60519.178  18.394  18.355  18.328   4735.89     3631.0       g 
 60519.658   18.21  18.191  18.175   6366.38     3631.0   r-P48 
 60519.658  18.214  18.195  18.178   6629.82     3631.0  orange 
 60519.658  18.219  18.203  18.186   6198.96     3631.0       r 
 60519.658  18.231  18.211  18.189   7645.77     3631.0       i 
 60519.658  18.301  18.276  18.256   5182.42     3631.0    cyan 
 60519.658   18.35  18.319  18.287  10023.96     3631.0       z 
 60519.658  18.393  18.356   18.33   4746.48     3631.0   g-P48 
 60519.658  18.401  18.362  18.335   4735.89     3631.0       g 
 60520.267  18.219    18.2  18.184   6366.38     3631.0   r-P48 
 60520.267  18.223  18.204  18.186   6629.82     3631.0  orange 
 60520.267  18.228  18.212  18.195   6198.96     3631.0       r 
 60520.267   18.24  18.219  18.197   7645.77     3631.0       i 
 60520.267   18.31  18.285  18.265   5182.42     3631.0    cyan 
 60520.267  18.359  18.328  18.295  10023.96     3631.0       z 
 60520.267  18.402  18.365  18.339   4746.48     3631.0   g-P48 
 60520.267  18.409  18.371  18.344   4735.89     3631.0       g 
 60521.897  18.242  18.224  18.207   6366.38     3631.0   r-P48 
 60521.897  18.246  18.227   18.21   6629.82     3631.0  orange 
 60521.897  18.252  18.235  18.219   6198.96     3631.0       r 
 60521.897  18.264  18.243  18.221   7645.77     3631.0       i 
 60521.897  18.334  18.309  18.288   5182.42     3631.0    cyan 
 60521.897  18.383  18.351  18.319  10023.96     3631.0       z 
 60521.897  18.425  18.388  18.362   4746.48     3631.0   g-P48 
 60521.897  18.433  18.394  18.367   4735.89     3631.0       g 
 60524.135  18.274  18.256  18.239   6366.38     3631.0   r-P48 
 60524.135  18.277   18.26  18.242   6629.82     3631.0  orange 
 60524.135  18.284  18.267   18.25   6198.96     3631.0       r 
 60524.135  18.296  18.275  18.253   7645.77     3631.0       i 
 60524.135  18.366   18.34   18.32   5182.42     3631.0    cyan 
 60524.135  18.415  18.384  18.351  10023.96     3631.0       z 
 60524.135  18.458   18.42  18.395   4746.48     3631.0   g-P48 
 60524.135  18.466  18.426  18.398   4735.89     3631.0       g 
  60524.76  18.283  18.265  18.248   6366.38     3631.0   r-P48 
  60524.76  18.286  18.269  18.251   6629.82     3631.0  orange 
  60524.76  18.293  18.276  18.259   6198.96     3631.0       r 
  60524.76  18.305  18.284  18.261   7645.77     3631.0       i 
  60524.76  18.375  18.349  18.329   5182.42     3631.0    cyan 
  60524.76  18.424  18.393   18.36  10023.96     3631.0       z 
  60524.76  18.467  18.429  18.403   4746.48     3631.0   g-P48 
  60524.76  18.475  18.435  18.407   4735.89     3631.0       g 
 60526.373  18.307  18.288  18.272   6366.38     3631.0   r-P48 
 60526.373  18.308  18.292  18.275   6629.82     3631.0  orange 
 60526.373  18.317  18.299  18.283   6198.96     3631.0       r 
 60526.373  18.329  18.307  18.284   7645.77     3631.0       i 
 60526.373  18.399  18.372  18.351   5182.42     3631.0    cyan 
 60526.373  18.447  18.416  18.383  10023.96     3631.0       z 
 60526.373   18.49  18.452  18.426   4746.48     3631.0   g-P48 
 60526.373  18.498  18.457  18.429   4735.89     3631.0       g 
 60528.612  18.338   18.32  18.304   6366.38     3631.0   r-P48 
 60528.612   18.34  18.324  18.307   6629.82     3631.0  orange 
 60528.612  18.349  18.331  18.315   6198.96     3631.0       r 
 60528.612  18.361  18.339  18.316   7645.77     3631.0       i 
 60528.612  18.431  18.404  18.383   5182.42     3631.0    cyan 
 60528.612  18.478  18.448  18.415  10023.96     3631.0       z 
 60528.612  18.522  18.483  18.458   4746.48     3631.0   g-P48 
 60528.612   18.53  18.489  18.461   4735.89     3631.0       g 
  60530.85   18.37  18.351  18.336   6366.38     3631.0   r-P48 
  60530.85  18.372  18.355  18.338   6629.82     3631.0  orange 
  60530.85   18.38  18.362  18.346   6198.96     3631.0       r 
  60530.85  18.393  18.371  18.348   7645.77     3631.0       i 
  60530.85  18.463  18.436  18.414   5182.42     3631.0    cyan 
  60530.85  18.511  18.479  18.446  10023.96     3631.0       z 
  60530.85  18.555  18.515  18.489   4746.48     3631.0   g-P48 
  60530.85  18.562  18.521  18.493   4735.89     3631.0       g 
 60533.088  18.401  18.382  18.367   6366.38     3631.0   r-P48 
 60533.088  18.405  18.386   18.37   6629.82     3631.0  orange 
 60533.088  18.412  18.393  18.377   6198.96     3631.0       r 
 60533.088  18.425  18.402   18.38   7645.77     3631.0       i 
 60533.088  18.494  18.467  18.444   5182.42     3631.0    cyan 
 60533.088  18.542  18.511  18.478  10023.96     3631.0       z 
 60533.088  18.586  18.546  18.521   4746.48     3631.0   g-P48 
 60533.088  18.594  18.552  18.524   4735.89     3631.0       g 
 60535.327  18.432  18.413  18.399   6366.38     3631.0   r-P48 
 60535.327  18.436  18.417  18.401   6629.82     3631.0  orange 
 60535.327  18.443  18.425  18.408   6198.96     3631.0       r 
 60535.327  18.456  18.433  18.411   7645.77     3631.0       i 
 60535.327  18.525  18.499  18.476   5182.42     3631.0    cyan 
 60535.327  18.573  18.542   18.51  10023.96     3631.0       z 
 60535.327  18.617  18.578  18.552   4746.48     3631.0   g-P48 
 60535.327  18.625  18.583  18.556   4735.89     3631.0       g 
  60536.73  18.451  18.433  18.418   6366.38     3631.0   r-P48 
  60536.73  18.455  18.437   18.42   6629.82     3631.0  orange 
  60536.73  18.464  18.444  18.428   6198.96     3631.0       r 
  60536.73  18.475  18.452  18.431   7645.77     3631.0       i 
  60536.73  18.545  18.519  18.495   5182.42     3631.0    cyan 
  60536.73  18.593  18.561   18.53  10023.96     3631.0       z 
  60536.73  18.637  18.597  18.572   4746.48     3631.0   g-P48 
  60536.73  18.645  18.603  18.576   4735.89     3631.0       g 
 60537.565  18.463  18.444   18.43   6366.38     3631.0   r-P48 
 60537.565  18.467  18.448  18.432   6629.82     3631.0  orange 
 60537.565  18.475  18.456   18.44   6198.96     3631.0       r 
 60537.565  18.487  18.464  18.443   7645.77     3631.0       i 
 60537.565  18.557  18.531  18.507   5182.42     3631.0    cyan 
 60537.565  18.605  18.573  18.541  10023.96     3631.0       z 
 60537.565  18.649  18.609  18.584   4746.48     3631.0   g-P48 
 60537.565  18.657  18.614  18.587   4735.89     3631.0       g 
 60539.803  18.494  18.475  18.461   6366.38     3631.0   r-P48 
 60539.803  18.497  18.478  18.462   6629.82     3631.0  orange 
 60539.803  18.507  18.487  18.471   6198.96     3631.0       r 
 60539.803  18.517  18.494  18.474   7645.77     3631.0       i 
 60539.803  18.588  18.562  18.538   5182.42     3631.0    cyan 
 60539.803  18.637  18.603  18.572  10023.96     3631.0       z 
 60539.803  18.681   18.64  18.615   4746.48     3631.0   g-P48 
 60539.803  18.689  18.645  18.619   4735.89     3631.0       g 
 60540.744  18.508  18.488  18.473   6366.38     3631.0   r-P48 
 60540.744   18.51  18.492  18.475   6629.82     3631.0  orange 
 60540.744   18.52    18.5  18.483   6198.96     3631.0       r 
 60540.744   18.53  18.507  18.487   7645.77     3631.0       i 
 60540.744  18.601  18.576  18.551   5182.42     3631.0    cyan 
 60540.744   18.65  18.617  18.585  10023.96     3631.0       z 
 60540.744  18.694  18.653  18.628   4746.48     3631.0   g-P48 
 60540.744  18.702  18.658  18.632   4735.89     3631.0       g 
 60542.042  18.525  18.506  18.491   6366.38     3631.0   r-P48 
 60542.042  18.528   18.51  18.493   6629.82     3631.0  orange 
 60542.042  18.537  18.517  18.501   6198.96     3631.0       r 
 60542.042  18.548  18.525  18.505   7645.77     3631.0       i 
 60542.042  18.619  18.594  18.568   5182.42     3631.0    cyan 
 60542.042  18.668  18.634  18.603  10023.96     3631.0       z 
 60542.042  18.712  18.671  18.645   4746.48     3631.0   g-P48 
 60542.042  18.719  18.675   18.65   4735.89     3631.0       g 
 60542.268  18.528  18.509  18.494   6366.38     3631.0   r-P48 
 60542.268  18.531  18.513  18.497   6629.82     3631.0  orange 
 60542.268   18.54   18.52  18.504   6198.96     3631.0       r 
 60542.268  18.551  18.528  18.508   7645.77     3631.0       i 
 60542.268  18.622  18.597  18.571   5182.42     3631.0    cyan 
 60542.268  18.671  18.638  18.607  10023.96     3631.0       z 
 60542.268  18.715  18.674  18.648   4746.48     3631.0   g-P48 
 60542.268  18.722  18.678  18.654   4735.89     3631.0       g 
  60544.28  18.556  18.537  18.521   6366.38     3631.0   r-P48 
  60544.28  18.558   18.54  18.524   6629.82     3631.0  orange 
  60544.28  18.567  18.548  18.531   6198.96     3631.0       r 
  60544.28  18.579  18.556  18.536   7645.77     3631.0       i 
  60544.28  18.651  18.625  18.599   5182.42     3631.0    cyan 
  60544.28  18.698  18.665  18.635  10023.96     3631.0       z 
  60544.28  18.742  18.701  18.675   4746.48     3631.0   g-P48 
  60544.28  18.749  18.705  18.681   4735.89     3631.0       g 
  60544.75  18.563  18.543  18.527   6366.38     3631.0   r-P48 
  60544.75  18.565  18.546  18.531   6629.82     3631.0  orange 
  60544.75  18.574  18.554  18.537   6198.96     3631.0       r 
  60544.75  18.586  18.562  18.542   7645.77     3631.0       i 
  60544.75  18.657  18.631  18.605   5182.42     3631.0    cyan 
  60544.75  18.705  18.672  18.641  10023.96     3631.0       z 
  60544.75  18.748  18.707  18.681   4746.48     3631.0   g-P48 
  60544.75  18.756  18.712  18.687   4735.89     3631.0       g 
 60546.519  18.587  18.568  18.551   6366.38     3631.0   r-P48 
 60546.519  18.589  18.571  18.554   6629.82     3631.0  orange 
 60546.519  18.598  18.578  18.561   6198.96     3631.0       r 
 60546.519   18.61  18.586  18.567   7645.77     3631.0       i 
 60546.519  18.681  18.655  18.629   5182.42     3631.0    cyan 
 60546.519  18.729  18.696  18.666  10023.96     3631.0       z 
 60546.519  18.773  18.731  18.704   4746.48     3631.0   g-P48 
 60546.519   18.78  18.736   18.71   4735.89     3631.0       g 
 60548.757  18.618  18.598  18.581   6366.38     3631.0   r-P48 
 60548.757   18.62  18.601  18.584   6629.82     3631.0  orange 
 60548.757  18.629  18.609  18.591   6198.96     3631.0       r 
 60548.757  18.641  18.616  18.597   7645.77     3631.0       i 
 60548.757  18.711  18.685  18.659   5182.42     3631.0    cyan 
 60548.757  18.759  18.727  18.697  10023.96     3631.0       z 
 60548.757  18.804  18.761  18.735   4746.48     3631.0   g-P48 
 60548.757   18.81  18.767   18.74   4735.89     3631.0       g 
 60550.995  18.648  18.628  18.611   6366.38     3631.0   r-P48 
 60550.995  18.651  18.631  18.614   6629.82     3631.0  orange 
 60550.995   18.66   18.64  18.621   6198.96     3631.0       r 
 60550.995  18.673  18.646  18.627   7645.77     3631.0       i 
 60550.995  18.741  18.715  18.688   5182.42     3631.0    cyan 
 60550.995  18.789  18.757  18.728  10023.96     3631.0       z 
 60550.995  18.835  18.792  18.764   4746.48     3631.0   g-P48 
 60550.995  18.841  18.797  18.769   4735.89     3631.0       g 
 60553.234  18.679  18.658  18.641   6366.38     3631.0   r-P48 
 60553.234  18.682  18.661  18.643   6629.82     3631.0  orange 
 60553.234   18.69   18.67  18.651   6198.96     3631.0       r 
 60553.234  18.703  18.675  18.657   7645.77     3631.0       i 
 60553.234  18.772  18.745  18.718   5182.42     3631.0    cyan 
 60553.234   18.82  18.787  18.758  10023.96     3631.0       z 
 60553.234  18.865  18.823  18.793   4746.48     3631.0   g-P48 
 60553.234  18.872  18.827  18.799   4735.89     3631.0       g 
  60554.99  18.703  18.681  18.664   6366.38     3631.0   r-P48 
  60554.99  18.705  18.685  18.666   6629.82     3631.0  orange 
  60554.99  18.714  18.694  18.674   6198.96     3631.0       r 
  60554.99  18.727  18.698   18.68   7645.77     3631.0       i 
  60554.99  18.795  18.768  18.741   5182.42     3631.0    cyan 
  60554.99  18.844  18.811  18.782  10023.96     3631.0       z 
  60554.99  18.888  18.846  18.816   4746.48     3631.0   g-P48 
  60554.99  18.896  18.851  18.822   4735.89     3631.0       g 
 60555.018  18.703  18.682  18.664   6366.38     3631.0   r-P48 
 60555.018  18.706  18.685  18.666   6629.82     3631.0  orange 
 60555.018  18.714  18.694  18.674   6198.96     3631.0       r 
 60555.018  18.728  18.699   18.68   7645.77     3631.0       i 
 60555.018  18.796  18.769  18.742   5182.42     3631.0    cyan 
 60555.018  18.844  18.811  18.782  10023.96     3631.0       z 
 60555.018  18.889  18.847  18.817   4746.48     3631.0   g-P48 
 60555.018  18.896  18.852  18.822   4735.89     3631.0       g 
 60555.472  18.709  18.688   18.67   6366.38     3631.0   r-P48 
 60555.472  18.712  18.691  18.672   6629.82     3631.0  orange 
 60555.472   18.72    18.7   18.68   6198.96     3631.0       r 
 60555.472  18.734  18.705  18.686   7645.77     3631.0       i 
 60555.472  18.802  18.775  18.747   5182.42     3631.0    cyan 
 60555.472   18.85  18.817  18.788  10023.96     3631.0       z 
 60555.472  18.895  18.853  18.822   4746.48     3631.0   g-P48 
 60555.472  18.902  18.858  18.828   4735.89     3631.0       g 
  60557.71  18.739  18.717  18.699   6366.38     3631.0   r-P48 
  60557.71  18.742  18.722  18.702   6629.82     3631.0  orange 
  60557.71   18.75   18.73  18.709   6198.96     3631.0       r 
  60557.71  18.764  18.734  18.715   7645.77     3631.0       i 
  60557.71  18.832  18.804  18.777   5182.42     3631.0    cyan 
  60557.71   18.88  18.847  18.818  10023.96     3631.0       z 
  60557.71  18.925  18.882  18.852   4746.48     3631.0   g-P48 
  60557.71  18.932  18.887  18.857   4735.89     3631.0       g 
 60559.949  18.769  18.747  18.729   6366.38     3631.0   r-P48 
 60559.949  18.771  18.752   18.73   6629.82     3631.0  orange 
 60559.949   18.78  18.759  18.739   6198.96     3631.0       r 
 60559.949  18.794  18.764  18.744   7645.77     3631.0       i 
 60559.949  18.862  18.834  18.806   5182.42     3631.0    cyan 
 60559.949  18.909  18.876  18.846  10023.96     3631.0       z 
 60559.949  18.955  18.912  18.881   4746.48     3631.0   g-P48 
 60559.949  18.962  18.916  18.885   4735.89     3631.0       g 
 60562.187  18.799  18.777  18.757   6366.38     3631.0   r-P48 
 60562.187  18.801  18.781  18.759   6629.82     3631.0  orange 
 60562.187  18.809  18.788  18.767   6198.96     3631.0       r 
 60562.187  18.824  18.793  18.773   7645.77     3631.0       i 
 60562.187  18.891  18.863  18.835   5182.42     3631.0    cyan 
 60562.187  18.939  18.906  18.875  10023.96     3631.0       z 
 60562.187  18.985  18.941  18.909   4746.48     3631.0   g-P48 
 60562.187  18.991  18.945  18.915   4735.89     3631.0       g 
 60564.425  18.829  18.807  18.786   6366.38     3631.0   r-P48 
 60564.425  18.831   18.81  18.788   6629.82     3631.0  orange 
 60564.425  18.839  18.817  18.796   6198.96     3631.0       r 
 60564.425  18.854  18.821  18.802   7645.77     3631.0       i 
 60564.425  18.921  18.892  18.863   5182.42     3631.0    cyan 
 60564.425  18.969  18.934  18.904  10023.96     3631.0       z 
 60564.425  19.016  18.969  18.938   4746.48     3631.0   g-P48 
 60564.425  19.021  18.975  18.944   4735.89     3631.0       g 
 60566.664  18.858  18.836  18.815   6366.38     3631.0   r-P48 
 60566.664  18.861  18.839  18.817   6629.82     3631.0  orange 
 60566.664  18.868  18.845  18.825   6198.96     3631.0       r 
 60566.664  18.883   18.85   18.83   7645.77     3631.0       i 
 60566.664   18.95  18.921  18.892   5182.42     3631.0    cyan 
 60566.664  18.998  18.963  18.933  10023.96     3631.0       z 
 60566.664  19.045  18.998  18.968   4746.48     3631.0   g-P48 
 60566.664  19.052  19.004  18.973   4735.89     3631.0       g 
 60568.902  18.887  18.864  18.843   6366.38     3631.0   r-P48 
 60568.902  18.891  18.868  18.846   6629.82     3631.0  orange 
 60568.902  18.897  18.874  18.853   6198.96     3631.0       r 
 60568.902  18.912  18.879  18.859   7645.77     3631.0       i 
 60568.902  18.979  18.949  18.921   5182.42     3631.0    cyan 
 60568.902  19.027  18.992  18.962  10023.96     3631.0       z 
 60568.902  19.074  19.028  18.996   4746.48     3631.0   g-P48 
 60568.902  19.082  19.032  19.001   4735.89     3631.0       g 
  60571.14  18.916  18.893  18.871   6366.38     3631.0   r-P48 
  60571.14  18.921  18.896  18.874   6629.82     3631.0  orange 
  60571.14  18.926  18.903  18.881   6198.96     3631.0       r 
  60571.14  18.941  18.907  18.886   7645.77     3631.0       i 
  60571.14  19.008  18.977  18.949   5182.42     3631.0    cyan 
  60571.14  19.056   19.02   18.99  10023.96     3631.0       z 
  60571.14  19.102  19.057  19.025   4746.48     3631.0   g-P48 
  60571.14   19.11  19.061   19.03   4735.89     3631.0       g 
 60573.379  18.945  18.921  18.899   6366.38     3631.0   r-P48 
 60573.379   18.95  18.925  18.902   6629.82     3631.0  orange 
 60573.379  18.954  18.931  18.909   6198.96     3631.0       r 
 60573.379  18.969  18.936  18.914   7645.77     3631.0       i 
 60573.379  19.036  19.006  18.977   5182.42     3631.0    cyan 
 60573.379  19.085  19.048  19.018  10023.96     3631.0       z 
 60573.379  19.131  19.086  19.053   4746.48     3631.0   g-P48 
 60573.379  19.139   19.09  19.058   4735.89     3631.0       g 
 60575.617  18.973   18.95  18.927   6366.38     3631.0   r-P48 
 60575.617  18.978  18.953   18.93   6629.82     3631.0  orange 
 60575.617  18.983   18.96  18.937   6198.96     3631.0       r 
 60575.617  18.998  18.964  18.942   7645.77     3631.0       i 
 60575.617  19.065  19.034  19.005   5182.42     3631.0    cyan 
 60575.617  19.114  19.076  19.046  10023.96     3631.0       z 
 60575.617  19.159  19.114  19.082   4746.48     3631.0   g-P48 
 60575.617  19.168  19.118  19.086   4735.89     3631.0       g 
 60577.855  19.002  18.978  18.955   6366.38     3631.0   r-P48 
 60577.855  19.006  18.981  18.958   6629.82     3631.0  orange 
 60577.855  19.012  18.988  18.965   6198.96     3631.0       r 
 60577.855  19.026  18.993  18.969   7645.77     3631.0       i 
 60577.855  19.094  19.063  19.033   5182.42     3631.0    cyan 
 60577.855  19.143  19.103  19.074  10023.96     3631.0       z 
 60577.855  19.188  19.142  19.109   4746.48     3631.0   g-P48 
 60577.855  19.196  19.147  19.115   4735.89     3631.0       g 
 60580.094  19.031  19.006  18.983   6366.38     3631.0   r-P48 
 60580.094  19.034  19.009  18.985   6629.82     3631.0  orange 
 60580.094  19.041  19.016  18.992   6198.96     3631.0       r 
 60580.094  19.054  19.021  18.996   7645.77     3631.0       i 
 60580.094  19.122  19.091  19.061   5182.42     3631.0    cyan 
 60580.094  19.171  19.131  19.102  10023.96     3631.0       z 
 60580.094  19.216   19.17  19.136   4746.48     3631.0   g-P48 
 60580.094  19.224  19.175  19.142   4735.89     3631.0       g 
 60582.332  19.059  19.034   19.01   6366.38     3631.0   r-P48 
 60582.332  19.063  19.036  19.013   6629.82     3631.0  orange 
 60582.332  19.069  19.045   19.02   6198.96     3631.0       r 
 60582.332  19.082  19.049  19.024   7645.77     3631.0       i 
 60582.332   19.15  19.119  19.089   5182.42     3631.0    cyan 
 60582.332  19.199  19.159  19.129  10023.96     3631.0       z 
 60582.332  19.244  19.198  19.164   4746.48     3631.0   g-P48 
 60582.332  19.252  19.203  19.169   4735.89     3631.0       g 
 60584.571  19.087  19.061  19.037   6366.38     3631.0   r-P48 
 60584.571  19.091  19.064   19.04   6629.82     3631.0  orange 
 60584.571  19.098  19.073  19.047   6198.96     3631.0       r 
 60584.571   19.11  19.077  19.051   7645.77     3631.0       i 
 60584.571  19.178  19.147  19.116   5182.42     3631.0    cyan 
 60584.571  19.227  19.187  19.157  10023.96     3631.0       z 
 60584.571  19.272  19.226  19.191   4746.48     3631.0   g-P48 
 60584.571   19.28  19.231  19.196   4735.89     3631.0       g 
 60586.809  19.115  19.089  19.064   6366.38     3631.0   r-P48 
 60586.809  19.119  19.091  19.067   6629.82     3631.0  orange 
 60586.809  19.125    19.1  19.074   6198.96     3631.0       r 
 60586.809  19.139  19.104  19.078   7645.77     3631.0       i 
 60586.809  19.207  19.174  19.143   5182.42     3631.0    cyan 
 60586.809  19.255  19.214  19.185  10023.96     3631.0       z 
 60586.809  19.299  19.254  19.217   4746.48     3631.0   g-P48 
 60586.809  19.307  19.259  19.223   4735.89     3631.0       g 
 60589.047  19.143  19.116   19.09   6366.38     3631.0   r-P48 
 60589.047  19.147  19.119  19.093   6629.82     3631.0  orange 
 60589.047  19.153  19.127  19.101   6198.96     3631.0       r 
 60589.047  19.167  19.131  19.105   7645.77     3631.0       i 
 60589.047  19.235  19.202   19.17   5182.42     3631.0    cyan 
 60589.047  19.283  19.242  19.211  10023.96     3631.0       z 
 60589.047  19.327  19.281  19.245   4746.48     3631.0   g-P48 
 60589.047  19.335  19.287  19.249   4735.89     3631.0       g 
 60591.286  19.171  19.143  19.117   6366.38     3631.0   r-P48 
 60591.286  19.174  19.146   19.12   6629.82     3631.0  orange 
 60591.286  19.182  19.154  19.127   6198.96     3631.0       r 
 60591.286  19.195  19.159  19.132   7645.77     3631.0       i 
 60591.286  19.262  19.229  19.196   5182.42     3631.0    cyan 
 60591.286   19.31  19.269  19.238  10023.96     3631.0       z 
 60591.286  19.354  19.308  19.271   4746.48     3631.0   g-P48 
 60591.286  19.362  19.314  19.276   4735.89     3631.0       g 
 60593.524  19.199   19.17  19.144   6366.38     3631.0   r-P48 
 60593.524  19.202  19.173  19.146   6629.82     3631.0  orange 
 60593.524  19.209  19.181  19.154   6198.96     3631.0       r 
 60593.524  19.223  19.186  19.159   7645.77     3631.0       i 
 60593.524   19.29  19.256  19.223   5182.42     3631.0    cyan 
 60593.524  19.338  19.296  19.265  10023.96     3631.0       z 
 60593.524  19.382  19.336  19.298   4746.48     3631.0   g-P48 
 60593.524   19.39  19.341  19.303   4735.89     3631.0       g 
 60595.762  19.226  19.197  19.171   6366.38     3631.0   r-P48 
 60595.762  19.229    19.2  19.172   6629.82     3631.0  orange 
 60595.762  19.236  19.208   19.18   6198.96     3631.0       r 
 60595.762   19.25  19.213  19.185   7645.77     3631.0       i 
 60595.762  19.317  19.282  19.249   5182.42     3631.0    cyan 
 60595.762  19.365  19.322  19.291  10023.96     3631.0       z 
 60595.762  19.409  19.363  19.326   4746.48     3631.0   g-P48 
 60595.762  19.417  19.369  19.329   4735.89     3631.0       g 
 60598.001  19.253  19.224  19.197   6366.38     3631.0   r-P48 
 60598.001  19.256  19.226  19.199   6629.82     3631.0  orange 
 60598.001  19.264  19.234  19.206   6198.96     3631.0       r 
 60598.001  19.278  19.239  19.212   7645.77     3631.0       i 
 60598.001  19.344  19.309  19.276   5182.42     3631.0    cyan 
 60598.001  19.392  19.349  19.317  10023.96     3631.0       z 
 60598.001  19.437   19.39  19.352   4746.48     3631.0   g-P48 
 60598.001  19.444  19.395  19.355   4735.89     3631.0       g 
 60600.239   19.28  19.251  19.223   6366.38     3631.0   r-P48 
 60600.239  19.284  19.253  19.225   6629.82     3631.0  orange 
 60600.239  19.291  19.261  19.233   6198.96     3631.0       r 
 60600.239  19.305  19.266  19.238   7645.77     3631.0       i 
 60600.239   19.37  19.335  19.302   5182.42     3631.0    cyan 
 60600.239  19.419  19.375  19.343  10023.96     3631.0       z 
 60600.239  19.464  19.417  19.379   4746.48     3631.0   g-P48 
 60600.239  19.471  19.422  19.382   4735.89     3631.0       g 
 60602.477  19.307  19.277  19.249   6366.38     3631.0   r-P48 
 60602.477  19.311  19.279  19.251   6629.82     3631.0  orange 
 60602.477  19.318  19.288  19.259   6198.96     3631.0       r 
 60602.477  19.332  19.292  19.265   7645.77     3631.0       i 
 60602.477  19.397  19.361  19.327   5182.42     3631.0    cyan 
 60602.477  19.446  19.401  19.369  10023.96     3631.0       z 
 60602.477  19.491  19.444  19.404   4746.48     3631.0   g-P48 
 60602.477  19.497  19.448  19.409   4735.89     3631.0       g 
 60604.716  19.335  19.304  19.274   6366.38     3631.0   r-P48 
 60604.716  19.338  19.306  19.277   6629.82     3631.0  orange 
 60604.716  19.345  19.314  19.285   6198.96     3631.0       r 
 60604.716  19.359  19.319   19.29   7645.77     3631.0       i 
 60604.716  19.424  19.388  19.353   5182.42     3631.0    cyan 
 60604.716  19.472  19.427  19.395  10023.96     3631.0       z 
 60604.716  19.518   19.47   19.43   4746.48     3631.0   g-P48 
 60604.716  19.524  19.475  19.434   4735.89     3631.0       g 
 60606.954  19.361   19.33    19.3   6366.38     3631.0   r-P48 
 60606.954  19.364  19.331  19.302   6629.82     3631.0  orange 
 60606.954  19.372   19.34  19.311   6198.96     3631.0       r 
 60606.954  19.386  19.345  19.316   7645.77     3631.0       i 
 60606.954  19.451  19.414  19.378   5182.42     3631.0    cyan 
 60606.954  19.499  19.453  19.421  10023.96     3631.0       z 
 60606.954  19.545  19.496  19.455   4746.48     3631.0   g-P48 
 60606.954  19.551  19.501   19.46   4735.89     3631.0       g 
 60609.192  19.388  19.355  19.325   6366.38     3631.0   r-P48 
 60609.192  19.391  19.357  19.328   6629.82     3631.0  orange 
 60609.192  19.399  19.366  19.336   6198.96     3631.0       r 
 60609.192  19.412  19.372  19.341   7645.77     3631.0       i 
 60609.192  19.477   19.44  19.404   5182.42     3631.0    cyan 
 60609.192  19.525  19.479  19.447  10023.96     3631.0       z 
 60609.192  19.571  19.522  19.481   4746.48     3631.0   g-P48 
 60609.192  19.578  19.527  19.485   4735.89     3631.0       g 
 60611.431  19.414  19.381   19.35   6366.38     3631.0   r-P48 
 60611.431  19.417  19.383  19.353   6629.82     3631.0  orange 
 60611.431  19.425  19.392  19.362   6198.96     3631.0       r 
 60611.431  19.437  19.398  19.367   7645.77     3631.0       i 
 60611.431  19.504  19.466   19.43   5182.42     3631.0    cyan 
 60611.431  19.551  19.505  19.472  10023.96     3631.0       z 
 60611.431  19.597  19.548  19.506   4746.48     3631.0   g-P48 
 60611.431  19.604  19.553  19.511   4735.89     3631.0       g 
 60613.669  19.441  19.406  19.375   6366.38     3631.0   r-P48 
 60613.669  19.444  19.409  19.378   6629.82     3631.0  orange 
 60613.669  19.452  19.417  19.387   6198.96     3631.0       r 
 60613.669  19.464  19.424  19.393   7645.77     3631.0       i 
 60613.669   19.53  19.492  19.455   5182.42     3631.0    cyan 
 60613.669  19.578  19.531  19.498  10023.96     3631.0       z 
 60613.669  19.623  19.574  19.531   4746.48     3631.0   g-P48 
 60613.669   19.63  19.579  19.536   4735.89     3631.0       g 
 60615.907  19.467  19.432    19.4   6366.38     3631.0   r-P48 
 60615.907   19.47  19.434  19.403   6629.82     3631.0  orange 
 60615.907  19.478  19.443  19.412   6198.96     3631.0       r 
 60615.907   19.49   19.45  19.418   7645.77     3631.0       i 
 60615.907  19.556  19.518  19.481   5182.42     3631.0    cyan 
 60615.907  19.604  19.557  19.523  10023.96     3631.0       z 
 60615.907  19.648  19.599  19.556   4746.48     3631.0   g-P48 
 60615.907  19.656  19.605  19.561   4735.89     3631.0       g 
 60618.146  19.494  19.457  19.425   6366.38     3631.0   r-P48 
 60618.146  19.496   19.46  19.428   6629.82     3631.0  orange 
 60618.146  19.504  19.468  19.437   6198.96     3631.0       r 
 60618.146  19.516  19.476  19.443   7645.77     3631.0       i 
 60618.146  19.582  19.544  19.506   5182.42     3631.0    cyan 
 60618.146  19.629  19.582  19.548  10023.96     3631.0       z 
 60618.146  19.673  19.624  19.581   4746.48     3631.0   g-P48 
 60618.146  19.682  19.631  19.585   4735.89     3631.0       g 
 60620.384   19.52  19.482   19.45   6366.38     3631.0   r-P48 
 60620.384  19.522  19.485  19.453   6629.82     3631.0  orange 
 60620.384   19.53  19.494  19.461   6198.96     3631.0       r 
 60620.384  19.542  19.501  19.468   7645.77     3631.0       i 
 60620.384  19.608   19.57   19.53   5182.42     3631.0    cyan 
 60620.384  19.655  19.608  19.572  10023.96     3631.0       z 
 60620.384  19.699  19.649  19.606   4746.48     3631.0   g-P48 
 60620.384  19.707  19.656   19.61   4735.89     3631.0       g 
 60622.622  19.546  19.507  19.474   6366.38     3631.0   r-P48 
 60622.622  19.547   19.51  19.477   6629.82     3631.0  orange 
 60622.622  19.555  19.519  19.486   6198.96     3631.0       r 
 60622.622  19.568  19.526  19.493   7645.77     3631.0       i 
 60622.622  19.633  19.595  19.555   5182.42     3631.0    cyan 
 60622.622  19.681  19.634  19.597  10023.96     3631.0       z 
 60622.622  19.723  19.674  19.631   4746.48     3631.0   g-P48 
 60622.622  19.732  19.681  19.634   4735.89     3631.0       g 
 60624.861  19.572  19.532  19.499   6366.38     3631.0   r-P48 
 60624.861  19.573  19.535  19.501   6629.82     3631.0  orange 
 60624.861  19.581  19.544  19.511   6198.96     3631.0       r 
 60624.861  19.593  19.552  19.518   7645.77     3631.0       i 
 60624.861  19.659  19.621   19.58   5182.42     3631.0    cyan 
 60624.861  19.706  19.659  19.621  10023.96     3631.0       z 
 60624.861  19.748  19.699  19.655   4746.48     3631.0   g-P48 
 60624.861  19.757  19.706  19.659   4735.89     3631.0       g 
 60627.099  19.597  19.557  19.523   6366.38     3631.0   r-P48 
 60627.099  19.599   19.56  19.526   6629.82     3631.0  orange 
 60627.099  19.606  19.569  19.535   6198.96     3631.0       r 
 60627.099  19.618  19.577  19.543   7645.77     3631.0       i 
 60627.099  19.684  19.646  19.604   5182.42     3631.0    cyan 
 60627.099  19.731  19.683  19.645  10023.96     3631.0       z 
 60627.099  19.773  19.724  19.679   4746.48     3631.0   g-P48 
 60627.099  19.782   19.73  19.684   4735.89     3631.0       g 
 60629.338  19.623  19.581  19.547   6366.38     3631.0   r-P48 
 60629.338  19.624  19.585   19.55   6629.82     3631.0  orange 
 60629.338  19.631  19.594  19.559   6198.96     3631.0       r 
 60629.338  19.643  19.602  19.567   7645.77     3631.0       i 
 60629.338  19.709  19.671  19.629   5182.42     3631.0    cyan 
 60629.338  19.757  19.708   19.67  10023.96     3631.0       z 
 60629.338  19.798  19.749  19.704   4746.48     3631.0   g-P48 
 60629.338  19.807  19.755  19.708   4735.89     3631.0       g 
 60631.576  19.648  19.606  19.571   6366.38     3631.0   r-P48 
 60631.576   19.65  19.609  19.574   6629.82     3631.0  orange 
 60631.576  19.656  19.618  19.583   6198.96     3631.0       r 
 60631.576  19.668  19.626  19.592   7645.77     3631.0       i 
 60631.576  19.734  19.695  19.653   5182.42     3631.0    cyan 
 60631.576  19.781  19.733  19.694  10023.96     3631.0       z 
 60631.576  19.823  19.774  19.728   4746.48     3631.0   g-P48 
 60631.576  19.831   19.78  19.732   4735.89     3631.0       g 
 60633.814  19.673   19.63  19.595   6366.38     3631.0   r-P48 
 60633.814  19.675  19.633  19.598   6629.82     3631.0  orange 
 60633.814  19.681  19.643  19.607   6198.96     3631.0       r 
 60633.814  19.693   19.65  19.616   7645.77     3631.0       i 
 60633.814  19.759   19.72  19.676   5182.42     3631.0    cyan 
 60633.814  19.806  19.758  19.718  10023.96     3631.0       z 
 60633.814  19.847  19.798  19.752   4746.48     3631.0   g-P48 
 60633.814  19.856  19.804  19.756   4735.89     3631.0       g 
 60636.053  19.698  19.654  19.619   6366.38     3631.0   r-P48 
 60636.053    19.7  19.658  19.623   6629.82     3631.0  orange 
 60636.053  19.706  19.667  19.631   6198.96     3631.0       r 
 60636.053  19.717  19.675   19.64   7645.77     3631.0       i 
 60636.053  19.784  19.744    19.7   5182.42     3631.0    cyan 
 60636.053  19.831  19.782  19.742  10023.96     3631.0       z 
 60636.053  19.872  19.822  19.775   4746.48     3631.0   g-P48 
 60636.053  19.881  19.829   19.78   4735.89     3631.0       g 
 60638.291  19.722  19.678  19.643   6366.38     3631.0   r-P48 
 60638.291  19.725  19.682  19.647   6629.82     3631.0  orange 
 60638.291  19.731  19.691  19.655   6198.96     3631.0       r 
 60638.291  19.742  19.699  19.664   7645.77     3631.0       i 
 60638.291  19.808  19.768  19.723   5182.42     3631.0    cyan 
 60638.291  19.855  19.807  19.766  10023.96     3631.0       z 
 60638.291  19.897  19.846  19.799   4746.48     3631.0   g-P48 
 60638.291  19.906  19.852  19.804   4735.89     3631.0       g 
 60640.529  19.746  19.702  19.667   6366.38     3631.0   r-P48 
 60640.529   19.75  19.706  19.671   6629.82     3631.0  orange 
 60640.529  19.756  19.714  19.678   6198.96     3631.0       r 
 60640.529  19.766  19.723  19.688   7645.77     3631.0       i 
 60640.529  19.833  19.792  19.747   5182.42     3631.0    cyan 
 60640.529   19.88  19.832  19.789  10023.96     3631.0       z 
 60640.529  19.921   19.87  19.822   4746.48     3631.0   g-P48 
 60640.529   19.93  19.876  19.828   4735.89     3631.0       g 
 60642.768  19.771  19.726   19.69   6366.38     3631.0   r-P48 
 60642.768  19.774  19.729  19.694   6629.82     3631.0  orange 
 60642.768   19.78  19.738  19.702   6198.96     3631.0       r 
 60642.768   19.79  19.748  19.712   7645.77     3631.0       i 
 60642.768  19.858  19.815   19.77   5182.42     3631.0    cyan 
 60642.768  19.904  19.856  19.813  10023.96     3631.0       z 
 60642.768  19.946  19.894  19.845   4746.48     3631.0   g-P48 
 60642.768  19.954    19.9  19.852   4735.89     3631.0       g 
 60645.006  19.795   19.75  19.714   6366.38     3631.0   r-P48 
 60645.006  19.799  19.753  19.718   6629.82     3631.0  orange 
 60645.006  19.805  19.762  19.725   6198.96     3631.0       r 
 60645.006  19.814  19.772  19.735   7645.77     3631.0       i 
 60645.006  19.882  19.839  19.793   5182.42     3631.0    cyan 
 60645.006  19.928   19.88  19.836  10023.96     3631.0       z 
 60645.006   19.97  19.918  19.868   4746.48     3631.0   g-P48 
 60645.006  19.978  19.923  19.875   4735.89     3631.0       g 
 60647.244  19.819  19.773  19.738   6366.38     3631.0   r-P48 
 60647.244  19.823  19.777  19.741   6629.82     3631.0  orange 
 60647.244  19.829  19.785  19.749   6198.96     3631.0       r 
 60647.244  19.838  19.795  19.759   7645.77     3631.0       i 
 60647.244  19.907  19.862  19.817   5182.42     3631.0    cyan 
 60647.244  19.952  19.904   19.86  10023.96     3631.0       z 
 60647.244  19.995  19.942  19.891   4746.48     3631.0   g-P48 
 60647.244  20.002  19.947  19.898   4735.89     3631.0       g 
 60649.483  19.844  19.797  19.761   6366.38     3631.0   r-P48 
 60649.483  19.847    19.8  19.765   6629.82     3631.0  orange 
 60649.483  19.853  19.809  19.772   6198.96     3631.0       r 
 60649.483  19.862  19.819  19.782   7645.77     3631.0       i 
 60649.483  19.931  19.886   19.84   5182.42     3631.0    cyan 
 60649.483  19.976  19.928  19.883  10023.96     3631.0       z 
 60649.483  20.019  19.965  19.914   4746.48     3631.0   g-P48 
 60649.483  20.026  19.971  19.921   4735.89     3631.0       g 
 60651.721  19.868   19.82  19.785   6366.38     3631.0   r-P48 
 60651.721  19.872  19.824  19.788   6629.82     3631.0  orange 
 60651.721  19.877  19.832  19.795   6198.96     3631.0       r 
 60651.721  19.886  19.842  19.804   7645.77     3631.0       i 
 60651.721  19.955  19.909  19.863   5182.42     3631.0    cyan 
 60651.721    20.0  19.952  19.906  10023.96     3631.0       z 
 60651.721  20.042  19.989  19.938   4746.48     3631.0   g-P48 
 60651.721  20.049  19.994  19.943   4735.89     3631.0       g 
 60653.959  19.892  19.844  19.808   6366.38     3631.0   r-P48 
 60653.959  19.896  19.848  19.811   6629.82     3631.0  orange 
 60653.959  19.901  19.855  19.818   6198.96     3631.0       r 
 60653.959   19.91  19.865  19.827   7645.77     3631.0       i 
 60653.959  19.979  19.932  19.886   5182.42     3631.0    cyan 
 60653.959  20.024  19.976  19.929  10023.96     3631.0       z 
 60653.959  20.066  20.012  19.961   4746.48     3631.0   g-P48 
 60653.959  20.072  20.017  19.966   4735.89     3631.0       g 
 60656.198  19.916  19.867  19.831   6366.38     3631.0   r-P48 
 60656.198  19.919  19.871  19.834   6629.82     3631.0  orange 
 60656.198  19.925  19.878  19.841   6198.96     3631.0       r 
 60656.198  19.934  19.889   19.85   7645.77     3631.0       i 
 60656.198  20.002  19.956  19.909   5182.42     3631.0    cyan 
 60656.198  20.048  19.999  19.952  10023.96     3631.0       z 
 60656.198  20.089  20.036  19.984   4746.48     3631.0   g-P48 
 60656.198  20.096   20.04  19.989   4735.89     3631.0       g 
 60658.436  19.939   19.89  19.854   6366.38     3631.0   r-P48 
 60658.436  19.943  19.894  19.857   6629.82     3631.0  orange 
 60658.436  19.948  19.901  19.864   6198.96     3631.0       r 
 60658.436  19.957  19.912  19.872   7645.77     3631.0       i 
 60658.436  20.026  19.979  19.932   5182.42     3631.0    cyan 
 60658.436  20.071  20.022  19.975  10023.96     3631.0       z 
 60658.436  20.112  20.059  20.007   4746.48     3631.0   g-P48 
 60658.436  20.119  20.064  20.011   4735.89     3631.0       g 
 60660.674  19.962  19.913  19.876   6366.38     3631.0   r-P48 
 60660.674  19.966  19.918  19.879   6629.82     3631.0  orange 
 60660.674  19.971  19.924  19.886   6198.96     3631.0       r 
 60660.674  19.981  19.935  19.895   7645.77     3631.0       i 
 60660.674  20.049  20.002  19.955   5182.42     3631.0    cyan 
 60660.674  20.094  20.045  19.997  10023.96     3631.0       z 
 60660.674  20.134  20.082   20.03   4746.48     3631.0   g-P48 
 60660.674  20.142  20.087  20.034   4735.89     3631.0       g 
 60662.913  19.986  19.936  19.899   6366.38     3631.0   r-P48 
 60662.913   19.99  19.941  19.902   6629.82     3631.0  orange 
 60662.913  19.995  19.947  19.909   6198.96     3631.0       r 
 60662.913  20.004  19.958  19.917   7645.77     3631.0       i 
 60662.913  20.073  20.025  19.978   5182.42     3631.0    cyan 
 60662.913  20.117  20.068  20.019  10023.96     3631.0       z 
 60662.913  20.157  20.105  20.053   4746.48     3631.0   g-P48 
 60662.913  20.165   20.11  20.056   4735.89     3631.0       g 
 60665.151  20.009  19.959  19.921   6366.38     3631.0   r-P48 
 60665.151  20.013  19.964  19.925   6629.82     3631.0  orange 
 60665.151  20.018   19.97  19.932   6198.96     3631.0       r 
 60665.151  20.027  19.981  19.939   7645.77     3631.0       i 
 60665.151  20.096  20.047  20.001   5182.42     3631.0    cyan 
 60665.151  20.141  20.091  20.041  10023.96     3631.0       z 
 60665.151   20.18  20.128  20.076   4746.48     3631.0   g-P48 
 60665.151  20.188  20.133  20.079   4735.89     3631.0       g 
  60667.39  20.032  19.982  19.943   6366.38     3631.0   r-P48 
  60667.39  20.036  19.986  19.947   6629.82     3631.0  orange 
  60667.39  20.041  19.992  19.954   6198.96     3631.0       r 
  60667.39   20.05  20.003  19.961   7645.77     3631.0       i 
  60667.39  20.119   20.07  20.023   5182.42     3631.0    cyan 
  60667.39  20.164  20.113  20.063  10023.96     3631.0       z 
  60667.39  20.203  20.151  20.098   4746.48     3631.0   g-P48 
  60667.39   20.21  20.155  20.102   4735.89     3631.0       g 
 60669.628  20.055  20.004  19.965   6366.38     3631.0   r-P48 
 60669.628   20.06  20.009  19.969   6629.82     3631.0  orange 
 60669.628  20.064  20.015  19.976   6198.96     3631.0       r 
 60669.628  20.073  20.026  19.983   7645.77     3631.0       i 
 60669.628  20.142  20.093  20.046   5182.42     3631.0    cyan 
 60669.628  20.186  20.136  20.085  10023.96     3631.0       z 
 60669.628  20.227  20.173   20.12   4746.48     3631.0   g-P48 
 60669.628  20.233  20.178  20.124   4735.89     3631.0       g 
 60671.866  20.078  20.027  19.987   6366.38     3631.0   r-P48 
 60671.866  20.083  20.032  19.991   6629.82     3631.0  orange 
 60671.866  20.087  20.037  19.998   6198.96     3631.0       r 
 60671.866  20.096  20.049  20.005   7645.77     3631.0       i 
 60671.866  20.165  20.115  20.068   5182.42     3631.0    cyan 
 60671.866  20.209  20.158  20.107  10023.96     3631.0       z 
 60671.866   20.25  20.196  20.142   4746.48     3631.0   g-P48 
 60671.866  20.256    20.2  20.147   4735.89     3631.0       g 
 60672.654  20.086  20.035  19.995   6366.38     3631.0   r-P48 
 60672.654  20.091   20.04  19.999   6629.82     3631.0  orange 
 60672.654  20.095  20.045  20.006   6198.96     3631.0       r 
 60672.654  20.104  20.057  20.012   7645.77     3631.0       i 
 60672.654  20.173  20.123  20.075   5182.42     3631.0    cyan 
 60672.654  20.217  20.166  20.115  10023.96     3631.0       z 
 60672.654  20.258  20.204  20.149   4746.48     3631.0   g-P48 
 60672.654  20.264  20.208  20.155   4735.89     3631.0       g 
 60674.105    20.1  20.049  20.009   6366.38     3631.0   r-P48 
 60674.105  20.105  20.054  20.013   6629.82     3631.0  orange 
 60674.105  20.109  20.059   20.02   6198.96     3631.0       r 
 60674.105  20.119  20.071  20.027   7645.77     3631.0       i 
 60674.105  20.188  20.137  20.089   5182.42     3631.0    cyan 
 60674.105  20.232  20.181  20.129  10023.96     3631.0       z 
 60674.105  20.273  20.218  20.164   4746.48     3631.0   g-P48 
 60674.105  20.278  20.223  20.169   4735.89     3631.0       g 
 60676.343  20.122  20.072  20.031   6366.38     3631.0   r-P48 
 60676.343  20.128  20.076  20.035   6629.82     3631.0  orange 
 60676.343  20.132  20.081  20.042   6198.96     3631.0       r 
 60676.343  20.141  20.094  20.048   7645.77     3631.0       i 
 60676.343  20.211  20.159  20.111   5182.42     3631.0    cyan 
 60676.343  20.255  20.203  20.151  10023.96     3631.0       z 
 60676.343  20.296   20.24  20.185   4746.48     3631.0   g-P48 
 60676.343  20.301  20.245  20.191   4735.89     3631.0       g 
 60678.581  20.145  20.094  20.053   6366.38     3631.0   r-P48 
 60678.581  20.151  20.098  20.056   6629.82     3631.0  orange 
 60678.581  20.154  20.103  20.064   6198.96     3631.0       r 
 60678.581  20.164  20.116   20.07   7645.77     3631.0       i 
 60678.581  20.234  20.182  20.132   5182.42     3631.0    cyan 
 60678.581  20.277  20.225  20.173  10023.96     3631.0       z 
 60678.581  20.319  20.263  20.207   4746.48     3631.0   g-P48 
 60678.581  20.324  20.267  20.214   4735.89     3631.0       g 
 60680.628  20.165  20.114  20.073   6366.38     3631.0   r-P48 
 60680.628  20.172  20.119  20.076   6629.82     3631.0  orange 
 60680.628  20.175  20.123  20.084   6198.96     3631.0       r 
 60680.628  20.184  20.136   20.09   7645.77     3631.0       i 
 60680.628  20.255  20.202  20.152   5182.42     3631.0    cyan 
 60680.628  20.298  20.245  20.192  10023.96     3631.0       z 
 60680.628   20.34  20.283  20.227   4746.48     3631.0   g-P48 
 60680.628  20.345  20.287  20.233   4735.89     3631.0       g 
  60680.82  20.167  20.116  20.075   6366.38     3631.0   r-P48 
  60680.82  20.173  20.121  20.078   6629.82     3631.0  orange 
  60680.82  20.177  20.125  20.085   6198.96     3631.0       r 
  60680.82  20.186  20.138  20.091   7645.77     3631.0       i 
  60680.82  20.257  20.204  20.154   5182.42     3631.0    cyan 
  60680.82    20.3  20.247  20.194  10023.96     3631.0       z 
  60680.82  20.342  20.284  20.228   4746.48     3631.0   g-P48 
  60680.82  20.347  20.289  20.235   4735.89     3631.0       g 
 60683.058  20.189  20.138  20.096   6366.38     3631.0   r-P48 
 60683.058  20.196  20.143  20.099   6629.82     3631.0  orange 
 60683.058  20.199  20.147  20.107   6198.96     3631.0       r 
 60683.058  20.209   20.16  20.113   7645.77     3631.0       i 
 60683.058   20.28  20.225  20.175   5182.42     3631.0    cyan 
 60683.058  20.322  20.269  20.216  10023.96     3631.0       z 
 60683.058  20.364  20.306   20.25   4746.48     3631.0   g-P48 
 60683.058   20.37  20.311  20.256   4735.89     3631.0       g 
 60685.296  20.211   20.16  20.118   6366.38     3631.0   r-P48 
 60685.296  20.218  20.164   20.12   6629.82     3631.0  orange 
 60685.296  20.221  20.169  20.128   6198.96     3631.0       r 
 60685.296  20.231  20.182  20.134   7645.77     3631.0       i 
 60685.296  20.302  20.247  20.196   5182.42     3631.0    cyan 
 60685.296  20.345  20.291  20.237  10023.96     3631.0       z 
 60685.296  20.387  20.328  20.271   4746.48     3631.0   g-P48 
 60685.296  20.392  20.333  20.277   4735.89     3631.0       g 
 60687.535  20.234  20.182  20.139   6366.38     3631.0   r-P48 
 60687.535   20.24  20.186  20.142   6629.82     3631.0  orange 
 60687.535  20.243  20.191   20.15   6198.96     3631.0       r 
 60687.535  20.253  20.204  20.155   7645.77     3631.0       i 
 60687.535  20.324  20.269  20.218   5182.42     3631.0    cyan 
 60687.535  20.367  20.312  20.259  10023.96     3631.0       z 
 60687.535  20.409   20.35  20.293   4746.48     3631.0   g-P48 
 60687.535  20.415  20.355  20.299   4735.89     3631.0       g 
 60689.773  20.256  20.203   20.16   6366.38     3631.0   r-P48 
 60689.773  20.262  20.208  20.163   6629.82     3631.0  orange 
 60689.773  20.265  20.212  20.171   6198.96     3631.0       r 
 60689.773  20.275  20.226  20.177   7645.77     3631.0       i 
 60689.773  20.346   20.29  20.239   5182.42     3631.0    cyan 
 60689.773  20.389  20.333   20.28  10023.96     3631.0       z 
 60689.773  20.431  20.371  20.315   4746.48     3631.0   g-P48 
 60689.773  20.437  20.376   20.32   4735.89     3631.0       g 
 60690.598  20.264  20.211  20.168   6366.38     3631.0   r-P48 
 60690.598   20.27  20.216  20.171   6629.82     3631.0  orange 
 60690.598  20.273   20.22  20.179   6198.96     3631.0       r 
 60690.598  20.283  20.234  20.184   7645.77     3631.0       i 
 60690.598  20.354  20.298  20.247   5182.42     3631.0    cyan 
 60690.598  20.397  20.341  20.288  10023.96     3631.0       z 
 60690.598   20.44  20.379  20.323   4746.48     3631.0   g-P48 
 60690.598  20.445  20.384  20.327   4735.89     3631.0       g 
 60692.011  20.278  20.224  20.181   6366.38     3631.0   r-P48 
 60692.011  20.284  20.229  20.185   6629.82     3631.0  orange 
 60692.011  20.287  20.234  20.192   6198.96     3631.0       r 
 60692.011  20.297  20.248  20.198   7645.77     3631.0       i 
 60692.011  20.367  20.312   20.26   5182.42     3631.0    cyan 
 60692.011  20.411  20.355  20.301  10023.96     3631.0       z 
 60692.011  20.454  20.393  20.337   4746.48     3631.0   g-P48 
 60692.011  20.459  20.398  20.341   4735.89     3631.0       g 
 60693.097  20.288  20.235  20.192   6366.38     3631.0   r-P48 
 60693.097  20.294   20.24  20.195   6629.82     3631.0  orange 
 60693.097  20.297  20.244  20.202   6198.96     3631.0       r 
 60693.097  20.308  20.258  20.208   7645.77     3631.0       i 
 60693.097  20.378  20.322   20.27   5182.42     3631.0    cyan 
 60693.097  20.422  20.365  20.311  10023.96     3631.0       z 
 60693.097  20.464  20.403  20.347   4746.48     3631.0   g-P48 
 60693.097   20.47  20.408  20.351   4735.89     3631.0       g 
  60694.25    20.3  20.246  20.202   6366.38     3631.0   r-P48 
  60694.25  20.305  20.251  20.206   6629.82     3631.0  orange 
  60694.25  20.308  20.255  20.213   6198.96     3631.0       r 
  60694.25  20.319  20.269  20.219   7645.77     3631.0       i 
  60694.25  20.389  20.333  20.281   5182.42     3631.0    cyan 
  60694.25  20.433  20.376  20.322  10023.96     3631.0       z 
  60694.25  20.475  20.414  20.358   4746.48     3631.0   g-P48 
  60694.25  20.482  20.419  20.362   4735.89     3631.0       g 
  60694.59  20.303  20.249  20.206   6366.38     3631.0   r-P48 
  60694.59  20.309  20.254  20.209   6629.82     3631.0  orange 
  60694.59  20.311  20.259  20.216   6198.96     3631.0       r 
  60694.59  20.323  20.272  20.222   7645.77     3631.0       i 
  60694.59  20.392  20.337  20.284   5182.42     3631.0    cyan 
  60694.59  20.436  20.379  20.326  10023.96     3631.0       z 
  60694.59  20.479  20.418  20.362   4746.48     3631.0   g-P48 
  60694.59  20.485  20.423  20.365   4735.89     3631.0       g 
 60695.336   20.31  20.256  20.213   6366.38     3631.0   r-P48 
 60695.336  20.316  20.261  20.216   6629.82     3631.0  orange 
 60695.336  20.319  20.266  20.223   6198.96     3631.0       r 
 60695.336   20.33  20.279  20.229   7645.77     3631.0       i 
 60695.336  20.399  20.344  20.291   5182.42     3631.0    cyan 
 60695.336  20.443  20.386  20.333  10023.96     3631.0       z 
 60695.336  20.486  20.425  20.369   4746.48     3631.0   g-P48 
 60695.336  20.492   20.43  20.372   4735.89     3631.0       g 
 60696.488  20.321  20.267  20.223   6366.38     3631.0   r-P48 
 60696.488  20.327  20.272  20.227   6629.82     3631.0  orange 
 60696.488   20.33  20.277  20.234   6198.96     3631.0       r 
 60696.488  20.341   20.29  20.239   7645.77     3631.0       i 
 60696.488   20.41  20.355  20.302   5182.42     3631.0    cyan 
 60696.488  20.455  20.397  20.344  10023.96     3631.0       z 
 60696.488  20.497  20.436   20.38   4746.48     3631.0   g-P48 
 60696.488  20.503  20.441  20.383   4735.89     3631.0       g 
 60698.666  20.342  20.288  20.244   6366.38     3631.0   r-P48 
 60698.666  20.348  20.293  20.247   6629.82     3631.0  orange 
 60698.666  20.351  20.297  20.254   6198.96     3631.0       r 
 60698.666  20.363  20.311   20.26   7645.77     3631.0       i 
 60698.666  20.431  20.375  20.323   5182.42     3631.0    cyan 
 60698.666  20.476  20.418  20.364  10023.96     3631.0       z 
 60698.666  20.518  20.457    20.4   4746.48     3631.0   g-P48 
 60698.666  20.525  20.461  20.404   4735.89     3631.0       g 
 60698.726  20.343  20.288  20.244   6366.38     3631.0   r-P48 
 60698.726  20.348  20.294  20.247   6629.82     3631.0  orange 
 60698.726  20.351  20.298  20.255   6198.96     3631.0       r 
 60698.726  20.363  20.312   20.26   7645.77     3631.0       i 
 60698.726  20.432  20.375  20.323   5182.42     3631.0    cyan 
 60698.726  20.476  20.418  20.365  10023.96     3631.0       z 
 60698.726  20.519  20.457  20.401   4746.48     3631.0   g-P48 
 60698.726  20.525  20.462  20.404   4735.89     3631.0       g 
 60699.368  20.349  20.294   20.25   6366.38     3631.0   r-P48 
 60699.368  20.354    20.3  20.253   6629.82     3631.0  orange 
 60699.368  20.357  20.304  20.261   6198.96     3631.0       r 
 60699.368  20.369  20.318  20.266   7645.77     3631.0       i 
 60699.368  20.438  20.382  20.329   5182.42     3631.0    cyan 
 60699.368  20.482  20.424  20.371  10023.96     3631.0       z 
 60699.368  20.525  20.463  20.407   4746.48     3631.0   g-P48 
 60699.368  20.531  20.468   20.41   4735.89     3631.0       g 
 60700.337  20.358  20.304  20.259   6366.38     3631.0   r-P48 
 60700.337  20.364  20.309  20.262   6629.82     3631.0  orange 
 60700.337  20.366  20.313   20.27   6198.96     3631.0       r 
 60700.337  20.379  20.327  20.275   7645.77     3631.0       i 
 60700.337  20.447  20.391  20.338   5182.42     3631.0    cyan 
 60700.337  20.492  20.433   20.38  10023.96     3631.0       z 
 60700.337  20.535  20.473  20.416   4746.48     3631.0   g-P48 
 60700.337  20.541  20.477  20.419   4735.89     3631.0       g 
 60700.345  20.359  20.304  20.259   6366.38     3631.0   r-P48 
 60700.345  20.364  20.309  20.262   6629.82     3631.0  orange 
 60700.345  20.367  20.313   20.27   6198.96     3631.0       r 
 60700.345  20.379  20.327  20.275   7645.77     3631.0       i 
 60700.345  20.447  20.391  20.338   5182.42     3631.0    cyan 
 60700.345  20.492  20.433   20.38  10023.96     3631.0       z 
 60700.345  20.535  20.473  20.416   4746.48     3631.0   g-P48 
 60700.345  20.541  20.477   20.42   4735.89     3631.0       g 
 60700.352  20.359  20.304  20.259   6366.38     3631.0   r-P48 
 60700.352  20.364  20.309  20.262   6629.82     3631.0  orange 
 60700.352  20.367  20.313   20.27   6198.96     3631.0       r 
 60700.352  20.379  20.327  20.275   7645.77     3631.0       i 
 60700.352  20.447  20.391  20.338   5182.42     3631.0    cyan 
 60700.352  20.492  20.433   20.38  10023.96     3631.0       z 
 60700.352  20.535  20.473  20.416   4746.48     3631.0   g-P48 
 60700.352  20.541  20.477   20.42   4735.89     3631.0       g 
 60700.965  20.364  20.309  20.265   6366.38     3631.0   r-P48 
 60700.965   20.37  20.315  20.268   6629.82     3631.0  orange 
 60700.965  20.372  20.319  20.275   6198.96     3631.0       r 
 60700.965  20.385  20.333  20.281   7645.77     3631.0       i 
 60700.965  20.453  20.397  20.344   5182.42     3631.0    cyan 
 60700.965  20.498  20.439  20.386  10023.96     3631.0       z 
 60700.965  20.541  20.479  20.422   4746.48     3631.0   g-P48 
 60700.965  20.547  20.483  20.425   4735.89     3631.0       g 
 60701.103  20.366  20.311  20.266   6366.38     3631.0   r-P48 
 60701.103  20.371  20.316  20.269   6629.82     3631.0  orange 
 60701.103  20.374   20.32  20.277   6198.96     3631.0       r 
 60701.103  20.386  20.334  20.282   7645.77     3631.0       i 
 60701.103  20.454  20.398  20.345   5182.42     3631.0    cyan 
 60701.103  20.499   20.44  20.387  10023.96     3631.0       z 
 60701.103  20.542   20.48  20.423   4746.48     3631.0   g-P48 
 60701.103  20.548  20.484  20.427   4735.89     3631.0       g 
 60703.203  20.386   20.33  20.285   6366.38     3631.0   r-P48 
 60703.203  20.391  20.336  20.288   6629.82     3631.0  orange 
 60703.203  20.394   20.34  20.296   6198.96     3631.0       r 
 60703.203  20.406  20.354  20.302   7645.77     3631.0       i 
 60703.203  20.474  20.418  20.365   5182.42     3631.0    cyan 
 60703.203  20.519   20.46  20.407  10023.96     3631.0       z 
 60703.203  20.562    20.5  20.442   4746.48     3631.0   g-P48 
 60703.203  20.568  20.504  20.447   4735.89     3631.0       g 
 60705.441  20.407  20.351  20.306   6366.38     3631.0   r-P48 
 60705.441  20.412  20.357  20.309   6629.82     3631.0  orange 
 60705.441  20.415  20.361  20.316   6198.96     3631.0       r 
 60705.441  20.428  20.375  20.322   7645.77     3631.0       i 
 60705.441  20.495  20.438  20.386   5182.42     3631.0    cyan 
 60705.441   20.54  20.481  20.427  10023.96     3631.0       z 
 60705.441  20.584  20.521  20.463   4746.48     3631.0   g-P48 
 60705.441   20.59  20.525  20.468   4735.89     3631.0       g 
  60707.68  20.428  20.372  20.326   6366.38     3631.0   r-P48 
  60707.68  20.433  20.377  20.329   6629.82     3631.0  orange 
  60707.68  20.436  20.382  20.337   6198.96     3631.0       r 
  60707.68  20.449  20.395  20.342   7645.77     3631.0       i 
  60707.68  20.516  20.459  20.406   5182.42     3631.0    cyan 
  60707.68  20.561  20.501  20.448  10023.96     3631.0       z 
  60707.68  20.605  20.542  20.484   4746.48     3631.0   g-P48 
  60707.68  20.611  20.546  20.488   4735.89     3631.0       g 
 60709.918   20.45  20.393  20.346   6366.38     3631.0   r-P48 
 60709.918  20.454  20.398   20.35   6629.82     3631.0  orange 
 60709.918  20.458  20.403  20.357   6198.96     3631.0       r 
 60709.918   20.47  20.416  20.363   7645.77     3631.0       i 
 60709.918  20.537   20.48  20.427   5182.42     3631.0    cyan 
 60709.918  20.582  20.522  20.469  10023.96     3631.0       z 
 60709.918  20.626  20.562  20.504   4746.48     3631.0   g-P48 
 60709.918  20.632  20.567  20.508   4735.89     3631.0       g 
 60712.157  20.471  20.413  20.367   6366.38     3631.0   r-P48 
 60712.157  20.475  20.419   20.37   6629.82     3631.0  orange 
 60712.157  20.479  20.423  20.377   6198.96     3631.0       r 
 60712.157  20.491  20.437  20.383   7645.77     3631.0       i 
 60712.157  20.558    20.5  20.447   5182.42     3631.0    cyan 
 60712.157  20.603  20.543  20.489  10023.96     3631.0       z 
 60712.157  20.647  20.583  20.524   4746.48     3631.0   g-P48 
 60712.157  20.653  20.588  20.529   4735.89     3631.0       g 
 60712.578  20.475  20.417  20.371   6366.38     3631.0   r-P48 
 60712.578  20.479  20.422  20.374   6629.82     3631.0  orange 
 60712.578  20.483  20.427  20.381   6198.96     3631.0       r 
 60712.578  20.495  20.441  20.387   7645.77     3631.0       i 
 60712.578  20.562  20.504  20.451   5182.42     3631.0    cyan 
 60712.578  20.607  20.546  20.493  10023.96     3631.0       z 
 60712.578  20.651  20.587  20.528   4746.48     3631.0   g-P48 
 60712.578  20.657  20.592  20.533   4735.89     3631.0       g 
 60714.395  20.492  20.434  20.387   6366.38     3631.0   r-P48 
 60714.395  20.496  20.439   20.39   6629.82     3631.0  orange 
 60714.395    20.5  20.444  20.397   6198.96     3631.0       r 
 60714.395  20.512  20.457  20.403   7645.77     3631.0       i 
 60714.395  20.579  20.521  20.468   5182.42     3631.0    cyan 
 60714.395  20.624  20.563  20.509  10023.96     3631.0       z 
 60714.395  20.668  20.603  20.545   4746.48     3631.0   g-P48 
 60714.395  20.674  20.608  20.549   4735.89     3631.0       g 
 60715.335    20.5  20.442  20.396   6366.38     3631.0   r-P48 
 60715.335  20.505  20.448  20.399   6629.82     3631.0  orange 
 60715.335  20.508  20.452  20.405   6198.96     3631.0       r 
 60715.335  20.521  20.466  20.411   7645.77     3631.0       i 
 60715.335  20.587  20.529  20.476   5182.42     3631.0    cyan 
 60715.335  20.633  20.572  20.518  10023.96     3631.0       z 
 60715.335  20.677  20.612  20.553   4746.48     3631.0   g-P48 
 60715.335  20.683  20.617  20.558   4735.89     3631.0       g 
 60716.633  20.512  20.454  20.408   6366.38     3631.0   r-P48 
 60716.633  20.517  20.459  20.411   6629.82     3631.0  orange 
 60716.633  20.521  20.464  20.417   6198.96     3631.0       r 
 60716.633  20.533  20.478  20.422   7645.77     3631.0       i 
 60716.633  20.599  20.541  20.488   5182.42     3631.0    cyan 
 60716.633  20.645  20.583   20.53  10023.96     3631.0       z 
 60716.633  20.689  20.623  20.565   4746.48     3631.0   g-P48 
 60716.633  20.695  20.629  20.569   4735.89     3631.0       g 
 60718.872  20.533  20.474  20.428   6366.38     3631.0   r-P48 
 60718.872  20.537   20.48  20.431   6629.82     3631.0  orange 
 60718.872  20.541  20.485  20.436   6198.96     3631.0       r 
 60718.872  20.553  20.498  20.442   7645.77     3631.0       i 
 60718.872   20.62  20.561  20.508   5182.42     3631.0    cyan 
 60718.872  20.665  20.604   20.55  10023.96     3631.0       z 
 60718.872   20.71  20.644  20.585   4746.48     3631.0   g-P48 
 60718.872  20.716  20.649  20.589   4735.89     3631.0       g 
  60721.11  20.554  20.495  20.448   6366.38     3631.0   r-P48 
  60721.11  20.558    20.5  20.451   6629.82     3631.0  orange 
  60721.11  20.562  20.505  20.456   6198.96     3631.0       r 
  60721.11  20.574  20.518  20.462   7645.77     3631.0       i 
  60721.11   20.64  20.581  20.528   5182.42     3631.0    cyan 
  60721.11  20.686  20.624   20.57  10023.96     3631.0       z 
  60721.11  20.731  20.664  20.605   4746.48     3631.0   g-P48 
  60721.11  20.737  20.669  20.609   4735.89     3631.0       g 
 60723.348  20.574  20.515  20.468   6366.38     3631.0   r-P48 
 60723.348  20.578   20.52   20.47   6629.82     3631.0  orange 
 60723.348  20.583  20.525  20.476   6198.96     3631.0       r 
 60723.348  20.595  20.538  20.482   7645.77     3631.0       i 
 60723.348  20.661  20.601  20.548   5182.42     3631.0    cyan 
 60723.348  20.706  20.644   20.59  10023.96     3631.0       z 
 60723.348  20.751  20.684  20.625   4746.48     3631.0   g-P48 
 60723.348  20.757  20.689  20.629   4735.89     3631.0       g 
 60725.587  20.595  20.535  20.488   6366.38     3631.0   r-P48 
 60725.587  20.598   20.54   20.49   6629.82     3631.0  orange 
 60725.587  20.603  20.545  20.495   6198.96     3631.0       r 
 60725.587  20.616  20.558  20.501   7645.77     3631.0       i 
 60725.587  20.681  20.621  20.568   5182.42     3631.0    cyan 
 60725.587  20.727  20.664   20.61  10023.96     3631.0       z 
 60725.587  20.772  20.704  20.645   4746.48     3631.0   g-P48 
 60725.587  20.778  20.709  20.649   4735.89     3631.0       g 
 60727.825  20.615  20.555  20.507   6366.38     3631.0   r-P48 
 60727.825  20.619   20.56   20.51   6629.82     3631.0  orange 
 60727.825  20.624  20.565  20.515   6198.96     3631.0       r 
 60727.825  20.636  20.578  20.521   7645.77     3631.0       i 
 60727.825  20.701   20.64  20.588   5182.42     3631.0    cyan 
 60727.825  20.747  20.684   20.63  10023.96     3631.0       z 
 60727.825  20.792  20.723  20.665   4746.48     3631.0   g-P48 
 60727.825  20.798  20.729  20.669   4735.89     3631.0       g 
 60730.063  20.635  20.574  20.527   6366.38     3631.0   r-P48 
 60730.063  20.639   20.58  20.529   6629.82     3631.0  orange 
 60730.063  20.644  20.585  20.535   6198.96     3631.0       r 
 60730.063  20.656  20.598   20.54   7645.77     3631.0       i 
 60730.063  20.721   20.66  20.608   5182.42     3631.0    cyan 
 60730.063  20.767  20.704  20.649  10023.96     3631.0       z 
 60730.063  20.812  20.743  20.684   4746.48     3631.0   g-P48 
 60730.063  20.818  20.749  20.688   4735.89     3631.0       g 
  60730.31  20.637  20.577  20.529   6366.38     3631.0   r-P48 
  60730.31  20.641  20.582  20.532   6629.82     3631.0  orange 
  60730.31  20.647  20.587  20.537   6198.96     3631.0       r 
  60730.31  20.658    20.6  20.542   7645.77     3631.0       i 
  60730.31  20.724  20.662   20.61   5182.42     3631.0    cyan 
  60730.31  20.769  20.706  20.652  10023.96     3631.0       z 
  60730.31  20.814  20.745  20.686   4746.48     3631.0   g-P48 
  60730.31   20.82  20.751  20.691   4735.89     3631.0       g 
 60732.302  20.655  20.594  20.546   6366.38     3631.0   r-P48 
 60732.302  20.659  20.599  20.549   6629.82     3631.0  orange 
 60732.302  20.665  20.605  20.555   6198.96     3631.0       r 
 60732.302  20.676  20.618  20.559   7645.77     3631.0       i 
 60732.302  20.742   20.68  20.627   5182.42     3631.0    cyan 
 60732.302  20.787  20.724  20.669  10023.96     3631.0       z 
 60732.302  20.832  20.763  20.704   4746.48     3631.0   g-P48 
 60732.302  20.838  20.769  20.708   4735.89     3631.0       g 
 60733.062  20.662  20.601  20.553   6366.38     3631.0   r-P48 
 60733.062  20.666  20.606  20.556   6629.82     3631.0  orange 
 60733.062  20.671  20.612  20.561   6198.96     3631.0       r 
 60733.062  20.683  20.625  20.566   7645.77     3631.0       i 
 60733.062  20.748  20.687  20.634   5182.42     3631.0    cyan 
 60733.062  20.794   20.73  20.675  10023.96     3631.0       z 
 60733.062  20.838   20.77  20.711   4746.48     3631.0   g-P48 
 60733.062  20.845  20.775  20.715   4735.89     3631.0       g 
 60734.472  20.674  20.613  20.565   6366.38     3631.0   r-P48 
 60734.472  20.679  20.618  20.568   6629.82     3631.0  orange 
 60734.472  20.684  20.624  20.574   6198.96     3631.0       r 
 60734.472  20.696  20.637  20.578   7645.77     3631.0       i 
 60734.472  20.761  20.699  20.646   5182.42     3631.0    cyan 
 60734.472  20.806  20.743  20.688  10023.96     3631.0       z 
 60734.472  20.851  20.782  20.723   4746.48     3631.0   g-P48 
 60734.472  20.858  20.788  20.727   4735.89     3631.0       g 
  60734.54  20.675  20.614  20.565   6366.38     3631.0   r-P48 
  60734.54  20.679  20.619  20.568   6629.82     3631.0  orange 
  60734.54  20.685  20.625  20.574   6198.96     3631.0       r 
  60734.54  20.697  20.637  20.579   7645.77     3631.0       i 
  60734.54  20.762    20.7  20.647   5182.42     3631.0    cyan 
  60734.54  20.807  20.743  20.688  10023.96     3631.0       z 
  60734.54  20.852  20.783  20.724   4746.48     3631.0   g-P48 
  60734.54  20.858  20.788  20.727   4735.89     3631.0       g 
 60736.247   20.69  20.629   20.58   6366.38     3631.0   r-P48 
 60736.247  20.694  20.634  20.583   6629.82     3631.0  orange 
 60736.247    20.7   20.64  20.589   6198.96     3631.0       r 
 60736.247  20.712  20.652  20.593   7645.77     3631.0       i 
 60736.247  20.777  20.715  20.662   5182.42     3631.0    cyan 
 60736.247  20.822  20.758  20.703  10023.96     3631.0       z 
 60736.247  20.867  20.798  20.738   4746.48     3631.0   g-P48 
 60736.247  20.874  20.803  20.742   4735.89     3631.0       g 
 60736.252   20.69  20.629   20.58   6366.38     3631.0   r-P48 
 60736.252  20.694  20.634  20.583   6629.82     3631.0  orange 
 60736.252    20.7   20.64  20.589   6198.96     3631.0       r 
 60736.252  20.712  20.652  20.593   7645.77     3631.0       i 
 60736.252  20.777  20.715  20.662   5182.42     3631.0    cyan 
 60736.252  20.822  20.758  20.703  10023.96     3631.0       z 
 60736.252  20.867  20.798  20.738   4746.48     3631.0   g-P48 
 60736.252  20.874  20.803  20.742   4735.89     3631.0       g 
 60736.258   20.69  20.629   20.58   6366.38     3631.0   r-P48 
 60736.258  20.694  20.634  20.583   6629.82     3631.0  orange 
 60736.258    20.7   20.64  20.589   6198.96     3631.0       r 
 60736.258  20.712  20.652  20.593   7645.77     3631.0       i 
 60736.258  20.777  20.715  20.662   5182.42     3631.0    cyan 
 60736.258  20.822  20.758  20.703  10023.96     3631.0       z 
 60736.258  20.867  20.798  20.739   4746.48     3631.0   g-P48 
 60736.258  20.874  20.803  20.742   4735.89     3631.0       g 
 60736.778  20.695  20.633  20.585   6366.38     3631.0   r-P48 
 60736.778  20.699  20.639  20.588   6629.82     3631.0  orange 
 60736.778  20.705  20.644  20.593   6198.96     3631.0       r 
 60736.778  20.717  20.657  20.598   7645.77     3631.0       i 
 60736.778  20.782  20.719  20.666   5182.42     3631.0    cyan 
 60736.778  20.827  20.763  20.708  10023.96     3631.0       z 
 60736.778  20.871  20.802  20.743   4746.48     3631.0   g-P48 
 60736.778  20.878  20.808  20.747   4735.89     3631.0       g 
 60737.047  20.697  20.636  20.587   6366.38     3631.0   r-P48 
 60737.047  20.702  20.641   20.59   6629.82     3631.0  orange 
 60737.047  20.707  20.647  20.596   6198.96     3631.0       r 
 60737.047   20.72  20.659    20.6   7645.77     3631.0       i 
 60737.047  20.784  20.722  20.669   5182.42     3631.0    cyan 
 60737.047  20.829  20.765   20.71  10023.96     3631.0       z 
 60737.047  20.874  20.805  20.745   4746.48     3631.0   g-P48 
 60737.047  20.881   20.81  20.749   4735.89     3631.0       g 
 60739.017  20.715  20.653  20.604   6366.38     3631.0   r-P48 
 60739.017  20.719  20.658  20.607   6629.82     3631.0  orange 
 60739.017  20.725  20.664  20.613   6198.96     3631.0       r 
 60739.017  20.737  20.676  20.617   7645.77     3631.0       i 
 60739.017  20.802  20.739  20.686   5182.42     3631.0    cyan 
 60739.017  20.847  20.782  20.727  10023.96     3631.0       z 
 60739.017  20.891  20.822  20.762   4746.48     3631.0   g-P48 
 60739.017  20.898  20.828  20.766   4735.89     3631.0       g 
 60741.255  20.735  20.672  20.623   6366.38     3631.0   r-P48 
 60741.255  20.739  20.677  20.626   6629.82     3631.0  orange 
 60741.255  20.744  20.683  20.632   6198.96     3631.0       r 
 60741.255  20.757  20.696  20.636   7645.77     3631.0       i 
 60741.255  20.822  20.758  20.705   5182.42     3631.0    cyan 
 60741.255  20.867  20.802  20.746  10023.96     3631.0       z 
 60741.255   20.91  20.841  20.782   4746.48     3631.0   g-P48 
 60741.255  20.918  20.847  20.785   4735.89     3631.0       g 
 60742.515  20.746  20.683  20.633   6366.38     3631.0   r-P48 
 60742.515   20.75  20.688  20.637   6629.82     3631.0  orange 
 60742.515  20.756  20.694  20.642   6198.96     3631.0       r 
 60742.515  20.768  20.707  20.647   7645.77     3631.0       i 
 60742.515  20.833  20.768  20.716   5182.42     3631.0    cyan 
 60742.515  20.878  20.813  20.757  10023.96     3631.0       z 
 60742.515  20.921  20.852  20.793   4746.48     3631.0   g-P48 
 60742.515  20.929  20.858  20.796   4735.89     3631.0       g 
 60743.493  20.754  20.692  20.642   6366.38     3631.0   r-P48 
 60743.493  20.758  20.697  20.645   6629.82     3631.0  orange 
 60743.493  20.764  20.703  20.651   6198.96     3631.0       r 
 60743.493  20.777  20.715  20.655   7645.77     3631.0       i 
 60743.493  20.841  20.777  20.724   5182.42     3631.0    cyan 
 60743.493  20.886  20.821  20.765  10023.96     3631.0       z 
 60743.493   20.93  20.861  20.801   4746.48     3631.0   g-P48 
 60743.493  20.937  20.866  20.804   4735.89     3631.0       g 
 60745.732  20.774  20.711  20.661   6366.38     3631.0   r-P48 
 60745.732  20.778  20.716  20.664   6629.82     3631.0  orange 
 60745.732  20.784  20.722  20.669   6198.96     3631.0       r 
 60745.732  20.797  20.734  20.674   7645.77     3631.0       i 
 60745.732  20.861  20.796  20.743   5182.42     3631.0    cyan 
 60745.732  20.906   20.84  20.784  10023.96     3631.0       z 
 60745.732  20.949  20.881   20.82   4746.48     3631.0   g-P48 
 60745.732  20.956  20.886  20.824   4735.89     3631.0       g 
  60747.97  20.793   20.73  20.679   6366.38     3631.0   r-P48 
  60747.97  20.798  20.735  20.683   6629.82     3631.0  orange 
  60747.97  20.803  20.741  20.688   6198.96     3631.0       r 
  60747.97  20.816  20.753  20.693   7645.77     3631.0       i 
  60747.97  20.881  20.816  20.762   5182.42     3631.0    cyan 
  60747.97  20.925   20.86  20.803  10023.96     3631.0       z 
  60747.97  20.968    20.9  20.839   4746.48     3631.0   g-P48 
  60747.97  20.976  20.905  20.843   4735.89     3631.0       g 
 60750.209  20.813  20.749  20.698   6366.38     3631.0   r-P48 
 60750.209  20.817  20.754  20.702   6629.82     3631.0  orange 
 60750.209  20.823   20.76  20.707   6198.96     3631.0       r 
 60750.209  20.836  20.773  20.712   7645.77     3631.0       i 
 60750.209    20.9  20.835  20.781   5182.42     3631.0    cyan 
 60750.209  20.944  20.879  20.821  10023.96     3631.0       z 
 60750.209  20.987   20.92  20.858   4746.48     3631.0   g-P48 
 60750.209  20.995  20.924  20.863   4735.89     3631.0       g 
 60752.447  20.832  20.769  20.717   6366.38     3631.0   r-P48 
 60752.447  20.836  20.773   20.72   6629.82     3631.0  orange 
 60752.447  20.842  20.779  20.726   6198.96     3631.0       r 
 60752.447  20.855  20.792   20.73   7645.77     3631.0       i 
 60752.447   20.92  20.853    20.8   5182.42     3631.0    cyan 
 60752.447  20.963  20.898   20.84  10023.96     3631.0       z 
 60752.447  21.007  20.939  20.877   4746.48     3631.0   g-P48 
 60752.447  21.014  20.942  20.882   4735.89     3631.0       g 
 60754.685  20.851  20.787  20.735   6366.38     3631.0   r-P48 
 60754.685  20.856  20.792  20.739   6629.82     3631.0  orange 
 60754.685  20.861  20.798  20.744   6198.96     3631.0       r 
 60754.685  20.875  20.811  20.749   7645.77     3631.0       i 
 60754.685  20.939  20.872  20.819   5182.42     3631.0    cyan 
 60754.685  20.982  20.917  20.859  10023.96     3631.0       z 
 60754.685  21.026  20.958  20.896   4746.48     3631.0   g-P48 
 60754.685  21.033  20.961  20.901   4735.89     3631.0       g 
 60756.924  20.871  20.806  20.753   6366.38     3631.0   r-P48 
 60756.924  20.875  20.811  20.757   6629.82     3631.0  orange 
 60756.924  20.881  20.817  20.763   6198.96     3631.0       r 
 60756.924  20.894   20.83  20.768   7645.77     3631.0       i 
 60756.924  20.958  20.891  20.838   5182.42     3631.0    cyan 
 60756.924  21.001  20.936  20.877  10023.96     3631.0       z 
 60756.924  21.045  20.976  20.915   4746.48     3631.0   g-P48 
 60756.924  21.052  20.981  20.921   4735.89     3631.0       g 
 60759.162   20.89  20.825  20.772   6366.38     3631.0   r-P48 
 60759.162  20.894   20.83  20.776   6629.82     3631.0  orange 
 60759.162    20.9  20.835  20.781   6198.96     3631.0       r 
 60759.162  20.913  20.848  20.786   7645.77     3631.0       i 
 60759.162  20.978   20.91  20.856   5182.42     3631.0    cyan 
 60759.162   21.02  20.955  20.895  10023.96     3631.0       z 
 60759.162  21.064  20.995  20.934   4746.48     3631.0   g-P48 
 60759.162  21.071  20.999   20.94   4735.89     3631.0       g 
 60760.328    20.9  20.834  20.781   6366.38     3631.0   r-P48 
 60760.328  20.904  20.839  20.785   6629.82     3631.0  orange 
 60760.328   20.91  20.845  20.791   6198.96     3631.0       r 
 60760.328  20.923  20.858  20.796   7645.77     3631.0       i 
 60760.328  20.987   20.92  20.866   5182.42     3631.0    cyan 
 60760.328   21.03  20.965  20.905  10023.96     3631.0       z 
 60760.328  21.074  21.005  20.943   4746.48     3631.0   g-P48 
 60760.328  21.081  21.009   20.95   4735.89     3631.0       g 
   60761.4  20.909  20.843   20.79   6366.38     3631.0   r-P48 
   60761.4  20.913  20.848  20.794   6629.82     3631.0  orange 
   60761.4  20.919  20.854    20.8   6198.96     3631.0       r 
   60761.4  20.932  20.867  20.805   7645.77     3631.0       i 
   60761.4  20.997  20.928  20.875   5182.42     3631.0    cyan 
   60761.4  21.039  20.974  20.913  10023.96     3631.0       z 
   60761.4  21.083  21.014  20.952   4746.48     3631.0   g-P48 
   60761.4   21.09  21.018  20.959   4735.89     3631.0       g 
 60762.714   20.92  20.854  20.801   6366.38     3631.0   r-P48 
 60762.714  20.924  20.859  20.805   6629.82     3631.0  orange 
 60762.714   20.93  20.865   20.81   6198.96     3631.0       r 
 60762.714  20.943  20.878  20.815   7645.77     3631.0       i 
 60762.714  21.008  20.939  20.886   5182.42     3631.0    cyan 
 60762.714   21.05  20.985  20.924  10023.96     3631.0       z 
 60762.714  21.094  21.024  20.964   4746.48     3631.0   g-P48 
 60762.714    21.1  21.029   20.97   4735.89     3631.0       g 
 60763.639  20.928  20.862  20.808   6366.38     3631.0   r-P48 
 60763.639  20.932  20.867  20.812   6629.82     3631.0  orange 
 60763.639  20.938  20.873  20.818   6198.96     3631.0       r 
 60763.639  20.951  20.885  20.823   7645.77     3631.0       i 
 60763.639  21.016  20.947  20.893   5182.42     3631.0    cyan 
 60763.639  21.058  20.993  20.932  10023.96     3631.0       z 
 60763.639  21.102  21.032  20.971   4746.48     3631.0   g-P48 
 60763.639  21.108  21.037  20.978   4735.89     3631.0       g 
 60765.877  20.947   20.88  20.826   6366.38     3631.0   r-P48 
 60765.877  20.951  20.885  20.831   6629.82     3631.0  orange 
 60765.877  20.957  20.891  20.836   6198.96     3631.0       r 
 60765.877   20.97  20.904  20.841   7645.77     3631.0       i 
 60765.877  21.035  20.965  20.912   5182.42     3631.0    cyan 
 60765.877  21.077  21.012   20.95  10023.96     3631.0       z 
 60765.877  21.121   21.05   20.99   4746.48     3631.0   g-P48 
 60765.877  21.127  21.055  20.997   4735.89     3631.0       g 
 60768.115  20.966  20.898  20.844   6366.38     3631.0   r-P48 
 60768.115   20.97  20.904  20.849   6629.82     3631.0  orange 
 60768.115  20.976   20.91  20.854   6198.96     3631.0       r 
 60768.115  20.989  20.922  20.859   7645.77     3631.0       i 
 60768.115  21.053  20.984   20.93   5182.42     3631.0    cyan 
 60768.115  21.096  21.031  20.968  10023.96     3631.0       z 
 60768.115   21.14  21.069  21.009   4746.48     3631.0   g-P48 
 60768.115  21.146  21.074  21.015   4735.89     3631.0       g 
 60769.045  20.974  20.906  20.852   6366.38     3631.0   r-P48 
 60769.045  20.977  20.911  20.856   6629.82     3631.0  orange 
 60769.045  20.984  20.917  20.862   6198.96     3631.0       r 
 60769.045  20.997   20.93  20.867   7645.77     3631.0       i 
 60769.045  21.061  20.991  20.937   5182.42     3631.0    cyan 
 60769.045  21.104  21.038  20.975  10023.96     3631.0       z 
 60769.045  21.147  21.076  21.017   4746.48     3631.0   g-P48 
 60769.045  21.153  21.081  21.023   4735.89     3631.0       g 
 60770.354  20.985  20.917  20.862   6366.38     3631.0   r-P48 
 60770.354  20.988  20.922  20.867   6629.82     3631.0  orange 
 60770.354  20.995  20.928  20.872   6198.96     3631.0       r 
 60770.354  21.008  20.941  20.878   7645.77     3631.0       i 
 60770.354  21.072  21.002  20.948   5182.42     3631.0    cyan 
 60770.354  21.114  21.049  20.986  10023.96     3631.0       z 
 60770.354  21.158  21.087  21.028   4746.48     3631.0   g-P48 
 60770.354  21.164  21.092  21.033   4735.89     3631.0       g 
 60771.243  20.992  20.924   20.87   6366.38     3631.0   r-P48 
 60771.243  20.996  20.929  20.874   6629.82     3631.0  orange 
 60771.243  21.002  20.935  20.879   6198.96     3631.0       r 
 60771.243  21.015  20.948  20.885   7645.77     3631.0       i 
 60771.243   21.08  21.009  20.955   5182.42     3631.0    cyan 
 60771.243  21.122  21.056  20.993  10023.96     3631.0       z 
 60771.243  21.166  21.094  21.035   4746.48     3631.0   g-P48 
 60771.243  21.172  21.099   21.04   4735.89     3631.0       g 
 60772.592  21.003  20.935   20.88   6366.38     3631.0   r-P48 
 60772.592  21.007   20.94  20.884   6629.82     3631.0  orange 
 60772.592  21.013  20.946   20.89   6198.96     3631.0       r 
 60772.592  21.026  20.959  20.896   7645.77     3631.0       i 
 60772.592  21.091   21.02  20.965   5182.42     3631.0    cyan 
 60772.592  21.133  21.067  21.003  10023.96     3631.0       z 
 60772.592  21.177  21.105  21.046   4746.48     3631.0   g-P48 
 60772.592  21.183   21.11  21.051   4735.89     3631.0       g 
  60774.83  21.022  20.953  20.898   6366.38     3631.0   r-P48 
  60774.83  21.025  20.958  20.902   6629.82     3631.0  orange 
  60774.83  21.032  20.964  20.908   6198.96     3631.0       r 
  60774.83  21.045  20.977  20.914   7645.77     3631.0       i 
  60774.83   21.11  21.039  20.983   5182.42     3631.0    cyan 
  60774.83  21.152  21.086  21.021  10023.96     3631.0       z 
  60774.83  21.195  21.123  21.064   4746.48     3631.0   g-P48 
  60774.83  21.202  21.128  21.069   4735.89     3631.0       g 
 60777.069  21.041  20.971  20.916   6366.38     3631.0   r-P48 
 60777.069  21.044  20.977   20.92   6629.82     3631.0  orange 
 60777.069   21.05  20.982  20.925   6198.96     3631.0       r 
 60777.069  21.063  20.996  20.932   7645.77     3631.0       i 
 60777.069  21.128  21.057  21.001   5182.42     3631.0    cyan 
 60777.069   21.17  21.104  21.039  10023.96     3631.0       z 
 60777.069  21.214   21.14  21.082   4746.48     3631.0   g-P48 
 60777.069   21.22  21.147  21.087   4735.89     3631.0       g 
 60779.307  21.059  20.989  20.934   6366.38     3631.0   r-P48 
 60779.307  21.062  20.995  20.938   6629.82     3631.0  orange 
 60779.307  21.069    21.0  20.943   6198.96     3631.0       r 
 60779.307  21.082  21.014   20.95   7645.77     3631.0       i 
 60779.307  21.146  21.075  21.018   5182.42     3631.0    cyan 
 60779.307  21.189  21.122  21.056  10023.96     3631.0       z 
 60779.307  21.233  21.158  21.099   4746.48     3631.0   g-P48 
 60779.307  21.239  21.165  21.104   4735.89     3631.0       g 
 60781.545  21.078  21.007  20.952   6366.38     3631.0   r-P48 
 60781.545  21.081  21.013  20.956   6629.82     3631.0  orange 
 60781.545  21.087  21.018  20.961   6198.96     3631.0       r 
 60781.545    21.1  21.032  20.967   7645.77     3631.0       i 
 60781.545  21.165  21.093  21.036   5182.42     3631.0    cyan 
 60781.545  21.207   21.14  21.074  10023.96     3631.0       z 
 60781.545  21.251  21.176  21.117   4746.48     3631.0   g-P48 
 60781.545  21.257  21.182  21.122   4735.89     3631.0       g 
 60783.784  21.096  21.025  20.969   6366.38     3631.0   r-P48 
 60783.784  21.099   21.03  20.973   6629.82     3631.0  orange 
 60783.784  21.105  21.036  20.978   6198.96     3631.0       r 
 60783.784  21.118   21.05  20.985   7645.77     3631.0       i 
 60783.784  21.183   21.11  21.053   5182.42     3631.0    cyan 
 60783.784  21.225  21.158  21.091  10023.96     3631.0       z 
 60783.784   21.27  21.193  21.135   4746.48     3631.0   g-P48 
 60783.784  21.275    21.2  21.139   4735.89     3631.0       g 
 60786.022  21.114  21.043  20.987   6366.38     3631.0   r-P48 
 60786.022  21.117  21.048  20.991   6629.82     3631.0  orange 
 60786.022  21.123  21.054  20.996   6198.96     3631.0       r 
 60786.022  21.137  21.067  21.002   7645.77     3631.0       i 
 60786.022  21.201  21.128   21.07   5182.42     3631.0    cyan 
 60786.022  21.244  21.176  21.108  10023.96     3631.0       z 
 60786.022  21.288  21.211  21.152   4746.48     3631.0   g-P48 
 60786.022  21.293  21.218  21.157   4735.89     3631.0       g 
  60788.26  21.132  21.061  21.004   6366.38     3631.0   r-P48 
  60788.26  21.135  21.066  21.008   6629.82     3631.0  orange 
  60788.26  21.141  21.071  21.013   6198.96     3631.0       r 
  60788.26  21.155  21.085   21.02   7645.77     3631.0       i 
  60788.26   21.22  21.146  21.087   5182.42     3631.0    cyan 
  60788.26  21.262  21.194  21.126  10023.96     3631.0       z 
  60788.26  21.306  21.229   21.17   4746.48     3631.0   g-P48 
  60788.26  21.311  21.235  21.174   4735.89     3631.0       g 
  60790.27  21.148  21.077   21.02   6366.38     3631.0   r-P48 
  60790.27  21.152  21.082  21.024   6629.82     3631.0  orange 
  60790.27  21.157  21.087  21.029   6198.96     3631.0       r 
  60790.27  21.171  21.101  21.035   7645.77     3631.0       i 
  60790.27  21.236  21.162  21.103   5182.42     3631.0    cyan 
  60790.27  21.277   21.21  21.141  10023.96     3631.0       z 
  60790.27  21.322  21.245  21.185   4746.48     3631.0   g-P48 
  60790.27  21.327  21.251   21.19   4735.89     3631.0       g 
 60790.499   21.15  21.079  21.022   6366.38     3631.0   r-P48 
 60790.499  21.154  21.083  21.026   6629.82     3631.0  orange 
 60790.499  21.159  21.089   21.03   6198.96     3631.0       r 
 60790.499  21.173  21.103  21.037   7645.77     3631.0       i 
 60790.499  21.238  21.164  21.105   5182.42     3631.0    cyan 
 60790.499  21.279  21.211  21.143  10023.96     3631.0       z 
 60790.499  21.324  21.246  21.187   4746.48     3631.0   g-P48 
 60790.499  21.329  21.253  21.192   4735.89     3631.0       g 
  60791.25  21.156  21.084  21.027   6366.38     3631.0   r-P48 
  60791.25   21.16  21.089  21.032   6629.82     3631.0  orange 
  60791.25  21.165  21.095  21.036   6198.96     3631.0       r 
  60791.25  21.179  21.109  21.043   7645.77     3631.0       i 
  60791.25  21.244  21.169   21.11   5182.42     3631.0    cyan 
  60791.25  21.285  21.217  21.149  10023.96     3631.0       z 
  60791.25   21.33  21.252  21.193   4746.48     3631.0   g-P48 
  60791.25  21.335  21.259  21.197   4735.89     3631.0       g 
 60792.737  21.168  21.096  21.039   6366.38     3631.0   r-P48 
 60792.737  21.172  21.101  21.043   6629.82     3631.0  orange 
 60792.737  21.177  21.107  21.048   6198.96     3631.0       r 
 60792.737  21.191  21.121  21.054   7645.77     3631.0       i 
 60792.737  21.256  21.181  21.122   5182.42     3631.0    cyan 
 60792.737  21.297  21.229   21.16  10023.96     3631.0       z 
 60792.737  21.342  21.264  21.204   4746.48     3631.0   g-P48 
 60792.737  21.347  21.271  21.209   4735.89     3631.0       g 
 60792.827  21.169  21.097   21.04   6366.38     3631.0   r-P48 
 60792.827  21.172  21.102  21.044   6629.82     3631.0  orange 
 60792.827  21.178  21.107  21.048   6198.96     3631.0       r 
 60792.827  21.192  21.121  21.055   7645.77     3631.0       i 
 60792.827  21.256  21.182  21.122   5182.42     3631.0    cyan 
 60792.827  21.298   21.23  21.161  10023.96     3631.0       z 
 60792.827  21.343  21.265  21.205   4746.48     3631.0   g-P48 
 60792.827  21.347  21.271   21.21   4735.89     3631.0       g 
 60794.219   21.18  21.108   21.05   6366.38     3631.0   r-P48 
 60794.219  21.184  21.113  21.055   6629.82     3631.0  orange 
 60794.219  21.189  21.118  21.059   6198.96     3631.0       r 
 60794.219  21.203  21.132  21.066   7645.77     3631.0       i 
 60794.219  21.267  21.193  21.133   5182.42     3631.0    cyan 
 60794.219  21.309  21.241  21.171  10023.96     3631.0       z 
 60794.219  21.354  21.276  21.216   4746.48     3631.0   g-P48 
 60794.219  21.359  21.282   21.22   4735.89     3631.0       g 
 60794.976  21.186  21.114  21.056   6366.38     3631.0   r-P48 
 60794.976   21.19  21.118   21.06   6629.82     3631.0  orange 
 60794.976  21.195  21.124  21.065   6198.96     3631.0       r 
 60794.976  21.209  21.138  21.071   7645.77     3631.0       i 
 60794.976  21.273  21.198  21.139   5182.42     3631.0    cyan 
 60794.976  21.315  21.247  21.177  10023.96     3631.0       z 
 60794.976   21.36  21.281  21.221   4746.48     3631.0   g-P48 
 60794.976  21.365  21.288  21.226   4735.89     3631.0       g 
 60797.214  21.204  21.131  21.073   6366.38     3631.0   r-P48 
 60797.214  21.208  21.136  21.078   6629.82     3631.0  orange 
 60797.214  21.213  21.141  21.082   6198.96     3631.0       r 
 60797.214  21.227  21.156  21.089   7645.77     3631.0       i 
 60797.214  21.291  21.216  21.156   5182.42     3631.0    cyan 
 60797.214  21.332  21.264  21.194  10023.96     3631.0       z 
 60797.214  21.378  21.299  21.239   4746.48     3631.0   g-P48 
 60797.214  21.383  21.305  21.243   4735.89     3631.0       g 
 60798.444  21.214  21.141  21.083   6366.38     3631.0   r-P48 
 60798.444  21.218  21.145  21.087   6629.82     3631.0  orange 
 60798.444  21.223  21.151  21.091   6198.96     3631.0       r 
 60798.444  21.237  21.165  21.098   7645.77     3631.0       i 
 60798.444  21.301  21.225  21.165   5182.42     3631.0    cyan 
 60798.444  21.342  21.274  21.203  10023.96     3631.0       z 
 60798.444  21.387  21.308  21.248   4746.48     3631.0   g-P48 
 60798.444  21.392  21.315  21.253   4735.89     3631.0       g 
 60799.452  21.222  21.149   21.09   6366.38     3631.0   r-P48 
 60799.452  21.226  21.153  21.095   6629.82     3631.0  orange 
 60799.452  21.231  21.159  21.099   6198.96     3631.0       r 
 60799.452  21.245  21.173  21.106   7645.77     3631.0       i 
 60799.452  21.309  21.233  21.173   5182.42     3631.0    cyan 
 60799.452   21.35  21.282  21.211  10023.96     3631.0       z 
 60799.452  21.395  21.316  21.255   4746.48     3631.0   g-P48 
 60799.452  21.401  21.323   21.26   4735.89     3631.0       g 
 60800.892  21.233   21.16  21.101   6366.38     3631.0   r-P48 
 60800.892  21.238  21.164  21.106   6629.82     3631.0  orange 
 60800.892  21.242   21.17   21.11   6198.96     3631.0       r 
 60800.892  21.256  21.184  21.117   7645.77     3631.0       i 
 60800.892   21.32  21.244  21.184   5182.42     3631.0    cyan 
 60800.892  21.361  21.293  21.222  10023.96     3631.0       z 
 60800.892  21.407  21.327  21.266   4746.48     3631.0   g-P48 
 60800.892  21.412  21.334  21.271   4735.89     3631.0       g 
 60801.691  21.239  21.166  21.107   6366.38     3631.0   r-P48 
 60801.691  21.244   21.17  21.112   6629.82     3631.0  orange 
 60801.691  21.249  21.176  21.116   6198.96     3631.0       r 
 60801.691  21.262   21.19  21.123   7645.77     3631.0       i 
 60801.691  21.327   21.25   21.19   5182.42     3631.0    cyan 
 60801.691  21.367  21.299  21.228  10023.96     3631.0       z 
 60801.691  21.413  21.333  21.273   4746.48     3631.0   g-P48 
 60801.691  21.418   21.34  21.277   4735.89     3631.0       g 
 60802.457  21.245  21.172  21.113   6366.38     3631.0   r-P48 
 60802.457   21.25  21.176  21.118   6629.82     3631.0  orange 
 60802.457  21.255  21.182  21.122   6198.96     3631.0       r 
 60802.457  21.268  21.196  21.129   7645.77     3631.0       i 
 60802.457  21.333  21.256  21.195   5182.42     3631.0    cyan 
 60802.457  21.373  21.305  21.234  10023.96     3631.0       z 
 60802.457  21.419  21.339  21.278   4746.48     3631.0   g-P48 
 60802.457  21.424  21.346  21.283   4735.89     3631.0       g 
 60803.929  21.257  21.184  21.124   6366.38     3631.0   r-P48 
 60803.929  21.262  21.188  21.129   6629.82     3631.0  orange 
 60803.929  21.266  21.193  21.133   6198.96     3631.0       r 
 60803.929   21.28  21.208   21.14   7645.77     3631.0       i 
 60803.929  21.344  21.267  21.207   5182.42     3631.0    cyan 
 60803.929  21.385  21.316  21.245  10023.96     3631.0       z 
 60803.929  21.431   21.35   21.29   4746.48     3631.0   g-P48 
 60803.929  21.436  21.357  21.294   4735.89     3631.0       g 
 60806.167  21.274  21.201  21.141   6366.38     3631.0   r-P48 
 60806.167   21.28  21.205  21.146   6629.82     3631.0  orange 
 60806.167  21.284   21.21   21.15   6198.96     3631.0       r 
 60806.167  21.297  21.225  21.157   7645.77     3631.0       i 
 60806.167  21.362  21.284  21.223   5182.42     3631.0    cyan 
 60806.167  21.402  21.333  21.262  10023.96     3631.0       z 
 60806.167  21.448  21.367  21.306   4746.48     3631.0   g-P48 
 60806.167  21.453  21.374  21.311   4735.89     3631.0       g 
 60808.406  21.292  21.218  21.158   6366.38     3631.0   r-P48 
 60808.406  21.298  21.222  21.163   6629.82     3631.0  orange 
 60808.406  21.301  21.227  21.167   6198.96     3631.0       r 
 60808.406  21.314  21.242  21.174   7645.77     3631.0       i 
 60808.406  21.379  21.302   21.24   5182.42     3631.0    cyan 
 60808.406   21.42   21.35  21.279  10023.96     3631.0       z 
 60808.406  21.465  21.384  21.323   4746.48     3631.0   g-P48 
 60808.406  21.471  21.392  21.328   4735.89     3631.0       g 
 60810.644  21.309  21.235  21.175   6366.38     3631.0   r-P48 
 60810.644  21.315  21.239  21.179   6629.82     3631.0  orange 
 60810.644  21.319  21.244  21.184   6198.96     3631.0       r 
 60810.644  21.332  21.259   21.19   7645.77     3631.0       i 
 60810.644  21.396  21.319  21.257   5182.42     3631.0    cyan 
 60810.644  21.437  21.367  21.295  10023.96     3631.0       z 
 60810.644  21.483  21.401   21.34   4746.48     3631.0   g-P48 
 60810.644  21.488  21.409  21.345   4735.89     3631.0       g 
 60812.882  21.326  21.252  21.191   6366.38     3631.0   r-P48 
 60812.882  21.333  21.256  21.196   6629.82     3631.0  orange 
 60812.882  21.336  21.261    21.2   6198.96     3631.0       r 
 60812.882  21.349  21.276  21.207   7645.77     3631.0       i 
 60812.882  21.414  21.335  21.273   5182.42     3631.0    cyan 
 60812.882  21.455  21.384  21.312  10023.96     3631.0       z 
 60812.882    21.5  21.418  21.357   4746.48     3631.0   g-P48 
 60812.882  21.506  21.426  21.362   4735.89     3631.0       g 
 60814.463  21.339  21.264  21.203   6366.38     3631.0   r-P48 
 60814.463  21.345  21.268  21.208   6629.82     3631.0  orange 
 60814.463  21.348  21.273  21.212   6198.96     3631.0       r 
 60814.463  21.361  21.288  21.219   7645.77     3631.0       i 
 60814.463  21.426  21.347  21.285   5182.42     3631.0    cyan 
 60814.463  21.467  21.396  21.324  10023.96     3631.0       z 
 60814.463  21.512   21.43  21.369   4746.48     3631.0   g-P48 
 60814.463  21.518  21.437  21.374   4735.89     3631.0       g 
 60815.121  21.344  21.269  21.208   6366.38     3631.0   r-P48 
 60815.121   21.35  21.273  21.213   6629.82     3631.0  orange 
 60815.121  21.353  21.278  21.217   6198.96     3631.0       r 
 60815.121  21.366  21.293  21.224   7645.77     3631.0       i 
 60815.121  21.431  21.352   21.29   5182.42     3631.0    cyan 
 60815.121  21.472  21.401  21.329  10023.96     3631.0       z 
 60815.121  21.517  21.435  21.373   4746.48     3631.0   g-P48 
 60815.121  21.523  21.442  21.378   4735.89     3631.0       g 
 60817.359  21.362  21.285  21.225   6366.38     3631.0   r-P48 
 60817.359  21.367  21.289  21.229   6629.82     3631.0  orange 
 60817.359  21.371  21.295  21.233   6198.96     3631.0       r 
 60817.359  21.383   21.31   21.24   7645.77     3631.0       i 
 60817.359  21.448  21.369  21.307   5182.42     3631.0    cyan 
 60817.359  21.489  21.418  21.345  10023.96     3631.0       z 
 60817.359  21.534  21.451   21.39   4746.48     3631.0   g-P48 
 60817.359   21.54  21.459  21.395   4735.89     3631.0       g 
 60818.154  21.368  21.291   21.23   6366.38     3631.0   r-P48 
 60818.154  21.373  21.295  21.235   6629.82     3631.0  orange 
 60818.154  21.377  21.301  21.239   6198.96     3631.0       r 
 60818.154  21.389  21.316  21.246   7645.77     3631.0       i 
 60818.154  21.454  21.375  21.312   5182.42     3631.0    cyan 
 60818.154  21.495  21.424  21.351  10023.96     3631.0       z 
 60818.154  21.541  21.457  21.395   4746.48     3631.0   g-P48 
 60818.154  21.546  21.465  21.401   4735.89     3631.0       g 
 60818.555  21.371  21.294  21.233   6366.38     3631.0   r-P48 
 60818.555  21.376  21.298  21.238   6629.82     3631.0  orange 
 60818.555   21.38  21.304  21.242   6198.96     3631.0       r 
 60818.555  21.392  21.319  21.249   7645.77     3631.0       i 
 60818.555  21.457  21.378  21.315   5182.42     3631.0    cyan 
 60818.555  21.498  21.427  21.354  10023.96     3631.0       z 
 60818.555  21.544   21.46  21.398   4746.48     3631.0   g-P48 
 60818.555  21.549  21.468  21.404   4735.89     3631.0       g 
 60819.597  21.379  21.302  21.241   6366.38     3631.0   r-P48 
 60819.597  21.384  21.306  21.246   6629.82     3631.0  orange 
 60819.597  21.388  21.312   21.25   6198.96     3631.0       r 
 60819.597    21.4  21.327  21.257   7645.77     3631.0       i 
 60819.597  21.465  21.386  21.323   5182.42     3631.0    cyan 
 60819.597  21.506  21.434  21.362  10023.96     3631.0       z 
 60819.597  21.551  21.468  21.406   4746.48     3631.0   g-P48 
 60819.597  21.557  21.476  21.412   4735.89     3631.0       g 
 60820.945  21.389  21.312  21.251   6366.38     3631.0   r-P48 
 60820.945  21.395  21.316  21.256   6629.82     3631.0  orange 
 60820.945  21.398  21.322   21.26   6198.96     3631.0       r 
 60820.945   21.41  21.337  21.267   7645.77     3631.0       i 
 60820.945  21.475  21.396  21.333   5182.42     3631.0    cyan 
 60820.945  21.516  21.444  21.372  10023.96     3631.0       z 
 60820.945  21.562  21.478  21.416   4746.48     3631.0   g-P48 
 60820.945  21.567  21.486  21.422   4735.89     3631.0       g 
 60821.836  21.396  21.319  21.257   6366.38     3631.0   r-P48 
 60821.836  21.401  21.323  21.262   6629.82     3631.0  orange 
 60821.836  21.405  21.328  21.266   6198.96     3631.0       r 
 60821.836  21.417  21.344  21.273   7645.77     3631.0       i 
 60821.836  21.482  21.403  21.339   5182.42     3631.0    cyan 
 60821.836  21.523  21.451  21.378  10023.96     3631.0       z 
 60821.836  21.568  21.485  21.422   4746.48     3631.0   g-P48 
 60821.836  21.574  21.492  21.429   4735.89     3631.0       g 
 60822.371    21.4  21.323  21.261   6366.38     3631.0   r-P48 
 60822.371  21.405  21.327  21.266   6629.82     3631.0  orange 
 60822.371  21.409  21.332   21.27   6198.96     3631.0       r 
 60822.371  21.421  21.348  21.277   7645.77     3631.0       i 
 60822.371  21.486  21.407  21.343   5182.42     3631.0    cyan 
 60822.371  21.527  21.455  21.382  10023.96     3631.0       z 
 60822.371  21.572  21.488  21.426   4746.48     3631.0   g-P48 
 60822.371  21.578  21.496  21.432   4735.89     3631.0       g 
 60823.139  21.406  21.328  21.267   6366.38     3631.0   r-P48 
 60823.139  21.411  21.332  21.272   6629.82     3631.0  orange 
 60823.139  21.415  21.338  21.276   6198.96     3631.0       r 
 60823.139  21.427  21.354  21.283   7645.77     3631.0       i 
 60823.139  21.492  21.412  21.349   5182.42     3631.0    cyan 
 60823.139  21.533  21.461  21.388  10023.96     3631.0       z 
 60823.139  21.578  21.494  21.431   4746.48     3631.0   g-P48 
 60823.139  21.584  21.502  21.438   4735.89     3631.0       g 
 60824.074  21.413  21.335  21.274   6366.38     3631.0   r-P48 
 60824.074  21.418   21.34  21.279   6629.82     3631.0  orange 
 60824.074  21.422  21.345  21.283   6198.96     3631.0       r 
 60824.074  21.434   21.36  21.289   7645.77     3631.0       i 
 60824.074  21.499  21.419  21.356   5182.42     3631.0    cyan 
 60824.074   21.54  21.468  21.394  10023.96     3631.0       z 
 60824.074  21.585  21.501  21.438   4746.48     3631.0   g-P48 
 60824.074  21.591  21.509  21.445   4735.89     3631.0       g 
 60826.174  21.429  21.351  21.289   6366.38     3631.0   r-P48 
 60826.174  21.434  21.355  21.294   6629.82     3631.0  orange 
 60826.174  21.438   21.36  21.298   6198.96     3631.0       r 
 60826.174   21.45  21.376  21.305   7645.77     3631.0       i 
 60826.174  21.515  21.435  21.371   5182.42     3631.0    cyan 
 60826.174  21.556  21.483   21.41  10023.96     3631.0       z 
 60826.174  21.601  21.516  21.453   4746.48     3631.0   g-P48 
 60826.174  21.607  21.524  21.461   4735.89     3631.0       g 
 60826.312   21.43  21.352   21.29   6366.38     3631.0   r-P48 
 60826.312  21.435  21.356  21.295   6629.82     3631.0  orange 
 60826.312  21.439  21.361  21.299   6198.96     3631.0       r 
 60826.312  21.451  21.377  21.306   7645.77     3631.0       i 
 60826.312  21.516  21.436  21.372   5182.42     3631.0    cyan 
 60826.312  21.557  21.484  21.411  10023.96     3631.0       z 
 60826.312  21.602  21.518  21.454   4746.48     3631.0   g-P48 
 60826.312  21.608  21.525  21.462   4735.89     3631.0       g 
 60826.639  21.433  21.354  21.292   6366.38     3631.0   r-P48 
 60826.639  21.438  21.359  21.297   6629.82     3631.0  orange 
 60826.639  21.441  21.364  21.301   6198.96     3631.0       r 
 60826.639  21.453   21.38  21.308   7645.77     3631.0       i 
 60826.639  21.518  21.438  21.374   5182.42     3631.0    cyan 
 60826.639   21.56  21.486  21.413  10023.96     3631.0       z 
 60826.639  21.604   21.52  21.457   4746.48     3631.0   g-P48 
 60826.639   21.61  21.528  21.464   4735.89     3631.0       g 
  60827.87  21.442  21.363  21.301   6366.38     3631.0   r-P48 
  60827.87  21.447  21.368  21.306   6629.82     3631.0  orange 
  60827.87  21.451  21.373   21.31   6198.96     3631.0       r 
  60827.87  21.462  21.389  21.317   7645.77     3631.0       i 
  60827.87  21.527  21.447  21.383   5182.42     3631.0    cyan 
  60827.87  21.569  21.496  21.422  10023.96     3631.0       z 
  60827.87  21.614  21.529  21.465   4746.48     3631.0   g-P48 
  60827.87   21.62  21.537  21.473   4735.89     3631.0       g 
 60828.551  21.447  21.368  21.306   6366.38     3631.0   r-P48 
 60828.551  21.452  21.373  21.311   6629.82     3631.0  orange 
 60828.551  21.456  21.378  21.315   6198.96     3631.0       r 
 60828.551  21.468  21.394  21.322   7645.77     3631.0       i 
 60828.551  21.532  21.452  21.388   5182.42     3631.0    cyan 
 60828.551  21.574  21.501  21.427  10023.96     3631.0       z 
 60828.551  21.619  21.534   21.47   4746.48     3631.0   g-P48 
 60828.551  21.625  21.541  21.478   4735.89     3631.0       g 
 60828.878   21.45   21.37  21.309   6366.38     3631.0   r-P48 
 60828.878  21.455  21.375  21.314   6629.82     3631.0  orange 
 60828.878  21.458   21.38  21.317   6198.96     3631.0       r 
 60828.878   21.47  21.396  21.324   7645.77     3631.0       i 
 60828.878  21.535  21.455  21.391   5182.42     3631.0    cyan 
 60828.878  21.576  21.503  21.429  10023.96     3631.0       z 
 60828.878  21.621  21.537  21.473   4746.48     3631.0   g-P48 
 60828.878  21.627  21.544   21.48   4735.89     3631.0       g 
 60830.632  21.463  21.383  21.321   6366.38     3631.0   r-P48 
 60830.632  21.468  21.388  21.326   6629.82     3631.0  orange 
 60830.632  21.472  21.393   21.33   6198.96     3631.0       r 
 60830.632  21.483  21.409  21.337   7645.77     3631.0       i 
 60830.632  21.548  21.468  21.403   5182.42     3631.0    cyan 
 60830.632  21.589  21.516  21.442  10023.96     3631.0       z 
 60830.632  21.634   21.55  21.485   4746.48     3631.0   g-P48 
 60830.632   21.64  21.557  21.493   4735.89     3631.0       g 
 60830.789  21.464  21.384  21.322   6366.38     3631.0   r-P48 
 60830.789  21.469  21.389  21.328   6629.82     3631.0  orange 
 60830.789  21.473  21.394  21.331   6198.96     3631.0       r 
 60830.789  21.484   21.41  21.338   7645.77     3631.0       i 
 60830.789  21.549  21.469  21.404   5182.42     3631.0    cyan 
 60830.789   21.59  21.517  21.443  10023.96     3631.0       z 
 60830.789  21.635  21.551  21.486   4746.48     3631.0   g-P48 
 60830.789  21.641  21.558  21.494   4735.89     3631.0       g 
 60833.028  21.481  21.401  21.339   6366.38     3631.0   r-P48 
 60833.028  21.486  21.405  21.344   6629.82     3631.0  orange 
 60833.028   21.49  21.411  21.347   6198.96     3631.0       r 
 60833.028  21.501  21.426  21.354   7645.77     3631.0       i 
 60833.028  21.566  21.486  21.421   5182.42     3631.0    cyan 
 60833.028  21.607  21.533  21.459  10023.96     3631.0       z 
 60833.028  21.652  21.567  21.502   4746.48     3631.0   g-P48 
 60833.028  21.658  21.574   21.51   4735.89     3631.0       g 
 60835.266  21.498  21.417  21.355   6366.38     3631.0   r-P48 
 60835.266  21.502  21.422   21.36   6629.82     3631.0  orange 
 60835.266  21.507  21.427  21.363   6198.96     3631.0       r 
 60835.266  21.518  21.443   21.37   7645.77     3631.0       i 
 60835.266  21.582  21.502  21.437   5182.42     3631.0    cyan 
 60835.266  21.624   21.55  21.475  10023.96     3631.0       z 
 60835.266  21.668  21.584  21.518   4746.48     3631.0   g-P48 
 60835.266  21.674   21.59  21.526   4735.89     3631.0       g 
 60837.504  21.514  21.433  21.371   6366.38     3631.0   r-P48 
 60837.504  21.519  21.438  21.376   6629.82     3631.0  orange 
 60837.504  21.523  21.443  21.379   6198.96     3631.0       r 
 60837.504  21.534  21.459  21.386   7645.77     3631.0       i 
 60837.504  21.599  21.518  21.453   5182.42     3631.0    cyan 
 60837.504   21.64  21.566  21.491  10023.96     3631.0       z 
 60837.504  21.685    21.6  21.534   4746.48     3631.0   g-P48 
 60837.504  21.691  21.606  21.542   4735.89     3631.0       g 
 60839.743  21.531  21.449  21.386   6366.38     3631.0   r-P48 
 60839.743  21.535  21.454  21.392   6629.82     3631.0  orange 
 60839.743   21.54  21.459  21.395   6198.96     3631.0       r 
 60839.743  21.551  21.475  21.402   7645.77     3631.0       i 
 60839.743  21.615  21.535  21.468   5182.42     3631.0    cyan 
 60839.743  21.657  21.582  21.507  10023.96     3631.0       z 
 60839.743  21.701  21.616  21.549   4746.48     3631.0   g-P48 
 60839.743  21.707  21.622  21.557   4735.89     3631.0       g 
  60841.94  21.547  21.465  21.402   6366.38     3631.0   r-P48 
  60841.94  21.551   21.47  21.407   6629.82     3631.0  orange 
  60841.94  21.556  21.475  21.411   6198.96     3631.0       r 
  60841.94  21.567  21.491  21.417   7645.77     3631.0       i 
  60841.94  21.631   21.55  21.484   5182.42     3631.0    cyan 
  60841.94  21.673  21.598  21.522  10023.96     3631.0       z 
  60841.94  21.717  21.632  21.565   4746.48     3631.0   g-P48 
  60841.94  21.723  21.638  21.573   4735.89     3631.0       g 
 60841.981  21.548  21.465  21.402   6366.38     3631.0   r-P48 
 60841.981  21.551   21.47  21.408   6629.82     3631.0  orange 
 60841.981  21.556  21.475  21.411   6198.96     3631.0       r 
 60841.981  21.567  21.491  21.418   7645.77     3631.0       i 
 60841.981  21.632  21.551  21.484   5182.42     3631.0    cyan 
 60841.981  21.673  21.598  21.523  10023.96     3631.0       z 
 60841.981  21.717  21.632  21.565   4746.48     3631.0   g-P48 
 60841.981  21.724  21.638  21.573   4735.89     3631.0       g 
 60844.219  21.564  21.481  21.418   6366.38     3631.0   r-P48 
 60844.219  21.568  21.486  21.423   6629.82     3631.0  orange 
 60844.219  21.573  21.491  21.427   6198.96     3631.0       r 
 60844.219  21.583  21.507  21.433   7645.77     3631.0       i 
 60844.219  21.648  21.567    21.5   5182.42     3631.0    cyan 
 60844.219   21.69  21.614  21.539  10023.96     3631.0       z 
 60844.219  21.734  21.648  21.581   4746.48     3631.0   g-P48 
 60844.219   21.74  21.654  21.589   4735.89     3631.0       g 
 60846.458  21.581  21.497  21.434   6366.38     3631.0   r-P48 
 60846.458  21.584  21.502  21.439   6629.82     3631.0  orange 
 60846.458  21.589  21.507  21.443   6198.96     3631.0       r 
 60846.458    21.6  21.523  21.449   7645.77     3631.0       i 
 60846.458  21.664  21.583  21.516   5182.42     3631.0    cyan 
 60846.458  21.706   21.63  21.554  10023.96     3631.0       z 
 60846.458   21.75  21.664  21.596   4746.48     3631.0   g-P48 
 60846.458  21.756   21.67  21.604   4735.89     3631.0       g 
 60848.696  21.597  21.513   21.45   6366.38     3631.0   r-P48 
 60848.696    21.6  21.518  21.455   6629.82     3631.0  orange 
 60848.696  21.606  21.523  21.458   6198.96     3631.0       r 
 60848.696  21.616  21.539  21.465   7645.77     3631.0       i 
 60848.696   21.68  21.599  21.532   5182.42     3631.0    cyan 
 60848.696  21.722  21.646   21.57  10023.96     3631.0       z 
 60848.696  21.766   21.68  21.612   4746.48     3631.0   g-P48 
 60848.696  21.772  21.686  21.619   4735.89     3631.0       g 
 60850.934  21.613  21.529  21.465   6366.38     3631.0   r-P48 
 60850.934  21.616  21.534   21.47   6629.82     3631.0  orange 
 60850.934  21.622  21.539  21.474   6198.96     3631.0       r 
 60850.934  21.632  21.555   21.48   7645.77     3631.0       i 
 60850.934  21.696  21.615  21.547   5182.42     3631.0    cyan 
 60850.934  21.739  21.662  21.586  10023.96     3631.0       z 
 60850.934  21.782  21.696  21.627   4746.48     3631.0   g-P48 
 60850.934  21.788  21.702  21.635   4735.89     3631.0       g 
 60853.173  21.629  21.545  21.481   6366.38     3631.0   r-P48 
 60853.173  21.632   21.55  21.486   6629.82     3631.0  orange 
 60853.173  21.638  21.555  21.489   6198.96     3631.0       r 
 60853.173  21.648   21.57  21.496   7645.77     3631.0       i 
 60853.173  21.712  21.631  21.563   5182.42     3631.0    cyan 
 60853.173  21.755  21.678  21.601  10023.96     3631.0       z 
 60853.173  21.798  21.712  21.643   4746.48     3631.0   g-P48 
 60853.173  21.805  21.718   21.65   4735.89     3631.0       g 
 60855.411  21.645  21.561  21.496   6366.38     3631.0   r-P48 
 60855.411  21.648  21.565  21.502   6629.82     3631.0  orange 
 60855.411  21.654   21.57  21.505   6198.96     3631.0       r 
 60855.411  21.664  21.586  21.511   7645.77     3631.0       i 
 60855.411  21.728  21.647  21.579   5182.42     3631.0    cyan 
 60855.411  21.771  21.694  21.617  10023.96     3631.0       z 
 60855.411  21.814  21.728  21.658   4746.48     3631.0   g-P48 
 60855.411  21.821  21.734  21.666   4735.89     3631.0       g 
 60855.855  21.649  21.564  21.499   6366.38     3631.0   r-P48 
 60855.855  21.651  21.569  21.505   6629.82     3631.0  orange 
 60855.855  21.657  21.573  21.508   6198.96     3631.0       r 
 60855.855  21.667  21.589  21.514   7645.77     3631.0       i 
 60855.855  21.732   21.65  21.582   5182.42     3631.0    cyan 
 60855.855  21.774  21.697   21.62  10023.96     3631.0       z 
 60855.855  21.817  21.731  21.661   4746.48     3631.0   g-P48 
 60855.855  21.824  21.737  21.669   4735.89     3631.0       g 
 60856.816  21.655  21.571  21.506   6366.38     3631.0   r-P48 
 60856.816  21.658  21.575  21.511   6629.82     3631.0  orange 
 60856.816  21.664   21.58  21.515   6198.96     3631.0       r 
 60856.816  21.674  21.596  21.521   7645.77     3631.0       i 
 60856.816  21.738  21.657  21.588   5182.42     3631.0    cyan 
 60856.816  21.781  21.704  21.626  10023.96     3631.0       z 
 60856.816  21.824  21.738  21.668   4746.48     3631.0   g-P48 
 60856.816  21.831  21.744  21.675   4735.89     3631.0       g 
 60857.649  21.661  21.577  21.512   6366.38     3631.0   r-P48 
 60857.649  21.664  21.581  21.517   6629.82     3631.0  orange 
 60857.649   21.67  21.586   21.52   6198.96     3631.0       r 
 60857.649   21.68  21.602  21.527   7645.77     3631.0       i 
 60857.649  21.744  21.663  21.594   5182.42     3631.0    cyan 
 60857.649  21.787   21.71  21.632  10023.96     3631.0       z 
 60857.649   21.83  21.744  21.674   4746.48     3631.0   g-P48 
 60857.649  21.836   21.75  21.681   4735.89     3631.0       g 
 60859.888  21.677  21.593  21.527   6366.38     3631.0   r-P48 
 60859.888   21.68  21.597  21.532   6629.82     3631.0  orange 
 60859.888  21.686  21.602  21.536   6198.96     3631.0       r 
 60859.888  21.696  21.617  21.542   7645.77     3631.0       i 
 60859.888   21.76  21.678   21.61   5182.42     3631.0    cyan 
 60859.888  21.803  21.725  21.648  10023.96     3631.0       z 
 60859.888  21.845   21.76   21.69   4746.48     3631.0   g-P48 
 60859.888  21.852  21.765  21.696   4735.89     3631.0       g 
 60862.126  21.693  21.609  21.542   6366.38     3631.0   r-P48 
 60862.126  21.696  21.612  21.548   6629.82     3631.0  orange 
 60862.126  21.702  21.617  21.551   6198.96     3631.0       r 
 60862.126  21.712  21.633  21.558   7645.77     3631.0       i 
 60862.126  21.776  21.694  21.625   5182.42     3631.0    cyan 
 60862.126  21.819  21.741  21.663  10023.96     3631.0       z 
 60862.126  21.861  21.776  21.705   4746.48     3631.0   g-P48 
 60862.126  21.868  21.781  21.712   4735.89     3631.0       g 
 60864.364  21.709  21.625  21.558   6366.38     3631.0   r-P48 
 60864.364  21.712  21.628  21.563   6629.82     3631.0  orange 
 60864.364  21.718  21.633  21.566   6198.96     3631.0       r 
 60864.364  21.727  21.648  21.573   7645.77     3631.0       i 
 60864.364  21.792  21.709   21.64   5182.42     3631.0    cyan 
 60864.364  21.834  21.756  21.678  10023.96     3631.0       z 
 60864.364  21.877  21.791  21.721   4746.48     3631.0   g-P48 
 60864.364  21.884  21.797  21.727   4735.89     3631.0       g 
 60866.603  21.725   21.64  21.573   6366.38     3631.0   r-P48 
 60866.603  21.727  21.643  21.578   6629.82     3631.0  orange 
 60866.603  21.734  21.648  21.582   6198.96     3631.0       r 
 60866.603  21.743  21.664  21.588   7645.77     3631.0       i 
 60866.603  21.808  21.725  21.656   5182.42     3631.0    cyan 
 60866.603   21.85  21.772  21.693  10023.96     3631.0       z 
 60866.603  21.892  21.807  21.736   4746.48     3631.0   g-P48 
 60866.603  21.899  21.812  21.742   4735.89     3631.0       g 
 60868.841  21.741  21.655  21.588   6366.38     3631.0   r-P48 
 60868.841  21.743  21.659  21.593   6629.82     3631.0  orange 
 60868.841   21.75  21.663  21.597   6198.96     3631.0       r 
 60868.841  21.759  21.679  21.603   7645.77     3631.0       i 
 60868.841  21.823   21.74  21.671   5182.42     3631.0    cyan 
 60868.841  21.866  21.787  21.709  10023.96     3631.0       z 
 60868.841  21.908  21.822  21.751   4746.48     3631.0   g-P48 
 60868.841  21.915  21.828  21.757   4735.89     3631.0       g 
 60870.296  21.751  21.665  21.598   6366.38     3631.0   r-P48 
 60870.296  21.753  21.669  21.603   6629.82     3631.0  orange 
 60870.296   21.76  21.673  21.607   6198.96     3631.0       r 
 60870.296  21.769  21.689  21.613   7645.77     3631.0       i 
 60870.296  21.833   21.75  21.681   5182.42     3631.0    cyan 
 60870.296  21.876  21.797  21.718  10023.96     3631.0       z 
 60870.296  21.918  21.832  21.761   4746.48     3631.0   g-P48 
 60870.296  21.925  21.838  21.767   4735.89     3631.0       g 
 60871.079  21.756  21.671  21.603   6366.38     3631.0   r-P48 
 60871.079  21.759  21.674  21.608   6629.82     3631.0  orange 
 60871.079  21.766  21.679  21.612   6198.96     3631.0       r 
 60871.079  21.774  21.694  21.618   7645.77     3631.0       i 
 60871.079  21.839  21.756  21.686   5182.42     3631.0    cyan 
 60871.079  21.882  21.803  21.724  10023.96     3631.0       z 
 60871.079  21.923  21.837  21.767   4746.48     3631.0   g-P48 
 60871.079  21.931  21.844  21.773   4735.89     3631.0       g 
 60872.325  21.765  21.679  21.611   6366.38     3631.0   r-P48 
 60872.325  21.767  21.683  21.617   6629.82     3631.0  orange 
 60872.325  21.774  21.687   21.62   6198.96     3631.0       r 
 60872.325  21.783  21.703  21.627   7645.77     3631.0       i 
 60872.325  21.847  21.764  21.694   5182.42     3631.0    cyan 
 60872.325  21.891  21.811  21.732  10023.96     3631.0       z 
 60872.325  21.932  21.846  21.775   4746.48     3631.0   g-P48 
 60872.325  21.939  21.852  21.781   4735.89     3631.0       g 
 60873.318  21.772  21.686  21.618   6366.38     3631.0   r-P48 
 60873.318  21.774   21.69  21.623   6629.82     3631.0  orange 
 60873.318  21.781  21.694  21.627   6198.96     3631.0       r 
 60873.318   21.79   21.71  21.634   7645.77     3631.0       i 
 60873.318  21.854  21.771  21.701   5182.42     3631.0    cyan 
 60873.318  21.898  21.818  21.739  10023.96     3631.0       z 
 60873.318  21.939  21.853  21.782   4746.48     3631.0   g-P48 
 60873.318  21.946  21.859  21.788   4735.89     3631.0       g 
 60874.127  21.777  21.691  21.624   6366.38     3631.0   r-P48 
 60874.127   21.78  21.695  21.629   6629.82     3631.0  orange 
 60874.127  21.787  21.699  21.632   6198.96     3631.0       r 
 60874.127  21.796  21.715  21.639   7645.77     3631.0       i 
 60874.127   21.86  21.776  21.707   5182.42     3631.0    cyan 
 60874.127  21.903  21.823  21.744  10023.96     3631.0       z 
 60874.127  21.944  21.858  21.787   4746.48     3631.0   g-P48 
 60874.127  21.952  21.864  21.793   4735.89     3631.0       g 
 60875.556  21.787  21.701  21.633   6366.38     3631.0   r-P48 
 60875.556   21.79  21.705  21.638   6629.82     3631.0  orange 
 60875.556  21.797  21.709  21.642   6198.96     3631.0       r 
 60875.556  21.805  21.725  21.649   7645.77     3631.0       i 
 60875.556   21.87  21.786  21.716   5182.42     3631.0    cyan 
 60875.556  21.913  21.833  21.754  10023.96     3631.0       z 
 60875.556  21.954  21.868  21.797   4746.48     3631.0   g-P48 
 60875.556  21.962  21.874  21.803   4735.89     3631.0       g 
 60876.273  21.792  21.706  21.638   6366.38     3631.0   r-P48 
 60876.273  21.795   21.71  21.643   6629.82     3631.0  orange 
 60876.273  21.802  21.714  21.647   6198.96     3631.0       r 
 60876.273   21.81   21.73  21.653   7645.77     3631.0       i 
 60876.273  21.875  21.791  21.721   5182.42     3631.0    cyan 
 60876.273  21.918  21.838  21.759  10023.96     3631.0       z 
 60876.273  21.959  21.873  21.802   4746.48     3631.0   g-P48 
 60876.273  21.967  21.879  21.808   4735.89     3631.0       g 
 60877.795  21.803  21.716  21.648   6366.38     3631.0   r-P48 
 60877.795  21.805   21.72  21.653   6629.82     3631.0  orange 
 60877.795  21.812  21.724  21.657   6198.96     3631.0       r 
 60877.795  21.821   21.74  21.664   7645.77     3631.0       i 
 60877.795  21.885  21.801  21.731   5182.42     3631.0    cyan 
 60877.795  21.929  21.848  21.769  10023.96     3631.0       z 
 60877.795   21.97  21.883  21.812   4746.48     3631.0   g-P48 
 60877.795  21.977  21.889  21.818   4735.89     3631.0       g 
 60878.092  21.805  21.718   21.65   6366.38     3631.0   r-P48 
 60878.092  21.807  21.722  21.655   6629.82     3631.0  orange 
 60878.092  21.815  21.726  21.659   6198.96     3631.0       r 
 60878.092  21.823  21.742  21.666   7645.77     3631.0       i 
 60878.092  21.887  21.803  21.733   5182.42     3631.0    cyan 
 60878.092  21.931   21.85  21.771  10023.96     3631.0       z 
 60878.092  21.972  21.885  21.814   4746.48     3631.0   g-P48 
 60878.092  21.979  21.891   21.82   4735.89     3631.0       g 
 60880.033  21.818  21.731  21.663   6366.38     3631.0   r-P48 
 60880.033  21.821  21.735  21.668   6629.82     3631.0  orange 
 60880.033  21.828   21.74  21.672   6198.96     3631.0       r 
 60880.033  21.836  21.755  21.678   7645.77     3631.0       i 
 60880.033  21.901  21.817  21.746   5182.42     3631.0    cyan 
 60880.033  21.944  21.863  21.784  10023.96     3631.0       z 
 60880.033  21.985  21.898  21.827   4746.48     3631.0   g-P48 
 60880.033  21.992  21.904  21.833   4735.89     3631.0       g 
 60882.271  21.834  21.747  21.678   6366.38     3631.0   r-P48 
 60882.271  21.836   21.75  21.683   6629.82     3631.0  orange 
 60882.271  21.843  21.755  21.687   6198.96     3631.0       r 
 60882.271  21.852   21.77  21.693   7645.77     3631.0       i 
 60882.271  21.916  21.832  21.761   5182.42     3631.0    cyan 
 60882.271   21.96  21.878  21.798  10023.96     3631.0       z 
 60882.271    22.0  21.914  21.842   4746.48     3631.0   g-P48 
 60882.271  22.008  21.919  21.848   4735.89     3631.0       g 
  60884.51  21.849  21.762  21.693   6366.38     3631.0   r-P48 
  60884.51  21.852  21.765  21.698   6629.82     3631.0  orange 
  60884.51  21.859   21.77  21.701   6198.96     3631.0       r 
  60884.51  21.867  21.785  21.708   7645.77     3631.0       i 
  60884.51  21.931  21.847  21.776   5182.42     3631.0    cyan 
  60884.51  21.975  21.893  21.813  10023.96     3631.0       z 
  60884.51  22.015  21.929  21.857   4746.48     3631.0   g-P48 
  60884.51  22.023  21.934  21.863   4735.89     3631.0       g 
 60884.748   21.85  21.763  21.694   6366.38     3631.0   r-P48 
 60884.748  21.853  21.767    21.7   6629.82     3631.0  orange 
 60884.748   21.86  21.772  21.703   6198.96     3631.0       r 
 60884.748  21.868  21.787   21.71   7645.77     3631.0       i 
 60884.748  21.933  21.848  21.778   5182.42     3631.0    cyan 
 60884.748  21.977  21.895  21.815  10023.96     3631.0       z 
 60884.748  22.017   21.93  21.859   4746.48     3631.0   g-P48 
 60884.748  22.025  21.936  21.865   4735.89     3631.0       g 
 60886.748  21.864  21.776  21.707   6366.38     3631.0   r-P48 
 60886.748  21.867   21.78  21.713   6629.82     3631.0  orange 
 60886.748  21.874  21.786  21.716   6198.96     3631.0       r 
 60886.748  21.882    21.8  21.723   7645.77     3631.0       i 
 60886.748  21.946  21.862  21.791   5182.42     3631.0    cyan 
 60886.748   21.99  21.908  21.828  10023.96     3631.0       z 
 60886.748   22.03  21.944  21.872   4746.48     3631.0   g-P48 
 60886.748  22.038  21.949  21.878   4735.89     3631.0       g 
 60888.986  21.879  21.791  21.722   6366.38     3631.0   r-P48 
 60888.986  21.882  21.795  21.727   6629.82     3631.0  orange 
 60888.986  21.889  21.801  21.731   6198.96     3631.0       r 
 60888.986  21.897  21.815  21.738   7645.77     3631.0       i 
 60888.986  21.961  21.877  21.806   5182.42     3631.0    cyan 
 60888.986  22.006  21.923  21.843  10023.96     3631.0       z 
 60888.986  22.045  21.959  21.887   4746.48     3631.0   g-P48 
 60888.986  22.053  21.964  21.893   4735.89     3631.0       g 
 60891.225  21.894  21.806  21.737   6366.38     3631.0   r-P48 
 60891.225  21.897   21.81  21.742   6629.82     3631.0  orange 
 60891.225  21.904  21.816  21.745   6198.96     3631.0       r 
 60891.225  21.912   21.83  21.752   7645.77     3631.0       i 
 60891.225  21.976  21.891  21.821   5182.42     3631.0    cyan 
 60891.225  22.021  21.938  21.857  10023.96     3631.0       z 
 60891.225   22.06  21.974  21.902   4746.48     3631.0   g-P48 
 60891.225  22.068  21.979  21.908   4735.89     3631.0       g 
 60893.463  21.909  21.821  21.751   6366.38     3631.0   r-P48 
 60893.463  21.912  21.825  21.757   6629.82     3631.0  orange 
 60893.463  21.919  21.832   21.76   6198.96     3631.0       r 
 60893.463  21.927  21.845  21.767   7645.77     3631.0       i 
 60893.463  21.991  21.906  21.835   5182.42     3631.0    cyan 
 60893.463  22.036  21.953  21.872  10023.96     3631.0       z 
 60893.463  22.075  21.988  21.916   4746.48     3631.0   g-P48 
 60893.463  22.083  21.994  21.922   4735.89     3631.0       g 
 60895.701  21.924  21.836  21.766   6366.38     3631.0   r-P48 
 60895.701  21.927  21.839  21.771   6629.82     3631.0  orange 
 60895.701  21.934  21.847  21.775   6198.96     3631.0       r 
 60895.701  21.942  21.859  21.781   7645.77     3631.0       i 
 60895.701  22.006  21.921   21.85   5182.42     3631.0    cyan 
 60895.701  22.051  21.967  21.886  10023.96     3631.0       z 
 60895.701   22.09  22.003  21.931   4746.48     3631.0   g-P48 
 60895.701  22.098  22.009  21.937   4735.89     3631.0       g 
  60897.94  21.939   21.85   21.78   6366.38     3631.0   r-P48 
  60897.94  21.942  21.854  21.786   6629.82     3631.0  orange 
  60897.94  21.949  21.862  21.789   6198.96     3631.0       r 
  60897.94  21.957  21.874  21.796   7645.77     3631.0       i 
  60897.94  22.021  21.936  21.865   5182.42     3631.0    cyan 
  60897.94  22.066  21.982  21.901  10023.96     3631.0       z 
  60897.94  22.105  22.018  21.946   4746.48     3631.0   g-P48 
  60897.94  22.113  22.023  21.952   4735.89     3631.0       g 
 60900.178  21.954  21.865  21.795   6366.38     3631.0   r-P48 
 60900.178  21.957  21.869    21.8   6629.82     3631.0  orange 
 60900.178  21.964  21.876  21.803   6198.96     3631.0       r 
 60900.178  21.972  21.889   21.81   7645.77     3631.0       i 
 60900.178  22.036   21.95  21.879   5182.42     3631.0    cyan 
 60900.178  22.081  21.997  21.915  10023.96     3631.0       z 
 60900.178   22.12  22.032   21.96   4746.48     3631.0   g-P48 
 60900.178  22.128  22.038  21.966   4735.89     3631.0       g 
 60902.416  21.969   21.88  21.809   6366.38     3631.0   r-P48 
 60902.416  21.972  21.883  21.814   6629.82     3631.0  orange 
 60902.416  21.979  21.891  21.818   6198.96     3631.0       r 
 60902.416  21.987  21.903  21.825   7645.77     3631.0       i 
 60902.416  22.051  21.965  21.894   5182.42     3631.0    cyan 
 60902.416  22.096  22.011   21.93  10023.96     3631.0       z 
 60902.416  22.134  22.047  21.975   4746.48     3631.0   g-P48 
 60902.416  22.143  22.053  21.981   4735.89     3631.0       g 
 60904.655  21.984  21.894  21.823   6366.38     3631.0   r-P48 
 60904.655  21.987  21.898  21.829   6629.82     3631.0  orange 
 60904.655  21.994  21.906  21.832   6198.96     3631.0       r 
 60904.655  22.002  21.918  21.839   7645.77     3631.0       i 
 60904.655  22.066   21.98  21.908   5182.42     3631.0    cyan 
 60904.655  22.111  22.026  21.944  10023.96     3631.0       z 
 60904.655  22.149  22.061  21.989   4746.48     3631.0   g-P48 
 60904.655  22.158  22.067  21.995   4735.89     3631.0       g 
 60906.893  21.999  21.909  21.838   6366.38     3631.0   r-P48 
 60906.893  22.002  21.912  21.843   6629.82     3631.0  orange 
 60906.893  22.009   21.92  21.847   6198.96     3631.0       r 
 60906.893  22.016  21.932  21.853   7645.77     3631.0       i 
 60906.893   22.08  21.994  21.923   5182.42     3631.0    cyan 
 60906.893  22.125   22.04  21.958  10023.96     3631.0       z 
 60906.893  22.164  22.076  22.004   4746.48     3631.0   g-P48 
 60906.893  22.172  22.082   22.01   4735.89     3631.0       g 
 60909.131  22.013  21.923  21.852   6366.38     3631.0   r-P48 
 60909.131  22.016  21.926  21.857   6629.82     3631.0  orange 
 60909.131  22.023  21.935  21.861   6198.96     3631.0       r 
 60909.131  22.031  21.947  21.868   7645.77     3631.0       i 
 60909.131  22.095  22.009  21.937   5182.42     3631.0    cyan 
 60909.131   22.14  22.055  21.973  10023.96     3631.0       z 
 60909.131  22.178   22.09  22.018   4746.48     3631.0   g-P48 
 60909.131  22.187  22.097  22.024   4735.89     3631.0       g 
  60911.37  22.028  21.937  21.866   6366.38     3631.0   r-P48 
  60911.37  22.031  21.941  21.872   6629.82     3631.0  orange 
  60911.37  22.038  21.949  21.875   6198.96     3631.0       r 
  60911.37  22.046  21.961  21.882   7645.77     3631.0       i 
  60911.37   22.11  22.023  21.951   5182.42     3631.0    cyan 
  60911.37  22.155  22.069  21.987  10023.96     3631.0       z 
  60911.37  22.193  22.105  22.032   4746.48     3631.0   g-P48 
  60911.37  22.201  22.111  22.039   4735.89     3631.0       g 
 60913.608  22.043  21.952   21.88   6366.38     3631.0   r-P48 
 60913.608  22.046  21.955  21.886   6629.82     3631.0  orange 
 60913.608  22.053  21.964  21.889   6198.96     3631.0       r 
 60913.608   22.06  21.975  21.896   7645.77     3631.0       i 
 60913.608  22.124  22.037  21.965   5182.42     3631.0    cyan 
 60913.608  22.169  22.083  22.001  10023.96     3631.0       z 
 60913.608  22.207  22.119  22.047   4746.48     3631.0   g-P48 
 60913.608  22.216  22.125  22.053   4735.89     3631.0       g 
 60915.847  22.057  21.966  21.894   6366.38     3631.0   r-P48 
 60915.847   22.06  21.969    21.9   6629.82     3631.0  orange 
 60915.847  22.067  21.978  21.903   6198.96     3631.0       r 
 60915.847  22.075   21.99   21.91   7645.77     3631.0       i 
 60915.847  22.139  22.052   21.98   5182.42     3631.0    cyan 
 60915.847  22.184  22.098  22.015  10023.96     3631.0       z 
 60915.847  22.222  22.133  22.061   4746.48     3631.0   g-P48 
 60915.847   22.23   22.14  22.067   4735.89     3631.0       g 
 60918.085  22.072   21.98  21.908   6366.38     3631.0   r-P48 
 60918.085  22.075  21.984  21.914   6629.82     3631.0  orange 
 60918.085  22.082  21.992  21.917   6198.96     3631.0       r 
 60918.085  22.089  22.004  21.924   7645.77     3631.0       i 
 60918.085  22.153  22.066  21.994   5182.42     3631.0    cyan 
 60918.085  22.198  22.112  22.029  10023.96     3631.0       z 
 60918.085  22.236  22.147  22.075   4746.48     3631.0   g-P48 
 60918.085  22.245  22.154  22.081   4735.89     3631.0       g 
 60920.323  22.086  21.994  21.922   6366.38     3631.0   r-P48 
 60920.323  22.089  21.998  21.928   6629.82     3631.0  orange 
 60920.323  22.096  22.007  21.932   6198.96     3631.0       r 
 60920.323  22.104  22.018  21.938   7645.77     3631.0       i 
 60920.323  22.167   22.08  22.008   5182.42     3631.0    cyan 
 60920.323  22.213  22.126  22.043  10023.96     3631.0       z 
 60920.323   22.25  22.162  22.089   4746.48     3631.0   g-P48 
 60920.323  22.259  22.168  22.095   4735.89     3631.0       g 
 60922.562  22.101  22.009  21.936   6366.38     3631.0   r-P48 
 60922.562  22.103  22.012  21.942   6629.82     3631.0  orange 
 60922.562  22.111  22.021  21.946   6198.96     3631.0       r 
 60922.562  22.118  22.032  21.952   7645.77     3631.0       i 
 60922.562  22.182  22.094  22.022   5182.42     3631.0    cyan 
 60922.562  22.227   22.14  22.057  10023.96     3631.0       z 
 60922.562  22.265  22.176  22.103   4746.48     3631.0   g-P48 
 60922.562  22.273  22.183   22.11   4735.89     3631.0       g 
   60924.8  22.115  22.023   21.95   6366.38     3631.0   r-P48 
   60924.8  22.118  22.026  21.956   6629.82     3631.0  orange 
   60924.8  22.125  22.035  21.959   6198.96     3631.0       r 
   60924.8  22.132  22.046  21.966   7645.77     3631.0       i 
   60924.8  22.196  22.108  22.036   5182.42     3631.0    cyan 
   60924.8  22.242  22.154  22.071  10023.96     3631.0       z 
   60924.8  22.279   22.19  22.118   4746.48     3631.0   g-P48 
   60924.8  22.287  22.197  22.124   4735.89     3631.0       g 
 60927.038  22.129  22.037  21.964   6366.38     3631.0   r-P48 
 60927.038  22.132   22.04   21.97   6629.82     3631.0  orange 
 60927.038  22.139  22.049  21.973   6198.96     3631.0       r 
 60927.038  22.147   22.06   21.98   7645.77     3631.0       i 
 60927.038   22.21  22.122   22.05   5182.42     3631.0    cyan 
 60927.038  22.256  22.168  22.085  10023.96     3631.0       z 
 60927.038  22.293  22.204  22.132   4746.48     3631.0   g-P48 
 60927.038  22.302  22.211  22.138   4735.89     3631.0       g 
 60929.277  22.143  22.051  21.978   6366.38     3631.0   r-P48 
 60929.277  22.146  22.054  21.983   6629.82     3631.0  orange 
 60929.277  22.154  22.063  21.987   6198.96     3631.0       r 
 60929.277  22.161  22.074  21.994   7645.77     3631.0       i 
 60929.277  22.224  22.136  22.064   5182.42     3631.0    cyan 
 60929.277  22.271  22.182  22.099  10023.96     3631.0       z 
 60929.277  22.307  22.218  22.145   4746.48     3631.0   g-P48 
 60929.277  22.316  22.225  22.152   4735.89     3631.0       g 
 60931.515  22.158  22.065  21.992   6366.38     3631.0   r-P48 
 60931.515   22.16  22.068  21.997   6629.82     3631.0  orange 
 60931.515  22.168  22.077  22.001   6198.96     3631.0       r 
 60931.515  22.175  22.088  22.008   7645.77     3631.0       i 
 60931.515  22.239   22.15  22.078   5182.42     3631.0    cyan 
 60931.515  22.285  22.196  22.113  10023.96     3631.0       z 
 60931.515  22.321  22.232  22.159   4746.48     3631.0   g-P48 
 60931.515   22.33  22.239  22.166   4735.89     3631.0       g 
 60933.753  22.172  22.078  22.005   6366.38     3631.0   r-P48 
 60933.753  22.175  22.082  22.011   6629.82     3631.0  orange 
 60933.753  22.182  22.091  22.015   6198.96     3631.0       r 
 60933.753  22.189  22.102  22.021   7645.77     3631.0       i 
 60933.753  22.253  22.164  22.092   5182.42     3631.0    cyan 
 60933.753  22.299   22.21  22.127  10023.96     3631.0       z 
 60933.753  22.335  22.246  22.173   4746.48     3631.0   g-P48 
 60933.753  22.344  22.253  22.179   4735.89     3631.0       g 
 60935.992  22.186  22.092  22.019   6366.38     3631.0   r-P48 
 60935.992  22.189  22.096  22.024   6629.82     3631.0  orange 
 60935.992  22.196  22.105  22.029   6198.96     3631.0       r 
 60935.992  22.203  22.116  22.035   7645.77     3631.0       i 
 60935.992  22.267  22.178  22.106   5182.42     3631.0    cyan 
 60935.992  22.313  22.224   22.14  10023.96     3631.0       z 
 60935.992  22.349   22.26  22.187   4746.48     3631.0   g-P48 
 60935.992  22.358  22.267  22.193   4735.89     3631.0       g 
  60938.23    22.2  22.106  22.033   6366.38     3631.0   r-P48 
  60938.23  22.203  22.109  22.038   6629.82     3631.0  orange 
  60938.23   22.21  22.119  22.042   6198.96     3631.0       r 
  60938.23  22.217   22.13  22.049   7645.77     3631.0       i 
  60938.23  22.281  22.192   22.12   5182.42     3631.0    cyan 
  60938.23  22.327  22.238  22.154  10023.96     3631.0       z 
  60938.23  22.363  22.273  22.201   4746.48     3631.0   g-P48 
  60938.23  22.372   22.28  22.207   4735.89     3631.0       g 
 60940.468  22.214   22.12  22.046   6366.38     3631.0   r-P48 
 60940.468  22.217  22.123  22.052   6629.82     3631.0  orange 
 60940.468  22.224  22.133  22.056   6198.96     3631.0       r 
 60940.468  22.231  22.144  22.062   7645.77     3631.0       i 
 60940.468  22.295  22.206  22.134   5182.42     3631.0    cyan 
 60940.468  22.341  22.252  22.168  10023.96     3631.0       z 
 60940.468  22.377  22.287  22.215   4746.48     3631.0   g-P48 
 60940.468  22.385  22.294  22.221   4735.89     3631.0       g 
 60942.707  22.228  22.134   22.06   6366.38     3631.0   r-P48 
 60942.707  22.231  22.137  22.065   6629.82     3631.0  orange 
 60942.707  22.238  22.147   22.07   6198.96     3631.0       r 
 60942.707  22.245  22.158  22.076   7645.77     3631.0       i 
 60942.707  22.309   22.22  22.147   5182.42     3631.0    cyan 
 60942.707  22.355  22.265  22.181  10023.96     3631.0       z 
 60942.707  22.391  22.301  22.228   4746.48     3631.0   g-P48 
 60942.707  22.399  22.308  22.234   4735.89     3631.0       g 
 60944.945  22.242  22.147  22.073   6366.38     3631.0   r-P48 
 60944.945  22.245  22.151  22.079   6629.82     3631.0  orange 
 60944.945  22.252  22.161  22.083   6198.96     3631.0       r 
 60944.945  22.259  22.171  22.089   7645.77     3631.0       i 
 60944.945  22.323  22.234  22.161   5182.42     3631.0    cyan 
 60944.945  22.369  22.279  22.195  10023.96     3631.0       z 
 60944.945  22.405  22.315  22.242   4746.48     3631.0   g-P48 
 60944.945  22.413  22.321  22.248   4735.89     3631.0       g 
 60947.183  22.256  22.161  22.087   6366.38     3631.0   r-P48 
 60947.183  22.259  22.164  22.092   6629.82     3631.0  orange 
 60947.183  22.266  22.174  22.097   6198.96     3631.0       r 
 60947.183  22.273  22.185  22.103   7645.77     3631.0       i 
 60947.183  22.337  22.248  22.175   5182.42     3631.0    cyan 
 60947.183  22.382  22.293  22.209  10023.96     3631.0       z 
 60947.183  22.419  22.328  22.256   4746.48     3631.0   g-P48 
 60947.183  22.427  22.335  22.262   4735.89     3631.0       g 
 60949.422   22.27  22.175    22.1   6366.38     3631.0   r-P48 
 60949.422  22.272  22.178  22.106   6629.82     3631.0  orange 
 60949.422   22.28  22.188   22.11   6198.96     3631.0       r 
 60949.422  22.287  22.198  22.116   7645.77     3631.0       i 
 60949.422  22.351  22.261  22.188   5182.42     3631.0    cyan 
 60949.422  22.396  22.306  22.222  10023.96     3631.0       z 
 60949.422  22.433  22.342  22.269   4746.48     3631.0   g-P48 
 60949.422  22.441  22.349  22.275   4735.89     3631.0       g 
  60951.66  22.283  22.188  22.114   6366.38     3631.0   r-P48 
  60951.66  22.286  22.191  22.119   6629.82     3631.0  orange 
  60951.66  22.294  22.202  22.124   6198.96     3631.0       r 
  60951.66  22.301  22.212   22.13   7645.77     3631.0       i 
  60951.66  22.365  22.275  22.202   5182.42     3631.0    cyan 
  60951.66   22.41   22.32  22.236  10023.96     3631.0       z 
  60951.66  22.446  22.355  22.283   4746.48     3631.0   g-P48 
  60951.66  22.454  22.363  22.289   4735.89     3631.0       g 
 60953.898  22.297  22.202  22.127   6366.38     3631.0   r-P48 
 60953.898    22.3  22.205  22.132   6629.82     3631.0  orange 
 60953.898  22.308  22.215  22.137   6198.96     3631.0       r 
 60953.898  22.315  22.226  22.143   7645.77     3631.0       i 
 60953.898  22.379  22.289  22.215   5182.42     3631.0    cyan 
 60953.898  22.423  22.333  22.249  10023.96     3631.0       z 
 60953.898   22.46  22.369  22.296   4746.48     3631.0   g-P48 
 60953.898  22.468  22.377  22.302   4735.89     3631.0       g 
 60956.137  22.311  22.215   22.14   6366.38     3631.0   r-P48 
 60956.137  22.314  22.218  22.146   6629.82     3631.0  orange 
 60956.137  22.321  22.229   22.15   6198.96     3631.0       r 
 60956.137  22.328  22.239  22.156   7645.77     3631.0       i 
 60956.137  22.393  22.303  22.229   5182.42     3631.0    cyan 
 60956.137  22.437  22.347  22.262  10023.96     3631.0       z 
 60956.137  22.474  22.383   22.31   4746.48     3631.0   g-P48 
 60956.137  22.481   22.39  22.316   4735.89     3631.0       g 
 60958.375  22.324  22.229  22.154   6366.38     3631.0   r-P48 
 60958.375  22.327  22.232  22.159   6629.82     3631.0  orange 
 60958.375  22.335  22.242  22.164   6198.96     3631.0       r 
 60958.375  22.342  22.252  22.169   7645.77     3631.0       i 
 60958.375  22.407  22.317  22.242   5182.42     3631.0    cyan 
 60958.375  22.451   22.36  22.276  10023.96     3631.0       z 
 60958.375  22.487  22.397  22.323   4746.48     3631.0   g-P48 
 60958.375  22.495  22.404  22.329   4735.89     3631.0       g 
 60960.614  22.338  22.242  22.167   6366.38     3631.0   r-P48 
 60960.614  22.341  22.245  22.172   6629.82     3631.0  orange 
 60960.614  22.349  22.256  22.177   6198.96     3631.0       r 
 60960.614  22.355  22.266  22.183   7645.77     3631.0       i 
 60960.614  22.421   22.33  22.256   5182.42     3631.0    cyan 
 60960.614  22.464  22.374  22.289  10023.96     3631.0       z 
 60960.614  22.501   22.41  22.336   4746.48     3631.0   g-P48 
 60960.614  22.508  22.417  22.342   4735.89     3631.0       g 
 60962.852  22.352  22.256   22.18   6366.38     3631.0   r-P48 
 60962.852  22.354  22.258  22.185   6629.82     3631.0  orange 
 60962.852  22.362  22.269   22.19   6198.96     3631.0       r 
 60962.852  22.369  22.279  22.196   7645.77     3631.0       i 
 60962.852  22.434  22.344  22.269   5182.42     3631.0    cyan 
 60962.852  22.478  22.387  22.302  10023.96     3631.0       z 
 60962.852  22.514  22.424   22.35   4746.48     3631.0   g-P48 
 60962.852  22.522  22.431  22.356   4735.89     3631.0       g 
  60965.09  22.365  22.269  22.193   6366.38     3631.0   r-P48 
  60965.09  22.368  22.272  22.198   6629.82     3631.0  orange 
  60965.09  22.376  22.282  22.204   6198.96     3631.0       r 
  60965.09  22.382  22.293  22.209   7645.77     3631.0       i 
  60965.09  22.448  22.357  22.283   5182.42     3631.0    cyan 
  60965.09  22.491    22.4  22.315  10023.96     3631.0       z 
  60965.09  22.528  22.438  22.363   4746.48     3631.0   g-P48 
  60965.09  22.535  22.445  22.369   4735.89     3631.0       g 
 60967.329  22.378  22.283  22.206   6366.38     3631.0   r-P48 
 60967.329  22.381  22.285  22.211   6629.82     3631.0  orange 
 60967.329  22.389  22.296  22.217   6198.96     3631.0       r 
 60967.329  22.396  22.306  22.222   7645.77     3631.0       i 
 60967.329  22.462   22.37  22.296   5182.42     3631.0    cyan 
 60967.329  22.505  22.413  22.329  10023.96     3631.0       z 
 60967.329  22.541  22.451  22.376   4746.48     3631.0   g-P48 
 60967.329  22.548  22.458  22.382   4735.89     3631.0       g 
 60969.567  22.392  22.296  22.219   6366.38     3631.0   r-P48 
 60969.567  22.395  22.298  22.224   6629.82     3631.0  orange 
 60969.567  22.402  22.309   22.23   6198.96     3631.0       r 
 60969.567  22.409  22.319  22.235   7645.77     3631.0       i 
 60969.567  22.475  22.384  22.309   5182.42     3631.0    cyan 
 60969.567  22.518  22.427  22.342  10023.96     3631.0       z 
 60969.567  22.555  22.465  22.389   4746.48     3631.0   g-P48 
 60969.567  22.562  22.471  22.395   4735.89     3631.0       g 
 60971.805  22.405  22.309  22.232   6366.38     3631.0   r-P48 
 60971.805  22.408  22.311  22.237   6629.82     3631.0  orange 
 60971.805  22.416  22.322  22.243   6198.96     3631.0       r 
 60971.805  22.423  22.332  22.248   7645.77     3631.0       i 
 60971.805  22.489  22.397  22.322   5182.42     3631.0    cyan 
 60971.805  22.532   22.44  22.355  10023.96     3631.0       z 
 60971.805  22.568  22.478  22.402   4746.48     3631.0   g-P48 
 60971.805  22.575  22.485  22.408   4735.89     3631.0       g 
 60974.044  22.418  22.322  22.245   6366.38     3631.0   r-P48 
 60974.044  22.421  22.324   22.25   6629.82     3631.0  orange 
 60974.044  22.429  22.336  22.256   6198.96     3631.0       r 
 60974.044  22.436  22.346  22.261   7645.77     3631.0       i 
 60974.044  22.502   22.41  22.336   5182.42     3631.0    cyan 
 60974.044  22.545  22.453  22.368  10023.96     3631.0       z 
 60974.044  22.581  22.491  22.415   4746.48     3631.0   g-P48 
 60974.044  22.588  22.498  22.422   4735.89     3631.0       g 
 60976.282  22.432  22.336  22.258   6366.38     3631.0   r-P48 
 60976.282  22.434  22.337  22.263   6629.82     3631.0  orange 
 60976.282  22.442  22.349  22.269   6198.96     3631.0       r 
 60976.282  22.449  22.359  22.274   7645.77     3631.0       i 
 60976.282  22.516  22.423  22.349   5182.42     3631.0    cyan 
 60976.282  22.558  22.466  22.381  10023.96     3631.0       z 
 60976.282  22.595  22.504  22.428   4746.48     3631.0   g-P48 
 60976.282  22.601  22.511  22.435   4735.89     3631.0       g 
  60978.52  22.445  22.349  22.271   6366.38     3631.0   r-P48 
  60978.52  22.448   22.35  22.276   6629.82     3631.0  orange 
  60978.52  22.456  22.362  22.282   6198.96     3631.0       r 
  60978.52  22.462  22.372  22.287   7645.77     3631.0       i 
  60978.52  22.529  22.436  22.362   5182.42     3631.0    cyan 
  60978.52  22.571  22.479  22.394  10023.96     3631.0       z 
  60978.52  22.608  22.517  22.442   4746.48     3631.0   g-P48 
  60978.52  22.614  22.524  22.448   4735.89     3631.0       g 
 60980.759  22.458  22.362  22.284   6366.38     3631.0   r-P48 
 60980.759  22.461  22.363  22.289   6629.82     3631.0  orange 
 60980.759  22.469  22.375  22.295   6198.96     3631.0       r 
 60980.759  22.475  22.385    22.3   7645.77     3631.0       i 
 60980.759  22.542  22.449  22.375   5182.42     3631.0    cyan 
 60980.759  22.585  22.492  22.407  10023.96     3631.0       z 
 60980.759  22.621   22.53  22.454   4746.48     3631.0   g-P48 
 60980.759  22.628  22.537  22.461   4735.89     3631.0       g 
 60982.997  22.471  22.375  22.297   6366.38     3631.0   r-P48 
 60982.997  22.474  22.376  22.302   6629.82     3631.0  orange 
 60982.997  22.482  22.388  22.308   6198.96     3631.0       r 
 60982.997  22.488  22.398  22.312   7645.77     3631.0       i 
 60982.997  22.556  22.462  22.388   5182.42     3631.0    cyan 
 60982.997  22.598  22.505  22.419  10023.96     3631.0       z 
 60982.997  22.634  22.543  22.467   4746.48     3631.0   g-P48 
 60982.997  22.641   22.55  22.474   4735.89     3631.0       g 
 60985.235  22.484  22.388  22.309   6366.38     3631.0   r-P48 
 60985.235  22.487  22.389  22.315   6629.82     3631.0  orange 
 60985.235  22.495  22.401  22.321   6198.96     3631.0       r 
 60985.235  22.501  22.411  22.325   7645.77     3631.0       i 
 60985.235  22.569  22.475  22.401   5182.42     3631.0    cyan 
 60985.235  22.611  22.517  22.432  10023.96     3631.0       z 
 60985.235  22.647  22.556   22.48   4746.48     3631.0   g-P48 
 60985.235  22.654  22.563  22.486   4735.89     3631.0       g 
 60987.474  22.497  22.401  22.322   6366.38     3631.0   r-P48 
 60987.474    22.5  22.402  22.327   6629.82     3631.0  orange 
 60987.474  22.508  22.414  22.333   6198.96     3631.0       r 
 60987.474  22.514  22.424  22.338   7645.77     3631.0       i 
 60987.474  22.582  22.488  22.414   5182.42     3631.0    cyan 
 60987.474  22.624   22.53  22.445  10023.96     3631.0       z 
 60987.474  22.661  22.569  22.493   4746.48     3631.0   g-P48 
 60987.474  22.667  22.576  22.499   4735.89     3631.0       g 
 60989.712   22.51  22.414  22.335   6366.38     3631.0   r-P48 
 60989.712  22.513  22.415   22.34   6629.82     3631.0  orange 
 60989.712  22.521  22.427  22.346   6198.96     3631.0       r 
 60989.712  22.527  22.436  22.351   7645.77     3631.0       i 
 60989.712  22.595  22.501  22.427   5182.42     3631.0    cyan 
 60989.712  22.637  22.543  22.457  10023.96     3631.0       z 
 60989.712  22.674  22.582  22.506   4746.48     3631.0   g-P48 
 60989.712   22.68  22.589  22.512   4735.89     3631.0       g 
  60991.95  22.523  22.427  22.348   6366.38     3631.0   r-P48 
  60991.95  22.526  22.428  22.353   6629.82     3631.0  orange 
  60991.95  22.534   22.44  22.359   6198.96     3631.0       r 
  60991.95   22.54  22.449  22.363   7645.77     3631.0       i 
  60991.95  22.608  22.514   22.44   5182.42     3631.0    cyan 
  60991.95   22.65  22.556   22.47  10023.96     3631.0       z 
  60991.95  22.687  22.595  22.519   4746.48     3631.0   g-P48 
  60991.95  22.693  22.602  22.525   4735.89     3631.0       g 
 60994.189  22.536  22.439   22.36   6366.38     3631.0   r-P48 
 60994.189  22.539   22.44  22.365   6629.82     3631.0  orange 
 60994.189  22.547  22.452  22.372   6198.96     3631.0       r 
 60994.189  22.553  22.462  22.376   7645.77     3631.0       i 
 60994.189  22.621  22.526  22.452   5182.42     3631.0    cyan 
 60994.189  22.663  22.569  22.482  10023.96     3631.0       z 
 60994.189    22.7  22.608  22.531   4746.48     3631.0   g-P48 
 60994.189  22.706  22.615  22.538   4735.89     3631.0       g 
 60996.427  22.549  22.452  22.373   6366.38     3631.0   r-P48 
 60996.427  22.552  22.453  22.378   6629.82     3631.0  orange 
 60996.427   22.56  22.465  22.384   6198.96     3631.0       r 
 60996.427  22.566  22.475  22.388   7645.77     3631.0       i 
 60996.427  22.634  22.539  22.465   5182.42     3631.0    cyan 
 60996.427  22.676  22.581  22.495  10023.96     3631.0       z 
 60996.427  22.713   22.62  22.544   4746.48     3631.0   g-P48 
 60996.427  22.718  22.628   22.55   4735.89     3631.0       g 
 60998.666  22.562  22.465  22.386   6366.38     3631.0   r-P48 
 60998.666  22.564  22.466   22.39   6629.82     3631.0  orange 
 60998.666  22.573  22.478  22.397   6198.96     3631.0       r 
 60998.666  22.579  22.487  22.401   7645.77     3631.0       i 
 60998.666  22.647  22.552  22.478   5182.42     3631.0    cyan 
 60998.666  22.688  22.594  22.507  10023.96     3631.0       z 
 60998.666  22.726  22.633  22.557   4746.48     3631.0   g-P48 
 60998.666  22.731   22.64  22.563   4735.89     3631.0       g 
 61000.904  22.574  22.478  22.398   6366.38     3631.0   r-P48 
 61000.904  22.577  22.478  22.403   6629.82     3631.0  orange 
 61000.904  22.586   22.49  22.409   6198.96     3631.0       r 
 61000.904  22.592    22.5  22.413   7645.77     3631.0       i 
 61000.904   22.66  22.564   22.49   5182.42     3631.0    cyan 
 61000.904  22.701  22.606   22.52  10023.96     3631.0       z 
 61000.904  22.738  22.646  22.569   4746.48     3631.0   g-P48 
 61000.904  22.744  22.653  22.576   4735.89     3631.0       g 
 61003.142  22.587   22.49  22.411   6366.38     3631.0   r-P48 
 61003.142   22.59  22.491  22.415   6629.82     3631.0  orange 
 61003.142  22.599  22.503  22.422   6198.96     3631.0       r 
 61003.142  22.605  22.513  22.426   7645.77     3631.0       i 
 61003.142  22.672  22.577  22.502   5182.42     3631.0    cyan 
 61003.142  22.714  22.619  22.532  10023.96     3631.0       z 
 61003.142  22.751  22.658  22.582   4746.48     3631.0   g-P48 
 61003.142  22.757  22.666  22.588   4735.89     3631.0       g 
 61005.381    22.6  22.503  22.423   6366.38     3631.0   r-P48 
 61005.381  22.602  22.504  22.428   6629.82     3631.0  orange 
 61005.381  22.611  22.515  22.435   6198.96     3631.0       r 
 61005.381  22.618  22.525  22.438   7645.77     3631.0       i 
 61005.381  22.685   22.59  22.515   5182.42     3631.0    cyan 
 61005.381  22.727  22.632  22.545  10023.96     3631.0       z 
 61005.381  22.764  22.671  22.595   4746.48     3631.0   g-P48 
 61005.381  22.769  22.678  22.601   4735.89     3631.0       g 
 61007.619  22.612  22.516  22.436   6366.38     3631.0   r-P48 
 61007.619  22.615  22.516   22.44   6629.82     3631.0  orange 
 61007.619  22.624  22.528  22.447   6198.96     3631.0       r 
 61007.619  22.631  22.538  22.451   7645.77     3631.0       i 
 61007.619  22.698  22.602  22.527   5182.42     3631.0    cyan 
 61007.619  22.739  22.644  22.557  10023.96     3631.0       z 
 61007.619  22.777  22.684  22.607   4746.48     3631.0   g-P48 
 61007.619  22.782  22.691  22.613   4735.89     3631.0       g 
 61009.857  22.625  22.528  22.448   6366.38     3631.0   r-P48 
 61009.857  22.628  22.529  22.452   6629.82     3631.0  orange 
 61009.857  22.637   22.54   22.46   6198.96     3631.0       r 
 61009.857  22.643   22.55  22.463   7645.77     3631.0       i 
 61009.857  22.711  22.615   22.54   5182.42     3631.0    cyan 
 61009.857  22.752  22.657  22.569  10023.96     3631.0       z 
 61009.857  22.789  22.696   22.62   4746.48     3631.0   g-P48 
 61009.857  22.795  22.703  22.626   4735.89     3631.0       g 
 61012.096  22.638  22.541   22.46   6366.38     3631.0   r-P48 
 61012.096   22.64  22.541  22.465   6629.82     3631.0  orange 
 61012.096  22.649  22.553  22.472   6198.96     3631.0       r 
 61012.096  22.656  22.563  22.476   7645.77     3631.0       i 
 61012.096  22.723  22.627  22.552   5182.42     3631.0    cyan 
 61012.096  22.765  22.669  22.581  10023.96     3631.0       z 
 61012.096  22.802  22.709  22.632   4746.48     3631.0   g-P48 
 61012.096  22.807  22.716  22.638   4735.89     3631.0       g 
 61014.334   22.65  22.553  22.473   6366.38     3631.0   r-P48 
 61014.334  22.653  22.554  22.477   6629.82     3631.0  orange 
 61014.334  22.662  22.565  22.484   6198.96     3631.0       r 
 61014.334  22.669  22.575  22.488   7645.77     3631.0       i 
 61014.334  22.736  22.639  22.564   5182.42     3631.0    cyan 
 61014.334  22.777  22.682  22.594  10023.96     3631.0       z 
 61014.334  22.815  22.721  22.644   4746.48     3631.0   g-P48 
 61014.334   22.82  22.728   22.65   4735.89     3631.0       g 
 61016.572  22.663  22.566  22.485   6366.38     3631.0   r-P48 
 61016.572  22.665  22.566  22.489   6629.82     3631.0  orange 
 61016.572  22.675  22.578  22.497   6198.96     3631.0       r 
 61016.572  22.681  22.588    22.5   7645.77     3631.0       i 
 61016.572  22.748  22.652  22.576   5182.42     3631.0    cyan 
 61016.572   22.79  22.694  22.606  10023.96     3631.0       z 
 61016.572  22.827  22.733  22.657   4746.48     3631.0   g-P48 
 61016.572  22.833  22.741  22.662   4735.89     3631.0       g 
 61018.811  22.675  22.578  22.497   6366.38     3631.0   r-P48 
 61018.811  22.678  22.578  22.501   6629.82     3631.0  orange 
 61018.811  22.687   22.59  22.509   6198.96     3631.0       r 
 61018.811  22.694    22.6  22.512   7645.77     3631.0       i 
 61018.811  22.761  22.664  22.588   5182.42     3631.0    cyan 
 61018.811  22.802  22.707  22.618  10023.96     3631.0       z 
 61018.811   22.84  22.746  22.669   4746.48     3631.0   g-P48 
 61018.811  22.845  22.753  22.674   4735.89     3631.0       g 
 61021.049  22.687  22.591   22.51   6366.38     3631.0   r-P48 
 61021.049   22.69  22.591  22.514   6629.82     3631.0  orange 
 61021.049    22.7  22.602  22.521   6198.96     3631.0       r 
 61021.049  22.706  22.612  22.525   7645.77     3631.0       i 
 61021.049  22.774  22.677  22.601   5182.42     3631.0    cyan 
 61021.049  22.815  22.719   22.63  10023.96     3631.0       z 
 61021.049  22.852  22.758  22.681   4746.48     3631.0   g-P48 
 61021.049  22.858  22.765  22.687   4735.89     3631.0       g 
 61023.287    22.7  22.603  22.522   6366.38     3631.0   r-P48 
 61023.287  22.703  22.603  22.526   6629.82     3631.0  orange 
 61023.287  22.712  22.614  22.534   6198.96     3631.0       r 
 61023.287  22.719  22.625  22.537   7645.77     3631.0       i 
 61023.287  22.786  22.689  22.613   5182.42     3631.0    cyan 
 61023.287  22.827  22.731  22.642  10023.96     3631.0       z 
 61023.287  22.865   22.77  22.693   4746.48     3631.0   g-P48 
 61023.287   22.87  22.778  22.699   4735.89     3631.0       g 
 61025.526  22.712  22.615  22.534   6366.38     3631.0   r-P48 
 61025.526  22.715  22.615  22.538   6629.82     3631.0  orange 
 61025.526  22.724  22.627  22.546   6198.96     3631.0       r 
 61025.526  22.731  22.637  22.549   7645.77     3631.0       i 
 61025.526  22.798  22.701  22.625   5182.42     3631.0    cyan 
 61025.526   22.84  22.744  22.655  10023.96     3631.0       z 
 61025.526  22.877  22.782  22.705   4746.48     3631.0   g-P48 
 61025.526  22.883   22.79  22.711   4735.89     3631.0       g 
 61027.764  22.725  22.628  22.546   6366.38     3631.0   r-P48 
 61027.764  22.727  22.627   22.55   6629.82     3631.0  orange 
 61027.764  22.737  22.639  22.558   6198.96     3631.0       r 
 61027.764  22.744  22.649  22.561   7645.77     3631.0       i 
 61027.764  22.811  22.713  22.637   5182.42     3631.0    cyan 
 61027.764  22.852  22.756  22.667  10023.96     3631.0       z 
 61027.764   22.89  22.795  22.717   4746.48     3631.0   g-P48 
 61027.764  22.895  22.802  22.723   4735.89     3631.0       g 
 61030.002  22.737   22.64  22.558   6366.38     3631.0   r-P48 
 61030.002   22.74  22.639  22.562   6629.82     3631.0  orange 
 61030.002  22.749  22.651   22.57   6198.96     3631.0       r 
 61030.002  22.756  22.661  22.573   7645.77     3631.0       i 
 61030.002  22.823  22.725  22.649   5182.42     3631.0    cyan 
 61030.002  22.864  22.768  22.679  10023.96     3631.0       z 
 61030.002  22.902  22.807  22.729   4746.48     3631.0   g-P48 
 61030.002  22.907  22.814  22.735   4735.89     3631.0       g 
 61032.241  22.749  22.652   22.57   6366.38     3631.0   r-P48 
 61032.241  22.752  22.652  22.574   6629.82     3631.0  orange 
 61032.241  22.762  22.663  22.582   6198.96     3631.0       r 
 61032.241  22.768  22.673  22.585   7645.77     3631.0       i 
 61032.241  22.835  22.738  22.661   5182.42     3631.0    cyan 
 61032.241  22.877   22.78  22.691  10023.96     3631.0       z 
 61032.241  22.914  22.819  22.741   4746.48     3631.0   g-P48 
 61032.241   22.92  22.827  22.747   4735.89     3631.0       g 
 61034.479  22.762  22.664  22.582   6366.38     3631.0   r-P48 
 61034.479  22.764  22.664  22.586   6629.82     3631.0  orange 
 61034.479  22.774  22.675  22.594   6198.96     3631.0       r 
 61034.479  22.781  22.685  22.597   7645.77     3631.0       i 
 61034.479  22.848   22.75  22.673   5182.42     3631.0    cyan 
 61034.479  22.889  22.792  22.703  10023.96     3631.0       z 
 61034.479  22.927  22.831  22.753   4746.48     3631.0   g-P48 
 61034.479  22.932  22.839  22.758   4735.89     3631.0       g 
 61036.717  22.774  22.676  22.594   6366.38     3631.0   r-P48 
 61036.717  22.777  22.676  22.598   6629.82     3631.0  orange 
 61036.717  22.786  22.687  22.606   6198.96     3631.0       r 
 61036.717  22.793  22.698  22.609   7645.77     3631.0       i 
 61036.717   22.86  22.762  22.685   5182.42     3631.0    cyan 
 61036.717  22.901  22.804  22.715  10023.96     3631.0       z 
 61036.717  22.939  22.843  22.765   4746.48     3631.0   g-P48 
 61036.717  22.944  22.851   22.77   4735.89     3631.0       g 
 61038.956  22.786  22.688  22.606   6366.38     3631.0   r-P48 
 61038.956  22.789  22.688   22.61   6629.82     3631.0  orange 
 61038.956  22.798  22.699  22.618   6198.96     3631.0       r 
 61038.956  22.805   22.71  22.621   7645.77     3631.0       i 
 61038.956  22.872  22.774  22.696   5182.42     3631.0    cyan 
 61038.956  22.913  22.816  22.727  10023.96     3631.0       z 
 61038.956  22.951  22.855  22.776   4746.48     3631.0   g-P48 
 61038.956  22.957  22.863  22.782   4735.89     3631.0       g 
 61041.194  22.798  22.701  22.618   6366.38     3631.0   r-P48 
 61041.194  22.801    22.7  22.622   6629.82     3631.0  orange 
 61041.194   22.81  22.711   22.63   6198.96     3631.0       r 
 61041.194  22.817  22.722  22.633   7645.77     3631.0       i 
 61041.194  22.884  22.786  22.708   5182.42     3631.0    cyan 
 61041.194  22.925  22.828  22.739  10023.96     3631.0       z 
 61041.194  22.963  22.867  22.788   4746.48     3631.0   g-P48 
 61041.194  22.969  22.875  22.794   4735.89     3631.0       g 
 61043.433   22.81  22.713   22.63   6366.38     3631.0   r-P48 
 61043.433  22.813  22.712  22.634   6629.82     3631.0  orange 
 61043.433  22.822  22.723  22.642   6198.96     3631.0       r 
 61043.433  22.829  22.734  22.645   7645.77     3631.0       i 
 61043.433  22.896  22.798   22.72   5182.42     3631.0    cyan 
 61043.433  22.937   22.84  22.751  10023.96     3631.0       z 
 61043.433  22.975  22.879    22.8   4746.48     3631.0   g-P48 
 61043.433  22.981  22.887  22.806   4735.89     3631.0       g 
 61045.671  22.822  22.725  22.642   6366.38     3631.0   r-P48 
 61045.671  22.825  22.724  22.646   6629.82     3631.0  orange 
 61045.671  22.835  22.735  22.654   6198.96     3631.0       r 
 61045.671  22.841  22.745  22.657   7645.77     3631.0       i 
 61045.671  22.908   22.81  22.732   5182.42     3631.0    cyan 
 61045.671   22.95  22.852  22.763  10023.96     3631.0       z 
 61045.671  22.987  22.891  22.812   4746.48     3631.0   g-P48 
 61045.671  22.993  22.899  22.818   4735.89     3631.0       g 
 61047.909  22.834  22.737  22.654   6366.38     3631.0   r-P48 
 61047.909  22.837  22.736  22.657   6629.82     3631.0  orange 
 61047.909  22.847  22.747  22.666   6198.96     3631.0       r 
 61047.909  22.853  22.757  22.668   7645.77     3631.0       i 
 61047.909   22.92  22.822  22.744   5182.42     3631.0    cyan 
 61047.909  22.962  22.864  22.775  10023.96     3631.0       z 
 61047.909  22.999  22.902  22.824   4746.48     3631.0   g-P48 
 61047.909  23.005  22.911  22.829   4735.89     3631.0       g 
 61050.148  22.846  22.748  22.666   6366.38     3631.0   r-P48 
 61050.148  22.849  22.748  22.669   6629.82     3631.0  orange 
 61050.148  22.859  22.759  22.678   6198.96     3631.0       r 
 61050.148  22.866  22.769   22.68   7645.77     3631.0       i 
 61050.148  22.932  22.833  22.755   5182.42     3631.0    cyan 
 61050.148  22.974  22.876  22.787  10023.96     3631.0       z 
 61050.148  23.011  22.914  22.835   4746.48     3631.0   g-P48 
 61050.148  23.017  22.923  22.841   4735.89     3631.0       g 
 61052.386  22.858   22.76  22.677   6366.38     3631.0   r-P48 
 61052.386  22.861   22.76  22.681   6629.82     3631.0  orange 
 61052.386  22.871   22.77   22.69   6198.96     3631.0       r 
 61052.386  22.878  22.781  22.692   7645.77     3631.0       i 
 61052.386  22.944  22.845  22.767   5182.42     3631.0    cyan 
 61052.386  22.986  22.888  22.799  10023.96     3631.0       z 
 61052.386  23.023  22.926  22.847   4746.48     3631.0   g-P48 
 61052.386  23.029  22.935  22.853   4735.89     3631.0       g 
 61054.624   22.87  22.772  22.689   6366.38     3631.0   r-P48 
 61054.624  22.873  22.772  22.693   6629.82     3631.0  orange 
 61054.624  22.883  22.782  22.702   6198.96     3631.0       r 
 61054.624  22.889  22.793  22.704   7645.77     3631.0       i 
 61054.624  22.956  22.857  22.779   5182.42     3631.0    cyan 
 61054.624  22.998    22.9   22.81  10023.96     3631.0       z 
 61054.624  23.035  22.938  22.858   4746.48     3631.0   g-P48 
 61054.624  23.041  22.946  22.864   4735.89     3631.0       g 
 61056.863  22.882  22.784  22.701   6366.38     3631.0   r-P48 
 61056.863  22.885  22.783  22.704   6629.82     3631.0  orange 
 61056.863  22.894  22.794  22.713   6198.96     3631.0       r 
 61056.863  22.901  22.805  22.715   7645.77     3631.0       i 
 61056.863  22.968  22.869  22.791   5182.42     3631.0    cyan 
 61056.863  23.009  22.912  22.822  10023.96     3631.0       z 
 61056.863  23.047   22.95   22.87   4746.48     3631.0   g-P48 
 61056.863  23.053  22.958  22.876   4735.89     3631.0       g 
 61059.101  22.894  22.796  22.712   6366.38     3631.0   r-P48 
 61059.101  22.897  22.795  22.716   6629.82     3631.0  orange 
 61059.101  22.906  22.806  22.725   6198.96     3631.0       r 
 61059.101  22.913  22.816  22.727   7645.77     3631.0       i 
 61059.101   22.98   22.88  22.802   5182.42     3631.0    cyan 
 61059.101  23.021  22.923  22.834  10023.96     3631.0       z 
 61059.101  23.059  22.961  22.882   4746.48     3631.0   g-P48 
 61059.101  23.065   22.97  22.887   4735.89     3631.0       g 
 61061.339  22.906  22.807  22.724   6366.38     3631.0   r-P48 
 61061.339  22.909  22.807  22.728   6629.82     3631.0  orange 
 61061.339  22.918  22.817  22.737   6198.96     3631.0       r 
 61061.339  22.925  22.828  22.739   7645.77     3631.0       i 
 61061.339  22.991  22.892  22.814   5182.42     3631.0    cyan 
 61061.339  23.033  22.935  22.846  10023.96     3631.0       z 
 61061.339  23.071  22.973  22.893   4746.48     3631.0   g-P48 
 61061.339  23.077  22.981  22.899   4735.89     3631.0       g 
 61063.578  22.918  22.819  22.736   6366.38     3631.0   r-P48 
 61063.578  22.921  22.819  22.739   6629.82     3631.0  orange 
 61063.578   22.93  22.829  22.748   6198.96     3631.0       r 
 61063.578  22.937   22.84   22.75   7645.77     3631.0       i 
 61063.578  23.003  22.904  22.825   5182.42     3631.0    cyan 
 61063.578  23.045  22.947  22.857  10023.96     3631.0       z 
 61063.578  23.083  22.985  22.905   4746.48     3631.0   g-P48 
 61063.578  23.088  22.993   22.91   4735.89     3631.0       g 
 61065.816   22.93   22.83  22.747   6366.38     3631.0   r-P48 
 61065.816  22.933   22.83  22.751   6629.82     3631.0  orange 
 61065.816  22.942   22.84   22.76   6198.96     3631.0       r 
 61065.816  22.949  22.851  22.762   7645.77     3631.0       i 
 61065.816  23.015  22.915  22.837   5182.42     3631.0    cyan 
 61065.816  23.057  22.958  22.869  10023.96     3631.0       z 
 61065.816  23.095  22.996  22.916   4746.48     3631.0   g-P48 
 61065.816    23.1  23.005  22.922   4735.89     3631.0       g 
 61068.054  22.941  22.842  22.759   6366.38     3631.0   r-P48 
 61068.054  22.945  22.842  22.762   6629.82     3631.0  orange 
 61068.054  22.954  22.852  22.771   6198.96     3631.0       r 
 61068.054  22.961  22.863  22.773   7645.77     3631.0       i 
 61068.054  23.027  22.927  22.848   5182.42     3631.0    cyan 
 61068.054  23.069   22.97  22.881  10023.96     3631.0       z 
 61068.054  23.107  23.008  22.927   4746.48     3631.0   g-P48 
 61068.054  23.112  23.016  22.933   4735.89     3631.0       g 
 61070.293  22.953  22.854   22.77   6366.38     3631.0   r-P48 
 61070.293  22.956  22.854  22.774   6629.82     3631.0  orange 
 61070.293  22.965  22.864  22.783   6198.96     3631.0       r 
 61070.293  22.972  22.874  22.784   7645.77     3631.0       i 
 61070.293  23.038  22.938   22.86   5182.42     3631.0    cyan 
 61070.293   23.08  22.981  22.892  10023.96     3631.0       z 
 61070.293  23.119   23.02  22.939   4746.48     3631.0   g-P48 
 61070.293  23.124  23.028  22.945   4735.89     3631.0       g 
 61072.531  22.965  22.865  22.782   6366.38     3631.0   r-P48 
 61072.531  22.968  22.865  22.785   6629.82     3631.0  orange 
 61072.531  22.977  22.875  22.794   6198.96     3631.0       r 
 61072.531  22.984  22.886  22.796   7645.77     3631.0       i 
 61072.531   23.05   22.95  22.871   5182.42     3631.0    cyan 
 61072.531  23.092  22.993  22.904  10023.96     3631.0       z 
 61072.531  23.131  23.031   22.95   4746.48     3631.0   g-P48 
 61072.531  23.135  23.039  22.956   4735.89     3631.0       g 
 61074.769  22.977  22.877  22.793   6366.38     3631.0   r-P48 
 61074.769   22.98  22.877  22.797   6629.82     3631.0  orange 
 61074.769  22.989  22.887  22.806   6198.96     3631.0       r 
 61074.769  22.996  22.897  22.807   7645.77     3631.0       i 
 61074.769  23.062  22.961  22.883   5182.42     3631.0    cyan 
 61074.769  23.104  23.004  22.915  10023.96     3631.0       z 
 61074.769  23.143  23.043  22.961   4746.48     3631.0   g-P48 
 61074.769  23.147  23.051  22.967   4735.89     3631.0       g 
 61077.008  22.988  22.888  22.805   6366.38     3631.0   r-P48 
 61077.008  22.991  22.889  22.808   6629.82     3631.0  orange 
 61077.008    23.0  22.898  22.817   6198.96     3631.0       r 
 61077.008  23.007  22.909  22.818   7645.77     3631.0       i 
 61077.008  23.073  22.973  22.894   5182.42     3631.0    cyan 
 61077.008  23.115  23.016  22.926  10023.96     3631.0       z 
 61077.008  23.154  23.054  22.973   4746.48     3631.0   g-P48 
 61077.008  23.158  23.062  22.979   4735.89     3631.0       g 
 61079.246    23.0  22.899  22.816   6366.38     3631.0   r-P48 
 61079.246  23.003    22.9  22.819   6629.82     3631.0  orange 
 61079.246  23.012  22.909  22.828   6198.96     3631.0       r 
 61079.246  23.019   22.92   22.83   7645.77     3631.0       i 
 61079.246  23.085  22.984  22.905   5182.42     3631.0    cyan 
 61079.246  23.127  23.027  22.938  10023.96     3631.0       z 
 61079.246  23.166  23.066  22.984   4746.48     3631.0   g-P48 
 61079.246   23.17  23.074   22.99   4735.89     3631.0       g 
 61081.485  23.011  22.911  22.828   6366.38     3631.0   r-P48 
 61081.485  23.015  22.912  22.831   6629.82     3631.0  orange 
 61081.485  23.023  22.921  22.839   6198.96     3631.0       r 
 61081.485   23.03  22.932  22.841   7645.77     3631.0       i 
 61081.485  23.096  22.995  22.916   5182.42     3631.0    cyan 
 61081.485  23.138  23.039  22.949  10023.96     3631.0       z 
 61081.485  23.178  23.077  22.995   4746.48     3631.0   g-P48 
 61081.485  23.181  23.085  23.001   4735.89     3631.0       g 
 61083.723  23.023  22.922  22.839   6366.38     3631.0   r-P48 
 61083.723  23.026  22.923  22.842   6629.82     3631.0  orange 
 61083.723  23.035  22.932  22.851   6198.96     3631.0       r 
 61083.723  23.042  22.943  22.852   7645.77     3631.0       i 
 61083.723  23.108  23.007  22.927   5182.42     3631.0    cyan 
 61083.723   23.15   23.05   22.96  10023.96     3631.0       z 
 61083.723  23.189  23.088  23.007   4746.48     3631.0   g-P48 
 61083.723  23.193  23.097  23.012   4735.89     3631.0       g 
 61085.961  23.034  22.933   22.85   6366.38     3631.0   r-P48 
 61085.961  23.038  22.935  22.853   6629.82     3631.0  orange 
 61085.961  23.046  22.943  22.862   6198.96     3631.0       r 
 61085.961  23.053  22.954  22.863   7645.77     3631.0       i 
 61085.961  23.119  23.018  22.938   5182.42     3631.0    cyan 
 61085.961  23.161  23.061  22.971  10023.96     3631.0       z 
 61085.961  23.201    23.1  23.018   4746.48     3631.0   g-P48 
 61085.961  23.204  23.108  23.024   4735.89     3631.0       g 
   61088.2  23.046  22.945  22.862   6366.38     3631.0   r-P48 
   61088.2  23.049  22.946  22.864   6629.82     3631.0  orange 
   61088.2  23.058  22.955  22.873   6198.96     3631.0       r 
   61088.2  23.065  22.966  22.874   7645.77     3631.0       i 
   61088.2   23.13  23.029   22.95   5182.42     3631.0    cyan 
   61088.2  23.173  23.073  22.983  10023.96     3631.0       z 
   61088.2  23.212  23.111  23.029   4746.48     3631.0   g-P48 
   61088.2  23.216  23.119  23.035   4735.89     3631.0       g 
 61090.438  23.057  22.956  22.873   6366.38     3631.0   r-P48 
 61090.438   23.06  22.957  22.876   6629.82     3631.0  orange 
 61090.438  23.069  22.966  22.884   6198.96     3631.0       r 
 61090.438  23.076  22.977  22.885   7645.77     3631.0       i 
 61090.438  23.142   23.04  22.961   5182.42     3631.0    cyan 
 61090.438  23.184  23.084  22.994  10023.96     3631.0       z 
 61090.438  23.224  23.123   23.04   4746.48     3631.0   g-P48 
 61090.438  23.228  23.131  23.046   4735.89     3631.0       g 
 61092.676  23.069  22.967  22.884   6366.38     3631.0   r-P48 
 61092.676  23.072  22.969  22.887   6629.82     3631.0  orange 
 61092.676   23.08  22.977  22.895   6198.96     3631.0       r 
 61092.676  23.088  22.988  22.896   7645.77     3631.0       i 
 61092.676  23.153  23.052  22.972   5182.42     3631.0    cyan 
 61092.676  23.196  23.095  23.005  10023.96     3631.0       z 
 61092.676  23.235  23.134  23.051   4746.48     3631.0   g-P48 
 61092.676  23.239  23.142  23.057   4735.89     3631.0       g 
 61094.915   23.08  22.978  22.895   6366.38     3631.0   r-P48 
 61094.915  23.083   22.98  22.898   6629.82     3631.0  orange 
 61094.915  23.092  22.988  22.907   6198.96     3631.0       r 
 61094.915  23.099  22.999  22.907   7645.77     3631.0       i 
 61094.915  23.164  23.063  22.983   5182.42     3631.0    cyan 
 61094.915  23.207  23.107  23.016  10023.96     3631.0       z 
 61094.915  23.246  23.145  23.062   4746.48     3631.0   g-P48 
 61094.915  23.251  23.153  23.068   4735.89     3631.0       g 
 61097.153  23.091   22.99  22.906   6366.38     3631.0   r-P48 
 61097.153  23.094  22.991  22.909   6629.82     3631.0  orange 
 61097.153  23.103    23.0  22.918   6198.96     3631.0       r 
 61097.153   23.11  23.011  22.918   7645.77     3631.0       i 
 61097.153  23.176  23.074  22.994   5182.42     3631.0    cyan 
 61097.153  23.218  23.118  23.027  10023.96     3631.0       z 
 61097.153  23.258  23.156  23.073   4746.48     3631.0   g-P48 
 61097.153  23.262  23.164  23.079   4735.89     3631.0       g 
 61099.391  23.103  23.001  22.917   6366.38     3631.0   r-P48 
 61099.391  23.106  23.003   22.92   6629.82     3631.0  orange 
 61099.391  23.114  23.011  22.929   6198.96     3631.0       r 
 61099.391  23.121  23.022   22.93   7645.77     3631.0       i 
 61099.391  23.187  23.085  23.004   5182.42     3631.0    cyan 
 61099.391  23.229  23.129  23.038  10023.96     3631.0       z 
 61099.391  23.269  23.167  23.085   4746.48     3631.0   g-P48 
 61099.391  23.274  23.175   23.09   4735.89     3631.0       g 
  61101.63  23.114  23.012  22.928   6366.38     3631.0   r-P48 
  61101.63  23.117  23.014  22.931   6629.82     3631.0  orange 
  61101.63  23.126  23.022   22.94   6198.96     3631.0       r 
  61101.63  23.133  23.033  22.941   7645.77     3631.0       i 
  61101.63  23.198  23.096  23.015   5182.42     3631.0    cyan 
  61101.63  23.241   23.14  23.049  10023.96     3631.0       z 
  61101.63   23.28  23.179  23.096   4746.48     3631.0   g-P48 
  61101.63  23.285  23.186  23.101   4735.89     3631.0       g 
 61103.868  23.125  23.023  22.939   6366.38     3631.0   r-P48 
 61103.868  23.128  23.025  22.942   6629.82     3631.0  orange 
 61103.868  23.137  23.033  22.951   6198.96     3631.0       r 
 61103.868  23.144  23.044  22.952   7645.77     3631.0       i 
 61103.868  23.209  23.107  23.026   5182.42     3631.0    cyan 
 61103.868  23.252  23.152   23.06  10023.96     3631.0       z 
 61103.868  23.291   23.19  23.107   4746.48     3631.0   g-P48 
 61103.868  23.296  23.198  23.112   4735.89     3631.0       g 
 61106.106  23.137  23.034   22.95   6366.38     3631.0   r-P48 
 61106.106  23.139  23.036  22.953   6629.82     3631.0  orange 
 61106.106  23.148  23.044  22.962   6198.96     3631.0       r 
 61106.106  23.155  23.055  22.962   7645.77     3631.0       i 
 61106.106   23.22  23.118  23.037   5182.42     3631.0    cyan 
 61106.106  23.263  23.163  23.071  10023.96     3631.0       z 
 61106.106  23.302  23.201  23.118   4746.48     3631.0   g-P48 
 61106.106  23.307  23.209  23.123   4735.89     3631.0       g 
 61108.345  23.148  23.045  22.961   6366.38     3631.0   r-P48 
 61108.345   23.15  23.047  22.964   6629.82     3631.0  orange 
 61108.345  23.159  23.055  22.973   6198.96     3631.0       r 
 61108.345  23.166  23.066  22.973   7645.77     3631.0       i 
 61108.345  23.232  23.129  23.048   5182.42     3631.0    cyan 
 61108.345  23.274  23.174  23.082  10023.96     3631.0       z 
 61108.345  23.314  23.212  23.129   4746.48     3631.0   g-P48 
 61108.345  23.319   23.22  23.134   4735.89     3631.0       g 
 61110.583  23.159  23.056  22.972   6366.38     3631.0   r-P48 
 61110.583  23.161  23.058  22.975   6629.82     3631.0  orange 
 61110.583   23.17  23.066  22.984   6198.96     3631.0       r 
 61110.583  23.177  23.077  22.984   7645.77     3631.0       i 
 61110.583  23.243   23.14  23.059   5182.42     3631.0    cyan 
 61110.583  23.285  23.185  23.093  10023.96     3631.0       z 
 61110.583  23.325  23.223   23.14   4746.48     3631.0   g-P48 
 61110.583   23.33  23.231  23.145   4735.89     3631.0       g 
 61112.821   23.17  23.067  22.983   6366.38     3631.0   r-P48 
 61112.821  23.173  23.069  22.985   6629.82     3631.0  orange 
 61112.821  23.181  23.077  22.995   6198.96     3631.0       r 
 61112.821  23.188  23.088  22.995   7645.77     3631.0       i 
 61112.821  23.254  23.151  23.069   5182.42     3631.0    cyan 
 61112.821  23.296  23.196  23.104  10023.96     3631.0       z 
 61112.821  23.336  23.234  23.151   4746.48     3631.0   g-P48 
 61112.821  23.341  23.242  23.156   4735.89     3631.0       g 
  61115.06  23.181  23.078  22.994   6366.38     3631.0   r-P48 
  61115.06  23.184  23.081  22.996   6629.82     3631.0  orange 
  61115.06  23.192  23.088  23.006   6198.96     3631.0       r 
  61115.06  23.199  23.099  23.006   7645.77     3631.0       i 
  61115.06  23.265  23.162   23.08   5182.42     3631.0    cyan 
  61115.06  23.307  23.207  23.115  10023.96     3631.0       z 
  61115.06  23.347  23.245  23.162   4746.48     3631.0   g-P48 
  61115.06  23.352  23.253  23.167   4735.89     3631.0       g 
 61117.298  23.192  23.089  23.005   6366.38     3631.0   r-P48 
 61117.298  23.195  23.092  23.007   6629.82     3631.0  orange 
 61117.298  23.203  23.099  23.016   6198.96     3631.0       r 
 61117.298   23.21   23.11  23.017   7645.77     3631.0       i 
 61117.298  23.276  23.173  23.091   5182.42     3631.0    cyan 
 61117.298  23.318  23.218  23.126  10023.96     3631.0       z 
 61117.298  23.358  23.256  23.173   4746.48     3631.0   g-P48 
 61117.298  23.363  23.264  23.178   4735.89     3631.0       g 
 61119.536  23.203    23.1  23.016   6366.38     3631.0   r-P48 
 61119.536  23.206  23.103  23.018   6629.82     3631.0  orange 
 61119.536  23.214  23.109  23.027   6198.96     3631.0       r 
 61119.536  23.221  23.121  23.028   7645.77     3631.0       i 
 61119.536  23.287  23.184  23.102   5182.42     3631.0    cyan 
 61119.536  23.329  23.229  23.137  10023.96     3631.0       z 
 61119.536  23.369  23.267  23.184   4746.48     3631.0   g-P48 
 61119.536  23.374  23.274  23.189   4735.89     3631.0       g 
 61121.775  23.214   23.11  23.027   6366.38     3631.0   r-P48 
 61121.775  23.217  23.114  23.028   6629.82     3631.0  orange 
 61121.775  23.225   23.12  23.038   6198.96     3631.0       r 
 61121.775  23.232  23.131  23.039   7645.77     3631.0       i 
 61121.775  23.298  23.195  23.112   5182.42     3631.0    cyan 
 61121.775   23.34   23.24  23.147  10023.96     3631.0       z 
 61121.775   23.38  23.278  23.195   4746.48     3631.0   g-P48 
 61121.775  23.386  23.285  23.199   4735.89     3631.0       g 
 61124.013  23.225  23.121  23.038   6366.38     3631.0   r-P48 
 61124.013  23.227  23.124  23.039   6629.82     3631.0  orange 
 61124.013  23.236  23.131  23.049   6198.96     3631.0       r 
 61124.013  23.243  23.142  23.049   7645.77     3631.0       i 
 61124.013  23.309  23.206  23.123   5182.42     3631.0    cyan 
 61124.013  23.351  23.251  23.158  10023.96     3631.0       z 
 61124.013  23.391  23.289  23.206   4746.48     3631.0   g-P48 
 61124.013  23.397  23.296   23.21   4735.89     3631.0       g 
 61126.252  23.236  23.132  23.048   6366.38     3631.0   r-P48 
 61126.252  23.238  23.135   23.05   6629.82     3631.0  orange 
 61126.252  23.247  23.142  23.059   6198.96     3631.0       r 
 61126.252  23.254  23.153   23.06   7645.77     3631.0       i 
 61126.252   23.32  23.217  23.134   5182.42     3631.0    cyan 
 61126.252  23.362  23.262  23.169  10023.96     3631.0       z 
 61126.252  23.402  23.299  23.217   4746.48     3631.0   g-P48 
 61126.252  23.408  23.307  23.221   4735.89     3631.0       g 
  61128.49  23.247  23.143  23.059   6366.38     3631.0   r-P48 
  61128.49  23.249  23.146   23.06   6629.82     3631.0  orange 
  61128.49  23.258  23.153   23.07   6198.96     3631.0       r 
  61128.49  23.265  23.164  23.071   7645.77     3631.0       i 
  61128.49   23.33  23.228  23.144   5182.42     3631.0    cyan 
  61128.49  23.373  23.273  23.179  10023.96     3631.0       z 
  61128.49  23.412   23.31  23.227   4746.48     3631.0   g-P48 
  61128.49  23.419  23.318  23.232   4735.89     3631.0       g 
 61130.728  23.258  23.153   23.07   6366.38     3631.0   r-P48 
 61130.728   23.26  23.157  23.071   6629.82     3631.0  orange 
 61130.728  23.269  23.163  23.081   6198.96     3631.0       r 
 61130.728  23.276  23.174  23.081   7645.77     3631.0       i 
 61130.728  23.341  23.238  23.155   5182.42     3631.0    cyan 
 61130.728  23.384  23.284   23.19  10023.96     3631.0       z 
 61130.728  23.423  23.321  23.238   4746.48     3631.0   g-P48 
 61130.728   23.43  23.329  23.243   4735.89     3631.0       g 
 61132.967  23.269  23.164  23.081   6366.38     3631.0   r-P48 
 61132.967  23.271  23.168  23.082   6629.82     3631.0  orange 
 61132.967   23.28  23.174  23.092   6198.96     3631.0       r 
 61132.967  23.287  23.185  23.092   7645.77     3631.0       i 
 61132.967  23.352  23.249  23.166   5182.42     3631.0    cyan 
 61132.967  23.395  23.295    23.2  10023.96     3631.0       z 
 61132.967  23.434  23.332  23.249   4746.48     3631.0   g-P48 
 61132.967   23.44  23.339  23.254   4735.89     3631.0       g 
 61135.205   23.28  23.175  23.091   6366.38     3631.0   r-P48 
 61135.205  23.282  23.179  23.092   6629.82     3631.0  orange 
 61135.205   23.29  23.185  23.102   6198.96     3631.0       r 
 61135.205  23.298  23.196  23.103   7645.77     3631.0       i 
 61135.205  23.363   23.26  23.176   5182.42     3631.0    cyan 
 61135.205  23.406  23.305  23.211  10023.96     3631.0       z 
 61135.205  23.445  23.343   23.26   4746.48     3631.0   g-P48 
 61135.205  23.451   23.35  23.264   4735.89     3631.0       g 
 61137.443   23.29  23.185  23.102   6366.38     3631.0   r-P48 
 61137.443  23.292  23.189  23.103   6629.82     3631.0  orange 
 61137.443  23.301  23.195  23.113   6198.96     3631.0       r 
 61137.443  23.308  23.206  23.113   7645.77     3631.0       i 
 61137.443  23.374  23.271  23.187   5182.42     3631.0    cyan 
 61137.443  23.416  23.316  23.221  10023.96     3631.0       z 
 61137.443  23.456  23.353  23.271   4746.48     3631.0   g-P48 
 61137.443  23.462  23.361  23.275   4735.89     3631.0       g 
 61139.682  23.301  23.196  23.113   6366.38     3631.0   r-P48 
 61139.682  23.303    23.2  23.113   6629.82     3631.0  orange 
 61139.682  23.312  23.206  23.124   6198.96     3631.0       r 
 61139.682  23.319  23.217  23.124   7645.77     3631.0       i 
 61139.682  23.384  23.281  23.197   5182.42     3631.0    cyan 
 61139.682  23.427  23.327  23.232  10023.96     3631.0       z 
 61139.682  23.466  23.364  23.281   4746.48     3631.0   g-P48 
 61139.682  23.473  23.371  23.286   4735.89     3631.0       g 
  61141.92  23.312  23.207  23.123   6366.38     3631.0   r-P48 
  61141.92  23.314  23.211  23.124   6629.82     3631.0  orange 
  61141.92  23.323  23.217  23.134   6198.96     3631.0       r 
  61141.92   23.33  23.227  23.134   7645.77     3631.0       i 
  61141.92  23.395  23.292  23.208   5182.42     3631.0    cyan 
  61141.92  23.438  23.338  23.242  10023.96     3631.0       z 
  61141.92  23.477  23.375  23.292   4746.48     3631.0   g-P48 
  61141.92  23.484  23.382  23.296   4735.89     3631.0       g 
 61144.158  23.323  23.217  23.134   6366.38     3631.0   r-P48 
 61144.158  23.325  23.221  23.134   6629.82     3631.0  orange 
 61144.158  23.333  23.227  23.145   6198.96     3631.0       r 
 61144.158   23.34  23.238  23.144   7645.77     3631.0       i 
 61144.158  23.406  23.302  23.218   5182.42     3631.0    cyan 
 61144.158  23.449  23.348  23.253  10023.96     3631.0       z 
 61144.158  23.488  23.385  23.303   4746.48     3631.0   g-P48 
 61144.158  23.495  23.393  23.307   4735.89     3631.0       g 
 61146.397  23.333  23.228  23.145   6366.38     3631.0   r-P48 
 61146.397  23.335  23.232  23.144   6629.82     3631.0  orange 
 61146.397  23.344  23.238  23.155   6198.96     3631.0       r 
 61146.397  23.351  23.248  23.155   7645.77     3631.0       i 
 61146.397  23.416  23.313  23.228   5182.42     3631.0    cyan 
 61146.397  23.459  23.359  23.263  10023.96     3631.0       z 
 61146.397  23.498  23.396  23.313   4746.48     3631.0   g-P48 
 61146.397  23.505  23.403  23.317   4735.89     3631.0       g 
 61148.635  23.344  23.238  23.155   6366.38     3631.0   r-P48 
 61148.635  23.346  23.242  23.155   6629.82     3631.0  orange 
 61148.635  23.355  23.248  23.166   6198.96     3631.0       r 
 61148.635  23.362  23.259  23.165   7645.77     3631.0       i 
 61148.635  23.427  23.323  23.239   5182.42     3631.0    cyan 
 61148.635   23.47   23.37  23.274  10023.96     3631.0       z 
 61148.635  23.509  23.406  23.324   4746.48     3631.0   g-P48 
 61148.635  23.516  23.414  23.328   4735.89     3631.0       g 
 61150.873  23.354  23.249  23.166   6366.38     3631.0   r-P48 
 61150.873  23.357  23.253  23.165   6629.82     3631.0  orange 
 61150.873  23.365  23.259  23.176   6198.96     3631.0       r 
 61150.873  23.372  23.269  23.176   7645.77     3631.0       i 
 61150.873  23.437  23.334  23.249   5182.42     3631.0    cyan 
 61150.873  23.481   23.38  23.284  10023.96     3631.0       z 
 61150.873  23.519  23.417  23.335   4746.48     3631.0   g-P48 
 61150.873  23.527  23.424  23.339   4735.89     3631.0       g 
 61153.112  23.365  23.259  23.176   6366.38     3631.0   r-P48 
 61153.112  23.367  23.263  23.176   6629.82     3631.0  orange 
 61153.112  23.376  23.269  23.187   6198.96     3631.0       r 
 61153.112  23.383   23.28  23.186   7645.77     3631.0       i 
 61153.112  23.448  23.344   23.26   5182.42     3631.0    cyan 
 61153.112  23.491  23.391  23.294  10023.96     3631.0       z 
 61153.112   23.53  23.427  23.345   4746.48     3631.0   g-P48 
 61153.112  23.537  23.435  23.349   4735.89     3631.0       g 
  61155.35  23.376   23.27  23.187   6366.38     3631.0   r-P48 
  61155.35  23.378  23.274  23.186   6629.82     3631.0  orange 
  61155.35  23.386   23.28  23.197   6198.96     3631.0       r 
  61155.35  23.393   23.29  23.196   7645.77     3631.0       i 
  61155.35  23.458  23.355   23.27   5182.42     3631.0    cyan 
  61155.35  23.502  23.401  23.305  10023.96     3631.0       z 
  61155.35   23.54  23.438  23.356   4746.48     3631.0   g-P48 
  61155.35  23.548  23.445   23.36   4735.89     3631.0       g 
 61157.588  23.386   23.28  23.197   6366.38     3631.0   r-P48 
 61157.588  23.388  23.284  23.197   6629.82     3631.0  orange 
 61157.588  23.397   23.29  23.208   6198.96     3631.0       r 
 61157.588  23.404    23.3  23.206   7645.77     3631.0       i 
 61157.588  23.469  23.365   23.28   5182.42     3631.0    cyan 
 61157.588  23.512  23.412  23.315  10023.96     3631.0       z 
 61157.588  23.551  23.448  23.366   4746.48     3631.0   g-P48 
 61157.588  23.558  23.456   23.37   4735.89     3631.0       g 
 61159.827  23.397   23.29  23.207   6366.38     3631.0   r-P48 
 61159.827  23.399  23.295  23.207   6629.82     3631.0  orange 
 61159.827  23.407  23.301  23.218   6198.96     3631.0       r 
 61159.827  23.414  23.311  23.217   7645.77     3631.0       i 
 61159.827  23.479  23.376   23.29   5182.42     3631.0    cyan 
 61159.827  23.523  23.423  23.325  10023.96     3631.0       z 
 61159.827  23.561  23.459  23.376   4746.48     3631.0   g-P48 
 61159.827  23.569  23.466   23.38   4735.89     3631.0       g 
 61162.065  23.408  23.301  23.218   6366.38     3631.0   r-P48 
 61162.065  23.409  23.305  23.217   6629.82     3631.0  orange 
 61162.065  23.418  23.311  23.228   6198.96     3631.0       r 
 61162.065  23.425  23.321  23.227   7645.77     3631.0       i 
 61162.065   23.49  23.386  23.301   5182.42     3631.0    cyan 
 61162.065  23.533  23.433  23.335  10023.96     3631.0       z 
 61162.065  23.572  23.469  23.386   4746.48     3631.0   g-P48 
 61162.065   23.58  23.476  23.391   4735.89     3631.0       g 
 61164.304  23.418  23.311  23.228   6366.38     3631.0   r-P48 
 61164.304   23.42  23.315  23.228   6629.82     3631.0  orange 
 61164.304  23.428  23.322  23.239   6198.96     3631.0       r 
 61164.304  23.435  23.331  23.237   7645.77     3631.0       i 
 61164.304    23.5  23.396  23.311   5182.42     3631.0    cyan 
 61164.304  23.544  23.443  23.346  10023.96     3631.0       z 
 61164.304  23.582   23.48  23.397   4746.48     3631.0   g-P48 
 61164.304   23.59  23.487  23.401   4735.89     3631.0       g 
 61166.542  23.429  23.321  23.238   6366.38     3631.0   r-P48 
 61166.542   23.43  23.326  23.238   6629.82     3631.0  orange 
 61166.542  23.439  23.332  23.249   6198.96     3631.0       r 
 61166.542  23.445  23.342  23.247   7645.77     3631.0       i 
 61166.542   23.51  23.407  23.321   5182.42     3631.0    cyan 
 61166.542  23.554  23.454  23.356  10023.96     3631.0       z 
 61166.542  23.593   23.49  23.407   4746.48     3631.0   g-P48 
 61166.542  23.601  23.497  23.412   4735.89     3631.0       g 
  61168.78  23.439  23.332  23.248   6366.38     3631.0   r-P48 
  61168.78  23.441  23.336  23.248   6629.82     3631.0  orange 
  61168.78  23.449  23.342  23.259   6198.96     3631.0       r 
  61168.78  23.456  23.352  23.257   7645.77     3631.0       i 
  61168.78  23.521  23.417  23.331   5182.42     3631.0    cyan 
  61168.78  23.564  23.464  23.366  10023.96     3631.0       z 
  61168.78  23.603    23.5  23.417   4746.48     3631.0   g-P48 
  61168.78  23.611  23.508  23.422   4735.89     3631.0       g 
 61171.019  23.449  23.342  23.259   6366.38     3631.0   r-P48 
 61171.019  23.451  23.346  23.258   6629.82     3631.0  orange 
 61171.019  23.459  23.353   23.27   6198.96     3631.0       r 
 61171.019  23.466  23.362  23.267   7645.77     3631.0       i 
 61171.019  23.531  23.427  23.342   5182.42     3631.0    cyan 
 61171.019  23.575  23.475  23.376  10023.96     3631.0       z 
 61171.019  23.614  23.511  23.427   4746.48     3631.0   g-P48 
 61171.019  23.621  23.518  23.432   4735.89     3631.0       g 
 61173.257   23.46  23.352  23.269   6366.38     3631.0   r-P48 
 61173.257  23.461  23.357  23.268   6629.82     3631.0  orange 
 61173.257   23.47  23.363   23.28   6198.96     3631.0       r 
 61173.257  23.477  23.372  23.277   7645.77     3631.0       i 
 61173.257  23.541  23.437  23.352   5182.42     3631.0    cyan 
 61173.257  23.585  23.485  23.386  10023.96     3631.0       z 
 61173.257  23.624  23.521  23.438   4746.48     3631.0   g-P48 
 61173.257  23.632  23.528  23.442   4735.89     3631.0       g 
 61175.495   23.47  23.362  23.279   6366.38     3631.0   r-P48 
 61175.495  23.472  23.367  23.279   6629.82     3631.0  orange 
 61175.495   23.48  23.373   23.29   6198.96     3631.0       r 
 61175.495  23.487  23.382  23.288   7645.77     3631.0       i 
 61175.495  23.552  23.447  23.362   5182.42     3631.0    cyan 
 61175.495  23.595  23.495  23.396  10023.96     3631.0       z 
 61175.495  23.634  23.531  23.448   4746.48     3631.0   g-P48 
 61175.495  23.642  23.539  23.453   4735.89     3631.0       g 
 61177.734  23.481  23.373  23.289   6366.38     3631.0   r-P48 
 61177.734  23.482  23.377  23.289   6629.82     3631.0  orange 
 61177.734  23.491  23.383    23.3   6198.96     3631.0       r 
 61177.734  23.497  23.393  23.298   7645.77     3631.0       i 
 61177.734  23.562  23.458  23.372   5182.42     3631.0    cyan 
 61177.734  23.606  23.505  23.406  10023.96     3631.0       z 
 61177.734  23.645  23.541  23.458   4746.48     3631.0   g-P48 
 61177.734  23.652  23.549  23.463   4735.89     3631.0       g 
 61179.972  23.491  23.383  23.299   6366.38     3631.0   r-P48 
 61179.972  23.492  23.387  23.299   6629.82     3631.0  orange 
 61179.972  23.501  23.394  23.311   6198.96     3631.0       r 
 61179.972  23.508  23.403  23.308   7645.77     3631.0       i 
 61179.972  23.572  23.468  23.382   5182.42     3631.0    cyan 
 61179.972  23.616  23.516  23.416  10023.96     3631.0       z 
 61179.972  23.655  23.552  23.468   4746.48     3631.0   g-P48 
 61179.972  23.663  23.559  23.473   4735.89     3631.0       g 
  61182.21  23.501  23.393  23.309   6366.38     3631.0   r-P48 
  61182.21  23.502  23.397  23.309   6629.82     3631.0  orange 
  61182.21  23.511  23.404  23.321   6198.96     3631.0       r 
  61182.21  23.518  23.413  23.318   7645.77     3631.0       i 
  61182.21  23.582  23.478  23.392   5182.42     3631.0    cyan 
  61182.21  23.626  23.526  23.426  10023.96     3631.0       z 
  61182.21  23.665  23.562  23.478   4746.48     3631.0   g-P48 
  61182.21  23.673  23.569  23.483   4735.89     3631.0       g 
 61184.449  23.511  23.403  23.319   6366.38     3631.0   r-P48 
 61184.449  23.513  23.407  23.319   6629.82     3631.0  orange 
 61184.449  23.521  23.414  23.331   6198.96     3631.0       r 
 61184.449  23.528  23.423  23.328   7645.77     3631.0       i 
 61184.449  23.593  23.488  23.402   5182.42     3631.0    cyan 
 61184.449  23.636  23.536  23.436  10023.96     3631.0       z 
 61184.449  23.676  23.572  23.488   4746.48     3631.0   g-P48 
 61184.449  23.683   23.58  23.493   4735.89     3631.0       g 
 61186.687  23.522  23.413  23.329   6366.38     3631.0   r-P48 
 61186.687  23.523  23.418  23.329   6629.82     3631.0  orange 
 61186.687  23.532  23.424  23.341   6198.96     3631.0       r 
 61186.687  23.539  23.433  23.338   7645.77     3631.0       i 
 61186.687  23.603  23.498  23.412   5182.42     3631.0    cyan 
 61186.687  23.646  23.546  23.446  10023.96     3631.0       z 
 61186.687  23.686  23.582  23.498   4746.48     3631.0   g-P48 
 61186.687  23.693   23.59  23.503   4735.89     3631.0       g 
 61188.925  23.532  23.423  23.339   6366.38     3631.0   r-P48 
 61188.925  23.533  23.428  23.339   6629.82     3631.0  orange 
 61188.925  23.542  23.434  23.351   6198.96     3631.0       r 
 61188.925  23.549  23.443  23.347   7645.77     3631.0       i 
 61188.925  23.613  23.508  23.422   5182.42     3631.0    cyan 
 61188.925  23.656  23.556  23.456  10023.96     3631.0       z 
 61188.925  23.696  23.592  23.508   4746.48     3631.0   g-P48 
 61188.925  23.703    23.6  23.513   4735.89     3631.0       g 
 61191.164  23.542  23.433  23.349   6366.38     3631.0   r-P48 
 61191.164  23.543  23.438  23.349   6629.82     3631.0  orange 
 61191.164  23.552  23.444  23.361   6198.96     3631.0       r 
 61191.164  23.559  23.453  23.357   7645.77     3631.0       i 
 61191.164  23.623  23.518  23.432   5182.42     3631.0    cyan 
 61191.164  23.667  23.567  23.466  10023.96     3631.0       z 
 61191.164  23.706  23.602  23.518   4746.48     3631.0   g-P48 
 61191.164  23.714   23.61  23.523   4735.89     3631.0       g 
 61193.402  23.552  23.443  23.359   6366.38     3631.0   r-P48 
 61193.402  23.553  23.448  23.359   6629.82     3631.0  orange 
 61193.402  23.562  23.454  23.371   6198.96     3631.0       r 
 61193.402   23.57  23.463  23.367   7645.77     3631.0       i 
 61193.402  23.633  23.528  23.442   5182.42     3631.0    cyan 
 61193.402  23.677  23.577  23.476  10023.96     3631.0       z 
 61193.402  23.716  23.612  23.528   4746.48     3631.0   g-P48 
 61193.402  23.724   23.62  23.533   4735.89     3631.0       g 
  61195.64  23.562  23.453  23.369   6366.38     3631.0   r-P48 
  61195.64  23.563  23.458  23.369   6629.82     3631.0  orange 
  61195.64  23.572  23.464  23.381   6198.96     3631.0       r 
  61195.64   23.58  23.473  23.377   7645.77     3631.0       i 
  61195.64  23.643  23.538  23.452   5182.42     3631.0    cyan 
  61195.64  23.687  23.587  23.486  10023.96     3631.0       z 
  61195.64  23.727  23.622  23.538   4746.48     3631.0   g-P48 
  61195.64  23.734   23.63  23.543   4735.89     3631.0       g 
 61197.879  23.572  23.463  23.379   6366.38     3631.0   r-P48 
 61197.879  23.573  23.468  23.379   6629.82     3631.0  orange 
 61197.879  23.582  23.474  23.391   6198.96     3631.0       r 
 61197.879   23.59  23.483  23.387   7645.77     3631.0       i 
 61197.879  23.653  23.548  23.462   5182.42     3631.0    cyan 
 61197.879  23.697  23.597  23.496  10023.96     3631.0       z 
 61197.879  23.737  23.632  23.548   4746.48     3631.0   g-P48 
 61197.879  23.744   23.64  23.553   4735.89     3631.0       g 
 61200.117  23.582  23.473  23.389   6366.38     3631.0   r-P48 
 61200.117  23.583  23.478  23.389   6629.82     3631.0  orange 
 61200.117  23.593  23.484  23.401   6198.96     3631.0       r 
 61200.117    23.6  23.493  23.397   7645.77     3631.0       i 
 61200.117  23.663  23.558  23.472   5182.42     3631.0    cyan 
 61200.117  23.707  23.607  23.506  10023.96     3631.0       z 
 61200.117  23.747  23.642  23.558   4746.48     3631.0   g-P48 
 61200.117  23.754   23.65  23.563   4735.89     3631.0       g 
 61202.355  23.593  23.483  23.399   6366.38     3631.0   r-P48 
 61202.355  23.593  23.488  23.399   6629.82     3631.0  orange 
 61202.355  23.603  23.494   23.41   6198.96     3631.0       r 
 61202.355   23.61  23.504  23.407   7645.77     3631.0       i 
 61202.355  23.673  23.568  23.482   5182.42     3631.0    cyan 
 61202.355  23.717  23.617  23.516  10023.96     3631.0       z 
 61202.355  23.757  23.652  23.568   4746.48     3631.0   g-P48 
 61202.355  23.764   23.66  23.573   4735.89     3631.0       g 
 61204.594  23.603  23.493  23.409   6366.38     3631.0   r-P48 
 61204.594  23.603  23.497  23.409   6629.82     3631.0  orange 
 61204.594  23.613  23.504   23.42   6198.96     3631.0       r 
 61204.594   23.62  23.513  23.417   7645.77     3631.0       i 
 61204.594  23.683  23.578  23.492   5182.42     3631.0    cyan 
 61204.594  23.727  23.627  23.525  10023.96     3631.0       z 
 61204.594  23.767  23.662  23.577   4746.48     3631.0   g-P48 
 61204.594  23.774   23.67  23.582   4735.89     3631.0       g 
 61206.832  23.613  23.503  23.418   6366.38     3631.0   r-P48 
 61206.832  23.613  23.507  23.419   6629.82     3631.0  orange 
 61206.832  23.623  23.514   23.43   6198.96     3631.0       r 
 61206.832   23.63  23.523  23.427   7645.77     3631.0       i 
 61206.832  23.693  23.588  23.501   5182.42     3631.0    cyan 
 61206.832  23.737  23.637  23.535  10023.96     3631.0       z 
 61206.832  23.777  23.672  23.587   4746.48     3631.0   g-P48 
 61206.832  23.784   23.68  23.592   4735.89     3631.0       g 
 61209.071  23.623  23.513  23.428   6366.38     3631.0   r-P48 
 61209.071  23.623  23.517  23.429   6629.82     3631.0  orange 
 61209.071  23.633  23.524   23.44   6198.96     3631.0       r 
 61209.071  23.641  23.533  23.437   7645.77     3631.0       i 
 61209.071  23.703  23.598  23.511   5182.42     3631.0    cyan 
 61209.071  23.747  23.647  23.545  10023.96     3631.0       z 
 61209.071  23.787  23.682  23.597   4746.48     3631.0   g-P48 
 61209.071  23.794   23.69  23.602   4735.89     3631.0       g 
 61211.309  23.633  23.523  23.438   6366.38     3631.0   r-P48 
 61211.309  23.633  23.527  23.438   6629.82     3631.0  orange 
 61211.309  23.643  23.534   23.45   6198.96     3631.0       r 
 61211.309  23.651  23.543  23.446   7645.77     3631.0       i 
 61211.309  23.713  23.608  23.521   5182.42     3631.0    cyan 
 61211.309  23.757  23.657  23.555  10023.96     3631.0       z 
 61211.309  23.797  23.692  23.607   4746.48     3631.0   g-P48 
 61211.309  23.804    23.7  23.612   4735.89     3631.0       g 
 61213.547  23.642  23.532  23.448   6366.38     3631.0   r-P48 
 61213.547  23.643  23.537  23.448   6629.82     3631.0  orange 
 61213.547  23.653  23.544  23.459   6198.96     3631.0       r 
 61213.547   23.66  23.553  23.456   7645.77     3631.0       i 
 61213.547  23.723  23.617  23.531   5182.42     3631.0    cyan 
 61213.547  23.767  23.667  23.564  10023.96     3631.0       z 
 61213.547  23.807  23.702  23.616   4746.48     3631.0   g-P48 
 61213.547  23.814   23.71  23.622   4735.89     3631.0       g 
 61215.786  23.652  23.542  23.457   6366.38     3631.0   r-P48 
 61215.786  23.653  23.547  23.458   6629.82     3631.0  orange 
 61215.786  23.663  23.554  23.469   6198.96     3631.0       r 
 61215.786   23.67  23.563  23.466   7645.77     3631.0       i 
 61215.786  23.733  23.627   23.54   5182.42     3631.0    cyan 
 61215.786  23.776  23.676  23.574  10023.96     3631.0       z 
 61215.786  23.817  23.712  23.626   4746.48     3631.0   g-P48 
 61215.786  23.824   23.72  23.631   4735.89     3631.0       g 
 61218.024  23.662  23.552  23.467   6366.38     3631.0   r-P48 
 61218.024  23.663  23.556  23.467   6629.82     3631.0  orange 
 61218.024  23.673  23.564  23.479   6198.96     3631.0       r 
 61218.024   23.68  23.573  23.476   7645.77     3631.0       i 
 61218.024  23.742  23.637   23.55   5182.42     3631.0    cyan 
 61218.024  23.786  23.686  23.584  10023.96     3631.0       z 
 61218.024  23.827  23.722  23.636   4746.48     3631.0   g-P48 
 61218.024  23.833   23.73  23.641   4735.89     3631.0       g 
 61220.262  23.672  23.562  23.477   6366.38     3631.0   r-P48 
 61220.262  23.672  23.566  23.477   6629.82     3631.0  orange 
 61220.262  23.682  23.573  23.489   6198.96     3631.0       r 
 61220.262   23.69  23.583  23.486   7645.77     3631.0       i 
 61220.262  23.752  23.647   23.56   5182.42     3631.0    cyan 
 61220.262  23.796  23.696  23.593  10023.96     3631.0       z 
 61220.262  23.837  23.731  23.646   4746.48     3631.0   g-P48 
 61220.262  23.843  23.739  23.651   4735.89     3631.0       g 
 61222.501  23.682  23.571  23.486   6366.38     3631.0   r-P48 
 61222.501  23.682  23.576  23.486   6629.82     3631.0  orange 
 61222.501  23.692  23.583  23.498   6198.96     3631.0       r 
 61222.501    23.7  23.593  23.495   7645.77     3631.0       i 
 61222.501  23.762  23.656  23.569   5182.42     3631.0    cyan 
 61222.501  23.806  23.706  23.603  10023.96     3631.0       z 
 61222.501  23.846  23.741  23.655   4746.48     3631.0   g-P48 
 61222.501  23.853  23.749  23.661   4735.89     3631.0       g 
 61224.739  23.692  23.581  23.496   6366.38     3631.0   r-P48 
 61224.739  23.692  23.586  23.496   6629.82     3631.0  orange 
 61224.739  23.702  23.593  23.508   6198.96     3631.0       r 
 61224.739   23.71  23.602  23.505   7645.77     3631.0       i 
 61224.739  23.772  23.666  23.579   5182.42     3631.0    cyan 
 61224.739  23.816  23.716  23.612  10023.96     3631.0       z 
 61224.739  23.856  23.751  23.665   4746.48     3631.0   g-P48 
 61224.739  23.863  23.759   23.67   4735.89     3631.0       g 
 61226.977  23.702  23.591  23.506   6366.38     3631.0   r-P48 
 61226.977  23.702  23.595  23.506   6629.82     3631.0  orange 
 61226.977  23.712  23.602  23.517   6198.96     3631.0       r 
 61226.977  23.719  23.612  23.515   7645.77     3631.0       i 
 61226.977  23.782  23.676  23.589   5182.42     3631.0    cyan 
 61226.977  23.826  23.725  23.622  10023.96     3631.0       z 
 61226.977  23.866  23.761  23.674   4746.48     3631.0   g-P48 
 61226.977  23.872  23.769   23.68   4735.89     3631.0       g 
 61229.216  23.711  23.601  23.515   6366.38     3631.0   r-P48 
 61229.216  23.712  23.605  23.515   6629.82     3631.0  orange 
 61229.216  23.722  23.612  23.527   6198.96     3631.0       r 
 61229.216  23.729  23.622  23.524   7645.77     3631.0       i 
 61229.216  23.791  23.686  23.598   5182.42     3631.0    cyan 
 61229.216  23.836  23.735  23.632  10023.96     3631.0       z 
 61229.216  23.876   23.77  23.684   4746.48     3631.0   g-P48 
 61229.216  23.882  23.778  23.689   4735.89     3631.0       g 
 61231.454  23.721   23.61  23.525   6366.38     3631.0   r-P48 
 61231.454  23.721  23.615  23.525   6629.82     3631.0  orange 
 61231.454  23.732  23.622  23.537   6198.96     3631.0       r 
 61231.454  23.739  23.632  23.534   7645.77     3631.0       i 
 61231.454  23.801  23.695  23.608   5182.42     3631.0    cyan 
 61231.454  23.845  23.745  23.641  10023.96     3631.0       z 
 61231.454  23.885   23.78  23.694   4746.48     3631.0   g-P48 
 61231.454  23.892  23.788  23.699   4735.89     3631.0       g 
 61233.692  23.731   23.62  23.534   6366.38     3631.0   r-P48 
 61233.692  23.731  23.624  23.534   6629.82     3631.0  orange 
 61233.692  23.741  23.631  23.546   6198.96     3631.0       r 
 61233.692  23.749  23.641  23.543   7645.77     3631.0       i 
 61233.692  23.811  23.705  23.617   5182.42     3631.0    cyan 
 61233.692  23.855  23.754  23.651  10023.96     3631.0       z 
 61233.692  23.895   23.79  23.703   4746.48     3631.0   g-P48 
 61233.692  23.902  23.798  23.709   4735.89     3631.0       g 
 61235.931  23.741  23.629  23.544   6366.38     3631.0   r-P48 
 61235.931  23.741  23.634  23.544   6629.82     3631.0  orange 
 61235.931  23.751  23.641  23.556   6198.96     3631.0       r 
 61235.931  23.758  23.651  23.553   7645.77     3631.0       i 
 61235.931   23.82  23.714  23.627   5182.42     3631.0    cyan 
 61235.931  23.865  23.764   23.66  10023.96     3631.0       z 
 61235.931  23.905  23.799  23.713   4746.48     3631.0   g-P48 
 61235.931  23.911  23.808  23.718   4735.89     3631.0       g 
 61238.169   23.75  23.639  23.553   6366.38     3631.0   r-P48 
 61238.169   23.75  23.643  23.553   6629.82     3631.0  orange 
 61238.169  23.761   23.65  23.565   6198.96     3631.0       r 
 61238.169  23.768  23.661  23.562   7645.77     3631.0       i 
 61238.169   23.83  23.724  23.636   5182.42     3631.0    cyan 
 61238.169  23.874  23.774   23.67  10023.96     3631.0       z 
 61238.169  23.914  23.809  23.722   4746.48     3631.0   g-P48 
 61238.169  23.921  23.817  23.728   4735.89     3631.0       g 
 61240.407   23.76  23.649  23.563   6366.38     3631.0   r-P48 
 61240.407   23.76  23.653  23.562   6629.82     3631.0  orange 
 61240.407  23.771   23.66  23.575   6198.96     3631.0       r 
 61240.407  23.778   23.67  23.572   7645.77     3631.0       i 
 61240.407   23.84  23.734  23.646   5182.42     3631.0    cyan 
 61240.407  23.884  23.783  23.679  10023.96     3631.0       z 
 61240.407  23.924  23.818  23.732   4746.48     3631.0   g-P48 
 61240.407   23.93  23.827  23.737   4735.89     3631.0       g 
 61242.646   23.77  23.658  23.572   6366.38     3631.0   r-P48 
 61242.646   23.77  23.663  23.572   6629.82     3631.0  orange 
 61242.646   23.78  23.669  23.584   6198.96     3631.0       r 
 61242.646  23.787   23.68  23.581   7645.77     3631.0       i 
 61242.646  23.849  23.743  23.655   5182.42     3631.0    cyan 
 61242.646  23.894  23.793  23.689  10023.96     3631.0       z 
 61242.646  23.934  23.828  23.741   4746.48     3631.0   g-P48 
 61242.646   23.94  23.836  23.747   4735.89     3631.0       g 
 61244.884  23.779  23.668  23.582   6366.38     3631.0   r-P48 
 61244.884  23.779  23.672  23.581   6629.82     3631.0  orange 
 61244.884   23.79  23.679  23.594   6198.96     3631.0       r 
 61244.884  23.797  23.689  23.591   7645.77     3631.0       i 
 61244.884  23.859  23.753  23.665   5182.42     3631.0    cyan 
 61244.884  23.903  23.802  23.698  10023.96     3631.0       z 
 61244.884  23.943  23.838  23.751   4746.48     3631.0   g-P48 
 61244.884   23.95  23.846  23.756   4735.89     3631.0       g 
 61247.123  23.789  23.677  23.591   6366.38     3631.0   r-P48 
 61247.123  23.789  23.682  23.591   6629.82     3631.0  orange 
 61247.123  23.799  23.688  23.603   6198.96     3631.0       r 
 61247.123  23.806  23.699    23.6   7645.77     3631.0       i 
 61247.123  23.868  23.762  23.674   5182.42     3631.0    cyan 
 61247.123  23.913  23.812  23.707  10023.96     3631.0       z 
 61247.123  23.953  23.847   23.76   4746.48     3631.0   g-P48 
 61247.123  23.959  23.856  23.765   4735.89     3631.0       g 
 61249.361  23.798  23.687  23.601   6366.38     3631.0   r-P48 
 61249.361  23.798  23.691    23.6   6629.82     3631.0  orange 
 61249.361  23.809  23.698  23.612   6198.96     3631.0       r 
 61249.361  23.816  23.708  23.609   7645.77     3631.0       i 
 61249.361  23.878  23.772  23.683   5182.42     3631.0    cyan 
 61249.361  23.923  23.821  23.717  10023.96     3631.0       z 
 61249.361  23.962  23.857  23.769   4746.48     3631.0   g-P48 
 61249.361  23.969  23.865  23.775   4735.89     3631.0       g 
 61251.599  23.808  23.696   23.61   6366.38     3631.0   r-P48 
 61251.599  23.808  23.701  23.609   6629.82     3631.0  orange 
 61251.599  23.819  23.707  23.622   6198.96     3631.0       r 
 61251.599  23.825  23.718  23.619   7645.77     3631.0       i 
 61251.599  23.887  23.781  23.693   5182.42     3631.0    cyan 
 61251.599  23.932  23.831  23.726  10023.96     3631.0       z 
 61251.599  23.972  23.866  23.779   4746.48     3631.0   g-P48 
 61251.599  23.978  23.875  23.784   4735.89     3631.0       g 
 61253.838  23.817  23.706  23.619   6366.38     3631.0   r-P48 
 61253.838  23.818   23.71  23.618   6629.82     3631.0  orange 
 61253.838  23.828  23.717  23.631   6198.96     3631.0       r 
 61253.838  23.835  23.727  23.628   7645.77     3631.0       i 
 61253.838  23.897   23.79  23.702   5182.42     3631.0    cyan 
 61253.838  23.942   23.84  23.735  10023.96     3631.0       z 
 61253.838  23.981  23.875  23.788   4746.48     3631.0   g-P48 
 61253.838  23.988  23.884  23.794   4735.89     3631.0       g 
 61256.076  23.827  23.715  23.629   6366.38     3631.0   r-P48 
 61256.076  23.827  23.719  23.628   6629.82     3631.0  orange 
 61256.076  23.838  23.726   23.64   6198.96     3631.0       r 
 61256.076  23.844  23.737  23.637   7645.77     3631.0       i 
 61256.076  23.906    23.8  23.711   5182.42     3631.0    cyan 
 61256.076  23.951   23.85  23.745  10023.96     3631.0       z 
 61256.076  23.991  23.885  23.798   4746.48     3631.0   g-P48 
 61256.076  23.997  23.894  23.803   4735.89     3631.0       g 
 61258.314  23.837  23.724  23.638   6366.38     3631.0   r-P48 
 61258.314  23.837  23.729  23.637   6629.82     3631.0  orange 
 61258.314  23.847  23.735   23.65   6198.96     3631.0       r 
 61258.314  23.854  23.746  23.647   7645.77     3631.0       i 
 61258.314  23.916  23.809  23.721   5182.42     3631.0    cyan 
 61258.314  23.961  23.859  23.754  10023.96     3631.0       z 
 61258.314    24.0  23.894  23.807   4746.48     3631.0   g-P48 
 61258.314  24.007  23.903  23.812   4735.89     3631.0       g 
 61260.553  23.846  23.734  23.647   6366.38     3631.0   r-P48 
 61260.553  23.846  23.738  23.646   6629.82     3631.0  orange 
 61260.553  23.857  23.745  23.659   6198.96     3631.0       r 
 61260.553  23.863  23.756  23.656   7645.77     3631.0       i 
 61260.553  23.925  23.819   23.73   5182.42     3631.0    cyan 
 61260.553   23.97  23.868  23.763  10023.96     3631.0       z 
 61260.553   24.01  23.904  23.816   4746.48     3631.0   g-P48 
 61260.553  24.016  23.912  23.822   4735.89     3631.0       g 
 61262.791  23.855  23.743  23.657   6366.38     3631.0   r-P48 
 61262.791  23.855  23.747  23.656   6629.82     3631.0  orange 
 61262.791  23.866  23.754  23.668   6198.96     3631.0       r 
 61262.791  23.873  23.765  23.665   7645.77     3631.0       i 
 61262.791  23.934  23.828  23.739   5182.42     3631.0    cyan 
 61262.791   23.98  23.878  23.772  10023.96     3631.0       z 
 61262.791  24.019  23.913  23.826   4746.48     3631.0   g-P48 
 61262.791  24.025  23.922  23.831   4735.89     3631.0       g 
 61265.029  23.865  23.752  23.666   6366.38     3631.0   r-P48 
 61265.029  23.865  23.757  23.665   6629.82     3631.0  orange 
 61265.029  23.876  23.763  23.678   6198.96     3631.0       r 
 61265.029  23.882  23.775  23.675   7645.77     3631.0       i 
 61265.029  23.944  23.837  23.749   5182.42     3631.0    cyan 
 61265.029  23.989  23.887  23.782  10023.96     3631.0       z 
 61265.029  24.029  23.922  23.835   4746.48     3631.0   g-P48 
 61265.029  24.035  23.931   23.84   4735.89     3631.0       g 
 61267.268  23.874  23.762  23.675   6366.38     3631.0   r-P48 
 61267.268  23.874  23.766  23.674   6629.82     3631.0  orange 
 61267.268  23.885  23.772  23.687   6198.96     3631.0       r 
 61267.268  23.892  23.784  23.684   7645.77     3631.0       i 
 61267.268  23.953  23.846  23.758   5182.42     3631.0    cyan 
 61267.268  23.999  23.896  23.791  10023.96     3631.0       z 
 61267.268  24.038  23.932  23.844   4746.48     3631.0   g-P48 
 61267.268  24.044  23.941  23.849   4735.89     3631.0       g 
 61269.506  23.884  23.771  23.684   6366.38     3631.0   r-P48 
 61269.506  23.884  23.775  23.683   6629.82     3631.0  orange 
 61269.506  23.894  23.782  23.696   6198.96     3631.0       r 
 61269.506  23.901  23.793  23.693   7645.77     3631.0       i 
 61269.506  23.962  23.856  23.767   5182.42     3631.0    cyan 
 61269.506  24.008  23.906    23.8  10023.96     3631.0       z 
 61269.506  24.047  23.941  23.853   4746.48     3631.0   g-P48 
 61269.506  24.053   23.95  23.859   4735.89     3631.0       g 
 61271.744  23.893   23.78  23.693   6366.38     3631.0   r-P48 
 61271.744  23.893  23.785  23.692   6629.82     3631.0  orange 
 61271.744  23.904  23.791  23.705   6198.96     3631.0       r 
 61271.744   23.91  23.803  23.703   7645.77     3631.0       i 
 61271.744  23.972  23.865  23.776   5182.42     3631.0    cyan 
 61271.744  24.017  23.915  23.809  10023.96     3631.0       z 
 61271.744  24.057  23.951  23.862   4746.48     3631.0   g-P48 
 61271.744  24.063  23.959  23.868   4735.89     3631.0       g 
 61273.983  23.902   23.79  23.703   6366.38     3631.0   r-P48 
 61273.983  23.903  23.794  23.701   6629.82     3631.0  orange 
 61273.983  23.913    23.8  23.714   6198.96     3631.0       r 
 61273.983   23.92  23.812  23.712   7645.77     3631.0       i 
 61273.983  23.981  23.874  23.785   5182.42     3631.0    cyan 
 61273.983  24.027  23.924  23.818  10023.96     3631.0       z 
 61273.983  24.066   23.96  23.872   4746.48     3631.0   g-P48 
 61273.983  24.072  23.969  23.877   4735.89     3631.0       g 
 61276.221  23.912  23.799  23.712   6366.38     3631.0   r-P48 
 61276.221  23.912  23.803   23.71   6629.82     3631.0  orange 
 61276.221  23.923  23.809  23.724   6198.96     3631.0       r 
 61276.221  23.929  23.821  23.721   7645.77     3631.0       i 
 61276.221   23.99  23.883  23.794   5182.42     3631.0    cyan 
 61276.221  24.036  23.933  23.827  10023.96     3631.0       z 
 61276.221  24.075  23.969  23.881   4746.48     3631.0   g-P48 
 61276.221  24.081  23.978  23.886   4735.89     3631.0       g 
 61278.459  23.921  23.808  23.721   6366.38     3631.0   r-P48 
 61278.459  23.921  23.813   23.72   6629.82     3631.0  orange 
 61278.459  23.932  23.819  23.733   6198.96     3631.0       r 
 61278.459  23.938   23.83   23.73   7645.77     3631.0       i 
 61278.459    24.0  23.893  23.804   5182.42     3631.0    cyan 
 61278.459  24.045  23.943  23.836  10023.96     3631.0       z 
 61278.459  24.085  23.978   23.89   4746.48     3631.0   g-P48 
 61278.459   24.09  23.987  23.895   4735.89     3631.0       g 
 61280.698   23.93  23.817   23.73   6366.38     3631.0   r-P48 
 61280.698  23.931  23.822  23.729   6629.82     3631.0  orange 
 61280.698  23.941  23.828  23.742   6198.96     3631.0       r 
 61280.698  23.948  23.839   23.74   7645.77     3631.0       i 
 61280.698  24.009  23.902  23.813   5182.42     3631.0    cyan 
 61280.698  24.055  23.952  23.845  10023.96     3631.0       z 
 61280.698  24.094  23.988  23.899   4746.48     3631.0   g-P48 
 61280.698    24.1  23.996  23.904   4735.89     3631.0       g 
 61282.936   23.94  23.826  23.739   6366.38     3631.0   r-P48 
 61282.936   23.94  23.831  23.738   6629.82     3631.0  orange 
 61282.936   23.95  23.837  23.751   6198.96     3631.0       r 
 61282.936  23.957  23.849  23.749   7645.77     3631.0       i 
 61282.936  24.018  23.911  23.822   5182.42     3631.0    cyan 
 61282.936  24.064  23.961  23.855  10023.96     3631.0       z 
 61282.936  24.103  23.997  23.908   4746.48     3631.0   g-P48 
 61282.936  24.109  24.006  23.914   4735.89     3631.0       g 
 61285.174  23.949  23.836  23.748   6366.38     3631.0   r-P48 
 61285.174  23.949   23.84  23.747   6629.82     3631.0  orange 
 61285.174   23.96  23.846   23.76   6198.96     3631.0       r 
 61285.174  23.966  23.858  23.758   7645.77     3631.0       i 
 61285.174  24.027   23.92  23.831   5182.42     3631.0    cyan 
 61285.174  24.073   23.97  23.864  10023.96     3631.0       z 
 61285.174  24.112  24.006  23.917   4746.48     3631.0   g-P48 
 61285.174  24.118  24.015  23.923   4735.89     3631.0       g 
 61287.413  23.958  23.845  23.757   6366.38     3631.0   r-P48 
 61287.413  23.958  23.849  23.756   6629.82     3631.0  orange 
 61287.413  23.969  23.855  23.769   6198.96     3631.0       r 
 61287.413  23.975  23.867  23.767   7645.77     3631.0       i 
 61287.413  24.036  23.929   23.84   5182.42     3631.0    cyan 
 61287.413  24.082  23.979  23.873  10023.96     3631.0       z 
 61287.413  24.121  24.015  23.926   4746.48     3631.0   g-P48 
 61287.413  24.127  24.024  23.932   4735.89     3631.0       g 
 61289.651  23.967  23.854  23.766   6366.38     3631.0   r-P48 
 61289.651  23.968  23.859  23.765   6629.82     3631.0  orange 
 61289.651  23.978  23.864  23.778   6198.96     3631.0       r 
 61289.651  23.984  23.876  23.776   7645.77     3631.0       i 
 61289.651  24.046  23.938  23.849   5182.42     3631.0    cyan 
 61289.651  24.092  23.988  23.882  10023.96     3631.0       z 
 61289.651  24.131  24.024  23.935   4746.48     3631.0   g-P48 
 61289.651  24.136  24.033  23.941   4735.89     3631.0       g 
  61291.89  23.976  23.863  23.775   6366.38     3631.0   r-P48 
  61291.89  23.977  23.868  23.774   6629.82     3631.0  orange 
  61291.89  23.987  23.873  23.787   6198.96     3631.0       r 
  61291.89  23.994  23.885  23.785   7645.77     3631.0       i 
  61291.89  24.055  23.947  23.858   5182.42     3631.0    cyan 
  61291.89  24.101  23.997  23.891  10023.96     3631.0       z 
  61291.89   24.14  24.034  23.944   4746.48     3631.0   g-P48 
  61291.89  24.146  24.042   23.95   4735.89     3631.0       g 
 61294.128  23.986  23.872  23.784   6366.38     3631.0   r-P48 
 61294.128  23.986  23.877  23.783   6629.82     3631.0  orange 
 61294.128  23.997  23.882  23.796   6198.96     3631.0       r 
 61294.128  24.003  23.894  23.794   7645.77     3631.0       i 
 61294.128  24.064  23.957  23.867   5182.42     3631.0    cyan 
 61294.128   24.11  24.007    23.9  10023.96     3631.0       z 
 61294.128  24.149  24.043  23.953   4746.48     3631.0   g-P48 
 61294.128  24.155  24.051  23.959   4735.89     3631.0       g 
 61296.366  23.995  23.881  23.793   6366.38     3631.0   r-P48 
 61296.366  23.995  23.886  23.792   6629.82     3631.0  orange 
 61296.366  24.006  23.891  23.805   6198.96     3631.0       r 
 61296.366  24.012  23.903  23.803   7645.77     3631.0       i 
 61296.366  24.073  23.966  23.876   5182.42     3631.0    cyan 
 61296.366  24.119  24.016  23.909  10023.96     3631.0       z 
 61296.366  24.158  24.052  23.962   4746.48     3631.0   g-P48 
 61296.366  24.164  24.061  23.968   4735.89     3631.0       g 
 61298.605  24.004   23.89  23.802   6366.38     3631.0   r-P48 
 61298.605  24.005  23.895  23.801   6629.82     3631.0  orange 
 61298.605  24.015    23.9  23.814   6198.96     3631.0       r 
 61298.605  24.021  23.912  23.812   7645.77     3631.0       i 
 61298.605  24.082  23.975  23.885   5182.42     3631.0    cyan 
 61298.605  24.128  24.025  23.918  10023.96     3631.0       z 
 61298.605  24.167  24.061  23.971   4746.48     3631.0   g-P48 
 61298.605  24.173   24.07  23.977   4735.89     3631.0       g 
 61300.843  24.013    23.9  23.811   6366.38     3631.0   r-P48 
 61300.843  24.014  23.904   23.81   6629.82     3631.0  orange 
 61300.843  24.024  23.909  23.823   6198.96     3631.0       r 
 61300.843   24.03  23.921  23.821   7645.77     3631.0       i 
 61300.843  24.091  23.984  23.894   5182.42     3631.0    cyan 
 61300.843  24.137  24.034  23.927  10023.96     3631.0       z 
 61300.843  24.176   24.07   23.98   4746.48     3631.0   g-P48 
 61300.843  24.182  24.079  23.986   4735.89     3631.0       g 
 61303.081  24.022  23.909  23.819   6366.38     3631.0   r-P48 
 61303.081  24.023  23.913  23.818   6629.82     3631.0  orange 
 61303.081  24.033  23.918  23.832   6198.96     3631.0       r 
 61303.081  24.039   23.93   23.83   7645.77     3631.0       i 
 61303.081    24.1  23.993  23.903   5182.42     3631.0    cyan 
 61303.081  24.146  24.043  23.935  10023.96     3631.0       z 
 61303.081  24.185  24.079  23.989   4746.48     3631.0   g-P48 
 61303.081  24.191  24.088  23.995   4735.89     3631.0       g 
  61305.32  24.031  23.917  23.828   6366.38     3631.0   r-P48 
  61305.32  24.032  23.922  23.827   6629.82     3631.0  orange 
  61305.32  24.042  23.927  23.841   6198.96     3631.0       r 
  61305.32  24.048  23.939  23.839   7645.77     3631.0       i 
  61305.32  24.109  24.002  23.912   5182.42     3631.0    cyan 
  61305.32  24.156  24.052  23.944  10023.96     3631.0       z 
  61305.32  24.194  24.088  23.998   4746.48     3631.0   g-P48 
  61305.32    24.2  24.097  24.004   4735.89     3631.0       g 
 61307.558   24.04  23.926  23.837   6366.38     3631.0   r-P48 
 61307.558  24.041  23.931  23.836   6629.82     3631.0  orange 
 61307.558  24.051  23.936   23.85   6198.96     3631.0       r 
 61307.558  24.057  23.948  23.848   7645.77     3631.0       i 
 61307.558  24.118   24.01  23.921   5182.42     3631.0    cyan 
 61307.558  24.165  24.061  23.953  10023.96     3631.0       z 
 61307.558  24.203  24.097  24.007   4746.48     3631.0   g-P48 
 61307.558  24.209  24.106  24.013   4735.89     3631.0       g 
 61309.796  24.049  23.935  23.846   6366.38     3631.0   r-P48 
 61309.796   24.05   23.94  23.845   6629.82     3631.0  orange 
 61309.796   24.06  23.945  23.858   6198.96     3631.0       r 
 61309.796  24.066  23.957  23.857   7645.77     3631.0       i 
 61309.796  24.127  24.019  23.929   5182.42     3631.0    cyan 
 61309.796  24.174   24.07  23.962  10023.96     3631.0       z 
 61309.796  24.212  24.106  24.016   4746.48     3631.0   g-P48 
 61309.796  24.218  24.115  24.021   4735.89     3631.0       g 
 61312.035  24.058  23.944  23.855   6366.38     3631.0   r-P48 
 61312.035  24.059  23.949  23.854   6629.82     3631.0  orange 
 61312.035  24.069  23.954  23.867   6198.96     3631.0       r 
 61312.035  24.075  23.966  23.866   7645.77     3631.0       i 
 61312.035  24.136  24.028  23.938   5182.42     3631.0    cyan 
 61312.035  24.183  24.079  23.971  10023.96     3631.0       z 
 61312.035  24.221  24.115  24.025   4746.48     3631.0   g-P48 
 61312.035  24.227  24.124   24.03   4735.89     3631.0       g 
 61314.273  24.067  23.953  23.864   6366.38     3631.0   r-P48 
 61314.273  24.068  23.958  23.863   6629.82     3631.0  orange 
 61314.273  24.078  23.963  23.876   6198.96     3631.0       r 
 61314.273  24.084  23.975  23.875   7645.77     3631.0       i 
 61314.273  24.145  24.037  23.947   5182.42     3631.0    cyan 
 61314.273  24.192  24.087  23.979  10023.96     3631.0       z 
 61314.273   24.23  24.124  24.034   4746.48     3631.0   g-P48 
 61314.273  24.236  24.133  24.039   4735.89     3631.0       g 
 61316.511  24.076  23.962  23.872   6366.38     3631.0   r-P48 
 61316.511  24.077  23.967  23.872   6629.82     3631.0  orange 
 61316.511  24.087  23.972  23.885   6198.96     3631.0       r 
 61316.511  24.093  23.984  23.884   7645.77     3631.0       i 
 61316.511  24.154  24.046  23.956   5182.42     3631.0    cyan 
 61316.511  24.201  24.096  23.988  10023.96     3631.0       z 
 61316.511  24.239  24.133  24.043   4746.48     3631.0   g-P48 
 61316.511  24.245  24.142  24.048   4735.89     3631.0       g 
  61318.75  24.085  23.971  23.881   6366.38     3631.0   r-P48 
  61318.75  24.086  23.976   23.88   6629.82     3631.0  orange 
  61318.75  24.096  23.981  23.894   6198.96     3631.0       r 
  61318.75  24.102  23.993  23.893   7645.77     3631.0       i 
  61318.75  24.163  24.055  23.965   5182.42     3631.0    cyan 
  61318.75   24.21  24.105  23.997  10023.96     3631.0       z 
  61318.75  24.248  24.142  24.051   4746.48     3631.0   g-P48 
  61318.75  24.254  24.151  24.057   4735.89     3631.0       g 
 61320.988  24.094   23.98   23.89   6366.38     3631.0   r-P48 
 61320.988  24.095  23.984  23.889   6629.82     3631.0  orange 
 61320.988  24.105   23.99  23.902   6198.96     3631.0       r 
 61320.988  24.111  24.002  23.902   7645.77     3631.0       i 
 61320.988  24.172  24.064  23.974   5182.42     3631.0    cyan 
 61320.988  24.218  24.114  24.006  10023.96     3631.0       z 
 61320.988  24.257  24.151   24.06   4746.48     3631.0   g-P48 
 61320.988  24.262  24.159  24.066   4735.89     3631.0       g 
 61323.226  24.102  23.989  23.899   6366.38     3631.0   r-P48 
 61323.226  24.104  23.993  23.898   6629.82     3631.0  orange 
 61323.226  24.114  23.999  23.911   6198.96     3631.0       r 
 61323.226   24.12  24.011   23.91   7645.77     3631.0       i 
 61323.226  24.181  24.073  23.982   5182.42     3631.0    cyan 
 61323.226  24.227  24.123  24.014  10023.96     3631.0       z 
 61323.226  24.266   24.16  24.069   4746.48     3631.0   g-P48 
 61323.226  24.271  24.168  24.074   4735.89     3631.0       g 
 61325.465  24.111  23.997  23.907   6366.38     3631.0   r-P48 
 61325.465  24.113  24.002  23.907   6629.82     3631.0  orange 
 61325.465  24.123  24.008   23.92   6198.96     3631.0       r 
 61325.465  24.129   24.02  23.919   7645.77     3631.0       i 
 61325.465   24.19  24.081  23.991   5182.42     3631.0    cyan 
 61325.465  24.236  24.132  24.023  10023.96     3631.0       z 
 61325.465  24.275  24.169  24.078   4746.48     3631.0   g-P48 
 61325.465   24.28  24.177  24.083   4735.89     3631.0       g 
 61327.703   24.12  24.006  23.916   6366.38     3631.0   r-P48 
 61327.703  24.122  24.011  23.915   6629.82     3631.0  orange 
 61327.703  24.132  24.016  23.928   6198.96     3631.0       r 
 61327.703  24.138  24.029  23.928   7645.77     3631.0       i 
 61327.703  24.199   24.09    24.0   5182.42     3631.0    cyan 
 61327.703  24.245   24.14  24.032  10023.96     3631.0       z 
 61327.703  24.283  24.178  24.086   4746.48     3631.0   g-P48 
 61327.703  24.289  24.186  24.092   4735.89     3631.0       g 
 61329.942  24.129  24.015  23.925   6366.38     3631.0   r-P48 
 61329.942  24.131   24.02  23.924   6629.82     3631.0  orange 
 61329.942   24.14  24.025  23.937   6198.96     3631.0       r 
 61329.942  24.147  24.037  23.937   7645.77     3631.0       i 
 61329.942  24.208  24.099  24.008   5182.42     3631.0    cyan 
 61329.942  24.254  24.149   24.04  10023.96     3631.0       z 
 61329.942  24.292  24.186  24.095   4746.48     3631.0   g-P48 
 61329.942  24.298  24.195    24.1   4735.89     3631.0       g 
  61332.18  24.138  24.024  23.933   6366.38     3631.0   r-P48 
  61332.18   24.14  24.028  23.933   6629.82     3631.0  orange 
  61332.18  24.149  24.034  23.946   6198.96     3631.0       r 
  61332.18  24.156  24.046  23.945   7645.77     3631.0       i 
  61332.18  24.216  24.108  24.017   5182.42     3631.0    cyan 
  61332.18  24.263  24.158  24.049  10023.96     3631.0       z 
  61332.18  24.301  24.195  24.104   4746.48     3631.0   g-P48 
  61332.18  24.307  24.203  24.109   4735.89     3631.0       g 
 61334.418  24.147  24.032  23.942   6366.38     3631.0   r-P48 
 61334.418  24.149  24.037  23.941   6629.82     3631.0  orange 
 61334.418  24.158  24.042  23.954   6198.96     3631.0       r 
 61334.418  24.165  24.055  23.954   7645.77     3631.0       i 
 61334.418  24.225  24.116  24.026   5182.42     3631.0    cyan 
 61334.418  24.272  24.167  24.057  10023.96     3631.0       z 
 61334.418   24.31  24.204  24.112   4746.48     3631.0   g-P48 
 61334.418  24.315  24.212  24.118   4735.89     3631.0       g 
 61336.657  24.155  24.041   23.95   6366.38     3631.0   r-P48 
 61336.657  24.157  24.046   23.95   6629.82     3631.0  orange 
 61336.657  24.167  24.051  23.963   6198.96     3631.0       r 
 61336.657  24.173  24.064  23.963   7645.77     3631.0       i 
 61336.657  24.234  24.125  24.035   5182.42     3631.0    cyan 
 61336.657  24.281  24.175  24.066  10023.96     3631.0       z 
 61336.657  24.319  24.213  24.121   4746.48     3631.0   g-P48 
 61336.657  24.324  24.221  24.127   4735.89     3631.0       g 
 61338.895  24.164   24.05  23.959   6366.38     3631.0   r-P48 
 61338.895  24.166  24.055  23.959   6629.82     3631.0  orange 
 61338.895  24.176   24.06  23.972   6198.96     3631.0       r 
 61338.895  24.182  24.073  23.971   7645.77     3631.0       i 
 61338.895  24.243  24.134  24.043   5182.42     3631.0    cyan 
 61338.895  24.289  24.184  24.075  10023.96     3631.0       z 
 61338.895  24.327  24.222   24.13   4746.48     3631.0   g-P48 
 61338.895  24.333  24.229  24.135   4735.89     3631.0       g 
 61341.133  24.173  24.058  23.968   6366.38     3631.0   r-P48 
 61341.133  24.175  24.063  23.967   6629.82     3631.0  orange 
 61341.133  24.184  24.068   23.98   6198.96     3631.0       r 
 61341.133  24.191  24.081   23.98   7645.77     3631.0       i 
 61341.133  24.252  24.143  24.052   5182.42     3631.0    cyan 
 61341.133  24.298  24.193  24.083  10023.96     3631.0       z 
 61341.133  24.336   24.23  24.138   4746.48     3631.0   g-P48 
 61341.133  24.342  24.238  24.144   4735.89     3631.0       g 
 61343.372  24.181  24.067  23.976   6366.38     3631.0   r-P48 
 61343.372  24.184  24.072  23.976   6629.82     3631.0  orange 
 61343.372  24.193  24.077  23.989   6198.96     3631.0       r 
 61343.372    24.2   24.09  23.988   7645.77     3631.0       i 
 61343.372   24.26  24.151   24.06   5182.42     3631.0    cyan 
 61343.372  24.307  24.202  24.092  10023.96     3631.0       z 
 61343.372  24.345  24.239  24.147   4746.48     3631.0   g-P48 
 61343.372   24.35  24.246  24.152   4735.89     3631.0       g 
  61345.61   24.19  24.076  23.985   6366.38     3631.0   r-P48 
  61345.61  24.193  24.081  23.985   6629.82     3631.0  orange 
  61345.61  24.202  24.086  23.997   6198.96     3631.0       r 
  61345.61  24.209  24.099  23.997   7645.77     3631.0       i 
  61345.61  24.269   24.16  24.069   5182.42     3631.0    cyan 
  61345.61  24.316   24.21    24.1  10023.96     3631.0       z 
  61345.61  24.353  24.248  24.156   4746.48     3631.0   g-P48 
  61345.61  24.359  24.255  24.161   4735.89     3631.0       g 
 61347.848  24.199  24.084  23.993   6366.38     3631.0   r-P48 
 61347.848  24.201  24.089  23.993   6629.82     3631.0  orange 
 61347.848  24.211  24.094  24.006   6198.96     3631.0       r 
 61347.848  24.217  24.108  24.006   7645.77     3631.0       i 
 61347.848  24.278  24.169  24.078   5182.42     3631.0    cyan 
 61347.848  24.324  24.219  24.109  10023.96     3631.0       z 
 61347.848  24.362  24.256  24.164   4746.48     3631.0   g-P48 
 61347.848  24.368  24.264   24.17   4735.89     3631.0       g 
 61350.087  24.207  24.093  24.002   6366.38     3631.0   r-P48 
 61350.087   24.21  24.098  24.002   6629.82     3631.0  orange 
 61350.087  24.219  24.103  24.014   6198.96     3631.0       r 
 61350.087  24.226  24.116  24.014   7645.77     3631.0       i 
 61350.087  24.286  24.177  24.086   5182.42     3631.0    cyan 
 61350.087  24.333  24.227  24.117  10023.96     3631.0       z 
 61350.087  24.371  24.265  24.173   4746.48     3631.0   g-P48 
 61350.087  24.376  24.272  24.178   4735.89     3631.0       g 
 61352.325  24.216  24.101   24.01   6366.38     3631.0   r-P48 
 61352.325  24.219  24.107   24.01   6629.82     3631.0  orange 
 61352.325  24.228  24.111  24.023   6198.96     3631.0       r 
 61352.325  24.235  24.125  24.023   7645.77     3631.0       i 
 61352.325  24.295  24.186  24.095   5182.42     3631.0    cyan 
 61352.325  24.342  24.236  24.126  10023.96     3631.0       z 
 61352.325  24.379  24.274  24.181   4746.48     3631.0   g-P48 
 61352.325  24.385  24.281  24.187   4735.89     3631.0       g 
 61354.563  24.225   24.11  24.019   6366.38     3631.0   r-P48 
 61354.563  24.228  24.115  24.019   6629.82     3631.0  orange 
 61354.563  24.237   24.12  24.031   6198.96     3631.0       r 
 61354.563  24.243  24.134  24.031   7645.77     3631.0       i 
 61354.563  24.304  24.194  24.103   5182.42     3631.0    cyan 
 61354.563   24.35  24.245  24.134  10023.96     3631.0       z 
 61354.563  24.388  24.282   24.19   4746.48     3631.0   g-P48 
 61354.563  24.393  24.289  24.195   4735.89     3631.0       g 
 61356.802  24.233  24.118  24.027   6366.38     3631.0   r-P48 
 61356.802  24.236  24.124  24.027   6629.82     3631.0  orange 
 61356.802  24.245  24.129   24.04   6198.96     3631.0       r 
 61356.802  24.252  24.142   24.04   7645.77     3631.0       i 
 61356.802  24.312  24.203  24.112   5182.42     3631.0    cyan 
 61356.802  24.359  24.253  24.143  10023.96     3631.0       z 
 61356.802  24.397  24.291  24.198   4746.48     3631.0   g-P48 
 61356.802  24.402  24.298  24.204   4735.89     3631.0       g 
  61359.04  24.242  24.127  24.036   6366.38     3631.0   r-P48 
  61359.04  24.245  24.133  24.036   6629.82     3631.0  orange 
  61359.04  24.254  24.137  24.048   6198.96     3631.0       r 
  61359.04  24.261  24.151  24.048   7645.77     3631.0       i 
  61359.04  24.321  24.212   24.12   5182.42     3631.0    cyan 
  61359.04  24.368  24.262  24.151  10023.96     3631.0       z 
  61359.04  24.405  24.299  24.207   4746.48     3631.0   g-P48 
  61359.04  24.411  24.306  24.212   4735.89     3631.0       g 
 61361.278   24.25  24.135  24.044   6366.38     3631.0   r-P48 
 61361.278  24.253  24.141  24.044   6629.82     3631.0  orange 
 61361.278  24.262  24.146  24.057   6198.96     3631.0       r 
 61361.278  24.269   24.16  24.057   7645.77     3631.0       i 
 61361.278  24.329   24.22  24.129   5182.42     3631.0    cyan 
 61361.278  24.376   24.27  24.159  10023.96     3631.0       z 
 61361.278  24.414  24.308  24.215   4746.48     3631.0   g-P48 
 61361.278  24.419  24.315  24.221   4735.89     3631.0       g 
 61363.517  24.259  24.144  24.052   6366.38     3631.0   r-P48 
 61363.517  24.262   24.15  24.053   6629.82     3631.0  orange 
 61363.517  24.271  24.154  24.065   6198.96     3631.0       r 
 61363.517  24.278  24.168  24.065   7645.77     3631.0       i 
 61363.517  24.338  24.229  24.137   5182.42     3631.0    cyan 
 61363.517  24.385  24.279  24.168  10023.96     3631.0       z 
 61363.517  24.422  24.316  24.224   4746.48     3631.0   g-P48 
 61363.517  24.428  24.323  24.229   4735.89     3631.0       g 
 61365.755  24.267  24.152  24.061   6366.38     3631.0   r-P48 
 61365.755  24.271  24.158  24.061   6629.82     3631.0  orange 
 61365.755   24.28  24.162  24.073   6198.96     3631.0       r 
 61365.755  24.286  24.177  24.074   7645.77     3631.0       i 
 61365.755  24.346  24.237  24.146   5182.42     3631.0    cyan 
 61365.755  24.393  24.287  24.176  10023.96     3631.0       z 
 61365.755  24.431  24.325  24.232   4746.48     3631.0   g-P48 
 61365.755  24.436  24.332  24.238   4735.89     3631.0       g 
 61367.993  24.276  24.161  24.069   6366.38     3631.0   r-P48 
 61367.993  24.279  24.167   24.07   6629.82     3631.0  orange 
 61367.993  24.288  24.171  24.082   6198.96     3631.0       r 
 61367.993  24.295  24.185  24.082   7645.77     3631.0       i 
 61367.993  24.355  24.246  24.154   5182.42     3631.0    cyan 
 61367.993  24.402  24.296  24.185  10023.96     3631.0       z 
 61367.993   24.44  24.333  24.241   4746.48     3631.0   g-P48 
 61367.993  24.445   24.34  24.246   4735.89     3631.0       g 
 61370.232  24.284  24.169  24.078   6366.38     3631.0   r-P48 
 61370.232  24.288  24.175  24.078   6629.82     3631.0  orange 
 61370.232  24.297  24.179   24.09   6198.96     3631.0       r 
 61370.232  24.303  24.193   24.09   7645.77     3631.0       i 
 61370.232  24.363  24.254  24.162   5182.42     3631.0    cyan 
 61370.232  24.411  24.304  24.193  10023.96     3631.0       z 
 61370.232  24.448  24.342  24.249   4746.48     3631.0   g-P48 
 61370.232  24.453  24.348  24.254   4735.89     3631.0       g 
  61372.47  24.293  24.178  24.086   6366.38     3631.0   r-P48 
  61372.47  24.296  24.183  24.086   6629.82     3631.0  orange 
  61372.47  24.305  24.188  24.099   6198.96     3631.0       r 
  61372.47  24.312  24.202  24.099   7645.77     3631.0       i 
  61372.47  24.372  24.263  24.171   5182.42     3631.0    cyan 
  61372.47  24.419  24.313  24.201  10023.96     3631.0       z 
  61372.47  24.457   24.35  24.257   4746.48     3631.0   g-P48 
  61372.47  24.462  24.357  24.263   4735.89     3631.0       g 
 61374.709  24.301  24.186  24.094   6366.38     3631.0   r-P48 
 61374.709  24.305  24.192  24.095   6629.82     3631.0  orange 
 61374.709  24.314  24.196  24.107   6198.96     3631.0       r 
 61374.709  24.321   24.21  24.107   7645.77     3631.0       i 
 61374.709   24.38  24.271  24.179   5182.42     3631.0    cyan 
 61374.709  24.428  24.321   24.21  10023.96     3631.0       z 
 61374.709  24.465  24.358  24.266   4746.48     3631.0   g-P48 
 61374.709   24.47  24.365  24.271   4735.89     3631.0       g 
 61376.947   24.31  24.195  24.103   6366.38     3631.0   r-P48 
 61376.947  24.313    24.2  24.103   6629.82     3631.0  orange 
 61376.947  24.322  24.205  24.115   6198.96     3631.0       r 
 61376.947  24.329  24.219  24.115   7645.77     3631.0       i 
 61376.947  24.389   24.28  24.188   5182.42     3631.0    cyan 
 61376.947  24.436  24.329  24.218  10023.96     3631.0       z 
 61376.947  24.473  24.367  24.274   4746.48     3631.0   g-P48 
 61376.947  24.479  24.374  24.279   4735.89     3631.0       g 
 61379.185  24.318  24.203  24.111   6366.38     3631.0   r-P48 
 61379.185  24.322  24.209  24.112   6629.82     3631.0  orange 
 61379.185  24.331  24.213  24.124   6198.96     3631.0       r 
 61379.185  24.337  24.227  24.124   7645.77     3631.0       i 
 61379.185  24.398  24.288  24.196   5182.42     3631.0    cyan 
 61379.185  24.445  24.338  24.226  10023.96     3631.0       z 
 61379.185  24.482  24.375  24.282   4746.48     3631.0   g-P48 
 61379.185  24.487  24.382  24.288   4735.89     3631.0       g 
 61381.424  24.327  24.211  24.119   6366.38     3631.0   r-P48 
 61381.424   24.33  24.217   24.12   6629.82     3631.0  orange 
 61381.424  24.339  24.221  24.132   6198.96     3631.0       r 
 61381.424  24.346  24.236  24.132   7645.77     3631.0       i 
 61381.424  24.406  24.297  24.204   5182.42     3631.0    cyan 
 61381.424  24.453  24.346  24.235  10023.96     3631.0       z 
 61381.424   24.49  24.383  24.291   4746.48     3631.0   g-P48 
 61381.424  24.495   24.39  24.296   4735.89     3631.0       g 
 61383.662  24.335   24.22  24.128   6366.38     3631.0   r-P48 
 61383.662  24.339  24.225  24.128   6629.82     3631.0  orange 
 61383.662  24.347   24.23   24.14   6198.96     3631.0       r 
 61383.662  24.354  24.244   24.14   7645.77     3631.0       i 
 61383.662  24.415  24.305  24.213   5182.42     3631.0    cyan 
 61383.662  24.461  24.354  24.243  10023.96     3631.0       z 
 61383.662  24.499  24.392  24.299   4746.48     3631.0   g-P48 
 61383.662  24.504  24.399  24.304   4735.89     3631.0       g 
   61385.9  24.343  24.228  24.136   6366.38     3631.0   r-P48 
   61385.9  24.347  24.234  24.137   6629.82     3631.0  orange 
   61385.9  24.356  24.238  24.149   6198.96     3631.0       r 
   61385.9  24.363  24.252  24.149   7645.77     3631.0       i 
   61385.9  24.423  24.313  24.221   5182.42     3631.0    cyan 
   61385.9   24.47  24.363  24.251  10023.96     3631.0       z 
   61385.9  24.507    24.4  24.307   4746.48     3631.0   g-P48 
   61385.9  24.512  24.407  24.313   4735.89     3631.0       g 
 61388.139  24.352  24.237  24.144   6366.38     3631.0   r-P48 
 61388.139  24.355  24.242  24.145   6629.82     3631.0  orange 
 61388.139  24.364  24.246  24.157   6198.96     3631.0       r 
 61388.139  24.371  24.261  24.157   7645.77     3631.0       i 
 61388.139  24.432  24.322  24.229   5182.42     3631.0    cyan 
 61388.139  24.478  24.371  24.259  10023.96     3631.0       z 
 61388.139  24.516  24.408  24.316   4746.48     3631.0   g-P48 
 61388.139  24.521  24.415  24.321   4735.89     3631.0       g 
 61390.377   24.36  24.245  24.152   6366.38     3631.0   r-P48 
 61390.377  24.364   24.25  24.153   6629.82     3631.0  orange 
 61390.377  24.373  24.254  24.165   6198.96     3631.0       r 
 61390.377   24.38  24.269  24.165   7645.77     3631.0       i 
 61390.377   24.44   24.33  24.238   5182.42     3631.0    cyan 
 61390.377  24.487  24.379  24.268  10023.96     3631.0       z 
 61390.377  24.524  24.417  24.324   4746.48     3631.0   g-P48 
 61390.377  24.529  24.423  24.329   4735.89     3631.0       g 
 61392.615  24.369  24.253  24.161   6366.38     3631.0   r-P48 
 61392.615  24.372  24.258  24.161   6629.82     3631.0  orange 
 61392.615  24.381  24.263  24.173   6198.96     3631.0       r 
 61392.615  24.388  24.278  24.173   7645.77     3631.0       i 
 61392.615  24.448  24.338  24.246   5182.42     3631.0    cyan 
 61392.615  24.495  24.388  24.276  10023.96     3631.0       z 
 61392.615  24.532  24.425  24.332   4746.48     3631.0   g-P48 
 61392.615  24.537  24.432  24.337   4735.89     3631.0       g 
 61394.854  24.377  24.261  24.169   6366.38     3631.0   r-P48 
 61394.854   24.38  24.267   24.17   6629.82     3631.0  orange 
 61394.854  24.389  24.271  24.182   6198.96     3631.0       r 
 61394.854  24.396  24.286  24.182   7645.77     3631.0       i 
 61394.854  24.457  24.347  24.254   5182.42     3631.0    cyan 
 61394.854  24.503  24.396  24.284  10023.96     3631.0       z 
 61394.854  24.541  24.433   24.34   4746.48     3631.0   g-P48 
 61394.854  24.546   24.44  24.346   4735.89     3631.0       g 
 61397.092  24.385   24.27  24.177   6366.38     3631.0   r-P48 
 61397.092  24.389  24.275  24.178   6629.82     3631.0  orange 
 61397.092  24.398  24.279   24.19   6198.96     3631.0       r 
 61397.092  24.405  24.294   24.19   7645.77     3631.0       i 
 61397.092  24.465  24.355  24.262   5182.42     3631.0    cyan 
 61397.092  24.512  24.404  24.292  10023.96     3631.0       z 
 61397.092  24.549  24.441  24.349   4746.48     3631.0   g-P48 
 61397.092  24.554  24.448  24.354   4735.89     3631.0       g 
  61399.33  24.394  24.278  24.185   6366.38     3631.0   r-P48 
  61399.33  24.397  24.283  24.186   6629.82     3631.0  orange 
  61399.33  24.406  24.288  24.198   6198.96     3631.0       r 
  61399.33  24.413  24.303  24.198   7645.77     3631.0       i 
  61399.33  24.474  24.363  24.271   5182.42     3631.0    cyan 
  61399.33   24.52  24.412  24.301  10023.96     3631.0       z 
  61399.33  24.557  24.449  24.357   4746.48     3631.0   g-P48 
  61399.33  24.562  24.456  24.362   4735.89     3631.0       g 
 61401.569  24.402  24.286  24.193   6366.38     3631.0   r-P48 
 61401.569  24.405  24.291  24.194   6629.82     3631.0  orange 
 61401.569  24.414  24.296  24.206   6198.96     3631.0       r 
 61401.569  24.421  24.311  24.206   7645.77     3631.0       i 
 61401.569  24.482  24.371  24.279   5182.42     3631.0    cyan 
 61401.569  24.528   24.42  24.309  10023.96     3631.0       z 
 61401.569  24.565  24.458  24.365   4746.48     3631.0   g-P48 
 61401.569  24.571  24.464   24.37   4735.89     3631.0       g 
 61403.807   24.41  24.294  24.202   6366.38     3631.0   r-P48 
 61403.807  24.413  24.299  24.202   6629.82     3631.0  orange 
 61403.807  24.423  24.304  24.214   6198.96     3631.0       r 
 61403.807   24.43  24.319  24.214   7645.77     3631.0       i 
 61403.807   24.49   24.38  24.287   5182.42     3631.0    cyan 
 61403.807  24.537  24.429  24.317  10023.96     3631.0       z 
 61403.807  24.574  24.466  24.373   4746.48     3631.0   g-P48 
 61403.807  24.579  24.473  24.378   4735.89     3631.0       g 
 61406.045  24.418  24.303   24.21   6366.38     3631.0   r-P48 
 61406.045  24.422  24.308  24.211   6629.82     3631.0  orange 
 61406.045  24.431  24.312  24.222   6198.96     3631.0       r 
 61406.045  24.438  24.328  24.222   7645.77     3631.0       i 
 61406.045  24.499  24.388  24.295   5182.42     3631.0    cyan 
 61406.045  24.545  24.437  24.325  10023.96     3631.0       z 
 61406.045  24.582  24.474  24.381   4746.48     3631.0   g-P48 
 61406.045  24.587  24.481  24.387   4735.89     3631.0       g 
 61408.284  24.427  24.311  24.218   6366.38     3631.0   r-P48 
 61408.284   24.43  24.316  24.219   6629.82     3631.0  orange 
 61408.284  24.439  24.321   24.23   6198.96     3631.0       r 
 61408.284  24.446  24.336  24.231   7645.77     3631.0       i 
 61408.284  24.507  24.396  24.303   5182.42     3631.0    cyan 
 61408.284  24.553  24.445  24.333  10023.96     3631.0       z 
 61408.284   24.59  24.482  24.389   4746.48     3631.0   g-P48 
 61408.284  24.595  24.489  24.395   4735.89     3631.0       g 
 61410.522  24.435  24.319  24.226   6366.38     3631.0   r-P48 
 61410.522  24.438  24.324  24.227   6629.82     3631.0  orange 
 61410.522  24.447  24.329  24.239   6198.96     3631.0       r 
 61410.522  24.454  24.344  24.239   7645.77     3631.0       i 
 61410.522  24.515  24.404  24.311   5182.42     3631.0    cyan 
 61410.522  24.561  24.453  24.341  10023.96     3631.0       z 
 61410.522  24.598   24.49  24.397   4746.48     3631.0   g-P48 
 61410.522  24.604  24.497  24.403   4735.89     3631.0       g 
 61412.761  24.443  24.327  24.234   6366.38     3631.0   r-P48 
 61412.761  24.446  24.332  24.235   6629.82     3631.0  orange 
 61412.761  24.455  24.337  24.247   6198.96     3631.0       r 
 61412.761  24.463  24.352  24.247   7645.77     3631.0       i 
 61412.761  24.524  24.412   24.32   5182.42     3631.0    cyan 
 61412.761   24.57  24.461  24.349  10023.96     3631.0       z 
 61412.761  24.607  24.498  24.406   4746.48     3631.0   g-P48 
 61412.761  24.612  24.505  24.411   4735.89     3631.0       g 
 61414.999  24.451  24.335  24.242   6366.38     3631.0   r-P48 
 61414.999  24.454   24.34  24.243   6629.82     3631.0  orange 
 61414.999  24.464  24.345  24.255   6198.96     3631.0       r 
 61414.999  24.471   24.36  24.255   7645.77     3631.0       i 
 61414.999  24.532  24.421  24.328   5182.42     3631.0    cyan 
 61414.999  24.578  24.469  24.357  10023.96     3631.0       z 
 61414.999  24.615  24.506  24.414   4746.48     3631.0   g-P48 
 61414.999   24.62  24.513  24.419   4735.89     3631.0       g 
 61417.237  24.459  24.343   24.25   6366.38     3631.0   r-P48 
 61417.237  24.463  24.348  24.251   6629.82     3631.0  orange 
 61417.237  24.472  24.353  24.263   6198.96     3631.0       r 
 61417.237  24.479  24.368  24.263   7645.77     3631.0       i 
 61417.237   24.54  24.429  24.336   5182.42     3631.0    cyan 
 61417.237  24.586  24.477  24.365  10023.96     3631.0       z 
 61417.237  24.623  24.514  24.422   4746.48     3631.0   g-P48 
 61417.237  24.628  24.521  24.427   4735.89     3631.0       g 
 61419.476  24.467  24.351  24.258   6366.38     3631.0   r-P48 
 61419.476  24.471  24.356  24.259   6629.82     3631.0  orange 
 61419.476   24.48  24.361  24.271   6198.96     3631.0       r 
 61419.476  24.487  24.377  24.271   7645.77     3631.0       i 
 61419.476  24.548  24.437  24.344   5182.42     3631.0    cyan 
 61419.476  24.594  24.485  24.373  10023.96     3631.0       z 
 61419.476  24.631  24.522   24.43   4746.48     3631.0   g-P48 
 61419.476  24.636  24.529  24.435   4735.89     3631.0       g 
 61421.714  24.475   24.36  24.266   6366.38     3631.0   r-P48 
 61421.714  24.479  24.364  24.267   6629.82     3631.0  orange 
 61421.714  24.488  24.369  24.279   6198.96     3631.0       r 
 61421.714  24.495  24.385  24.279   7645.77     3631.0       i 
 61421.714  24.557  24.445  24.352   5182.42     3631.0    cyan 
 61421.714  24.602  24.493  24.381  10023.96     3631.0       z 
 61421.714  24.639  24.531  24.438   4746.48     3631.0   g-P48 
 61421.714  24.644  24.537  24.443   4735.89     3631.0       g 
 61423.952  24.484  24.368  24.274   6366.38     3631.0   r-P48 
 61423.952  24.487  24.372  24.275   6629.82     3631.0  orange 
 61423.952  24.496  24.377  24.287   6198.96     3631.0       r 
 61423.952  24.504  24.393  24.287   7645.77     3631.0       i 
 61423.952  24.565  24.453   24.36   5182.42     3631.0    cyan 
 61423.952  24.611  24.501  24.389  10023.96     3631.0       z 
 61423.952  24.647  24.539  24.446   4746.48     3631.0   g-P48 
 61423.952  24.653  24.545  24.451   4735.89     3631.0       g 
 61426.191  24.492  24.376  24.282   6366.38     3631.0   r-P48 
 61426.191  24.495   24.38  24.284   6629.82     3631.0  orange 
 61426.191  24.504  24.385  24.295   6198.96     3631.0       r 
 61426.191  24.512  24.401  24.295   7645.77     3631.0       i 
 61426.191  24.573  24.461  24.368   5182.42     3631.0    cyan 
 61426.191  24.619  24.509  24.397  10023.96     3631.0       z 
 61426.191  24.656  24.547  24.454   4746.48     3631.0   g-P48 
 61426.191  24.661  24.553  24.459   4735.89     3631.0       g 
 61428.429    24.5  24.384   24.29   6366.38     3631.0   r-P48 
 61428.429  24.503  24.388  24.292   6629.82     3631.0  orange 
 61428.429  24.512  24.393  24.303   6198.96     3631.0       r 
 61428.429   24.52  24.409  24.303   7645.77     3631.0       i 
 61428.429  24.581  24.469  24.376   5182.42     3631.0    cyan 
 61428.429  24.627  24.517  24.405  10023.96     3631.0       z 
 61428.429  24.664  24.555  24.462   4746.48     3631.0   g-P48 
 61428.429  24.669  24.561  24.467   4735.89     3631.0       g 
 61430.667  24.508  24.392  24.298   6366.38     3631.0   r-P48 
 61430.667  24.511  24.396    24.3   6629.82     3631.0  orange 
 61430.667   24.52  24.401  24.311   6198.96     3631.0       r 
 61430.667  24.528  24.417  24.311   7645.77     3631.0       i 
 61430.667  24.589  24.477  24.384   5182.42     3631.0    cyan 
 61430.667  24.635  24.525  24.413  10023.96     3631.0       z 
 61430.667  24.672  24.563   24.47   4746.48     3631.0   g-P48 
 61430.667  24.677  24.569  24.475   4735.89     3631.0       g 
 61432.906  24.516    24.4  24.306   6366.38     3631.0   r-P48 
 61432.906  24.519  24.404  24.307   6629.82     3631.0  orange 
 61432.906  24.529  24.409  24.319   6198.96     3631.0       r 
 61432.906  24.536  24.425  24.319   7645.77     3631.0       i 
 61432.906  24.597  24.485  24.392   5182.42     3631.0    cyan 
 61432.906  24.643  24.533  24.421  10023.96     3631.0       z 
 61432.906   24.68  24.571  24.478   4746.48     3631.0   g-P48 
 61432.906  24.685  24.577  24.483   4735.89     3631.0       g 
 61435.144  24.524  24.408  24.314   6366.38     3631.0   r-P48 
 61435.144  24.527  24.412  24.315   6629.82     3631.0  orange 
 61435.144  24.537  24.417  24.327   6198.96     3631.0       r 
 61435.144  24.544  24.433  24.327   7645.77     3631.0       i 
 61435.144  24.606  24.493    24.4   5182.42     3631.0    cyan 
 61435.144  24.651  24.541  24.429  10023.96     3631.0       z 
 61435.144  24.688  24.578  24.486   4746.48     3631.0   g-P48 
 61435.144  24.693  24.585  24.491   4735.89     3631.0       g 
 61437.382  24.532  24.416  24.322   6366.38     3631.0   r-P48 
 61437.382  24.535   24.42  24.323   6629.82     3631.0  orange 
 61437.382  24.545  24.425  24.335   6198.96     3631.0       r 
 61437.382  24.552  24.441  24.335   7645.77     3631.0       i 
 61437.382  24.614  24.501  24.408   5182.42     3631.0    cyan 
 61437.382  24.659  24.549  24.437  10023.96     3631.0       z 
 61437.382  24.696  24.586  24.494   4746.48     3631.0   g-P48 
 61437.382  24.701  24.593  24.499   4735.89     3631.0       g 
 61439.621   24.54  24.424   24.33   6366.38     3631.0   r-P48 
 61439.621  24.544  24.428  24.331   6629.82     3631.0  orange 
 61439.621  24.553  24.433  24.343   6198.96     3631.0       r 
 61439.621   24.56  24.449  24.343   7645.77     3631.0       i 
 61439.621  24.622  24.509  24.416   5182.42     3631.0    cyan 
 61439.621  24.667  24.557  24.445  10023.96     3631.0       z 
 61439.621  24.704  24.594  24.502   4746.48     3631.0   g-P48 
 61439.621  24.709  24.601  24.506   4735.89     3631.0       g 
 61441.859  24.548  24.432  24.338   6366.38     3631.0   r-P48 
 61441.859  24.552  24.436  24.339   6629.82     3631.0  orange 
 61441.859  24.561  24.441  24.351   6198.96     3631.0       r 
 61441.859  24.568  24.457  24.351   7645.77     3631.0       i 
 61441.859   24.63  24.517  24.424   5182.42     3631.0    cyan 
 61441.859  24.675  24.565  24.453  10023.96     3631.0       z 
 61441.859  24.712  24.602  24.509   4746.48     3631.0   g-P48 
 61441.859  24.717  24.609  24.514   4735.89     3631.0       g 
 61444.097  24.556   24.44  24.346   6366.38     3631.0   r-P48 
 61444.097   24.56  24.444  24.347   6629.82     3631.0  orange 
 61444.097  24.569  24.449  24.358   6198.96     3631.0       r 
 61444.097  24.576  24.465  24.359   7645.77     3631.0       i 
 61444.097  24.638  24.525  24.432   5182.42     3631.0    cyan 
 61444.097  24.683  24.573   24.46  10023.96     3631.0       z 
 61444.097   24.72   24.61  24.517   4746.48     3631.0   g-P48 
 61444.097  24.725  24.617  24.522   4735.89     3631.0       g 
 61446.336  24.564  24.448  24.354   6366.38     3631.0   r-P48 
 61446.336  24.568  24.452  24.355   6629.82     3631.0  orange 
 61446.336  24.577  24.457  24.366   6198.96     3631.0       r 
 61446.336  24.584  24.473  24.366   7645.77     3631.0       i 
 61446.336  24.646  24.533   24.44   5182.42     3631.0    cyan 
 61446.336  24.691  24.581  24.468  10023.96     3631.0       z 
 61446.336  24.728  24.618  24.525   4746.48     3631.0   g-P48 
 61446.336  24.733  24.625   24.53   4735.89     3631.0       g 
 61448.574  24.572  24.455  24.362   6366.38     3631.0   r-P48 
 61448.574  24.576  24.459  24.363   6629.82     3631.0  orange 
 61448.574  24.585  24.465  24.374   6198.96     3631.0       r 
 61448.574  24.592  24.481  24.374   7645.77     3631.0       i 
 61448.574  24.654  24.541  24.448   5182.42     3631.0    cyan 
 61448.574  24.699  24.589  24.476  10023.96     3631.0       z 
 61448.574  24.736  24.626  24.533   4746.48     3631.0   g-P48 
 61448.574  24.741  24.633  24.538   4735.89     3631.0       g 
 61450.812   24.58  24.463  24.369   6366.38     3631.0   r-P48 
 61450.812  24.584  24.467  24.371   6629.82     3631.0  orange 
 61450.812  24.593  24.473  24.382   6198.96     3631.0       r 
 61450.812    24.6  24.489  24.382   7645.77     3631.0       i 
 61450.812  24.662  24.549  24.455   5182.42     3631.0    cyan 
 61450.812  24.707  24.597  24.484  10023.96     3631.0       z 
 61450.812  24.744  24.634  24.541   4746.48     3631.0   g-P48 
 61450.812  24.749  24.641  24.546   4735.89     3631.0       g 
 61453.051  24.588  24.471  24.377   6366.38     3631.0   r-P48 
 61453.051  24.592  24.475  24.378   6629.82     3631.0  orange 
 61453.051    24.6  24.481   24.39   6198.96     3631.0       r 
 61453.051  24.608  24.496   24.39   7645.77     3631.0       i 
 61453.051   24.67  24.557  24.463   5182.42     3631.0    cyan 
 61453.051  24.715  24.605  24.492  10023.96     3631.0       z 
 61453.051  24.752  24.642  24.549   4746.48     3631.0   g-P48 
 61453.051  24.757  24.648  24.554   4735.89     3631.0       g 
 61455.289  24.596  24.479  24.385   6366.38     3631.0   r-P48 
 61455.289    24.6  24.483  24.386   6629.82     3631.0  orange 
 61455.289  24.608  24.489  24.397   6198.96     3631.0       r 
 61455.289  24.616  24.504  24.398   7645.77     3631.0       i 
 61455.289  24.678  24.564  24.471   5182.42     3631.0    cyan 
 61455.289  24.723  24.613  24.499  10023.96     3631.0       z 
 61455.289   24.76  24.649  24.557   4746.48     3631.0   g-P48 
 61455.289  24.765  24.656  24.561   4735.89     3631.0       g 
 61457.528  24.603  24.487  24.393   6366.38     3631.0   r-P48 
 61457.528  24.608  24.491  24.394   6629.82     3631.0  orange 
 61457.528  24.616  24.496  24.405   6198.96     3631.0       r 
 61457.528  24.624  24.512  24.406   7645.77     3631.0       i 
 61457.528  24.686  24.572  24.479   5182.42     3631.0    cyan 
 61457.528  24.731   24.62  24.507  10023.96     3631.0       z 
 61457.528  24.767  24.657  24.564   4746.48     3631.0   g-P48 
 61457.528  24.773  24.664  24.569   4735.89     3631.0       g 
 61459.766  24.611  24.495  24.401   6366.38     3631.0   r-P48 
 61459.766  24.615  24.499  24.402   6629.82     3631.0  orange 
 61459.766  24.624  24.504  24.413   6198.96     3631.0       r 
 61459.766  24.632   24.52  24.413   7645.77     3631.0       i 
 61459.766  24.694   24.58  24.487   5182.42     3631.0    cyan 
 61459.766  24.739  24.628  24.515  10023.96     3631.0       z 
 61459.766  24.775  24.665  24.572   4746.48     3631.0   g-P48 
 61459.766  24.781  24.672  24.577   4735.89     3631.0       g 
 61462.004  24.619  24.503  24.408   6366.38     3631.0   r-P48 
 61462.004  24.623  24.506   24.41   6629.82     3631.0  orange 
 61462.004  24.632  24.512  24.421   6198.96     3631.0       r 
 61462.004   24.64  24.528  24.421   7645.77     3631.0       i 
 61462.004  24.702  24.588  24.495   5182.42     3631.0    cyan 
 61462.004  24.747  24.636  24.523  10023.96     3631.0       z 
 61462.004  24.783  24.673   24.58   4746.48     3631.0   g-P48 
 61462.004  24.788   24.68  24.585   4735.89     3631.0       g 
 61464.243  24.627  24.511  24.416   6366.38     3631.0   r-P48 
 61464.243  24.631  24.514  24.417   6629.82     3631.0  orange 
 61464.243   24.64   24.52  24.428   6198.96     3631.0       r 
 61464.243  24.648  24.536  24.429   7645.77     3631.0       i 
 61464.243   24.71  24.596  24.502   5182.42     3631.0    cyan 
 61464.243  24.755  24.644   24.53  10023.96     3631.0       z 
 61464.243  24.791   24.68  24.588   4746.48     3631.0   g-P48 
 61464.243  24.796  24.687  24.592   4735.89     3631.0       g 
 61466.481  24.635  24.518  24.424   6366.38     3631.0   r-P48 
 61466.481  24.639  24.522  24.425   6629.82     3631.0  orange 
 61466.481  24.648  24.528  24.436   6198.96     3631.0       r 
 61466.481  24.656  24.543  24.437   7645.77     3631.0       i 
 61466.481  24.718  24.604   24.51   5182.42     3631.0    cyan 
 61466.481  24.763  24.652  24.538  10023.96     3631.0       z 
 61466.481  24.799  24.688  24.595   4746.48     3631.0   g-P48 
 61466.481  24.804  24.695    24.6   4735.89     3631.0       g 
 61468.719  24.643  24.526  24.432   6366.38     3631.0   r-P48 
 61468.719  24.647   24.53  24.433   6629.82     3631.0  orange 
 61468.719  24.655  24.535  24.444   6198.96     3631.0       r 
 61468.719  24.664  24.551  24.444   7645.77     3631.0       i 
 61468.719  24.726  24.611  24.518   5182.42     3631.0    cyan 
 61468.719   24.77  24.659  24.546  10023.96     3631.0       z 
 61468.719  24.807  24.696  24.603   4746.48     3631.0   g-P48 
 61468.719  24.812  24.703  24.608   4735.89     3631.0       g 
 61470.958   24.65  24.534  24.439   6366.38     3631.0   r-P48 
 61470.958  24.655  24.537  24.441   6629.82     3631.0  orange 
 61470.958  24.663  24.543  24.452   6198.96     3631.0       r 
 61470.958  24.671  24.559  24.452   7645.77     3631.0       i 
 61470.958  24.734  24.619  24.526   5182.42     3631.0    cyan 
 61470.958  24.778  24.667  24.553  10023.96     3631.0       z 
 61470.958  24.814  24.704  24.611   4746.48     3631.0   g-P48 
 61470.958   24.82   24.71  24.615   4735.89     3631.0       g 
 61473.196  24.658  24.542  24.447   6366.38     3631.0   r-P48 
 61473.196  24.663  24.545  24.448   6629.82     3631.0  orange 
 61473.196  24.671  24.551  24.459   6198.96     3631.0       r 
 61473.196  24.679  24.566   24.46   7645.77     3631.0       i 
 61473.196  24.742  24.627  24.533   5182.42     3631.0    cyan 
 61473.196  24.786  24.675  24.561  10023.96     3631.0       z 
 61473.196  24.822  24.711  24.619   4746.48     3631.0   g-P48 
 61473.196  24.828  24.718  24.623   4735.89     3631.0       g 
 61475.434  24.666  24.549  24.455   6366.38     3631.0   r-P48 
 61475.434  24.671  24.553  24.456   6629.82     3631.0  orange 
 61475.434  24.679  24.558  24.467   6198.96     3631.0       r 
 61475.434  24.687  24.574  24.467   7645.77     3631.0       i 
 61475.434  24.749  24.635  24.541   5182.42     3631.0    cyan 
 61475.434  24.794  24.683  24.569  10023.96     3631.0       z 
 61475.434   24.83  24.719  24.626   4746.48     3631.0   g-P48 
 61475.434  24.835  24.726  24.631   4735.89     3631.0       g 
 61477.673  24.674  24.557  24.462   6366.38     3631.0   r-P48 
 61477.673  24.678   24.56  24.464   6629.82     3631.0  orange 
 61477.673  24.686  24.566  24.475   6198.96     3631.0       r 
 61477.673  24.695  24.582  24.475   7645.77     3631.0       i 
 61477.673  24.757  24.642  24.549   5182.42     3631.0    cyan 
 61477.673  24.802   24.69  24.577  10023.96     3631.0       z 
 61477.673  24.838  24.727  24.634   4746.48     3631.0   g-P48 
 61477.673  24.843  24.734  24.638   4735.89     3631.0       g 
 61479.911  24.682  24.565   24.47   6366.38     3631.0   r-P48 
 61479.911  24.686  24.568  24.471   6629.82     3631.0  orange 
 61479.911  24.694  24.574  24.482   6198.96     3631.0       r 
 61479.911  24.703  24.589  24.483   7645.77     3631.0       i 
 61479.911  24.765   24.65  24.556   5182.42     3631.0    cyan 
 61479.911  24.809  24.698  24.584  10023.96     3631.0       z 
 61479.911  24.846  24.734  24.642   4746.48     3631.0   g-P48 
 61479.911  24.851  24.741  24.646   4735.89     3631.0       g 
 61482.149  24.689  24.573  24.478   6366.38     3631.0   r-P48 
 61482.149  24.694  24.576  24.479   6629.82     3631.0  orange 
 61482.149  24.702  24.582   24.49   6198.96     3631.0       r 
 61482.149   24.71  24.597   24.49   7645.77     3631.0       i 
 61482.149  24.773  24.658  24.564   5182.42     3631.0    cyan 
 61482.149  24.817  24.706  24.592  10023.96     3631.0       z 
 61482.149  24.853  24.742  24.649   4746.48     3631.0   g-P48 
 61482.149  24.859  24.749  24.654   4735.89     3631.0       g 
 61484.388  24.697   24.58  24.485   6366.38     3631.0   r-P48 
 61484.388  24.702  24.583  24.487   6629.82     3631.0  orange 
 61484.388   24.71  24.589  24.497   6198.96     3631.0       r 
 61484.388  24.718  24.605  24.498   7645.77     3631.0       i 
 61484.388  24.781  24.665  24.572   5182.42     3631.0    cyan 
 61484.388  24.825  24.713  24.599  10023.96     3631.0       z 
 61484.388  24.861   24.75  24.657   4746.48     3631.0   g-P48 
 61484.388  24.866  24.757  24.661   4735.89     3631.0       g 
 61486.626  24.705  24.588  24.493   6366.38     3631.0   r-P48 
 61486.626   24.71  24.591  24.494   6629.82     3631.0  orange 
 61486.626  24.717  24.597  24.505   6198.96     3631.0       r 
 61486.626  24.726  24.612  24.506   7645.77     3631.0       i 
 61486.626  24.789  24.673  24.579   5182.42     3631.0    cyan 
 61486.626  24.833  24.721  24.607  10023.96     3631.0       z 
 61486.626  24.869  24.757  24.665   4746.48     3631.0   g-P48 
 61486.626  24.874  24.764  24.669   4735.89     3631.0       g 
 61488.864  24.712  24.596    24.5   6366.38     3631.0   r-P48 
 61488.864  24.717  24.599  24.502   6629.82     3631.0  orange 
 61488.864  24.725  24.604  24.513   6198.96     3631.0       r 
 61488.864  24.734   24.62  24.513   7645.77     3631.0       i 
 61488.864  24.796  24.681  24.587   5182.42     3631.0    cyan 
 61488.864   24.84  24.729  24.615  10023.96     3631.0       z 
 61488.864  24.876  24.765  24.672   4746.48     3631.0   g-P48 
 61488.864  24.882  24.772  24.676   4735.89     3631.0       g 
 61491.103   24.72  24.603  24.508   6366.38     3631.0   r-P48 
 61491.103  24.725  24.606  24.509   6629.82     3631.0  orange 
 61491.103  24.733  24.612   24.52   6198.96     3631.0       r 
 61491.103  24.741  24.628  24.521   7645.77     3631.0       i 
 61491.103  24.804  24.688  24.595   5182.42     3631.0    cyan 
 61491.103  24.848  24.736  24.622  10023.96     3631.0       z 
 61491.103  24.884  24.773   24.68   4746.48     3631.0   g-P48 
 61491.103   24.89  24.779  24.684   4735.89     3631.0       g 
 61493.341  24.728  24.611  24.516   6366.38     3631.0   r-P48 
 61493.341  24.733  24.614  24.517   6629.82     3631.0  orange 
 61493.341   24.74   24.62  24.528   6198.96     3631.0       r 
 61493.341  24.749  24.635  24.528   7645.77     3631.0       i 
 61493.341  24.812  24.696  24.602   5182.42     3631.0    cyan 
 61493.341  24.856  24.744   24.63  10023.96     3631.0       z 
 61493.341  24.892   24.78  24.687   4746.48     3631.0   g-P48 
 61493.341  24.897  24.787  24.692   4735.89     3631.0       g 
  61495.58  24.735  24.618  24.523   6366.38     3631.0   r-P48 
  61495.58   24.74  24.621  24.525   6629.82     3631.0  orange 
  61495.58  24.748  24.627  24.535   6198.96     3631.0       r 
  61495.58  24.757  24.643  24.536   7645.77     3631.0       i 
  61495.58   24.82  24.704   24.61   5182.42     3631.0    cyan 
  61495.58  24.864  24.752  24.638  10023.96     3631.0       z 
  61495.58  24.899  24.788  24.695   4746.48     3631.0   g-P48 
  61495.58  24.905  24.795  24.699   4735.89     3631.0       g 
 61497.818  24.743  24.626  24.531   6366.38     3631.0   r-P48 
 61497.818  24.748  24.629  24.532   6629.82     3631.0  orange 
 61497.818  24.756  24.635  24.543   6198.96     3631.0       r 
 61497.818  24.765   24.65  24.544   7645.77     3631.0       i 
 61497.818  24.827  24.711  24.618   5182.42     3631.0    cyan 
 61497.818  24.871  24.759  24.645  10023.96     3631.0       z 
 61497.818  24.907  24.795  24.702   4746.48     3631.0   g-P48 
 61497.818  24.913  24.802  24.707   4735.89     3631.0       g 
 61500.056  24.751  24.634  24.538   6366.38     3631.0   r-P48 
 61500.056  24.756  24.636   24.54   6629.82     3631.0  orange 
 61500.056  24.763  24.642   24.55   6198.96     3631.0       r 
 61500.056  24.772  24.658  24.551   7645.77     3631.0       i 
 61500.056  24.835  24.719  24.625   5182.42     3631.0    cyan 
 61500.056  24.879  24.767  24.653  10023.96     3631.0       z 
 61500.056  24.915  24.803   24.71   4746.48     3631.0   g-P48 
 61500.056   24.92   24.81  24.714   4735.89     3631.0       g 
 61502.295  24.758  24.641  24.546   6366.38     3631.0   r-P48 
 61502.295  24.763  24.644  24.547   6629.82     3631.0  orange 
 61502.295  24.771   24.65  24.558   6198.96     3631.0       r 
 61502.295   24.78  24.665  24.559   7645.77     3631.0       i 
 61502.295  24.843  24.726  24.633   5182.42     3631.0    cyan 
 61502.295  24.887  24.774   24.66  10023.96     3631.0       z 
 61502.295  24.922   24.81  24.717   4746.48     3631.0   g-P48 
 61502.295  24.928  24.817  24.722   4735.89     3631.0       g 
 61504.533  24.766  24.649  24.553   6366.38     3631.0   r-P48 
 61504.533  24.771  24.651  24.555   6629.82     3631.0  orange 
 61504.533  24.778  24.658  24.565   6198.96     3631.0       r 
 61504.533  24.788  24.673  24.566   7645.77     3631.0       i 
 61504.533   24.85  24.734   24.64   5182.42     3631.0    cyan 
 61504.533  24.894  24.782  24.668  10023.96     3631.0       z 
 61504.533   24.93  24.818  24.725   4746.48     3631.0   g-P48 
 61504.533  24.935  24.825  24.729   4735.89     3631.0       g 
 61506.771  24.773  24.656  24.561   6366.38     3631.0   r-P48 
 61506.771  24.779  24.659  24.562   6629.82     3631.0  orange 
 61506.771  24.786  24.665  24.573   6198.96     3631.0       r 
 61506.771  24.795   24.68  24.574   7645.77     3631.0       i 
 61506.771  24.858  24.741  24.648   5182.42     3631.0    cyan 
 61506.771  24.902  24.789  24.675  10023.96     3631.0       z 
 61506.771  24.938  24.825  24.732   4746.48     3631.0   g-P48 
 61506.771  24.943  24.832  24.737   4735.89     3631.0       g 
  61509.01  24.781  24.664  24.568   6366.38     3631.0   r-P48 
  61509.01  24.786  24.666   24.57   6629.82     3631.0  orange 
  61509.01  24.793  24.673   24.58   6198.96     3631.0       r 
  61509.01  24.803  24.688  24.581   7645.77     3631.0       i 
  61509.01  24.865  24.749  24.655   5182.42     3631.0    cyan 
  61509.01  24.909  24.797  24.683  10023.96     3631.0       z 
  61509.01  24.945  24.833   24.74   4746.48     3631.0   g-P48 
  61509.01  24.951   24.84  24.744   4735.89     3631.0       g 
 61511.248  24.789  24.671  24.575   6366.38     3631.0   r-P48 
 61511.248  24.794  24.674  24.577   6629.82     3631.0  orange 
 61511.248  24.801   24.68  24.588   6198.96     3631.0       r 
 61511.248  24.811  24.695  24.589   7645.77     3631.0       i 
 61511.248  24.873  24.757  24.663   5182.42     3631.0    cyan 
 61511.248  24.917  24.804  24.691  10023.96     3631.0       z 
 61511.248  24.953   24.84  24.747   4746.48     3631.0   g-P48 
 61511.248  24.958  24.847  24.752   4735.89     3631.0       g 
 61513.486  24.796  24.679  24.583   6366.38     3631.0   r-P48 
 61513.486  24.802  24.681  24.585   6629.82     3631.0  orange 
 61513.486  24.809  24.688  24.595   6198.96     3631.0       r 
 61513.486  24.818  24.703  24.596   7645.77     3631.0       i 
 61513.486  24.881  24.764   24.67   5182.42     3631.0    cyan 
 61513.486  24.925  24.812  24.698  10023.96     3631.0       z 
 61513.486   24.96  24.848  24.755   4746.48     3631.0   g-P48 
 61513.486  24.966  24.855  24.759   4735.89     3631.0       g 
 61515.725  24.804  24.686   24.59   6366.38     3631.0   r-P48 
 61515.725  24.809  24.689  24.592   6629.82     3631.0  orange 
 61515.725  24.816  24.695  24.603   6198.96     3631.0       r 
 61515.725  24.826   24.71  24.604   7645.77     3631.0       i 
 61515.725  24.888  24.772  24.678   5182.42     3631.0    cyan 
 61515.725  24.932  24.819  24.706  10023.96     3631.0       z 
 61515.725  24.968  24.855  24.762   4746.48     3631.0   g-P48 
 61515.725  24.973  24.862  24.766   4735.89     3631.0       g 
 61517.963  24.811  24.694  24.598   6366.38     3631.0   r-P48 
 61517.963  24.817  24.696    24.6   6629.82     3631.0  orange 
 61517.963  24.823  24.702   24.61   6198.96     3631.0       r 
 61517.963  24.834  24.718  24.611   7645.77     3631.0       i 
 61517.963  24.896  24.779  24.685   5182.42     3631.0    cyan 
 61517.963   24.94  24.827  24.713  10023.96     3631.0       z 
 61517.963  24.975  24.863  24.769   4746.48     3631.0   g-P48 
 61517.963  24.981  24.869  24.774   4735.89     3631.0       g 
 61520.201  24.819  24.701  24.605   6366.38     3631.0   r-P48 
 61520.201  24.824  24.704  24.607   6629.82     3631.0  orange 
 61520.201  24.831   24.71  24.617   6198.96     3631.0       r 
 61520.201  24.841  24.725  24.618   7645.77     3631.0       i 
 61520.201  24.903  24.786  24.693   5182.42     3631.0    cyan 
 61520.201  24.947  24.834   24.72  10023.96     3631.0       z 
 61520.201  24.983   24.87  24.777   4746.48     3631.0   g-P48 
 61520.201  24.988  24.877  24.781   4735.89     3631.0       g 
  61522.44  24.826  24.709  24.613   6366.38     3631.0   r-P48 
  61522.44  24.832  24.711  24.614   6629.82     3631.0  orange 
  61522.44  24.838  24.717  24.625   6198.96     3631.0       r 
  61522.44  24.849  24.733  24.626   7645.77     3631.0       i 
  61522.44  24.911  24.794    24.7   5182.42     3631.0    cyan 
  61522.44  24.955  24.842  24.728  10023.96     3631.0       z 
  61522.44   24.99  24.878  24.784   4746.48     3631.0   g-P48 
  61522.44  24.996  24.884  24.789   4735.89     3631.0       g 
 61524.678  24.834  24.716   24.62   6366.38     3631.0   r-P48 
 61524.678  24.839  24.719  24.622   6629.82     3631.0  orange 
 61524.678  24.846  24.725  24.632   6198.96     3631.0       r 
 61524.678  24.856   24.74  24.633   7645.77     3631.0       i 
 61524.678  24.918  24.801  24.708   5182.42     3631.0    cyan 
 61524.678  24.962  24.849  24.735  10023.96     3631.0       z 
 61524.678  24.998  24.885  24.792   4746.48     3631.0   g-P48 
 61524.678  25.003  24.892  24.796   4735.89     3631.0       g 
 61526.916  24.842  24.724  24.627   6366.38     3631.0   r-P48 
 61526.916  24.847  24.726  24.629   6629.82     3631.0  orange 
 61526.916  24.853  24.732   24.64   6198.96     3631.0       r 
 61526.916  24.864  24.747  24.641   7645.77     3631.0       i 
 61526.916  24.926  24.809  24.715   5182.42     3631.0    cyan 
 61526.916   24.97  24.857  24.743  10023.96     3631.0       z 
 61526.916  25.005  24.892  24.799   4746.48     3631.0   g-P48 
 61526.916  25.011  24.899  24.803   4735.89     3631.0       g 
 61529.155  24.849  24.731  24.635   6366.38     3631.0   r-P48 
 61529.155  24.854  24.734  24.637   6629.82     3631.0  orange 
 61529.155  24.861   24.74  24.647   6198.96     3631.0       r 
 61529.155  24.871  24.755  24.648   7645.77     3631.0       i 
 61529.155  24.933  24.816  24.722   5182.42     3631.0    cyan 
 61529.155  24.977  24.864   24.75  10023.96     3631.0       z 
 61529.155  25.013    24.9  24.806   4746.48     3631.0   g-P48 
 61529.155  25.018  24.907  24.811   4735.89     3631.0       g 
 61531.393  24.857  24.739  24.642   6366.38     3631.0   r-P48 
 61531.393  24.862  24.741  24.644   6629.82     3631.0  orange 
 61531.393  24.868  24.747  24.654   6198.96     3631.0       r 
 61531.393  24.879  24.762  24.655   7645.77     3631.0       i 
 61531.393  24.941  24.824   24.73   5182.42     3631.0    cyan 
 61531.393  24.985  24.871  24.758  10023.96     3631.0       z 
 61531.393   25.02  24.907  24.814   4746.48     3631.0   g-P48 
 61531.393  25.026  24.914  24.818   4735.89     3631.0       g 
 61533.631  24.864  24.746  24.649   6366.38     3631.0   r-P48 
 61533.631  24.869  24.749  24.651   6629.82     3631.0  orange 
 61533.631  24.876  24.754  24.662   6198.96     3631.0       r 
 61533.631  24.886  24.769  24.663   7645.77     3631.0       i 
 61533.631  24.948  24.831  24.737   5182.42     3631.0    cyan 
 61533.631  24.992  24.879  24.765  10023.96     3631.0       z 
 61533.631  25.028  24.914  24.821   4746.48     3631.0   g-P48 
 61533.631  25.033  24.921  24.825   4735.89     3631.0       g 
  61535.87  24.872  24.753  24.657   6366.38     3631.0   r-P48 
  61535.87  24.877  24.756  24.659   6629.82     3631.0  orange 
  61535.87  24.883  24.762  24.669   6198.96     3631.0       r 
  61535.87  24.894  24.777   24.67   7645.77     3631.0       i 
  61535.87  24.956  24.838  24.744   5182.42     3631.0    cyan 
  61535.87    25.0  24.886  24.772  10023.96     3631.0       z 
  61535.87  25.035  24.922  24.828   4746.48     3631.0   g-P48 
  61535.87  25.041  24.929  24.833   4735.89     3631.0       g 
 61538.108  24.879  24.761  24.664   6366.38     3631.0   r-P48 
 61538.108  24.884  24.764  24.666   6629.82     3631.0  orange 
 61538.108   24.89  24.769  24.676   6198.96     3631.0       r 
 61538.108  24.901  24.784  24.677   7645.77     3631.0       i 
 61538.108  24.963  24.846  24.752   5182.42     3631.0    cyan 
 61538.108  25.007  24.894   24.78  10023.96     3631.0       z 
 61538.108  25.043  24.929  24.836   4746.48     3631.0   g-P48 
 61538.108  25.048  24.936   24.84   4735.89     3631.0       g 
 61540.347  24.887  24.768  24.671   6366.38     3631.0   r-P48 
 61540.347  24.892  24.771  24.673   6629.82     3631.0  orange 
 61540.347  24.898  24.777  24.684   6198.96     3631.0       r 
 61540.347  24.909  24.791  24.685   7645.77     3631.0       i 
 61540.347  24.971  24.853  24.759   5182.42     3631.0    cyan 
 61540.347  25.014  24.901  24.787  10023.96     3631.0       z 
 61540.347   25.05  24.936  24.843   4746.48     3631.0   g-P48 
 61540.347  25.055  24.943  24.847   4735.89     3631.0       g 
 61542.585  24.894  24.775  24.678   6366.38     3631.0   r-P48 
 61542.585  24.899  24.778  24.681   6629.82     3631.0  orange 
 61542.585  24.905  24.784  24.691   6198.96     3631.0       r 
 61542.585  24.916  24.799  24.692   7645.77     3631.0       i 
 61542.585  24.978   24.86  24.766   5182.42     3631.0    cyan 
 61542.585  25.022  24.908  24.794  10023.96     3631.0       z 
 61542.585  25.058  24.944   24.85   4746.48     3631.0   g-P48 
 61542.585  25.063   24.95  24.854   4735.89     3631.0       g 
 61544.823  24.901  24.783  24.686   6366.38     3631.0   r-P48 
 61544.823  24.907  24.786  24.688   6629.82     3631.0  orange 
 61544.823  24.912  24.791  24.698   6198.96     3631.0       r 
 61544.823  24.924  24.806  24.699   7645.77     3631.0       i 
 61544.823  24.985  24.868  24.774   5182.42     3631.0    cyan 
 61544.823  25.029  24.916  24.802  10023.96     3631.0       z 
 61544.823  25.065  24.951  24.857   4746.48     3631.0   g-P48 
 61544.823   25.07  24.958  24.862   4735.89     3631.0       g 
 61547.062  24.909   24.79  24.693   6366.38     3631.0   r-P48 
 61547.062  24.914  24.793  24.695   6629.82     3631.0  orange 
 61547.062   24.92  24.799  24.705   6198.96     3631.0       r 
 61547.062  24.931  24.813  24.706   7645.77     3631.0       i 
 61547.062  24.993  24.875  24.781   5182.42     3631.0    cyan 
 61547.062  25.037  24.923  24.809  10023.96     3631.0       z 
 61547.062  25.072  24.958  24.865   4746.48     3631.0   g-P48 
 61547.062  25.077  24.965  24.869   4735.89     3631.0       g 
   61549.3  24.916  24.797    24.7   6366.38     3631.0   r-P48 
   61549.3  24.921    24.8  24.702   6629.82     3631.0  orange 
   61549.3  24.927  24.806  24.713   6198.96     3631.0       r 
   61549.3  24.939  24.821  24.714   7645.77     3631.0       i 
   61549.3    25.0  24.882  24.788   5182.42     3631.0    cyan 
   61549.3  25.044   24.93  24.816  10023.96     3631.0       z 
   61549.3   25.08  24.966  24.872   4746.48     3631.0   g-P48 
   61549.3  25.085  24.972  24.876   4735.89     3631.0       g 
 61551.538  24.924  24.805  24.708   6366.38     3631.0   r-P48 
 61551.538  24.929  24.808   24.71   6629.82     3631.0  orange 
 61551.538  24.934  24.813   24.72   6198.96     3631.0       r 
 61551.538  24.946  24.828  24.721   7645.77     3631.0       i 
 61551.538  25.008   24.89  24.796   5182.42     3631.0    cyan 
 61551.538  25.051  24.937  24.824  10023.96     3631.0       z 
 61551.538  25.087  24.973  24.879   4746.48     3631.0   g-P48 
 61551.538  25.092   24.98  24.883   4735.89     3631.0       g 
 61553.777  24.931  24.812  24.715   6366.38     3631.0   r-P48 
 61553.777  24.936  24.815  24.717   6629.82     3631.0  orange 
 61553.777  24.942  24.821  24.727   6198.96     3631.0       r 
 61553.777  24.953  24.835  24.728   7645.77     3631.0       i 
 61553.777  25.015  24.897  24.803   5182.42     3631.0    cyan 
 61553.777  25.059  24.945  24.831  10023.96     3631.0       z 
 61553.777  25.095   24.98  24.886   4746.48     3631.0   g-P48 
 61553.777  25.099  24.987  24.891   4735.89     3631.0       g 
 61556.015  24.938  24.819  24.722   6366.38     3631.0   r-P48 
 61556.015  24.943  24.822  24.724   6629.82     3631.0  orange 
 61556.015  24.949  24.828  24.734   6198.96     3631.0       r 
 61556.015  24.961  24.842  24.735   7645.77     3631.0       i 
 61556.015  25.022  24.904   24.81   5182.42     3631.0    cyan 
 61556.015  25.066  24.952  24.838  10023.96     3631.0       z 
 61556.015  25.102  24.987  24.894   4746.48     3631.0   g-P48 
 61556.015  25.107  24.994  24.898   4735.89     3631.0       g 
 61558.253  24.946  24.827  24.729   6366.38     3631.0   r-P48 
 61558.253  24.951   24.83  24.731   6629.82     3631.0  orange 
 61558.253  24.956  24.835  24.742   6198.96     3631.0       r 
 61558.253  24.968   24.85  24.743   7645.77     3631.0       i 
 61558.253   25.03  24.911  24.817   5182.42     3631.0    cyan 
 61558.253  25.073  24.959  24.845  10023.96     3631.0       z 
 61558.253  25.109  24.995  24.901   4746.48     3631.0   g-P48 
 61558.253  25.114  25.001  24.905   4735.89     3631.0       g 
 61560.492  24.953  24.834  24.736   6366.38     3631.0   r-P48 
 61560.492  24.958  24.837  24.739   6629.82     3631.0  orange 
 61560.492  24.963  24.842  24.749   6198.96     3631.0       r 
 61560.492  24.975  24.857   24.75   7645.77     3631.0       i 
 61560.492  25.037  24.919  24.824   5182.42     3631.0    cyan 
 61560.492  25.081  24.966  24.853  10023.96     3631.0       z 
 61560.492  25.117  25.002  24.908   4746.48     3631.0   g-P48 
 61560.492  25.121  25.008  24.912   4735.89     3631.0       g 
  61562.73   24.96  24.841  24.744   6366.38     3631.0   r-P48 
  61562.73  24.965  24.844  24.746   6629.82     3631.0  orange 
  61562.73  24.971   24.85  24.756   6198.96     3631.0       r 
  61562.73  24.983  24.864  24.757   7645.77     3631.0       i 
  61562.73  25.044  24.926  24.832   5182.42     3631.0    cyan 
  61562.73  25.088  24.974   24.86  10023.96     3631.0       z 
  61562.73  25.124  25.009  24.915   4746.48     3631.0   g-P48 
  61562.73  25.129  25.016  24.919   4735.89     3631.0       g 
 61564.968  24.968  24.848  24.751   6366.38     3631.0   r-P48 
 61564.968  24.973  24.852  24.753   6629.82     3631.0  orange 
 61564.968  24.978  24.857  24.763   6198.96     3631.0       r 
 61564.968   24.99  24.871  24.764   7645.77     3631.0       i 
 61564.968  25.051  24.933  24.839   5182.42     3631.0    cyan 
 61564.968  25.095  24.981  24.867  10023.96     3631.0       z 
 61564.968  25.131  25.016  24.922   4746.48     3631.0   g-P48 
 61564.968  25.136  25.023  24.927   4735.89     3631.0       g 
 61567.207  24.975  24.855  24.758   6366.38     3631.0   r-P48 
 61567.207   24.98  24.859   24.76   6629.82     3631.0  orange 
 61567.207  24.985  24.864   24.77   6198.96     3631.0       r 
 61567.207  24.997  24.878  24.771   7645.77     3631.0       i 
 61567.207  25.059   24.94  24.846   5182.42     3631.0    cyan 
 61567.207  25.102  24.988  24.874  10023.96     3631.0       z 
 61567.207  25.139  25.023  24.929   4746.48     3631.0   g-P48 
 61567.207  25.143   25.03  24.934   4735.89     3631.0       g 
 61569.445  24.982  24.863  24.765   6366.38     3631.0   r-P48 
 61569.445  24.987  24.866  24.767   6629.82     3631.0  orange 
 61569.445  24.992  24.871  24.778   6198.96     3631.0       r 
 61569.445  25.005  24.885  24.778   7645.77     3631.0       i 
 61569.445  25.066  24.948  24.853   5182.42     3631.0    cyan 
 61569.445   25.11  24.995  24.881  10023.96     3631.0       z 
 61569.445  25.146   25.03  24.936   4746.48     3631.0   g-P48 
 61569.445  25.151  25.037  24.941   4735.89     3631.0       g 
 61571.683   24.99   24.87  24.772   6366.38     3631.0   r-P48 
 61571.683  24.994  24.873  24.774   6629.82     3631.0  orange 
 61571.683  24.999  24.879  24.785   6198.96     3631.0       r 
 61571.683  25.012  24.893  24.786   7645.77     3631.0       i 
 61571.683  25.073  24.955   24.86   5182.42     3631.0    cyan 
 61571.683  25.117  25.002  24.889  10023.96     3631.0       z 
 61571.683  25.153  25.038  24.944   4746.48     3631.0   g-P48 
 61571.683  25.158  25.045  24.948   4735.89     3631.0       g 
 61573.922  24.997  24.877  24.779   6366.38     3631.0   r-P48 
 61573.922  25.002  24.881  24.782   6629.82     3631.0  orange 
 61573.922  25.006  24.886  24.792   6198.96     3631.0       r 
 61573.922  25.019    24.9  24.793   7645.77     3631.0       i 
 61573.922   25.08  24.962  24.867   5182.42     3631.0    cyan 
 61573.922  25.124   25.01  24.896  10023.96     3631.0       z 
 61573.922   25.16  25.045  24.951   4746.48     3631.0   g-P48 
 61573.922  25.165  25.052  24.955   4735.89     3631.0       g 
  61576.16  25.004  24.884  24.786   6366.38     3631.0   r-P48 
  61576.16  25.009  24.888  24.789   6629.82     3631.0  orange 
  61576.16  25.014  24.893  24.799   6198.96     3631.0       r 
  61576.16  25.026  24.907    24.8   7645.77     3631.0       i 
  61576.16  25.088  24.969  24.874   5182.42     3631.0    cyan 
  61576.16  25.131  25.017  24.903  10023.96     3631.0       z 
  61576.16  25.168  25.052  24.958   4746.48     3631.0   g-P48 
  61576.16  25.172  25.059  24.962   4735.89     3631.0       g 
 61578.399  25.011  24.891  24.794   6366.38     3631.0   r-P48 
 61578.399  25.016  24.895  24.796   6629.82     3631.0  orange 
 61578.399  25.021    24.9  24.806   6198.96     3631.0       r 
 61578.399  25.034  24.914  24.807   7645.77     3631.0       i 
 61578.399  25.095  24.976  24.882   5182.42     3631.0    cyan 
 61578.399  25.139  25.024   24.91  10023.96     3631.0       z 
 61578.399  25.175  25.059  24.965   4746.48     3631.0   g-P48 
 61578.399   25.18  25.066  24.969   4735.89     3631.0       g 
 61580.637  25.019  24.899  24.801   6366.38     3631.0   r-P48 
 61580.637  25.023  24.902  24.803   6629.82     3631.0  orange 
 61580.637  25.028  24.907  24.813   6198.96     3631.0       r 
 61580.637  25.041  24.921  24.814   7645.77     3631.0       i 
 61580.637  25.102  24.984  24.889   5182.42     3631.0    cyan 
 61580.637  25.146  25.031  24.917  10023.96     3631.0       z 
 61580.637  25.182  25.066  24.972   4746.48     3631.0   g-P48 
 61580.637  25.187  25.073  24.976   4735.89     3631.0       g 
 61582.875  25.026  24.906  24.808   6366.38     3631.0   r-P48 
 61582.875  25.031  24.909   24.81   6629.82     3631.0  orange 
 61582.875  25.035  24.914   24.82   6198.96     3631.0       r 
 61582.875  25.048  24.928  24.821   7645.77     3631.0       i 
 61582.875  25.109  24.991  24.896   5182.42     3631.0    cyan 
 61582.875  25.153  25.038  24.924  10023.96     3631.0       z 
 61582.875  25.189  25.073  24.979   4746.48     3631.0   g-P48 
 61582.875  25.194   25.08  24.983   4735.89     3631.0       g 
 61585.114  25.033  24.913  24.815   6366.38     3631.0   r-P48 
 61585.114  25.038  24.916  24.817   6629.82     3631.0  orange 
 61585.114  25.042  24.922  24.827   6198.96     3631.0       r 
 61585.114  25.055  24.935  24.828   7645.77     3631.0       i 
 61585.114  25.116  24.998  24.903   5182.42     3631.0    cyan 
 61585.114   25.16  25.045  24.931  10023.96     3631.0       z 
 61585.114  25.197   25.08  24.986   4746.48     3631.0   g-P48 
 61585.114  25.201  25.087   24.99   4735.89     3631.0       g 
 61587.352   25.04   24.92  24.822   6366.38     3631.0   r-P48 
 61587.352  25.045  24.923  24.824   6629.82     3631.0  orange 
 61587.352  25.049  24.929  24.834   6198.96     3631.0       r 
 61587.352  25.062  24.942  24.835   7645.77     3631.0       i 
 61587.352  25.123  25.005   24.91   5182.42     3631.0    cyan 
 61587.352  25.167  25.052  24.938  10023.96     3631.0       z 
 61587.352  25.204  25.088  24.993   4746.48     3631.0   g-P48 
 61587.352  25.208  25.094  24.997   4735.89     3631.0       g 
  61589.59  25.048  24.927  24.829   6366.38     3631.0   r-P48 
  61589.59  25.052   24.93  24.831   6629.82     3631.0  orange 
  61589.59  25.057  24.936  24.841   6198.96     3631.0       r 
  61589.59   25.07  24.949  24.842   7645.77     3631.0       i 
  61589.59  25.131  25.012  24.917   5182.42     3631.0    cyan 
  61589.59  25.174  25.059  24.945  10023.96     3631.0       z 
  61589.59  25.211  25.095    25.0   4746.48     3631.0   g-P48 
  61589.59  25.216  25.102  25.004   4735.89     3631.0       g 
 61591.829  25.055  24.934  24.836   6366.38     3631.0   r-P48 
 61591.829  25.059  24.937  24.838   6629.82     3631.0  orange 
 61591.829  25.064  24.943  24.848   6198.96     3631.0       r 
 61591.829  25.077  24.956  24.849   7645.77     3631.0       i 
 61591.829  25.138  25.019  24.924   5182.42     3631.0    cyan 
 61591.829  25.182  25.066  24.952  10023.96     3631.0       z 
 61591.829  25.218  25.102  25.007   4746.48     3631.0   g-P48 
 61591.829  25.223  25.109  25.011   4735.89     3631.0       g 
 61594.067  25.062  24.941  24.843   6366.38     3631.0   r-P48 
 61594.067  25.066  24.944  24.845   6629.82     3631.0  orange 
 61594.067  25.071   24.95  24.855   6198.96     3631.0       r 
 61594.067  25.084  24.963  24.856   7645.77     3631.0       i 
 61594.067  25.145  25.027  24.931   5182.42     3631.0    cyan 
 61594.067  25.189  25.073  24.959  10023.96     3631.0       z 
 61594.067  25.225  25.109  25.014   4746.48     3631.0   g-P48 
 61594.067   25.23  25.116  25.018   4735.89     3631.0       g 
 61596.305  25.069  24.948   24.85   6366.38     3631.0   r-P48 
 61596.305  25.073  24.951  24.852   6629.82     3631.0  orange 
 61596.305  25.078  24.957  24.862   6198.96     3631.0       r 
 61596.305  25.091   24.97  24.863   7645.77     3631.0       i 
 61596.305  25.152  25.034  24.938   5182.42     3631.0    cyan 
 61596.305  25.196  25.081  24.966  10023.96     3631.0       z 
 61596.305  25.232  25.116  25.021   4746.48     3631.0   g-P48 
 61596.305  25.237  25.123  25.025   4735.89     3631.0       g 
 61598.544  25.076  24.955  24.857   6366.38     3631.0   r-P48 
 61598.544   25.08  24.959  24.859   6629.82     3631.0  orange 
 61598.544  25.085  24.964  24.869   6198.96     3631.0       r 
 61598.544  25.098  24.977   24.87   7645.77     3631.0       i 
 61598.544  25.159  25.041  24.945   5182.42     3631.0    cyan 
 61598.544  25.203  25.088  24.973  10023.96     3631.0       z 
 61598.544  25.239  25.123  25.028   4746.48     3631.0   g-P48 
 61598.544  25.244   25.13  25.032   4735.89     3631.0       g 
 61600.782  25.083  24.963  24.864   6366.38     3631.0   r-P48 
 61600.782  25.087  24.966  24.866   6629.82     3631.0  orange 
 61600.782  25.092  24.971  24.876   6198.96     3631.0       r 
 61600.782  25.105  24.984  24.877   7645.77     3631.0       i 
 61600.782  25.166  25.048  24.952   5182.42     3631.0    cyan 
 61600.782   25.21  25.095   24.98  10023.96     3631.0       z 
 61600.782  25.247   25.13  25.035   4746.48     3631.0   g-P48 
 61600.782  25.251  25.137  25.039   4735.89     3631.0       g 
  61603.02   25.09   24.97  24.871   6366.38     3631.0   r-P48 
  61603.02  25.094  24.973  24.873   6629.82     3631.0  orange 
  61603.02  25.099  24.978  24.883   6198.96     3631.0       r 
  61603.02  25.112  24.991  24.884   7645.77     3631.0       i 
  61603.02  25.173  25.055  24.959   5182.42     3631.0    cyan 
  61603.02  25.217  25.102  24.987  10023.96     3631.0       z 
  61603.02  25.254  25.137  25.042   4746.48     3631.0   g-P48 
  61603.02  25.258  25.144  25.046   4735.89     3631.0       g 
 61605.259  25.097  24.977  24.878   6366.38     3631.0   r-P48 
 61605.259  25.101   24.98   24.88   6629.82     3631.0  orange 
 61605.259  25.106  24.985   24.89   6198.96     3631.0       r 
 61605.259   25.12  24.998  24.891   7645.77     3631.0       i 
 61605.259   25.18  25.062  24.966   5182.42     3631.0    cyan 
 61605.259  25.224  25.109  24.994  10023.96     3631.0       z 
 61605.259  25.261  25.144  25.049   4746.48     3631.0   g-P48 
 61605.259  25.265  25.151  25.053   4735.89     3631.0       g 
 61607.497  25.104  24.984  24.885   6366.38     3631.0   r-P48 
 61607.497  25.108  24.987  24.887   6629.82     3631.0  orange 
 61607.497  25.113  24.992  24.897   6198.96     3631.0       r 
 61607.497  25.127  25.005  24.898   7645.77     3631.0       i 
 61607.497  25.187  25.069  24.973   5182.42     3631.0    cyan 
 61607.497  25.231  25.116  25.001  10023.96     3631.0       z 
 61607.497  25.268  25.151  25.056   4746.48     3631.0   g-P48 
 61607.497  25.273  25.158   25.06   4735.89     3631.0       g 
 61609.735  25.111  24.991  24.892   6366.38     3631.0   r-P48 
 61609.735  25.115  24.994  24.894   6629.82     3631.0  orange 
 61609.735   25.12  24.999  24.904   6198.96     3631.0       r 
 61609.735  25.134  25.012  24.905   7645.77     3631.0       i 
 61609.735  25.194  25.076   24.98   5182.42     3631.0    cyan 
 61609.735  25.238  25.123  25.008  10023.96     3631.0       z 
 61609.735  25.275  25.158  25.063   4746.48     3631.0   g-P48 
 61609.735   25.28  25.165  25.067   4735.89     3631.0       g 
 61611.974  25.119  24.998  24.899   6366.38     3631.0   r-P48 
 61611.974  25.122    25.0  24.901   6629.82     3631.0  orange 
 61611.974  25.127  25.006  24.911   6198.96     3631.0       r 
 61611.974  25.141  25.019  24.912   7645.77     3631.0       i 
 61611.974  25.201  25.083  24.987   5182.42     3631.0    cyan 
 61611.974  25.245  25.129  25.015  10023.96     3631.0       z 
 61611.974  25.282  25.165   25.07   4746.48     3631.0   g-P48 
 61611.974  25.287  25.172  25.074   4735.89     3631.0       g 
 61614.212  25.126  25.005  24.906   6366.38     3631.0   r-P48 
 61614.212  25.129  25.007  24.908   6629.82     3631.0  orange 
 61614.212  25.134  25.013  24.918   6198.96     3631.0       r 
 61614.212  25.148  25.026  24.919   7645.77     3631.0       i 
 61614.212  25.208   25.09  24.993   5182.42     3631.0    cyan 
 61614.212  25.252  25.136  25.022  10023.96     3631.0       z 
 61614.212  25.289  25.172  25.077   4746.48     3631.0   g-P48 
 61614.212  25.294  25.179  25.081   4735.89     3631.0       g 
  61616.45  25.133  25.012  24.913   6366.38     3631.0   r-P48 
  61616.45  25.136  25.014  24.915   6629.82     3631.0  orange 
  61616.45  25.141   25.02  24.925   6198.96     3631.0       r 
  61616.45  25.155  25.033  24.926   7645.77     3631.0       i 
  61616.45  25.215  25.097    25.0   5182.42     3631.0    cyan 
  61616.45  25.259  25.143  25.029  10023.96     3631.0       z 
  61616.45  25.296  25.179  25.083   4746.48     3631.0   g-P48 
  61616.45  25.301  25.186  25.088   4735.89     3631.0       g 
 61618.689   25.14  25.019   24.92   6366.38     3631.0   r-P48 
 61618.689  25.143  25.021  24.922   6629.82     3631.0  orange 
 61618.689  25.148  25.027  24.932   6198.96     3631.0       r 
 61618.689  25.162   25.04  24.933   7645.77     3631.0       i 
 61618.689  25.222  25.104  25.007   5182.42     3631.0    cyan 
 61618.689  25.266   25.15  25.036  10023.96     3631.0       z 
 61618.689  25.303  25.186   25.09   4746.48     3631.0   g-P48 
 61618.689  25.308  25.193  25.095   4735.89     3631.0       g 
 61620.927  25.147  25.026  24.927   6366.38     3631.0   r-P48 
 61620.927   25.15  25.028  24.929   6629.82     3631.0  orange 
 61620.927  25.155  25.034  24.938   6198.96     3631.0       r 
 61620.927  25.169  25.047   24.94   7645.77     3631.0       i 
 61620.927  25.229  25.111  25.014   5182.42     3631.0    cyan 
 61620.927  25.273  25.157  25.043  10023.96     3631.0       z 
 61620.927   25.31  25.193  25.097   4746.48     3631.0   g-P48 
 61620.927  25.315    25.2  25.102   4735.89     3631.0       g 
 61623.166  25.153  25.033  24.934   6366.38     3631.0   r-P48 
 61623.166  25.157  25.035  24.936   6629.82     3631.0  orange 
 61623.166  25.162  25.041  24.945   6198.96     3631.0       r 
 61623.166  25.176  25.054  24.947   7645.77     3631.0       i 
 61623.166  25.236  25.118  25.021   5182.42     3631.0    cyan 
 61623.166   25.28  25.164   25.05  10023.96     3631.0       z 
 61623.166  25.317    25.2  25.104   4746.48     3631.0   g-P48 
 61623.166  25.322  25.207  25.108   4735.89     3631.0       g 
 61625.404   25.16   25.04   24.94   6366.38     3631.0   r-P48 
 61625.404  25.164  25.042  24.943   6629.82     3631.0  orange 
 61625.404  25.169  25.048  24.952   6198.96     3631.0       r 
 61625.404  25.183  25.061  24.953   7645.77     3631.0       i 
 61625.404  25.243  25.125  25.028   5182.42     3631.0    cyan 
 61625.404  25.287  25.171  25.057  10023.96     3631.0       z 
 61625.404  25.324  25.207  25.111   4746.48     3631.0   g-P48 
 61625.404  25.329  25.213  25.115   4735.89     3631.0       g 
 61627.642  25.167  25.047  24.947   6366.38     3631.0   r-P48 
 61627.642  25.171  25.049  24.949   6629.82     3631.0  orange 
 61627.642  25.176  25.055  24.959   6198.96     3631.0       r 
 61627.642   25.19  25.067   24.96   7645.77     3631.0       i 
 61627.642   25.25  25.132  25.035   5182.42     3631.0    cyan 
 61627.642  25.294  25.178  25.064  10023.96     3631.0       z 
 61627.642  25.331  25.214  25.118   4746.48     3631.0   g-P48 
 61627.642  25.336   25.22  25.122   4735.89     3631.0       g 
 61629.881  25.174  25.054  24.954   6366.38     3631.0   r-P48 
 61629.881  25.178  25.056  24.956   6629.82     3631.0  orange 
 61629.881  25.183  25.062  24.966   6198.96     3631.0       r 
 61629.881  25.197  25.074  24.967   7645.77     3631.0       i 
 61629.881  25.257  25.139  25.042   5182.42     3631.0    cyan 
 61629.881  25.301  25.185   25.07  10023.96     3631.0       z 
 61629.881  25.338  25.221  25.125   4746.48     3631.0   g-P48 
 61629.881  25.343  25.227  25.129   4735.89     3631.0       g 
 61632.119  25.181  25.061  24.961   6366.38     3631.0   r-P48 
 61632.119  25.185  25.063  24.963   6629.82     3631.0  orange 
 61632.119   25.19  25.069  24.973   6198.96     3631.0       r 
 61632.119  25.204  25.081  24.974   7645.77     3631.0       i 
 61632.119  25.264  25.146  25.048   5182.42     3631.0    cyan 
 61632.119  25.308  25.192  25.077  10023.96     3631.0       z 
 61632.119  25.345  25.227  25.131   4746.48     3631.0   g-P48 
 61632.119   25.35  25.234  25.136   4735.89     3631.0       g 
 61634.357  25.188  25.068  24.968   6366.38     3631.0   r-P48 
 61634.357  25.192  25.069   24.97   6629.82     3631.0  orange 
 61634.357  25.197  25.076   24.98   6198.96     3631.0       r 
 61634.357  25.211  25.088  24.981   7645.77     3631.0       i 
 61634.357  25.271  25.153  25.055   5182.42     3631.0    cyan 
 61634.357  25.315  25.199  25.084  10023.96     3631.0       z 
 61634.357  25.352  25.234  25.138   4746.48     3631.0   g-P48 
 61634.357  25.357  25.241  25.143   4735.89     3631.0       g 
 61636.596  25.195  25.075  24.975   6366.38     3631.0   r-P48 
 61636.596  25.199  25.076  24.977   6629.82     3631.0  orange 
 61636.596  25.204  25.082  24.986   6198.96     3631.0       r 
 61636.596  25.218  25.095  24.988   7645.77     3631.0       i 
 61636.596  25.278   25.16  25.062   5182.42     3631.0    cyan 
 61636.596  25.322  25.205  25.091  10023.96     3631.0       z 
 61636.596  25.359  25.241  25.145   4746.48     3631.0   g-P48 
 61636.596  25.364  25.248  25.149   4735.89     3631.0       g 
 61638.834  25.202  25.082  24.981   6366.38     3631.0   r-P48 
 61638.834  25.206  25.083  24.984   6629.82     3631.0  orange 
 61638.834  25.211  25.089  24.993   6198.96     3631.0       r 
 61638.834  25.225  25.102  24.994   7645.77     3631.0       i 
 61638.834  25.285  25.167  25.069   5182.42     3631.0    cyan 
 61638.834  25.329  25.212  25.098  10023.96     3631.0       z 
 61638.834  25.366  25.248  25.152   4746.48     3631.0   g-P48 
 61638.834  25.371  25.255  25.156   4735.89     3631.0       g 
 61641.072  25.209  25.089  24.988   6366.38     3631.0   r-P48 
 61641.072  25.212   25.09   24.99   6629.82     3631.0  orange 
 61641.072  25.217  25.096    25.0   6198.96     3631.0       r 
 61641.072  25.232  25.108  25.001   7645.77     3631.0       i 
 61641.072  25.292  25.173  25.076   5182.42     3631.0    cyan 
 61641.072  25.336  25.219  25.105  10023.96     3631.0       z 
 61641.072  25.373  25.255  25.159   4746.48     3631.0   g-P48 
 61641.072  25.377  25.262  25.163   4735.89     3631.0       g 
 61643.311  25.216  25.096  24.995   6366.38     3631.0   r-P48 
 61643.311  25.219  25.097  24.997   6629.82     3631.0  orange 
 61643.311  25.224  25.103  25.007   6198.96     3631.0       r 
 61643.311  25.238  25.115  25.008   7645.77     3631.0       i 
 61643.311  25.299   25.18  25.082   5182.42     3631.0    cyan 
 61643.311  25.342  25.226  25.111  10023.96     3631.0       z 
 61643.311   25.38  25.262  25.165   4746.48     3631.0   g-P48 
 61643.311  25.384  25.268   25.17   4735.89     3631.0       g 
 61645.549  25.222  25.102  25.002   6366.38     3631.0   r-P48 
 61645.549  25.226  25.104  25.004   6629.82     3631.0  orange 
 61645.549  25.231   25.11  25.014   6198.96     3631.0       r 
 61645.549  25.245  25.122  25.015   7645.77     3631.0       i 
 61645.549  25.305  25.187  25.089   5182.42     3631.0    cyan 
 61645.549  25.349  25.233  25.118  10023.96     3631.0       z 
 61645.549  25.386  25.269  25.172   4746.48     3631.0   g-P48 
 61645.549  25.391  25.275  25.176   4735.89     3631.0       g 
 61647.787  25.229  25.109  25.009   6366.38     3631.0   r-P48 
 61647.787  25.233   25.11  25.011   6629.82     3631.0  orange 
 61647.787  25.238  25.117   25.02   6198.96     3631.0       r 
 61647.787  25.252  25.129  25.022   7645.77     3631.0       i 
 61647.787  25.312  25.194  25.096   5182.42     3631.0    cyan 
 61647.787  25.356  25.239  25.125  10023.96     3631.0       z 
 61647.787  25.393  25.275  25.179   4746.48     3631.0   g-P48 
 61647.787  25.398  25.282  25.183   4735.89     3631.0       g 
 61650.026  25.236  25.116  25.015   6366.38     3631.0   r-P48 
 61650.026   25.24  25.117  25.017   6629.82     3631.0  orange 
 61650.026  25.245  25.124  25.027   6198.96     3631.0       r 
 61650.026  25.259  25.135  25.028   7645.77     3631.0       i 
 61650.026  25.319  25.201  25.103   5182.42     3631.0    cyan 
 61650.026  25.363  25.246  25.132  10023.96     3631.0       z 
 61650.026    25.4  25.282  25.185   4746.48     3631.0   g-P48 
 61650.026  25.405  25.289   25.19   4735.89     3631.0       g 
 61652.264  25.243  25.123  25.022   6366.38     3631.0   r-P48 
 61652.264  25.246  25.124  25.024   6629.82     3631.0  orange 
 61652.264  25.252   25.13  25.034   6198.96     3631.0       r 
 61652.264  25.266  25.142  25.035   7645.77     3631.0       i 
 61652.264  25.326  25.208  25.109   5182.42     3631.0    cyan 
 61652.264   25.37  25.253  25.138  10023.96     3631.0       z 
 61652.264  25.407  25.289  25.192   4746.48     3631.0   g-P48 
 61652.264  25.412  25.296  25.197   4735.89     3631.0       g 
 61654.502   25.25   25.13  25.029   6366.38     3631.0   r-P48 
 61654.502  25.253  25.131  25.031   6629.82     3631.0  orange 
 61654.502  25.258  25.137  25.041   6198.96     3631.0       r 
 61654.502  25.273  25.149  25.042   7645.77     3631.0       i 
 61654.502  25.333  25.215  25.116   5182.42     3631.0    cyan 
 61654.502  25.377   25.26  25.145  10023.96     3631.0       z 
 61654.502  25.414  25.296  25.199   4746.48     3631.0   g-P48 
 61654.502  25.419  25.302  25.203   4735.89     3631.0       g 
 61656.741  25.256  25.137  25.036   6366.38     3631.0   r-P48 
 61656.741   25.26  25.137  25.038   6629.82     3631.0  orange 
 61656.741  25.265  25.144  25.047   6198.96     3631.0       r 
 61656.741   25.28  25.156  25.048   7645.77     3631.0       i 
 61656.741  25.339  25.221  25.123   5182.42     3631.0    cyan 
 61656.741  25.383  25.266  25.152  10023.96     3631.0       z 
 61656.741  25.421  25.303  25.206   4746.48     3631.0   g-P48 
 61656.741  25.425  25.309   25.21   4735.89     3631.0       g 
 61658.979  25.263  25.143  25.042   6366.38     3631.0   r-P48 
 61658.979  25.267  25.144  25.044   6629.82     3631.0  orange 
 61658.979  25.272  25.151  25.054   6198.96     3631.0       r 
 61658.979  25.286  25.162  25.055   7645.77     3631.0       i 
 61658.979  25.346  25.228  25.129   5182.42     3631.0    cyan 
 61658.979   25.39  25.273  25.159  10023.96     3631.0       z 
 61658.979  25.427  25.309  25.212   4746.48     3631.0   g-P48 
 61658.979  25.432  25.316  25.217   4735.89     3631.0       g 
 61661.218   25.27   25.15  25.049   6366.38     3631.0   r-P48 
 61661.218  25.274  25.151  25.051   6629.82     3631.0  orange 
 61661.218  25.279  25.157  25.061   6198.96     3631.0       r 
 61661.218  25.293  25.169  25.062   7645.77     3631.0       i 
 61661.218  25.353  25.235  25.136   5182.42     3631.0    cyan 
 61661.218  25.397   25.28  25.165  10023.96     3631.0       z 
 61661.218  25.434  25.316  25.219   4746.48     3631.0   g-P48 
 61661.218  25.439  25.323  25.223   4735.89     3631.0       g 
 61663.456  25.277  25.157  25.056   6366.38     3631.0   r-P48 
 61663.456   25.28  25.158  25.058   6629.82     3631.0  orange 
 61663.456  25.286  25.164  25.067   6198.96     3631.0       r 
 61663.456    25.3  25.176  25.069   7645.77     3631.0       i 
 61663.456   25.36  25.242  25.143   5182.42     3631.0    cyan 
 61663.456  25.404  25.287  25.172  10023.96     3631.0       z 
 61663.456  25.441  25.323  25.226   4746.48     3631.0   g-P48 
 61663.456  25.446  25.329   25.23   4735.89     3631.0       g 
 61665.694  25.284  25.164  25.062   6366.38     3631.0   r-P48 
 61665.694  25.287  25.164  25.064   6629.82     3631.0  orange 
 61665.694  25.292  25.171  25.074   6198.96     3631.0       r 
 61665.694  25.307  25.182  25.075   7645.77     3631.0       i 
 61665.694  25.367  25.248  25.149   5182.42     3631.0    cyan 
 61665.694  25.411  25.293  25.179  10023.96     3631.0       z 
 61665.694  25.448   25.33  25.232   4746.48     3631.0   g-P48 
 61665.694  25.453  25.336  25.237   4735.89     3631.0       g 
 61667.933   25.29  25.171  25.069   6366.38     3631.0   r-P48 
 61667.933  25.294  25.171  25.071   6629.82     3631.0  orange 
 61667.933  25.299  25.178  25.081   6198.96     3631.0       r 
 61667.933  25.314  25.189  25.082   7645.77     3631.0       i 
 61667.933  25.373  25.255  25.156   5182.42     3631.0    cyan 
 61667.933  25.417    25.3  25.185  10023.96     3631.0       z 
 61667.933  25.455  25.336  25.239   4746.48     3631.0   g-P48 
 61667.933   25.46  25.343  25.243   4735.89     3631.0       g 
 61670.171  25.297  25.177  25.076   6366.38     3631.0   r-P48 
 61670.171    25.3  25.178  25.078   6629.82     3631.0  orange 
 61670.171  25.306  25.184  25.087   6198.96     3631.0       r 
 61670.171   25.32  25.196  25.089   7645.77     3631.0       i 
 61670.171   25.38  25.262  25.163   5182.42     3631.0    cyan 
 61670.171  25.424  25.307  25.192  10023.96     3631.0       z 
 61670.171  25.461  25.343  25.246   4746.48     3631.0   g-P48 
 61670.171  25.466   25.35   25.25   4735.89     3631.0       g 
 61672.409  25.304  25.184  25.082   6366.38     3631.0   r-P48 
 61672.409  25.307  25.184  25.084   6629.82     3631.0  orange 
 61672.409  25.313  25.191  25.094   6198.96     3631.0       r 
 61672.409  25.327  25.202  25.095   7645.77     3631.0       i 
 61672.409  25.387  25.269  25.169   5182.42     3631.0    cyan 
 61672.409  25.431  25.314  25.199  10023.96     3631.0       z 
 61672.409  25.468   25.35  25.252   4746.48     3631.0   g-P48 
 61672.409  25.473  25.356  25.256   4735.89     3631.0       g 
 61674.648   25.31  25.191  25.089   6366.38     3631.0   r-P48 
 61674.648  25.314  25.191  25.091   6629.82     3631.0  orange 
 61674.648   25.32  25.198  25.101   6198.96     3631.0       r 
 61674.648  25.334  25.209  25.102   7645.77     3631.0       i 
 61674.648  25.394  25.275  25.176   5182.42     3631.0    cyan 
 61674.648  25.438   25.32  25.205  10023.96     3631.0       z 
 61674.648  25.475  25.356  25.259   4746.48     3631.0   g-P48 
 61674.648   25.48  25.363  25.263   4735.89     3631.0       g 
 61676.886  25.317  25.197  25.096   6366.38     3631.0   r-P48 
 61676.886  25.321  25.198  25.098   6629.82     3631.0  orange 
 61676.886  25.326  25.204  25.107   6198.96     3631.0       r 
 61676.886  25.341  25.216  25.108   7645.77     3631.0       i 
 61676.886    25.4  25.282  25.183   5182.42     3631.0    cyan 
 61676.886  25.444  25.327  25.212  10023.96     3631.0       z 
 61676.886  25.482  25.363  25.265   4746.48     3631.0   g-P48 
 61676.886  25.487   25.37   25.27   4735.89     3631.0       g 
 61679.124  25.324  25.204  25.102   6366.38     3631.0   r-P48 
 61679.124  25.327  25.204  25.104   6629.82     3631.0  orange 
 61679.124  25.333  25.211  25.114   6198.96     3631.0       r 
 61679.124  25.347  25.222  25.115   7645.77     3631.0       i 
 61679.124  25.407  25.289  25.189   5182.42     3631.0    cyan 
 61679.124  25.451  25.334  25.219  10023.96     3631.0       z 
 61679.124  25.488   25.37  25.272   4746.48     3631.0   g-P48 
 61679.124  25.493  25.376  25.276   4735.89     3631.0       g 
 61681.363   25.33  25.211  25.109   6366.38     3631.0   r-P48 
 61681.363  25.334  25.211  25.111   6629.82     3631.0  orange 
 61681.363   25.34  25.218   25.12   6198.96     3631.0       r 
 61681.363  25.354  25.229  25.122   7645.77     3631.0       i 
 61681.363  25.414  25.295  25.196   5182.42     3631.0    cyan 
 61681.363  25.458   25.34  25.225  10023.96     3631.0       z 
 61681.363  25.495  25.376  25.279   4746.48     3631.0   g-P48 
 61681.363    25.5  25.383  25.283   4735.89     3631.0       g 
 61683.601  25.337  25.217  25.116   6366.38     3631.0   r-P48 
 61683.601  25.341  25.218  25.118   6629.82     3631.0  orange 
 61683.601  25.347  25.224  25.127   6198.96     3631.0       r 
 61683.601  25.361  25.235  25.128   7645.77     3631.0       i 
 61683.601   25.42  25.302  25.202   5182.42     3631.0    cyan 
 61683.601  25.464  25.347  25.232  10023.96     3631.0       z 
 61683.601  25.502  25.383  25.285   4746.48     3631.0   g-P48 
 61683.601  25.507   25.39  25.289   4735.89     3631.0       g 
 61685.839  25.344  25.224  25.122   6366.38     3631.0   r-P48 
 61685.839  25.347  25.224  25.124   6629.82     3631.0  orange 
 61685.839  25.353  25.231  25.134   6198.96     3631.0       r 
 61685.839  25.368  25.242  25.135   7645.77     3631.0       i 
 61685.839  25.427  25.309  25.209   5182.42     3631.0    cyan 
 61685.839  25.471  25.354  25.238  10023.96     3631.0       z 
 61685.839  25.508   25.39  25.292   4746.48     3631.0   g-P48 
 61685.839  25.513  25.396  25.296   4735.89     3631.0       g 
 61688.078   25.35  25.231  25.129   6366.38     3631.0   r-P48 
 61688.078  25.354  25.231  25.131   6629.82     3631.0  orange 
 61688.078   25.36  25.238   25.14   6198.96     3631.0       r 
 61688.078  25.374  25.249  25.141   7645.77     3631.0       i 
 61688.078  25.433  25.315  25.216   5182.42     3631.0    cyan 
 61688.078  25.478   25.36  25.245  10023.96     3631.0       z 
 61688.078  25.515  25.396  25.298   4746.48     3631.0   g-P48 
 61688.078   25.52  25.403  25.303   4735.89     3631.0       g 
 61690.316  25.357  25.237  25.135   6366.38     3631.0   r-P48 
 61690.316   25.36  25.237  25.137   6629.82     3631.0  orange 
 61690.316  25.367  25.244  25.147   6198.96     3631.0       r 
 61690.316  25.381  25.255  25.148   7645.77     3631.0       i 
 61690.316   25.44  25.322  25.222   5182.42     3631.0    cyan 
 61690.316  25.484  25.367  25.252  10023.96     3631.0       z 
 61690.316  25.522  25.403  25.305   4746.48     3631.0   g-P48 
 61690.316  25.527   25.41  25.309   4735.89     3631.0       g 
 61692.554  25.364  25.244  25.142   6366.38     3631.0   r-P48 
 61692.554  25.367  25.244  25.144   6629.82     3631.0  orange 
 61692.554  25.373  25.251  25.153   6198.96     3631.0       r 
 61692.554  25.388  25.262  25.155   7645.77     3631.0       i 
 61692.554  25.447  25.328  25.229   5182.42     3631.0    cyan 
 61692.554  25.491  25.374  25.258  10023.96     3631.0       z 
 61692.554  25.528  25.409  25.311   4746.48     3631.0   g-P48 
 61692.554  25.533  25.416  25.316   4735.89     3631.0       g 
 61694.793   25.37  25.251  25.148   6366.38     3631.0   r-P48 
 61694.793  25.374  25.251   25.15   6629.82     3631.0  orange 
 61694.793   25.38  25.257   25.16   6198.96     3631.0       r 
 61694.793  25.394  25.268  25.161   7645.77     3631.0       i 
 61694.793  25.453  25.335  25.235   5182.42     3631.0    cyan 
 61694.793  25.498   25.38  25.265  10023.96     3631.0       z 
 61694.793  25.535  25.416  25.318   4746.48     3631.0   g-P48 
 61694.793   25.54  25.423  25.322   4735.89     3631.0       g 
 61697.031  25.377  25.257  25.155   6366.38     3631.0   r-P48 
 61697.031   25.38  25.257  25.157   6629.82     3631.0  orange 
 61697.031  25.387  25.264  25.166   6198.96     3631.0       r 
 61697.031  25.401  25.275  25.168   7645.77     3631.0       i 
 61697.031   25.46  25.342  25.242   5182.42     3631.0    cyan 
 61697.031  25.504  25.387  25.271  10023.96     3631.0       z 
 61697.031  25.542  25.423  25.324   4746.48     3631.0   g-P48 
 61697.031  25.547  25.429  25.329   4735.89     3631.0       g 
 61699.269  25.384  25.264  25.162   6366.38     3631.0   r-P48 
 61699.269  25.387  25.264  25.163   6629.82     3631.0  orange 
 61699.269  25.393  25.271  25.173   6198.96     3631.0       r 
 61699.269  25.407  25.281  25.174   7645.77     3631.0       i 
 61699.269  25.466  25.348  25.248   5182.42     3631.0    cyan 
 61699.269  25.511  25.394  25.278  10023.96     3631.0       z 
 61699.269  25.548  25.429  25.331   4746.48     3631.0   g-P48 
 61699.269  25.553  25.436  25.335   4735.89     3631.0       g 
 61701.508   25.39   25.27  25.168   6366.38     3631.0   r-P48 
 61701.508  25.393   25.27   25.17   6629.82     3631.0  orange 
 61701.508    25.4  25.277  25.179   6198.96     3631.0       r 
 61701.508  25.414  25.288  25.181   7645.77     3631.0       i 
 61701.508  25.473  25.355  25.255   5182.42     3631.0    cyan 
 61701.508  25.518    25.4  25.284  10023.96     3631.0       z 
 61701.508  25.555  25.436  25.337   4746.48     3631.0   g-P48 
 61701.508   25.56  25.443  25.342   4735.89     3631.0       g 
 61703.746  25.397  25.277  25.175   6366.38     3631.0   r-P48 
 61703.746    25.4  25.277  25.176   6629.82     3631.0  orange 
 61703.746  25.407  25.284  25.186   6198.96     3631.0       r 
 61703.746  25.421  25.294  25.187   7645.77     3631.0       i 
 61703.746   25.48  25.361  25.261   5182.42     3631.0    cyan 
 61703.746  25.524  25.407  25.291  10023.96     3631.0       z 
 61703.746  25.561  25.442  25.344   4746.48     3631.0   g-P48 
 61703.746  25.567  25.449  25.348   4735.89     3631.0       g 
 61705.985  25.403  25.284  25.181   6366.38     3631.0   r-P48 
 61705.985  25.406  25.283  25.183   6629.82     3631.0  orange 
 61705.985  25.413   25.29  25.192   6198.96     3631.0       r 
 61705.985  25.427  25.301  25.194   7645.77     3631.0       i 
 61705.985  25.486  25.368  25.268   5182.42     3631.0    cyan 
 61705.985  25.531  25.413  25.297  10023.96     3631.0       z 
 61705.985  25.568  25.449   25.35   4746.48     3631.0   g-P48 
 61705.985  25.573  25.456  25.355   4735.89     3631.0       g 
 61708.223   25.41   25.29  25.188   6366.38     3631.0   r-P48 
 61708.223  25.413   25.29  25.189   6629.82     3631.0  orange 
 61708.223   25.42  25.297  25.199   6198.96     3631.0       r 
 61708.223  25.434  25.307    25.2   7645.77     3631.0       i 
 61708.223  25.493  25.375  25.274   5182.42     3631.0    cyan 
 61708.223  25.537   25.42  25.304  10023.96     3631.0       z 
 61708.223  25.575  25.455  25.357   4746.48     3631.0   g-P48 
 61708.223   25.58  25.462  25.361   4735.89     3631.0       g 
 61710.461  25.417  25.297  25.194   6366.38     3631.0   r-P48 
 61710.461   25.42  25.296  25.196   6629.82     3631.0  orange 
 61710.461  25.427  25.304  25.205   6198.96     3631.0       r 
 61710.461   25.44  25.314  25.207   7645.77     3631.0       i 
 61710.461  25.499  25.381  25.281   5182.42     3631.0    cyan 
 61710.461  25.544  25.427   25.31  10023.96     3631.0       z 
 61710.461  25.581  25.462  25.363   4746.48     3631.0   g-P48 
 61710.461  25.586  25.469  25.368   4735.89     3631.0       g 
   61712.7  25.423  25.303  25.201   6366.38     3631.0   r-P48 
   61712.7  25.426  25.303  25.202   6629.82     3631.0  orange 
   61712.7  25.433   25.31  25.212   6198.96     3631.0       r 
   61712.7  25.447   25.32  25.213   7645.77     3631.0       i 
   61712.7  25.506  25.388  25.287   5182.42     3631.0    cyan 
   61712.7   25.55  25.433  25.317  10023.96     3631.0       z 
   61712.7  25.588  25.468   25.37   4746.48     3631.0   g-P48 
   61712.7  25.593  25.475  25.374   4735.89     3631.0       g 
 61714.938   25.43   25.31  25.207   6366.38     3631.0   r-P48 
 61714.938  25.433  25.309  25.209   6629.82     3631.0  orange 
 61714.938   25.44  25.317  25.218   6198.96     3631.0       r 
 61714.938  25.454  25.327  25.219   7645.77     3631.0       i 
 61714.938  25.512  25.394  25.293   5182.42     3631.0    cyan 
 61714.938  25.557   25.44  25.323  10023.96     3631.0       z 
 61714.938  25.594  25.475  25.376   4746.48     3631.0   g-P48 
 61714.938    25.6  25.482   25.38   4735.89     3631.0       g 
 61717.176  25.436  25.316  25.213   6366.38     3631.0   r-P48 
 61717.176  25.439  25.316  25.215   6629.82     3631.0  orange 
 61717.176  25.446  25.323  25.225   6198.96     3631.0       r 
 61717.176   25.46  25.333  25.226   7645.77     3631.0       i 
 61717.176  25.519  25.401    25.3   5182.42     3631.0    cyan 
 61717.176  25.563  25.446   25.33  10023.96     3631.0       z 
 61717.176  25.601  25.481  25.383   4746.48     3631.0   g-P48 
 61717.176  25.606  25.488  25.387   4735.89     3631.0       g 
 61719.415  25.443  25.323   25.22   6366.38     3631.0   r-P48 
 61719.415  25.446  25.322  25.222   6629.82     3631.0  orange 
 61719.415  25.453   25.33  25.231   6198.96     3631.0       r 
 61719.415  25.467   25.34  25.232   7645.77     3631.0       i 
 61719.415  25.525  25.407  25.306   5182.42     3631.0    cyan 
 61719.415   25.57  25.453  25.336  10023.96     3631.0       z 
 61719.415  25.607  25.488  25.389   4746.48     3631.0   g-P48 
 61719.415  25.613  25.495  25.393   4735.89     3631.0       g 
 61721.653  25.449  25.329  25.226   6366.38     3631.0   r-P48 
 61721.653  25.452  25.329  25.228   6629.82     3631.0  orange 
 61721.653  25.459  25.336  25.238   6198.96     3631.0       r 
 61721.653  25.473  25.346  25.239   7645.77     3631.0       i 
 61721.653  25.532  25.414  25.313   5182.42     3631.0    cyan 
 61721.653  25.576  25.459  25.343  10023.96     3631.0       z 
 61721.653  25.614  25.494  25.395   4746.48     3631.0   g-P48 
 61721.653  25.619  25.501    25.4   4735.89     3631.0       g 
 61723.891  25.456  25.336  25.233   6366.38     3631.0   r-P48 
 61723.891  25.458  25.335  25.235   6629.82     3631.0  orange 
 61723.891  25.466  25.343  25.244   6198.96     3631.0       r 
 61723.891   25.48  25.352  25.245   7645.77     3631.0       i 
 61723.891  25.538   25.42  25.319   5182.42     3631.0    cyan 
 61723.891  25.583  25.466  25.349  10023.96     3631.0       z 
 61723.891   25.62  25.501  25.402   4746.48     3631.0   g-P48 
 61723.891  25.626  25.508  25.406   4735.89     3631.0       g 
  61726.13  25.462  25.342  25.239   6366.38     3631.0   r-P48 
  61726.13  25.465  25.341  25.241   6629.82     3631.0  orange 
  61726.13  25.472  25.349   25.25   6198.96     3631.0       r 
  61726.13  25.486  25.359  25.252   7645.77     3631.0       i 
  61726.13  25.545  25.427  25.326   5182.42     3631.0    cyan 
  61726.13  25.589  25.472  25.355  10023.96     3631.0       z 
  61726.13  25.627  25.507  25.408   4746.48     3631.0   g-P48 
  61726.13  25.632  25.514  25.412   4735.89     3631.0       g 
 61728.368  25.469  25.349  25.246   6366.38     3631.0   r-P48 
 61728.368  25.471  25.348  25.247   6629.82     3631.0  orange 
 61728.368  25.479  25.356  25.257   6198.96     3631.0       r 
 61728.368  25.493  25.365  25.258   7645.77     3631.0       i 
 61728.368  25.551  25.433  25.332   5182.42     3631.0    cyan 
 61728.368  25.596  25.479  25.362  10023.96     3631.0       z 
 61728.368  25.633  25.514  25.415   4746.48     3631.0   g-P48 
 61728.368  25.639  25.521  25.419   4735.89     3631.0       g 
 61730.606  25.475  25.355  25.252   6366.38     3631.0   r-P48 
 61730.606  25.478  25.354  25.254   6629.82     3631.0  orange 
 61730.606  25.486  25.362  25.263   6198.96     3631.0       r 
 61730.606  25.499  25.372  25.264   7645.77     3631.0       i 
 61730.606  25.558   25.44  25.338   5182.42     3631.0    cyan 
 61730.606  25.602  25.485  25.368  10023.96     3631.0       z 
 61730.606   25.64   25.52  25.421   4746.48     3631.0   g-P48 
 61730.606  25.645  25.527  25.425   4735.89     3631.0       g 
 61732.845  25.482  25.361  25.258   6366.38     3631.0   r-P48 
 61732.845  25.484  25.361   25.26   6629.82     3631.0  orange 
 61732.845  25.492  25.369   25.27   6198.96     3631.0       r 
 61732.845  25.506  25.378  25.271   7645.77     3631.0       i 
 61732.845  25.564  25.446  25.345   5182.42     3631.0    cyan 
 61732.845  25.609  25.492  25.375  10023.96     3631.0       z 
 61732.845  25.646  25.527  25.427   4746.48     3631.0   g-P48 
 61732.845  25.652  25.534  25.432   4735.89     3631.0       g 
 61735.083  25.488  25.368  25.265   6366.38     3631.0   r-P48 
 61735.083  25.491  25.367  25.267   6629.82     3631.0  orange 
 61735.083  25.498  25.375  25.276   6198.96     3631.0       r 
 61735.083  25.512  25.384  25.277   7645.77     3631.0       i 
 61735.083  25.571  25.452  25.351   5182.42     3631.0    cyan 
 61735.083  25.615  25.498  25.381  10023.96     3631.0       z 
 61735.083  25.653  25.533  25.434   4746.48     3631.0   g-P48 
 61735.083  25.658   25.54  25.438   4735.89     3631.0       g 
 61737.321  25.495  25.374  25.271   6366.38     3631.0   r-P48 
 61737.321  25.497  25.373  25.273   6629.82     3631.0  orange 
 61737.321  25.505  25.382  25.282   6198.96     3631.0       r 
 61737.321  25.518  25.391  25.284   7645.77     3631.0       i 
 61737.321  25.577  25.459  25.357   5182.42     3631.0    cyan 
 61737.321  25.622  25.505  25.387  10023.96     3631.0       z 
 61737.321  25.659   25.54   25.44   4746.48     3631.0   g-P48 
 61737.321  25.665  25.546  25.444   4735.89     3631.0       g 
  61739.56  25.501  25.381  25.278   6366.38     3631.0   r-P48 
  61739.56  25.504   25.38  25.279   6629.82     3631.0  orange 
  61739.56  25.511  25.388  25.289   6198.96     3631.0       r 
  61739.56  25.525  25.397   25.29   7645.77     3631.0       i 
  61739.56  25.583  25.465  25.364   5182.42     3631.0    cyan 
  61739.56  25.628  25.511  25.394  10023.96     3631.0       z 
  61739.56  25.666  25.546  25.446   4746.48     3631.0   g-P48 
  61739.56  25.671  25.553  25.451   4735.89     3631.0       g 
 61741.798  25.508  25.387  25.284   6366.38     3631.0   r-P48 
 61741.798   25.51  25.386  25.286   6629.82     3631.0  orange 
 61741.798  25.518  25.395  25.295   6198.96     3631.0       r 
 61741.798  25.531  25.403  25.296   7645.77     3631.0       i 
 61741.798   25.59  25.472   25.37   5182.42     3631.0    cyan 
 61741.798  25.635  25.517    25.4  10023.96     3631.0       z 
 61741.798  25.672  25.552  25.453   4746.48     3631.0   g-P48 
 61741.798  25.678  25.559  25.457   4735.89     3631.0       g 
 61744.036  25.514  25.393   25.29   6366.38     3631.0   r-P48 
 61744.036  25.516  25.393  25.292   6629.82     3631.0  orange 
 61744.036  25.524  25.401  25.301   6198.96     3631.0       r 
 61744.036  25.538   25.41  25.303   7645.77     3631.0       i 
 61744.036  25.596  25.478  25.376   5182.42     3631.0    cyan 
 61744.036  25.641  25.524  25.406  10023.96     3631.0       z 
 61744.036  25.679  25.559  25.459   4746.48     3631.0   g-P48 
 61744.036  25.684  25.566  25.463   4735.89     3631.0       g 
 61746.275   25.52    25.4  25.297   6366.38     3631.0   r-P48 
 61746.275  25.523  25.399  25.298   6629.82     3631.0  orange 
 61746.275  25.531  25.408  25.308   6198.96     3631.0       r 
 61746.275  25.544  25.416  25.309   7645.77     3631.0       i 
 61746.275  25.603  25.484  25.383   5182.42     3631.0    cyan 
 61746.275  25.647   25.53  25.413  10023.96     3631.0       z 
 61746.275  25.685  25.565  25.465   4746.48     3631.0   g-P48 
 61746.275   25.69  25.572   25.47   4735.89     3631.0       g 
 61748.513  25.527  25.406  25.303   6366.38     3631.0   r-P48 
 61748.513  25.529  25.405  25.305   6629.82     3631.0  orange 
 61748.513  25.537  25.414  25.314   6198.96     3631.0       r 
 61748.513  25.551  25.422  25.315   7645.77     3631.0       i 
 61748.513  25.609  25.491  25.389   5182.42     3631.0    cyan 
 61748.513  25.654  25.537  25.419  10023.96     3631.0       z 
 61748.513  25.691  25.571  25.472   4746.48     3631.0   g-P48 
 61748.513  25.697  25.578  25.476   4735.89     3631.0       g 
 61750.752  25.533  25.413  25.309   6366.38     3631.0   r-P48 
 61750.752  25.535  25.412  25.311   6629.82     3631.0  orange 
 61750.752  25.544  25.421   25.32   6198.96     3631.0       r 
 61750.752  25.557  25.429  25.322   7645.77     3631.0       i 
 61750.752  25.615  25.497  25.395   5182.42     3631.0    cyan 
 61750.752   25.66  25.543  25.425  10023.96     3631.0       z 
 61750.752  25.698  25.578  25.478   4746.48     3631.0   g-P48 
 61750.752  25.703  25.585  25.482   4735.89     3631.0       g 
  61752.99   25.54  25.419  25.316   6366.38     3631.0   r-P48 
  61752.99  25.542  25.418  25.317   6629.82     3631.0  orange 
  61752.99   25.55  25.427  25.327   6198.96     3631.0       r 
  61752.99  25.563  25.435  25.328   7645.77     3631.0       i 
  61752.99  25.622  25.503  25.402   5182.42     3631.0    cyan 
  61752.99  25.667  25.549  25.432  10023.96     3631.0       z 
  61752.99  25.704  25.584  25.484   4746.48     3631.0   g-P48 
  61752.99   25.71  25.591  25.488   4735.89     3631.0       g 
 61755.228  25.546  25.425  25.322   6366.38     3631.0   r-P48 
 61755.228  25.548  25.424  25.324   6629.82     3631.0  orange 
 61755.228  25.556  25.433  25.333   6198.96     3631.0       r 
 61755.228   25.57  25.441  25.334   7645.77     3631.0       i 
 61755.228  25.628   25.51  25.408   5182.42     3631.0    cyan 
 61755.228  25.673  25.556  25.438  10023.96     3631.0       z 
 61755.228  25.711   25.59   25.49   4746.48     3631.0   g-P48 
 61755.228  25.716  25.597  25.495   4735.89     3631.0       g 
 61757.467  25.552  25.432  25.328   6366.38     3631.0   r-P48 
 61757.467  25.555  25.431   25.33   6629.82     3631.0  orange 
 61757.467  25.563   25.44  25.339   6198.96     3631.0       r 
 61757.467  25.576  25.448   25.34   7645.77     3631.0       i 
 61757.467  25.634  25.516  25.414   5182.42     3631.0    cyan 
 61757.467  25.679  25.562  25.444  10023.96     3631.0       z 
 61757.467  25.717  25.597  25.497   4746.48     3631.0   g-P48 
 61757.467  25.722  25.604  25.501   4735.89     3631.0       g 
 61759.705  25.559  25.438  25.334   6366.38     3631.0   r-P48 
 61759.705  25.561  25.437  25.336   6629.82     3631.0  orange 
 61759.705  25.569  25.446  25.345   6198.96     3631.0       r 
 61759.705  25.583  25.454  25.347   7645.77     3631.0       i 
 61759.705  25.641  25.522   25.42   5182.42     3631.0    cyan 
 61759.705  25.686  25.568  25.451  10023.96     3631.0       z 
 61759.705  25.723  25.603  25.503   4746.48     3631.0   g-P48 
 61759.705  25.729   25.61  25.507   4735.89     3631.0       g 
 61761.943  25.565  25.444  25.341   6366.38     3631.0   r-P48 
 61761.943  25.567  25.443  25.342   6629.82     3631.0  orange 
 61761.943  25.575  25.452  25.352   6198.96     3631.0       r 
 61761.943  25.589   25.46  25.353   7645.77     3631.0       i 
 61761.943  25.647  25.529  25.427   5182.42     3631.0    cyan 
 61761.943  25.692  25.575  25.457  10023.96     3631.0       z 
 61761.943   25.73  25.609  25.509   4746.48     3631.0   g-P48 
 61761.943  25.735  25.616  25.513   4735.89     3631.0       g 
 61764.182  25.571  25.451  25.347   6366.38     3631.0   r-P48 
 61764.182  25.574  25.449  25.349   6629.82     3631.0  orange 
 61764.182  25.582  25.459  25.358   6198.96     3631.0       r 
 61764.182  25.595  25.466  25.359   7645.77     3631.0       i 
 61764.182  25.653  25.535  25.433   5182.42     3631.0    cyan 
 61764.182  25.698  25.581  25.463  10023.96     3631.0       z 
 61764.182  25.736  25.616  25.515   4746.48     3631.0   g-P48 
 61764.182  25.741  25.623   25.52   4735.89     3631.0       g 
  61766.42  25.578  25.457  25.353   6366.38     3631.0   r-P48 
  61766.42   25.58  25.456  25.355   6629.82     3631.0  orange 
  61766.42  25.588  25.465  25.364   6198.96     3631.0       r 
  61766.42  25.602  25.473  25.365   7645.77     3631.0       i 
  61766.42   25.66  25.541  25.439   5182.42     3631.0    cyan 
  61766.42  25.705  25.587  25.469  10023.96     3631.0       z 
  61766.42  25.742  25.622  25.522   4746.48     3631.0   g-P48 
  61766.42  25.748  25.629  25.526   4735.89     3631.0       g 
 61768.658  25.584  25.463  25.359   6366.38     3631.0   r-P48 
 61768.658  25.586  25.462  25.361   6629.82     3631.0  orange 
 61768.658  25.594  25.471   25.37   6198.96     3631.0       r 
 61768.658  25.608  25.479  25.372   7645.77     3631.0       i 
 61768.658  25.666  25.548  25.445   5182.42     3631.0    cyan 
 61768.658  25.711  25.594  25.476  10023.96     3631.0       z 
 61768.658  25.749  25.628  25.528   4746.48     3631.0   g-P48 
 61768.658  25.754  25.635  25.532   4735.89     3631.0       g 
 61770.897   25.59  25.469  25.366   6366.38     3631.0   r-P48 
 61770.897  25.593  25.468  25.367   6629.82     3631.0  orange 
 61770.897  25.601  25.478  25.377   6198.96     3631.0       r 
 61770.897  25.614  25.485  25.378   7645.77     3631.0       i 
 61770.897  25.672  25.554  25.452   5182.42     3631.0    cyan 
 61770.897  25.717    25.6  25.482  10023.96     3631.0       z 
 61770.897  25.755  25.634  25.534   4746.48     3631.0   g-P48 
 61770.897   25.76  25.642  25.538   4735.89     3631.0       g 
 61773.135  25.596  25.476  25.372   6366.38     3631.0   r-P48 
 61773.135  25.599  25.474  25.374   6629.82     3631.0  orange 
 61773.135  25.607  25.484  25.383   6198.96     3631.0       r 
 61773.135   25.62  25.491  25.384   7645.77     3631.0       i 
 61773.135  25.679   25.56  25.458   5182.42     3631.0    cyan 
 61773.135  25.723  25.606  25.488  10023.96     3631.0       z 
 61773.135  25.761  25.641   25.54   4746.48     3631.0   g-P48 
 61773.135  25.767  25.648  25.544   4735.89     3631.0       g 
 61775.373  25.603  25.482  25.378   6366.38     3631.0   r-P48 
 61775.373  25.605  25.481   25.38   6629.82     3631.0  orange 
 61775.373  25.613   25.49  25.389   6198.96     3631.0       r 
 61775.373  25.627  25.498   25.39   7645.77     3631.0       i 
 61775.373  25.685  25.566  25.464   5182.42     3631.0    cyan 
 61775.373   25.73  25.613  25.494  10023.96     3631.0       z 
 61775.373  25.768  25.647  25.546   4746.48     3631.0   g-P48 
 61775.373  25.773  25.654  25.551   4735.89     3631.0       g 
 61777.612  25.609  25.488  25.384   6366.38     3631.0   r-P48 
 61777.612  25.612  25.487  25.386   6629.82     3631.0  orange 
 61777.612   25.62  25.497  25.395   6198.96     3631.0       r 
 61777.612  25.633  25.504  25.397   7645.77     3631.0       i 
 61777.612  25.691  25.573   25.47   5182.42     3631.0    cyan 
 61777.612  25.736  25.619    25.5  10023.96     3631.0       z 
 61777.612  25.774  25.653  25.553   4746.48     3631.0   g-P48 
 61777.612  25.779   25.66  25.557   4735.89     3631.0       g 
  61779.85  25.615  25.495  25.391   6366.38     3631.0   r-P48 
  61779.85  25.618  25.493  25.392   6629.82     3631.0  orange 
  61779.85  25.626  25.503  25.402   6198.96     3631.0       r 
  61779.85  25.639   25.51  25.403   7645.77     3631.0       i 
  61779.85  25.697  25.579  25.476   5182.42     3631.0    cyan 
  61779.85  25.742  25.625  25.507  10023.96     3631.0       z 
  61779.85   25.78  25.659  25.559   4746.48     3631.0   g-P48 
  61779.85  25.786  25.667  25.563   4735.89     3631.0       g 
 61782.088  25.621  25.501  25.397   6366.38     3631.0   r-P48 
 61782.088  25.624  25.499  25.398   6629.82     3631.0  orange 
 61782.088  25.632  25.509  25.408   6198.96     3631.0       r 
 61782.088  25.646  25.516  25.409   7645.77     3631.0       i 
 61782.088  25.704  25.585  25.483   5182.42     3631.0    cyan 
 61782.088  25.749  25.631  25.513  10023.96     3631.0       z 
 61782.088  25.786  25.666  25.565   4746.48     3631.0   g-P48 
 61782.088  25.792  25.673  25.569   4735.89     3631.0       g 
 61784.327  25.628  25.507  25.403   6366.38     3631.0   r-P48 
 61784.327  25.631  25.505  25.405   6629.82     3631.0  orange 
 61784.327  25.638  25.516  25.414   6198.96     3631.0       r 
 61784.327  25.652  25.522  25.415   7645.77     3631.0       i 
 61784.327   25.71  25.591  25.489   5182.42     3631.0    cyan 
 61784.327  25.755  25.638  25.519  10023.96     3631.0       z 
 61784.327  25.793  25.672  25.571   4746.48     3631.0   g-P48 
 61784.327  25.798  25.679  25.575   4735.89     3631.0       g 
 61786.565  25.634  25.513  25.409   6366.38     3631.0   r-P48 
 61786.565  25.637  25.512  25.411   6629.82     3631.0  orange 
 61786.565  25.645  25.522   25.42   6198.96     3631.0       r 
 61786.565  25.658  25.528  25.421   7645.77     3631.0       i 
 61786.565  25.716  25.597  25.495   5182.42     3631.0    cyan 
 61786.565  25.761  25.644  25.525  10023.96     3631.0       z 
 61786.565  25.799  25.678  25.577   4746.48     3631.0   g-P48 
 61786.565  25.805  25.685  25.581   4735.89     3631.0       g 
 61788.804   25.64  25.519  25.415   6366.38     3631.0   r-P48 
 61788.804  25.643  25.518  25.417   6629.82     3631.0  orange 
 61788.804  25.651  25.528  25.426   6198.96     3631.0       r 
 61788.804  25.664  25.535  25.427   7645.77     3631.0       i 
 61788.804  25.722  25.604  25.501   5182.42     3631.0    cyan 
 61788.804  25.767   25.65  25.531  10023.96     3631.0       z 
 61788.804  25.805  25.684  25.583   4746.48     3631.0   g-P48 
 61788.804  25.811  25.691  25.588   4735.89     3631.0       g 
 61791.042  25.646  25.526  25.421   6366.38     3631.0   r-P48 
 61791.042  25.649  25.524  25.423   6629.82     3631.0  orange 
 61791.042  25.657  25.534  25.432   6198.96     3631.0       r 
 61791.042  25.671  25.541  25.434   7645.77     3631.0       i 
 61791.042  25.729   25.61  25.507   5182.42     3631.0    cyan 
 61791.042  25.773  25.656  25.537  10023.96     3631.0       z 
 61791.042  25.811   25.69  25.589   4746.48     3631.0   g-P48 
 61791.042  25.817  25.698  25.594   4735.89     3631.0       g 
  61793.28  25.653  25.532  25.428   6366.38     3631.0   r-P48 
  61793.28  25.656   25.53  25.429   6629.82     3631.0  orange 
  61793.28  25.663  25.541  25.439   6198.96     3631.0       r 
  61793.28  25.677  25.547   25.44   7645.77     3631.0       i 
  61793.28  25.735  25.616  25.513   5182.42     3631.0    cyan 
  61793.28   25.78  25.663  25.544  10023.96     3631.0       z 
  61793.28  25.818  25.696  25.595   4746.48     3631.0   g-P48 
  61793.28  25.823  25.704    25.6   4735.89     3631.0       g 
 61795.519  25.659  25.538  25.434   6366.38     3631.0   r-P48 
 61795.519  25.662  25.536  25.435   6629.82     3631.0  orange 
 61795.519  25.669  25.547  25.445   6198.96     3631.0       r 
 61795.519  25.683  25.553  25.446   7645.77     3631.0       i 
 61795.519  25.741  25.622  25.519   5182.42     3631.0    cyan 
 61795.519  25.786  25.669   25.55  10023.96     3631.0       z 
 61795.519  25.824  25.703  25.602   4746.48     3631.0   g-P48 
 61795.519  25.829   25.71  25.606   4735.89     3631.0       g 
 61797.757  25.665  25.544   25.44   6366.38     3631.0   r-P48 
 61797.757  25.668  25.542  25.442   6629.82     3631.0  orange 
 61797.757  25.676  25.553  25.451   6198.96     3631.0       r 
 61797.757  25.689  25.559  25.452   7645.77     3631.0       i 
 61797.757  25.747  25.628  25.525   5182.42     3631.0    cyan 
 61797.757  25.792  25.675  25.556  10023.96     3631.0       z 
 61797.757   25.83  25.709  25.608   4746.48     3631.0   g-P48 
 61797.757  25.836  25.716  25.612   4735.89     3631.0       g 
 61799.995  25.671   25.55  25.446   6366.38     3631.0   r-P48 
 61799.995  25.674  25.549  25.448   6629.82     3631.0  orange 
 61799.995  25.682  25.559  25.457   6198.96     3631.0       r 
 61799.995  25.695  25.565  25.458   7645.77     3631.0       i 
 61799.995  25.753  25.634  25.532   5182.42     3631.0    cyan 
 61799.995  25.798  25.681  25.562  10023.96     3631.0       z 
 61799.995  25.836  25.715  25.614   4746.48     3631.0   g-P48 
 61799.995  25.842  25.722  25.618   4735.89     3631.0       g 
 61802.234  25.677  25.556  25.452   6366.38     3631.0   r-P48 
 61802.234  25.681  25.555  25.454   6629.82     3631.0  orange 
 61802.234  25.688  25.565  25.463   6198.96     3631.0       r 
 61802.234  25.702  25.571  25.464   7645.77     3631.0       i 
 61802.234  25.759  25.641  25.538   5182.42     3631.0    cyan 
 61802.234  25.804  25.687  25.568  10023.96     3631.0       z 
 61802.234  25.842  25.721   25.62   4746.48     3631.0   g-P48 
 61802.234  25.848  25.729  25.624   4735.89     3631.0       g 
 61804.472  25.683  25.563  25.458   6366.38     3631.0   r-P48 
 61804.472  25.687  25.561   25.46   6629.82     3631.0  orange 
 61804.472  25.694  25.572  25.469   6198.96     3631.0       r 
 61804.472  25.708  25.577   25.47   7645.77     3631.0       i 
 61804.472  25.766  25.647  25.544   5182.42     3631.0    cyan 
 61804.472  25.811  25.693  25.574  10023.96     3631.0       z 
 61804.472  25.849  25.727  25.626   4746.48     3631.0   g-P48 
 61804.472  25.854  25.735   25.63   4735.89     3631.0       g 
  61806.71   25.69  25.569  25.464   6366.38     3631.0   r-P48 
  61806.71  25.693  25.567  25.466   6629.82     3631.0  orange 
  61806.71    25.7  25.578  25.475   6198.96     3631.0       r 
  61806.71  25.714  25.584  25.476   7645.77     3631.0       i 
  61806.71  25.772  25.653   25.55   5182.42     3631.0    cyan 
  61806.71  25.817    25.7   25.58  10023.96     3631.0       z 
  61806.71  25.855  25.733  25.632   4746.48     3631.0   g-P48 
  61806.71   25.86  25.741  25.636   4735.89     3631.0       g 
 61808.949  25.696  25.575   25.47   6366.38     3631.0   r-P48 
 61808.949  25.699  25.573  25.472   6629.82     3631.0  orange 
 61808.949  25.706  25.584  25.481   6198.96     3631.0       r 
 61808.949   25.72   25.59  25.483   7645.77     3631.0       i 
 61808.949  25.778  25.659  25.556   5182.42     3631.0    cyan 
 61808.949  25.823  25.706  25.587  10023.96     3631.0       z 
 61808.949  25.861  25.739  25.638   4746.48     3631.0   g-P48 
 61808.949  25.867  25.747  25.642   4735.89     3631.0       g 
 61811.187  25.702  25.581  25.476   6366.38     3631.0   r-P48 
 61811.187  25.705  25.579  25.478   6629.82     3631.0  orange 
 61811.187  25.713   25.59  25.487   6198.96     3631.0       r 
 61811.187  25.726  25.596  25.489   7645.77     3631.0       i 
 61811.187  25.784  25.665  25.562   5182.42     3631.0    cyan 
 61811.187  25.829  25.712  25.593  10023.96     3631.0       z 
 61811.187  25.867  25.745  25.644   4746.48     3631.0   g-P48 
 61811.187  25.873  25.753  25.648   4735.89     3631.0       g 
 61813.425  25.708  25.587  25.482   6366.38     3631.0   r-P48 
 61813.425  25.712  25.585  25.484   6629.82     3631.0  orange 
 61813.425  25.719  25.596  25.494   6198.96     3631.0       r 
 61813.425  25.732  25.602  25.495   7645.77     3631.0       i 
 61813.425   25.79  25.671  25.568   5182.42     3631.0    cyan 
 61813.425  25.835  25.718  25.599  10023.96     3631.0       z 
 61813.425  25.873  25.751   25.65   4746.48     3631.0   g-P48 
 61813.425  25.879  25.759  25.654   4735.89     3631.0       g 
 61815.664  25.714  25.593  25.489   6366.38     3631.0   r-P48 
 61815.664  25.718  25.591   25.49   6629.82     3631.0  orange 
 61815.664  25.725  25.602    25.5   6198.96     3631.0       r 
 61815.664  25.738  25.608  25.501   7645.77     3631.0       i 
 61815.664  25.796  25.677  25.574   5182.42     3631.0    cyan 
 61815.664  25.841  25.724  25.605  10023.96     3631.0       z 
 61815.664  25.879  25.758  25.656   4746.48     3631.0   g-P48 
 61815.664  25.885  25.765   25.66   4735.89     3631.0       g 
 61817.902   25.72  25.599  25.495   6366.38     3631.0   r-P48 
 61817.902  25.724  25.597  25.496   6629.82     3631.0  orange 
 61817.902  25.731  25.609  25.506   6198.96     3631.0       r 
 61817.902  25.745  25.614  25.507   7645.77     3631.0       i 
 61817.902  25.802  25.683   25.58   5182.42     3631.0    cyan 
 61817.902  25.847   25.73  25.611  10023.96     3631.0       z 
 61817.902  25.885  25.764  25.662   4746.48     3631.0   g-P48 
 61817.902  25.891  25.771  25.667   4735.89     3631.0       g 
  61820.14  25.726  25.605  25.501   6366.38     3631.0   r-P48 
  61820.14   25.73  25.603  25.502   6629.82     3631.0  orange 
  61820.14  25.737  25.615  25.512   6198.96     3631.0       r 
  61820.14  25.751   25.62  25.513   7645.77     3631.0       i 
  61820.14  25.808  25.689  25.586   5182.42     3631.0    cyan 
  61820.14  25.854  25.736  25.617  10023.96     3631.0       z 
  61820.14  25.892   25.77  25.668   4746.48     3631.0   g-P48 
  61820.14  25.897  25.777  25.673   4735.89     3631.0       g 
 61822.379  25.732  25.611  25.507   6366.38     3631.0   r-P48 
 61822.379  25.736  25.609  25.508   6629.82     3631.0  orange 
 61822.379  25.743  25.621  25.518   6198.96     3631.0       r 
 61822.379  25.757  25.626  25.519   7645.77     3631.0       i 
 61822.379  25.815  25.695  25.592   5182.42     3631.0    cyan 
 61822.379   25.86  25.742  25.623  10023.96     3631.0       z 
 61822.379  25.898  25.776  25.674   4746.48     3631.0   g-P48 
 61822.379  25.903  25.784  25.679   4735.89     3631.0       g 
 61824.617  25.738  25.617  25.513   6366.38     3631.0   r-P48 
 61824.617  25.742  25.615  25.514   6629.82     3631.0  orange 
 61824.617  25.749  25.627  25.524   6198.96     3631.0       r 
 61824.617  25.763  25.632  25.525   7645.77     3631.0       i 
 61824.617  25.821  25.701  25.598   5182.42     3631.0    cyan 
 61824.617  25.866  25.748  25.629  10023.96     3631.0       z 
 61824.617  25.904  25.782   25.68   4746.48     3631.0   g-P48 
 61824.617   25.91   25.79  25.685   4735.89     3631.0       g 
 61826.855  25.744  25.623  25.519   6366.38     3631.0   r-P48 
 61826.855  25.748  25.621   25.52   6629.82     3631.0  orange 
 61826.855  25.755  25.633   25.53   6198.96     3631.0       r 
 61826.855  25.769  25.638  25.531   7645.77     3631.0       i 
 61826.855  25.827  25.707  25.604   5182.42     3631.0    cyan 
 61826.855  25.872  25.754  25.635  10023.96     3631.0       z 
 61826.855   25.91  25.788  25.686   4746.48     3631.0   g-P48 
 61826.855  25.916  25.796  25.691   4735.89     3631.0       g 
 61829.094  25.751  25.629  25.525   6366.38     3631.0   r-P48 
 61829.094  25.754  25.628  25.526   6629.82     3631.0  orange 
 61829.094  25.761  25.639  25.536   6198.96     3631.0       r 
 61829.094  25.775  25.644  25.537   7645.77     3631.0       i 
 61829.094  25.833  25.713   25.61   5182.42     3631.0    cyan 
 61829.094  25.878   25.76  25.641  10023.96     3631.0       z 
 61829.094  25.916  25.794  25.692   4746.48     3631.0   g-P48 
 61829.094  25.922  25.802  25.696   4735.89     3631.0       g 
 61831.332  25.757  25.635  25.531   6366.38     3631.0   r-P48 
 61831.332  25.761  25.634  25.532   6629.82     3631.0  orange 
 61831.332  25.768  25.645  25.542   6198.96     3631.0       r 
 61831.332  25.781   25.65  25.543   7645.77     3631.0       i 
 61831.332  25.839  25.719  25.616   5182.42     3631.0    cyan 
 61831.332  25.884  25.766  25.647  10023.96     3631.0       z 
 61831.332  25.922    25.8  25.698   4746.48     3631.0   g-P48 
 61831.332  25.928  25.808  25.702   4735.89     3631.0       g 
 61833.571  25.763  25.641  25.537   6366.38     3631.0   r-P48 
 61833.571  25.767   25.64  25.538   6629.82     3631.0  orange 
 61833.571  25.774  25.651  25.548   6198.96     3631.0       r 
 61833.571  25.787  25.656  25.549   7645.77     3631.0       i 
 61833.571  25.845  25.725  25.622   5182.42     3631.0    cyan 
 61833.571   25.89  25.772  25.653  10023.96     3631.0       z 
 61833.571  25.928  25.806  25.704   4746.48     3631.0   g-P48 
 61833.571  25.934  25.814  25.708   4735.89     3631.0       g 
 61835.809  25.769  25.647  25.543   6366.38     3631.0   r-P48 
 61835.809  25.773  25.646  25.544   6629.82     3631.0  orange 
 61835.809   25.78  25.657  25.554   6198.96     3631.0       r 
 61835.809  25.793  25.662  25.555   7645.77     3631.0       i 
 61835.809  25.851  25.731  25.628   5182.42     3631.0    cyan 
 61835.809  25.896  25.778  25.659  10023.96     3631.0       z 
 61835.809  25.934  25.812   25.71   4746.48     3631.0   g-P48 
 61835.809   25.94   25.82  25.714   4735.89     3631.0       g 
 61838.047  25.775  25.653  25.549   6366.38     3631.0   r-P48 
 61838.047  25.779  25.652   25.55   6629.82     3631.0  orange 
 61838.047  25.786  25.663   25.56   6198.96     3631.0       r 
 61838.047  25.799  25.668  25.561   7645.77     3631.0       i 
 61838.047  25.857  25.737  25.634   5182.42     3631.0    cyan 
 61838.047  25.902  25.784  25.665  10023.96     3631.0       z 
 61838.047   25.94  25.818  25.716   4746.48     3631.0   g-P48 
 61838.047  25.946  25.826   25.72   4735.89     3631.0       g 
 61840.286  25.781  25.659  25.555   6366.38     3631.0   r-P48 
 61840.286  25.785  25.657  25.556   6629.82     3631.0  orange 
 61840.286  25.792  25.669  25.566   6198.96     3631.0       r 
 61840.286  25.805  25.674  25.567   7645.77     3631.0       i 
 61840.286  25.863  25.743   25.64   5182.42     3631.0    cyan 
 61840.286  25.908   25.79  25.671  10023.96     3631.0       z 
 61840.286  25.946  25.824  25.722   4746.48     3631.0   g-P48 
 61840.286  25.952  25.832  25.726   4735.89     3631.0       g 
 61842.524  25.787  25.665  25.561   6366.38     3631.0   r-P48 
 61842.524  25.791  25.663  25.562   6629.82     3631.0  orange 
 61842.524  25.798  25.676  25.572   6198.96     3631.0       r 
 61842.524  25.811   25.68  25.573   7645.77     3631.0       i 
 61842.524  25.869  25.749  25.646   5182.42     3631.0    cyan 
 61842.524  25.914  25.796  25.677  10023.96     3631.0       z 
 61842.524  25.952   25.83  25.728   4746.48     3631.0   g-P48 
 61842.524  25.958  25.838  25.732   4735.89     3631.0       g 
 61844.762  25.793  25.671  25.567   6366.38     3631.0   r-P48 
 61844.762  25.797  25.669  25.568   6629.82     3631.0  orange 
 61844.762  25.804  25.682  25.578   6198.96     3631.0       r 
 61844.762  25.817  25.686  25.579   7645.77     3631.0       i 
 61844.762  25.875  25.755  25.652   5182.42     3631.0    cyan 
 61844.762   25.92  25.802  25.683  10023.96     3631.0       z 
 61844.762  25.958  25.836  25.734   4746.48     3631.0   g-P48 
 61844.762  25.964  25.844  25.738   4735.89     3631.0       g 
 61847.001  25.799  25.677  25.573   6366.38     3631.0   r-P48 
 61847.001  25.803  25.675  25.574   6629.82     3631.0  orange 
 61847.001   25.81  25.688  25.584   6198.96     3631.0       r 
 61847.001  25.823  25.692  25.585   7645.77     3631.0       i 
 61847.001  25.881  25.761  25.658   5182.42     3631.0    cyan 
 61847.001  25.926  25.808  25.689  10023.96     3631.0       z 
 61847.001  25.964  25.842   25.74   4746.48     3631.0   g-P48 
 61847.001   25.97   25.85  25.744   4735.89     3631.0       g 
 61849.239  25.805  25.683  25.578   6366.38     3631.0   r-P48 
 61849.239  25.809  25.681   25.58   6629.82     3631.0  orange 
 61849.239  25.816  25.693  25.589   6198.96     3631.0       r 
 61849.239  25.829  25.698  25.591   7645.77     3631.0       i 
 61849.239  25.887  25.767  25.664   5182.42     3631.0    cyan 
 61849.239  25.932  25.814  25.695  10023.96     3631.0       z 
 61849.239   25.97  25.848  25.746   4746.48     3631.0   g-P48 
 61849.239  25.976  25.856   25.75   4735.89     3631.0       g 
 61851.477  25.811  25.689  25.584   6366.38     3631.0   r-P48 
 61851.477  25.815  25.687  25.586   6629.82     3631.0  orange 
 61851.477  25.822  25.699  25.595   6198.96     3631.0       r 
 61851.477  25.835  25.704  25.596   7645.77     3631.0       i 
 61851.477  25.893  25.773   25.67   5182.42     3631.0    cyan 
 61851.477  25.938   25.82  25.701  10023.96     3631.0       z 
 61851.477  25.976  25.854  25.752   4746.48     3631.0   g-P48 
 61851.477  25.982  25.862  25.756   4735.89     3631.0       g 
 61853.716  25.817  25.694   25.59   6366.38     3631.0   r-P48 
 61853.716  25.821  25.693  25.592   6629.82     3631.0  orange 
 61853.716  25.828  25.705  25.601   6198.96     3631.0       r 
 61853.716  25.841  25.709  25.602   7645.77     3631.0       i 
 61853.716  25.899  25.779  25.675   5182.42     3631.0    cyan 
 61853.716  25.944  25.826  25.707  10023.96     3631.0       z 
 61853.716  25.982   25.86  25.757   4746.48     3631.0   g-P48 
 61853.716  25.988  25.868  25.762   4735.89     3631.0       g 
 61855.954  25.823    25.7  25.596   6366.38     3631.0   r-P48 
 61855.954  25.827  25.699  25.598   6629.82     3631.0  orange 
 61855.954  25.834  25.711  25.607   6198.96     3631.0       r 
 61855.954  25.847  25.715  25.608   7645.77     3631.0       i 
 61855.954  25.905  25.785  25.681   5182.42     3631.0    cyan 
 61855.954   25.95  25.832  25.713  10023.96     3631.0       z 
 61855.954  25.988  25.866  25.763   4746.48     3631.0   g-P48 
 61855.954  25.994  25.874  25.768   4735.89     3631.0       g 
 61858.192  25.829  25.706  25.602   6366.38     3631.0   r-P48 
 61858.192  25.833  25.705  25.604   6629.82     3631.0  orange 
 61858.192  25.839  25.717  25.613   6198.96     3631.0       r 
 61858.192  25.853  25.721  25.614   7645.77     3631.0       i 
 61858.192  25.911  25.791  25.687   5182.42     3631.0    cyan 
 61858.192  25.956  25.838  25.719  10023.96     3631.0       z 
 61858.192  25.994  25.871  25.769   4746.48     3631.0   g-P48 
 61858.192    26.0   25.88  25.774   4735.89     3631.0       g 
 61860.431  25.835  25.712  25.608   6366.38     3631.0   r-P48 
 61860.431  25.839  25.711   25.61   6629.82     3631.0  orange 
 61860.431  25.845  25.723  25.619   6198.96     3631.0       r 
 61860.431  25.859  25.727   25.62   7645.77     3631.0       i 
 61860.431  25.917  25.797  25.693   5182.42     3631.0    cyan 
 61860.431  25.962  25.843  25.725  10023.96     3631.0       z 
 61860.431    26.0  25.877  25.775   4746.48     3631.0   g-P48 
 61860.431  26.006  25.886   25.78   4735.89     3631.0       g 
 61862.669   25.84  25.718  25.614   6366.38     3631.0   r-P48 
 61862.669  25.845  25.717  25.615   6629.82     3631.0  orange 
 61862.669  25.851  25.729  25.625   6198.96     3631.0       r 
 61862.669  25.865  25.733  25.626   7645.77     3631.0       i 
 61862.669  25.923  25.803  25.699   5182.42     3631.0    cyan 
 61862.669  25.968  25.849  25.731  10023.96     3631.0       z 
 61862.669  26.006  25.883  25.781   4746.48     3631.0   g-P48 
 61862.669  26.012  25.891  25.785   4735.89     3631.0       g 
 61864.907  25.846  25.724   25.62   6366.38     3631.0   r-P48 
 61864.907  25.851  25.723  25.621   6629.82     3631.0  orange 
 61864.907  25.857  25.735  25.631   6198.96     3631.0       r 
 61864.907  25.871  25.739  25.632   7645.77     3631.0       i 
 61864.907  25.929  25.809  25.705   5182.42     3631.0    cyan 
 61864.907  25.974  25.855  25.737  10023.96     3631.0       z 
 61864.907  26.012  25.889  25.787   4746.48     3631.0   g-P48 
 61864.907  26.018  25.897  25.791   4735.89     3631.0       g 
 61867.146  25.852   25.73  25.626   6366.38     3631.0   r-P48 
 61867.146  25.857  25.729  25.627   6629.82     3631.0  orange 
 61867.146  25.863  25.741  25.637   6198.96     3631.0       r 
 61867.146  25.877  25.745  25.638   7645.77     3631.0       i 
 61867.146  25.934  25.815  25.711   5182.42     3631.0    cyan 
 61867.146   25.98  25.861  25.742  10023.96     3631.0       z 
 61867.146  26.018  25.895  25.793   4746.48     3631.0   g-P48 
 61867.146  26.024  25.903  25.797   4735.89     3631.0       g 
 61869.384  25.858  25.736  25.632   6366.38     3631.0   r-P48 
 61869.384  25.863  25.735  25.633   6629.82     3631.0  orange 
 61869.384  25.869  25.747  25.643   6198.96     3631.0       r 
 61869.384  25.883  25.751  25.644   7645.77     3631.0       i 
 61869.384   25.94   25.82  25.717   5182.42     3631.0    cyan 
 61869.384  25.986  25.867  25.748  10023.96     3631.0       z 
 61869.384  26.024  25.901  25.798   4746.48     3631.0   g-P48 
 61869.384   26.03  25.909  25.803   4735.89     3631.0       g 
 61871.623  25.864  25.741  25.637   6366.38     3631.0   r-P48 
 61871.623  25.869  25.741  25.639   6629.82     3631.0  orange 
 61871.623  25.875  25.753  25.648   6198.96     3631.0       r 
 61871.623  25.889  25.757  25.649   7645.77     3631.0       i 
 61871.623  25.946  25.826  25.722   5182.42     3631.0    cyan 
 61871.623  25.992  25.873  25.754  10023.96     3631.0       z 
 61871.623   26.03  25.907  25.804   4746.48     3631.0   g-P48 
 61871.623  26.036  25.915  25.809   4735.89     3631.0       g 
 61873.861   25.87  25.747  25.643   6366.38     3631.0   r-P48 
 61873.861  25.875  25.747  25.645   6629.82     3631.0  orange 
 61873.861  25.881  25.759  25.654   6198.96     3631.0       r 
 61873.861  25.895  25.763  25.655   7645.77     3631.0       i 
 61873.861  25.952  25.832  25.728   5182.42     3631.0    cyan 
 61873.861  25.998  25.879   25.76  10023.96     3631.0       z 
 61873.861  26.036  25.913   25.81   4746.48     3631.0   g-P48 
 61873.861  26.042  25.921  25.815   4735.89     3631.0       g 
 61876.099  25.876  25.753  25.649   6366.38     3631.0   r-P48 
 61876.099   25.88  25.752  25.651   6629.82     3631.0  orange 
 61876.099  25.887  25.764   25.66   6198.96     3631.0       r 
 61876.099  25.901  25.768  25.661   7645.77     3631.0       i 
 61876.099  25.958  25.838  25.734   5182.42     3631.0    cyan 
 61876.099  26.003  25.885  25.766  10023.96     3631.0       z 
 61876.099  26.042  25.918  25.816   4746.48     3631.0   g-P48 
 61876.099  26.048  25.927   25.82   4735.89     3631.0       g 
 61878.338  25.882  25.759  25.655   6366.38     3631.0   r-P48 
 61878.338  25.886  25.758  25.656   6629.82     3631.0  orange 
 61878.338  25.893   25.77  25.666   6198.96     3631.0       r 
 61878.338  25.907  25.774  25.667   7645.77     3631.0       i 
 61878.338  25.964  25.844   25.74   5182.42     3631.0    cyan 
 61878.338  26.009   25.89  25.772  10023.96     3631.0       z 
 61878.338  26.048  25.924  25.822   4746.48     3631.0   g-P48 
 61878.338  26.054  25.933  25.826   4735.89     3631.0       g 
 61880.576  25.888  25.765  25.661   6366.38     3631.0   r-P48 
 61880.576  25.892  25.764  25.662   6629.82     3631.0  orange 
 61880.576  25.898  25.776  25.672   6198.96     3631.0       r 
 61880.576  25.913   25.78  25.673   7645.77     3631.0       i 
 61880.576   25.97   25.85  25.746   5182.42     3631.0    cyan 
 61880.576  26.015  25.896  25.778  10023.96     3631.0       z 
 61880.576  26.054   25.93  25.828   4746.48     3631.0   g-P48 
 61880.576   26.06  25.938  25.832   4735.89     3631.0       g 
 61882.814  25.893  25.771  25.667   6366.38     3631.0   r-P48 
 61882.814  25.898   25.77  25.668   6629.82     3631.0  orange 
 61882.814  25.904  25.782  25.678   6198.96     3631.0       r 
 61882.814  25.919  25.786  25.679   7645.77     3631.0       i 
 61882.814  25.976  25.856  25.751   5182.42     3631.0    cyan 
 61882.814  26.021  25.902  25.783  10023.96     3631.0       z 
 61882.814  26.059  25.936  25.833   4746.48     3631.0   g-P48 
 61882.814  26.066  25.944  25.838   4735.89     3631.0       g 
 61885.053  25.899  25.776  25.672   6366.38     3631.0   r-P48 
 61885.053  25.904  25.776  25.674   6629.82     3631.0  orange 
 61885.053   25.91  25.788  25.683   6198.96     3631.0       r 
 61885.053  25.924  25.792  25.684   7645.77     3631.0       i 
 61885.053  25.982  25.861  25.757   5182.42     3631.0    cyan 
 61885.053  26.027  25.908  25.789  10023.96     3631.0       z 
 61885.053  26.065  25.942  25.839   4746.48     3631.0   g-P48 
 61885.053  26.071   25.95  25.844   4735.89     3631.0       g 
 61887.291  25.905  25.782  25.678   6366.38     3631.0   r-P48 
 61887.291   25.91  25.782   25.68   6629.82     3631.0  orange 
 61887.291  25.916  25.793  25.689   6198.96     3631.0       r 
 61887.291   25.93  25.798   25.69   7645.77     3631.0       i 
 61887.291  25.987  25.867  25.763   5182.42     3631.0    cyan 
 61887.291  26.033  25.914  25.795  10023.96     3631.0       z 
 61887.291  26.071  25.948  25.845   4746.48     3631.0   g-P48 
 61887.291  26.077  25.956  25.849   4735.89     3631.0       g 
 61889.529  25.911  25.788  25.684   6366.38     3631.0   r-P48 
 61889.529  25.916  25.788  25.685   6629.82     3631.0  orange 
 61889.529  25.922  25.799  25.695   6198.96     3631.0       r 
 61889.529  25.936  25.803  25.696   7645.77     3631.0       i 
 61889.529  25.993  25.873  25.769   5182.42     3631.0    cyan 
 61889.529  26.039  25.919  25.801  10023.96     3631.0       z 
 61889.529  26.077  25.954  25.851   4746.48     3631.0   g-P48 
 61889.529  26.083  25.962  25.855   4735.89     3631.0       g 
 61891.768  25.917  25.794   25.69   6366.38     3631.0   r-P48 
 61891.768  25.921  25.793  25.691   6629.82     3631.0  orange 
 61891.768  25.928  25.805  25.701   6198.96     3631.0       r 
 61891.768  25.942  25.809  25.702   7645.77     3631.0       i 
 61891.768  25.999  25.879  25.775   5182.42     3631.0    cyan 
 61891.768  26.045  25.925  25.807  10023.96     3631.0       z 
 61891.768  26.083   25.96  25.856   4746.48     3631.0   g-P48 
 61891.768  26.089  25.968  25.861   4735.89     3631.0       g 
 61894.006  25.923  25.799  25.696   6366.38     3631.0   r-P48 
 61894.006  25.927  25.799  25.697   6629.82     3631.0  orange 
 61894.006  25.934  25.811  25.707   6198.96     3631.0       r 
 61894.006  25.948  25.815  25.708   7645.77     3631.0       i 
 61894.006  26.005  25.885   25.78   5182.42     3631.0    cyan 
 61894.006   26.05  25.931  25.813  10023.96     3631.0       z 
 61894.006  26.089  25.965  25.862   4746.48     3631.0   g-P48 
 61894.006  26.095  25.973  25.867   4735.89     3631.0       g 
 61896.244  25.928  25.805  25.701   6366.38     3631.0   r-P48 
 61896.244  25.933  25.805  25.703   6629.82     3631.0  orange 
 61896.244  25.939  25.817  25.712   6198.96     3631.0       r 
 61896.244  25.954  25.821  25.713   7645.77     3631.0       i 
 61896.244  26.011   25.89  25.786   5182.42     3631.0    cyan 
 61896.244  26.056  25.937  25.818  10023.96     3631.0       z 
 61896.244  26.094  25.971  25.868   4746.48     3631.0   g-P48 
 61896.244  26.101  25.979  25.873   4735.89     3631.0       g 
 61898.483  25.934  25.811  25.707   6366.38     3631.0   r-P48 
 61898.483  25.939  25.811  25.709   6629.82     3631.0  orange 
 61898.483  25.945  25.822  25.718   6198.96     3631.0       r 
 61898.483  25.959  25.827  25.719   7645.77     3631.0       i 
 61898.483  26.016  25.896  25.792   5182.42     3631.0    cyan 
 61898.483  26.062  25.943  25.824  10023.96     3631.0       z 
 61898.483    26.1  25.977  25.874   4746.48     3631.0   g-P48 
 61898.483  26.106  25.985  25.878   4735.89     3631.0       g 
 61900.721   25.94  25.817  25.713   6366.38     3631.0   r-P48 
 61900.721  25.945  25.817  25.714   6629.82     3631.0  orange 
 61900.721  25.951  25.828  25.724   6198.96     3631.0       r 
 61900.721  25.965  25.832  25.725   7645.77     3631.0       i 
 61900.721  26.022  25.902  25.798   5182.42     3631.0    cyan 
 61900.721  26.068  25.948   25.83  10023.96     3631.0       z 
 61900.721  26.106  25.983   25.88   4746.48     3631.0   g-P48 
 61900.721  26.112  25.991  25.884   4735.89     3631.0       g 
 61902.959  25.946  25.822  25.719   6366.38     3631.0   r-P48 
 61902.959   25.95  25.822   25.72   6629.82     3631.0  orange 
 61902.959  25.957  25.834   25.73   6198.96     3631.0       r 
 61902.959  25.971  25.838  25.731   7645.77     3631.0       i 
 61902.959  26.028  25.908  25.803   5182.42     3631.0    cyan 
 61902.959  26.074  25.954  25.836  10023.96     3631.0       z 
 61902.959  26.112  25.989  25.885   4746.48     3631.0   g-P48 
 61902.959  26.118  25.997   25.89   4735.89     3631.0       g 
 61905.198  25.951  25.828  25.724   6366.38     3631.0   r-P48 
 61905.198  25.956  25.828  25.726   6629.82     3631.0  orange 
 61905.198  25.962   25.84  25.735   6198.96     3631.0       r 
 61905.198  25.977  25.844  25.736   7645.77     3631.0       i 
 61905.198  26.034  25.914  25.809   5182.42     3631.0    cyan 
 61905.198  26.079   25.96  25.841  10023.96     3631.0       z 
 61905.198  26.118  25.994  25.891   4746.48     3631.0   g-P48 
 61905.198  26.124  26.002  25.896   4735.89     3631.0       g 
 61907.436  25.957  25.834   25.73   6366.38     3631.0   r-P48 
 61907.436  25.962  25.834  25.732   6629.82     3631.0  orange 
 61907.436  25.968  25.845  25.741   6198.96     3631.0       r 
 61907.436  25.983   25.85  25.742   7645.77     3631.0       i 
 61907.436   26.04  25.919  25.815   5182.42     3631.0    cyan 
 61907.436  26.085  25.965  25.847  10023.96     3631.0       z 
 61907.436  26.123    26.0  25.897   4746.48     3631.0   g-P48 
 61907.436   26.13  26.008  25.901   4735.89     3631.0       g 
 61909.674  25.963   25.84  25.736   6366.38     3631.0   r-P48 
 61909.674  25.968   25.84  25.737   6629.82     3631.0  orange 
 61909.674  25.974  25.851  25.747   6198.96     3631.0       r 
 61909.674  25.989  25.855  25.748   7645.77     3631.0       i 
 61909.674  26.045  25.925   25.82   5182.42     3631.0    cyan 
 61909.674  26.091  25.971  25.853  10023.96     3631.0       z 
 61909.674  26.129  26.006  25.902   4746.48     3631.0   g-P48 
 61909.674  26.135  26.014  25.907   4735.89     3631.0       g 
 61911.913  25.969  25.845  25.741   6366.38     3631.0   r-P48 
 61911.913  25.973  25.846  25.743   6629.82     3631.0  orange 
 61911.913   25.98  25.857  25.752   6198.96     3631.0       r 
 61911.913  25.994  25.861  25.753   7645.77     3631.0       i 
 61911.913  26.051  25.931  25.826   5182.42     3631.0    cyan 
 61911.913  26.097  25.977  25.859  10023.96     3631.0       z 
 61911.913  26.135  26.012  25.908   4746.48     3631.0   g-P48 
 61911.913  26.141   26.02  25.913   4735.89     3631.0       g 
 61914.151  25.974  25.851  25.747   6366.38     3631.0   r-P48 
 61914.151  25.979  25.851  25.749   6629.82     3631.0  orange 
 61914.151  25.985  25.862  25.758   6198.96     3631.0       r 
 61914.151    26.0  25.867  25.759   7645.77     3631.0       i 
 61914.151  26.057  25.937  25.832   5182.42     3631.0    cyan 
 61914.151  26.103  25.983  25.864  10023.96     3631.0       z 
 61914.151  26.141  26.018  25.914   4746.48     3631.0   g-P48 
 61914.151  26.147  26.025  25.918   4735.89     3631.0       g 
  61916.39   25.98  25.857  25.753   6366.38     3631.0   r-P48 
  61916.39  25.985  25.857  25.754   6629.82     3631.0  orange 
  61916.39  25.991  25.868  25.764   6198.96     3631.0       r 
  61916.39  26.006  25.872  25.765   7645.77     3631.0       i 
  61916.39  26.063  25.942  25.837   5182.42     3631.0    cyan 
  61916.39  26.108  25.988   25.87  10023.96     3631.0       z 
  61916.39  26.146  26.023   25.92   4746.48     3631.0   g-P48 
  61916.39  26.153  26.031  25.924   4735.89     3631.0       g 
 61918.628  25.986  25.862  25.759   6366.38     3631.0   r-P48 
 61918.628  25.991  25.863   25.76   6629.82     3631.0  orange 
 61918.628  25.997  25.874   25.77   6198.96     3631.0       r 
 61918.628  26.012  25.878  25.771   7645.77     3631.0       i 
 61918.628  26.068  25.948  25.843   5182.42     3631.0    cyan 
 61918.628  26.114  25.994  25.876  10023.96     3631.0       z 
 61918.628  26.152  26.029  25.925   4746.48     3631.0   g-P48 
 61918.628  26.159  26.037   25.93   4735.89     3631.0       g 
 61920.866  25.992  25.868  25.764   6366.38     3631.0   r-P48 
 61920.866  25.996  25.869  25.766   6629.82     3631.0  orange 
 61920.866  26.003  25.879  25.775   6198.96     3631.0       r 
 61920.866  26.017  25.884  25.776   7645.77     3631.0       i 
 61920.866  26.074  25.954  25.849   5182.42     3631.0    cyan 
 61920.866   26.12    26.0  25.882  10023.96     3631.0       z 
 61920.866  26.158  26.035  25.931   4746.48     3631.0   g-P48 
 61920.866  26.164  26.042  25.935   4735.89     3631.0       g 
 61923.105  25.997  25.874   25.77   6366.38     3631.0   r-P48 
 61923.105  26.002  25.874  25.771   6629.82     3631.0  orange 
 61923.105  26.008  25.885  25.781   6198.96     3631.0       r 
 61923.105  26.023   25.89  25.782   7645.77     3631.0       i 
 61923.105   26.08  25.959  25.854   5182.42     3631.0    cyan 
 61923.105  26.125  26.005  25.887  10023.96     3631.0       z 
 61923.105  26.164   26.04  25.937   4746.48     3631.0   g-P48 
 61923.105   26.17  26.048  25.941   4735.89     3631.0       g 
 61925.343  26.003  25.879  25.776   6366.38     3631.0   r-P48 
 61925.343  26.008   25.88  25.777   6629.82     3631.0  orange 
 61925.343  26.014  25.891  25.787   6198.96     3631.0       r 
 61925.343  26.029  25.895  25.788   7645.77     3631.0       i 
 61925.343  26.086  25.965   25.86   5182.42     3631.0    cyan 
 61925.343  26.131  26.011  25.893  10023.96     3631.0       z 
 61925.343  26.169  26.046  25.942   4746.48     3631.0   g-P48 
 61925.343  26.176  26.054  25.947   4735.89     3631.0       g 
 61927.581  26.009  25.885  25.781   6366.38     3631.0   r-P48 
 61927.581  26.013  25.886  25.783   6629.82     3631.0  orange 
 61927.581   26.02  25.896  25.792   6198.96     3631.0       r 
 61927.581  26.035  25.901  25.793   7645.77     3631.0       i 
 61927.581  26.091  25.971  25.866   5182.42     3631.0    cyan 
 61927.581  26.137  26.017  25.899  10023.96     3631.0       z 
 61927.581  26.175  26.052  25.948   4746.48     3631.0   g-P48 
 61927.581  26.181  26.059  25.952   4735.89     3631.0       g 
  61929.82  26.014  25.891  25.787   6366.38     3631.0   r-P48 
  61929.82  26.019  25.891  25.788   6629.82     3631.0  orange 
  61929.82  26.026  25.902  25.798   6198.96     3631.0       r 
  61929.82   26.04  25.907  25.799   7645.77     3631.0       i 
  61929.82  26.097  25.977  25.871   5182.42     3631.0    cyan 
  61929.82  26.143  26.022  25.904  10023.96     3631.0       z 
  61929.82  26.181  26.058  25.953   4746.48     3631.0   g-P48 
  61929.82  26.187  26.065  25.958   4735.89     3631.0       g 
 61932.058   26.02  25.896  25.793   6366.38     3631.0   r-P48 
 61932.058  26.025  25.897  25.794   6629.82     3631.0  orange 
 61932.058  26.031  25.908  25.804   6198.96     3631.0       r 
 61932.058  26.046  25.912  25.805   7645.77     3631.0       i 
 61932.058  26.103  25.982  25.877   5182.42     3631.0    cyan 
 61932.058  26.148  26.028   25.91  10023.96     3631.0       z 
 61932.058  26.186  26.063  25.959   4746.48     3631.0   g-P48 
 61932.058  26.193  26.071  25.964   4735.89     3631.0       g 
 61934.296  26.026  25.902  25.798   6366.38     3631.0   r-P48 
 61934.296   26.03  25.903    25.8   6629.82     3631.0  orange 
 61934.296  26.037  25.913  25.809   6198.96     3631.0       r 
 61934.296  26.052  25.918   25.81   7645.77     3631.0       i 
 61934.296  26.108  25.988  25.883   5182.42     3631.0    cyan 
 61934.296  26.154  26.034  25.916  10023.96     3631.0       z 
 61934.296  26.192  26.069  25.965   4746.48     3631.0   g-P48 
 61934.296  26.199  26.077  25.969   4735.89     3631.0       g 
 61936.535  26.032  25.908  25.804   6366.38     3631.0   r-P48 
 61936.535  26.036  25.908  25.805   6629.82     3631.0  orange 
 61936.535  26.043  25.919  25.815   6198.96     3631.0       r 
 61936.535  26.057  25.924  25.816   7645.77     3631.0       i 
 61936.535  26.114  25.994  25.888   5182.42     3631.0    cyan 
 61936.535   26.16  26.039  25.921  10023.96     3631.0       z 
 61936.535  26.198  26.075   25.97   4746.48     3631.0   g-P48 
 61936.535  26.204  26.082  25.975   4735.89     3631.0       g 
 61938.773  26.037  25.913  25.809   6366.38     3631.0   r-P48 
 61938.773  26.042  25.914  25.811   6629.82     3631.0  orange 
 61938.773  26.048  25.925   25.82   6198.96     3631.0       r 
 61938.773  26.063  25.929  25.822   7645.77     3631.0       i 
 61938.773   26.12  25.999  25.894   5182.42     3631.0    cyan 
 61938.773  26.165  26.045  25.927  10023.96     3631.0       z 
 61938.773  26.204   26.08  25.976   4746.48     3631.0   g-P48 
 61938.773   26.21  26.088  25.981   4735.89     3631.0       g 
 61941.011  26.043  25.919  25.815   6366.38     3631.0   r-P48 
 61941.011  26.047   25.92  25.817   6629.82     3631.0  orange 
 61941.011  26.054   25.93  25.826   6198.96     3631.0       r 
 61941.011  26.069  25.935  25.827   7645.77     3631.0       i 
 61941.011  26.125  26.005  25.899   5182.42     3631.0    cyan 
 61941.011  26.171   26.05  25.933  10023.96     3631.0       z 
 61941.011  26.209  26.086  25.982   4746.48     3631.0   g-P48 
 61941.011  26.216  26.093  25.986   4735.89     3631.0       g 
  61943.25  26.048  25.924  25.821   6366.38     3631.0   r-P48 
  61943.25  26.053  25.925  25.822   6629.82     3631.0  orange 
  61943.25   26.06  25.936  25.832   6198.96     3631.0       r 
  61943.25  26.074   25.94  25.833   7645.77     3631.0       i 
  61943.25  26.131  26.011  25.905   5182.42     3631.0    cyan 
  61943.25  26.177  26.056  25.938  10023.96     3631.0       z 
  61943.25  26.215  26.092  25.987   4746.48     3631.0   g-P48 
  61943.25  26.221  26.099  25.992   4735.89     3631.0       g 
 61945.488  26.054   25.93  25.826   6366.38     3631.0   r-P48 
 61945.488  26.059  25.931  25.828   6629.82     3631.0  orange 
 61945.488  26.065  25.941  25.837   6198.96     3631.0       r 
 61945.488   26.08  25.946  25.838   7645.77     3631.0       i 
 61945.488  26.137  26.016  25.911   5182.42     3631.0    cyan 
 61945.488  26.182  26.062  25.944  10023.96     3631.0       z 
 61945.488   26.22  26.097  25.993   4746.48     3631.0   g-P48 
 61945.488  26.227  26.105  25.997   4735.89     3631.0       g 
 61947.726   26.06  25.936  25.832   6366.38     3631.0   r-P48 
 61947.726  26.064  25.937  25.833   6629.82     3631.0  orange 
 61947.726  26.071  25.947  25.843   6198.96     3631.0       r 
 61947.726  26.086  25.952  25.844   7645.77     3631.0       i 
 61947.726  26.142  26.022  25.916   5182.42     3631.0    cyan 
 61947.726  26.188  26.067  25.949  10023.96     3631.0       z 
 61947.726  26.226  26.103  25.998   4746.48     3631.0   g-P48 
 61947.726  26.233   26.11  26.003   4735.89     3631.0       g 
 61949.965  26.065  25.941  25.838   6366.38     3631.0   r-P48 
 61949.965   26.07  25.942  25.839   6629.82     3631.0  orange 
 61949.965  26.076  25.953  25.848   6198.96     3631.0       r 
 61949.965  26.091  25.957   25.85   7645.77     3631.0       i 
 61949.965  26.148  26.027  25.922   5182.42     3631.0    cyan 
 61949.965  26.194  26.073  25.955  10023.96     3631.0       z 
 61949.965  26.232  26.109  26.004   4746.48     3631.0   g-P48 
 61949.965  26.238  26.116  26.009   4735.89     3631.0       g 
 61952.203  26.071  25.947  25.843   6366.38     3631.0   r-P48 
 61952.203  26.076  25.948  25.845   6629.82     3631.0  orange 
 61952.203  26.082  25.958  25.854   6198.96     3631.0       r 
 61952.203  26.097  25.963  25.855   7645.77     3631.0       i 
 61952.203  26.154  26.033  25.927   5182.42     3631.0    cyan 
 61952.203  26.199  26.078  25.961  10023.96     3631.0       z 
 61952.203  26.237  26.114   26.01   4746.48     3631.0   g-P48 
 61952.203  26.244  26.122  26.014   4735.89     3631.0       g 
 61954.442  26.077  25.952  25.849   6366.38     3631.0   r-P48 
 61954.442  26.081  25.954   25.85   6629.82     3631.0  orange 
 61954.442  26.088  25.964  25.859   6198.96     3631.0       r 
 61954.442  26.103  25.968  25.861   7645.77     3631.0       i 
 61954.442  26.159  26.039  25.933   5182.42     3631.0    cyan 
 61954.442  26.205  26.084  25.966  10023.96     3631.0       z 
 61954.442  26.243   26.12  26.015   4746.48     3631.0   g-P48 
 61954.442   26.25  26.127   26.02   4735.89     3631.0       g 
  61956.68  26.082  25.958  25.854   6366.38     3631.0   r-P48 
  61956.68  26.087  25.959  25.856   6629.82     3631.0  orange 
  61956.68  26.093  25.969  25.865   6198.96     3631.0       r 
  61956.68  26.108  25.974  25.866   7645.77     3631.0       i 
  61956.68  26.165  26.044  25.938   5182.42     3631.0    cyan 
  61956.68  26.211   26.09  25.972  10023.96     3631.0       z 
  61956.68  26.249  26.126  26.021   4746.48     3631.0   g-P48 
  61956.68  26.255  26.133  26.025   4735.89     3631.0       g 
 61958.918  26.088  25.963   25.86   6366.38     3631.0   r-P48 
 61958.918  26.092  25.965  25.861   6629.82     3631.0  orange 
 61958.918  26.099  25.975  25.871   6198.96     3631.0       r 
 61958.918  26.114   25.98  25.872   7645.77     3631.0       i 
 61958.918   26.17   26.05  25.944   5182.42     3631.0    cyan 
 61958.918  26.216  26.095  25.977  10023.96     3631.0       z 
 61958.918  26.254  26.131  26.026   4746.48     3631.0   g-P48 
 61958.918  26.261  26.138  26.031   4735.89     3631.0       g 
 61961.157  26.093  25.969  25.865   6366.38     3631.0   r-P48 
 61961.157  26.098   25.97  25.867   6629.82     3631.0  orange 
 61961.157  26.104   25.98  25.876   6198.96     3631.0       r 
 61961.157   26.12  25.985  25.878   7645.77     3631.0       i 
 61961.157  26.176  26.056   25.95   5182.42     3631.0    cyan 
 61961.157  26.222  26.101  25.983  10023.96     3631.0       z 
 61961.157   26.26  26.137  26.032   4746.48     3631.0   g-P48 
 61961.157  26.266  26.144  26.036   4735.89     3631.0       g 
 61963.395  26.099  25.975  25.871   6366.38     3631.0   r-P48 
 61963.395  26.103  25.976  25.872   6629.82     3631.0  orange 
 61963.395   26.11  25.986  25.882   6198.96     3631.0       r 
 61963.395  26.125  25.991  25.883   7645.77     3631.0       i 
 61963.395  26.182  26.061  25.955   5182.42     3631.0    cyan 
 61963.395  26.227  26.106  25.989  10023.96     3631.0       z 
 61963.395  26.265  26.142  26.037   4746.48     3631.0   g-P48 
 61963.395  26.272  26.149  26.042   4735.89     3631.0       g 
 61965.633  26.105   25.98  25.876   6366.38     3631.0   r-P48 
 61965.633  26.109  25.982  25.878   6629.82     3631.0  orange 
 61965.633  26.116  25.991  25.887   6198.96     3631.0       r 
 61965.633  26.131  25.996  25.889   7645.77     3631.0       i 
 61965.633  26.187  26.067  25.961   5182.42     3631.0    cyan 
 61965.633  26.233  26.112  25.994  10023.96     3631.0       z 
 61965.633  26.271  26.148  26.043   4746.48     3631.0   g-P48 
 61965.633  26.278  26.155  26.047   4735.89     3631.0       g 
 61967.872   26.11  25.986  25.882   6366.38     3631.0   r-P48 
 61967.872  26.115  25.987  25.883   6629.82     3631.0  orange 
 61967.872  26.121  25.997  25.893   6198.96     3631.0       r 
 61967.872  26.136  26.002  25.894   7645.77     3631.0       i 
 61967.872  26.193  26.072  25.966   5182.42     3631.0    cyan 
 61967.872  26.239  26.117    26.0  10023.96     3631.0       z 
 61967.872  26.277  26.154  26.048   4746.48     3631.0   g-P48 
 61967.872  26.283  26.161  26.053   4735.89     3631.0       g 
  61970.11  26.116  25.991  25.888   6366.38     3631.0   r-P48 
  61970.11   26.12  25.993  25.889   6629.82     3631.0  orange 
  61970.11  26.127  26.002  25.898   6198.96     3631.0       r 
  61970.11  26.142  26.007    25.9   7645.77     3631.0       i 
  61970.11  26.198  26.078  25.972   5182.42     3631.0    cyan 
  61970.11  26.244  26.123  26.005  10023.96     3631.0       z 
  61970.11  26.282  26.159  26.054   4746.48     3631.0   g-P48 
  61970.11  26.289  26.166  26.058   4735.89     3631.0       g 
 61972.348  26.121  25.997  25.893   6366.38     3631.0   r-P48 
 61972.348  26.126  25.998  25.894   6629.82     3631.0  orange 
 61972.348  26.132  26.008  25.904   6198.96     3631.0       r 
 61972.348  26.148  26.013  25.905   7645.77     3631.0       i 
 61972.348  26.204  26.083  25.977   5182.42     3631.0    cyan 
 61972.348   26.25  26.128  26.011  10023.96     3631.0       z 
 61972.348  26.288  26.165  26.059   4746.48     3631.0   g-P48 
 61972.348  26.294  26.172  26.064   4735.89     3631.0       g 
 61974.587  26.127  26.002  25.899   6366.38     3631.0   r-P48 
 61974.587  26.131  26.004    25.9   6629.82     3631.0  orange 
 61974.587  26.138  26.013  25.909   6198.96     3631.0       r 
 61974.587  26.153  26.018  25.911   7645.77     3631.0       i 
 61974.587  26.209  26.089  25.983   5182.42     3631.0    cyan 
 61974.587  26.255  26.134  26.016  10023.96     3631.0       z 
 61974.587  26.293   26.17  26.065   4746.48     3631.0   g-P48 
 61974.587    26.3  26.177  26.069   4735.89     3631.0       g 
 61976.825  26.132  26.008  25.904   6366.38     3631.0   r-P48 
 61976.825  26.137  26.009  25.905   6629.82     3631.0  orange 
 61976.825  26.143  26.019  25.915   6198.96     3631.0       r 
 61976.825  26.159  26.024  25.916   7645.77     3631.0       i 
 61976.825  26.215  26.094  25.988   5182.42     3631.0    cyan 
 61976.825  26.261  26.139  26.022  10023.96     3631.0       z 
 61976.825  26.299  26.176   26.07   4746.48     3631.0   g-P48 
 61976.825  26.306  26.183  26.075   4735.89     3631.0       g 
 61979.063  26.138  26.013   25.91   6366.38     3631.0   r-P48 
 61979.063  26.142  26.015  25.911   6629.82     3631.0  orange 
 61979.063  26.149  26.024   25.92   6198.96     3631.0       r 
 61979.063  26.164   26.03  25.922   7645.77     3631.0       i 
 61979.063   26.22    26.1  25.994   5182.42     3631.0    cyan 
 61979.063  26.266  26.145  26.027  10023.96     3631.0       z 
 61979.063  26.304  26.181  26.076   4746.48     3631.0   g-P48 
 61979.063  26.311  26.188   26.08   4735.89     3631.0       g 
 61981.302  26.143  26.019  25.915   6366.38     3631.0   r-P48 
 61981.302  26.148  26.021  25.916   6629.82     3631.0  orange 
 61981.302  26.154   26.03  25.926   6198.96     3631.0       r 
 61981.302   26.17  26.035  25.927   7645.77     3631.0       i 
 61981.302  26.226  26.105  25.999   5182.42     3631.0    cyan 
 61981.302  26.272   26.15  26.033  10023.96     3631.0       z 
 61981.302   26.31  26.187  26.081   4746.48     3631.0   g-P48 
 61981.302  26.317  26.194  26.086   4735.89     3631.0       g 
  61983.54  26.149  26.024  25.921   6366.38     3631.0   r-P48 
  61983.54  26.153  26.026  25.922   6629.82     3631.0  orange 
  61983.54   26.16  26.035  25.931   6198.96     3631.0       r 
  61983.54  26.175  26.041  25.933   7645.77     3631.0       i 
  61983.54  26.231  26.111  26.005   5182.42     3631.0    cyan 
  61983.54  26.278  26.156  26.038  10023.96     3631.0       z 
  61983.54  26.315  26.192  26.087   4746.48     3631.0   g-P48 
  61983.54  26.322  26.199  26.091   4735.89     3631.0       g 
 61985.778  26.154   26.03  25.926   6366.38     3631.0   r-P48 
 61985.778  26.159  26.032  25.927   6629.82     3631.0  orange 
 61985.778  26.165  26.041  25.936   6198.96     3631.0       r 
 61985.778  26.181  26.046  25.938   7645.77     3631.0       i 
 61985.778  26.237  26.117   26.01   5182.42     3631.0    cyan 
 61985.778  26.283  26.161  26.044  10023.96     3631.0       z 
 61985.778  26.321  26.198  26.092   4746.48     3631.0   g-P48 
 61985.778  26.328  26.205  26.097   4735.89     3631.0       g 
 61988.017   26.16  26.035  25.931   6366.38     3631.0   r-P48 
 61988.017  26.165  26.037  25.933   6629.82     3631.0  orange 
 61988.017  26.171  26.046  25.942   6198.96     3631.0       r 
 61988.017  26.186  26.052  25.944   7645.77     3631.0       i 
 61988.017  26.242  26.122  26.016   5182.42     3631.0    cyan 
 61988.017  26.289  26.167  26.049  10023.96     3631.0       z 
 61988.017  26.326  26.204  26.098   4746.48     3631.0   g-P48 
 61988.017  26.333   26.21  26.102   4735.89     3631.0       g 
 61990.255  26.165   26.04  25.937   6366.38     3631.0   r-P48 
 61990.255   26.17  26.043  25.938   6629.82     3631.0  orange 
 61990.255  26.176  26.052  25.947   6198.96     3631.0       r 
 61990.255  26.192  26.057  25.949   7645.77     3631.0       i 
 61990.255  26.248  26.128  26.021   5182.42     3631.0    cyan 
 61990.255  26.294  26.172  26.055  10023.96     3631.0       z 
 61990.255  26.332  26.209  26.103   4746.48     3631.0   g-P48 
 61990.255  26.339  26.216  26.108   4735.89     3631.0       g 
 61992.493  26.171  26.046  25.942   6366.38     3631.0   r-P48 
 61992.493  26.176  26.048  25.944   6629.82     3631.0  orange 
 61992.493  26.182  26.057  25.953   6198.96     3631.0       r 
 61992.493  26.197  26.062  25.955   7645.77     3631.0       i 
 61992.493  26.253  26.133  26.027   5182.42     3631.0    cyan 
 61992.493    26.3  26.178   26.06  10023.96     3631.0       z 
 61992.493  26.337  26.215  26.109   4746.48     3631.0   g-P48 
 61992.493  26.344  26.221  26.113   4735.89     3631.0       g 
 61994.732  26.176  26.051  25.948   6366.38     3631.0   r-P48 
 61994.732  26.181  26.054  25.949   6629.82     3631.0  orange 
 61994.732  26.187  26.063  25.958   6198.96     3631.0       r 
 61994.732  26.203  26.068   25.96   7645.77     3631.0       i 
 61994.732  26.259  26.139  26.032   5182.42     3631.0    cyan 
 61994.732  26.305  26.183  26.066  10023.96     3631.0       z 
 61994.732  26.343   26.22  26.114   4746.48     3631.0   g-P48 
 61994.732   26.35  26.227  26.119   4735.89     3631.0       g 
  61996.97  26.182  26.057  25.953   6366.38     3631.0   r-P48 
  61996.97  26.187  26.059  25.955   6629.82     3631.0  orange 
  61996.97  26.193  26.068  25.964   6198.96     3631.0       r 
  61996.97  26.208  26.073  25.966   7645.77     3631.0       i 
  61996.97  26.264  26.144  26.037   5182.42     3631.0    cyan 
  61996.97  26.311  26.188  26.071  10023.96     3631.0       z 
  61996.97  26.348  26.226   26.12   4746.48     3631.0   g-P48 
  61996.97  26.355  26.232  26.124   4735.89     3631.0       g 
 61999.209  26.187  26.062  25.959   6366.38     3631.0   r-P48 
 61999.209  26.192  26.065   25.96   6629.82     3631.0  orange 
 61999.209  26.198  26.074  25.969   6198.96     3631.0       r 
 61999.209  26.214  26.079  25.971   7645.77     3631.0       i 
 61999.209   26.27  26.149  26.043   5182.42     3631.0    cyan 
 61999.209  26.316  26.194  26.077  10023.96     3631.0       z 
 61999.209  26.354  26.231  26.125   4746.48     3631.0   g-P48 
 61999.209  26.361  26.238   26.13   4735.89     3631.0       g 
 62001.447  26.193  26.068  25.964   6366.38     3631.0   r-P48 
 62001.447  26.198   26.07  25.965   6629.82     3631.0  orange 
 62001.447  26.204  26.079  25.974   6198.96     3631.0       r 
 62001.447  26.219  26.084  25.977   7645.77     3631.0       i 
 62001.447  26.275  26.155  26.048   5182.42     3631.0    cyan 
 62001.447  26.322  26.199  26.082  10023.96     3631.0       z 
 62001.447  26.359  26.237   26.13   4746.48     3631.0   g-P48 
 62001.447  26.366  26.243  26.135   4735.89     3631.0       g 
 62003.685  26.198  26.073   25.97   6366.38     3631.0   r-P48 
 62003.685  26.203  26.075  25.971   6629.82     3631.0  orange 
 62003.685  26.209  26.084   25.98   6198.96     3631.0       r 
 62003.685  26.225   26.09  25.982   7645.77     3631.0       i 
 62003.685  26.281   26.16  26.054   5182.42     3631.0    cyan 
 62003.685  26.327  26.205  26.088  10023.96     3631.0       z 
 62003.685  26.364  26.242  26.136   4746.48     3631.0   g-P48 
 62003.685  26.372  26.249   26.14   4735.89     3631.0       g 
 62005.924  26.204  26.078  25.975   6366.38     3631.0   r-P48 
 62005.924  26.209  26.081  25.976   6629.82     3631.0  orange 
 62005.924  26.215   26.09  25.985   6198.96     3631.0       r 
 62005.924   26.23  26.095  25.987   7645.77     3631.0       i 
 62005.924  26.286  26.166  26.059   5182.42     3631.0    cyan 
 62005.924  26.333   26.21  26.093  10023.96     3631.0       z 
 62005.924   26.37  26.247  26.141   4746.48     3631.0   g-P48 
 62005.924  26.377  26.254  26.146   4735.89     3631.0       g 
 62008.162  26.209  26.084   25.98   6366.38     3631.0   r-P48 
 62008.162  26.214  26.086  25.982   6629.82     3631.0  orange 
 62008.162   26.22  26.095  25.991   6198.96     3631.0       r 
 62008.162  26.236  26.101  25.993   7645.77     3631.0       i 
 62008.162  26.292  26.171  26.064   5182.42     3631.0    cyan 
 62008.162  26.338  26.215  26.098  10023.96     3631.0       z 
 62008.162  26.375  26.253  26.147   4746.48     3631.0   g-P48 
 62008.162  26.383  26.259  26.151   4735.89     3631.0       g 
   62010.4  26.214  26.089  25.986   6366.38     3631.0   r-P48 
   62010.4   26.22  26.092  25.987   6629.82     3631.0  orange 
   62010.4  26.226  26.101  25.996   6198.96     3631.0       r 
   62010.4  26.241  26.106  25.998   7645.77     3631.0       i 
   62010.4  26.297  26.177   26.07   5182.42     3631.0    cyan 
   62010.4  26.343  26.221  26.104  10023.96     3631.0       z 
   62010.4  26.381  26.258  26.152   4746.48     3631.0   g-P48 
   62010.4  26.388  26.265  26.157   4735.89     3631.0       g 
 62012.639   26.22  26.095  25.991   6366.38     3631.0   r-P48 
 62012.639  26.225  26.097  25.993   6629.82     3631.0  orange 
 62012.639  26.231  26.106  26.001   6198.96     3631.0       r 
 62012.639  26.247  26.111  26.004   7645.77     3631.0       i 
 62012.639  26.302  26.182  26.075   5182.42     3631.0    cyan 
 62012.639  26.349  26.226  26.109  10023.96     3631.0       z 
 62012.639  26.386  26.264  26.157   4746.48     3631.0   g-P48 
 62012.639  26.394   26.27  26.162   4735.89     3631.0       g 
 62014.877  26.225    26.1  25.997   6366.38     3631.0   r-P48 
 62014.877  26.231  26.103  25.998   6629.82     3631.0  orange 
 62014.877  26.236  26.111  26.007   6198.96     3631.0       r 
 62014.877  26.252  26.117  26.009   7645.77     3631.0       i 
 62014.877  26.308  26.188  26.081   5182.42     3631.0    cyan 
 62014.877  26.354  26.232  26.115  10023.96     3631.0       z 
 62014.877  26.392  26.269  26.163   4746.48     3631.0   g-P48 
 62014.877  26.399  26.276  26.167   4735.89     3631.0       g 
 62017.115  26.231  26.105  26.002   6366.38     3631.0   r-P48 
 62017.115  26.236  26.108  26.003   6629.82     3631.0  orange 
 62017.115  26.242  26.117  26.012   6198.96     3631.0       r 
 62017.115  26.258  26.122  26.014   7645.77     3631.0       i 
 62017.115  26.313  26.193  26.086   5182.42     3631.0    cyan 
 62017.115   26.36  26.237   26.12  10023.96     3631.0       z 
 62017.115  26.397  26.275  26.168   4746.48     3631.0   g-P48 
 62017.115  26.405  26.281  26.173   4735.89     3631.0       g 
 62019.354  26.236  26.111  26.007   6366.38     3631.0   r-P48 
 62019.354  26.242  26.114  26.009   6629.82     3631.0  orange 
 62019.354  26.247  26.122  26.017   6198.96     3631.0       r 
 62019.354  26.263  26.128   26.02   7645.77     3631.0       i 
 62019.354  26.319  26.198  26.091   5182.42     3631.0    cyan 
 62019.354  26.365  26.242  26.125  10023.96     3631.0       z 
 62019.354  26.402   26.28  26.174   4746.48     3631.0   g-P48 
 62019.354   26.41  26.286  26.178   4735.89     3631.0       g 
 62021.592  26.242  26.116  26.013   6366.38     3631.0   r-P48 
 62021.592  26.247  26.119  26.014   6629.82     3631.0  orange 
 62021.592  26.253  26.127  26.023   6198.96     3631.0       r 
 62021.592  26.269  26.133  26.025   7645.77     3631.0       i 
 62021.592  26.324  26.204  26.097   5182.42     3631.0    cyan 
 62021.592  26.371  26.248  26.131  10023.96     3631.0       z 
 62021.592  26.408  26.286  26.179   4746.48     3631.0   g-P48 
 62021.592  26.415  26.292  26.183   4735.89     3631.0       g 
  62023.83  26.247  26.121  26.018   6366.38     3631.0   r-P48 
  62023.83  26.252  26.124  26.019   6629.82     3631.0  orange 
  62023.83  26.258  26.133  26.028   6198.96     3631.0       r 
  62023.83  26.274  26.138  26.031   7645.77     3631.0       i 
  62023.83  26.329  26.209  26.102   5182.42     3631.0    cyan 
  62023.83  26.376  26.253  26.136  10023.96     3631.0       z 
  62023.83  26.413  26.291  26.184   4746.48     3631.0   g-P48 
  62023.83  26.421  26.297  26.189   4735.89     3631.0       g 
 62026.069  26.252  26.127  26.023   6366.38     3631.0   r-P48 
 62026.069  26.258   26.13  26.025   6629.82     3631.0  orange 
 62026.069  26.264  26.138  26.033   6198.96     3631.0       r 
 62026.069  26.279  26.144  26.036   7645.77     3631.0       i 
 62026.069  26.335  26.215  26.107   5182.42     3631.0    cyan 
 62026.069  26.381  26.258  26.142  10023.96     3631.0       z 
 62026.069  26.419  26.296   26.19   4746.48     3631.0   g-P48 
 62026.069  26.426  26.302  26.194   4735.89     3631.0       g 
 62028.307  26.258  26.132  26.029   6366.38     3631.0   r-P48 
 62028.307  26.263  26.135   26.03   6629.82     3631.0  orange 
 62028.307  26.269  26.143  26.039   6198.96     3631.0       r 
 62028.307  26.285  26.149  26.041   7645.77     3631.0       i 
 62028.307   26.34   26.22  26.113   5182.42     3631.0    cyan 
 62028.307  26.387  26.264  26.147  10023.96     3631.0       z 
 62028.307  26.424  26.302  26.195   4746.48     3631.0   g-P48 
 62028.307  26.432  26.308  26.199   4735.89     3631.0       g 
 62030.545  26.263  26.137  26.034   6366.38     3631.0   r-P48 
 62030.545  26.269   26.14  26.035   6629.82     3631.0  orange 
 62030.545  26.274  26.149  26.044   6198.96     3631.0       r 
 62030.545   26.29  26.154  26.047   7645.77     3631.0       i 
 62030.545  26.346  26.225  26.118   5182.42     3631.0    cyan 
 62030.545  26.392  26.269  26.152  10023.96     3631.0       z 
 62030.545  26.429  26.307    26.2   4746.48     3631.0   g-P48 
 62030.545  26.437  26.313  26.205   4735.89     3631.0       g 
 62032.784  26.268  26.143  26.039   6366.38     3631.0   r-P48 
 62032.784  26.274  26.146  26.041   6629.82     3631.0  orange 
 62032.784   26.28  26.154  26.049   6198.96     3631.0       r 
 62032.784  26.296   26.16  26.052   7645.77     3631.0       i 
 62032.784  26.351  26.231  26.124   5182.42     3631.0    cyan 
 62032.784  26.398  26.274  26.158  10023.96     3631.0       z 
 62032.784  26.435  26.313  26.206   4746.48     3631.0   g-P48 
 62032.784  26.442  26.318   26.21   4735.89     3631.0       g 
 62035.022  26.274  26.148  26.045   6366.38     3631.0   r-P48 
 62035.022   26.28  26.151  26.046   6629.82     3631.0  orange 
 62035.022  26.285  26.159  26.055   6198.96     3631.0       r 
 62035.022  26.301  26.165  26.057   7645.77     3631.0       i 
 62035.022  26.356  26.236  26.129   5182.42     3631.0    cyan 
 62035.022  26.403   26.28  26.163  10023.96     3631.0       z 
 62035.022   26.44  26.318  26.211   4746.48     3631.0   g-P48 
 62035.022  26.448  26.324  26.215   4735.89     3631.0       g 
 62037.261  26.279  26.153   26.05   6366.38     3631.0   r-P48 
 62037.261  26.285  26.157  26.051   6629.82     3631.0  orange 
 62037.261   26.29  26.165   26.06   6198.96     3631.0       r 
 62037.261  26.306   26.17  26.063   7645.77     3631.0       i 
 62037.261  26.362  26.241  26.134   5182.42     3631.0    cyan 
 62037.261  26.408  26.285  26.168  10023.96     3631.0       z 
 62037.261  26.445  26.323  26.216   4746.48     3631.0   g-P48 
 62037.261  26.453  26.329  26.221   4735.89     3631.0       g 
 62039.499  26.285  26.159  26.055   6366.38     3631.0   r-P48 
 62039.499   26.29  26.162  26.057   6629.82     3631.0  orange 
 62039.499  26.296   26.17  26.065   6198.96     3631.0       r 
 62039.499  26.312  26.176  26.068   7645.77     3631.0       i 
 62039.499  26.367  26.247  26.139   5182.42     3631.0    cyan 
 62039.499  26.414   26.29  26.174  10023.96     3631.0       z 
 62039.499  26.451  26.329  26.221   4746.48     3631.0   g-P48 
 62039.499  26.459  26.334  26.226   4735.89     3631.0       g 
 62041.737   26.29  26.164  26.061   6366.38     3631.0   r-P48 
 62041.737  26.296  26.167  26.062   6629.82     3631.0  orange 
 62041.737  26.301  26.175  26.071   6198.96     3631.0       r 
 62041.737  26.317  26.181  26.073   7645.77     3631.0       i 
 62041.737  26.372  26.252  26.145   5182.42     3631.0    cyan 
 62041.737  26.419  26.296  26.179  10023.96     3631.0       z 
 62041.737  26.456  26.334  26.227   4746.48     3631.0   g-P48 
 62041.737  26.464   26.34  26.231   4735.89     3631.0       g 
 62043.976  26.295  26.169  26.066   6366.38     3631.0   r-P48 
 62043.976  26.301  26.173  26.067   6629.82     3631.0  orange 
 62043.976  26.306  26.181  26.076   6198.96     3631.0       r 
 62043.976  26.322  26.186  26.079   7645.77     3631.0       i 
 62043.976  26.378  26.257   26.15   5182.42     3631.0    cyan 
 62043.976  26.424  26.301  26.184  10023.96     3631.0       z 
 62043.976  26.461  26.339  26.232   4746.48     3631.0   g-P48 
 62043.976  26.469  26.345  26.237   4735.89     3631.0       g 
 62046.214  26.301  26.175  26.071   6366.38     3631.0   r-P48 
 62046.214  26.306  26.178  26.073   6629.82     3631.0  orange 
 62046.214  26.312  26.186  26.081   6198.96     3631.0       r 
 62046.214  26.328  26.192  26.084   7645.77     3631.0       i 
 62046.214  26.383  26.263  26.155   5182.42     3631.0    cyan 
 62046.214   26.43  26.306   26.19  10023.96     3631.0       z 
 62046.214  26.467  26.345  26.237   4746.48     3631.0   g-P48 
 62046.214  26.475   26.35  26.242   4735.89     3631.0       g 
 62048.452  26.306   26.18  26.077   6366.38     3631.0   r-P48 
 62048.452  26.312  26.183  26.078   6629.82     3631.0  orange 
 62048.452  26.317  26.191  26.086   6198.96     3631.0       r 
 62048.452  26.333  26.197  26.089   7645.77     3631.0       i 
 62048.452  26.389  26.268  26.161   5182.42     3631.0    cyan 
 62048.452  26.435  26.312  26.195  10023.96     3631.0       z 
 62048.452  26.472   26.35  26.243   4746.48     3631.0   g-P48 
 62048.452   26.48  26.356  26.247   4735.89     3631.0       g 
 62050.691  26.311  26.185  26.082   6366.38     3631.0   r-P48 
 62050.691  26.317  26.189  26.083   6629.82     3631.0  orange 
 62050.691  26.322  26.197  26.092   6198.96     3631.0       r 
 62050.691  26.338  26.202  26.094   7645.77     3631.0       i 
 62050.691  26.394  26.273  26.166   5182.42     3631.0    cyan 
 62050.691   26.44  26.317    26.2  10023.96     3631.0       z 
 62050.691  26.477  26.355  26.248   4746.48     3631.0   g-P48 
 62050.691  26.485  26.361  26.253   4735.89     3631.0       g 
 62052.929  26.316   26.19  26.087   6366.38     3631.0   r-P48 
 62052.929  26.323  26.194  26.088   6629.82     3631.0  orange 
 62052.929  26.328  26.202  26.097   6198.96     3631.0       r 
 62052.929  26.344  26.208    26.1   7645.77     3631.0       i 
 62052.929  26.399  26.279  26.171   5182.42     3631.0    cyan 
 62052.929  26.446  26.322  26.206  10023.96     3631.0       z 
 62052.929  26.483  26.361  26.253   4746.48     3631.0   g-P48 
 62052.929   26.49  26.366  26.258   4735.89     3631.0       g 
 62055.167  26.322  26.196  26.092   6366.38     3631.0   r-P48 
 62055.167  26.328  26.199  26.094   6629.82     3631.0  orange 
 62055.167  26.333  26.207  26.102   6198.96     3631.0       r 
 62055.167  26.349  26.213  26.105   7645.77     3631.0       i 
 62055.167  26.405  26.284  26.176   5182.42     3631.0    cyan 
 62055.167  26.451  26.327  26.211  10023.96     3631.0       z 
 62055.167  26.488  26.366  26.258   4746.48     3631.0   g-P48 
 62055.167  26.496  26.371  26.263   4735.89     3631.0       g 
 62057.406  26.327  26.201  26.098   6366.38     3631.0   r-P48 
 62057.406  26.333  26.205  26.099   6629.82     3631.0  orange 
 62057.406  26.338  26.212  26.107   6198.96     3631.0       r 
 62057.406  26.354  26.218   26.11   7645.77     3631.0       i 
 62057.406   26.41  26.289  26.182   5182.42     3631.0    cyan 
 62057.406  26.456  26.333  26.216  10023.96     3631.0       z 
 62057.406  26.493  26.371  26.264   4746.48     3631.0   g-P48 
 62057.406  26.501  26.377  26.268   4735.89     3631.0       g 
 62059.644  26.332  26.206  26.103   6366.38     3631.0   r-P48 
 62059.644  26.339   26.21  26.104   6629.82     3631.0  orange 
 62059.644  26.344  26.218  26.113   6198.96     3631.0       r 
 62059.644   26.36  26.223  26.116   7645.77     3631.0       i 
 62059.644  26.415  26.295  26.187   5182.42     3631.0    cyan 
 62059.644  26.462  26.338  26.221  10023.96     3631.0       z 
 62059.644  26.498  26.377  26.269   4746.48     3631.0   g-P48 
 62059.644  26.506  26.382  26.274   4735.89     3631.0       g 
 62061.882  26.338  26.212  26.108   6366.38     3631.0   r-P48 
 62061.882  26.344  26.215  26.109   6629.82     3631.0  orange 
 62061.882  26.349  26.223  26.118   6198.96     3631.0       r 
 62061.882  26.365  26.229  26.121   7645.77     3631.0       i 
 62061.882  26.421    26.3  26.192   5182.42     3631.0    cyan 
 62061.882  26.467  26.343  26.227  10023.96     3631.0       z 
 62061.882  26.504  26.382  26.274   4746.48     3631.0   g-P48 
 62061.882  26.512  26.387  26.279   4735.89     3631.0       g 
 62064.121  26.343  26.217  26.113   6366.38     3631.0   r-P48 
 62064.121  26.349   26.22  26.115   6629.82     3631.0  orange 
 62064.121  26.354  26.228  26.123   6198.96     3631.0       r 
 62064.121   26.37  26.234  26.126   7645.77     3631.0       i 
 62064.121  26.426  26.305  26.197   5182.42     3631.0    cyan 
 62064.121  26.472  26.349  26.232  10023.96     3631.0       z 
 62064.121  26.509  26.387  26.279   4746.48     3631.0   g-P48 
 62064.121  26.517  26.393  26.284   4735.89     3631.0       g 
 62066.359  26.348  26.222  26.119   6366.38     3631.0   r-P48 
 62066.359  26.354  26.226   26.12   6629.82     3631.0  orange 
 62066.359  26.359  26.233  26.128   6198.96     3631.0       r 
 62066.359  26.376  26.239  26.131   7645.77     3631.0       i 
 62066.359  26.431   26.31  26.203   5182.42     3631.0    cyan 
 62066.359  26.478  26.354  26.237  10023.96     3631.0       z 
 62066.359  26.514  26.392  26.284   4746.48     3631.0   g-P48 
 62066.359  26.522  26.398  26.289   4735.89     3631.0       g 
 62068.597  26.353  26.227  26.124   6366.38     3631.0   r-P48 
 62068.597   26.36  26.231  26.125   6629.82     3631.0  orange 
 62068.597  26.365  26.238  26.134   6198.96     3631.0       r 
 62068.597  26.381  26.244  26.137   7645.77     3631.0       i 
 62068.597  26.436  26.316  26.208   5182.42     3631.0    cyan 
 62068.597  26.483  26.359  26.242  10023.96     3631.0       z 
 62068.597  26.519  26.398   26.29   4746.48     3631.0   g-P48 
 62068.597  26.527  26.403  26.295   4735.89     3631.0       g 
 62070.836  26.359  26.233  26.129   6366.38     3631.0   r-P48 
 62070.836  26.365  26.236   26.13   6629.82     3631.0  orange 
 62070.836   26.37  26.244  26.139   6198.96     3631.0       r 
 62070.836  26.386   26.25  26.142   7645.77     3631.0       i 
 62070.836  26.442  26.321  26.213   5182.42     3631.0    cyan 
 62070.836  26.488  26.364  26.248  10023.96     3631.0       z 
 62070.836  26.525  26.403  26.295   4746.48     3631.0   g-P48 
 62070.836  26.533  26.408    26.3   4735.89     3631.0       g 
 62073.074  26.364  26.238  26.134   6366.38     3631.0   r-P48 
 62073.074   26.37  26.242  26.136   6629.82     3631.0  orange 
 62073.074  26.375  26.249  26.144   6198.96     3631.0       r 
 62073.074  26.391  26.255  26.147   7645.77     3631.0       i 
 62073.074  26.447  26.326  26.218   5182.42     3631.0    cyan 
 62073.074  26.493   26.37  26.253  10023.96     3631.0       z 
 62073.074   26.53  26.408    26.3   4746.48     3631.0   g-P48 
 62073.074  26.538  26.414  26.305   4735.89     3631.0       g 
 62075.312  26.369  26.243   26.14   6366.38     3631.0   r-P48 
 62075.312  26.376  26.247  26.141   6629.82     3631.0  orange 
 62075.312   26.38  26.254  26.149   6198.96     3631.0       r 
 62075.312  26.397   26.26  26.152   7645.77     3631.0       i 
 62075.312  26.452  26.331  26.224   5182.42     3631.0    cyan 
 62075.312  26.499  26.375  26.258  10023.96     3631.0       z 
 62075.312  26.535  26.414  26.305   4746.48     3631.0   g-P48 
 62075.312  26.543  26.419   26.31   4735.89     3631.0       g 
 62077.551  26.374  26.248  26.145   6366.38     3631.0   r-P48 
 62077.551  26.381  26.252  26.146   6629.82     3631.0  orange 
 62077.551  26.386  26.259  26.154   6198.96     3631.0       r 
 62077.551  26.402  26.265  26.157   7645.77     3631.0       i 
 62077.551  26.458  26.337  26.229   5182.42     3631.0    cyan 
 62077.551  26.504   26.38  26.263  10023.96     3631.0       z 
 62077.551   26.54  26.419   26.31   4746.48     3631.0   g-P48 
 62077.551  26.548  26.424  26.315   4735.89     3631.0       g 
 62079.789   26.38  26.254   26.15   6366.38     3631.0   r-P48 
 62079.789  26.386  26.257  26.151   6629.82     3631.0  orange 
 62079.789  26.391  26.265  26.159   6198.96     3631.0       r 
 62079.789  26.407  26.271  26.163   7645.77     3631.0       i 
 62079.789  26.463  26.342  26.234   5182.42     3631.0    cyan 
 62079.789  26.509  26.385  26.268  10023.96     3631.0       z 
 62079.789  26.546  26.424  26.316   4746.48     3631.0   g-P48 
 62079.789  26.554  26.429  26.321   4735.89     3631.0       g 
 62082.028  26.385  26.259  26.155   6366.38     3631.0   r-P48 
 62082.028  26.391  26.263  26.156   6629.82     3631.0  orange 
 62082.028  26.396   26.27  26.165   6198.96     3631.0       r 
 62082.028  26.412  26.276  26.168   7645.77     3631.0       i 
 62082.028  26.468  26.347  26.239   5182.42     3631.0    cyan 
 62082.028  26.514   26.39  26.274  10023.96     3631.0       z 
 62082.028  26.551  26.429  26.321   4746.48     3631.0   g-P48 
 62082.028  26.559  26.434  26.326   4735.89     3631.0       g 
 62084.266   26.39  26.264   26.16   6366.38     3631.0   r-P48 
 62084.266  26.397  26.268  26.162   6629.82     3631.0  orange 
 62084.266  26.401  26.275   26.17   6198.96     3631.0       r 
 62084.266  26.418  26.281  26.173   7645.77     3631.0       i 
 62084.266  26.473  26.352  26.245   5182.42     3631.0    cyan 
 62084.266   26.52  26.396  26.279  10023.96     3631.0       z 
 62084.266  26.556  26.435  26.326   4746.48     3631.0   g-P48 
 62084.266  26.564   26.44  26.331   4735.89     3631.0       g 
 62086.504  26.395  26.269  26.165   6366.38     3631.0   r-P48 
 62086.504  26.402  26.273  26.167   6629.82     3631.0  orange 
 62086.504  26.407   26.28  26.175   6198.96     3631.0       r 
 62086.504  26.423  26.286  26.178   7645.77     3631.0       i 
 62086.504  26.479  26.358   26.25   5182.42     3631.0    cyan 
 62086.504  26.525  26.401  26.284  10023.96     3631.0       z 
 62086.504  26.561   26.44  26.331   4746.48     3631.0   g-P48 
 62086.504  26.569  26.445  26.336   4735.89     3631.0       g 
 62088.743    26.4  26.274  26.171   6366.38     3631.0   r-P48 
 62088.743  26.407  26.278  26.172   6629.82     3631.0  orange 
 62088.743  26.412  26.285   26.18   6198.96     3631.0       r 
 62088.743  26.428  26.292  26.183   7645.77     3631.0       i 
 62088.743  26.484  26.363  26.255   5182.42     3631.0    cyan 
 62088.743   26.53  26.406  26.289  10023.96     3631.0       z 
 62088.743  26.566  26.445  26.336   4746.48     3631.0   g-P48 
 62088.743  26.575   26.45  26.341   4735.89     3631.0       g 
 62090.981  26.406   26.28  26.176   6366.38     3631.0   r-P48 
 62090.981  26.412  26.283  26.177   6629.82     3631.0  orange 
 62090.981  26.417   26.29  26.185   6198.96     3631.0       r 
 62090.981  26.433  26.297  26.189   7645.77     3631.0       i 
 62090.981  26.489  26.368   26.26   5182.42     3631.0    cyan 
 62090.981  26.535  26.411  26.294  10023.96     3631.0       z 
 62090.981  26.572   26.45  26.341   4746.48     3631.0   g-P48 
 62090.981   26.58  26.455  26.346   4735.89     3631.0       g 
 62093.219  26.411  26.285  26.181   6366.38     3631.0   r-P48 
 62093.219  26.418  26.289  26.182   6629.82     3631.0  orange 
 62093.219  26.422  26.296   26.19   6198.96     3631.0       r 
 62093.219  26.438  26.302  26.194   7645.77     3631.0       i 
 62093.219  26.494  26.373  26.265   5182.42     3631.0    cyan 
 62093.219   26.54  26.416  26.299  10023.96     3631.0       z 
 62093.219  26.577  26.455  26.347   4746.48     3631.0   g-P48 
 62093.219  26.585   26.46  26.352   4735.89     3631.0       g 
 62095.458  26.416   26.29  26.186   6366.38     3631.0   r-P48 
 62095.458  26.423  26.294  26.187   6629.82     3631.0  orange 
 62095.458  26.427  26.301  26.196   6198.96     3631.0       r 
 62095.458  26.444  26.307  26.199   7645.77     3631.0       i 
 62095.458  26.499  26.378   26.27   5182.42     3631.0    cyan 
 62095.458  26.546  26.421  26.305  10023.96     3631.0       z 
 62095.458  26.582  26.461  26.352   4746.48     3631.0   g-P48 
 62095.458   26.59  26.466  26.357   4735.89     3631.0       g 
 62097.696  26.421  26.295  26.191   6366.38     3631.0   r-P48 
 62097.696  26.428  26.299  26.193   6629.82     3631.0  orange 
 62097.696  26.433  26.306  26.201   6198.96     3631.0       r 
 62097.696  26.449  26.312  26.204   7645.77     3631.0       i 
 62097.696  26.505  26.384  26.276   5182.42     3631.0    cyan 
 62097.696  26.551  26.427   26.31  10023.96     3631.0       z 
 62097.696  26.587  26.466  26.357   4746.48     3631.0   g-P48 
 62097.696  26.595  26.471  26.362   4735.89     3631.0       g 
 62099.934  26.426    26.3  26.196   6366.38     3631.0   r-P48 
 62099.934  26.433  26.304  26.198   6629.82     3631.0  orange 
 62099.934  26.438  26.311  26.206   6198.96     3631.0       r 
 62099.934  26.454  26.318  26.209   7645.77     3631.0       i 
 62099.934   26.51  26.389  26.281   5182.42     3631.0    cyan 
 62099.934  26.556  26.432  26.315  10023.96     3631.0       z 
 62099.934  26.592  26.471  26.362   4746.48     3631.0   g-P48 
 62099.934  26.601  26.476  26.367   4735.89     3631.0       g 
 62102.173  26.432  26.305  26.201   6366.38     3631.0   r-P48 
 62102.173  26.439  26.309  26.203   6629.82     3631.0  orange 
 62102.173  26.443  26.316  26.211   6198.96     3631.0       r 
 62102.173  26.459  26.323  26.214   7645.77     3631.0       i 
 62102.173  26.515  26.394  26.286   5182.42     3631.0    cyan 
 62102.173  26.561  26.437   26.32  10023.96     3631.0       z 
 62102.173  26.597  26.476  26.367   4746.48     3631.0   g-P48 
 62102.173  26.606  26.481  26.372   4735.89     3631.0       g 
 62104.411  26.437  26.311  26.206   6366.38     3631.0   r-P48 
 62104.411  26.444  26.314  26.208   6629.82     3631.0  orange 
 62104.411  26.448  26.321  26.216   6198.96     3631.0       r 
 62104.411  26.464  26.328   26.22   7645.77     3631.0       i 
 62104.411   26.52  26.399  26.291   5182.42     3631.0    cyan 
 62104.411  26.566  26.442  26.325  10023.96     3631.0       z 
 62104.411  26.603  26.481  26.372   4746.48     3631.0   g-P48 
 62104.411  26.611  26.486  26.377   4735.89     3631.0       g 
 62106.649  26.442  26.316  26.212   6366.38     3631.0   r-P48 
 62106.649  26.449   26.32  26.213   6629.82     3631.0  orange 
 62106.649  26.453  26.326  26.221   6198.96     3631.0       r 
 62106.649  26.469  26.333  26.225   7645.77     3631.0       i 
 62106.649  26.525  26.404  26.296   5182.42     3631.0    cyan 
 62106.649  26.572  26.447   26.33  10023.96     3631.0       z 
 62106.649  26.608  26.487  26.377   4746.48     3631.0   g-P48 
 62106.649  26.616  26.491  26.382   4735.89     3631.0       g 
 62108.888  26.447  26.321  26.217   6366.38     3631.0   r-P48 
 62108.888  26.454  26.325  26.218   6629.82     3631.0  orange 
 62108.888  26.458  26.331  26.226   6198.96     3631.0       r 
 62108.888  26.475  26.338   26.23   7645.77     3631.0       i 
 62108.888  26.531  26.409  26.301   5182.42     3631.0    cyan 
 62108.888  26.577  26.452  26.335  10023.96     3631.0       z 
 62108.888  26.613  26.492  26.382   4746.48     3631.0   g-P48 
 62108.888  26.621  26.496  26.387   4735.89     3631.0       g 
 62111.126  26.452  26.326  26.222   6366.38     3631.0   r-P48 
 62111.126  26.459   26.33  26.223   6629.82     3631.0  orange 
 62111.126  26.463  26.337  26.231   6198.96     3631.0       r 
 62111.126   26.48  26.343  26.235   7645.77     3631.0       i 
 62111.126  26.536  26.414  26.306   5182.42     3631.0    cyan 
 62111.126  26.582  26.457  26.341  10023.96     3631.0       z 
 62111.126  26.618  26.497  26.387   4746.48     3631.0   g-P48 
 62111.126  26.626  26.502  26.393   4735.89     3631.0       g 
 62113.364  26.457  26.331  26.227   6366.38     3631.0   r-P48 
 62113.364  26.464  26.335  26.229   6629.82     3631.0  orange 
 62113.364  26.469  26.342  26.236   6198.96     3631.0       r 
 62113.364  26.485  26.348   26.24   7645.77     3631.0       i 
 62113.364  26.541   26.42  26.312   5182.42     3631.0    cyan 
 62113.364  26.587  26.463  26.346  10023.96     3631.0       z 
 62113.364  26.623  26.502  26.393   4746.48     3631.0   g-P48 
 62113.364  26.631  26.507  26.398   4735.89     3631.0       g 
 62115.603  26.462  26.336  26.232   6366.38     3631.0   r-P48 
 62115.603   26.47   26.34  26.234   6629.82     3631.0  orange 
 62115.603  26.474  26.347  26.242   6198.96     3631.0       r 
 62115.603   26.49  26.354  26.245   7645.77     3631.0       i 
 62115.603  26.546  26.425  26.317   5182.42     3631.0    cyan 
 62115.603  26.592  26.468  26.351  10023.96     3631.0       z 
 62115.603  26.628  26.507  26.398   4746.48     3631.0   g-P48 
 62115.603  26.637  26.512  26.403   4735.89     3631.0       g 
 62117.841  26.468  26.341  26.237   6366.38     3631.0   r-P48 
 62117.841  26.475  26.345  26.239   6629.82     3631.0  orange 
 62117.841  26.479  26.352  26.247   6198.96     3631.0       r 
 62117.841  26.495  26.359   26.25   7645.77     3631.0       i 
 62117.841  26.551   26.43  26.322   5182.42     3631.0    cyan 
 62117.841  26.597  26.473  26.356  10023.96     3631.0       z 
 62117.841  26.633  26.512  26.403   4746.48     3631.0   g-P48 
 62117.841  26.642  26.517  26.408   4735.89     3631.0       g 
  62120.08  26.473  26.346  26.242   6366.38     3631.0   r-P48 
  62120.08   26.48  26.351  26.244   6629.82     3631.0  orange 
  62120.08  26.484  26.357  26.252   6198.96     3631.0       r 
  62120.08    26.5  26.364  26.255   7645.77     3631.0       i 
  62120.08  26.556  26.435  26.327   5182.42     3631.0    cyan 
  62120.08  26.603  26.478  26.361  10023.96     3631.0       z 
  62120.08  26.638  26.517  26.408   4746.48     3631.0   g-P48 
  62120.08  26.647  26.522  26.413   4735.89     3631.0       g 
 62122.318  26.478  26.352  26.247   6366.38     3631.0   r-P48 
 62122.318  26.485  26.356  26.249   6629.82     3631.0  orange 
 62122.318  26.489  26.362  26.257   6198.96     3631.0       r 
 62122.318  26.505  26.369   26.26   7645.77     3631.0       i 
 62122.318  26.562   26.44  26.332   5182.42     3631.0    cyan 
 62122.318  26.608  26.483  26.366  10023.96     3631.0       z 
 62122.318  26.644  26.523  26.413   4746.48     3631.0   g-P48 
 62122.318  26.652  26.527  26.418   4735.89     3631.0       g 
 62124.556  26.483  26.357  26.252   6366.38     3631.0   r-P48 
 62124.556   26.49  26.361  26.254   6629.82     3631.0  orange 
 62124.556  26.494  26.367  26.262   6198.96     3631.0       r 
 62124.556  26.511  26.374  26.266   7645.77     3631.0       i 
 62124.556  26.567  26.445  26.337   5182.42     3631.0    cyan 
 62124.556  26.613  26.488  26.371  10023.96     3631.0       z 
 62124.556  26.649  26.528  26.418   4746.48     3631.0   g-P48 
 62124.556  26.657  26.532  26.423   4735.89     3631.0       g 
 62126.795  26.488  26.362  26.257   6366.38     3631.0   r-P48 
 62126.795  26.495  26.366  26.259   6629.82     3631.0  orange 
 62126.795  26.499  26.372  26.267   6198.96     3631.0       r 
 62126.795  26.516  26.379  26.271   7645.77     3631.0       i 
 62126.795  26.572   26.45  26.342   5182.42     3631.0    cyan 
 62126.795  26.618  26.493  26.376  10023.96     3631.0       z 
 62126.795  26.654  26.533  26.423   4746.48     3631.0   g-P48 
 62126.795  26.662  26.537  26.428   4735.89     3631.0       g 
 62129.033  26.493  26.367  26.262   6366.38     3631.0   r-P48 
 62129.033    26.5  26.371  26.264   6629.82     3631.0  orange 
 62129.033  26.504  26.377  26.272   6198.96     3631.0       r 
 62129.033  26.521  26.384  26.276   7645.77     3631.0       i 
 62129.033  26.577  26.455  26.347   5182.42     3631.0    cyan 
 62129.033  26.623  26.498  26.381  10023.96     3631.0       z 
 62129.033  26.659  26.538  26.428   4746.48     3631.0   g-P48 
 62129.033  26.667  26.542  26.433   4735.89     3631.0       g 
 62131.271  26.498  26.372  26.267   6366.38     3631.0   r-P48 
 62131.271  26.506  26.376  26.269   6629.82     3631.0  orange 
 62131.271  26.509  26.382  26.277   6198.96     3631.0       r 
 62131.271  26.526  26.389  26.281   7645.77     3631.0       i 
 62131.271  26.582   26.46  26.352   5182.42     3631.0    cyan 
 62131.271  26.628  26.503  26.386  10023.96     3631.0       z 
 62131.271  26.664  26.543  26.433   4746.48     3631.0   g-P48 
 62131.271  26.672  26.547  26.438   4735.89     3631.0       g 
  62133.51  26.503  26.377  26.272   6366.38     3631.0   r-P48 
  62133.51  26.511  26.381  26.274   6629.82     3631.0  orange 
  62133.51  26.515  26.387  26.282   6198.96     3631.0       r 
  62133.51  26.531  26.394  26.286   7645.77     3631.0       i 
  62133.51  26.587  26.465  26.357   5182.42     3631.0    cyan 
  62133.51  26.633  26.508  26.391  10023.96     3631.0       z 
  62133.51  26.669  26.548  26.438   4746.48     3631.0   g-P48 
  62133.51  26.678  26.553  26.443   4735.89     3631.0       g 
 62135.748  26.508  26.382  26.277   6366.38     3631.0   r-P48 
 62135.748  26.516  26.386  26.279   6629.82     3631.0  orange 
 62135.748   26.52  26.392  26.287   6198.96     3631.0       r 
 62135.748  26.536    26.4  26.291   7645.77     3631.0       i 
 62135.748  26.592   26.47  26.362   5182.42     3631.0    cyan 
 62135.748  26.638  26.513  26.396  10023.96     3631.0       z 
 62135.748  26.674  26.553  26.443   4746.48     3631.0   g-P48 
 62135.748  26.683  26.558  26.448   4735.89     3631.0       g 
 62137.986  26.514  26.387  26.282   6366.38     3631.0   r-P48 
 62137.986  26.521  26.391  26.284   6629.82     3631.0  orange 
 62137.986  26.525  26.397  26.292   6198.96     3631.0       r 
 62137.986  26.541  26.405  26.296   7645.77     3631.0       i 
 62137.986  26.597  26.476  26.367   5182.42     3631.0    cyan 
 62137.986  26.643  26.519  26.401  10023.96     3631.0       z 
 62137.986  26.679  26.558  26.448   4746.48     3631.0   g-P48 
 62137.986  26.688  26.563  26.453   4735.89     3631.0       g 
 62140.225  26.519  26.392  26.287   6366.38     3631.0   r-P48 
 62140.225  26.526  26.396  26.289   6629.82     3631.0  orange 
 62140.225   26.53  26.402  26.297   6198.96     3631.0       r 
 62140.225  26.546   26.41  26.301   7645.77     3631.0       i 
 62140.225  26.603  26.481  26.372   5182.42     3631.0    cyan 
 62140.225  26.648  26.524  26.407  10023.96     3631.0       z 
 62140.225  26.684  26.563  26.453   4746.48     3631.0   g-P48 
 62140.225  26.693  26.568  26.458   4735.89     3631.0       g 
 62142.463  26.524  26.397  26.292   6366.38     3631.0   r-P48 
 62142.463  26.531  26.401  26.294   6629.82     3631.0  orange 
 62142.463  26.535  26.407  26.302   6198.96     3631.0       r 
 62142.463  26.551  26.415  26.306   7645.77     3631.0       i 
 62142.463  26.608  26.486  26.377   5182.42     3631.0    cyan 
 62142.463  26.654  26.529  26.412  10023.96     3631.0       z 
 62142.463  26.689  26.568  26.458   4746.48     3631.0   g-P48 
 62142.463  26.698  26.573  26.463   4735.89     3631.0       g 
 62144.701  26.529  26.402  26.297   6366.38     3631.0   r-P48 
 62144.701  26.536  26.407  26.299   6629.82     3631.0  orange 
 62144.701   26.54  26.412  26.307   6198.96     3631.0       r 
 62144.701  26.556   26.42  26.311   7645.77     3631.0       i 
 62144.701  26.613  26.491  26.382   5182.42     3631.0    cyan 
 62144.701  26.659  26.534  26.417  10023.96     3631.0       z 
 62144.701  26.694  26.573  26.463   4746.48     3631.0   g-P48 
 62144.701  26.703  26.578  26.468   4735.89     3631.0       g 
  62146.94  26.534  26.407  26.302   6366.38     3631.0   r-P48 
  62146.94  26.541  26.412  26.304   6629.82     3631.0  orange 
  62146.94  26.545  26.417  26.312   6198.96     3631.0       r 
  62146.94  26.561  26.425  26.316   7645.77     3631.0       i 
  62146.94  26.618  26.496  26.387   5182.42     3631.0    cyan 
  62146.94  26.664  26.539  26.422  10023.96     3631.0       z 
  62146.94  26.699  26.578  26.468   4746.48     3631.0   g-P48 
  62146.94  26.708  26.583  26.473   4735.89     3631.0       g 
 62149.178  26.539  26.412  26.307   6366.38     3631.0   r-P48 
 62149.178  26.546  26.417  26.309   6629.82     3631.0  orange 
 62149.178   26.55  26.422  26.317   6198.96     3631.0       r 
 62149.178  26.566   26.43  26.321   7645.77     3631.0       i 
 62149.178  26.623  26.501  26.392   5182.42     3631.0    cyan 
 62149.178  26.669  26.544  26.427  10023.96     3631.0       z 
 62149.178  26.704  26.583  26.473   4746.48     3631.0   g-P48 
 62149.178  26.713  26.588  26.478   4735.89     3631.0       g 
 62151.416  26.544  26.417  26.312   6366.38     3631.0   r-P48 
 62151.416  26.551  26.422  26.314   6629.82     3631.0  orange 
 62151.416  26.555  26.427  26.322   6198.96     3631.0       r 
 62151.416  26.571  26.435  26.326   7645.77     3631.0       i 
 62151.416  26.628  26.506  26.397   5182.42     3631.0    cyan 
 62151.416  26.674  26.549  26.432  10023.96     3631.0       z 
 62151.416  26.709  26.588  26.478   4746.48     3631.0   g-P48 
 62151.416  26.718  26.593  26.484   4735.89     3631.0       g 
 62153.655  26.549  26.422  26.317   6366.38     3631.0   r-P48 
 62153.655  26.556  26.427  26.319   6629.82     3631.0  orange 
 62153.655   26.56  26.432  26.327   6198.96     3631.0       r 
 62153.655  26.576   26.44  26.331   7645.77     3631.0       i 
 62153.655  26.633  26.511  26.402   5182.42     3631.0    cyan 
 62153.655  26.679  26.554  26.437  10023.96     3631.0       z 
 62153.655  26.714  26.593  26.483   4746.48     3631.0   g-P48 
 62153.655  26.723  26.598  26.488   4735.89     3631.0       g 
 62155.893  26.554  26.427  26.322   6366.38     3631.0   r-P48 
 62155.893  26.561  26.432  26.324   6629.82     3631.0  orange 
 62155.893  26.565  26.437  26.332   6198.96     3631.0       r 
 62155.893  26.582  26.445  26.336   7645.77     3631.0       i 
 62155.893  26.638  26.516  26.407   5182.42     3631.0    cyan 
 62155.893  26.684  26.559  26.442  10023.96     3631.0       z 
 62155.893  26.719  26.598  26.488   4746.48     3631.0   g-P48 
 62155.893  26.728  26.603  26.493   4735.89     3631.0       g 
 62158.131  26.559  26.432  26.327   6366.38     3631.0   r-P48 
 62158.131  26.566  26.437  26.329   6629.82     3631.0  orange 
 62158.131   26.57  26.442  26.337   6198.96     3631.0       r 
 62158.131  26.587   26.45  26.341   7645.77     3631.0       i 
 62158.131  26.643  26.521  26.412   5182.42     3631.0    cyan 
 62158.131  26.689  26.564  26.447  10023.96     3631.0       z 
 62158.131  26.724  26.603  26.493   4746.48     3631.0   g-P48 
 62158.131  26.733  26.608  26.498   4735.89     3631.0       g 
  62160.37  26.564  26.437  26.332   6366.38     3631.0   r-P48 
  62160.37  26.571  26.442  26.334   6629.82     3631.0  orange 
  62160.37  26.575  26.447  26.342   6198.96     3631.0       r 
  62160.37  26.592  26.455  26.346   7645.77     3631.0       i 
  62160.37  26.648  26.526  26.417   5182.42     3631.0    cyan 
  62160.37  26.694  26.569  26.452  10023.96     3631.0       z 
  62160.37  26.729  26.608  26.498   4746.48     3631.0   g-P48 
  62160.37  26.738  26.613  26.503   4735.89     3631.0       g 
 62162.608  26.569  26.442  26.337   6366.38     3631.0   r-P48 
 62162.608  26.576  26.447  26.339   6629.82     3631.0  orange 
 62162.608   26.58  26.452  26.347   6198.96     3631.0       r 
 62162.608  26.597   26.46  26.351   7645.77     3631.0       i 
 62162.608  26.653  26.531  26.422   5182.42     3631.0    cyan 
 62162.608  26.699  26.574  26.457  10023.96     3631.0       z 
 62162.608  26.734  26.613  26.503   4746.48     3631.0   g-P48 
 62162.608  26.743  26.618  26.508   4735.89     3631.0       g 
 62164.847  26.574  26.447  26.342   6366.38     3631.0   r-P48 
 62164.847  26.581  26.452  26.344   6629.82     3631.0  orange 
 62164.847  26.585  26.457  26.352   6198.96     3631.0       r 
 62164.847  26.602  26.465  26.356   7645.77     3631.0       i 
 62164.847  26.658  26.536  26.427   5182.42     3631.0    cyan 
 62164.847  26.704  26.579  26.462  10023.96     3631.0       z 
 62164.847  26.739  26.618  26.508   4746.48     3631.0   g-P48 
 62164.847  26.748  26.623  26.513   4735.89     3631.0       g 
 62167.085  26.579  26.452  26.347   6366.38     3631.0   r-P48 
 62167.085  26.586  26.457  26.349   6629.82     3631.0  orange 
 62167.085   26.59  26.462  26.357   6198.96     3631.0       r 
 62167.085  26.607   26.47  26.361   7645.77     3631.0       i 
 62167.085  26.663  26.541  26.432   5182.42     3631.0    cyan 
 62167.085  26.709  26.584  26.467  10023.96     3631.0       z 
 62167.085  26.744  26.623  26.513   4746.48     3631.0   g-P48 
 62167.085  26.753  26.628  26.518   4735.89     3631.0       g 
 62169.323  26.584  26.457  26.352   6366.38     3631.0   r-P48 
 62169.323  26.591  26.462  26.354   6629.82     3631.0  orange 
 62169.323  26.595  26.467  26.362   6198.96     3631.0       r 
 62169.323  26.612  26.475  26.366   7645.77     3631.0       i 
 62169.323  26.668  26.546  26.437   5182.42     3631.0    cyan 
 62169.323  26.714  26.589  26.471  10023.96     3631.0       z 
 62169.323  26.749  26.628  26.518   4746.48     3631.0   g-P48 
 62169.323  26.758  26.633  26.523   4735.89     3631.0       g 
 62171.562  26.589  26.462  26.357   6366.38     3631.0   r-P48 
 62171.562  26.596  26.467  26.359   6629.82     3631.0  orange 
 62171.562    26.6  26.472  26.367   6198.96     3631.0       r 
 62171.562  26.617   26.48  26.371   7645.77     3631.0       i 
 62171.562  26.673  26.551  26.442   5182.42     3631.0    cyan 
 62171.562  26.719  26.594  26.476  10023.96     3631.0       z 
 62171.562  26.754  26.633  26.523   4746.48     3631.0   g-P48 
 62171.562  26.763  26.638  26.528   4735.89     3631.0       g 
   62173.8  26.594  26.467  26.362   6366.38     3631.0   r-P48 
   62173.8  26.601  26.472  26.364   6629.82     3631.0  orange 
   62173.8  26.605  26.477  26.372   6198.96     3631.0       r 
   62173.8  26.622  26.485  26.376   7645.77     3631.0       i 
   62173.8  26.678  26.556  26.447   5182.42     3631.0    cyan 
   62173.8  26.724  26.599  26.481  10023.96     3631.0       z 
   62173.8  26.759  26.638  26.528   4746.48     3631.0   g-P48 
   62173.8  26.768  26.643  26.533   4735.89     3631.0       g 
 62176.038  26.599  26.472  26.367   6366.38     3631.0   r-P48 
 62176.038  26.606  26.477  26.369   6629.82     3631.0  orange 
 62176.038   26.61  26.482  26.377   6198.96     3631.0       r 
 62176.038  26.627   26.49  26.381   7645.77     3631.0       i 
 62176.038  26.683  26.561  26.452   5182.42     3631.0    cyan 
 62176.038  26.729  26.604  26.486  10023.96     3631.0       z 
 62176.038  26.764  26.643  26.533   4746.48     3631.0   g-P48 
 62176.038  26.773  26.648  26.538   4735.89     3631.0       g 
 62178.277  26.604  26.477  26.372   6366.38     3631.0   r-P48 
 62178.277  26.611  26.482  26.374   6629.82     3631.0  orange 
 62178.277  26.615  26.487  26.381   6198.96     3631.0       r 
 62178.277  26.632  26.495  26.386   7645.77     3631.0       i 
 62178.277  26.688  26.566  26.457   5182.42     3631.0    cyan 
 62178.277  26.734  26.608  26.491  10023.96     3631.0       z 
 62178.277  26.769  26.648  26.538   4746.48     3631.0   g-P48 
 62178.277  26.778  26.653  26.543   4735.89     3631.0       g 
 62180.515  26.609  26.482  26.377   6366.38     3631.0   r-P48 
 62180.515  26.616  26.487  26.379   6629.82     3631.0  orange 
 62180.515   26.62  26.492  26.386   6198.96     3631.0       r 
 62180.515  26.636    26.5  26.391   7645.77     3631.0       i 
 62180.515  26.693   26.57  26.462   5182.42     3631.0    cyan 
 62180.515  26.739  26.613  26.496  10023.96     3631.0       z 
 62180.515  26.774  26.653  26.542   4746.48     3631.0   g-P48 
 62180.515  26.783  26.658  26.548   4735.89     3631.0       g 
 62182.753  26.614  26.487  26.381   6366.38     3631.0   r-P48 
 62182.753  26.621  26.492  26.384   6629.82     3631.0  orange 
 62182.753  26.625  26.497  26.391   6198.96     3631.0       r 
 62182.753  26.641  26.505  26.396   7645.77     3631.0       i 
 62182.753  26.698  26.575  26.467   5182.42     3631.0    cyan 
 62182.753  26.744  26.618  26.501  10023.96     3631.0       z 
 62182.753  26.779  26.658  26.547   4746.48     3631.0   g-P48 
 62182.753  26.788  26.663  26.553   4735.89     3631.0       g 
 62184.992  26.619  26.492  26.386   6366.38     3631.0   r-P48 
 62184.992  26.626  26.497  26.389   6629.82     3631.0  orange 
 62184.992   26.63  26.502  26.396   6198.96     3631.0       r 
 62184.992  26.646   26.51  26.401   7645.77     3631.0       i 
 62184.992  26.703   26.58  26.472   5182.42     3631.0    cyan 
 62184.992  26.749  26.623  26.506  10023.96     3631.0       z 
 62184.992  26.784  26.663  26.552   4746.48     3631.0   g-P48 
 62184.992  26.793  26.667  26.558   4735.89     3631.0       g 
  62187.23  26.624  26.497  26.391   6366.38     3631.0   r-P48 
  62187.23  26.631  26.502  26.394   6629.82     3631.0  orange 
  62187.23  26.635  26.507  26.401   6198.96     3631.0       r 
  62187.23  26.651  26.515  26.406   7645.77     3631.0       i 
  62187.23  26.708  26.585  26.477   5182.42     3631.0    cyan 
  62187.23  26.754  26.628  26.511  10023.96     3631.0       z 
  62187.23  26.789  26.668  26.557   4746.48     3631.0   g-P48 
  62187.23  26.797  26.672  26.563   4735.89     3631.0       g 
 62189.468  26.629  26.502  26.396   6366.38     3631.0   r-P48 
 62189.468  26.636  26.507  26.399   6629.82     3631.0  orange 
 62189.468   26.64  26.512  26.406   6198.96     3631.0       r 
 62189.468  26.656   26.52  26.411   7645.77     3631.0       i 
 62189.468  26.713   26.59  26.481   5182.42     3631.0    cyan 
 62189.468  26.759  26.633  26.516  10023.96     3631.0       z 
 62189.468  26.794  26.673  26.562   4746.48     3631.0   g-P48 
 62189.468  26.802  26.677  26.568   4735.89     3631.0       g 
 62191.707  26.634  26.507  26.401   6366.38     3631.0   r-P48 
 62191.707  26.641  26.512  26.404   6629.82     3631.0  orange 
 62191.707  26.645  26.517  26.411   6198.96     3631.0       r 
 62191.707  26.661  26.525  26.416   7645.77     3631.0       i 
 62191.707  26.718  26.595  26.486   5182.42     3631.0    cyan 
 62191.707  26.764  26.638  26.521  10023.96     3631.0       z 
 62191.707  26.799  26.678  26.567   4746.48     3631.0   g-P48 
 62191.707  26.807  26.682  26.573   4735.89     3631.0       g 
 62193.945  26.639  26.512  26.406   6366.38     3631.0   r-P48 
 62193.945  26.646  26.516  26.408   6629.82     3631.0  orange 
 62193.945   26.65  26.521  26.416   6198.96     3631.0       r 
 62193.945  26.666   26.53   26.42   7645.77     3631.0       i 
 62193.945  26.723    26.6  26.491   5182.42     3631.0    cyan 
 62193.945  26.769  26.643  26.526  10023.96     3631.0       z 
 62193.945  26.804  26.683  26.572   4746.48     3631.0   g-P48 
 62193.945  26.812  26.687  26.577   4735.89     3631.0       g 
 62196.183  26.644  26.517  26.411   6366.38     3631.0   r-P48 
 62196.183  26.651  26.521  26.413   6629.82     3631.0  orange 
 62196.183  26.654  26.526  26.421   6198.96     3631.0       r 
 62196.183  26.671  26.535  26.425   7645.77     3631.0       i 
 62196.183  26.728  26.605  26.496   5182.42     3631.0    cyan 
 62196.183  26.774  26.648  26.531  10023.96     3631.0       z 
 62196.183  26.809  26.688  26.577   4746.48     3631.0   g-P48 
 62196.183  26.817  26.692  26.582   4735.89     3631.0       g 
 62198.422  26.649  26.522  26.416   6366.38     3631.0   r-P48 
 62198.422  26.656  26.526  26.418   6629.82     3631.0  orange 
 62198.422  26.659  26.531  26.426   6198.96     3631.0       r 
 62198.422  26.676  26.539   26.43   7645.77     3631.0       i 
 62198.422  26.733   26.61  26.501   5182.42     3631.0    cyan 
 62198.422  26.779  26.653  26.535  10023.96     3631.0       z 
 62198.422  26.814  26.692  26.582   4746.48     3631.0   g-P48 
 62198.422  26.822  26.697  26.587   4735.89     3631.0       g 
  62200.66  26.654  26.527   26.42   6366.38     3631.0   r-P48 
  62200.66  26.661  26.531  26.423   6629.82     3631.0  orange 
  62200.66  26.664  26.536   26.43   6198.96     3631.0       r 
  62200.66  26.681  26.544  26.435   7645.77     3631.0       i 
  62200.66  26.738  26.615  26.506   5182.42     3631.0    cyan 
  62200.66  26.784  26.658   26.54  10023.96     3631.0       z 
  62200.66  26.818  26.697  26.586   4746.48     3631.0   g-P48 
  62200.66  26.827  26.702  26.592   4735.89     3631.0       g 
 62202.899  26.659  26.531  26.425   6366.38     3631.0   r-P48 
 62202.899  26.666  26.536  26.428   6629.82     3631.0  orange 
 62202.899  26.669  26.541  26.435   6198.96     3631.0       r 
 62202.899  26.686  26.549   26.44   7645.77     3631.0       i 
 62202.899  26.743   26.62  26.511   5182.42     3631.0    cyan 
 62202.899  26.788  26.663  26.545  10023.96     3631.0       z 
 62202.899  26.823  26.702  26.591   4746.48     3631.0   g-P48 
 62202.899  26.832  26.707  26.597   4735.89     3631.0       g 
 62205.137  26.664  26.536   26.43   6366.38     3631.0   r-P48 
 62205.137   26.67  26.541  26.433   6629.82     3631.0  orange 
 62205.137  26.674  26.546   26.44   6198.96     3631.0       r 
 62205.137  26.691  26.554  26.445   7645.77     3631.0       i 
 62205.137  26.748  26.625  26.516   5182.42     3631.0    cyan 
 62205.137  26.793  26.667   26.55  10023.96     3631.0       z 
 62205.137  26.828  26.707  26.596   4746.48     3631.0   g-P48 
 62205.137  26.837  26.712  26.602   4735.89     3631.0       g 
 62207.375  26.669  26.541  26.435   6366.38     3631.0   r-P48 
 62207.375  26.675  26.546  26.438   6629.82     3631.0  orange 
 62207.375  26.679  26.551  26.445   6198.96     3631.0       r 
 62207.375  26.696  26.559   26.45   7645.77     3631.0       i 
 62207.375  26.753   26.63   26.52   5182.42     3631.0    cyan 
 62207.375  26.798  26.672  26.555  10023.96     3631.0       z 
 62207.375  26.833  26.712  26.601   4746.48     3631.0   g-P48 
 62207.375  26.842  26.717  26.607   4735.89     3631.0       g 
 62209.614  26.674  26.546   26.44   6366.38     3631.0   r-P48 
 62209.614   26.68  26.551  26.442   6629.82     3631.0  orange 
 62209.614  26.684  26.556   26.45   6198.96     3631.0       r 
 62209.614  26.701  26.564  26.455   7645.77     3631.0       i 
 62209.614  26.758  26.634  26.525   5182.42     3631.0    cyan 
 62209.614  26.803  26.677   26.56  10023.96     3631.0       z 
 62209.614  26.838  26.717  26.606   4746.48     3631.0   g-P48 
 62209.614  26.847  26.721  26.612   4735.89     3631.0       g 
 62211.852  26.679  26.551  26.445   6366.38     3631.0   r-P48 
 62211.852  26.685  26.556  26.447   6629.82     3631.0  orange 
 62211.852  26.689   26.56  26.455   6198.96     3631.0       r 
 62211.852  26.705  26.569  26.459   7645.77     3631.0       i 
 62211.852  26.762  26.639   26.53   5182.42     3631.0    cyan 
 62211.852  26.808  26.682  26.565  10023.96     3631.0       z 
 62211.852  26.843  26.722  26.611   4746.48     3631.0   g-P48 
 62211.852  26.851  26.726  26.616   4735.89     3631.0       g 
  62214.09  26.684  26.556  26.449   6366.38     3631.0   r-P48 
  62214.09   26.69  26.561  26.452   6629.82     3631.0  orange 
  62214.09  26.694  26.565  26.459   6198.96     3631.0       r 
  62214.09   26.71  26.574  26.464   7645.77     3631.0       i 
  62214.09  26.767  26.644  26.535   5182.42     3631.0    cyan 
  62214.09  26.813  26.687   26.57  10023.96     3631.0       z 
  62214.09  26.848  26.727  26.616   4746.48     3631.0   g-P48 
  62214.09  26.856  26.731  26.621   4735.89     3631.0       g 
 62216.329  26.688  26.561  26.454   6366.38     3631.0   r-P48 
 62216.329  26.695  26.565  26.457   6629.82     3631.0  orange 
 62216.329  26.698   26.57  26.464   6198.96     3631.0       r 
 62216.329  26.715  26.579  26.469   7645.77     3631.0       i 
 62216.329  26.772  26.649   26.54   5182.42     3631.0    cyan 
 62216.329  26.818  26.692  26.574  10023.96     3631.0       z 
 62216.329  26.853  26.731   26.62   4746.48     3631.0   g-P48 
 62216.329  26.861  26.736  26.626   4735.89     3631.0       g 
 62218.567  26.693  26.566  26.459   6366.38     3631.0   r-P48 
 62218.567    26.7   26.57  26.462   6629.82     3631.0  orange 
 62218.567  26.703  26.575  26.469   6198.96     3631.0       r 
 62218.567   26.72  26.584  26.474   7645.77     3631.0       i 
 62218.567  26.777  26.654  26.545   5182.42     3631.0    cyan 
 62218.567  26.823  26.697  26.579  10023.96     3631.0       z 
 62218.567  26.857  26.736  26.625   4746.48     3631.0   g-P48 
 62218.567  26.866  26.741  26.631   4735.89     3631.0       g 
 62220.805  26.698   26.57  26.464   6366.38     3631.0   r-P48 
 62220.805  26.705  26.575  26.467   6629.82     3631.0  orange 
 62220.805  26.708   26.58  26.474   6198.96     3631.0       r 
 62220.805  26.725  26.588  26.479   7645.77     3631.0       i 
 62220.805  26.782  26.659  26.549   5182.42     3631.0    cyan 
 62220.805  26.828  26.701  26.584  10023.96     3631.0       z 
 62220.805  26.862  26.741   26.63   4746.48     3631.0   g-P48 
 62220.805  26.871  26.746  26.636   4735.89     3631.0       g 
 62223.044  26.703  26.575  26.469   6366.38     3631.0   r-P48 
 62223.044  26.709   26.58  26.471   6629.82     3631.0  orange 
 62223.044  26.713  26.585  26.479   6198.96     3631.0       r 
 62223.044   26.73  26.593  26.484   7645.77     3631.0       i 
 62223.044  26.787  26.664  26.554   5182.42     3631.0    cyan 
 62223.044  26.832  26.706  26.589  10023.96     3631.0       z 
 62223.044  26.867  26.746  26.635   4746.48     3631.0   g-P48 
 62223.044  26.876  26.751  26.641   4735.89     3631.0       g 
 62225.282  26.708   26.58  26.473   6366.38     3631.0   r-P48 
 62225.282  26.714  26.585  26.476   6629.82     3631.0  orange 
 62225.282  26.718  26.589  26.484   6198.96     3631.0       r 
 62225.282  26.735  26.598  26.489   7645.77     3631.0       i 
 62225.282  26.792  26.668  26.559   5182.42     3631.0    cyan 
 62225.282  26.837  26.711  26.594  10023.96     3631.0       z 
 62225.282  26.872  26.751   26.64   4746.48     3631.0   g-P48 
 62225.282   26.88  26.755  26.645   4735.89     3631.0       g 
  62227.52  26.713  26.585  26.478   6366.38     3631.0   r-P48 
  62227.52  26.719   26.59  26.481   6629.82     3631.0  orange 
  62227.52  26.723  26.594  26.488   6198.96     3631.0       r 
  62227.52  26.739  26.603  26.493   7645.77     3631.0       i 
  62227.52  26.797  26.673  26.564   5182.42     3631.0    cyan 
  62227.52  26.842  26.716  26.599  10023.96     3631.0       z 
  62227.52  26.877  26.756  26.644   4746.48     3631.0   g-P48 
  62227.52  26.885   26.76   26.65   4735.89     3631.0       g 
 62229.759  26.718   26.59  26.483   6366.38     3631.0   r-P48 
 62229.759  26.724  26.595  26.486   6629.82     3631.0  orange 
 62229.759  26.728  26.599  26.493   6198.96     3631.0       r 
 62229.759  26.744  26.608  26.498   7645.77     3631.0       i 
 62229.759  26.801  26.678  26.569   5182.42     3631.0    cyan 
 62229.759  26.847  26.721  26.603  10023.96     3631.0       z 
 62229.759  26.882   26.76  26.649   4746.48     3631.0   g-P48 
 62229.759   26.89  26.765  26.655   4735.89     3631.0       g 
 62231.997  26.723  26.595  26.488   6366.38     3631.0   r-P48 
 62231.997  26.729    26.6  26.491   6629.82     3631.0  orange 
 62231.997  26.732  26.604  26.498   6198.96     3631.0       r 
 62231.997  26.749  26.613  26.503   7645.77     3631.0       i 
 62231.997  26.806  26.683  26.573   5182.42     3631.0    cyan 
 62231.997  26.852  26.726  26.608  10023.96     3631.0       z 
 62231.997  26.887  26.765  26.654   4746.48     3631.0   g-P48 
 62231.997  26.895   26.77   26.66   4735.89     3631.0       g 
 62234.235  26.728  26.599  26.493   6366.38     3631.0   r-P48 
 62234.235  26.734  26.604  26.495   6629.82     3631.0  orange 
 62234.235  26.737  26.609  26.503   6198.96     3631.0       r 
 62234.235  26.754  26.617  26.508   7645.77     3631.0       i 
 62234.235  26.811  26.688  26.578   5182.42     3631.0    cyan 
 62234.235  26.857   26.73  26.613  10023.96     3631.0       z 
 62234.235  26.891   26.77  26.659   4746.48     3631.0   g-P48 
 62234.235    26.9  26.775  26.665   4735.89     3631.0       g 
 62236.474  26.732  26.604  26.497   6366.38     3631.0   r-P48 
 62236.474  26.739  26.609    26.5   6629.82     3631.0  orange 
 62236.474  26.742  26.613  26.507   6198.96     3631.0       r 
 62236.474  26.759  26.622  26.513   7645.77     3631.0       i 
 62236.474  26.816  26.693  26.583   5182.42     3631.0    cyan 
 62236.474  26.862  26.735  26.618  10023.96     3631.0       z 
 62236.474  26.896  26.775  26.664   4746.48     3631.0   g-P48 
 62236.474  26.905   26.78  26.669   4735.89     3631.0       g 
 62238.712  26.737  26.609  26.502   6366.38     3631.0   r-P48 
 62238.712  26.743  26.614  26.505   6629.82     3631.0  orange 
 62238.712  26.747  26.618  26.512   6198.96     3631.0       r 
 62238.712  26.764  26.627  26.517   7645.77     3631.0       i 
 62238.712  26.821  26.697  26.588   5182.42     3631.0    cyan 
 62238.712  26.866   26.74  26.623  10023.96     3631.0       z 
 62238.712  26.901   26.78  26.668   4746.48     3631.0   g-P48 
 62238.712  26.909  26.784  26.674   4735.89     3631.0       g 
  62240.95  26.742  26.614  26.507   6366.38     3631.0   r-P48 
  62240.95  26.748  26.619   26.51   6629.82     3631.0  orange 
  62240.95  26.752  26.623  26.517   6198.96     3631.0       r 
  62240.95  26.768  26.632  26.522   7645.77     3631.0       i 
  62240.95  26.826  26.702  26.593   5182.42     3631.0    cyan 
  62240.95  26.871  26.745  26.627  10023.96     3631.0       z 
  62240.95  26.906  26.785  26.673   4746.48     3631.0   g-P48 
  62240.95  26.914  26.789  26.679   4735.89     3631.0       g 
 62243.189  26.747  26.619  26.512   6366.38     3631.0   r-P48 
 62243.189  26.753  26.624  26.514   6629.82     3631.0  orange 
 62243.189  26.757  26.628  26.522   6198.96     3631.0       r 
 62243.189  26.773  26.637  26.527   7645.77     3631.0       i 
 62243.189   26.83  26.707  26.597   5182.42     3631.0    cyan 
 62243.189  26.876   26.75  26.632  10023.96     3631.0       z 
 62243.189  26.911  26.789  26.678   4746.48     3631.0   g-P48 
 62243.189  26.919  26.794  26.684   4735.89     3631.0       g 
 62245.427  26.752  26.624  26.516   6366.38     3631.0   r-P48 
 62245.427  26.758  26.628  26.519   6629.82     3631.0  orange 
 62245.427  26.761  26.633  26.527   6198.96     3631.0       r 
 62245.427  26.778  26.642  26.532   7645.77     3631.0       i 
 62245.427  26.835  26.712  26.602   5182.42     3631.0    cyan 
 62245.427  26.881  26.754  26.637  10023.96     3631.0       z 
 62245.427  26.915  26.794  26.683   4746.48     3631.0   g-P48 
 62245.427  26.924  26.799  26.689   4735.89     3631.0       g 
 62247.666  26.757  26.628  26.521   6366.38     3631.0   r-P48 
 62247.666  26.763  26.633  26.524   6629.82     3631.0  orange 
 62247.666  26.766  26.637  26.531   6198.96     3631.0       r 
 62247.666  26.783  26.646  26.537   7645.77     3631.0       i 
 62247.666   26.84  26.717  26.607   5182.42     3631.0    cyan 
 62247.666  26.886  26.759  26.642  10023.96     3631.0       z 
 62247.666   26.92  26.799  26.687   4746.48     3631.0   g-P48 
 62247.666  26.929  26.804  26.693   4735.89     3631.0       g 
 62249.904  26.761  26.633  26.526   6366.38     3631.0   r-P48 
 62249.904  26.767  26.638  26.529   6629.82     3631.0  orange 
 62249.904  26.771  26.642  26.536   6198.96     3631.0       r 
 62249.904  26.788  26.651  26.541   7645.77     3631.0       i 
 62249.904  26.845  26.721  26.612   5182.42     3631.0    cyan 
 62249.904  26.891  26.764  26.646  10023.96     3631.0       z 
 62249.904  26.925  26.804  26.692   4746.48     3631.0   g-P48 
 62249.904  26.933  26.808  26.698   4735.89     3631.0       g 
 62252.142  26.766  26.638  26.531   6366.38     3631.0   r-P48 
 62252.142  26.772  26.643  26.533   6629.82     3631.0  orange 
 62252.142  26.776  26.647  26.541   6198.96     3631.0       r 
 62252.142  26.792  26.656  26.546   7645.77     3631.0       i 
 62252.142   26.85  26.726  26.616   5182.42     3631.0    cyan 
 62252.142  26.895  26.769  26.651  10023.96     3631.0       z 
 62252.142   26.93  26.808  26.697   4746.48     3631.0   g-P48 
 62252.142  26.938  26.813  26.703   4735.89     3631.0       g 
 62254.381  26.771  26.643  26.535   6366.38     3631.0   r-P48 
 62254.381  26.777  26.648  26.538   6629.82     3631.0  orange 
 62254.381  26.781  26.652  26.546   6198.96     3631.0       r 
 62254.381  26.797  26.661  26.551   7645.77     3631.0       i 
 62254.381  26.854  26.731  26.621   5182.42     3631.0    cyan 
 62254.381    26.9  26.773  26.656  10023.96     3631.0       z 
 62254.381  26.934  26.813  26.702   4746.48     3631.0   g-P48 
 62254.381  26.943  26.818  26.707   4735.89     3631.0       g 
 62256.619  26.776  26.647   26.54   6366.38     3631.0   r-P48 
 62256.619  26.782  26.652  26.543   6629.82     3631.0  orange 
 62256.619  26.785  26.657   26.55   6198.96     3631.0       r 
 62256.619  26.802  26.665  26.556   7645.77     3631.0       i 
 62256.619  26.859  26.736  26.626   5182.42     3631.0    cyan 
 62256.619  26.905  26.778  26.661  10023.96     3631.0       z 
 62256.619  26.939  26.818  26.706   4746.48     3631.0   g-P48 
 62256.619  26.948  26.823  26.712   4735.89     3631.0       g 
 62258.857  26.781  26.652  26.545   6366.38     3631.0   r-P48 
 62258.857  26.786  26.657  26.547   6629.82     3631.0  orange 
 62258.857   26.79  26.661  26.555   6198.96     3631.0       r 
 62258.857  26.807   26.67   26.56   7645.77     3631.0       i 
 62258.857  26.864  26.741  26.631   5182.42     3631.0    cyan 
 62258.857   26.91  26.783  26.665  10023.96     3631.0       z 
 62258.857  26.944  26.823  26.711   4746.48     3631.0   g-P48 
 62258.857  26.952  26.828  26.717   4735.89     3631.0       g 
 62261.096  26.785  26.657   26.55   6366.38     3631.0   r-P48 
 62261.096  26.791  26.662  26.552   6629.82     3631.0  orange 
 62261.096  26.795  26.666   26.56   6198.96     3631.0       r 
 62261.096  26.812  26.675  26.565   7645.77     3631.0       i 
 62261.096  26.869  26.745  26.635   5182.42     3631.0    cyan 
 62261.096  26.914  26.788   26.67  10023.96     3631.0       z 
 62261.096  26.949  26.827  26.716   4746.48     3631.0   g-P48 
 62261.096  26.957  26.832  26.722   4735.89     3631.0       g 
 62263.334   26.79  26.662  26.554   6366.38     3631.0   r-P48 
 62263.334  26.796  26.667  26.557   6629.82     3631.0  orange 
 62263.334    26.8  26.671  26.564   6198.96     3631.0       r 
 62263.334  26.816   26.68   26.57   7645.77     3631.0       i 
 62263.334  26.873   26.75   26.64   5182.42     3631.0    cyan 
 62263.334  26.919  26.792  26.675  10023.96     3631.0       z 
 62263.334  26.954  26.832  26.721   4746.48     3631.0   g-P48 
 62263.334  26.962  26.837  26.726   4735.89     3631.0       g 
 62265.572  26.795  26.666  26.559   6366.38     3631.0   r-P48 
 62265.572  26.801  26.671  26.562   6629.82     3631.0  orange 
 62265.572  26.805  26.676  26.569   6198.96     3631.0       r 
 62265.572  26.821  26.685  26.575   7645.77     3631.0       i 
 62265.572  26.878  26.755  26.645   5182.42     3631.0    cyan 
 62265.572  26.924  26.797   26.68  10023.96     3631.0       z 
 62265.572  26.958  26.837  26.725   4746.48     3631.0   g-P48 
 62265.572  26.967  26.842  26.731   4735.89     3631.0       g 
 62267.811    26.8  26.671  26.564   6366.38     3631.0   r-P48 
 62267.811  26.806  26.676  26.566   6629.82     3631.0  orange 
 62267.811  26.809   26.68  26.574   6198.96     3631.0       r 
 62267.811  26.826  26.689  26.579   7645.77     3631.0       i 
 62267.811  26.883   26.76  26.649   5182.42     3631.0    cyan 
 62267.811  26.929  26.802  26.684  10023.96     3631.0       z 
 62267.811  26.963  26.842   26.73   4746.48     3631.0   g-P48 
 62267.811  26.971  26.847  26.736   4735.89     3631.0       g 
 62270.049  26.805  26.676  26.568   6366.38     3631.0   r-P48 
 62270.049   26.81  26.681  26.571   6629.82     3631.0  orange 
 62270.049  26.814  26.685  26.579   6198.96     3631.0       r 
 62270.049  26.831  26.694  26.584   7645.77     3631.0       i 
 62270.049  26.888  26.764  26.654   5182.42     3631.0    cyan 
 62270.049  26.934  26.807  26.689  10023.96     3631.0       z 
 62270.049  26.968  26.846  26.735   4746.48     3631.0   g-P48 
 62270.049  26.976  26.851  26.741   4735.89     3631.0       g 
 62272.287  26.809  26.681  26.573   6366.38     3631.0   r-P48 
 62272.287  26.815  26.686  26.576   6629.82     3631.0  orange 
 62272.287  26.819   26.69  26.583   6198.96     3631.0       r 
 62272.287  26.835  26.699  26.589   7645.77     3631.0       i 
 62272.287  26.892  26.769  26.659   5182.42     3631.0    cyan 
 62272.287  26.938  26.811  26.694  10023.96     3631.0       z 
 62272.287  26.972  26.851  26.739   4746.48     3631.0   g-P48 
 62272.287  26.981  26.856  26.745   4735.89     3631.0       g 
 62274.526  26.814  26.685  26.578   6366.38     3631.0   r-P48 
 62274.526   26.82   26.69   26.58   6629.82     3631.0  orange 
 62274.526  26.824  26.695  26.588   6198.96     3631.0       r 
 62274.526   26.84  26.704  26.594   7645.77     3631.0       i 
 62274.526  26.897  26.774  26.664   5182.42     3631.0    cyan 
 62274.526  26.943  26.816  26.699  10023.96     3631.0       z 
 62274.526  26.977  26.856  26.744   4746.48     3631.0   g-P48 
 62274.526  26.986  26.861   26.75   4735.89     3631.0       g 
 62276.764  26.819   26.69  26.582   6366.38     3631.0   r-P48 
 62276.764  26.824  26.695  26.585   6629.82     3631.0  orange 
 62276.764  26.828  26.699  26.593   6198.96     3631.0       r 
 62276.764  26.845  26.708  26.598   7645.77     3631.0       i 
 62276.764  26.902  26.778  26.668   5182.42     3631.0    cyan 
 62276.764  26.948  26.821  26.703  10023.96     3631.0       z 
 62276.764  26.982   26.86  26.749   4746.48     3631.0   g-P48 
 62276.764   26.99  26.865  26.755   4735.89     3631.0       g 
 62279.002  26.824  26.695  26.587   6366.38     3631.0   r-P48 
 62279.002  26.829    26.7   26.59   6629.82     3631.0  orange 
 62279.002  26.833  26.704  26.597   6198.96     3631.0       r 
 62279.002  26.849  26.713  26.603   7645.77     3631.0       i 
 62279.002  26.907  26.783  26.673   5182.42     3631.0    cyan 
 62279.002  26.953  26.826  26.708  10023.96     3631.0       z 
 62279.002  26.987  26.865  26.753   4746.48     3631.0   g-P48 
 62279.002  26.995   26.87  26.759   4735.89     3631.0       g 
 62281.241  26.828    26.7  26.592   6366.38     3631.0   r-P48 
 62281.241  26.834  26.704  26.594   6629.82     3631.0  orange 
 62281.241  26.838  26.709  26.602   6198.96     3631.0       r 
 62281.241  26.854  26.718  26.608   7645.77     3631.0       i 
 62281.241  26.911  26.788  26.678   5182.42     3631.0    cyan 
 62281.241  26.957   26.83  26.713  10023.96     3631.0       z 
 62281.241  26.991   26.87  26.758   4746.48     3631.0   g-P48 
 62281.241    27.0  26.875  26.764   4735.89     3631.0       g 
 62283.479  26.833  26.704  26.596   6366.38     3631.0   r-P48 
 62283.479  26.839  26.709  26.599   6629.82     3631.0  orange 
 62283.479  26.842  26.713  26.607   6198.96     3631.0       r 
 62283.479  26.859  26.722  26.612   7645.77     3631.0       i 
 62283.479  26.916  26.793  26.682   5182.42     3631.0    cyan 
 62283.479  26.962  26.835  26.717  10023.96     3631.0       z 
 62283.479  26.996  26.875  26.763   4746.48     3631.0   g-P48 
 62283.479  27.004  26.879  26.769   4735.89     3631.0       g 
 62285.718  26.838  26.709  26.601   6366.38     3631.0   r-P48 
 62285.718  26.843  26.714  26.604   6629.82     3631.0  orange 
 62285.718  26.847  26.718  26.611   6198.96     3631.0       r 
 62285.718  26.864  26.727  26.617   7645.77     3631.0       i 
 62285.718  26.921  26.797  26.687   5182.42     3631.0    cyan 
 62285.718  26.967   26.84  26.722  10023.96     3631.0       z 
 62285.718  27.001  26.879  26.767   4746.48     3631.0   g-P48 
 62285.718  27.009  26.884  26.773   4735.89     3631.0       g 
 62287.956  26.843  26.714  26.606   6366.38     3631.0   r-P48 
 62287.956  26.848  26.719  26.608   6629.82     3631.0  orange 
 62287.956  26.852  26.723  26.616   6198.96     3631.0       r 
 62287.956  26.868  26.732  26.622   7645.77     3631.0       i 
 62287.956  26.925  26.802  26.692   5182.42     3631.0    cyan 
 62287.956  26.971  26.844  26.727  10023.96     3631.0       z 
 62287.956  27.005  26.884  26.772   4746.48     3631.0   g-P48 
 62287.956  27.014  26.889  26.778   4735.89     3631.0       g 
 62290.194  26.847  26.718   26.61   6366.38     3631.0   r-P48 
 62290.194  26.853  26.723  26.613   6629.82     3631.0  orange 
 62290.194  26.857  26.727  26.621   6198.96     3631.0       r 
 62290.194  26.873  26.737  26.626   7645.77     3631.0       i 
 62290.194   26.93  26.807  26.696   5182.42     3631.0    cyan 
 62290.194  26.976  26.849  26.731  10023.96     3631.0       z 
 62290.194   27.01  26.889  26.777   4746.48     3631.0   g-P48 
 62290.194  27.018  26.894  26.783   4735.89     3631.0       g 
 62292.433  26.852  26.723  26.615   6366.38     3631.0   r-P48 
 62292.433  26.857  26.728  26.618   6629.82     3631.0  orange 
 62292.433  26.861  26.732  26.625   6198.96     3631.0       r 
 62292.433  26.878  26.741  26.631   7645.77     3631.0       i 
 62292.433  26.935  26.811  26.701   5182.42     3631.0    cyan 
 62292.433  26.981  26.854  26.736  10023.96     3631.0       z 
 62292.433  27.015  26.893  26.781   4746.48     3631.0   g-P48 
 62292.433  27.023  26.898  26.787   4735.89     3631.0       g 
 62294.671  26.857  26.728   26.62   6366.38     3631.0   r-P48 
 62294.671  26.862  26.733  26.622   6629.82     3631.0  orange 
 62294.671  26.866  26.737   26.63   6198.96     3631.0       r 
 62294.671  26.882  26.746  26.636   7645.77     3631.0       i 
 62294.671   26.94  26.816  26.706   5182.42     3631.0    cyan 
 62294.671  26.986  26.858  26.741  10023.96     3631.0       z 
 62294.671  27.019  26.898  26.786   4746.48     3631.0   g-P48 
 62294.671  27.028  26.903  26.792   4735.89     3631.0       g 
 62296.909  26.861  26.732  26.624   6366.38     3631.0   r-P48 
 62296.909  26.867  26.737  26.627   6629.82     3631.0  orange 
 62296.909  26.871  26.741  26.635   6198.96     3631.0       r 
 62296.909  26.887  26.751   26.64   7645.77     3631.0       i 
 62296.909  26.944  26.821   26.71   5182.42     3631.0    cyan 
 62296.909   26.99  26.863  26.745  10023.96     3631.0       z 
 62296.909  27.024  26.902  26.791   4746.48     3631.0   g-P48 
 62296.909  27.033  26.908  26.797   4735.89     3631.0       g 
 62299.148  26.866  26.737  26.629   6366.38     3631.0   r-P48 
 62299.148  26.872  26.742  26.632   6629.82     3631.0  orange 
 62299.148  26.875  26.746  26.639   6198.96     3631.0       r 
 62299.148  26.892  26.755  26.645   7645.77     3631.0       i 
 62299.148  26.949  26.825  26.715   5182.42     3631.0    cyan 
 62299.148  26.995  26.868   26.75  10023.96     3631.0       z 
 62299.148  27.029  26.907  26.795   4746.48     3631.0   g-P48 
 62299.148  27.037  26.912  26.801   4735.89     3631.0       g 
 62301.386  26.871  26.742  26.633   6366.38     3631.0   r-P48 
 62301.386  26.876  26.747  26.636   6629.82     3631.0  orange 
 62301.386   26.88  26.751  26.644   6198.96     3631.0       r 
 62301.386  26.896   26.76   26.65   7645.77     3631.0       i 
 62301.386  26.954   26.83  26.719   5182.42     3631.0    cyan 
 62301.386    27.0  26.872  26.755  10023.96     3631.0       z 
 62301.386  27.033  26.912    26.8   4746.48     3631.0   g-P48 
 62301.386  27.042  26.917  26.806   4735.89     3631.0       g 
 62303.624  26.875  26.746  26.638   6366.38     3631.0   r-P48 
 62303.624  26.881  26.751  26.641   6629.82     3631.0  orange 
 62303.624  26.885  26.755  26.648   6198.96     3631.0       r 
 62303.624  26.901  26.765  26.654   7645.77     3631.0       i 
 62303.624  26.958  26.835  26.724   5182.42     3631.0    cyan 
 62303.624  27.004  26.877  26.759  10023.96     3631.0       z 
 62303.624  27.038  26.916  26.805   4746.48     3631.0   g-P48 
 62303.624  27.047  26.921   26.81   4735.89     3631.0       g 
 62305.863   26.88  26.751  26.643   6366.38     3631.0   r-P48 
 62305.863  26.886  26.756  26.645   6629.82     3631.0  orange 
 62305.863  26.889   26.76  26.653   6198.96     3631.0       r 
 62305.863  26.906  26.769  26.659   7645.77     3631.0       i 
 62305.863  26.963  26.839  26.729   5182.42     3631.0    cyan 
 62305.863  27.009  26.882  26.764  10023.96     3631.0       z 
 62305.863  27.043  26.921  26.809   4746.48     3631.0   g-P48 
 62305.863  27.051  26.926  26.815   4735.89     3631.0       g 
 62308.101  26.885  26.756  26.647   6366.38     3631.0   r-P48 
 62308.101   26.89  26.761   26.65   6629.82     3631.0  orange 
 62308.101  26.894  26.765  26.658   6198.96     3631.0       r 
 62308.101   26.91  26.774  26.664   7645.77     3631.0       i 
 62308.101  26.968  26.844  26.733   5182.42     3631.0    cyan 
 62308.101  27.014  26.886  26.769  10023.96     3631.0       z 
 62308.101  27.047  26.926  26.814   4746.48     3631.0   g-P48 
 62308.101  27.056  26.931   26.82   4735.89     3631.0       g 
 62310.339  26.889   26.76  26.652   6366.38     3631.0   r-P48 
 62310.339  26.895  26.765  26.655   6629.82     3631.0  orange 
 62310.339  26.899  26.769  26.662   6198.96     3631.0       r 
 62310.339  26.915  26.779  26.668   7645.77     3631.0       i 
 62310.339  26.972  26.849  26.738   5182.42     3631.0    cyan 
 62310.339  27.018  26.891  26.773  10023.96     3631.0       z 
 62310.339  27.052   26.93  26.818   4746.48     3631.0   g-P48 
 62310.339   27.06  26.935  26.824   4735.89     3631.0       g 
 62312.578  26.894  26.765  26.657   6366.38     3631.0   r-P48 
 62312.578  26.899   26.77  26.659   6629.82     3631.0  orange 
 62312.578  26.903  26.774  26.667   6198.96     3631.0       r 
 62312.578   26.92  26.783  26.673   7645.77     3631.0       i 
 62312.578  26.977  26.853  26.742   5182.42     3631.0    cyan 
 62312.578  27.023  26.896  26.778  10023.96     3631.0       z 
 62312.578  27.057  26.935  26.823   4746.48     3631.0   g-P48 
 62312.578  27.065   26.94  26.829   4735.89     3631.0       g 
 62314.816  26.899   26.77  26.661   6366.38     3631.0   r-P48 
 62314.816  26.904  26.775  26.664   6629.82     3631.0  orange 
 62314.816  26.908  26.779  26.672   6198.96     3631.0       r 
 62314.816  26.924  26.788  26.678   7645.77     3631.0       i 
 62314.816  26.982  26.858  26.747   5182.42     3631.0    cyan 
 62314.816  27.028    26.9  26.782  10023.96     3631.0       z 
 62314.816  27.061   26.94  26.828   4746.48     3631.0   g-P48 
 62314.816   27.07  26.945  26.833   4735.89     3631.0       g 
 62317.054  26.904  26.774  26.666   6366.38     3631.0   r-P48 
 62317.054  26.909  26.779  26.668   6629.82     3631.0  orange 
 62317.054  26.913  26.783  26.676   6198.96     3631.0       r 
 62317.054  26.929  26.793  26.682   7645.77     3631.0       i 
 62317.054  26.986  26.863  26.752   5182.42     3631.0    cyan 
 62317.054  27.032  26.905  26.787  10023.96     3631.0       z 
 62317.054  27.066  26.944  26.832   4746.48     3631.0   g-P48 
 62317.054  27.074  26.949  26.838   4735.89     3631.0       g 
 62319.293  26.908  26.779   26.67   6366.38     3631.0   r-P48 
 62319.293  26.913  26.784  26.673   6629.82     3631.0  orange 
 62319.293  26.917  26.788  26.681   6198.96     3631.0       r 
 62319.293  26.934  26.797  26.687   7645.77     3631.0       i 
 62319.293  26.991  26.867  26.756   5182.42     3631.0    cyan 
 62319.293  27.037  26.909  26.792  10023.96     3631.0       z 
 62319.293  27.071  26.949  26.837   4746.48     3631.0   g-P48 
 62319.293  27.079  26.954  26.843   4735.89     3631.0       g 
 62321.531  26.913  26.783  26.675   6366.38     3631.0   r-P48 
 62321.531  26.918  26.788  26.678   6629.82     3631.0  orange 
 62321.531  26.922  26.793  26.685   6198.96     3631.0       r 
 62321.531  26.938  26.802  26.691   7645.77     3631.0       i 
 62321.531  26.995  26.872  26.761   5182.42     3631.0    cyan 
 62321.531  27.042  26.914  26.796  10023.96     3631.0       z 
 62321.531  27.075  26.953  26.841   4746.48     3631.0   g-P48 
 62321.531  27.084  26.959  26.847   4735.89     3631.0       g 
 62323.769  26.918  26.788  26.679   6366.38     3631.0   r-P48 
 62323.769  26.923  26.793  26.682   6629.82     3631.0  orange 
 62323.769  26.926  26.797   26.69   6198.96     3631.0       r 
 62323.769  26.943  26.806  26.696   7645.77     3631.0       i 
 62323.769    27.0  26.877  26.765   5182.42     3631.0    cyan 
 62323.769  27.046  26.919  26.801  10023.96     3631.0       z 
 62323.769   27.08  26.958  26.846   4746.48     3631.0   g-P48 
 62323.769  27.088  26.963  26.852   4735.89     3631.0       g 
 62326.008  26.922  26.793  26.684   6366.38     3631.0   r-P48 
 62326.008  26.927  26.798  26.687   6629.82     3631.0  orange 
 62326.008  26.931  26.802  26.694   6198.96     3631.0       r 
 62326.008  26.948  26.811  26.701   7645.77     3631.0       i 
 62326.008  27.005  26.881   26.77   5182.42     3631.0    cyan 
 62326.008  27.051  26.923  26.805  10023.96     3631.0       z 
 62326.008  27.084  26.962  26.851   4746.48     3631.0   g-P48 
 62326.008  27.093  26.968  26.856   4735.89     3631.0       g 
 62328.246  26.927  26.797  26.689   6366.38     3631.0   r-P48 
 62328.246  26.932  26.802  26.691   6629.82     3631.0  orange 
 62328.246  26.936  26.806  26.699   6198.96     3631.0       r 
 62328.246  26.952  26.816  26.705   7645.77     3631.0       i 
 62328.246  27.009  26.886  26.774   5182.42     3631.0    cyan 
 62328.246  27.055  26.928   26.81  10023.96     3631.0       z 
 62328.246  27.089  26.967  26.855   4746.48     3631.0   g-P48 
 62328.246  27.097  26.972  26.861   4735.89     3631.0       g 
 62330.485  26.932  26.802  26.693   6366.38     3631.0   r-P48 
 62330.485  26.937  26.807  26.696   6629.82     3631.0  orange 
 62330.485   26.94  26.811  26.704   6198.96     3631.0       r 
 62330.485  26.957   26.82   26.71   7645.77     3631.0       i 
 62330.485  27.014   26.89  26.779   5182.42     3631.0    cyan 
 62330.485   27.06  26.932  26.815  10023.96     3631.0       z 
 62330.485  27.094  26.972   26.86   4746.48     3631.0   g-P48 
 62330.485  27.102  26.977  26.866   4735.89     3631.0       g 
 62332.723  26.936  26.807  26.698   6366.38     3631.0   r-P48 
 62332.723  26.941  26.811    26.7   6629.82     3631.0  orange 
 62332.723  26.945  26.816  26.708   6198.96     3631.0       r 
 62332.723  26.961  26.825  26.714   7645.77     3631.0       i 
 62332.723  27.019  26.895  26.784   5182.42     3631.0    cyan 
 62332.723  27.065  26.937  26.819  10023.96     3631.0       z 
 62332.723  27.098  26.976  26.864   4746.48     3631.0   g-P48 
 62332.723  27.107  26.981   26.87   4735.89     3631.0       g 
 62334.961  26.941  26.811  26.702   6366.38     3631.0   r-P48 
 62334.961  26.946  26.816  26.705   6629.82     3631.0  orange 
 62334.961  26.949   26.82  26.713   6198.96     3631.0       r 
 62334.961  26.966   26.83  26.719   7645.77     3631.0       i 
 62334.961  27.023    26.9  26.788   5182.42     3631.0    cyan 
 62334.961  27.069  26.942  26.824  10023.96     3631.0       z 
 62334.961  27.103  26.981  26.869   4746.48     3631.0   g-P48 
 62334.961  27.111  26.986  26.875   4735.89     3631.0       g 
   62337.2  26.946  26.816  26.707   6366.38     3631.0   r-P48 
   62337.2   26.95  26.821  26.709   6629.82     3631.0  orange 
   62337.2  26.954  26.825  26.717   6198.96     3631.0       r 
   62337.2  26.971  26.834  26.724   7645.77     3631.0       i 
   62337.2  27.028  26.904  26.793   5182.42     3631.0    cyan 
   62337.2  27.074  26.946  26.828  10023.96     3631.0       z 
   62337.2  27.107  26.985  26.873   4746.48     3631.0   g-P48 
   62337.2  27.116  26.991  26.879   4735.89     3631.0       g 
 62339.438   26.95   26.82  26.711   6366.38     3631.0   r-P48 
 62339.438  26.955  26.825  26.714   6629.82     3631.0  orange 
 62339.438  26.959  26.829  26.722   6198.96     3631.0       r 
 62339.438  26.975  26.839  26.728   7645.77     3631.0       i 
 62339.438  27.032  26.909  26.797   5182.42     3631.0    cyan 
 62339.438  27.079  26.951  26.833  10023.96     3631.0       z 
 62339.438  27.112   26.99  26.878   4746.48     3631.0   g-P48 
 62339.438   27.12  26.995  26.884   4735.89     3631.0       g 
 62341.676  26.955  26.825  26.716   6366.38     3631.0   r-P48 
 62341.676  26.959   26.83  26.719   6629.82     3631.0  orange 
 62341.676  26.963  26.834  26.726   6198.96     3631.0       r 
 62341.676   26.98  26.843  26.733   7645.77     3631.0       i 
 62341.676  27.037  26.913  26.802   5182.42     3631.0    cyan 
 62341.676  27.083  26.955  26.837  10023.96     3631.0       z 
 62341.676  27.117  26.994  26.882   4746.48     3631.0   g-P48 
 62341.676  27.125    27.0  26.888   4735.89     3631.0       g 
 62343.915  26.959  26.829   26.72   6366.38     3631.0   r-P48 
 62343.915  26.964  26.834  26.723   6629.82     3631.0  orange 
 62343.915  26.968  26.839  26.731   6198.96     3631.0       r 
 62343.915  26.984  26.848  26.737   7645.77     3631.0       i 
 62343.915  27.041  26.918  26.806   5182.42     3631.0    cyan 
 62343.915  27.088   26.96  26.842  10023.96     3631.0       z 
 62343.915  27.121  26.999  26.887   4746.48     3631.0   g-P48 
 62343.915  27.129  27.004  26.893   4735.89     3631.0       g 
 62346.153  26.964  26.834  26.725   6366.38     3631.0   r-P48 
 62346.153  26.969  26.839  26.728   6629.82     3631.0  orange 
 62346.153  26.972  26.843  26.735   6198.96     3631.0       r 
 62346.153  26.989  26.852  26.742   7645.77     3631.0       i 
 62346.153  27.046  26.922  26.811   5182.42     3631.0    cyan 
 62346.153  27.092  26.964  26.847  10023.96     3631.0       z 
 62346.153  27.126  27.004  26.892   4746.48     3631.0   g-P48 
 62346.153  27.134  27.009  26.897   4735.89     3631.0       g 
 62348.391  26.969  26.839  26.729   6366.38     3631.0   r-P48 
 62348.391  26.973  26.843  26.732   6629.82     3631.0  orange 
 62348.391  26.977  26.848   26.74   6198.96     3631.0       r 
 62348.391  26.993  26.857  26.746   7645.77     3631.0       i 
 62348.391  27.051  26.927  26.815   5182.42     3631.0    cyan 
 62348.391  27.097  26.969  26.851  10023.96     3631.0       z 
 62348.391   27.13  27.008  26.896   4746.48     3631.0   g-P48 
 62348.391  27.139  27.013  26.902   4735.89     3631.0       g 
  62350.63  26.973  26.843  26.734   6366.38     3631.0   r-P48 
  62350.63  26.978  26.848  26.737   6629.82     3631.0  orange 
  62350.63  26.981  26.852  26.745   6198.96     3631.0       r 
  62350.63  26.998  26.862  26.751   7645.77     3631.0       i 
  62350.63  27.055  26.932   26.82   5182.42     3631.0    cyan 
  62350.63  27.101  26.974  26.856  10023.96     3631.0       z 
  62350.63  27.135  27.013  26.901   4746.48     3631.0   g-P48 
  62350.63  27.143  27.018  26.906   4735.89     3631.0       g 
 62352.868  26.978  26.848  26.738   6366.38     3631.0   r-P48 
 62352.868  26.982  26.853  26.741   6629.82     3631.0  orange 
 62352.868  26.986  26.857  26.749   6198.96     3631.0       r 
 62352.868  27.002  26.866  26.755   7645.77     3631.0       i 
 62352.868   27.06  26.936  26.824   5182.42     3631.0    cyan 
 62352.868  27.106  26.978   26.86  10023.96     3631.0       z 
 62352.868  27.139  27.017  26.905   4746.48     3631.0   g-P48 
 62352.868  27.148  27.023  26.911   4735.89     3631.0       g 
 62355.106  26.982  26.852  26.743   6366.38     3631.0   r-P48 
 62355.106  26.987  26.857  26.746   6629.82     3631.0  orange 
 62355.106  26.991  26.861  26.754   6198.96     3631.0       r 
 62355.106  27.007  26.871   26.76   7645.77     3631.0       i 
 62355.106  27.064  26.941  26.829   5182.42     3631.0    cyan 
 62355.106  27.111  26.983  26.865  10023.96     3631.0       z 
 62355.106  27.144  27.022   26.91   4746.48     3631.0   g-P48 
 62355.106  27.152  27.027  26.915   4735.89     3631.0       g 
 62357.345  26.987  26.857  26.748   6366.38     3631.0   r-P48 
 62357.345  26.991  26.862   26.75   6629.82     3631.0  orange 
 62357.345  26.995  26.866  26.758   6198.96     3631.0       r 
 62357.345  27.012  26.875  26.765   7645.77     3631.0       i 
 62357.345  27.069  26.945  26.833   5182.42     3631.0    cyan 
 62357.345  27.115  26.987  26.869  10023.96     3631.0       z 
 62357.345  27.148  27.026  26.914   4746.48     3631.0   g-P48 
 62357.345  27.157  27.032   26.92   4735.89     3631.0       g 
 62359.583  26.992  26.861  26.752   6366.38     3631.0   r-P48 
 62359.583  26.996  26.866  26.755   6629.82     3631.0  orange 
 62359.583    27.0   26.87  26.763   6198.96     3631.0       r 
 62359.583  27.016   26.88  26.769   7645.77     3631.0       i 
 62359.583  27.073   26.95  26.838   5182.42     3631.0    cyan 
 62359.583   27.12  26.992  26.874  10023.96     3631.0       z 
 62359.583  27.153  27.031  26.919   4746.48     3631.0   g-P48 
 62359.583  27.161  27.036  26.925   4735.89     3631.0       g 
 62361.821  26.996  26.866  26.756   6366.38     3631.0   r-P48 
 62361.821  27.001  26.871  26.759   6629.82     3631.0  orange 
 62361.821  27.004  26.875  26.767   6198.96     3631.0       r 
 62361.821  27.021  26.884  26.774   7645.77     3631.0       i 
 62361.821  27.078  26.954  26.842   5182.42     3631.0    cyan 
 62361.821  27.124  26.996  26.878  10023.96     3631.0       z 
 62361.821  27.158  27.035  26.923   4746.48     3631.0   g-P48 
 62361.821  27.166  27.041  26.929   4735.89     3631.0       g 
  62364.06  27.001   26.87  26.761   6366.38     3631.0   r-P48 
  62364.06  27.005  26.875  26.764   6629.82     3631.0  orange 
  62364.06  27.009  26.879  26.772   6198.96     3631.0       r 
  62364.06  27.025  26.889  26.778   7645.77     3631.0       i 
  62364.06  27.082  26.959  26.847   5182.42     3631.0    cyan 
  62364.06  27.129  27.001  26.883  10023.96     3631.0       z 
  62364.06  27.162   27.04  26.928   4746.48     3631.0   g-P48 
  62364.06   27.17  27.045  26.933   4735.89     3631.0       g 
 62366.298  27.005  26.875  26.765   6366.38     3631.0   r-P48 
 62366.298   27.01   26.88  26.768   6629.82     3631.0  orange 
 62366.298  27.013  26.884  26.776   6198.96     3631.0       r 
 62366.298   27.03  26.893  26.783   7645.77     3631.0       i 
 62366.298  27.087  26.963  26.851   5182.42     3631.0    cyan 
 62366.298  27.133  27.005  26.887  10023.96     3631.0       z 
 62366.298  27.167  27.044  26.932   4746.48     3631.0   g-P48 
 62366.298  27.175   27.05  26.938   4735.89     3631.0       g 
 62368.537   27.01  26.879   26.77   6366.38     3631.0   r-P48 
 62368.537  27.014  26.884  26.773   6629.82     3631.0  orange 
 62368.537  27.018  26.889  26.781   6198.96     3631.0       r 
 62368.537  27.034  26.898  26.787   7645.77     3631.0       i 
 62368.537  27.092  26.968  26.856   5182.42     3631.0    cyan 
 62368.537  27.138   27.01  26.892  10023.96     3631.0       z 
 62368.537  27.171  27.049  26.937   4746.48     3631.0   g-P48 
 62368.537  27.179  27.054  26.942   4735.89     3631.0       g 
 62370.775  27.015  26.884  26.774   6366.38     3631.0   r-P48 
 62370.775  27.019  26.889  26.777   6629.82     3631.0  orange 
 62370.775  27.022  26.893  26.785   6198.96     3631.0       r 
 62370.775  27.039  26.903  26.792   7645.77     3631.0       i 
 62370.775  27.096  26.972   26.86   5182.42     3631.0    cyan 
 62370.775  27.142  27.014  26.896  10023.96     3631.0       z 
 62370.775  27.176  27.053  26.941   4746.48     3631.0   g-P48 
 62370.775  27.184  27.059  26.947   4735.89     3631.0       g 
 62373.013  27.019  26.888  26.779   6366.38     3631.0   r-P48 
 62373.013  27.023  26.893  26.782   6629.82     3631.0  orange 
 62373.013  27.027  26.898  26.789   6198.96     3631.0       r 
 62373.013  27.043  26.907  26.796   7645.77     3631.0       i 
 62373.013  27.101  26.977  26.865   5182.42     3631.0    cyan 
 62373.013  27.147  27.019  26.901  10023.96     3631.0       z 
 62373.013   27.18  27.058  26.946   4746.48     3631.0   g-P48 
 62373.013  27.188  27.063  26.951   4735.89     3631.0       g 
 62375.252  27.024  26.893  26.783   6366.38     3631.0   r-P48 
 62375.252  27.028  26.898  26.786   6629.82     3631.0  orange 
 62375.252  27.031  26.902  26.794   6198.96     3631.0       r 
 62375.252  27.048  26.912  26.801   7645.77     3631.0       i 
 62375.252  27.105  26.981  26.869   5182.42     3631.0    cyan 
 62375.252  27.152  27.023  26.905  10023.96     3631.0       z 
 62375.252  27.185  27.062   26.95   4746.48     3631.0   g-P48 
 62375.252  27.193  27.068  26.956   4735.89     3631.0       g 
  62377.49  27.028  26.897  26.788   6366.38     3631.0   r-P48 
  62377.49  27.032  26.902   26.79   6629.82     3631.0  orange 
  62377.49  27.036  26.907  26.798   6198.96     3631.0       r 
  62377.49  27.052  26.916  26.805   7645.77     3631.0       i 
  62377.49   27.11  26.986  26.874   5182.42     3631.0    cyan 
  62377.49  27.156  27.028   26.91  10023.96     3631.0       z 
  62377.49  27.189  27.067  26.955   4746.48     3631.0   g-P48 
  62377.49  27.197  27.072   26.96   4735.89     3631.0       g 
 62379.728  27.033  26.902  26.792   6366.38     3631.0   r-P48 
 62379.728  27.037  26.907  26.795   6629.82     3631.0  orange 
 62379.728   27.04  26.911  26.803   6198.96     3631.0       r 
 62379.728  27.057  26.921   26.81   7645.77     3631.0       i 
 62379.728  27.114   26.99  26.878   5182.42     3631.0    cyan 
 62379.728  27.161  27.032  26.914  10023.96     3631.0       z 
 62379.728  27.194  27.071  26.959   4746.48     3631.0   g-P48 
 62379.728  27.202  27.077  26.965   4735.89     3631.0       g 
 62381.967  27.037  26.906  26.797   6366.38     3631.0   r-P48 
 62381.967  27.041  26.911  26.799   6629.82     3631.0  orange 
 62381.967  27.045  26.916  26.807   6198.96     3631.0       r 
 62381.967  27.061  26.925  26.814   7645.77     3631.0       i 
 62381.967  27.119  26.995  26.882   5182.42     3631.0    cyan 
 62381.967  27.165  27.037  26.919  10023.96     3631.0       z 
 62381.967  27.198  27.076  26.963   4746.48     3631.0   g-P48 
 62381.967  27.206  27.081  26.969   4735.89     3631.0       g 
 62384.205  27.042  26.911  26.801   6366.38     3631.0   r-P48 
 62384.205  27.046  26.916  26.804   6629.82     3631.0  orange 
 62384.205   27.05   26.92  26.812   6198.96     3631.0       r 
 62384.205  27.066   26.93  26.819   7645.77     3631.0       i 
 62384.205  27.123  26.999  26.887   5182.42     3631.0    cyan 
 62384.205   27.17  27.041  26.923  10023.96     3631.0       z 
 62384.205  27.203   27.08  26.968   4746.48     3631.0   g-P48 
 62384.205  27.211  27.086  26.974   4735.89     3631.0       g 
 62386.443  27.046  26.915  26.806   6366.38     3631.0   r-P48 
 62386.443   27.05   26.92  26.808   6629.82     3631.0  orange 
 62386.443  27.054  26.925  26.816   6198.96     3631.0       r 
 62386.443   27.07  26.934  26.823   7645.77     3631.0       i 
 62386.443  27.128  27.004  26.891   5182.42     3631.0    cyan 
 62386.443  27.174  27.046  26.928  10023.96     3631.0       z 
 62386.443  27.207  27.085  26.972   4746.48     3631.0   g-P48 
 62386.443  27.215   27.09  26.978   4735.89     3631.0       g 
 62388.682  27.051   26.92   26.81   6366.38     3631.0   r-P48 
 62388.682  27.055  26.925  26.813   6629.82     3631.0  orange 
 62388.682  27.059  26.929  26.821   6198.96     3631.0       r 
 62388.682  27.075  26.939  26.828   7645.77     3631.0       i 
 62388.682  27.132  27.008  26.896   5182.42     3631.0    cyan 
 62388.682  27.179   27.05  26.932  10023.96     3631.0       z 
 62388.682  27.212  27.089  26.977   4746.48     3631.0   g-P48 
 62388.682   27.22  27.095  26.983   4735.89     3631.0       g 
  62390.92  27.055  26.924  26.814   6366.38     3631.0   r-P48 
  62390.92  27.059  26.929  26.817   6629.82     3631.0  orange 
  62390.92  27.063  26.933  26.825   6198.96     3631.0       r 
  62390.92  27.079  26.943  26.832   7645.77     3631.0       i 
  62390.92  27.137  27.013    26.9   5182.42     3631.0    cyan 
  62390.92  27.183  27.055  26.937  10023.96     3631.0       z 
  62390.92  27.216  27.093  26.981   4746.48     3631.0   g-P48 
  62390.92  27.224  27.099  26.987   4735.89     3631.0       g 
 62393.158   27.06  26.929  26.819   6366.38     3631.0   r-P48 
 62393.158  27.064  26.934  26.822   6629.82     3631.0  orange 
 62393.158  27.068  26.938   26.83   6198.96     3631.0       r 
 62393.158  27.084  26.948  26.836   7645.77     3631.0       i 
 62393.158  27.141  27.017  26.905   5182.42     3631.0    cyan 
 62393.158  27.188  27.059  26.941  10023.96     3631.0       z 
 62393.158   27.22  27.098  26.986   4746.48     3631.0   g-P48 
 62393.158  27.229  27.103  26.992   4735.89     3631.0       g 
 62395.397  27.064  26.933  26.823   6366.38     3631.0   r-P48 
 62395.397  27.068  26.938  26.826   6629.82     3631.0  orange 
 62395.397  27.072  26.942  26.834   6198.96     3631.0       r 
 62395.397  27.088  26.952  26.841   7645.77     3631.0       i 
 62395.397  27.145  27.022  26.909   5182.42     3631.0    cyan 
 62395.397  27.192  27.064  26.946  10023.96     3631.0       z 
 62395.397  27.225  27.102   26.99   4746.48     3631.0   g-P48 
 62395.397  27.233  27.108  26.996   4735.89     3631.0       g 
 62397.635  27.069  26.938  26.828   6366.38     3631.0   r-P48 
 62397.635  27.073  26.943   26.83   6629.82     3631.0  orange 
 62397.635  27.077  26.947  26.838   6198.96     3631.0       r 
 62397.635  27.093  26.956  26.845   7645.77     3631.0       i 
 62397.635   27.15  27.026  26.913   5182.42     3631.0    cyan 
 62397.635  27.196  27.068   26.95  10023.96     3631.0       z 
 62397.635  27.229  27.107  26.995   4746.48     3631.0   g-P48 
 62397.635  27.238  27.112    27.0   4735.89     3631.0       g 
 62399.873  27.073  26.942  26.832   6366.38     3631.0   r-P48 
 62399.873  27.077  26.947  26.835   6629.82     3631.0  orange 
 62399.873  27.081  26.951  26.843   6198.96     3631.0       r 
 62399.873  27.097  26.961   26.85   7645.77     3631.0       i 
 62399.873  27.154  27.031  26.918   5182.42     3631.0    cyan 
 62399.873  27.201  27.073  26.954  10023.96     3631.0       z 
 62399.873  27.234  27.111  26.999   4746.48     3631.0   g-P48 
 62399.873  27.242  27.117  27.005   4735.89     3631.0       g 
 62402.112  27.078  26.947  26.837   6366.38     3631.0   r-P48 
 62402.112  27.082  26.952  26.839   6629.82     3631.0  orange 
 62402.112  27.086  26.956  26.847   6198.96     3631.0       r 
 62402.112  27.101  26.965  26.854   7645.77     3631.0       i 
 62402.112  27.159  27.035  26.922   5182.42     3631.0    cyan 
 62402.112  27.205  27.077  26.959  10023.96     3631.0       z 
 62402.112  27.238  27.116  27.003   4746.48     3631.0   g-P48 
 62402.112  27.247  27.121  27.009   4735.89     3631.0       g 
  62404.35  27.082  26.951  26.841   6366.38     3631.0   r-P48 
  62404.35  27.086  26.956  26.844   6629.82     3631.0  orange 
  62404.35   27.09   26.96  26.852   6198.96     3631.0       r 
  62404.35  27.106   26.97  26.859   7645.77     3631.0       i 
  62404.35  27.163   27.04  26.927   5182.42     3631.0    cyan 
  62404.35   27.21  27.082  26.963  10023.96     3631.0       z 
  62404.35  27.243   27.12  27.008   4746.48     3631.0   g-P48 
  62404.35  27.251  27.126  27.014   4735.89     3631.0       g 
 62406.588  27.087  26.956  26.845   6366.38     3631.0   r-P48 
 62406.588   27.09   26.96  26.848   6629.82     3631.0  orange 
 62406.588  27.094  26.965  26.856   6198.96     3631.0       r 
 62406.588   27.11  26.974  26.863   7645.77     3631.0       i 
 62406.588  27.168  27.044  26.931   5182.42     3631.0    cyan 
 62406.588  27.214  27.086  26.968  10023.96     3631.0       z 
 62406.588  27.247  27.124  27.012   4746.48     3631.0   g-P48 
 62406.588  27.255   27.13  27.018   4735.89     3631.0       g 
 62408.827  27.091   26.96   26.85   6366.38     3631.0   r-P48 
 62408.827  27.095  26.965  26.852   6629.82     3631.0  orange 
 62408.827  27.099  26.969  26.861   6198.96     3631.0       r 
 62408.827  27.115  26.979  26.868   7645.77     3631.0       i 
 62408.827  27.172  27.049  26.935   5182.42     3631.0    cyan 
 62408.827  27.219   27.09  26.972  10023.96     3631.0       z 
 62408.827  27.252  27.129  27.017   4746.48     3631.0   g-P48 
 62408.827   27.26  27.135  27.022   4735.89     3631.0       g 
 62411.065  27.096  26.964  26.854   6366.38     3631.0   r-P48 
 62411.065  27.099  26.969  26.857   6629.82     3631.0  orange 
 62411.065  27.103  26.974  26.865   6198.96     3631.0       r 
 62411.065  27.119  26.983  26.872   7645.77     3631.0       i 
 62411.065  27.177  27.053   26.94   5182.42     3631.0    cyan 
 62411.065  27.223  27.095  26.977  10023.96     3631.0       z 
 62411.065  27.256  27.133  27.021   4746.48     3631.0   g-P48 
 62411.065  27.264  27.139  27.027   4735.89     3631.0       g 
 62413.304    27.1  26.969  26.859   6366.38     3631.0   r-P48 
 62413.304  27.104  26.974  26.861   6629.82     3631.0  orange 
 62413.304  27.108  26.978  26.869   6198.96     3631.0       r 
 62413.304  27.124  26.988  26.876   7645.77     3631.0       i 
 62413.304  27.181  27.057  26.944   5182.42     3631.0    cyan 
 62413.304  27.228  27.099  26.981  10023.96     3631.0       z 
 62413.304   27.26  27.138  27.025   4746.48     3631.0   g-P48 
 62413.304  27.269  27.143  27.031   4735.89     3631.0       g 
 62415.542  27.105  26.973  26.863   6366.38     3631.0   r-P48 
 62415.542  27.108  26.978  26.866   6629.82     3631.0  orange 
 62415.542  27.112  26.982  26.874   6198.96     3631.0       r 
 62415.542  27.128  26.992  26.881   7645.77     3631.0       i 
 62415.542  27.185  27.062  26.949   5182.42     3631.0    cyan 
 62415.542  27.232  27.104  26.985  10023.96     3631.0       z 
 62415.542  27.265  27.142   27.03   4746.48     3631.0   g-P48 
 62415.542  27.273  27.148  27.036   4735.89     3631.0       g 
  62417.78  27.109  26.978  26.867   6366.38     3631.0   r-P48 
  62417.78  27.113  26.983   26.87   6629.82     3631.0  orange 
  62417.78  27.117  26.987  26.878   6198.96     3631.0       r 
  62417.78  27.132  26.997  26.885   7645.77     3631.0       i 
  62417.78   27.19  27.066  26.953   5182.42     3631.0    cyan 
  62417.78  27.237  27.108   26.99  10023.96     3631.0       z 
  62417.78  27.269  27.146  27.034   4746.48     3631.0   g-P48 
  62417.78  27.278  27.152   27.04   4735.89     3631.0       g 
 62420.019  27.114  26.982  26.872   6366.38     3631.0   r-P48 
 62420.019  27.117  26.987  26.874   6629.82     3631.0  orange 
 62420.019  27.121  26.991  26.882   6198.96     3631.0       r 
 62420.019  27.137  27.001   26.89   7645.77     3631.0       i 
 62420.019  27.194  27.071  26.957   5182.42     3631.0    cyan 
 62420.019  27.241  27.113  26.994  10023.96     3631.0       z 
 62420.019  27.274  27.151  27.039   4746.48     3631.0   g-P48 
 62420.019  27.282  27.157  27.044   4735.89     3631.0       g 
 62422.257  27.118  26.987  26.876   6366.38     3631.0   r-P48 
 62422.257  27.121  26.991  26.879   6629.82     3631.0  orange 
 62422.257  27.126  26.996  26.887   6198.96     3631.0       r 
 62422.257  27.141  27.005  26.894   7645.77     3631.0       i 
 62422.257  27.199  27.075  26.962   5182.42     3631.0    cyan 
 62422.257  27.245  27.117  26.999  10023.96     3631.0       z 
 62422.257  27.278  27.155  27.043   4746.48     3631.0   g-P48 
 62422.257  27.286  27.161  27.049   4735.89     3631.0       g 
 62424.495  27.123  26.991   26.88   6366.38     3631.0   r-P48 
 62424.495  27.126  26.996  26.883   6629.82     3631.0  orange 
 62424.495   27.13    27.0  26.891   6198.96     3631.0       r 
 62424.495  27.146   27.01  26.898   7645.77     3631.0       i 
 62424.495  27.203  27.079  26.966   5182.42     3631.0    cyan 
 62424.495   27.25  27.121  27.003  10023.96     3631.0       z 
 62424.495  27.283   27.16  27.047   4746.48     3631.0   g-P48 
 62424.495  27.291  27.165  27.053   4735.89     3631.0       g 
 62426.734  27.127  26.995  26.885   6366.38     3631.0   r-P48 
 62426.734   27.13    27.0  26.887   6629.82     3631.0  orange 
 62426.734  27.134  27.004  26.896   6198.96     3631.0       r 
 62426.734   27.15  27.014  26.903   7645.77     3631.0       i 
 62426.734  27.208  27.084   26.97   5182.42     3631.0    cyan 
 62426.734  27.254  27.126  27.007  10023.96     3631.0       z 
 62426.734  27.287  27.164  27.052   4746.48     3631.0   g-P48 
 62426.734  27.295   27.17  27.058   4735.89     3631.0       g 
 62428.972  27.132    27.0  26.889   6366.38     3631.0   r-P48 
 62428.972  27.135  27.005  26.892   6629.82     3631.0  orange 
 62428.972  27.139  27.009    26.9   6198.96     3631.0       r 
 62428.972  27.155  27.019  26.907   7645.77     3631.0       i 
 62428.972  27.212  27.088  26.975   5182.42     3631.0    cyan 
 62428.972  27.259   27.13  27.012  10023.96     3631.0       z 
 62428.972  27.291  27.168  27.056   4746.48     3631.0   g-P48 
 62428.972    27.3  27.174  27.062   4735.89     3631.0       g 
  62431.21  27.136  27.004  26.894   6366.38     3631.0   r-P48 
  62431.21  27.139  27.009  26.896   6629.82     3631.0  orange 
  62431.21  27.143  27.013  26.904   6198.96     3631.0       r 
  62431.21  27.159  27.023  26.912   7645.77     3631.0       i 
  62431.21  27.216  27.093  26.979   5182.42     3631.0    cyan 
  62431.21  27.263  27.135  27.016  10023.96     3631.0       z 
  62431.21  27.296  27.173   27.06   4746.48     3631.0   g-P48 
  62431.21  27.304  27.179  27.066   4735.89     3631.0       g 
 62433.449   27.14  27.009  26.898   6366.38     3631.0   r-P48 
 62433.449  27.143  27.013  26.901   6629.82     3631.0  orange 
 62433.449  27.148  27.018  26.909   6198.96     3631.0       r 
 62433.449  27.163  27.027  26.916   7645.77     3631.0       i 
 62433.449  27.221  27.097  26.983   5182.42     3631.0    cyan 
 62433.449  27.268  27.139   27.02  10023.96     3631.0       z 
 62433.449    27.3  27.177  27.065   4746.48     3631.0   g-P48 
 62433.449  27.308  27.183  27.071   4735.89     3631.0       g 
 62435.687  27.145  27.013  26.902   6366.38     3631.0   r-P48 
 62435.687  27.148  27.018  26.905   6629.82     3631.0  orange 
 62435.687  27.152  27.022  26.913   6198.96     3631.0       r 
 62435.687  27.168  27.032   26.92   7645.77     3631.0       i 
 62435.687  27.225  27.101  26.988   5182.42     3631.0    cyan 
 62435.687  27.272  27.143  27.025  10023.96     3631.0       z 
 62435.687  27.305  27.181  27.069   4746.48     3631.0   g-P48 
 62435.687  27.313  27.187  27.075   4735.89     3631.0       g 
 62437.925  27.149  27.017  26.907   6366.38     3631.0   r-P48 
 62437.925  27.152  27.022  26.909   6629.82     3631.0  orange 
 62437.925  27.156  27.026  26.917   6198.96     3631.0       r 
 62437.925  27.172  27.036  26.925   7645.77     3631.0       i 
 62437.925   27.23  27.106  26.992   5182.42     3631.0    cyan 
 62437.925  27.276  27.148  27.029  10023.96     3631.0       z 
 62437.925  27.309  27.186  27.073   4746.48     3631.0   g-P48 
 62437.925  27.317  27.192  27.079   4735.89     3631.0       g 
 62440.164  27.154  27.022  26.911   6366.38     3631.0   r-P48 
 62440.164  27.157  27.027  26.914   6629.82     3631.0  orange 
 62440.164  27.161  27.031  26.922   6198.96     3631.0       r 
 62440.164  27.176  27.041  26.929   7645.77     3631.0       i 
 62440.164  27.234   27.11  26.996   5182.42     3631.0    cyan 
 62440.164  27.281  27.152  27.034  10023.96     3631.0       z 
 62440.164  27.313   27.19  27.078   4746.48     3631.0   g-P48 
 62440.164  27.321  27.196  27.084   4735.89     3631.0       g 
 62442.402  27.158  27.026  26.915   6366.38     3631.0   r-P48 
 62442.402  27.161  27.031  26.918   6629.82     3631.0  orange 
 62442.402  27.165  27.035  26.926   6198.96     3631.0       r 
 62442.402  27.181  27.045  26.933   7645.77     3631.0       i 
 62442.402  27.238  27.115  27.001   5182.42     3631.0    cyan 
 62442.402  27.285  27.156  27.038  10023.96     3631.0       z 
 62442.402  27.318  27.195  27.082   4746.48     3631.0   g-P48 
 62442.402  27.326    27.2  27.088   4735.89     3631.0       g 
  62444.64  27.163   27.03   26.92   6366.38     3631.0   r-P48 
  62444.64  27.165  27.035  26.922   6629.82     3631.0  orange 
  62444.64   27.17  27.039   26.93   6198.96     3631.0       r 
  62444.64  27.185  27.049  26.938   7645.77     3631.0       i 
  62444.64  27.243  27.119  27.005   5182.42     3631.0    cyan 
  62444.64  27.289  27.161  27.042  10023.96     3631.0       z 
  62444.64  27.322  27.199  27.086   4746.48     3631.0   g-P48 
  62444.64   27.33  27.205  27.092   4735.89     3631.0       g 
 62446.879  27.167  27.035  26.924   6366.38     3631.0   r-P48 
 62446.879   27.17   27.04  26.927   6629.82     3631.0  orange 
 62446.879  27.174  27.044  26.935   6198.96     3631.0       r 
 62446.879   27.19  27.054  26.942   7645.77     3631.0       i 
 62446.879  27.247  27.123  27.009   5182.42     3631.0    cyan 
 62446.879  27.294  27.165  27.047  10023.96     3631.0       z 
 62446.879  27.326  27.203  27.091   4746.48     3631.0   g-P48 
 62446.879  27.335  27.209  27.097   4735.89     3631.0       g 
 62449.117  27.171  27.039  26.928   6366.38     3631.0   r-P48 
 62449.117  27.174  27.044  26.931   6629.82     3631.0  orange 
 62449.117  27.178  27.048  26.939   6198.96     3631.0       r 
 62449.117  27.194  27.058  26.946   7645.77     3631.0       i 
 62449.117  27.251  27.128  27.014   5182.42     3631.0    cyan 
 62449.117  27.298  27.169  27.051  10023.96     3631.0       z 
 62449.117  27.331  27.208  27.095   4746.48     3631.0   g-P48 
 62449.117  27.339  27.213  27.101   4735.89     3631.0       g 
 62451.356  27.176  27.043  26.933   6366.38     3631.0   r-P48 
 62451.356  27.178  27.048  26.935   6629.82     3631.0  orange 
 62451.356  27.183  27.053  26.943   6198.96     3631.0       r 
 62451.356  27.198  27.062  26.951   7645.77     3631.0       i 
 62451.356  27.256  27.132  27.018   5182.42     3631.0    cyan 
 62451.356  27.303  27.174  27.055  10023.96     3631.0       z 
 62451.356  27.335  27.212  27.099   4746.48     3631.0   g-P48 
 62451.356  27.343  27.218  27.105   4735.89     3631.0       g 
 62453.594   27.18  27.048  26.937   6366.38     3631.0   r-P48 
 62453.594  27.183  27.053   26.94   6629.82     3631.0  orange 
 62453.594  27.187  27.057  26.948   6198.96     3631.0       r 
 62453.594  27.203  27.067  26.955   7645.77     3631.0       i 
 62453.594   27.26  27.136  27.022   5182.42     3631.0    cyan 
 62453.594  27.307  27.178   27.06  10023.96     3631.0       z 
 62453.594  27.339  27.216  27.104   4746.48     3631.0   g-P48 
 62453.594  27.348  27.222   27.11   4735.89     3631.0       g 
 62455.832  27.185  27.052  26.941   6366.38     3631.0   r-P48 
 62455.832  27.187  27.057  26.944   6629.82     3631.0  orange 
 62455.832  27.192  27.061  26.952   6198.96     3631.0       r 
 62455.832  27.207  27.071   26.96   7645.77     3631.0       i 
 62455.832  27.264  27.141  27.027   5182.42     3631.0    cyan 
 62455.832  27.311  27.183  27.064  10023.96     3631.0       z 
 62455.832  27.344  27.221  27.108   4746.48     3631.0   g-P48 
 62455.832  27.352  27.226  27.114   4735.89     3631.0       g 
 62458.071  27.189  27.056  26.945   6366.38     3631.0   r-P48 
 62458.071  27.192  27.061  26.948   6629.82     3631.0  orange 
 62458.071  27.196  27.066  26.956   6198.96     3631.0       r 
 62458.071  27.211  27.075  26.964   7645.77     3631.0       i 
 62458.071  27.269  27.145  27.031   5182.42     3631.0    cyan 
 62458.071  27.316  27.187  27.068  10023.96     3631.0       z 
 62458.071  27.348  27.225  27.112   4746.48     3631.0   g-P48 
 62458.071  27.356  27.231  27.118   4735.89     3631.0       g 
 62460.309  27.193  27.061   26.95   6366.38     3631.0   r-P48 
 62460.309  27.196  27.066  26.952   6629.82     3631.0  orange 
 62460.309    27.2   27.07  26.961   6198.96     3631.0       r 
 62460.309  27.216   27.08  26.968   7645.77     3631.0       i 
 62460.309  27.273  27.149  27.035   5182.42     3631.0    cyan 
 62460.309   27.32  27.191  27.073  10023.96     3631.0       z 
 62460.309  27.352  27.229  27.117   4746.48     3631.0   g-P48 
 62460.309  27.361  27.235  27.123   4735.89     3631.0       g 
 62462.547  27.198  27.065  26.954   6366.38     3631.0   r-P48 
 62462.547    27.2   27.07  26.957   6629.82     3631.0  orange 
 62462.547  27.205  27.074  26.965   6198.96     3631.0       r 
 62462.547   27.22  27.084  26.972   7645.77     3631.0       i 
 62462.547  27.277  27.154  27.039   5182.42     3631.0    cyan 
 62462.547  27.324  27.195  27.077  10023.96     3631.0       z 
 62462.547  27.357  27.233  27.121   4746.48     3631.0   g-P48 
 62462.547  27.365  27.239  27.127   4735.89     3631.0       g 
 62464.786  27.202  27.069  26.958   6366.38     3631.0   r-P48 
 62464.786  27.205  27.074  26.961   6629.82     3631.0  orange 
 62464.786  27.209  27.079  26.969   6198.96     3631.0       r 
 62464.786  27.224  27.088  26.977   7645.77     3631.0       i 
 62464.786  27.282  27.158  27.044   5182.42     3631.0    cyan 
 62464.786  27.329    27.2  27.081  10023.96     3631.0       z 
 62464.786  27.361  27.238  27.125   4746.48     3631.0   g-P48 
 62464.786  27.369  27.244  27.131   4735.89     3631.0       g 
 62467.024  27.206  27.074  26.963   6366.38     3631.0   r-P48 
 62467.024  27.209  27.079  26.965   6629.82     3631.0  orange 
 62467.024  27.213  27.083  26.973   6198.96     3631.0       r 
 62467.024  27.229  27.093  26.981   7645.77     3631.0       i 
 62467.024  27.286  27.162  27.048   5182.42     3631.0    cyan 
 62467.024  27.333  27.204  27.085  10023.96     3631.0       z 
 62467.024  27.365  27.242   27.13   4746.48     3631.0   g-P48 
 62467.024  27.374  27.248  27.135   4735.89     3631.0       g 
 62469.262  27.211  27.078  26.967   6366.38     3631.0   r-P48 
 62469.262  27.213  27.083   26.97   6629.82     3631.0  orange 
 62469.262  27.218  27.087  26.978   6198.96     3631.0       r 
 62469.262  27.233  27.097  26.985   7645.77     3631.0       i 
 62469.262   27.29  27.167  27.052   5182.42     3631.0    cyan 
 62469.262  27.337  27.208   27.09  10023.96     3631.0       z 
 62469.262   27.37  27.246  27.134   4746.48     3631.0   g-P48 
 62469.262  27.378  27.252   27.14   4735.89     3631.0       g 
 62471.501  27.215  27.082  26.971   6366.38     3631.0   r-P48 
 62471.501  27.218  27.087  26.974   6629.82     3631.0  orange 
 62471.501  27.222  27.092  26.982   6198.96     3631.0       r 
 62471.501  27.237  27.101   26.99   7645.77     3631.0       i 
 62471.501  27.295  27.171  27.057   5182.42     3631.0    cyan 
 62471.501  27.342  27.213  27.094  10023.96     3631.0       z 
 62471.501  27.374  27.251  27.138   4746.48     3631.0   g-P48 
 62471.501  27.382  27.257  27.144   4735.89     3631.0       g 
 62473.739   27.22  27.087  26.975   6366.38     3631.0   r-P48 
 62473.739  27.222  27.092  26.978   6629.82     3631.0  orange 
 62473.739  27.226  27.096  26.986   6198.96     3631.0       r 
 62473.739  27.242  27.106  26.994   7645.77     3631.0       i 
 62473.739  27.299  27.175  27.061   5182.42     3631.0    cyan 
 62473.739  27.346  27.217  27.098  10023.96     3631.0       z 
 62473.739  27.378  27.255  27.143   4746.48     3631.0   g-P48 
 62473.739  27.387  27.261  27.148   4735.89     3631.0       g 
 62475.977  27.224  27.091   26.98   6366.38     3631.0   r-P48 
 62475.977  27.226  27.096  26.982   6629.82     3631.0  orange 
 62475.977  27.231    27.1   26.99   6198.96     3631.0       r 
 62475.977  27.246   27.11  26.998   7645.77     3631.0       i 
 62475.977  27.303   27.18  27.065   5182.42     3631.0    cyan 
 62475.977   27.35  27.221  27.103  10023.96     3631.0       z 
 62475.977  27.383  27.259  27.147   4746.48     3631.0   g-P48 
 62475.977  27.391  27.265  27.153   4735.89     3631.0       g 
 62478.216  27.228  27.095  26.984   6366.38     3631.0   r-P48 
 62478.216   27.23    27.1  26.987   6629.82     3631.0  orange 
 62478.216  27.235  27.104  26.995   6198.96     3631.0       r 
 62478.216   27.25  27.114  27.003   7645.77     3631.0       i 
 62478.216  27.308  27.184  27.069   5182.42     3631.0    cyan 
 62478.216  27.355  27.226  27.107  10023.96     3631.0       z 
 62478.216  27.387  27.264  27.151   4746.48     3631.0   g-P48 
 62478.216  27.395   27.27  27.157   4735.89     3631.0       g 
 62480.454  27.233    27.1  26.988   6366.38     3631.0   r-P48 
 62480.454  27.235  27.105  26.991   6629.82     3631.0  orange 
 62480.454  27.239  27.109  26.999   6198.96     3631.0       r 
 62480.454  27.254  27.119  27.007   7645.77     3631.0       i 
 62480.454  27.312  27.188  27.074   5182.42     3631.0    cyan 
 62480.454  27.359   27.23  27.111  10023.96     3631.0       z 
 62480.454  27.391  27.268  27.155   4746.48     3631.0   g-P48 
 62480.454  27.399  27.274  27.161   4735.89     3631.0       g 
 62482.692  27.237  27.104  26.992   6366.38     3631.0   r-P48 
 62482.692  27.239  27.109  26.995   6629.82     3631.0  orange 
 62482.692  27.244  27.113  27.003   6198.96     3631.0       r 
 62482.692  27.259  27.123  27.011   7645.77     3631.0       i 
 62482.692  27.316  27.193  27.078   5182.42     3631.0    cyan 
 62482.692  27.363  27.234  27.116  10023.96     3631.0       z 
 62482.692  27.395  27.272   27.16   4746.48     3631.0   g-P48 
 62482.692  27.404  27.278  27.165   4735.89     3631.0       g 
 62484.931  27.241  27.108  26.997   6366.38     3631.0   r-P48 
 62484.931  27.243  27.113  26.999   6629.82     3631.0  orange 
 62484.931  27.248  27.117  27.008   6198.96     3631.0       r 
 62484.931  27.263  27.127  27.015   7645.77     3631.0       i 
 62484.931  27.321  27.197  27.082   5182.42     3631.0    cyan 
 62484.931  27.368  27.239   27.12  10023.96     3631.0       z 
 62484.931    27.4  27.277  27.164   4746.48     3631.0   g-P48 
 62484.931  27.408  27.282   27.17   4735.89     3631.0       g 
 62487.169  27.246  27.113  27.001   6366.38     3631.0   r-P48 
 62487.169  27.248  27.117  27.004   6629.82     3631.0  orange 
 62487.169  27.252  27.122  27.012   6198.96     3631.0       r 
 62487.169  27.267  27.132   27.02   7645.77     3631.0       i 
 62487.169  27.325  27.201  27.086   5182.42     3631.0    cyan 
 62487.169  27.372  27.243  27.124  10023.96     3631.0       z 
 62487.169  27.404  27.281  27.168   4746.48     3631.0   g-P48 
 62487.169  27.412  27.287  27.174   4735.89     3631.0       g 
 62489.407   27.25  27.117  27.005   6366.38     3631.0   r-P48 
 62489.407  27.252  27.122  27.008   6629.82     3631.0  orange 
 62489.407  27.256  27.126  27.016   6198.96     3631.0       r 
 62489.407  27.272  27.136  27.024   7645.77     3631.0       i 
 62489.407  27.329  27.205  27.091   5182.42     3631.0    cyan 
 62489.407  27.376  27.247  27.128  10023.96     3631.0       z 
 62489.407  27.408  27.285  27.172   4746.48     3631.0   g-P48 
 62489.407  27.417  27.291  27.178   4735.89     3631.0       g 
 62491.646  27.254  27.121  27.009   6366.38     3631.0   r-P48 
 62491.646  27.256  27.126  27.012   6629.82     3631.0  orange 
 62491.646  27.261   27.13   27.02   6198.96     3631.0       r 
 62491.646  27.276   27.14  27.028   7645.77     3631.0       i 
 62491.646  27.333   27.21  27.095   5182.42     3631.0    cyan 
 62491.646  27.381  27.251  27.133  10023.96     3631.0       z 
 62491.646  27.413  27.289  27.177   4746.48     3631.0   g-P48 
 62491.646  27.421  27.295  27.182   4735.89     3631.0       g 
 62493.884  27.258  27.125  27.014   6366.38     3631.0   r-P48 
 62493.884   27.26   27.13  27.016   6629.82     3631.0  orange 
 62493.884  27.265  27.134  27.024   6198.96     3631.0       r 
 62493.884   27.28  27.144  27.033   7645.77     3631.0       i 
 62493.884  27.338  27.214  27.099   5182.42     3631.0    cyan 
 62493.884  27.385  27.256  27.137  10023.96     3631.0       z 
 62493.884  27.417  27.294  27.181   4746.48     3631.0   g-P48 
 62493.884  27.425  27.299  27.187   4735.89     3631.0       g 
 62496.123  27.263   27.13  27.018   6366.38     3631.0   r-P48 
 62496.123  27.265  27.135  27.021   6629.82     3631.0  orange 
 62496.123  27.269  27.139  27.029   6198.96     3631.0       r 
 62496.123  27.284  27.149  27.037   7645.77     3631.0       i 
 62496.123  27.342  27.218  27.103   5182.42     3631.0    cyan 
 62496.123  27.389   27.26  27.141  10023.96     3631.0       z 
 62496.123  27.421  27.298  27.185   4746.48     3631.0   g-P48 
 62496.123  27.429  27.304  27.191   4735.89     3631.0       g 
 62498.361  27.267  27.134  27.022   6366.38     3631.0   r-P48 
 62498.361  27.269  27.139  27.025   6629.82     3631.0  orange 
 62498.361  27.274  27.143  27.033   6198.96     3631.0       r 
 62498.361  27.289  27.153  27.041   7645.77     3631.0       i 
 62498.361  27.346  27.222  27.107   5182.42     3631.0    cyan 
 62498.361  27.393  27.264  27.145  10023.96     3631.0       z 
 62498.361  27.425  27.302  27.189   4746.48     3631.0   g-P48 
 62498.361  27.434  27.308  27.195   4735.89     3631.0       g 
 62500.599  27.271  27.138  27.026   6366.38     3631.0   r-P48 
 62500.599  27.273  27.143  27.029   6629.82     3631.0  orange 
 62500.599  27.278  27.147  27.037   6198.96     3631.0       r 
 62500.599  27.293  27.157  27.045   7645.77     3631.0       i 
 62500.599   27.35  27.227  27.112   5182.42     3631.0    cyan 
 62500.599  27.398  27.268   27.15  10023.96     3631.0       z 
 62500.599   27.43  27.306  27.194   4746.48     3631.0   g-P48 
 62500.599  27.438  27.312  27.199   4735.89     3631.0       g 
 62502.838  27.276  27.142  27.031   6366.38     3631.0   r-P48 
 62502.838  27.278  27.147  27.033   6629.82     3631.0  orange 
 62502.838  27.282  27.151  27.041   6198.96     3631.0       r 
 62502.838  27.297  27.162   27.05   7645.77     3631.0       i 
 62502.838  27.355  27.231  27.116   5182.42     3631.0    cyan 
 62502.838  27.402  27.273  27.154  10023.96     3631.0       z 
 62502.838  27.434  27.311  27.198   4746.48     3631.0   g-P48 
 62502.838  27.442  27.316  27.204   4735.89     3631.0       g 
 62505.076   27.28  27.147  27.035   6366.38     3631.0   r-P48 
 62505.076  27.282  27.152  27.037   6629.82     3631.0  orange 
 62505.076  27.286  27.156  27.046   6198.96     3631.0       r 
 62505.076  27.301  27.166  27.054   7645.77     3631.0       i 
 62505.076  27.359  27.235   27.12   5182.42     3631.0    cyan 
 62505.076  27.406  27.277  27.158  10023.96     3631.0       z 
 62505.076  27.438  27.315  27.202   4746.48     3631.0   g-P48 
 62505.076  27.446  27.321  27.208   4735.89     3631.0       g 
 62507.314  27.284  27.151  27.039   6366.38     3631.0   r-P48 
 62507.314  27.286  27.156  27.042   6629.82     3631.0  orange 
 62507.314  27.291   27.16   27.05   6198.96     3631.0       r 
 62507.314  27.306   27.17  27.058   7645.77     3631.0       i 
 62507.314  27.363  27.239  27.124   5182.42     3631.0    cyan 
 62507.314   27.41  27.281  27.162  10023.96     3631.0       z 
 62507.314  27.442  27.319  27.206   4746.48     3631.0   g-P48 
 62507.314  27.451  27.325  27.212   4735.89     3631.0       g 
 62509.553  27.288  27.155  27.043   6366.38     3631.0   r-P48 
 62509.553   27.29   27.16  27.046   6629.82     3631.0  orange 
 62509.553  27.295  27.164  27.054   6198.96     3631.0       r 
 62509.553   27.31  27.174  27.062   7645.77     3631.0       i 
 62509.553  27.368  27.244  27.128   5182.42     3631.0    cyan 
 62509.553  27.415  27.285  27.167  10023.96     3631.0       z 
 62509.553  27.447  27.323  27.211   4746.48     3631.0   g-P48 
 62509.553  27.455  27.329  27.216   4735.89     3631.0       g 
 62511.791  27.293  27.159  27.047   6366.38     3631.0   r-P48 
 62511.791  27.295  27.164   27.05   6629.82     3631.0  orange 
 62511.791  27.299  27.168  27.058   6198.96     3631.0       r 
 62511.791  27.314  27.179  27.067   7645.77     3631.0       i 
 62511.791  27.372  27.248  27.133   5182.42     3631.0    cyan 
 62511.791  27.419   27.29  27.171  10023.96     3631.0       z 
 62511.791  27.451  27.328  27.215   4746.48     3631.0   g-P48 
 62511.791  27.459  27.333   27.22   4735.89     3631.0       g 
 62514.029  27.297  27.164  27.052   6366.38     3631.0   r-P48 
 62514.029  27.299  27.169  27.054   6629.82     3631.0  orange 
 62514.029  27.303  27.173  27.062   6198.96     3631.0       r 
 62514.029  27.318  27.183  27.071   7645.77     3631.0       i 
 62514.029  27.376  27.252  27.137   5182.42     3631.0    cyan 
 62514.029  27.423  27.294  27.175  10023.96     3631.0       z 
 62514.029  27.455  27.332  27.219   4746.48     3631.0   g-P48 
 62514.029  27.463  27.338  27.225   4735.89     3631.0       g 
 62516.268  27.301  27.168  27.056   6366.38     3631.0   r-P48 
 62516.268  27.303  27.173  27.058   6629.82     3631.0  orange 
 62516.268  27.308  27.177  27.067   6198.96     3631.0       r 
 62516.268  27.323  27.187  27.075   7645.77     3631.0       i 
 62516.268   27.38  27.256  27.141   5182.42     3631.0    cyan 
 62516.268  27.427  27.298  27.179  10023.96     3631.0       z 
 62516.268  27.459  27.336  27.223   4746.48     3631.0   g-P48 
 62516.268  27.467  27.342  27.229   4735.89     3631.0       g 
 62518.506  27.305  27.172   27.06   6366.38     3631.0   r-P48 
 62518.506  27.307  27.177  27.063   6629.82     3631.0  orange 
 62518.506  27.312  27.181  27.071   6198.96     3631.0       r 
 62518.506  27.327  27.191  27.079   7645.77     3631.0       i 
 62518.506  27.384  27.261  27.145   5182.42     3631.0    cyan 
 62518.506  27.432  27.302  27.183  10023.96     3631.0       z 
 62518.506  27.464   27.34  27.227   4746.48     3631.0   g-P48 
 62518.506  27.472  27.346  27.233   4735.89     3631.0       g 
 62520.744   27.31  27.176  27.064   6366.38     3631.0   r-P48 
 62520.744  27.312  27.181  27.067   6629.82     3631.0  orange 
 62520.744  27.316  27.185  27.075   6198.96     3631.0       r 
 62520.744  27.331  27.195  27.083   7645.77     3631.0       i 
 62520.744  27.389  27.265  27.149   5182.42     3631.0    cyan 
 62520.744  27.436  27.306  27.188  10023.96     3631.0       z 
 62520.744  27.468  27.345  27.232   4746.48     3631.0   g-P48 
 62520.744  27.476   27.35  27.237   4735.89     3631.0       g 
 62522.983  27.314   27.18  27.068   6366.38     3631.0   r-P48 
 62522.983  27.316  27.185  27.071   6629.82     3631.0  orange 
 62522.983   27.32   27.19  27.079   6198.96     3631.0       r 
 62522.983  27.335    27.2  27.088   7645.77     3631.0       i 
 62522.983  27.393  27.269  27.154   5182.42     3631.0    cyan 
 62522.983   27.44  27.311  27.192  10023.96     3631.0       z 
 62522.983  27.472  27.349  27.236   4746.48     3631.0   g-P48 
 62522.983   27.48  27.354  27.241   4735.89     3631.0       g 
 62525.221  27.318  27.185  27.073   6366.38     3631.0   r-P48 
 62525.221   27.32   27.19  27.075   6629.82     3631.0  orange 
 62525.221  27.325  27.194  27.083   6198.96     3631.0       r 
 62525.221  27.339  27.204  27.092   7645.77     3631.0       i 
 62525.221  27.397  27.273  27.158   5182.42     3631.0    cyan 
 62525.221  27.444  27.315  27.196  10023.96     3631.0       z 
 62525.221  27.476  27.353   27.24   4746.48     3631.0   g-P48 
 62525.221  27.484  27.359  27.246   4735.89     3631.0       g 
 62527.459  27.322  27.189  27.077   6366.38     3631.0   r-P48 
 62527.459  27.324  27.194  27.079   6629.82     3631.0  orange 
 62527.459  27.329  27.198  27.088   6198.96     3631.0       r 
 62527.459  27.344  27.208  27.096   7645.77     3631.0       i 
 62527.459  27.401  27.278  27.162   5182.42     3631.0    cyan 
 62527.459  27.449  27.319    27.2  10023.96     3631.0       z 
 62527.459   27.48  27.357  27.244   4746.48     3631.0   g-P48 
 62527.459  27.489  27.363   27.25   4735.89     3631.0       g 
 62529.698  27.327  27.193  27.081   6366.38     3631.0   r-P48 
 62529.698  27.328  27.198  27.084   6629.82     3631.0  orange 
 62529.698  27.333  27.202  27.092   6198.96     3631.0       r 
 62529.698  27.348  27.212    27.1   7645.77     3631.0       i 
 62529.698  27.406  27.282  27.166   5182.42     3631.0    cyan 
 62529.698  27.453  27.323  27.204  10023.96     3631.0       z 
 62529.698  27.485  27.361  27.248   4746.48     3631.0   g-P48 
 62529.698  27.493  27.367  27.254   4735.89     3631.0       g 
 62531.936  27.331  27.197  27.085   6366.38     3631.0   r-P48 
 62531.936  27.333  27.202  27.088   6629.82     3631.0  orange 
 62531.936  27.337  27.206  27.096   6198.96     3631.0       r 
 62531.936  27.352  27.217  27.104   7645.77     3631.0       i 
 62531.936   27.41  27.286   27.17   5182.42     3631.0    cyan 
 62531.936  27.457  27.328  27.209  10023.96     3631.0       z 
 62531.936  27.489  27.366  27.253   4746.48     3631.0   g-P48 
 62531.936  27.497  27.371  27.258   4735.89     3631.0       g 
 62534.175  27.335  27.202  27.089   6366.38     3631.0   r-P48 
 62534.175  27.337  27.206  27.092   6629.82     3631.0  orange 
 62534.175  27.342  27.211    27.1   6198.96     3631.0       r 
 62534.175  27.356  27.221  27.109   7645.77     3631.0       i 
 62534.175  27.414   27.29  27.174   5182.42     3631.0    cyan 
 62534.175  27.461  27.332  27.213  10023.96     3631.0       z 
 62534.175  27.493   27.37  27.257   4746.48     3631.0   g-P48 
 62534.175  27.501  27.375  27.262   4735.89     3631.0       g 
 62536.413  27.339  27.206  27.093   6366.38     3631.0   r-P48 
 62536.413  27.341  27.211  27.096   6629.82     3631.0  orange 
 62536.413  27.346  27.215  27.104   6198.96     3631.0       r 
 62536.413   27.36  27.225  27.113   7645.77     3631.0       i 
 62536.413  27.418  27.294  27.179   5182.42     3631.0    cyan 
 62536.413  27.466  27.336  27.217  10023.96     3631.0       z 
 62536.413  27.497  27.374  27.261   4746.48     3631.0   g-P48 
 62536.413  27.505   27.38  27.266   4735.89     3631.0       g 
 62538.651  27.344   27.21  27.098   6366.38     3631.0   r-P48 
 62538.651  27.345  27.215    27.1   6629.82     3631.0  orange 
 62538.651   27.35  27.219  27.108   6198.96     3631.0       r 
 62538.651  27.365  27.229  27.117   7645.77     3631.0       i 
 62538.651  27.422  27.299  27.183   5182.42     3631.0    cyan 
 62538.651   27.47   27.34  27.221  10023.96     3631.0       z 
 62538.651  27.501  27.378  27.265   4746.48     3631.0   g-P48 
 62538.651   27.51  27.384  27.271   4735.89     3631.0       g 
  62540.89  27.348  27.214  27.102   6366.38     3631.0   r-P48 
  62540.89  27.349  27.219  27.104   6629.82     3631.0  orange 
  62540.89  27.354  27.223  27.112   6198.96     3631.0       r 
  62540.89  27.369  27.233  27.121   7645.77     3631.0       i 
  62540.89  27.427  27.303  27.187   5182.42     3631.0    cyan 
  62540.89  27.474  27.344  27.225  10023.96     3631.0       z 
  62540.89  27.506  27.382  27.269   4746.48     3631.0   g-P48 
  62540.89  27.514  27.388  27.275   4735.89     3631.0       g 
 62543.128  27.352  27.218  27.106   6366.38     3631.0   r-P48 
 62543.128  27.354  27.223  27.108   6629.82     3631.0  orange 
 62543.128  27.359  27.227  27.117   6198.96     3631.0       r 
 62543.128  27.373  27.238  27.125   7645.77     3631.0       i 
 62543.128  27.431  27.307  27.191   5182.42     3631.0    cyan 
 62543.128  27.478  27.349  27.229  10023.96     3631.0       z 
 62543.128   27.51  27.387  27.273   4746.48     3631.0   g-P48 
 62543.128  27.518  27.392  27.279   4735.89     3631.0       g 
 62545.366  27.356  27.222   27.11   6366.38     3631.0   r-P48 
 62545.366  27.358  27.227  27.113   6629.82     3631.0  orange 
 62545.366  27.363  27.232  27.121   6198.96     3631.0       r 
 62545.366  27.377  27.242  27.129   7645.77     3631.0       i 
 62545.366  27.435  27.311  27.195   5182.42     3631.0    cyan 
 62545.366  27.482  27.353  27.234  10023.96     3631.0       z 
 62545.366  27.514  27.391  27.278   4746.48     3631.0   g-P48 
 62545.366  27.522  27.396  27.283   4735.89     3631.0       g 
 62547.605   27.36  27.227  27.114   6366.38     3631.0   r-P48 
 62547.605  27.362  27.232  27.117   6629.82     3631.0  orange 
 62547.605  27.367  27.236  27.125   6198.96     3631.0       r 
 62547.605  27.381  27.246  27.134   7645.77     3631.0       i 
 62547.605  27.439  27.315  27.199   5182.42     3631.0    cyan 
 62547.605  27.487  27.357  27.238  10023.96     3631.0       z 
 62547.605  27.518  27.395  27.282   4746.48     3631.0   g-P48 
 62547.605  27.526    27.4  27.287   4735.89     3631.0       g 
 62549.843  27.365  27.231  27.118   6366.38     3631.0   r-P48 
 62549.843  27.366  27.236  27.121   6629.82     3631.0  orange 
 62549.843  27.371   27.24  27.129   6198.96     3631.0       r 
 62549.843  27.386   27.25  27.138   7645.77     3631.0       i 
 62549.843  27.443  27.319  27.203   5182.42     3631.0    cyan 
 62549.843  27.491  27.361  27.242  10023.96     3631.0       z 
 62549.843  27.522  27.399  27.286   4746.48     3631.0   g-P48 
 62549.843   27.53  27.405  27.291   4735.89     3631.0       g 
 62552.081  27.369  27.235  27.122   6366.38     3631.0   r-P48 
 62552.081   27.37   27.24  27.125   6629.82     3631.0  orange 
 62552.081  27.375  27.244  27.133   6198.96     3631.0       r 
 62552.081   27.39  27.254  27.142   7645.77     3631.0       i 
 62552.081  27.447  27.324  27.207   5182.42     3631.0    cyan 
 62552.081  27.495  27.365  27.246  10023.96     3631.0       z 
 62552.081  27.526  27.403   27.29   4746.48     3631.0   g-P48 
 62552.081  27.535  27.409  27.296   4735.89     3631.0       g 
  62554.32  27.373  27.239  27.127   6366.38     3631.0   r-P48 
  62554.32  27.374  27.244  27.129   6629.82     3631.0  orange 
  62554.32   27.38  27.248  27.137   6198.96     3631.0       r 
  62554.32  27.394  27.258  27.146   7645.77     3631.0       i 
  62554.32  27.452  27.328  27.212   5182.42     3631.0    cyan 
  62554.32  27.499  27.369   27.25  10023.96     3631.0       z 
  62554.32  27.531  27.407  27.294   4746.48     3631.0   g-P48 
  62554.32  27.539  27.413    27.3   4735.89     3631.0       g 
 62556.558  27.377  27.243  27.131   6366.38     3631.0   r-P48 
 62556.558  27.379  27.248  27.133   6629.82     3631.0  orange 
 62556.558  27.384  27.252  27.141   6198.96     3631.0       r 
 62556.558  27.398  27.263   27.15   7645.77     3631.0       i 
 62556.558  27.456  27.332  27.216   5182.42     3631.0    cyan 
 62556.558  27.503  27.374  27.254  10023.96     3631.0       z 
 62556.558  27.535  27.412  27.298   4746.48     3631.0   g-P48 
 62556.558  27.543  27.417  27.304   4735.89     3631.0       g 
 62558.796  27.381  27.247  27.135   6366.38     3631.0   r-P48 
 62558.796  27.383  27.252  27.137   6629.82     3631.0  orange 
 62558.796  27.388  27.257  27.146   6198.96     3631.0       r 
 62558.796  27.402  27.267  27.154   7645.77     3631.0       i 
 62558.796   27.46  27.336   27.22   5182.42     3631.0    cyan 
 62558.796  27.507  27.378  27.258  10023.96     3631.0       z 
 62558.796  27.539  27.416  27.302   4746.48     3631.0   g-P48 
 62558.796  27.547  27.421  27.308   4735.89     3631.0       g 
 62561.035  27.386  27.252  27.139   6366.38     3631.0   r-P48 
 62561.035  27.387  27.256  27.142   6629.82     3631.0  orange 
 62561.035  27.392  27.261   27.15   6198.96     3631.0       r 
 62561.035  27.406  27.271  27.159   7645.77     3631.0       i 
 62561.035  27.464   27.34  27.224   5182.42     3631.0    cyan 
 62561.035  27.512  27.382  27.263  10023.96     3631.0       z 
 62561.035  27.543   27.42  27.307   4746.48     3631.0   g-P48 
 62561.035  27.551  27.425  27.312   4735.89     3631.0       g 
 62563.273   27.39  27.256  27.143   6366.38     3631.0   r-P48 
 62563.273  27.391  27.261  27.146   6629.82     3631.0  orange 
 62563.273  27.396  27.265  27.154   6198.96     3631.0       r 
 62563.273   27.41  27.275  27.163   7645.77     3631.0       i 
 62563.273  27.468  27.344  27.228   5182.42     3631.0    cyan 
 62563.273  27.516  27.386  27.267  10023.96     3631.0       z 
 62563.273  27.547  27.424  27.311   4746.48     3631.0   g-P48 
 62563.273  27.555  27.429  27.316   4735.89     3631.0       g 
 62565.511  27.394   27.26  27.147   6366.38     3631.0   r-P48 
 62565.511  27.395  27.265   27.15   6629.82     3631.0  orange 
 62565.511    27.4  27.269  27.158   6198.96     3631.0       r 
 62565.511  27.415  27.279  27.167   7645.77     3631.0       i 
 62565.511  27.472  27.349  27.232   5182.42     3631.0    cyan 
 62565.511   27.52   27.39  27.271  10023.96     3631.0       z 
 62565.511  27.551  27.428  27.315   4746.48     3631.0   g-P48 
 62565.511  27.559  27.433   27.32   4735.89     3631.0       g 
  62567.75  27.398  27.264  27.151   6366.38     3631.0   r-P48 
  62567.75  27.399  27.269  27.154   6629.82     3631.0  orange 
  62567.75  27.405  27.273  27.162   6198.96     3631.0       r 
  62567.75  27.419  27.283  27.171   7645.77     3631.0       i 
  62567.75  27.476  27.353  27.236   5182.42     3631.0    cyan 
  62567.75  27.524  27.394  27.275  10023.96     3631.0       z 
  62567.75  27.556  27.432  27.319   4746.48     3631.0   g-P48 
  62567.75  27.564  27.438  27.324   4735.89     3631.0       g 
 62569.988  27.402  27.268  27.155   6366.38     3631.0   r-P48 
 62569.988  27.404  27.273  27.158   6629.82     3631.0  orange 
 62569.988  27.409  27.277  27.166   6198.96     3631.0       r 
 62569.988  27.423  27.288  27.175   7645.77     3631.0       i 
 62569.988  27.481  27.357   27.24   5182.42     3631.0    cyan 
 62569.988  27.528  27.398  27.279  10023.96     3631.0       z 
 62569.988   27.56  27.436  27.323   4746.48     3631.0   g-P48 
 62569.988  27.568  27.442  27.329   4735.89     3631.0       g 
 62572.226  27.406  27.272  27.159   6366.38     3631.0   r-P48 
 62572.226  27.408  27.277  27.162   6629.82     3631.0  orange 
 62572.226  27.413  27.281   27.17   6198.96     3631.0       r 
 62572.226  27.427  27.292  27.179   7645.77     3631.0       i 
 62572.226  27.485  27.361  27.244   5182.42     3631.0    cyan 
 62572.226  27.533  27.402  27.283  10023.96     3631.0       z 
 62572.226  27.564  27.441  27.327   4746.48     3631.0   g-P48 
 62572.226  27.572  27.446  27.333   4735.89     3631.0       g 
 62574.465   27.41  27.276  27.163   6366.38     3631.0   r-P48 
 62574.465  27.412  27.281  27.166   6629.82     3631.0  orange 
 62574.465  27.417  27.285  27.174   6198.96     3631.0       r 
 62574.465  27.431  27.296  27.183   7645.77     3631.0       i 
 62574.465  27.489  27.365  27.248   5182.42     3631.0    cyan 
 62574.465  27.537  27.407  27.287  10023.96     3631.0       z 
 62574.465  27.568  27.445  27.331   4746.48     3631.0   g-P48 
 62574.465  27.576   27.45  27.337   4735.89     3631.0       g 
 62576.703  27.415   27.28  27.168   6366.38     3631.0   r-P48 
 62576.703  27.416  27.285   27.17   6629.82     3631.0  orange 
 62576.703  27.421   27.29  27.178   6198.96     3631.0       r 
 62576.703  27.435    27.3  27.187   7645.77     3631.0       i 
 62576.703  27.493  27.369  27.253   5182.42     3631.0    cyan 
 62576.703  27.541  27.411  27.291  10023.96     3631.0       z 
 62576.703  27.572  27.449  27.335   4746.48     3631.0   g-P48 
 62576.703   27.58  27.454  27.341   4735.89     3631.0       g 
 62578.942  27.419  27.285  27.172   6366.38     3631.0   r-P48 
 62578.942   27.42   27.29  27.174   6629.82     3631.0  orange 
 62578.942  27.425  27.294  27.182   6198.96     3631.0       r 
 62578.942  27.439  27.304  27.192   7645.77     3631.0       i 
 62578.942  27.497  27.373  27.257   5182.42     3631.0    cyan 
 62578.942  27.545  27.415  27.296  10023.96     3631.0       z 
 62578.942  27.576  27.453  27.339   4746.48     3631.0   g-P48 
 62578.942  27.584  27.458  27.345   4735.89     3631.0       g 
  62581.18  27.423  27.289  27.176   6366.38     3631.0   r-P48 
  62581.18  27.424  27.294  27.178   6629.82     3631.0  orange 
  62581.18   27.43  27.298  27.186   6198.96     3631.0       r 
  62581.18  27.444  27.308  27.196   7645.77     3631.0       i 
  62581.18  27.501  27.378  27.261   5182.42     3631.0    cyan 
  62581.18  27.549  27.419    27.3  10023.96     3631.0       z 
  62581.18   27.58  27.457  27.344   4746.48     3631.0   g-P48 
  62581.18  27.588  27.462  27.349   4735.89     3631.0       g 
 62583.418  27.427  27.293   27.18   6366.38     3631.0   r-P48 
 62583.418  27.428  27.298  27.182   6629.82     3631.0  orange 
 62583.418  27.434  27.302  27.191   6198.96     3631.0       r 
 62583.418  27.448  27.312    27.2   7645.77     3631.0       i 
 62583.418  27.505  27.382  27.265   5182.42     3631.0    cyan 
 62583.418  27.553  27.423  27.304  10023.96     3631.0       z 
 62583.418  27.584  27.461  27.348   4746.48     3631.0   g-P48 
 62583.418  27.592  27.466  27.353   4735.89     3631.0       g 
 62585.657  27.431  27.297  27.184   6366.38     3631.0   r-P48 
 62585.657  27.432  27.302  27.187   6629.82     3631.0  orange 
 62585.657  27.438  27.306  27.195   6198.96     3631.0       r 
 62585.657  27.452  27.316  27.204   7645.77     3631.0       i 
 62585.657  27.509  27.386  27.269   5182.42     3631.0    cyan 
 62585.657  27.557  27.427  27.308  10023.96     3631.0       z 
 62585.657  27.589  27.465  27.352   4746.48     3631.0   g-P48 
 62585.657  27.596   27.47  27.357   4735.89     3631.0       g 
 62587.895  27.435  27.301  27.188   6366.38     3631.0   r-P48 
 62587.895  27.436  27.306  27.191   6629.82     3631.0  orange 
 62587.895  27.442   27.31  27.199   6198.96     3631.0       r 
 62587.895  27.456  27.321  27.208   7645.77     3631.0       i 
 62587.895  27.514   27.39  27.273   5182.42     3631.0    cyan 
 62587.895  27.562  27.431  27.312  10023.96     3631.0       z 
 62587.895  27.593  27.469  27.356   4746.48     3631.0   g-P48 
 62587.895  27.601  27.474  27.361   4735.89     3631.0       g 
 62590.133  27.439  27.305  27.192   6366.38     3631.0   r-P48 
 62590.133  27.441   27.31  27.195   6629.82     3631.0  orange 
 62590.133  27.446  27.314  27.203   6198.96     3631.0       r 
 62590.133   27.46  27.325  27.212   7645.77     3631.0       i 
 62590.133  27.518  27.394  27.277   5182.42     3631.0    cyan 
 62590.133  27.566  27.435  27.316  10023.96     3631.0       z 
 62590.133  27.597  27.473   27.36   4746.48     3631.0   g-P48 
 62590.133  27.605  27.479  27.365   4735.89     3631.0       g 
 62592.372  27.443  27.309  27.196   6366.38     3631.0   r-P48 
 62592.372  27.445  27.314  27.199   6629.82     3631.0  orange 
 62592.372   27.45  27.318  27.207   6198.96     3631.0       r 
 62592.372  27.464  27.329  27.216   7645.77     3631.0       i 
 62592.372  27.522  27.398  27.281   5182.42     3631.0    cyan 
 62592.372   27.57  27.439   27.32  10023.96     3631.0       z 
 62592.372  27.601  27.477  27.364   4746.48     3631.0   g-P48 
 62592.372  27.609  27.483  27.369   4735.89     3631.0       g 
  62594.61  27.448  27.313    27.2   6366.38     3631.0   r-P48 
  62594.61  27.449  27.318  27.203   6629.82     3631.0  orange 
  62594.61  27.454  27.323  27.211   6198.96     3631.0       r 
  62594.61  27.468  27.333   27.22   7645.77     3631.0       i 
  62594.61  27.526  27.402  27.285   5182.42     3631.0    cyan 
  62594.61  27.574  27.443  27.324  10023.96     3631.0       z 
  62594.61  27.605  27.482  27.368   4746.48     3631.0   g-P48 
  62594.61  27.613  27.487  27.374   4735.89     3631.0       g 
 62596.848  27.452  27.317  27.204   6366.38     3631.0   r-P48 
 62596.848  27.453  27.322  27.207   6629.82     3631.0  orange 
 62596.848  27.458  27.327  27.215   6198.96     3631.0       r 
 62596.848  27.472  27.337  27.224   7645.77     3631.0       i 
 62596.848   27.53  27.406  27.289   5182.42     3631.0    cyan 
 62596.848  27.578  27.447  27.328  10023.96     3631.0       z 
 62596.848  27.609  27.486  27.372   4746.48     3631.0   g-P48 
 62596.848  27.617  27.491  27.378   4735.89     3631.0       g 
 62599.087  27.456  27.321  27.208   6366.38     3631.0   r-P48 
 62599.087  27.457  27.326  27.211   6629.82     3631.0  orange 
 62599.087  27.463  27.331  27.219   6198.96     3631.0       r 
 62599.087  27.476  27.341  27.228   7645.77     3631.0       i 
 62599.087  27.534   27.41  27.293   5182.42     3631.0    cyan 
 62599.087  27.582  27.452  27.332  10023.96     3631.0       z 
 62599.087  27.613   27.49  27.376   4746.48     3631.0   g-P48 
 62599.087  27.621  27.495  27.382   4735.89     3631.0       g 
 62601.325   27.46  27.326  27.212   6366.38     3631.0   r-P48 
 62601.325  27.461   27.33  27.215   6629.82     3631.0  orange 
 62601.325  27.467  27.335  27.223   6198.96     3631.0       r 
 62601.325   27.48  27.345  27.232   7645.77     3631.0       i 
 62601.325  27.538  27.414  27.297   5182.42     3631.0    cyan 
 62601.325  27.586  27.456  27.336  10023.96     3631.0       z 
 62601.325  27.617  27.494   27.38   4746.48     3631.0   g-P48 
 62601.325  27.625  27.499  27.386   4735.89     3631.0       g 
 62603.563  27.464   27.33  27.216   6366.38     3631.0   r-P48 
 62603.563  27.465  27.335  27.219   6629.82     3631.0  orange 
 62603.563  27.471  27.339  27.227   6198.96     3631.0       r 
 62603.563  27.484  27.349  27.236   7645.77     3631.0       i 
 62603.563  27.542  27.419  27.301   5182.42     3631.0    cyan 
 62603.563   27.59   27.46   27.34  10023.96     3631.0       z 
 62603.563  27.621  27.498  27.384   4746.48     3631.0   g-P48 
 62603.563  27.629  27.503   27.39   4735.89     3631.0       g 
 62605.802  27.468  27.334   27.22   6366.38     3631.0   r-P48 
 62605.802  27.469  27.339  27.223   6629.82     3631.0  orange 
 62605.802  27.475  27.343  27.231   6198.96     3631.0       r 
 62605.802  27.488  27.353   27.24   7645.77     3631.0       i 
 62605.802  27.546  27.423  27.305   5182.42     3631.0    cyan 
 62605.802  27.594  27.464  27.344  10023.96     3631.0       z 
 62605.802  27.625  27.502  27.389   4746.48     3631.0   g-P48 
 62605.802  27.633  27.507  27.394   4735.89     3631.0       g 
  62608.04  27.472  27.338  27.224   6366.38     3631.0   r-P48 
  62608.04  27.473  27.343  27.227   6629.82     3631.0  orange 
  62608.04  27.479  27.347  27.235   6198.96     3631.0       r 
  62608.04  27.493  27.357  27.244   7645.77     3631.0       i 
  62608.04   27.55  27.427  27.309   5182.42     3631.0    cyan 
  62608.04  27.599  27.468  27.349  10023.96     3631.0       z 
  62608.04  27.629  27.506  27.393   4746.48     3631.0   g-P48 
  62608.04  27.637  27.511  27.398   4735.89     3631.0       g 
 62610.278  27.476  27.342  27.228   6366.38     3631.0   r-P48 
 62610.278  27.477  27.347  27.231   6629.82     3631.0  orange 
 62610.278  27.483  27.351  27.239   6198.96     3631.0       r 
 62610.278  27.497  27.361  27.248   7645.77     3631.0       i 
 62610.278  27.554  27.431  27.313   5182.42     3631.0    cyan 
 62610.278  27.603  27.472  27.353  10023.96     3631.0       z 
 62610.278  27.634   27.51  27.397   4746.48     3631.0   g-P48 
 62610.278  27.641  27.515  27.402   4735.89     3631.0       g 
 62612.517   27.48  27.346  27.232   6366.38     3631.0   r-P48 
 62612.517  27.481  27.351  27.235   6629.82     3631.0  orange 
 62612.517  27.487  27.355  27.243   6198.96     3631.0       r 
 62612.517  27.501  27.365  27.252   7645.77     3631.0       i 
 62612.517  27.558  27.435  27.317   5182.42     3631.0    cyan 
 62612.517  27.607  27.476  27.357  10023.96     3631.0       z 
 62612.517  27.638  27.514  27.401   4746.48     3631.0   g-P48 
 62612.517  27.645  27.519  27.406   4735.89     3631.0       g 
 62614.755  27.484   27.35  27.236   6366.38     3631.0   r-P48 
 62614.755  27.485  27.355  27.239   6629.82     3631.0  orange 
 62614.755  27.491  27.359  27.247   6198.96     3631.0       r 
 62614.755  27.505   27.37  27.256   7645.77     3631.0       i 
 62614.755  27.563  27.439  27.321   5182.42     3631.0    cyan 
 62614.755  27.611   27.48  27.361  10023.96     3631.0       z 
 62614.755  27.642  27.518  27.405   4746.48     3631.0   g-P48 
 62614.755  27.649  27.523   27.41   4735.89     3631.0       g 
 62616.994  27.488  27.354   27.24   6366.38     3631.0   r-P48 
 62616.994   27.49  27.359  27.243   6629.82     3631.0  orange 
 62616.994  27.495  27.363  27.251   6198.96     3631.0       r 
 62616.994  27.509  27.374  27.261   7645.77     3631.0       i 
 62616.994  27.567  27.443  27.325   5182.42     3631.0    cyan 
 62616.994  27.615  27.484  27.365  10023.96     3631.0       z 
 62616.994  27.646  27.522  27.409   4746.48     3631.0   g-P48 
 62616.994  27.653  27.527  27.414   4735.89     3631.0       g 
 62619.232  27.492  27.358  27.244   6366.38     3631.0   r-P48 
 62619.232  27.494  27.363  27.247   6629.82     3631.0  orange 
 62619.232  27.499  27.368  27.255   6198.96     3631.0       r 
 62619.232  27.513  27.378  27.265   7645.77     3631.0       i 
 62619.232  27.571  27.447  27.329   5182.42     3631.0    cyan 
 62619.232  27.619  27.488  27.369  10023.96     3631.0       z 
 62619.232   27.65  27.526  27.413   4746.48     3631.0   g-P48 
 62619.232  27.658  27.532  27.418   4735.89     3631.0       g 
  62621.47  27.497  27.362  27.248   6366.38     3631.0   r-P48 
  62621.47  27.498  27.367  27.251   6629.82     3631.0  orange 
  62621.47  27.504  27.372  27.259   6198.96     3631.0       r 
  62621.47  27.517  27.382  27.269   7645.77     3631.0       i 
  62621.47  27.575  27.451  27.333   5182.42     3631.0    cyan 
  62621.47  27.623  27.492  27.373  10023.96     3631.0       z 
  62621.47  27.654   27.53  27.417   4746.48     3631.0   g-P48 
  62621.47  27.662  27.536  27.422   4735.89     3631.0       g 
 62623.709  27.501  27.366  27.252   6366.38     3631.0   r-P48 
 62623.709  27.502  27.371  27.255   6629.82     3631.0  orange 
 62623.709  27.508  27.376  27.263   6198.96     3631.0       r 
 62623.709  27.521  27.386  27.273   7645.77     3631.0       i 
 62623.709  27.579  27.455  27.337   5182.42     3631.0    cyan 
 62623.709  27.627  27.496  27.377  10023.96     3631.0       z 
 62623.709  27.658  27.534  27.421   4746.48     3631.0   g-P48 
 62623.709  27.666   27.54  27.426   4735.89     3631.0       g 
 62625.947  27.505   27.37  27.256   6366.38     3631.0   r-P48 
 62625.947  27.506  27.375  27.259   6629.82     3631.0  orange 
 62625.947  27.512   27.38  27.267   6198.96     3631.0       r 
 62625.947  27.525   27.39  27.277   7645.77     3631.0       i 
 62625.947  27.583  27.459  27.341   5182.42     3631.0    cyan 
 62625.947  27.631    27.5  27.381  10023.96     3631.0       z 
 62625.947  27.662  27.538  27.425   4746.48     3631.0   g-P48 
 62625.947   27.67  27.544   27.43   4735.89     3631.0       g 
 62628.185  27.509  27.374   27.26   6366.38     3631.0   r-P48 
 62628.185   27.51  27.379  27.263   6629.82     3631.0  orange 
 62628.185  27.516  27.384  27.271   6198.96     3631.0       r 
 62628.185  27.529  27.394  27.281   7645.77     3631.0       i 
 62628.185  27.587  27.463  27.345   5182.42     3631.0    cyan 
 62628.185  27.635  27.504  27.385  10023.96     3631.0       z 
 62628.185  27.666  27.542  27.429   4746.48     3631.0   g-P48 
 62628.185  27.674  27.548  27.434   4735.89     3631.0       g 
 62630.424  27.513  27.378  27.264   6366.38     3631.0   r-P48 
 62630.424  27.514  27.383  27.267   6629.82     3631.0  orange 
 62630.424   27.52  27.388  27.275   6198.96     3631.0       r 
 62630.424  27.533  27.398  27.285   7645.77     3631.0       i 
 62630.424  27.591  27.467  27.349   5182.42     3631.0    cyan 
 62630.424  27.639  27.508  27.389  10023.96     3631.0       z 
 62630.424   27.67  27.546  27.433   4746.48     3631.0   g-P48 
 62630.424  27.678  27.552  27.438   4735.89     3631.0       g 
 62632.662  27.517  27.382  27.268   6366.38     3631.0   r-P48 
 62632.662  27.518  27.387  27.271   6629.82     3631.0  orange 
 62632.662  27.524  27.392  27.279   6198.96     3631.0       r 
 62632.662  27.537  27.402  27.289   7645.77     3631.0       i 
 62632.662  27.595  27.471  27.353   5182.42     3631.0    cyan 
 62632.662  27.643  27.512  27.393  10023.96     3631.0       z 
 62632.662  27.674  27.551  27.437   4746.48     3631.0   g-P48 
 62632.662  27.682  27.556  27.442   4735.89     3631.0       g 
   62634.9  27.521  27.386  27.272   6366.38     3631.0   r-P48 
   62634.9  27.522  27.391  27.275   6629.82     3631.0  orange 
   62634.9  27.528  27.396  27.283   6198.96     3631.0       r 
   62634.9  27.541  27.406  27.293   7645.77     3631.0       i 
   62634.9  27.599  27.475  27.357   5182.42     3631.0    cyan 
   62634.9  27.647  27.517  27.397  10023.96     3631.0       z 
   62634.9  27.678  27.555  27.441   4746.48     3631.0   g-P48 
   62634.9  27.686   27.56  27.446   4735.89     3631.0       g 
 62637.139  27.525   27.39  27.276   6366.38     3631.0   r-P48 
 62637.139  27.526  27.395  27.279   6629.82     3631.0  orange 
 62637.139  27.532    27.4  27.287   6198.96     3631.0       r 
 62637.139  27.545   27.41  27.297   7645.77     3631.0       i 
 62637.139  27.603  27.479  27.361   5182.42     3631.0    cyan 
 62637.139  27.651  27.521  27.401  10023.96     3631.0       z 
 62637.139  27.682  27.559  27.445   4746.48     3631.0   g-P48 
 62637.139   27.69  27.564   27.45   4735.89     3631.0       g 
 62639.377  27.529  27.394   27.28   6366.38     3631.0   r-P48 
 62639.377   27.53  27.399  27.283   6629.82     3631.0  orange 
 62639.377  27.536  27.404  27.291   6198.96     3631.0       r 
 62639.377  27.549  27.414  27.301   7645.77     3631.0       i 
 62639.377  27.607  27.483  27.365   5182.42     3631.0    cyan 
 62639.377  27.655  27.525  27.405  10023.96     3631.0       z 
 62639.377  27.686  27.563  27.449   4746.48     3631.0   g-P48 
 62639.377  27.694  27.568  27.454   4735.89     3631.0       g 
 62641.615  27.533  27.398  27.284   6366.38     3631.0   r-P48 
 62641.615  27.534  27.403  27.287   6629.82     3631.0  orange 
 62641.615   27.54  27.408  27.295   6198.96     3631.0       r 
 62641.615  27.553  27.418  27.305   7645.77     3631.0       i 
 62641.615  27.611  27.487  27.369   5182.42     3631.0    cyan 
 62641.615   27.66  27.529  27.409  10023.96     3631.0       z 
 62641.615   27.69  27.567  27.453   4746.48     3631.0   g-P48 
 62641.615  27.698  27.572  27.458   4735.89     3631.0       g 
 62643.854  27.537  27.402  27.288   6366.38     3631.0   r-P48 
 62643.854  27.538  27.407  27.291   6629.82     3631.0  orange 
 62643.854  27.544  27.412  27.299   6198.96     3631.0       r 
 62643.854  27.557  27.422  27.309   7645.77     3631.0       i 
 62643.854  27.615  27.491  27.373   5182.42     3631.0    cyan 
 62643.854  27.664  27.533  27.413  10023.96     3631.0       z 
 62643.854  27.694  27.571  27.457   4746.48     3631.0   g-P48 
 62643.854  27.702  27.576  27.462   4735.89     3631.0       g 
 62646.092  27.541  27.406  27.292   6366.38     3631.0   r-P48 
 62646.092  27.542  27.411  27.295   6629.82     3631.0  orange 
 62646.092  27.548  27.416  27.303   6198.96     3631.0       r 
 62646.092  27.561  27.426  27.312   7645.77     3631.0       i 
 62646.092  27.619  27.495  27.377   5182.42     3631.0    cyan 
 62646.092  27.668  27.537  27.417  10023.96     3631.0       z 
 62646.092  27.698  27.575  27.461   4746.48     3631.0   g-P48 
 62646.092  27.706   27.58  27.466   4735.89     3631.0       g 
  62648.33  27.545   27.41  27.296   6366.38     3631.0   r-P48 
  62648.33  27.546  27.415  27.299   6629.82     3631.0  orange 
  62648.33  27.552   27.42  27.307   6198.96     3631.0       r 
  62648.33  27.565   27.43  27.316   7645.77     3631.0       i 
  62648.33  27.623  27.499  27.381   5182.42     3631.0    cyan 
  62648.33  27.672  27.541  27.421  10023.96     3631.0       z 
  62648.33  27.702  27.579  27.465   4746.48     3631.0   g-P48 
  62648.33   27.71  27.584   27.47   4735.89     3631.0       g 
 62650.569  27.549  27.414    27.3   6366.38     3631.0   r-P48 
 62650.569   27.55  27.419  27.303   6629.82     3631.0  orange 
 62650.569  27.556  27.424  27.311   6198.96     3631.0       r 
 62650.569  27.569  27.434   27.32   7645.77     3631.0       i 
 62650.569  27.627  27.503  27.385   5182.42     3631.0    cyan 
 62650.569  27.676  27.545  27.425  10023.96     3631.0       z 
 62650.569  27.706  27.583  27.469   4746.48     3631.0   g-P48 
 62650.569  27.714  27.588  27.474   4735.89     3631.0       g 
 62652.807  27.553  27.418  27.304   6366.38     3631.0   r-P48 
 62652.807  27.554  27.423  27.307   6629.82     3631.0  orange 
 62652.807   27.56  27.428  27.315   6198.96     3631.0       r 
 62652.807  27.573  27.438  27.324   7645.77     3631.0       i 
 62652.807  27.631  27.507  27.389   5182.42     3631.0    cyan 
 62652.807   27.68  27.549  27.429  10023.96     3631.0       z 
 62652.807   27.71  27.587  27.473   4746.48     3631.0   g-P48 
 62652.807  27.718  27.592  27.478   4735.89     3631.0       g 
 62655.045  27.557  27.422  27.308   6366.38     3631.0   r-P48 
 62655.045  27.558  27.427  27.311   6629.82     3631.0  orange 
 62655.045  27.564  27.432  27.319   6198.96     3631.0       r 
 62655.045  27.577  27.442  27.328   7645.77     3631.0       i 
 62655.045  27.635  27.511  27.393   5182.42     3631.0    cyan 
 62655.045  27.684  27.553  27.433  10023.96     3631.0       z 
 62655.045  27.714  27.591  27.477   4746.48     3631.0   g-P48 
 62655.045  27.722  27.596  27.482   4735.89     3631.0       g 
 62657.284  27.561  27.426  27.312   6366.38     3631.0   r-P48 
 62657.284  27.562  27.431  27.315   6629.82     3631.0  orange 
 62657.284  27.568  27.436  27.323   6198.96     3631.0       r 
 62657.284  27.581  27.446  27.332   7645.77     3631.0       i 
 62657.284  27.639  27.515  27.397   5182.42     3631.0    cyan 
 62657.284  27.688  27.557  27.437  10023.96     3631.0       z 
 62657.284  27.718  27.595  27.481   4746.48     3631.0   g-P48 
 62657.284  27.726    27.6  27.486   4735.89     3631.0       g 
 62659.522  27.565   27.43  27.316   6366.38     3631.0   r-P48 
 62659.522  27.566  27.435  27.319   6629.82     3631.0  orange 
 62659.522  27.572   27.44  27.327   6198.96     3631.0       r 
 62659.522  27.585   27.45  27.336   7645.77     3631.0       i 
 62659.522  27.643  27.519  27.401   5182.42     3631.0    cyan 
 62659.522  27.692  27.561  27.441  10023.96     3631.0       z 
 62659.522  27.722  27.599  27.485   4746.48     3631.0   g-P48 
 62659.522   27.73  27.604   27.49   4735.89     3631.0       g 
 62661.761  27.569  27.434   27.32   6366.38     3631.0   r-P48 
 62661.761   27.57  27.439  27.323   6629.82     3631.0  orange 
 62661.761  27.576  27.444  27.331   6198.96     3631.0       r 
 62661.761  27.589  27.454   27.34   7645.77     3631.0       i 
 62661.761  27.647  27.523  27.405   5182.42     3631.0    cyan 
 62661.761  27.696  27.565  27.445  10023.96     3631.0       z 
 62661.761  27.726  27.603  27.489   4746.48     3631.0   g-P48 
 62661.761  27.734  27.608  27.494   4735.89     3631.0       g 
 62663.999  27.573  27.438  27.324   6366.38     3631.0   r-P48 
 62663.999  27.574  27.443  27.327   6629.82     3631.0  orange 
 62663.999   27.58  27.448  27.335   6198.96     3631.0       r 
 62663.999  27.593  27.458  27.344   7645.77     3631.0       i 
 62663.999  27.651  27.527  27.409   5182.42     3631.0    cyan 
 62663.999    27.7  27.569  27.449  10023.96     3631.0       z 
 62663.999   27.73  27.606  27.493   4746.48     3631.0   g-P48 
 62663.999  27.738  27.612  27.498   4735.89     3631.0       g 
 62666.237  27.577  27.442  27.328   6366.38     3631.0   r-P48 
 62666.237  27.578  27.447  27.331   6629.82     3631.0  orange 
 62666.237  27.584  27.452  27.339   6198.96     3631.0       r 
 62666.237  27.597  27.462  27.348   7645.77     3631.0       i 
 62666.237  27.655  27.531  27.413   5182.42     3631.0    cyan 
 62666.237  27.704  27.573  27.453  10023.96     3631.0       z 
 62666.237  27.734   27.61  27.497   4746.48     3631.0   g-P48 
 62666.237  27.742  27.616  27.502   4735.89     3631.0       g 
 62668.476  27.581  27.446  27.332   6366.38     3631.0   r-P48 
 62668.476  27.582  27.451  27.335   6629.82     3631.0  orange 
 62668.476  27.588  27.456  27.343   6198.96     3631.0       r 
 62668.476  27.601  27.466  27.352   7645.77     3631.0       i 
 62668.476  27.659  27.535  27.417   5182.42     3631.0    cyan 
 62668.476  27.708  27.577  27.457  10023.96     3631.0       z 
 62668.476  27.738  27.614  27.501   4746.48     3631.0   g-P48 
 62668.476  27.746   27.62  27.506   4735.89     3631.0       g 
 62670.714  27.585   27.45  27.336   6366.38     3631.0   r-P48 
 62670.714  27.586  27.455  27.338   6629.82     3631.0  orange 
 62670.714  27.592   27.46  27.347   6198.96     3631.0       r 
 62670.714  27.605   27.47  27.356   7645.77     3631.0       i 
 62670.714  27.663  27.539  27.421   5182.42     3631.0    cyan 
 62670.714  27.712  27.581  27.461  10023.96     3631.0       z 
 62670.714  27.742  27.618  27.505   4746.48     3631.0   g-P48 
 62670.714   27.75  27.624   27.51   4735.89     3631.0       g 
 62672.952  27.589  27.454   27.34   6366.38     3631.0   r-P48 
 62672.952   27.59  27.459  27.342   6629.82     3631.0  orange 
 62672.952  27.596  27.464  27.351   6198.96     3631.0       r 
 62672.952  27.609  27.474   27.36   7645.77     3631.0       i 
 62672.952  27.667  27.543  27.424   5182.42     3631.0    cyan 
 62672.952  27.716  27.584  27.464  10023.96     3631.0       z 
 62672.952  27.746  27.622  27.509   4746.48     3631.0   g-P48 
 62672.952  27.753  27.628  27.514   4735.89     3631.0       g 
 62675.191  27.593  27.458  27.344   6366.38     3631.0   r-P48 
 62675.191  27.594  27.463  27.346   6629.82     3631.0  orange 
 62675.191    27.6  27.468  27.355   6198.96     3631.0       r 
 62675.191  27.613  27.478  27.364   7645.77     3631.0       i 
 62675.191  27.671  27.547  27.428   5182.42     3631.0    cyan 
 62675.191   27.72  27.588  27.468  10023.96     3631.0       z 
 62675.191   27.75  27.626  27.513   4746.48     3631.0   g-P48 
 62675.191  27.757  27.632  27.518   4735.89     3631.0       g 
 62677.429  27.597  27.462  27.348   6366.38     3631.0   r-P48 
 62677.429  27.598  27.467   27.35   6629.82     3631.0  orange 
 62677.429  27.604  27.472  27.358   6198.96     3631.0       r 
 62677.429  27.617  27.482  27.368   7645.77     3631.0       i 
 62677.429  27.675  27.551  27.432   5182.42     3631.0    cyan 
 62677.429  27.724  27.592  27.472  10023.96     3631.0       z 
 62677.429  27.754   27.63  27.517   4746.48     3631.0   g-P48 
 62677.429  27.761  27.636  27.522   4735.89     3631.0       g 
 62679.667  27.601  27.466  27.351   6366.38     3631.0   r-P48 
 62679.667  27.602  27.471  27.354   6629.82     3631.0  orange 
 62679.667  27.608  27.476  27.362   6198.96     3631.0       r 
 62679.667  27.621  27.486  27.372   7645.77     3631.0       i 
 62679.667  27.679  27.555  27.436   5182.42     3631.0    cyan 
 62679.667  27.728  27.596  27.476  10023.96     3631.0       z 
 62679.667  27.758  27.634  27.521   4746.48     3631.0   g-P48 
 62679.667  27.765  27.639  27.526   4735.89     3631.0       g 
 62681.906  27.605   27.47  27.355   6366.38     3631.0   r-P48 
 62681.906  27.606  27.475  27.358   6629.82     3631.0  orange 
 62681.906  27.612   27.48  27.366   6198.96     3631.0       r 
 62681.906  27.625   27.49  27.376   7645.77     3631.0       i 
 62681.906  27.683  27.559   27.44   5182.42     3631.0    cyan 
 62681.906  27.732    27.6   27.48  10023.96     3631.0       z 
 62681.906  27.762  27.638  27.524   4746.48     3631.0   g-P48 
 62681.906  27.769  27.643  27.529   4735.89     3631.0       g 
 62684.144  27.609  27.474  27.359   6366.38     3631.0   r-P48 
 62684.144   27.61  27.479  27.362   6629.82     3631.0  orange 
 62684.144  27.616  27.484   27.37   6198.96     3631.0       r 
 62684.144  27.629  27.494   27.38   7645.77     3631.0       i 
 62684.144  27.687  27.563  27.444   5182.42     3631.0    cyan 
 62684.144  27.736  27.604  27.484  10023.96     3631.0       z 
 62684.144  27.766  27.642  27.528   4746.48     3631.0   g-P48 
 62684.144  27.773  27.647  27.533   4735.89     3631.0       g 
 62686.382  27.613  27.478  27.363   6366.38     3631.0   r-P48 
 62686.382  27.614  27.483  27.366   6629.82     3631.0  orange 
 62686.382   27.62  27.488  27.374   6198.96     3631.0       r 
 62686.382  27.633  27.498  27.383   7645.77     3631.0       i 
 62686.382   27.69  27.567  27.448   5182.42     3631.0    cyan 
 62686.382   27.74  27.608  27.488  10023.96     3631.0       z 
 62686.382   27.77  27.646  27.532   4746.48     3631.0   g-P48 
 62686.382  27.777  27.651  27.537   4735.89     3631.0       g 
 62688.621  27.617  27.482  27.367   6366.38     3631.0   r-P48 
 62688.621  27.617  27.487   27.37   6629.82     3631.0  orange 
 62688.621  27.624  27.492  27.378   6198.96     3631.0       r 
 62688.621  27.636  27.502  27.387   7645.77     3631.0       i 
 62688.621  27.694  27.571  27.452   5182.42     3631.0    cyan 
 62688.621  27.743  27.612  27.492  10023.96     3631.0       z 
 62688.621  27.774   27.65  27.536   4746.48     3631.0   g-P48 
 62688.621  27.781  27.655  27.541   4735.89     3631.0       g 
 62690.859  27.621  27.486  27.371   6366.38     3631.0   r-P48 
 62690.859  27.621  27.491  27.374   6629.82     3631.0  orange 
 62690.859  27.628  27.496  27.382   6198.96     3631.0       r 
 62690.859   27.64  27.505  27.391   7645.77     3631.0       i 
 62690.859  27.698  27.575  27.456   5182.42     3631.0    cyan 
 62690.859  27.747  27.616  27.496  10023.96     3631.0       z 
 62690.859  27.778  27.654   27.54   4746.48     3631.0   g-P48 
 62690.859  27.785  27.659  27.545   4735.89     3631.0       g 
 62693.097  27.625   27.49  27.375   6366.38     3631.0   r-P48 
 62693.097  27.625  27.494  27.378   6629.82     3631.0  orange 
 62693.097  27.632    27.5  27.386   6198.96     3631.0       r 
 62693.097  27.644  27.509  27.395   7645.77     3631.0       i 
 62693.097  27.702  27.578   27.46   5182.42     3631.0    cyan 
 62693.097  27.751   27.62    27.5  10023.96     3631.0       z 
 62693.097  27.782  27.658  27.544   4746.48     3631.0   g-P48 
 62693.097  27.789  27.663  27.549   4735.89     3631.0       g 
 62695.336  27.629  27.493  27.379   6366.38     3631.0   r-P48 
 62695.336  27.629  27.498  27.381   6629.82     3631.0  orange 
 62695.336  27.636  27.504   27.39   6198.96     3631.0       r 
 62695.336  27.648  27.513  27.399   7645.77     3631.0       i 
 62695.336  27.706  27.582  27.463   5182.42     3631.0    cyan 
 62695.336  27.755  27.624  27.504  10023.96     3631.0       z 
 62695.336  27.785  27.662  27.548   4746.48     3631.0   g-P48 
 62695.336  27.793  27.667  27.553   4735.89     3631.0       g 
 62697.574  27.632  27.497  27.383   6366.38     3631.0   r-P48 
 62697.574  27.633  27.502  27.385   6629.82     3631.0  orange 
 62697.574   27.64  27.507  27.394   6198.96     3631.0       r 
 62697.574  27.652  27.517  27.403   7645.77     3631.0       i 
 62697.574   27.71  27.586  27.467   5182.42     3631.0    cyan 
 62697.574  27.759  27.628  27.508  10023.96     3631.0       z 
 62697.574  27.789  27.665  27.552   4746.48     3631.0   g-P48 
 62697.574  27.797  27.671  27.557   4735.89     3631.0       g 
 62699.813  27.636  27.501  27.387   6366.38     3631.0   r-P48 
 62699.813  27.637  27.506  27.389   6629.82     3631.0  orange 
 62699.813  27.644  27.511  27.398   6198.96     3631.0       r 
 62699.813  27.656  27.521  27.407   7645.77     3631.0       i 
 62699.813  27.714   27.59  27.471   5182.42     3631.0    cyan 
 62699.813  27.763  27.632  27.512  10023.96     3631.0       z 
 62699.813  27.793  27.669  27.556   4746.48     3631.0   g-P48 
 62699.813  27.801  27.675  27.561   4735.89     3631.0       g 
 62702.051   27.64  27.505   27.39   6366.38     3631.0   r-P48 
 62702.051  27.641   27.51  27.393   6629.82     3631.0  orange 
 62702.051  27.648  27.515  27.401   6198.96     3631.0       r 
 62702.051   27.66  27.525  27.411   7645.77     3631.0       i 
 62702.051  27.718  27.594  27.475   5182.42     3631.0    cyan 
 62702.051  27.767  27.636  27.515  10023.96     3631.0       z 
 62702.051  27.797  27.673   27.56   4746.48     3631.0   g-P48 
 62702.051  27.805  27.679  27.565   4735.89     3631.0       g 
 62704.289  27.644  27.509  27.394   6366.38     3631.0   r-P48 
 62704.289  27.645  27.514  27.397   6629.82     3631.0  orange 
 62704.289  27.652  27.519  27.405   6198.96     3631.0       r 
 62704.289  27.664  27.529  27.415   7645.77     3631.0       i 
 62704.289  27.722  27.598  27.479   5182.42     3631.0    cyan 
 62704.289  27.771   27.64  27.519  10023.96     3631.0       z 
 62704.289  27.801  27.677  27.564   4746.48     3631.0   g-P48 
 62704.289  27.808  27.683  27.569   4735.89     3631.0       g 
 62706.528  27.648  27.513  27.398   6366.38     3631.0   r-P48 
 62706.528  27.649  27.518  27.401   6629.82     3631.0  orange 
 62706.528  27.655  27.523  27.409   6198.96     3631.0       r 
 62706.528  27.668  27.533  27.419   7645.77     3631.0       i 
 62706.528  27.726  27.602  27.483   5182.42     3631.0    cyan 
 62706.528  27.775  27.644  27.523  10023.96     3631.0       z 
 62706.528  27.805  27.681  27.568   4746.48     3631.0   g-P48 
 62706.528  27.812  27.687  27.572   4735.89     3631.0       g 
 62708.766  27.652  27.517  27.402   6366.38     3631.0   r-P48 
 62708.766  27.653  27.522  27.405   6629.82     3631.0  orange 
 62708.766  27.659  27.527  27.413   6198.96     3631.0       r 
 62708.766  27.672  27.537  27.422   7645.77     3631.0       i 
 62708.766   27.73  27.606  27.487   5182.42     3631.0    cyan 
 62708.766  27.779  27.648  27.527  10023.96     3631.0       z 
 62708.766  27.809  27.685  27.571   4746.48     3631.0   g-P48 
 62708.766  27.816   27.69  27.576   4735.89     3631.0       g 
 62711.004  27.656  27.521  27.406   6366.38     3631.0   r-P48 
 62711.004  27.657  27.526  27.409   6629.82     3631.0  orange 
 62711.004  27.663  27.531  27.417   6198.96     3631.0       r 
 62711.004  27.676  27.541  27.426   7645.77     3631.0       i 
 62711.004  27.734   27.61  27.491   5182.42     3631.0    cyan 
 62711.004  27.783  27.651  27.531  10023.96     3631.0       z 
 62711.004  27.813  27.689  27.575   4746.48     3631.0   g-P48 
 62711.004   27.82  27.694   27.58   4735.89     3631.0       g 
 62713.243   27.66  27.525   27.41   6366.38     3631.0   r-P48 
 62713.243  27.661   27.53  27.413   6629.82     3631.0  orange 
 62713.243  27.667  27.535  27.421   6198.96     3631.0       r 
 62713.243   27.68  27.545   27.43   7645.77     3631.0       i 
 62713.243  27.738  27.614  27.494   5182.42     3631.0    cyan 
 62713.243  27.787  27.655  27.535  10023.96     3631.0       z 
 62713.243  27.817  27.693  27.579   4746.48     3631.0   g-P48 
 62713.243  27.824  27.698  27.584   4735.89     3631.0       g 
 62715.481  27.664  27.529  27.414   6366.38     3631.0   r-P48 
 62715.481  27.664  27.534  27.416   6629.82     3631.0  orange 
 62715.481  27.671  27.539  27.425   6198.96     3631.0       r 
 62715.481  27.683  27.549  27.434   7645.77     3631.0       i 
 62715.481  27.741  27.618  27.498   5182.42     3631.0    cyan 
 62715.481  27.791  27.659  27.539  10023.96     3631.0       z 
 62715.481  27.821  27.697  27.583   4746.48     3631.0   g-P48 
 62715.481  27.828  27.702  27.588   4735.89     3631.0       g 
 62717.719  27.668  27.533  27.418   6366.38     3631.0   r-P48 
 62717.719  27.668  27.537   27.42   6629.82     3631.0  orange 
 62717.719  27.675  27.543  27.429   6198.96     3631.0       r 
 62717.719  27.687  27.552  27.438   7645.77     3631.0       i 
 62717.719  27.745  27.621  27.502   5182.42     3631.0    cyan 
 62717.719  27.795  27.663  27.543  10023.96     3631.0       z 
 62717.719  27.825    27.7  27.587   4746.48     3631.0   g-P48 
 62717.719  27.832  27.706  27.592   4735.89     3631.0       g 
 62719.958  27.672  27.536  27.421   6366.38     3631.0   r-P48 
 62719.958  27.672  27.541  27.424   6629.82     3631.0  orange 
 62719.958  27.679  27.547  27.432   6198.96     3631.0       r 
 62719.958  27.691  27.556  27.442   7645.77     3631.0       i 
 62719.958  27.749  27.625  27.506   5182.42     3631.0    cyan 
 62719.958  27.799  27.667  27.547  10023.96     3631.0       z 
 62719.958  27.828  27.704  27.591   4746.48     3631.0   g-P48 
 62719.958  27.836   27.71  27.596   4735.89     3631.0       g 
 62722.196  27.676   27.54  27.425   6366.38     3631.0   r-P48 
 62722.196  27.676  27.545  27.428   6629.82     3631.0  orange 
 62722.196  27.683  27.551  27.436   6198.96     3631.0       r 
 62722.196  27.695   27.56  27.446   7645.77     3631.0       i 
 62722.196  27.753  27.629   27.51   5182.42     3631.0    cyan 
 62722.196  27.802  27.671   27.55  10023.96     3631.0       z 
 62722.196  27.832  27.708  27.595   4746.48     3631.0   g-P48 
 62722.196   27.84  27.714    27.6   4735.89     3631.0       g 
 62724.434  27.679  27.544  27.429   6366.38     3631.0   r-P48 
 62724.434   27.68  27.549  27.432   6629.82     3631.0  orange 
 62724.434  27.687  27.554   27.44   6198.96     3631.0       r 
 62724.434  27.699  27.564  27.449   7645.77     3631.0       i 
 62724.434  27.757  27.633  27.514   5182.42     3631.0    cyan 
 62724.434  27.806  27.675  27.554  10023.96     3631.0       z 
 62724.434  27.836  27.712  27.599   4746.48     3631.0   g-P48 
 62724.434  27.843  27.718  27.603   4735.89     3631.0       g 
 62726.673  27.683  27.548  27.433   6366.38     3631.0   r-P48 
 62726.673  27.684  27.553  27.436   6629.82     3631.0  orange 
 62726.673  27.691  27.558  27.444   6198.96     3631.0       r 
 62726.673  27.703  27.568  27.453   7645.77     3631.0       i 
 62726.673  27.761  27.637  27.518   5182.42     3631.0    cyan 
 62726.673   27.81  27.679  27.558  10023.96     3631.0       z 
 62726.673   27.84  27.716  27.603   4746.48     3631.0   g-P48 
 62726.673  27.847  27.722  27.607   4735.89     3631.0       g 
 62728.911  27.687  27.552  27.437   6366.38     3631.0   r-P48 
 62728.911  27.688  27.557  27.439   6629.82     3631.0  orange 
 62728.911  27.695  27.562  27.448   6198.96     3631.0       r 
 62728.911  27.707  27.572  27.457   7645.77     3631.0       i 
 62728.911  27.765  27.641  27.521   5182.42     3631.0    cyan 
 62728.911  27.814  27.683  27.562  10023.96     3631.0       z 
 62728.911  27.844   27.72  27.606   4746.48     3631.0   g-P48 
 62728.911  27.851  27.725  27.611   4735.89     3631.0       g 
 62731.149  27.691  27.556  27.441   6366.38     3631.0   r-P48 
 62731.149  27.692  27.561  27.443   6629.82     3631.0  orange 
 62731.149  27.698  27.566  27.452   6198.96     3631.0       r 
 62731.149  27.711  27.576  27.461   7645.77     3631.0       i 
 62731.149  27.769  27.645  27.525   5182.42     3631.0    cyan 
 62731.149  27.818  27.686  27.566  10023.96     3631.0       z 
 62731.149  27.848  27.724   27.61   4746.48     3631.0   g-P48 
 62731.149  27.855  27.729  27.615   4735.89     3631.0       g 
 62733.388  27.695   27.56  27.444   6366.38     3631.0   r-P48 
 62733.388  27.696  27.565  27.447   6629.82     3631.0  orange 
 62733.388  27.702   27.57  27.455   6198.96     3631.0       r 
 62733.388  27.714   27.58  27.465   7645.77     3631.0       i 
 62733.388  27.772  27.649  27.529   5182.42     3631.0    cyan 
 62733.388  27.822   27.69   27.57  10023.96     3631.0       z 
 62733.388  27.852  27.727  27.614   4746.48     3631.0   g-P48 
 62733.388  27.859  27.733  27.619   4735.89     3631.0       g 
 62735.626  27.699  27.564  27.448   6366.38     3631.0   r-P48 
 62735.626  27.699  27.568  27.451   6629.82     3631.0  orange 
 62735.626  27.706  27.574  27.459   6198.96     3631.0       r 
 62735.626  27.718  27.584  27.469   7645.77     3631.0       i 
 62735.626  27.776  27.652  27.533   5182.42     3631.0    cyan 
 62735.626  27.826  27.694  27.574  10023.96     3631.0       z 
 62735.626  27.856  27.731  27.618   4746.48     3631.0   g-P48 
 62735.626  27.863  27.737  27.623   4735.89     3631.0       g 
 62737.864  27.703  27.567  27.452   6366.38     3631.0   r-P48 
 62737.864  27.703  27.572  27.455   6629.82     3631.0  orange 
 62737.864   27.71  27.578  27.463   6198.96     3631.0       r 
 62737.864  27.722  27.587  27.473   7645.77     3631.0       i 
 62737.864   27.78  27.656  27.537   5182.42     3631.0    cyan 
 62737.864   27.83  27.698  27.577  10023.96     3631.0       z 
 62737.864   27.86  27.735  27.622   4746.48     3631.0   g-P48 
 62737.864  27.867  27.741  27.627   4735.89     3631.0       g 
 62740.103  27.707  27.571  27.456   6366.38     3631.0   r-P48 
 62740.103  27.707  27.576  27.459   6629.82     3631.0  orange 
 62740.103  27.714  27.582  27.467   6198.96     3631.0       r 
 62740.103  27.726  27.591  27.476   7645.77     3631.0       i 
 62740.103  27.784   27.66   27.54   5182.42     3631.0    cyan 
 62740.103  27.834  27.702  27.581  10023.96     3631.0       z 
 62740.103  27.863  27.739  27.626   4746.48     3631.0   g-P48 
 62740.103  27.871  27.745   27.63   4735.89     3631.0       g 
 62742.341   27.71  27.575   27.46   6366.38     3631.0   r-P48 
 62742.341  27.711   27.58  27.462   6629.82     3631.0  orange 
 62742.341  27.718  27.585  27.471   6198.96     3631.0       r 
 62742.341   27.73  27.595   27.48   7645.77     3631.0       i 
 62742.341  27.788  27.664  27.544   5182.42     3631.0    cyan 
 62742.341  27.837  27.706  27.585  10023.96     3631.0       z 
 62742.341  27.867  27.743   27.63   4746.48     3631.0   g-P48 
 62742.341  27.874  27.749  27.634   4735.89     3631.0       g 
  62744.58  27.714  27.579  27.464   6366.38     3631.0   r-P48 
  62744.58  27.715  27.584  27.466   6629.82     3631.0  orange 
  62744.58  27.722  27.589  27.475   6198.96     3631.0       r 
  62744.58  27.734  27.599  27.484   7645.77     3631.0       i 
  62744.58  27.792  27.668  27.548   5182.42     3631.0    cyan 
  62744.58  27.841   27.71  27.589  10023.96     3631.0       z 
  62744.58  27.871  27.747  27.633   4746.48     3631.0   g-P48 
  62744.58  27.878  27.752  27.638   4735.89     3631.0       g 
 62746.818  27.718  27.583  27.467   6366.38     3631.0   r-P48 
 62746.818  27.719  27.588   27.47   6629.82     3631.0  orange 
 62746.818  27.726  27.593  27.478   6198.96     3631.0       r 
 62746.818  27.738  27.603  27.488   7645.77     3631.0       i 
 62746.818  27.796  27.672  27.552   5182.42     3631.0    cyan 
 62746.818  27.845  27.713  27.593  10023.96     3631.0       z 
 62746.818  27.875   27.75  27.637   4746.48     3631.0   g-P48 
 62746.818  27.882  27.756  27.642   4735.89     3631.0       g 
 62749.056  27.722  27.587  27.471   6366.38     3631.0   r-P48 
 62749.056  27.723  27.592  27.474   6629.82     3631.0  orange 
 62749.056  27.729  27.597  27.482   6198.96     3631.0       r 
 62749.056  27.741  27.607  27.492   7645.77     3631.0       i 
 62749.056  27.799  27.676  27.556   5182.42     3631.0    cyan 
 62749.056  27.849  27.717  27.597  10023.96     3631.0       z 
 62749.056  27.879  27.754  27.641   4746.48     3631.0   g-P48 
 62749.056  27.886   27.76  27.646   4735.89     3631.0       g 
 62751.295  27.726   27.59  27.475   6366.38     3631.0   r-P48 
 62751.295  27.726  27.595  27.478   6629.82     3631.0  orange 
 62751.295  27.733  27.601  27.486   6198.96     3631.0       r 
 62751.295  27.745   27.61  27.495   7645.77     3631.0       i 
 62751.295  27.803  27.679  27.559   5182.42     3631.0    cyan 
 62751.295  27.853  27.721    27.6  10023.96     3631.0       z 
 62751.295  27.883  27.758  27.645   4746.48     3631.0   g-P48 
 62751.295   27.89  27.764   27.65   4735.89     3631.0       g 
 62753.533   27.73  27.594  27.479   6366.38     3631.0   r-P48 
 62753.533   27.73  27.599  27.481   6629.82     3631.0  orange 
 62753.533  27.737  27.605   27.49   6198.96     3631.0       r 
 62753.533  27.749  27.614  27.499   7645.77     3631.0       i 
 62753.533  27.807  27.683  27.563   5182.42     3631.0    cyan 
 62753.533  27.857  27.725  27.604  10023.96     3631.0       z 
 62753.533  27.886  27.762  27.649   4746.48     3631.0   g-P48 
 62753.533  27.894  27.768  27.653   4735.89     3631.0       g 
 62755.771  27.734  27.598  27.483   6366.38     3631.0   r-P48 
 62755.771  27.734  27.603  27.485   6629.82     3631.0  orange 
 62755.771  27.741  27.609  27.494   6198.96     3631.0       r 
 62755.771  27.753  27.618  27.503   7645.77     3631.0       i 
 62755.771  27.811  27.687  27.567   5182.42     3631.0    cyan 
 62755.771  27.861  27.729  27.608  10023.96     3631.0       z 
 62755.771   27.89  27.766  27.653   4746.48     3631.0   g-P48 
 62755.771  27.898  27.772  27.657   4735.89     3631.0       g 
  62758.01  27.737  27.602  27.486   6366.38     3631.0   r-P48 
  62758.01  27.738  27.607  27.489   6629.82     3631.0  orange 
  62758.01  27.745  27.612  27.497   6198.96     3631.0       r 
  62758.01  27.757  27.622  27.507   7645.77     3631.0       i 
  62758.01  27.815  27.691  27.571   5182.42     3631.0    cyan 
  62758.01  27.865  27.733  27.612  10023.96     3631.0       z 
  62758.01  27.894   27.77  27.656   4746.48     3631.0   g-P48 
  62758.01  27.901  27.775  27.661   4735.89     3631.0       g 
 62760.248  27.741  27.606   27.49   6366.38     3631.0   r-P48 
 62760.248  27.742  27.611  27.493   6629.82     3631.0  orange 
 62760.248  27.749  27.616  27.501   6198.96     3631.0       r 
 62760.248  27.761  27.626  27.511   7645.77     3631.0       i 
 62760.248  27.819  27.695  27.575   5182.42     3631.0    cyan 
 62760.248  27.868  27.737  27.616  10023.96     3631.0       z 
 62760.248  27.898  27.773   27.66   4746.48     3631.0   g-P48 
 62760.248  27.905  27.779  27.665   4735.89     3631.0       g 
 62762.486  27.745   27.61  27.494   6366.38     3631.0   r-P48 
 62762.486  27.746  27.615  27.497   6629.82     3631.0  orange 
 62762.486  27.753   27.62  27.505   6198.96     3631.0       r 
 62762.486  27.764   27.63  27.514   7645.77     3631.0       i 
 62762.486  27.822  27.699  27.578   5182.42     3631.0    cyan 
 62762.486  27.872   27.74  27.619  10023.96     3631.0       z 
 62762.486  27.902  27.777  27.664   4746.48     3631.0   g-P48 
 62762.486  27.909  27.783  27.669   4735.89     3631.0       g 
 62764.725  27.749  27.613  27.498   6366.38     3631.0   r-P48 
 62764.725  27.749  27.618    27.5   6629.82     3631.0  orange 
 62764.725  27.756  27.624  27.509   6198.96     3631.0       r 
 62764.725  27.768  27.633  27.518   7645.77     3631.0       i 
 62764.725  27.826  27.702  27.582   5182.42     3631.0    cyan 
 62764.725  27.876  27.744  27.623  10023.96     3631.0       z 
 62764.725  27.906  27.781  27.668   4746.48     3631.0   g-P48 
 62764.725  27.913  27.787  27.672   4735.89     3631.0       g 
 62766.963  27.753  27.617  27.502   6366.38     3631.0   r-P48 
 62766.963  27.753  27.622  27.504   6629.82     3631.0  orange 
 62766.963   27.76  27.628  27.513   6198.96     3631.0       r 
 62766.963  27.772  27.637  27.522   7645.77     3631.0       i 
 62766.963   27.83  27.706  27.586   5182.42     3631.0    cyan 
 62766.963   27.88  27.748  27.627  10023.96     3631.0       z 
 62766.963  27.909  27.785  27.672   4746.48     3631.0   g-P48 
 62766.963  27.917  27.791  27.676   4735.89     3631.0       g 
 62769.201  27.757  27.621  27.505   6366.38     3631.0   r-P48 
 62769.201  27.757  27.626  27.508   6629.82     3631.0  orange 
 62769.201  27.764  27.632  27.516   6198.96     3631.0       r 
 62769.201  27.776  27.641  27.526   7645.77     3631.0       i 
 62769.201  27.834   27.71   27.59   5182.42     3631.0    cyan 
 62769.201  27.884  27.752  27.631  10023.96     3631.0       z 
 62769.201  27.913  27.789  27.675   4746.48     3631.0   g-P48 
 62769.201  27.921  27.795   27.68   4735.89     3631.0       g 
  62771.44   27.76  27.625  27.509   6366.38     3631.0   r-P48 
  62771.44  27.761   27.63  27.512   6629.82     3631.0  orange 
  62771.44  27.768  27.635   27.52   6198.96     3631.0       r 
  62771.44   27.78  27.645   27.53   7645.77     3631.0       i 
  62771.44  27.838  27.714  27.594   5182.42     3631.0    cyan 
  62771.44  27.888  27.756  27.635  10023.96     3631.0       z 
  62771.44  27.917  27.792  27.679   4746.48     3631.0   g-P48 
  62771.44  27.924  27.798  27.684   4735.89     3631.0       g 
 62773.678  27.764  27.629  27.513   6366.38     3631.0   r-P48 
 62773.678  27.765  27.634  27.516   6629.82     3631.0  orange 
 62773.678  27.772  27.639  27.524   6198.96     3631.0       r 
 62773.678  27.783  27.649  27.533   7645.77     3631.0       i 
 62773.678  27.841  27.718  27.597   5182.42     3631.0    cyan 
 62773.678  27.891  27.759  27.638  10023.96     3631.0       z 
 62773.678  27.921  27.796  27.683   4746.48     3631.0   g-P48 
 62773.678  27.928  27.802  27.688   4735.89     3631.0       g 
 62775.916  27.768  27.632  27.517   6366.38     3631.0   r-P48 
 62775.916  27.768  27.637  27.519   6629.82     3631.0  orange 
 62775.916  27.776  27.643  27.528   6198.96     3631.0       r 
 62775.916  27.787  27.653  27.537   7645.77     3631.0       i 
 62775.916  27.845  27.721  27.601   5182.42     3631.0    cyan 
 62775.916  27.895  27.763  27.642  10023.96     3631.0       z 
 62775.916  27.925    27.8  27.687   4746.48     3631.0   g-P48 
 62775.916  27.932  27.806  27.691   4735.89     3631.0       g 
 62778.155  27.772  27.636   27.52   6366.38     3631.0   r-P48 
 62778.155  27.772  27.641  27.523   6629.82     3631.0  orange 
 62778.155  27.779  27.647  27.532   6198.96     3631.0       r 
 62778.155  27.791  27.656  27.541   7645.77     3631.0       i 
 62778.155  27.849  27.725  27.605   5182.42     3631.0    cyan 
 62778.155  27.899  27.767  27.646  10023.96     3631.0       z 
 62778.155  27.929  27.804  27.691   4746.48     3631.0   g-P48 
 62778.155  27.936   27.81  27.695   4735.89     3631.0       g 
 62780.393  27.776   27.64  27.524   6366.38     3631.0   r-P48 
 62780.393  27.776  27.645  27.527   6629.82     3631.0  orange 
 62780.393  27.783  27.651  27.535   6198.96     3631.0       r 
 62780.393  27.795   27.66  27.545   7645.77     3631.0       i 
 62780.393  27.853  27.729  27.609   5182.42     3631.0    cyan 
 62780.393  27.903  27.771   27.65  10023.96     3631.0       z 
 62780.393  27.932  27.807  27.694   4746.48     3631.0   g-P48 
 62780.393   27.94  27.814  27.699   4735.89     3631.0       g 
 62782.632  27.779  27.644  27.528   6366.38     3631.0   r-P48 
 62782.632   27.78  27.649  27.531   6629.82     3631.0  orange 
 62782.632  27.787  27.655  27.539   6198.96     3631.0       r 
 62782.632  27.799  27.664  27.548   7645.77     3631.0       i 
 62782.632  27.857  27.733  27.612   5182.42     3631.0    cyan 
 62782.632  27.907  27.775  27.654  10023.96     3631.0       z 
 62782.632  27.936  27.811  27.698   4746.48     3631.0   g-P48 
 62782.632  27.943  27.817  27.703   4735.89     3631.0       g 
  62784.87  27.783  27.648  27.532   6366.38     3631.0   r-P48 
  62784.87  27.784  27.653  27.534   6629.82     3631.0  orange 
  62784.87  27.791  27.658  27.543   6198.96     3631.0       r 
  62784.87  27.802  27.668  27.552   7645.77     3631.0       i 
  62784.87   27.86  27.737  27.616   5182.42     3631.0    cyan 
  62784.87  27.911  27.778  27.657  10023.96     3631.0       z 
  62784.87   27.94  27.815  27.702   4746.48     3631.0   g-P48 
  62784.87  27.947  27.821  27.707   4735.89     3631.0       g 
 62787.108  27.787  27.651  27.535   6366.38     3631.0   r-P48 
 62787.108  27.787  27.656  27.538   6629.82     3631.0  orange 
 62787.108  27.795  27.662  27.547   6198.96     3631.0       r 
 62787.108  27.806  27.672  27.556   7645.77     3631.0       i 
 62787.108  27.864   27.74   27.62   5182.42     3631.0    cyan 
 62787.108  27.914  27.782  27.661  10023.96     3631.0       z 
 62787.108  27.944  27.819  27.706   4746.48     3631.0   g-P48 
 62787.108  27.951  27.825   27.71   4735.89     3631.0       g 
 62789.347  27.791  27.655  27.539   6366.38     3631.0   r-P48 
 62789.347  27.791   27.66  27.542   6629.82     3631.0  orange 
 62789.347  27.798  27.666   27.55   6198.96     3631.0       r 
 62789.347   27.81  27.675   27.56   7645.77     3631.0       i 
 62789.347  27.868  27.744  27.624   5182.42     3631.0    cyan 
 62789.347  27.918  27.786  27.665  10023.96     3631.0       z 
 62789.347  27.948  27.823  27.709   4746.48     3631.0   g-P48 
 62789.347  27.955  27.829  27.714   4735.89     3631.0       g 
 62791.585  27.795  27.659  27.543   6366.38     3631.0   r-P48 
 62791.585  27.795  27.664  27.546   6629.82     3631.0  orange 
 62791.585  27.802   27.67  27.554   6198.96     3631.0       r 
 62791.585  27.814  27.679  27.564   7645.77     3631.0       i 
 62791.585  27.872  27.748  27.627   5182.42     3631.0    cyan 
 62791.585  27.922   27.79  27.669  10023.96     3631.0       z 
 62791.585  27.951  27.826  27.713   4746.48     3631.0   g-P48 
 62791.585  27.959  27.833  27.718   4735.89     3631.0       g 
 62793.823  27.798  27.663  27.547   6366.38     3631.0   r-P48 
 62793.823  27.799  27.668  27.549   6629.82     3631.0  orange 
 62793.823  27.806  27.674  27.558   6198.96     3631.0       r 
 62793.823  27.817  27.683  27.567   7645.77     3631.0       i 
 62793.823  27.876  27.752  27.631   5182.42     3631.0    cyan 
 62793.823  27.926  27.794  27.672  10023.96     3631.0       z 
 62793.823  27.955   27.83  27.717   4746.48     3631.0   g-P48 
 62793.823  27.962  27.836  27.722   4735.89     3631.0       g 
 62796.062  27.802  27.666   27.55   6366.38     3631.0   r-P48 
 62796.062  27.803  27.671  27.553   6629.82     3631.0  orange 
 62796.062   27.81  27.677  27.562   6198.96     3631.0       r 
 62796.062  27.821  27.687  27.571   7645.77     3631.0       i 
 62796.062  27.879  27.755  27.635   5182.42     3631.0    cyan 
 62796.062   27.93  27.797  27.676  10023.96     3631.0       z 
 62796.062  27.959  27.834  27.721   4746.48     3631.0   g-P48 
 62796.062  27.966   27.84  27.725   4735.89     3631.0       g 
   62798.3  27.806   27.67  27.554   6366.38     3631.0   r-P48 
   62798.3  27.806  27.675  27.557   6629.82     3631.0  orange 
   62798.3  27.814  27.681  27.565   6198.96     3631.0       r 
   62798.3  27.825   27.69  27.575   7645.77     3631.0       i 
   62798.3  27.883  27.759  27.639   5182.42     3631.0    cyan 
   62798.3  27.933  27.801   27.68  10023.96     3631.0       z 
   62798.3  27.963  27.838  27.725   4746.48     3631.0   g-P48 
   62798.3   27.97  27.844  27.729   4735.89     3631.0       g 
 62800.538   27.81  27.674  27.558   6366.38     3631.0   r-P48 
 62800.538   27.81  27.679  27.561   6629.82     3631.0  orange 
 62800.538  27.817  27.685  27.569   6198.96     3631.0       r 
 62800.538  27.829  27.694  27.579   7645.77     3631.0       i 
 62800.538  27.887  27.763  27.642   5182.42     3631.0    cyan 
 62800.538  27.937  27.805  27.684  10023.96     3631.0       z 
 62800.538  27.966  27.841  27.728   4746.48     3631.0   g-P48 
 62800.538  27.974  27.848  27.733   4735.89     3631.0       g 
 62802.777  27.814  27.678  27.562   6366.38     3631.0   r-P48 
 62802.777  27.814  27.683  27.564   6629.82     3631.0  orange 
 62802.777  27.821  27.689  27.573   6198.96     3631.0       r 
 62802.777  27.833  27.698  27.582   7645.77     3631.0       i 
 62802.777  27.891  27.767  27.646   5182.42     3631.0    cyan 
 62802.777  27.941  27.809  27.687  10023.96     3631.0       z 
 62802.777   27.97  27.845  27.732   4746.48     3631.0   g-P48 
 62802.777  27.978  27.851  27.737   4735.89     3631.0       g 
 62805.015  27.817  27.682  27.565   6366.38     3631.0   r-P48 
 62805.015  27.818  27.686  27.568   6629.82     3631.0  orange 
 62805.015  27.825  27.692  27.577   6198.96     3631.0       r 
 62805.015  27.836  27.702  27.586   7645.77     3631.0       i 
 62805.015  27.894   27.77   27.65   5182.42     3631.0    cyan 
 62805.015  27.945  27.812  27.691  10023.96     3631.0       z 
 62805.015  27.974  27.849  27.736   4746.48     3631.0   g-P48 
 62805.015  27.981  27.855  27.741   4735.89     3631.0       g 
 62807.253  27.821  27.685  27.569   6366.38     3631.0   r-P48 
 62807.253  27.821   27.69  27.572   6629.82     3631.0  orange 
 62807.253  27.829  27.696   27.58   6198.96     3631.0       r 
 62807.253   27.84  27.706   27.59   7645.77     3631.0       i 
 62807.253  27.898  27.774  27.653   5182.42     3631.0    cyan 
 62807.253  27.948  27.816  27.695  10023.96     3631.0       z 
 62807.253  27.978  27.853   27.74   4746.48     3631.0   g-P48 
 62807.253  27.985  27.859  27.744   4735.89     3631.0       g 
 62809.492  27.825  27.689  27.573   6366.38     3631.0   r-P48 
 62809.492  27.825  27.694  27.576   6629.82     3631.0  orange 
 62809.492  27.832    27.7  27.584   6198.96     3631.0       r 
 62809.492  27.844  27.709  27.593   7645.77     3631.0       i 
 62809.492  27.902  27.778  27.657   5182.42     3631.0    cyan 
 62809.492  27.952   27.82  27.699  10023.96     3631.0       z 
 62809.492  27.981  27.856  27.743   4746.48     3631.0   g-P48 
 62809.492  27.989  27.863  27.748   4735.89     3631.0       g 
  62811.73  27.829  27.693  27.577   6366.38     3631.0   r-P48 
  62811.73  27.829  27.698  27.579   6629.82     3631.0  orange 
  62811.73  27.836  27.704  27.588   6198.96     3631.0       r 
  62811.73  27.848  27.713  27.597   7645.77     3631.0       i 
  62811.73  27.906  27.782  27.661   5182.42     3631.0    cyan 
  62811.73  27.956  27.824  27.702  10023.96     3631.0       z 
  62811.73  27.985   27.86  27.747   4746.48     3631.0   g-P48 
  62811.73  27.993  27.867  27.752   4735.89     3631.0       g 
 62813.968  27.832  27.697   27.58   6366.38     3631.0   r-P48 
 62813.968  27.833  27.701  27.583   6629.82     3631.0  orange 
 62813.968   27.84  27.707  27.591   6198.96     3631.0       r 
 62813.968  27.851  27.717  27.601   7645.77     3631.0       i 
 62813.968  27.909  27.785  27.665   5182.42     3631.0    cyan 
 62813.968   27.96  27.827  27.706  10023.96     3631.0       z 
 62813.968  27.989  27.864  27.751   4746.48     3631.0   g-P48 
 62813.968  27.996   27.87  27.755   4735.89     3631.0       g 
 62816.207  27.836    27.7  27.584   6366.38     3631.0   r-P48 
 62816.207  27.836  27.705  27.587   6629.82     3631.0  orange 
 62816.207  27.844  27.711  27.595   6198.96     3631.0       r 
 62816.207  27.855  27.721  27.605   7645.77     3631.0       i 
 62816.207  27.913  27.789  27.668   5182.42     3631.0    cyan 
 62816.207  27.964  27.831   27.71  10023.96     3631.0       z 
 62816.207  27.993  27.868  27.755   4746.48     3631.0   g-P48 
 62816.207    28.0  27.874  27.759   4735.89     3631.0       g 
 62818.445   27.84  27.704  27.588   6366.38     3631.0   r-P48 
 62818.445   27.84  27.709   27.59   6629.82     3631.0  orange 
 62818.445  27.848  27.715  27.599   6198.96     3631.0       r 
 62818.445  27.859  27.724  27.608   7645.77     3631.0       i 
 62818.445  27.917  27.793  27.672   5182.42     3631.0    cyan 
 62818.445  27.967  27.835  27.714  10023.96     3631.0       z 
 62818.445  27.996  27.871  27.758   4746.48     3631.0   g-P48 
 62818.445  28.004  27.878  27.763   4735.89     3631.0       g 
 62820.683  27.844  27.708  27.591   6366.38     3631.0   r-P48 
 62820.683  27.844  27.713  27.594   6629.82     3631.0  orange 
 62820.683  27.851  27.719  27.603   6198.96     3631.0       r 
 62820.683  27.863  27.728  27.612   7645.77     3631.0       i 
 62820.683  27.921  27.797  27.676   5182.42     3631.0    cyan 
 62820.683  27.971  27.839  27.717  10023.96     3631.0       z 
 62820.683    28.0  27.875  27.762   4746.48     3631.0   g-P48 
 62820.683  28.008  27.882  27.767   4735.89     3631.0       g 
 62822.922  27.847  27.711  27.595   6366.38     3631.0   r-P48 
 62822.922  27.848  27.716  27.598   6629.82     3631.0  orange 
 62822.922  27.855  27.722  27.606   6198.96     3631.0       r 
 62822.922  27.866  27.732  27.616   7645.77     3631.0       i 
 62822.922  27.924    27.8  27.679   5182.42     3631.0    cyan 
 62822.922  27.975  27.842  27.721  10023.96     3631.0       z 
 62822.922  28.004  27.879  27.766   4746.48     3631.0   g-P48 
 62822.922  28.011  27.885   27.77   4735.89     3631.0       g 
  62825.16  27.851  27.715  27.599   6366.38     3631.0   r-P48 
  62825.16  27.851   27.72  27.601   6629.82     3631.0  orange 
  62825.16  27.859  27.726   27.61   6198.96     3631.0       r 
  62825.16   27.87  27.735  27.619   7645.77     3631.0       i 
  62825.16  27.928  27.804  27.683   5182.42     3631.0    cyan 
  62825.16  27.979  27.846  27.725  10023.96     3631.0       z 
  62825.16  28.008  27.882  27.769   4746.48     3631.0   g-P48 
  62825.16  28.015  27.889  27.774   4735.89     3631.0       g 
 62827.399  27.855  27.719  27.603   6366.38     3631.0   r-P48 
 62827.399  27.855  27.724  27.605   6629.82     3631.0  orange 
 62827.399  27.863   27.73  27.614   6198.96     3631.0       r 
 62827.399  27.874  27.739  27.623   7645.77     3631.0       i 
 62827.399  27.932  27.808  27.687   5182.42     3631.0    cyan 
 62827.399  27.982   27.85  27.728  10023.96     3631.0       z 
 62827.399  28.011  27.886  27.773   4746.48     3631.0   g-P48 
 62827.399  28.019  27.893  27.778   4735.89     3631.0       g 
 62829.637  27.859  27.723  27.606   6366.38     3631.0   r-P48 
 62829.637  27.859  27.728  27.609   6629.82     3631.0  orange 
 62829.637  27.866  27.734  27.617   6198.96     3631.0       r 
 62829.637  27.877  27.743  27.627   7645.77     3631.0       i 
 62829.637  27.936  27.812   27.69   5182.42     3631.0    cyan 
 62829.637  27.986  27.854  27.732  10023.96     3631.0       z 
 62829.637  28.015   27.89  27.777   4746.48     3631.0   g-P48 
 62829.637  28.023  27.896  27.781   4735.89     3631.0       g 
 62831.875  27.862  27.726   27.61   6366.38     3631.0   r-P48 
 62831.875  27.863  27.731  27.613   6629.82     3631.0  orange 
 62831.875   27.87  27.737  27.621   6198.96     3631.0       r 
 62831.875  27.881  27.747  27.631   7645.77     3631.0       i 
 62831.875  27.939  27.815  27.694   5182.42     3631.0    cyan 
 62831.875   27.99  27.857  27.736  10023.96     3631.0       z 
 62831.875  28.019  27.894  27.781   4746.48     3631.0   g-P48 
 62831.875  28.026    27.9  27.785   4735.89     3631.0       g 
 62834.114  27.866   27.73  27.614   6366.38     3631.0   r-P48 
 62834.114  27.866  27.735  27.616   6629.82     3631.0  orange 
 62834.114  27.874  27.741  27.625   6198.96     3631.0       r 
 62834.114  27.885   27.75  27.634   7645.77     3631.0       i 
 62834.114  27.943  27.819  27.698   5182.42     3631.0    cyan 
 62834.114  27.994  27.861   27.74  10023.96     3631.0       z 
 62834.114  28.023  27.897  27.784   4746.48     3631.0   g-P48 
 62834.114   28.03  27.904  27.789   4735.89     3631.0       g 
 62836.352   27.87  27.734  27.617   6366.38     3631.0   r-P48 
 62836.352   27.87  27.739   27.62   6629.82     3631.0  orange 
 62836.352  27.878  27.745  27.628   6198.96     3631.0       r 
 62836.352  27.889  27.754  27.638   7645.77     3631.0       i 
 62836.352  27.947  27.823  27.702   5182.42     3631.0    cyan 
 62836.352  27.997  27.865  27.743  10023.96     3631.0       z 
 62836.352  28.026  27.901  27.788   4746.48     3631.0   g-P48 
 62836.352  28.034  27.908  27.793   4735.89     3631.0       g 
  62838.59  27.874  27.738  27.621   6366.38     3631.0   r-P48 
  62838.59  27.874  27.742  27.624   6629.82     3631.0  orange 
  62838.59  27.881  27.749  27.632   6198.96     3631.0       r 
  62838.59  27.892  27.758  27.642   7645.77     3631.0       i 
  62838.59   27.95  27.826  27.705   5182.42     3631.0    cyan 
  62838.59  28.001  27.868  27.747  10023.96     3631.0       z 
  62838.59   28.03  27.905  27.792   4746.48     3631.0   g-P48 
  62838.59  28.038  27.911  27.796   4735.89     3631.0       g 
 62840.829  27.877  27.741  27.625   6366.38     3631.0   r-P48 
 62840.829  27.877  27.746  27.627   6629.82     3631.0  orange 
 62840.829  27.885  27.752  27.636   6198.96     3631.0       r 
 62840.829  27.896  27.762  27.645   7645.77     3631.0       i 
 62840.829  27.954   27.83  27.709   5182.42     3631.0    cyan 
 62840.829  28.005  27.872  27.751  10023.96     3631.0       z 
 62840.829  28.034  27.908  27.795   4746.48     3631.0   g-P48 
 62840.829  28.041  27.915    27.8   4735.89     3631.0       g 
 62843.067  27.881  27.745  27.628   6366.38     3631.0   r-P48 
 62843.067  27.881   27.75  27.631   6629.82     3631.0  orange 
 62843.067  27.889  27.756  27.639   6198.96     3631.0       r 
 62843.067    27.9  27.765  27.649   7645.77     3631.0       i 
 62843.067  27.958  27.834  27.713   5182.42     3631.0    cyan 
 62843.067  28.008  27.876  27.754  10023.96     3631.0       z 
 62843.067  28.037  27.912  27.799   4746.48     3631.0   g-P48 
 62843.067  28.045  27.919  27.804   4735.89     3631.0       g 
 62845.305  27.885  27.749  27.632   6366.38     3631.0   r-P48 
 62845.305  27.885  27.754  27.635   6629.82     3631.0  orange 
 62845.305  27.892   27.76  27.643   6198.96     3631.0       r 
 62845.305  27.903  27.769  27.653   7645.77     3631.0       i 
 62845.305  27.962  27.838  27.716   5182.42     3631.0    cyan 
 62845.305  28.012   27.88  27.758  10023.96     3631.0       z 
 62845.305  28.041  27.916  27.803   4746.48     3631.0   g-P48 
 62845.305  28.049  27.922  27.807   4735.89     3631.0       g 
 62847.544  27.888  27.752  27.636   6366.38     3631.0   r-P48 
 62847.544  27.889  27.757  27.638   6629.82     3631.0  orange 
 62847.544  27.896  27.763  27.647   6198.96     3631.0       r 
 62847.544  27.907  27.773  27.656   7645.77     3631.0       i 
 62847.544  27.965  27.841   27.72   5182.42     3631.0    cyan 
 62847.544  28.016  27.883  27.762  10023.96     3631.0       z 
 62847.544  28.045   27.92  27.806   4746.48     3631.0   g-P48 
 62847.544  28.052  27.926  27.811   4735.89     3631.0       g 
 62849.782  27.892  27.756  27.639   6366.38     3631.0   r-P48 
 62849.782  27.892  27.761  27.642   6629.82     3631.0  orange 
 62849.782    27.9  27.767  27.651   6198.96     3631.0       r 
 62849.782  27.911  27.776   27.66   7645.77     3631.0       i 
 62849.782  27.969  27.845  27.724   5182.42     3631.0    cyan 
 62849.782   28.02  27.887  27.765  10023.96     3631.0       z 
 62849.782  28.049  27.923   27.81   4746.48     3631.0   g-P48 
 62849.782  28.056   27.93  27.815   4735.89     3631.0       g 
  62852.02  27.896   27.76  27.643   6366.38     3631.0   r-P48 
  62852.02  27.896  27.765  27.646   6629.82     3631.0  orange 
  62852.02  27.904  27.771  27.654   6198.96     3631.0       r 
  62852.02  27.914   27.78  27.664   7645.77     3631.0       i 
  62852.02  27.973  27.849  27.727   5182.42     3631.0    cyan 
  62852.02  28.023  27.891  27.769  10023.96     3631.0       z 
  62852.02  28.052  27.927  27.814   4746.48     3631.0   g-P48 
  62852.02   28.06  27.934  27.818   4735.89     3631.0       g 
 62854.259  27.899  27.763  27.647   6366.38     3631.0   r-P48 
 62854.259    27.9  27.768  27.649   6629.82     3631.0  orange 
 62854.259  27.907  27.775  27.658   6198.96     3631.0       r 
 62854.259  27.918  27.784  27.667   7645.77     3631.0       i 
 62854.259  27.976  27.852  27.731   5182.42     3631.0    cyan 
 62854.259  28.027  27.894  27.773  10023.96     3631.0       z 
 62854.259  28.056  27.931  27.818   4746.48     3631.0   g-P48 
 62854.259  28.064  27.937  27.822   4735.89     3631.0       g 
 62856.497  27.903  27.767   27.65   6366.38     3631.0   r-P48 
 62856.497  27.903  27.772  27.653   6629.82     3631.0  orange 
 62856.497  27.911  27.778  27.661   6198.96     3631.0       r 
 62856.497  27.922  27.787  27.671   7645.77     3631.0       i 
 62856.497   27.98  27.856  27.734   5182.42     3631.0    cyan 
 62856.497  28.031  27.898  27.776  10023.96     3631.0       z 
 62856.497   28.06  27.934  27.821   4746.48     3631.0   g-P48 
 62856.497  28.067  27.941  27.826   4735.89     3631.0       g 
 62858.735  27.907  27.771  27.654   6366.38     3631.0   r-P48 
 62858.735  27.907  27.776  27.657   6629.82     3631.0  orange 
 62858.735  27.915  27.782  27.665   6198.96     3631.0       r 
 62858.735  27.926  27.791  27.675   7645.77     3631.0       i 
 62858.735  27.984   27.86  27.738   5182.42     3631.0    cyan 
 62858.735  28.034  27.902   27.78  10023.96     3631.0       z 
 62858.735  28.063  27.938  27.825   4746.48     3631.0   g-P48 
 62858.735  28.071  27.945  27.829   4735.89     3631.0       g 
 62860.974  27.911  27.774  27.658   6366.38     3631.0   r-P48 
 62860.974  27.911  27.779   27.66   6629.82     3631.0  orange 
 62860.974  27.918  27.786  27.669   6198.96     3631.0       r 
 62860.974  27.929  27.795  27.678   7645.77     3631.0       i 
 62860.974  27.987  27.863  27.742   5182.42     3631.0    cyan 
 62860.974  28.038  27.905  27.784  10023.96     3631.0       z 
 62860.974  28.067  27.942  27.829   4746.48     3631.0   g-P48 
 62860.974  28.075  27.948  27.833   4735.89     3631.0       g 
 62863.212  27.914  27.778  27.661   6366.38     3631.0   r-P48 
 62863.212  27.914  27.783  27.664   6629.82     3631.0  orange 
 62863.212  27.922  27.789  27.672   6198.96     3631.0       r 
 62863.212  27.933  27.798  27.682   7645.77     3631.0       i 
 62863.212  27.991  27.867  27.745   5182.42     3631.0    cyan 
 62863.212  28.042  27.909  27.787  10023.96     3631.0       z 
 62863.212  28.071  27.945  27.832   4746.48     3631.0   g-P48 
 62863.212  28.078  27.952  27.837   4735.89     3631.0       g 
 62865.451  27.918  27.782  27.665   6366.38     3631.0   r-P48 
 62865.451  27.918  27.787  27.668   6629.82     3631.0  orange 
 62865.451  27.926  27.793  27.676   6198.96     3631.0       r 
 62865.451  27.937  27.802  27.686   7645.77     3631.0       i 
 62865.451  27.995  27.871  27.749   5182.42     3631.0    cyan 
 62865.451  28.046  27.913  27.791  10023.96     3631.0       z 
 62865.451  28.074  27.949  27.836   4746.48     3631.0   g-P48 
 62865.451  28.082  27.956   27.84   4735.89     3631.0       g 
 62867.689  27.922  27.785  27.669   6366.38     3631.0   r-P48 
 62867.689  27.922   27.79  27.671   6629.82     3631.0  orange 
 62867.689  27.929  27.797   27.68   6198.96     3631.0       r 
 62867.689   27.94  27.806  27.689   7645.77     3631.0       i 
 62867.689  27.998  27.875  27.753   5182.42     3631.0    cyan 
 62867.689  28.049  27.916  27.795  10023.96     3631.0       z 
 62867.689  28.078  27.953   27.84   4746.48     3631.0   g-P48 
 62867.689  28.086  27.959  27.844   4735.89     3631.0       g 
 62869.927  27.925  27.789  27.672   6366.38     3631.0   r-P48 
 62869.927  27.925  27.794  27.675   6629.82     3631.0  orange 
 62869.927  27.933    27.8  27.683   6198.96     3631.0       r 
 62869.927  27.944   27.81  27.693   7645.77     3631.0       i 
 62869.927  28.002  27.878  27.756   5182.42     3631.0    cyan 
 62869.927  28.053   27.92  27.798  10023.96     3631.0       z 
 62869.927  28.082  27.956  27.843   4746.48     3631.0   g-P48 
 62869.927  28.089  27.963  27.848   4735.89     3631.0       g 
 62872.166  27.929  27.793  27.676   6366.38     3631.0   r-P48 
 62872.166  27.929  27.798  27.678   6629.82     3631.0  orange 
 62872.166  27.937  27.804  27.687   6198.96     3631.0       r 
 62872.166  27.948  27.813  27.697   7645.77     3631.0       i 
 62872.166  28.006  27.882   27.76   5182.42     3631.0    cyan 
 62872.166  28.057  27.924  27.802  10023.96     3631.0       z 
 62872.166  28.085   27.96  27.847   4746.48     3631.0   g-P48 
 62872.166  28.093  27.967  27.851   4735.89     3631.0       g 
 62874.404  27.933  27.796  27.679   6366.38     3631.0   r-P48 
 62874.404  27.933  27.801  27.682   6629.82     3631.0  orange 
 62874.404  27.941  27.808  27.691   6198.96     3631.0       r 
 62874.404  27.951  27.817    27.7   7645.77     3631.0       i 
 62874.404  28.009  27.886  27.764   5182.42     3631.0    cyan 
 62874.404   28.06  27.927  27.806  10023.96     3631.0       z 
 62874.404  28.089  27.964  27.851   4746.48     3631.0   g-P48 
 62874.404  28.097   27.97  27.855   4735.89     3631.0       g 
 62876.642  27.936    27.8  27.683   6366.38     3631.0   r-P48 
 62876.642  27.936  27.805  27.686   6629.82     3631.0  orange 
 62876.642  27.944  27.811  27.694   6198.96     3631.0       r 
 62876.642  27.955  27.821  27.704   7645.77     3631.0       i 
 62876.642  28.013  27.889  27.767   5182.42     3631.0    cyan 
 62876.642  28.064  27.931  27.809  10023.96     3631.0       z 
 62876.642  28.093  27.967  27.854   4746.48     3631.0   g-P48 
 62876.642    28.1  27.974  27.859   4735.89     3631.0       g 
 62878.881   27.94  27.804  27.687   6366.38     3631.0   r-P48 
 62878.881   27.94  27.809  27.689   6629.82     3631.0  orange 
 62878.881  27.948  27.815  27.698   6198.96     3631.0       r 
 62878.881  27.959  27.824  27.707   7645.77     3631.0       i 
 62878.881  28.017  27.893  27.771   5182.42     3631.0    cyan 
 62878.881  28.068  27.935  27.813  10023.96     3631.0       z 
 62878.881  28.096  27.971  27.858   4746.48     3631.0   g-P48 
 62878.881  28.104  27.978  27.862   4735.89     3631.0       g 
 62881.119  27.944  27.807   27.69   6366.38     3631.0   r-P48 
 62881.119  27.944  27.812  27.693   6629.82     3631.0  orange 
 62881.119  27.952  27.819  27.702   6198.96     3631.0       r 
 62881.119  27.962  27.828  27.711   7645.77     3631.0       i 
 62881.119   28.02  27.897  27.774   5182.42     3631.0    cyan 
 62881.119  28.071  27.938  27.817  10023.96     3631.0       z 
 62881.119    28.1  27.975  27.861   4746.48     3631.0   g-P48 
 62881.119  28.108  27.981  27.866   4735.89     3631.0       g 
 62883.357  27.947  27.811  27.694   6366.38     3631.0   r-P48 
 62883.357  27.947  27.816  27.697   6629.82     3631.0  orange 
 62883.357  27.955  27.822  27.705   6198.96     3631.0       r 
 62883.357  27.966  27.831  27.715   7645.77     3631.0       i 
 62883.357  28.024    27.9  27.778   5182.42     3631.0    cyan 
 62883.357  28.075  27.942   27.82  10023.96     3631.0       z 
 62883.357  28.104  27.978  27.865   4746.48     3631.0   g-P48 
 62883.357  28.111  27.985   27.87   4735.89     3631.0       g 
 62885.596  27.951  27.815  27.698   6366.38     3631.0   r-P48 
 62885.596  27.951   27.82    27.7   6629.82     3631.0  orange 
 62885.596  27.959  27.826  27.709   6198.96     3631.0       r 
 62885.596  27.969  27.835  27.718   7645.77     3631.0       i 
 62885.596  28.028  27.904  27.782   5182.42     3631.0    cyan 
 62885.596  28.079  27.946  27.824  10023.96     3631.0       z 
 62885.596  28.107  27.982  27.869   4746.48     3631.0   g-P48 
 62885.596  28.115  27.989  27.873   4735.89     3631.0       g 
 62887.834  27.955  27.818  27.701   6366.38     3631.0   r-P48 
 62887.834  27.955  27.823  27.704   6629.82     3631.0  orange 
 62887.834  27.963   27.83  27.712   6198.96     3631.0       r 
 62887.834  27.973  27.839  27.722   7645.77     3631.0       i 
 62887.834  28.031  27.908  27.785   5182.42     3631.0    cyan 
 62887.834  28.082  27.949  27.828  10023.96     3631.0       z 
 62887.834  28.111  27.985  27.872   4746.48     3631.0   g-P48 
 62887.834  28.119  27.992  27.877   4735.89     3631.0       g 
 62890.072  27.958  27.822  27.705   6366.38     3631.0   r-P48 
 62890.072  27.958  27.827  27.707   6629.82     3631.0  orange 
 62890.072  27.966  27.833  27.716   6198.96     3631.0       r 
 62890.072  27.977  27.842  27.726   7645.77     3631.0       i 
 62890.072  28.035  27.911  27.789   5182.42     3631.0    cyan 
 62890.072  28.086  27.953  27.831  10023.96     3631.0       z 
 62890.072  28.115  27.989  27.876   4746.48     3631.0   g-P48 
 62890.072  28.122  27.996   27.88   4735.89     3631.0       g 
 62892.311  27.962  27.826  27.708   6366.38     3631.0   r-P48 
 62892.311  27.962  27.831  27.711   6629.82     3631.0  orange 
 62892.311   27.97  27.837   27.72   6198.96     3631.0       r 
 62892.311   27.98  27.846  27.729   7645.77     3631.0       i 
 62892.311  28.039  27.915  27.792   5182.42     3631.0    cyan 
 62892.311   28.09  27.957  27.835  10023.96     3631.0       z 
 62892.311  28.118  27.993   27.88   4746.48     3631.0   g-P48 
 62892.311  28.126  27.999  27.884   4735.89     3631.0       g 
 62894.549  27.966  27.829  27.712   6366.38     3631.0   r-P48 
 62894.549  27.966  27.834  27.715   6629.82     3631.0  orange 
 62894.549  27.973  27.841  27.723   6198.96     3631.0       r 
 62894.549  27.984   27.85  27.733   7645.77     3631.0       i 
 62894.549  28.042  27.918  27.796   5182.42     3631.0    cyan 
 62894.549  28.093   27.96  27.838  10023.96     3631.0       z 
 62894.549  28.122  27.996  27.883   4746.48     3631.0   g-P48 
 62894.549   28.13  28.003  27.888   4735.89     3631.0       g 
 62896.787  27.969  27.833  27.716   6366.38     3631.0   r-P48 
 62896.787  27.969  27.838  27.718   6629.82     3631.0  orange 
 62896.787  27.977  27.844  27.727   6198.96     3631.0       r 
 62896.787  27.988  27.853  27.736   7645.77     3631.0       i 
 62896.787  28.046  27.922    27.8   5182.42     3631.0    cyan 
 62896.787  28.097  27.964  27.842  10023.96     3631.0       z 
 62896.787  28.126    28.0  27.887   4746.48     3631.0   g-P48 
 62896.787  28.133  28.007  27.891   4735.89     3631.0       g 
 62899.026  27.973  27.836  27.719   6366.38     3631.0   r-P48 
 62899.026  27.973  27.841  27.722   6629.82     3631.0  orange 
 62899.026  27.981  27.848   27.73   6198.96     3631.0       r 
 62899.026  27.991  27.857   27.74   7645.77     3631.0       i 
 62899.026   28.05  27.926  27.803   5182.42     3631.0    cyan 
 62899.026  28.101  27.967  27.846  10023.96     3631.0       z 
 62899.026  28.129  28.004  27.891   4746.48     3631.0   g-P48 
 62899.026  28.137   28.01  27.895   4735.89     3631.0       g 
 62901.264  27.976   27.84  27.723   6366.38     3631.0   r-P48 
 62901.264  27.977  27.845  27.725   6629.82     3631.0  orange 
 62901.264  27.984  27.852  27.734   6198.96     3631.0       r 
 62901.264  27.995   27.86  27.744   7645.77     3631.0       i 
 62901.264  28.053  27.929  27.807   5182.42     3631.0    cyan 
 62901.264  28.104  27.971  27.849  10023.96     3631.0       z 
 62901.264  28.133  28.007  27.894   4746.48     3631.0   g-P48 
 62901.264  28.141  28.014  27.898   4735.89     3631.0       g 
 62903.502   27.98  27.844  27.726   6366.38     3631.0   r-P48 
 62903.502   27.98  27.849  27.729   6629.82     3631.0  orange 
 62903.502  27.988  27.855  27.738   6198.96     3631.0       r 
 62903.502  27.998  27.864  27.747   7645.77     3631.0       i 
 62903.502  28.057  27.933   27.81   5182.42     3631.0    cyan 
 62903.502  28.108  27.975  27.853  10023.96     3631.0       z 
 62903.502  28.136  28.011  27.898   4746.48     3631.0   g-P48 
 62903.502  28.144  28.018  27.902   4735.89     3631.0       g 
 62905.741  27.984  27.847   27.73   6366.38     3631.0   r-P48 
 62905.741  27.984  27.852  27.733   6629.82     3631.0  orange 
 62905.741  27.992  27.859  27.741   6198.96     3631.0       r 
 62905.741  28.002  27.868  27.751   7645.77     3631.0       i 
 62905.741   28.06  27.937  27.814   5182.42     3631.0    cyan 
 62905.741  28.112  27.978  27.857  10023.96     3631.0       z 
 62905.741   28.14  28.014  27.901   4746.48     3631.0   g-P48 
 62905.741  28.148  28.021  27.906   4735.89     3631.0       g 
 62907.979  27.987  27.851  27.734   6366.38     3631.0   r-P48 
 62907.979  27.987  27.856  27.736   6629.82     3631.0  orange 
 62907.979  27.995  27.863  27.745   6198.96     3631.0       r 
 62907.979  28.006  27.871  27.754   7645.77     3631.0       i 
 62907.979  28.064   27.94  27.818   5182.42     3631.0    cyan 
 62907.979  28.115  27.982   27.86  10023.96     3631.0       z 
 62907.979  28.144  28.018  27.905   4746.48     3631.0   g-P48 
 62907.979  28.151  28.025  27.909   4735.89     3631.0       g 
 62910.218  27.991  27.855  27.737   6366.38     3631.0   r-P48 
 62910.218  27.991  27.859   27.74   6629.82     3631.0  orange 
 62910.218  27.999  27.866  27.748   6198.96     3631.0       r 
 62910.218  28.009  27.875  27.758   7645.77     3631.0       i 
 62910.218  28.068  27.944  27.821   5182.42     3631.0    cyan 
 62910.218  28.119  27.986  27.864  10023.96     3631.0       z 
 62910.218  28.147  28.022  27.909   4746.48     3631.0   g-P48 
 62910.218  28.155  28.028  27.913   4735.89     3631.0       g 
 62912.456  27.995  27.858  27.741   6366.38     3631.0   r-P48 
 62912.456  27.995  27.863  27.743   6629.82     3631.0  orange 
 62912.456  28.003   27.87  27.752   6198.96     3631.0       r 
 62912.456  28.013  27.879  27.762   7645.77     3631.0       i 
 62912.456  28.071  27.947  27.825   5182.42     3631.0    cyan 
 62912.456  28.122  27.989  27.867  10023.96     3631.0       z 
 62912.456  28.151  28.025  27.912   4746.48     3631.0   g-P48 
 62912.456  28.159  28.032  27.916   4735.89     3631.0       g 
 62914.694  27.998  27.862  27.744   6366.38     3631.0   r-P48 
 62914.694  27.998  27.867  27.747   6629.82     3631.0  orange 
 62914.694  28.006  27.873  27.756   6198.96     3631.0       r 
 62914.694  28.017  27.882  27.765   7645.77     3631.0       i 
 62914.694  28.075  27.951  27.828   5182.42     3631.0    cyan 
 62914.694  28.126  27.993  27.871  10023.96     3631.0       z 
 62914.694  28.155  28.029  27.916   4746.48     3631.0   g-P48 
 62914.694  28.162  28.036   27.92   4735.89     3631.0       g 
 62916.933  28.002  27.865  27.748   6366.38     3631.0   r-P48 
 62916.933  28.002   27.87  27.751   6629.82     3631.0  orange 
 62916.933   28.01  27.877  27.759   6198.96     3631.0       r 
 62916.933   28.02  27.886  27.769   7645.77     3631.0       i 
 62916.933  28.078  27.955  27.832   5182.42     3631.0    cyan 
 62916.933   28.13  27.996  27.875  10023.96     3631.0       z 
 62916.933  28.158  28.032  27.919   4746.48     3631.0   g-P48 
 62916.933  28.166  28.039  27.924   4735.89     3631.0       g 
 62919.171  28.005  27.869  27.751   6366.38     3631.0   r-P48 
 62919.171  28.006  27.874  27.754   6629.82     3631.0  orange 
 62919.171  28.013  27.881  27.763   6198.96     3631.0       r 
 62919.171  28.024  27.889  27.772   7645.77     3631.0       i 
 62919.171  28.082  27.958  27.835   5182.42     3631.0    cyan 
 62919.171  28.133    28.0  27.878  10023.96     3631.0       z 
 62919.171  28.162  28.036  27.923   4746.48     3631.0   g-P48 
 62919.171   28.17  28.043  27.927   4735.89     3631.0       g 
 62921.409  28.009  27.873  27.755   6366.38     3631.0   r-P48 
 62921.409  28.009  27.877  27.758   6629.82     3631.0  orange 
 62921.409  28.017  27.884  27.766   6198.96     3631.0       r 
 62921.409  28.027  27.893  27.776   7645.77     3631.0       i 
 62921.409  28.086  27.962  27.839   5182.42     3631.0    cyan 
 62921.409  28.137  28.004  27.882  10023.96     3631.0       z 
 62921.409  28.165   28.04  27.926   4746.48     3631.0   g-P48 
 62921.409  28.173  28.047  27.931   4735.89     3631.0       g 
 62923.648  28.013  27.876  27.759   6366.38     3631.0   r-P48 
 62923.648  28.013  27.881  27.761   6629.82     3631.0  orange 
 62923.648  28.021  27.888   27.77   6198.96     3631.0       r 
 62923.648  28.031  27.896  27.779   7645.77     3631.0       i 
 62923.648  28.089  27.965  27.843   5182.42     3631.0    cyan 
 62923.648  28.141  28.007  27.885  10023.96     3631.0       z 
 62923.648  28.169  28.043   27.93   4746.48     3631.0   g-P48 
 62923.648  28.177   28.05  27.934   4735.89     3631.0       g 
 62925.886  28.016   27.88  27.762   6366.38     3631.0   r-P48 
 62925.886  28.016  27.885  27.765   6629.82     3631.0  orange 
 62925.886  28.024  27.891  27.773   6198.96     3631.0       r 
 62925.886  28.035    27.9  27.783   7645.77     3631.0       i 
 62925.886  28.093  27.969  27.846   5182.42     3631.0    cyan 
 62925.886  28.144  28.011  27.889  10023.96     3631.0       z 
 62925.886  28.173  28.047  27.934   4746.48     3631.0   g-P48 
 62925.886   28.18  28.054  27.938   4735.89     3631.0       g 
 62928.124   28.02  27.883  27.766   6366.38     3631.0   r-P48 
 62928.124   28.02  27.888  27.768   6629.82     3631.0  orange 
 62928.124  28.028  27.895  27.777   6198.96     3631.0       r 
 62928.124  28.038  27.904  27.787   7645.77     3631.0       i 
 62928.124  28.096  27.973   27.85   5182.42     3631.0    cyan 
 62928.124  28.148  28.014  27.893  10023.96     3631.0       z 
 62928.124  28.176   28.05  27.937   4746.48     3631.0   g-P48 
 62928.124  28.184  28.057  27.942   4735.89     3631.0       g 
 62930.363  28.023  27.887  27.769   6366.38     3631.0   r-P48 
 62930.363  28.024  27.892  27.772   6629.82     3631.0  orange 
 62930.363  28.032  27.899  27.781   6198.96     3631.0       r 
 62930.363  28.042  27.907   27.79   7645.77     3631.0       i 
 62930.363    28.1  27.976  27.853   5182.42     3631.0    cyan 
 62930.363  28.151  28.018  27.896  10023.96     3631.0       z 
 62930.363   28.18  28.054  27.941   4746.48     3631.0   g-P48 
 62930.363  28.188  28.061  27.945   4735.89     3631.0       g 
 62932.601  28.027   27.89  27.773   6366.38     3631.0   r-P48 
 62932.601  28.027  27.895  27.775   6629.82     3631.0  orange 
 62932.601  28.035  27.902  27.784   6198.96     3631.0       r 
 62932.601  28.045  27.911  27.794   7645.77     3631.0       i 
 62932.601  28.104   27.98  27.857   5182.42     3631.0    cyan 
 62932.601  28.155  28.022    27.9  10023.96     3631.0       z 
 62932.601  28.183  28.058  27.944   4746.48     3631.0   g-P48 
 62932.601  28.191  28.064  27.949   4735.89     3631.0       g 
 62934.839  28.031  27.894  27.776   6366.38     3631.0   r-P48 
 62934.839  28.031  27.899  27.779   6629.82     3631.0  orange 
 62934.839  28.039  27.906  27.788   6198.96     3631.0       r 
 62934.839  28.049  27.914  27.797   7645.77     3631.0       i 
 62934.839  28.107  27.983   27.86   5182.42     3631.0    cyan 
 62934.839  28.159  28.025  27.903  10023.96     3631.0       z 
 62934.839  28.187  28.061  27.948   4746.48     3631.0   g-P48 
 62934.839  28.195  28.068  27.952   4735.89     3631.0       g 
 62937.078  28.034  27.898   27.78   6366.38     3631.0   r-P48 
 62937.078  28.034  27.903  27.783   6629.82     3631.0  orange 
 62937.078  28.042  27.909  27.791   6198.96     3631.0       r 
 62937.078  28.052  27.918  27.801   7645.77     3631.0       i 
 62937.078  28.111  27.987  27.864   5182.42     3631.0    cyan 
 62937.078  28.162  28.029  27.907  10023.96     3631.0       z 
 62937.078  28.191  28.065  27.951   4746.48     3631.0   g-P48 
 62937.078  28.198  28.072  27.956   4735.89     3631.0       g 
 62939.316  28.038  27.901  27.783   6366.38     3631.0   r-P48 
 62939.316  28.038  27.906  27.786   6629.82     3631.0  orange 
 62939.316  28.046  27.913  27.795   6198.96     3631.0       r 
 62939.316  28.056  27.922  27.804   7645.77     3631.0       i 
 62939.316  28.114  27.991  27.867   5182.42     3631.0    cyan 
 62939.316  28.166  28.032   27.91  10023.96     3631.0       z 
 62939.316  28.194  28.068  27.955   4746.48     3631.0   g-P48 
 62939.316  28.202  28.075  27.959   4735.89     3631.0       g 
 62941.554  28.041  27.905  27.787   6366.38     3631.0   r-P48 
 62941.554  28.041   27.91   27.79   6629.82     3631.0  orange 
 62941.554  28.049  27.917  27.798   6198.96     3631.0       r 
 62941.554   28.06  27.925  27.808   7645.77     3631.0       i 
 62941.554  28.118  27.994  27.871   5182.42     3631.0    cyan 
 62941.554  28.169  28.036  27.914  10023.96     3631.0       z 
 62941.554  28.198  28.072  27.959   4746.48     3631.0   g-P48 
 62941.554  28.205  28.079  27.963   4735.89     3631.0       g 
 62943.793  28.045  27.908  27.791   6366.38     3631.0   r-P48 
 62943.793  28.045  27.913  27.793   6629.82     3631.0  orange 
 62943.793  28.053   27.92  27.802   6198.96     3631.0       r 
 62943.793  28.063  27.929  27.811   7645.77     3631.0       i 
 62943.793  28.121  27.998  27.875   5182.42     3631.0    cyan 
 62943.793  28.173  28.039  27.918  10023.96     3631.0       z 
 62943.793  28.201  28.075  27.962   4746.48     3631.0   g-P48 
 62943.793  28.209  28.082  27.966   4735.89     3631.0       g 
 62946.031  28.049  27.912  27.794   6366.38     3631.0   r-P48 
 62946.031  28.049  27.917  27.797   6629.82     3631.0  orange 
 62946.031  28.057  27.924  27.805   6198.96     3631.0       r 
 62946.031  28.067  27.932  27.815   7645.77     3631.0       i 
 62946.031  28.125  28.001  27.878   5182.42     3631.0    cyan 
 62946.031  28.177  28.043  27.921  10023.96     3631.0       z 
 62946.031  28.205  28.079  27.966   4746.48     3631.0   g-P48 
 62946.031  28.213  28.086   27.97   4735.89     3631.0       g 
 62948.269  28.052  27.915  27.798   6366.38     3631.0   r-P48 
 62948.269  28.052   27.92    27.8   6629.82     3631.0  orange 
 62948.269   28.06  27.927  27.809   6198.96     3631.0       r 
 62948.269   28.07  27.936  27.819   7645.77     3631.0       i 
 62948.269  28.129  28.005  27.882   5182.42     3631.0    cyan 
 62948.269   28.18  28.046  27.925  10023.96     3631.0       z 
 62948.269  28.208  28.082  27.969   4746.48     3631.0   g-P48 
 62948.269  28.216  28.089  27.974   4735.89     3631.0       g 
 62950.508  28.056  27.919  27.801   6366.38     3631.0   r-P48 
 62950.508  28.056  27.924  27.804   6629.82     3631.0  orange 
 62950.508  28.064  27.931  27.812   6198.96     3631.0       r 
 62950.508  28.074  27.939  27.822   7645.77     3631.0       i 
 62950.508  28.132  28.008  27.885   5182.42     3631.0    cyan 
 62950.508  28.184   28.05  27.928  10023.96     3631.0       z 
 62950.508  28.212  28.086  27.973   4746.48     3631.0   g-P48 
 62950.508   28.22  28.093  27.977   4735.89     3631.0       g 
 62952.746  28.059  27.923  27.805   6366.38     3631.0   r-P48 
 62952.746  28.059  27.928  27.807   6629.82     3631.0  orange 
 62952.746  28.067  27.934  27.816   6198.96     3631.0       r 
 62952.746  28.077  27.943  27.826   7645.77     3631.0       i 
 62952.746  28.136  28.012  27.889   5182.42     3631.0    cyan 
 62952.746  28.187  28.054  27.932  10023.96     3631.0       z 
 62952.746  28.216   28.09  27.976   4746.48     3631.0   g-P48 
 62952.746  28.223  28.097  27.981   4735.89     3631.0       g 
 62954.985  28.063  27.926  27.808   6366.38     3631.0   r-P48 
 62954.985  28.063  27.931  27.811   6629.82     3631.0  orange 
 62954.985  28.071  27.938   27.82   6198.96     3631.0       r 
 62954.985  28.081  27.946  27.829   7645.77     3631.0       i 
 62954.985  28.139  28.015  27.892   5182.42     3631.0    cyan 
 62954.985  28.191  28.057  27.935  10023.96     3631.0       z 
 62954.985  28.219  28.093   27.98   4746.48     3631.0   g-P48 
 62954.985  28.227    28.1  27.984   4735.89     3631.0       g 
 62957.223  28.066   27.93  27.812   6366.38     3631.0   r-P48 
 62957.223  28.066  27.935  27.814   6629.82     3631.0  orange 
 62957.223  28.075  27.942  27.823   6198.96     3631.0       r 
 62957.223  28.085   27.95  27.833   7645.77     3631.0       i 
 62957.223  28.143  28.019  27.896   5182.42     3631.0    cyan 
 62957.223  28.194  28.061  27.939  10023.96     3631.0       z 
 62957.223  28.223  28.097  27.983   4746.48     3631.0   g-P48 
 62957.223   28.23  28.104  27.988   4735.89     3631.0       g 
 62959.461   28.07  27.933  27.815   6366.38     3631.0   r-P48 
 62959.461   28.07  27.938  27.818   6629.82     3631.0  orange 
 62959.461  28.078  27.945  27.827   6198.96     3631.0       r 
 62959.461  28.088  27.953  27.836   7645.77     3631.0       i 
 62959.461  28.146  28.022  27.899   5182.42     3631.0    cyan 
 62959.461  28.198  28.064  27.942  10023.96     3631.0       z 
 62959.461  28.226    28.1  27.987   4746.48     3631.0   g-P48 
 62959.461  28.234  28.107  27.991   4735.89     3631.0       g 
   62961.7  28.074  27.937  27.819   6366.38     3631.0   r-P48 
   62961.7  28.074  27.942  27.821   6629.82     3631.0  orange 
   62961.7  28.082  27.949   27.83   6198.96     3631.0       r 
   62961.7  28.092  27.957   27.84   7645.77     3631.0       i 
   62961.7   28.15  28.026  27.903   5182.42     3631.0    cyan 
   62961.7  28.202  28.068  27.946  10023.96     3631.0       z 
   62961.7   28.23  28.104   27.99   4746.48     3631.0   g-P48 
   62961.7  28.238  28.111  27.995   4735.89     3631.0       g 
 62963.938  28.077   27.94  27.822   6366.38     3631.0   r-P48 
 62963.938  28.077  27.945  27.825   6629.82     3631.0  orange 
 62963.938  28.085  27.952  27.834   6198.96     3631.0       r 
 62963.938  28.095  27.961  27.843   7645.77     3631.0       i 
 62963.938  28.153   28.03  27.906   5182.42     3631.0    cyan 
 62963.938  28.205  28.071  27.949  10023.96     3631.0       z 
 62963.938  28.233  28.107  27.994   4746.48     3631.0   g-P48 
 62963.938  28.241  28.114  27.998   4735.89     3631.0       g 
 62966.176  28.081  27.944  27.826   6366.38     3631.0   r-P48 
 62966.176  28.081  27.949  27.828   6629.82     3631.0  orange 
 62966.176  28.089  27.956  27.837   6198.96     3631.0       r 
 62966.176  28.099  27.964  27.847   7645.77     3631.0       i 
 62966.176  28.157  28.033   27.91   5182.42     3631.0    cyan 
 62966.176  28.209  28.075  27.953  10023.96     3631.0       z 
 62966.176  28.237  28.111  27.997   4746.48     3631.0   g-P48 
 62966.176  28.245  28.118  28.002   4735.89     3631.0       g 
 62968.415  28.084  27.947  27.829   6366.38     3631.0   r-P48 
 62968.415  28.084  27.952  27.832   6629.82     3631.0  orange 
 62968.415  28.092  27.959  27.841   6198.96     3631.0       r 
 62968.415  28.102  27.968   27.85   7645.77     3631.0       i 
 62968.415  28.161  28.037  27.913   5182.42     3631.0    cyan 
 62968.415  28.212  28.078  27.956  10023.96     3631.0       z 
 62968.415   28.24  28.114  28.001   4746.48     3631.0   g-P48 
 62968.415  28.248  28.121  28.005   4735.89     3631.0       g 
 62970.653  28.088  27.951  27.833   6366.38     3631.0   r-P48 
 62970.653  28.088  27.956  27.835   6629.82     3631.0  orange 
 62970.653  28.096  27.963  27.844   6198.96     3631.0       r 
 62970.653  28.106  27.971  27.854   7645.77     3631.0       i 
 62970.653  28.164   28.04  27.917   5182.42     3631.0    cyan 
 62970.653  28.216  28.082   27.96  10023.96     3631.0       z 
 62970.653  28.244  28.118  28.005   4746.48     3631.0   g-P48 
 62970.653  28.252  28.125  28.009   4735.89     3631.0       g 
 62972.891  28.091  27.955  27.836   6366.38     3631.0   r-P48 
 62972.891  28.091  27.959  27.839   6629.82     3631.0  orange 
 62972.891  28.099  27.966  27.848   6198.96     3631.0       r 
 62972.891   28.11  27.975  27.857   7645.77     3631.0       i 
 62972.891  28.168  28.044   27.92   5182.42     3631.0    cyan 
 62972.891  28.219  28.085  27.964  10023.96     3631.0       z 
 62972.891  28.247  28.121  28.008   4746.48     3631.0   g-P48 
 62972.891  28.255  28.128  28.012   4735.89     3631.0       g 
  62975.13  28.095  27.958   27.84   6366.38     3631.0   r-P48 
  62975.13  28.095  27.963  27.842   6629.82     3631.0  orange 
  62975.13  28.103   27.97  27.851   6198.96     3631.0       r 
  62975.13  28.113  27.978  27.861   7645.77     3631.0       i 
  62975.13  28.171  28.047  27.924   5182.42     3631.0    cyan 
  62975.13  28.223  28.089  27.967  10023.96     3631.0       z 
  62975.13  28.251  28.125  28.012   4746.48     3631.0   g-P48 
  62975.13  28.259  28.132  28.016   4735.89     3631.0       g 
 62977.368  28.098  27.962  27.843   6366.38     3631.0   r-P48 
 62977.368  28.099  27.966  27.846   6629.82     3631.0  orange 
 62977.368  28.107  27.974  27.855   6198.96     3631.0       r 
 62977.368  28.117  27.982  27.864   7645.77     3631.0       i 
 62977.368  28.175  28.051  27.927   5182.42     3631.0    cyan 
 62977.368  28.226  28.093  27.971  10023.96     3631.0       z 
 62977.368  28.255  28.128  28.015   4746.48     3631.0   g-P48 
 62977.368  28.262  28.135  28.019   4735.89     3631.0       g 
 62979.606  28.102  27.965  27.847   6366.38     3631.0   r-P48 
 62979.606  28.102   27.97  27.849   6629.82     3631.0  orange 
 62979.606   28.11  27.977  27.858   6198.96     3631.0       r 
 62979.606   28.12  27.985  27.868   7645.77     3631.0       i 
 62979.606  28.178  28.054  27.931   5182.42     3631.0    cyan 
 62979.606   28.23  28.096  27.974  10023.96     3631.0       z 
 62979.606  28.258  28.132  28.019   4746.48     3631.0   g-P48 
 62979.606  28.266  28.139  28.023   4735.89     3631.0       g 
 62981.845  28.105  27.969   27.85   6366.38     3631.0   r-P48 
 62981.845  28.106  27.973  27.853   6629.82     3631.0  orange 
 62981.845  28.114  27.981  27.862   6198.96     3631.0       r 
 62981.845  28.124  27.989  27.871   7645.77     3631.0       i 
 62981.845  28.182  28.058  27.934   5182.42     3631.0    cyan 
 62981.845  28.233    28.1  27.978  10023.96     3631.0       z 
 62981.845  28.262  28.135  28.022   4746.48     3631.0   g-P48 
 62981.845  28.269  28.143  28.026   4735.89     3631.0       g 
 62984.083  28.109  27.972  27.854   6366.38     3631.0   r-P48 
 62984.083  28.109  27.977  27.856   6629.82     3631.0  orange 
 62984.083  28.117  27.984  27.865   6198.96     3631.0       r 
 62984.083  28.127  27.992  27.875   7645.77     3631.0       i 
 62984.083  28.185  28.061  27.938   5182.42     3631.0    cyan 
 62984.083  28.237  28.103  27.981  10023.96     3631.0       z 
 62984.083  28.265  28.139  28.026   4746.48     3631.0   g-P48 
 62984.083  28.273  28.146   28.03   4735.89     3631.0       g 
 62986.321  28.112  27.976  27.857   6366.38     3631.0   r-P48 
 62986.321  28.113   27.98   27.86   6629.82     3631.0  orange 
 62986.321  28.121  27.988  27.869   6198.96     3631.0       r 
 62986.321  28.131  27.996  27.878   7645.77     3631.0       i 
 62986.321  28.189  28.065  27.941   5182.42     3631.0    cyan 
 62986.321  28.241  28.107  27.985  10023.96     3631.0       z 
 62986.321  28.269  28.143  28.029   4746.48     3631.0   g-P48 
 62986.321  28.277   28.15  28.033   4735.89     3631.0       g 
  62988.56  28.116  27.979  27.861   6366.38     3631.0   r-P48 
  62988.56  28.116  27.984  27.863   6629.82     3631.0  orange 
  62988.56  28.124  27.991  27.872   6198.96     3631.0       r 
  62988.56  28.134  27.999  27.882   7645.77     3631.0       i 
  62988.56  28.192  28.068  27.945   5182.42     3631.0    cyan 
  62988.56  28.244   28.11  27.988  10023.96     3631.0       z 
  62988.56  28.272  28.146  28.033   4746.48     3631.0   g-P48 
  62988.56   28.28  28.153  28.037   4735.89     3631.0       g 
 62990.798  28.119  27.983  27.864   6366.38     3631.0   r-P48 
 62990.798   28.12  27.987  27.867   6629.82     3631.0  orange 
 62990.798  28.128  27.995  27.876   6198.96     3631.0       r 
 62990.798  28.138  28.003  27.885   7645.77     3631.0       i 
 62990.798  28.196  28.072  27.948   5182.42     3631.0    cyan 
 62990.798  28.248  28.114  27.992  10023.96     3631.0       z 
 62990.798  28.276   28.15  28.036   4746.48     3631.0   g-P48 
 62990.798  28.284  28.157   28.04   4735.89     3631.0       g 
 62993.037  28.123  27.986  27.868   6366.38     3631.0   r-P48 
 62993.037  28.123  27.991   27.87   6629.82     3631.0  orange 
 62993.037  28.131  27.998  27.879   6198.96     3631.0       r 
 62993.037  28.141  28.006  27.889   7645.77     3631.0       i 
 62993.037  28.199  28.075  27.952   5182.42     3631.0    cyan 
 62993.037  28.251  28.117  27.995  10023.96     3631.0       z 
 62993.037  28.279  28.153   28.04   4746.48     3631.0   g-P48 
 62993.037  28.287   28.16  28.044   4735.89     3631.0       g 
 62995.275  28.126   27.99  27.871   6366.38     3631.0   r-P48 
 62995.275  28.127  27.994  27.874   6629.82     3631.0  orange 
 62995.275  28.135  28.002  27.883   6198.96     3631.0       r 
 62995.275  28.145   28.01  27.892   7645.77     3631.0       i 
 62995.275  28.203  28.079  27.955   5182.42     3631.0    cyan 
 62995.275  28.255  28.121  27.999  10023.96     3631.0       z 
 62995.275  28.283  28.157  28.043   4746.48     3631.0   g-P48 
 62995.275  28.291  28.164  28.047   4735.89     3631.0       g 
 62997.513   28.13  27.993  27.875   6366.38     3631.0   r-P48 
 62997.513   28.13  27.998  27.877   6629.82     3631.0  orange 
 62997.513  28.138  28.005  27.886   6198.96     3631.0       r 
 62997.513  28.148  28.013  27.896   7645.77     3631.0       i 
 62997.513  28.206  28.082  27.958   5182.42     3631.0    cyan 
 62997.513  28.258  28.124  28.002  10023.96     3631.0       z 
 62997.513  28.286   28.16  28.046   4746.48     3631.0   g-P48 
 62997.513  28.294  28.167  28.051   4735.89     3631.0       g 
 62999.752  28.134  27.997  27.878   6366.38     3631.0   r-P48 
 62999.752  28.134  28.001  27.881   6629.82     3631.0  orange 
 62999.752  28.142  28.009   27.89   6198.96     3631.0       r 
 62999.752  28.152  28.017  27.899   7645.77     3631.0       i 
 62999.752   28.21  28.086  27.962   5182.42     3631.0    cyan 
 62999.752  28.262  28.128  28.006  10023.96     3631.0       z 
 62999.752   28.29  28.163   28.05   4746.48     3631.0   g-P48 
 62999.752  28.298  28.171  28.054   4735.89     3631.0       g 
  63001.99  28.137    28.0  27.882   6366.38     3631.0   r-P48 
  63001.99  28.137  28.005  27.884   6629.82     3631.0  orange 
  63001.99  28.145  28.012  27.893   6198.96     3631.0       r 
  63001.99  28.155   28.02  27.903   7645.77     3631.0       i 
  63001.99  28.213  28.089  27.965   5182.42     3631.0    cyan 
  63001.99  28.265  28.131  28.009  10023.96     3631.0       z 
  63001.99  28.293  28.167  28.053   4746.48     3631.0   g-P48 
  63001.99  28.301  28.174  28.058   4735.89     3631.0       g 
 63004.228  28.141  28.004  27.885   6366.38     3631.0   r-P48 
 63004.228  28.141  28.008  27.888   6629.82     3631.0  orange 
 63004.228  28.149  28.016  27.896   6198.96     3631.0       r 
 63004.228  28.159  28.024  27.906   7645.77     3631.0       i 
 63004.228  28.217  28.093  27.969   5182.42     3631.0    cyan 
 63004.228  28.269  28.135  28.013  10023.96     3631.0       z 
 63004.228  28.297   28.17  28.057   4746.48     3631.0   g-P48 
 63004.228  28.305  28.178  28.061   4735.89     3631.0       g 
 63006.467  28.144  28.007  27.888   6366.38     3631.0   r-P48 
 63006.467  28.144  28.012  27.891   6629.82     3631.0  orange 
 63006.467  28.152  28.019    27.9   6198.96     3631.0       r 
 63006.467  28.162  28.027   27.91   7645.77     3631.0       i 
 63006.467   28.22  28.096  27.972   5182.42     3631.0    cyan 
 63006.467  28.272  28.138  28.016  10023.96     3631.0       z 
 63006.467    28.3  28.174   28.06   4746.48     3631.0   g-P48 
 63006.467  28.308  28.181  28.065   4735.89     3631.0       g 
 63008.705  28.148  28.011  27.892   6366.38     3631.0   r-P48 
 63008.705  28.148  28.015  27.895   6629.82     3631.0  orange 
 63008.705  28.156  28.023  27.903   6198.96     3631.0       r 
 63008.705  28.166  28.031  27.913   7645.77     3631.0       i 
 63008.705  28.224    28.1  27.976   5182.42     3631.0    cyan 
 63008.705  28.276  28.142  28.019  10023.96     3631.0       z 
 63008.705  28.304  28.177  28.064   4746.48     3631.0   g-P48 
 63008.705  28.312  28.185  28.068   4735.89     3631.0       g 
 63010.943  28.151  28.014  27.895   6366.38     3631.0   r-P48 
 63010.943  28.151  28.019  27.898   6629.82     3631.0  orange 
 63010.943  28.159  28.026  27.907   6198.96     3631.0       r 
 63010.943  28.169  28.034  27.916   7645.77     3631.0       i 
 63010.943  28.227  28.103  27.979   5182.42     3631.0    cyan 
 63010.943  28.279  28.145  28.023  10023.96     3631.0       z 
 63010.943  28.307  28.181  28.067   4746.48     3631.0   g-P48 
 63010.943  28.315  28.188  28.072   4735.89     3631.0       g 
 63013.182  28.154  28.018  27.899   6366.38     3631.0   r-P48 
 63013.182  28.155  28.022  27.902   6629.82     3631.0  orange 
 63013.182  28.163   28.03   27.91   6198.96     3631.0       r 
 63013.182  28.173  28.038   27.92   7645.77     3631.0       i 
 63013.182  28.231  28.107  27.983   5182.42     3631.0    cyan 
 63013.182  28.283  28.149  28.026  10023.96     3631.0       z 
 63013.182  28.311  28.184  28.071   4746.48     3631.0   g-P48 
 63013.182  28.319  28.191  28.075   4735.89     3631.0       g 
  63015.42  28.158  28.021  27.902   6366.38     3631.0   r-P48 
  63015.42  28.159  28.026  27.905   6629.82     3631.0  orange 
  63015.42  28.166  28.033  27.914   6198.96     3631.0       r 
  63015.42  28.176  28.041  27.923   7645.77     3631.0       i 
  63015.42  28.234   28.11  27.986   5182.42     3631.0    cyan 
  63015.42  28.286  28.152   28.03  10023.96     3631.0       z 
  63015.42  28.314  28.188  28.074   4746.48     3631.0   g-P48 
  63015.42  28.322  28.195  28.079   4735.89     3631.0       g 
 63017.658  28.161  28.025  27.906   6366.38     3631.0   r-P48 
 63017.658  28.162  28.029  27.908   6629.82     3631.0  orange 
 63017.658   28.17  28.037  27.917   6198.96     3631.0       r 
 63017.658   28.18  28.045  27.927   7645.77     3631.0       i 
 63017.658  28.238  28.114   27.99   5182.42     3631.0    cyan 
 63017.658   28.29  28.155  28.033  10023.96     3631.0       z 
 63017.658  28.318  28.191  28.078   4746.48     3631.0   g-P48 
 63017.658  28.326  28.198  28.082   4735.89     3631.0       g 
 63019.897  28.165  28.028  27.909   6366.38     3631.0   r-P48 
 63019.897  28.166  28.033  27.912   6629.82     3631.0  orange 
 63019.897  28.173   28.04  27.921   6198.96     3631.0       r 
 63019.897  28.183  28.048   27.93   7645.77     3631.0       i 
 63019.897  28.241  28.117  27.993   5182.42     3631.0    cyan 
 63019.897  28.293  28.159  28.037  10023.96     3631.0       z 
 63019.897  28.321  28.195  28.081   4746.48     3631.0   g-P48 
 63019.897  28.329  28.202  28.085   4735.89     3631.0       g 
 63022.135  28.168  28.032  27.913   6366.38     3631.0   r-P48 
 63022.135  28.169  28.036  27.915   6629.82     3631.0  orange 
 63022.135  28.177  28.044  27.924   6198.96     3631.0       r 
 63022.135  28.187  28.051  27.934   7645.77     3631.0       i 
 63022.135  28.245  28.121  27.996   5182.42     3631.0    cyan 
 63022.135  28.296  28.162   28.04  10023.96     3631.0       z 
 63022.135  28.325  28.198  28.085   4746.48     3631.0   g-P48 
 63022.135  28.333  28.205  28.089   4735.89     3631.0       g 
 63024.373  28.172  28.035  27.916   6366.38     3631.0   r-P48 
 63024.373  28.172   28.04  27.919   6629.82     3631.0  orange 
 63024.373   28.18  28.047  27.928   6198.96     3631.0       r 
 63024.373   28.19  28.055  27.937   7645.77     3631.0       i 
 63024.373  28.248  28.124    28.0   5182.42     3631.0    cyan 
 63024.373    28.3  28.166  28.044  10023.96     3631.0       z 
 63024.373  28.328  28.202  28.088   4746.48     3631.0   g-P48 
 63024.373  28.336  28.209  28.092   4735.89     3631.0       g 
 63026.612  28.175  28.039   27.92   6366.38     3631.0   r-P48 
 63026.612  28.176  28.043  27.922   6629.82     3631.0  orange 
 63026.612  28.184  28.051  27.931   6198.96     3631.0       r 
 63026.612  28.194  28.058  27.941   7645.77     3631.0       i 
 63026.612  28.251  28.128  28.003   5182.42     3631.0    cyan 
 63026.612  28.303  28.169  28.047  10023.96     3631.0       z 
 63026.612  28.331  28.205  28.092   4746.48     3631.0   g-P48 
 63026.612  28.339  28.212  28.096   4735.89     3631.0       g 
  63028.85  28.179  28.042  27.923   6366.38     3631.0   r-P48 
  63028.85  28.179  28.047  27.926   6629.82     3631.0  orange 
  63028.85  28.187  28.054  27.934   6198.96     3631.0       r 
  63028.85  28.197  28.062  27.944   7645.77     3631.0       i 
  63028.85  28.255  28.131  28.007   5182.42     3631.0    cyan 
  63028.85  28.307  28.173  28.051  10023.96     3631.0       z 
  63028.85  28.335  28.209  28.095   4746.48     3631.0   g-P48 
  63028.85  28.343  28.216  28.099   4735.89     3631.0       g 
 63031.088  28.182  28.046  27.926   6366.38     3631.0   r-P48 
 63031.088  28.183   28.05  27.929   6629.82     3631.0  orange 
 63031.088  28.191  28.058  27.938   6198.96     3631.0       r 
 63031.088  28.201  28.065  27.947   7645.77     3631.0       i 
 63031.088  28.258  28.135   28.01   5182.42     3631.0    cyan 
 63031.088   28.31  28.176  28.054  10023.96     3631.0       z 
 63031.088  28.338  28.212  28.098   4746.48     3631.0   g-P48 
 63031.088  28.346  28.219  28.103   4735.89     3631.0       g 
 63033.327  28.186  28.049   27.93   6366.38     3631.0   r-P48 
 63033.327  28.186  28.054  27.932   6629.82     3631.0  orange 
 63033.327  28.194  28.061  27.941   6198.96     3631.0       r 
 63033.327  28.204  28.069  27.951   7645.77     3631.0       i 
 63033.327  28.262  28.138  28.014   5182.42     3631.0    cyan 
 63033.327  28.314   28.18  28.058  10023.96     3631.0       z 
 63033.327  28.342  28.216  28.102   4746.48     3631.0   g-P48 
 63033.327   28.35  28.223  28.106   4735.89     3631.0       g 
 63035.565  28.189  28.053  27.933   6366.38     3631.0   r-P48 
 63035.565   28.19  28.057  27.936   6629.82     3631.0  orange 
 63035.565  28.198  28.064  27.945   6198.96     3631.0       r 
 63035.565  28.208  28.072  27.954   7645.77     3631.0       i 
 63035.565  28.265  28.142  28.017   5182.42     3631.0    cyan 
 63035.565  28.317  28.183  28.061  10023.96     3631.0       z 
 63035.565  28.345  28.219  28.105   4746.48     3631.0   g-P48 
 63035.565  28.353  28.226   28.11   4735.89     3631.0       g 
 63037.804  28.193  28.056  27.937   6366.38     3631.0   r-P48 
 63037.804  28.193   28.06  27.939   6629.82     3631.0  orange 
 63037.804  28.201  28.068  27.948   6198.96     3631.0       r 
 63037.804  28.211  28.076  27.958   7645.77     3631.0       i 
 63037.804  28.269  28.145   28.02   5182.42     3631.0    cyan 
 63037.804  28.321  28.187  28.064  10023.96     3631.0       z 
 63037.804  28.349  28.222  28.109   4746.48     3631.0   g-P48 
 63037.804  28.357   28.23  28.113   4735.89     3631.0       g 
 63040.042  28.196   28.06   27.94   6366.38     3631.0   r-P48 
 63040.042  28.197  28.064  27.943   6629.82     3631.0  orange 
 63040.042  28.205  28.071  27.952   6198.96     3631.0       r 
 63040.042  28.215  28.079  27.961   7645.77     3631.0       i 
 63040.042  28.272  28.148  28.024   5182.42     3631.0    cyan 
 63040.042  28.324   28.19  28.068  10023.96     3631.0       z 
 63040.042  28.352  28.226  28.112   4746.48     3631.0   g-P48 
 63040.042   28.36  28.233  28.116   4735.89     3631.0       g 
  63042.28    28.2  28.063  27.943   6366.38     3631.0   r-P48 
  63042.28    28.2  28.067  27.946   6629.82     3631.0  orange 
  63042.28  28.208  28.075  27.955   6198.96     3631.0       r 
  63042.28  28.218  28.082  27.965   7645.77     3631.0       i 
  63042.28  28.276  28.152  28.027   5182.42     3631.0    cyan 
  63042.28  28.328  28.194  28.071  10023.96     3631.0       z 
  63042.28  28.356  28.229  28.116   4746.48     3631.0   g-P48 
  63042.28  28.364  28.236   28.12   4735.89     3631.0       g 
 63044.519  28.203  28.066  27.947   6366.38     3631.0   r-P48 
 63044.519  28.204  28.071   27.95   6629.82     3631.0  orange 
 63044.519  28.212  28.078  27.958   6198.96     3631.0       r 
 63044.519  28.221  28.086  27.968   7645.77     3631.0       i 
 63044.519  28.279  28.155  28.031   5182.42     3631.0    cyan 
 63044.519  28.331  28.197  28.075  10023.96     3631.0       z 
 63044.519  28.359  28.233  28.119   4746.48     3631.0   g-P48 
 63044.519  28.367   28.24  28.123   4735.89     3631.0       g 
 63046.757  28.206   28.07   27.95   6366.38     3631.0   r-P48 
 63046.757  28.207  28.074  27.953   6629.82     3631.0  orange 
 63046.757  28.215  28.082  27.962   6198.96     3631.0       r 
 63046.757  28.225  28.089  27.971   7645.77     3631.0       i 
 63046.757  28.283  28.159  28.034   5182.42     3631.0    cyan 
 63046.757  28.334    28.2  28.078  10023.96     3631.0       z 
 63046.757  28.363  28.236  28.122   4746.48     3631.0   g-P48 
 63046.757  28.371  28.243  28.127   4735.89     3631.0       g 
 63048.995   28.21  28.073  27.954   6366.38     3631.0   r-P48 
 63048.995  28.211  28.078  27.956   6629.82     3631.0  orange 
 63048.995  28.219  28.085  27.965   6198.96     3631.0       r 
 63048.995  28.228  28.093  27.975   7645.77     3631.0       i 
 63048.995  28.286  28.162  28.037   5182.42     3631.0    cyan 
 63048.995  28.338  28.204  28.082  10023.96     3631.0       z 
 63048.995  28.366   28.24  28.126   4746.48     3631.0   g-P48 
 63048.995  28.374  28.247   28.13   4735.89     3631.0       g 
 63051.234  28.213  28.077  27.957   6366.38     3631.0   r-P48 
 63051.234  28.214  28.081   27.96   6629.82     3631.0  orange 
 63051.234  28.222  28.089  27.969   6198.96     3631.0       r 
 63051.234  28.232  28.096  27.978   7645.77     3631.0       i 
 63051.234  28.289  28.166  28.041   5182.42     3631.0    cyan 
 63051.234  28.341  28.207  28.085  10023.96     3631.0       z 
 63051.234  28.369  28.243  28.129   4746.48     3631.0   g-P48 
 63051.234  28.378   28.25  28.134   4735.89     3631.0       g 
 63053.472  28.217   28.08  27.961   6366.38     3631.0   r-P48 
 63053.472  28.218  28.084  27.963   6629.82     3631.0  orange 
 63053.472  28.226  28.092  27.972   6198.96     3631.0       r 
 63053.472  28.235    28.1  27.982   7645.77     3631.0       i 
 63053.472  28.293  28.169  28.044   5182.42     3631.0    cyan 
 63053.472  28.345  28.211  28.088  10023.96     3631.0       z 
 63053.472  28.373  28.246  28.133   4746.48     3631.0   g-P48 
 63053.472  28.381  28.254  28.137   4735.89     3631.0       g 
  63055.71   28.22  28.084  27.964   6366.38     3631.0   r-P48 
  63055.71  28.221  28.088  27.967   6629.82     3631.0  orange 
  63055.71  28.229  28.095  27.975   6198.96     3631.0       r 
  63055.71  28.239  28.103  27.985   7645.77     3631.0       i 
  63055.71  28.296  28.172  28.048   5182.42     3631.0    cyan 
  63055.71  28.348  28.214  28.092  10023.96     3631.0       z 
  63055.71  28.376   28.25  28.136   4746.48     3631.0   g-P48 
  63055.71  28.384  28.257   28.14   4735.89     3631.0       g 
 63057.949  28.224  28.087  27.967   6366.38     3631.0   r-P48 
 63057.949  28.225  28.091   27.97   6629.82     3631.0  orange 
 63057.949  28.233  28.099  27.979   6198.96     3631.0       r 
 63057.949  28.242  28.106  27.989   7645.77     3631.0       i 
 63057.949    28.3  28.176  28.051   5182.42     3631.0    cyan 
 63057.949  28.352  28.218  28.095  10023.96     3631.0       z 
 63057.949   28.38  28.253  28.139   4746.48     3631.0   g-P48 
 63057.949  28.388   28.26  28.144   4735.89     3631.0       g 
 63060.187  28.227   28.09  27.971   6366.38     3631.0   r-P48 
 63060.187  28.228  28.095  27.973   6629.82     3631.0  orange 
 63060.187  28.236  28.102  27.982   6198.96     3631.0       r 
 63060.187  28.245   28.11  27.992   7645.77     3631.0       i 
 63060.187  28.303  28.179  28.054   5182.42     3631.0    cyan 
 63060.187  28.355  28.221  28.099  10023.96     3631.0       z 
 63060.187  28.383  28.257  28.143   4746.48     3631.0   g-P48 
 63060.187  28.391  28.264  28.147   4735.89     3631.0       g 
 63062.425  28.231  28.094  27.974   6366.38     3631.0   r-P48 
 63062.425  28.231  28.098  27.977   6629.82     3631.0  orange 
 63062.425  28.239  28.106  27.986   6198.96     3631.0       r 
 63062.425  28.249  28.113  27.995   7645.77     3631.0       i 
 63062.425  28.307  28.183  28.058   5182.42     3631.0    cyan 
 63062.425  28.359  28.224  28.102  10023.96     3631.0       z 
 63062.425  28.387   28.26  28.146   4746.48     3631.0   g-P48 
 63062.425  28.395  28.267  28.151   4735.89     3631.0       g 
 63064.664  28.234  28.097  27.978   6366.38     3631.0   r-P48 
 63064.664  28.235  28.102   27.98   6629.82     3631.0  orange 
 63064.664  28.243  28.109  27.989   6198.96     3631.0       r 
 63064.664  28.252  28.117  27.999   7645.77     3631.0       i 
 63064.664   28.31  28.186  28.061   5182.42     3631.0    cyan 
 63064.664  28.362  28.228  28.106  10023.96     3631.0       z 
 63064.664   28.39  28.263   28.15   4746.48     3631.0   g-P48 
 63064.664  28.398  28.271  28.154   4735.89     3631.0       g 
 63066.902  28.237  28.101  27.981   6366.38     3631.0   r-P48 
 63066.902  28.238  28.105  27.984   6629.82     3631.0  orange 
 63066.902  28.246  28.113  27.992   6198.96     3631.0       r 
 63066.902  28.256   28.12  28.002   7645.77     3631.0       i 
 63066.902  28.313   28.19  28.065   5182.42     3631.0    cyan 
 63066.902  28.365  28.231  28.109  10023.96     3631.0       z 
 63066.902  28.393  28.267  28.153   4746.48     3631.0   g-P48 
 63066.902  28.402  28.274  28.157   4735.89     3631.0       g 
  63069.14  28.241  28.104  27.984   6366.38     3631.0   r-P48 
  63069.14  28.242  28.108  27.987   6629.82     3631.0  orange 
  63069.14   28.25  28.116  27.996   6198.96     3631.0       r 
  63069.14  28.259  28.123  28.005   7645.77     3631.0       i 
  63069.14  28.317  28.193  28.068   5182.42     3631.0    cyan 
  63069.14  28.369  28.235  28.112  10023.96     3631.0       z 
  63069.14  28.397   28.27  28.156   4746.48     3631.0   g-P48 
  63069.14  28.405  28.278  28.161   4735.89     3631.0       g 
 63071.379  28.244  28.108  27.988   6366.38     3631.0   r-P48 
 63071.379  28.245  28.112   27.99   6629.82     3631.0  orange 
 63071.379  28.253  28.119  27.999   6198.96     3631.0       r 
 63071.379  28.263  28.127  28.009   7645.77     3631.0       i 
 63071.379   28.32  28.196  28.071   5182.42     3631.0    cyan 
 63071.379  28.372  28.238  28.116  10023.96     3631.0       z 
 63071.379    28.4  28.274   28.16   4746.48     3631.0   g-P48 
 63071.379  28.408  28.281  28.164   4735.89     3631.0       g 
 63073.617  28.248  28.111  27.991   6366.38     3631.0   r-P48 
 63073.617  28.249  28.115  27.994   6629.82     3631.0  orange 
 63073.617  28.257  28.123  28.003   6198.96     3631.0       r 
 63073.617  28.266   28.13  28.012   7645.77     3631.0       i 
 63073.617  28.324    28.2  28.075   5182.42     3631.0    cyan 
 63073.617  28.376  28.241  28.119  10023.96     3631.0       z 
 63073.617  28.404  28.277  28.163   4746.48     3631.0   g-P48 
 63073.617  28.412  28.284  28.168   4735.89     3631.0       g 
 63075.856  28.251  28.114  27.994   6366.38     3631.0   r-P48 
 63075.856  28.252  28.119  27.997   6629.82     3631.0  orange 
 63075.856   28.26  28.126  28.006   6198.96     3631.0       r 
 63075.856  28.269  28.134  28.016   7645.77     3631.0       i 
 63075.856  28.327  28.203  28.078   5182.42     3631.0    cyan 
 63075.856  28.379  28.245  28.123  10023.96     3631.0       z 
 63075.856  28.407  28.281  28.167   4746.48     3631.0   g-P48 
 63075.856  28.415  28.288  28.171   4735.89     3631.0       g 
 63078.094  28.254  28.118  27.998   6366.38     3631.0   r-P48 
 63078.094  28.255  28.122    28.0   6629.82     3631.0  orange 
 63078.094  28.263   28.13  28.009   6198.96     3631.0       r 
 63078.094  28.273  28.137  28.019   7645.77     3631.0       i 
 63078.094   28.33  28.207  28.081   5182.42     3631.0    cyan 
 63078.094  28.382  28.248  28.126  10023.96     3631.0       z 
 63078.094   28.41  28.284   28.17   4746.48     3631.0   g-P48 
 63078.094  28.419  28.291  28.174   4735.89     3631.0       g 
 63080.332  28.258  28.121  28.001   6366.38     3631.0   r-P48 
 63080.332  28.259  28.125  28.004   6629.82     3631.0  orange 
 63080.332  28.267  28.133  28.013   6198.96     3631.0       r 
 63080.332  28.276   28.14  28.022   7645.77     3631.0       i 
 63080.332  28.334   28.21  28.085   5182.42     3631.0    cyan 
 63080.332  28.386  28.252  28.129  10023.96     3631.0       z 
 63080.332  28.414  28.287  28.173   4746.48     3631.0   g-P48 
 63080.332  28.422  28.295  28.178   4735.89     3631.0       g 
 63082.571  28.261  28.125  28.005   6366.38     3631.0   r-P48 
 63082.571  28.262  28.129  28.007   6629.82     3631.0  orange 
 63082.571   28.27  28.137  28.016   6198.96     3631.0       r 
 63082.571   28.28  28.144  28.026   7645.77     3631.0       i 
 63082.571  28.337  28.213  28.088   5182.42     3631.0    cyan 
 63082.571  28.389  28.255  28.133  10023.96     3631.0       z 
 63082.571  28.417  28.291  28.177   4746.48     3631.0   g-P48 
 63082.571  28.425  28.298  28.181   4735.89     3631.0       g 
 63084.809  28.265  28.128  28.008   6366.38     3631.0   r-P48 
 63084.809  28.266  28.132  28.011   6629.82     3631.0  orange 
 63084.809  28.274   28.14  28.019   6198.96     3631.0       r 
 63084.809  28.283  28.147  28.029   7645.77     3631.0       i 
 63084.809  28.341  28.217  28.092   5182.42     3631.0    cyan 
 63084.809  28.393  28.258  28.136  10023.96     3631.0       z 
 63084.809  28.421  28.294   28.18   4746.48     3631.0   g-P48 
 63084.809  28.429  28.301  28.184   4735.89     3631.0       g 
 63087.047  28.268  28.131  28.011   6366.38     3631.0   r-P48 
 63087.047  28.269  28.136  28.014   6629.82     3631.0  orange 
 63087.047  28.277  28.143  28.023   6198.96     3631.0       r 
 63087.047  28.286  28.151  28.033   7645.77     3631.0       i 
 63087.047  28.344   28.22  28.095   5182.42     3631.0    cyan 
 63087.047  28.396  28.262  28.139  10023.96     3631.0       z 
 63087.047  28.424  28.297  28.184   4746.48     3631.0   g-P48 
 63087.047  28.432  28.305  28.188   4735.89     3631.0       g 
 63089.286  28.271  28.135  28.015   6366.38     3631.0   r-P48 
 63089.286  28.273  28.139  28.017   6629.82     3631.0  orange 
 63089.286  28.281  28.147  28.026   6198.96     3631.0       r 
 63089.286   28.29  28.154  28.036   7645.77     3631.0       i 
 63089.286  28.347  28.224  28.098   5182.42     3631.0    cyan 
 63089.286  28.399  28.265  28.143  10023.96     3631.0       z 
 63089.286  28.427  28.301  28.187   4746.48     3631.0   g-P48 
 63089.286  28.436  28.308  28.191   4735.89     3631.0       g 
 63091.524  28.275  28.138  28.018   6366.38     3631.0   r-P48 
 63091.524  28.276  28.142  28.021   6629.82     3631.0  orange 
 63091.524  28.284   28.15   28.03   6198.96     3631.0       r 
 63091.524  28.293  28.157  28.039   7645.77     3631.0       i 
 63091.524  28.351  28.227  28.102   5182.42     3631.0    cyan 
 63091.524  28.403  28.269  28.146  10023.96     3631.0       z 
 63091.524  28.431  28.304   28.19   4746.48     3631.0   g-P48 
 63091.524  28.439  28.312  28.195   4735.89     3631.0       g 
 63093.762  28.278  28.142  28.021   6366.38     3631.0   r-P48 
 63093.762  28.279  28.146  28.024   6629.82     3631.0  orange 
 63093.762  28.287  28.154  28.033   6198.96     3631.0       r 
 63093.762  28.297  28.161  28.043   7645.77     3631.0       i 
 63093.762  28.354   28.23  28.105   5182.42     3631.0    cyan 
 63093.762  28.406  28.272   28.15  10023.96     3631.0       z 
 63093.762  28.434  28.308  28.194   4746.48     3631.0   g-P48 
 63093.762  28.442  28.315  28.198   4735.89     3631.0       g 
 63096.001  28.282  28.145  28.025   6366.38     3631.0   r-P48 
 63096.001  28.283  28.149  28.027   6629.82     3631.0  orange 
 63096.001  28.291  28.157  28.036   6198.96     3631.0       r 
 63096.001    28.3  28.164  28.046   7645.77     3631.0       i 
 63096.001  28.358  28.234  28.108   5182.42     3631.0    cyan 
 63096.001   28.41  28.275  28.153  10023.96     3631.0       z 
 63096.001  28.438  28.311  28.197   4746.48     3631.0   g-P48 
 63096.001  28.446  28.318  28.201   4735.89     3631.0       g 
 63098.239  28.285  28.148  28.028   6366.38     3631.0   r-P48 
 63098.239  28.286  28.152  28.031   6629.82     3631.0  orange 
 63098.239  28.294   28.16   28.04   6198.96     3631.0       r 
 63098.239  28.303  28.167  28.049   7645.77     3631.0       i 
 63098.239  28.361  28.237  28.112   5182.42     3631.0    cyan 
 63098.239  28.413  28.279  28.156  10023.96     3631.0       z 
 63098.239  28.441  28.314    28.2   4746.48     3631.0   g-P48 
 63098.239  28.449  28.322  28.205   4735.89     3631.0       g 
 63100.477  28.288  28.152  28.031   6366.38     3631.0   r-P48 
 63100.477   28.29  28.156  28.034   6629.82     3631.0  orange 
 63100.477  28.298  28.164  28.043   6198.96     3631.0       r 
 63100.477  28.307  28.171  28.053   7645.77     3631.0       i 
 63100.477  28.364   28.24  28.115   5182.42     3631.0    cyan 
 63100.477  28.416  28.282   28.16  10023.96     3631.0       z 
 63100.477  28.444  28.318  28.204   4746.48     3631.0   g-P48 
 63100.477  28.453  28.325  28.208   4735.89     3631.0       g 
 63102.716  28.292  28.155  28.035   6366.38     3631.0   r-P48 
 63102.716  28.293  28.159  28.037   6629.82     3631.0  orange 
 63102.716  28.301  28.167  28.046   6198.96     3631.0       r 
 63102.716   28.31  28.174  28.056   7645.77     3631.0       i 
 63102.716  28.368  28.244  28.118   5182.42     3631.0    cyan 
 63102.716   28.42  28.285  28.163  10023.96     3631.0       z 
 63102.716  28.448  28.321  28.207   4746.48     3631.0   g-P48 
 63102.716  28.456  28.328  28.211   4735.89     3631.0       g 
 63104.954  28.295  28.159  28.038   6366.38     3631.0   r-P48 
 63104.954  28.296  28.163  28.041   6629.82     3631.0  orange 
 63104.954  28.304   28.17   28.05   6198.96     3631.0       r 
 63104.954  28.314  28.178  28.059   7645.77     3631.0       i 
 63104.954  28.371  28.247  28.122   5182.42     3631.0    cyan 
 63104.954  28.423  28.289  28.166  10023.96     3631.0       z 
 63104.954  28.451  28.324   28.21   4746.48     3631.0   g-P48 
 63104.954  28.459  28.332  28.215   4735.89     3631.0       g 
 63107.192  28.299  28.162  28.041   6366.38     3631.0   r-P48 
 63107.192    28.3  28.166  28.044   6629.82     3631.0  orange 
 63107.192  28.308  28.174  28.053   6198.96     3631.0       r 
 63107.192  28.317  28.181  28.063   7645.77     3631.0       i 
 63107.192  28.374  28.251  28.125   5182.42     3631.0    cyan 
 63107.192  28.426  28.292   28.17  10023.96     3631.0       z 
 63107.192  28.454  28.328  28.214   4746.48     3631.0   g-P48 
 63107.192  28.463  28.335  28.218   4735.89     3631.0       g 
 63109.431  28.302  28.165  28.045   6366.38     3631.0   r-P48 
 63109.431  28.303  28.169  28.047   6629.82     3631.0  orange 
 63109.431  28.311  28.177  28.056   6198.96     3631.0       r 
 63109.431   28.32  28.184  28.066   7645.77     3631.0       i 
 63109.431  28.378  28.254  28.128   5182.42     3631.0    cyan 
 63109.431   28.43  28.296  28.173  10023.96     3631.0       z 
 63109.431  28.458  28.331  28.217   4746.48     3631.0   g-P48 
 63109.431  28.466  28.339  28.221   4735.89     3631.0       g 
 63111.669  28.305  28.169  28.048   6366.38     3631.0   r-P48 
 63111.669  28.307  28.173  28.051   6629.82     3631.0  orange 
 63111.669  28.314  28.181   28.06   6198.96     3631.0       r 
 63111.669  28.324  28.188  28.069   7645.77     3631.0       i 
 63111.669  28.381  28.257  28.132   5182.42     3631.0    cyan 
 63111.669  28.433  28.299  28.177  10023.96     3631.0       z 
 63111.669  28.461  28.335   28.22   4746.48     3631.0   g-P48 
 63111.669  28.469  28.342  28.225   4735.89     3631.0       g 
 63113.907  28.309  28.172  28.051   6366.38     3631.0   r-P48 
 63113.907   28.31  28.176  28.054   6629.82     3631.0  orange 
 63113.907  28.318  28.184  28.063   6198.96     3631.0       r 
 63113.907  28.327  28.191  28.073   7645.77     3631.0       i 
 63113.907  28.385  28.261  28.135   5182.42     3631.0    cyan 
 63113.907  28.437  28.302   28.18  10023.96     3631.0       z 
 63113.907  28.465  28.338  28.224   4746.48     3631.0   g-P48 
 63113.907  28.473  28.345  28.228   4735.89     3631.0       g 
 63116.146  28.312  28.175  28.055   6366.38     3631.0   r-P48 
 63116.146  28.313  28.179  28.057   6629.82     3631.0  orange 
 63116.146  28.321  28.187  28.066   6198.96     3631.0       r 
 63116.146   28.33  28.194  28.076   7645.77     3631.0       i 
 63116.146  28.388  28.264  28.138   5182.42     3631.0    cyan 
 63116.146   28.44  28.306  28.183  10023.96     3631.0       z 
 63116.146  28.468  28.341  28.227   4746.48     3631.0   g-P48 
 63116.146  28.476  28.349  28.232   4735.89     3631.0       g 
 63118.384  28.315  28.179  28.058   6366.38     3631.0   r-P48 
 63118.384  28.317  28.183  28.061   6629.82     3631.0  orange 
 63118.384  28.325  28.191   28.07   6198.96     3631.0       r 
 63118.384  28.334  28.198  28.079   7645.77     3631.0       i 
 63118.384  28.391  28.267  28.142   5182.42     3631.0    cyan 
 63118.384  28.443  28.309  28.187  10023.96     3631.0       z 
 63118.384  28.471  28.345   28.23   4746.48     3631.0   g-P48 
 63118.384   28.48  28.352  28.235   4735.89     3631.0       g 
 63120.623  28.319  28.182  28.061   6366.38     3631.0   r-P48 
 63120.623   28.32  28.186  28.064   6629.82     3631.0  orange 
 63120.623  28.328  28.194  28.073   6198.96     3631.0       r 
 63120.623  28.337  28.201  28.083   7645.77     3631.0       i 
 63120.623  28.395  28.271  28.145   5182.42     3631.0    cyan 
 63120.623  28.447  28.312   28.19  10023.96     3631.0       z 
 63120.623  28.475  28.348  28.234   4746.48     3631.0   g-P48 
 63120.623  28.483  28.355  28.238   4735.89     3631.0       g 
 63122.861  28.322  28.186  28.065   6366.38     3631.0   r-P48 
 63122.861  28.323  28.189  28.067   6629.82     3631.0  orange 
 63122.861  28.331  28.197  28.076   6198.96     3631.0       r 
 63122.861  28.341  28.204  28.086   7645.77     3631.0       i 
 63122.861  28.398  28.274  28.148   5182.42     3631.0    cyan 
 63122.861   28.45  28.316  28.193  10023.96     3631.0       z 
 63122.861  28.478  28.351  28.237   4746.48     3631.0   g-P48 
 63122.861  28.486  28.359  28.242   4735.89     3631.0       g 
 63125.099  28.325  28.189  28.068   6366.38     3631.0   r-P48 
 63125.099  28.327  28.193  28.071   6629.82     3631.0  orange 
 63125.099  28.335  28.201   28.08   6198.96     3631.0       r 
 63125.099  28.344  28.208  28.089   7645.77     3631.0       i 
 63125.099  28.401  28.277  28.152   5182.42     3631.0    cyan 
 63125.099  28.453  28.319  28.197  10023.96     3631.0       z 
 63125.099  28.481  28.355   28.24   4746.48     3631.0   g-P48 
 63125.099   28.49  28.362  28.245   4735.89     3631.0       g 
 63127.338  28.329  28.192  28.071   6366.38     3631.0   r-P48 
 63127.338   28.33  28.196  28.074   6629.82     3631.0  orange 
 63127.338  28.338  28.204  28.083   6198.96     3631.0       r 
 63127.338  28.347  28.211  28.093   7645.77     3631.0       i 
 63127.338  28.405  28.281  28.155   5182.42     3631.0    cyan 
 63127.338  28.457  28.322    28.2  10023.96     3631.0       z 
 63127.338  28.485  28.358  28.244   4746.48     3631.0   g-P48 
 63127.338  28.493  28.365  28.248   4735.89     3631.0       g 
 63129.576  28.332  28.196  28.075   6366.38     3631.0   r-P48 
 63129.576  28.334  28.199  28.077   6629.82     3631.0  orange 
 63129.576  28.341  28.207  28.086   6198.96     3631.0       r 
 63129.576  28.351  28.214  28.096   7645.77     3631.0       i 
 63129.576  28.408  28.284  28.158   5182.42     3631.0    cyan 
 63129.576   28.46  28.326  28.203  10023.96     3631.0       z 
 63129.576  28.488  28.361  28.247   4746.48     3631.0   g-P48 
 63129.576  28.496  28.369  28.251   4735.89     3631.0       g 
 63131.814  28.335  28.199  28.078   6366.38     3631.0   r-P48 
 63131.814  28.337  28.203  28.081   6629.82     3631.0  orange 
 63131.814  28.345  28.211   28.09   6198.96     3631.0       r 
 63131.814  28.354  28.218  28.099   7645.77     3631.0       i 
 63131.814  28.411  28.287  28.162   5182.42     3631.0    cyan 
 63131.814  28.463  28.329  28.207  10023.96     3631.0       z 
 63131.814  28.491  28.365   28.25   4746.48     3631.0   g-P48 
 63131.814    28.5  28.372  28.255   4735.89     3631.0       g 
 63134.053  28.339  28.202  28.081   6366.38     3631.0   r-P48 
 63134.053   28.34  28.206  28.084   6629.82     3631.0  orange 
 63134.053  28.348  28.214  28.093   6198.96     3631.0       r 
 63134.053  28.357  28.221  28.103   7645.77     3631.0       i 
 63134.053  28.415  28.291  28.165   5182.42     3631.0    cyan 
 63134.053  28.467  28.332   28.21  10023.96     3631.0       z 
 63134.053  28.495  28.368  28.254   4746.48     3631.0   g-P48 
 63134.053  28.503  28.375  28.258   4735.89     3631.0       g 
 63136.291  28.342  28.206  28.085   6366.38     3631.0   r-P48 
 63136.291  28.344  28.209  28.087   6629.82     3631.0  orange 
 63136.291  28.352  28.217  28.096   6198.96     3631.0       r 
 63136.291  28.361  28.224  28.106   7645.77     3631.0       i 
 63136.291  28.418  28.294  28.168   5182.42     3631.0    cyan 
 63136.291   28.47  28.336  28.213  10023.96     3631.0       z 
 63136.291  28.498  28.371  28.257   4746.48     3631.0   g-P48 
 63136.291  28.506  28.379  28.261   4735.89     3631.0       g 
 63138.529  28.346  28.209  28.088   6366.38     3631.0   r-P48 
 63138.529  28.347  28.213  28.091   6629.82     3631.0  orange 
 63138.529  28.355  28.221    28.1   6198.96     3631.0       r 
 63138.529  28.364  28.228  28.109   7645.77     3631.0       i 
 63138.529  28.421  28.297  28.171   5182.42     3631.0    cyan 
 63138.529  28.473  28.339  28.217  10023.96     3631.0       z 
 63138.529  28.501  28.375   28.26   4746.48     3631.0   g-P48 
 63138.529   28.51  28.382  28.265   4735.89     3631.0       g 
 63140.768  28.349  28.212  28.091   6366.38     3631.0   r-P48 
 63140.768   28.35  28.216  28.094   6629.82     3631.0  orange 
 63140.768  28.358  28.224  28.103   6198.96     3631.0       r 
 63140.768  28.367  28.231  28.113   7645.77     3631.0       i 
 63140.768  28.425  28.301  28.175   5182.42     3631.0    cyan 
 63140.768  28.477  28.342   28.22  10023.96     3631.0       z 
 63140.768  28.505  28.378  28.264   4746.48     3631.0   g-P48 
 63140.768  28.513  28.385  28.268   4735.89     3631.0       g 
 63143.006  28.352  28.216  28.095   6366.38     3631.0   r-P48 
 63143.006  28.354  28.219  28.097   6629.82     3631.0  orange 
 63143.006  28.362  28.228  28.106   6198.96     3631.0       r 
 63143.006  28.371  28.234  28.116   7645.77     3631.0       i 
 63143.006  28.428  28.304  28.178   5182.42     3631.0    cyan 
 63143.006   28.48  28.346  28.223  10023.96     3631.0       z 
 63143.006  28.508  28.381  28.267   4746.48     3631.0   g-P48 
 63143.006  28.516  28.389  28.271   4735.89     3631.0       g 
 63145.244  28.356  28.219  28.098   6366.38     3631.0   r-P48 
 63145.244  28.357  28.223    28.1   6629.82     3631.0  orange 
 63145.244  28.365  28.231  28.109   6198.96     3631.0       r 
 63145.244  28.374  28.238  28.119   7645.77     3631.0       i 
 63145.244  28.432  28.307  28.181   5182.42     3631.0    cyan 
 63145.244  28.483  28.349  28.227  10023.96     3631.0       z 
 63145.244  28.511  28.385   28.27   4746.48     3631.0   g-P48 
 63145.244   28.52  28.392  28.275   4735.89     3631.0       g 
 63147.483  28.359  28.222  28.101   6366.38     3631.0   r-P48 
 63147.483   28.36  28.226  28.104   6629.82     3631.0  orange 
 63147.483  28.368  28.234  28.113   6198.96     3631.0       r 
 63147.483  28.377  28.241  28.123   7645.77     3631.0       i 
 63147.483  28.435  28.311  28.185   5182.42     3631.0    cyan 
 63147.483  28.487  28.352   28.23  10023.96     3631.0       z 
 63147.483  28.515  28.388  28.274   4746.48     3631.0   g-P48 
 63147.483  28.523  28.395  28.278   4735.89     3631.0       g 
 63149.721  28.362  28.226  28.104   6366.38     3631.0   r-P48 
 63149.721  28.364  28.229  28.107   6629.82     3631.0  orange 
 63149.721  28.372  28.238  28.116   6198.96     3631.0       r 
 63149.721  28.381  28.244  28.126   7645.77     3631.0       i 
 63149.721  28.438  28.314  28.188   5182.42     3631.0    cyan 
 63149.721   28.49  28.356  28.233  10023.96     3631.0       z 
 63149.721  28.518  28.391  28.277   4746.48     3631.0   g-P48 
 63149.721  28.526  28.399  28.281   4735.89     3631.0       g 
 63151.959  28.365  28.229  28.108   6366.38     3631.0   r-P48 
 63151.959  28.367  28.233   28.11   6629.82     3631.0  orange 
 63151.959  28.375  28.241  28.119   6198.96     3631.0       r 
 63151.959  28.384  28.248  28.129   7645.77     3631.0       i 
 63151.959  28.442  28.317  28.191   5182.42     3631.0    cyan 
 63151.959  28.493  28.359  28.236  10023.96     3631.0       z 
 63151.959  28.521  28.394   28.28   4746.48     3631.0   g-P48 
 63151.959   28.53  28.402  28.285   4735.89     3631.0       g 
 63154.198  28.369  28.232  28.111   6366.38     3631.0   r-P48 
 63154.198   28.37  28.236  28.114   6629.82     3631.0  orange 
 63154.198  28.378  28.244  28.123   6198.96     3631.0       r 
 63154.198  28.387  28.251  28.132   7645.77     3631.0       i 
 63154.198  28.445  28.321  28.195   5182.42     3631.0    cyan 
 63154.198  28.497  28.362   28.24  10023.96     3631.0       z 
 63154.198  28.525  28.398  28.284   4746.48     3631.0   g-P48 
 63154.198  28.533  28.405  28.288   4735.89     3631.0       g 
 63156.436  28.372  28.236  28.114   6366.38     3631.0   r-P48 
 63156.436  28.374  28.239  28.117   6629.82     3631.0  orange 
 63156.436  28.382  28.247  28.126   6198.96     3631.0       r 
 63156.436  28.391  28.254  28.136   7645.77     3631.0       i 
 63156.436  28.448  28.324  28.198   5182.42     3631.0    cyan 
 63156.436    28.5  28.366  28.243  10023.96     3631.0       z 
 63156.436  28.528  28.401  28.287   4746.48     3631.0   g-P48 
 63156.436  28.536  28.409  28.291   4735.89     3631.0       g 
 63158.675  28.375  28.239  28.118   6366.38     3631.0   r-P48 
 63158.675  28.377  28.243   28.12   6629.82     3631.0  orange 
 63158.675  28.385  28.251  28.129   6198.96     3631.0       r 
 63158.675  28.394  28.257  28.139   7645.77     3631.0       i 
 63158.675  28.452  28.327  28.201   5182.42     3631.0    cyan 
 63158.675  28.503  28.369  28.246  10023.96     3631.0       z 
 63158.675  28.531  28.404   28.29   4746.48     3631.0   g-P48 
 63158.675   28.54  28.412  28.294   4735.89     3631.0       g 
 63160.913  28.379  28.242  28.121   6366.38     3631.0   r-P48 
 63160.913   28.38  28.246  28.124   6629.82     3631.0  orange 
 63160.913  28.388  28.254  28.132   6198.96     3631.0       r 
 63160.913  28.397  28.261  28.142   7645.77     3631.0       i 
 63160.913  28.455  28.331  28.204   5182.42     3631.0    cyan 
 63160.913  28.507  28.372   28.25  10023.96     3631.0       z 
 63160.913  28.535  28.408  28.293   4746.48     3631.0   g-P48 
 63160.913  28.543  28.415  28.298   4735.89     3631.0       g 
 63163.151  28.382  28.246  28.124   6366.38     3631.0   r-P48 
 63163.151  28.384  28.249  28.127   6629.82     3631.0  orange 
 63163.151  28.392  28.257  28.136   6198.96     3631.0       r 
 63163.151  28.401  28.264  28.146   7645.77     3631.0       i 
 63163.151  28.458  28.334  28.208   5182.42     3631.0    cyan 
 63163.151   28.51  28.375  28.253  10023.96     3631.0       z 
 63163.151  28.538  28.411  28.297   4746.48     3631.0   g-P48 
 63163.151  28.546  28.418  28.301   4735.89     3631.0       g 
  63165.39  28.385  28.249  28.127   6366.38     3631.0   r-P48 
  63165.39  28.387  28.253   28.13   6629.82     3631.0  orange 
  63165.39  28.395  28.261  28.139   6198.96     3631.0       r 
  63165.39  28.404  28.267  28.149   7645.77     3631.0       i 
  63165.39  28.461  28.337  28.211   5182.42     3631.0    cyan 
  63165.39  28.513  28.379  28.256  10023.96     3631.0       z 
  63165.39  28.541  28.414    28.3   4746.48     3631.0   g-P48 
  63165.39   28.55  28.422  28.304   4735.89     3631.0       g 
 63167.628  28.389  28.252  28.131   6366.38     3631.0   r-P48 
 63167.628   28.39  28.256  28.133   6629.82     3631.0  orange 
 63167.628  28.398  28.264  28.142   6198.96     3631.0       r 
 63167.628  28.407  28.271  28.152   7645.77     3631.0       i 
 63167.628  28.465   28.34  28.214   5182.42     3631.0    cyan 
 63167.628  28.517  28.382   28.26  10023.96     3631.0       z 
 63167.628  28.545  28.418  28.303   4746.48     3631.0   g-P48 
 63167.628  28.553  28.425  28.308   4735.89     3631.0       g 
 63169.866  28.392  28.255  28.134   6366.38     3631.0   r-P48 
 63169.866  28.394  28.259  28.137   6629.82     3631.0  orange 
 63169.866  28.402  28.267  28.146   6198.96     3631.0       r 
 63169.866  28.411  28.274  28.155   7645.77     3631.0       i 
 63169.866  28.468  28.344  28.217   5182.42     3631.0    cyan 
 63169.866   28.52  28.385  28.263  10023.96     3631.0       z 
 63169.866  28.548  28.421  28.307   4746.48     3631.0   g-P48 
 63169.866  28.556  28.428  28.311   4735.89     3631.0       g 
 63172.105  28.395  28.259  28.137   6366.38     3631.0   r-P48 
 63172.105  28.397  28.262   28.14   6629.82     3631.0  orange 
 63172.105  28.405  28.271  28.149   6198.96     3631.0       r 
 63172.105  28.414  28.277  28.159   7645.77     3631.0       i 
 63172.105  28.471  28.347  28.221   5182.42     3631.0    cyan 
 63172.105  28.523  28.389  28.266  10023.96     3631.0       z 
 63172.105  28.551  28.424   28.31   4746.48     3631.0   g-P48 
 63172.105   28.56  28.432  28.314   4735.89     3631.0       g 
 63174.343  28.399  28.262   28.14   6366.38     3631.0   r-P48 
 63174.343    28.4  28.266  28.143   6629.82     3631.0  orange 
 63174.343  28.408  28.274  28.152   6198.96     3631.0       r 
 63174.343  28.417  28.281  28.162   7645.77     3631.0       i 
 63174.343  28.475   28.35  28.224   5182.42     3631.0    cyan 
 63174.343  28.526  28.392  28.269  10023.96     3631.0       z 
 63174.343  28.554  28.427  28.313   4746.48     3631.0   g-P48 
 63174.343  28.563  28.435  28.317   4735.89     3631.0       g 
 63176.581  28.402  28.265  28.144   6366.38     3631.0   r-P48 
 63176.581  28.404  28.269  28.146   6629.82     3631.0  orange 
 63176.581  28.411  28.277  28.155   6198.96     3631.0       r 
 63176.581  28.421  28.284  28.165   7645.77     3631.0       i 
 63176.581  28.478  28.354  28.227   5182.42     3631.0    cyan 
 63176.581   28.53  28.395  28.273  10023.96     3631.0       z 
 63176.581  28.558  28.431  28.316   4746.48     3631.0   g-P48 
 63176.581  28.566  28.438  28.321   4735.89     3631.0       g 
  63178.82  28.405  28.269  28.147   6366.38     3631.0   r-P48 
  63178.82  28.407  28.272   28.15   6629.82     3631.0  orange 
  63178.82  28.415  28.281  28.159   6198.96     3631.0       r 
  63178.82  28.424  28.287  28.168   7645.77     3631.0       i 
  63178.82  28.481  28.357   28.23   5182.42     3631.0    cyan 
  63178.82  28.533  28.399  28.276  10023.96     3631.0       z 
  63178.82  28.561  28.434   28.32   4746.48     3631.0   g-P48 
  63178.82  28.569  28.442  28.324   4735.89     3631.0       g 
 63181.058  28.408  28.272   28.15   6366.38     3631.0   r-P48 
 63181.058   28.41  28.276  28.153   6629.82     3631.0  orange 
 63181.058  28.418  28.284  28.162   6198.96     3631.0       r 
 63181.058  28.427   28.29  28.172   7645.77     3631.0       i 
 63181.058  28.485   28.36  28.234   5182.42     3631.0    cyan 
 63181.058  28.536  28.402  28.279  10023.96     3631.0       z 
 63181.058  28.564  28.437  28.323   4746.48     3631.0   g-P48 
 63181.058  28.573  28.445  28.327   4735.89     3631.0       g 
 63183.296  28.412  28.275  28.154   6366.38     3631.0   r-P48 
 63183.296  28.414  28.279  28.156   6629.82     3631.0  orange 
 63183.296  28.421  28.287  28.165   6198.96     3631.0       r 
 63183.296   28.43  28.294  28.175   7645.77     3631.0       i 
 63183.296  28.488  28.363  28.237   5182.42     3631.0    cyan 
 63183.296   28.54  28.405  28.282  10023.96     3631.0       z 
 63183.296  28.568  28.441  28.326   4746.48     3631.0   g-P48 
 63183.296  28.576  28.448  28.331   4735.89     3631.0       g 
 63185.535  28.415  28.279  28.157   6366.38     3631.0   r-P48 
 63185.535  28.417  28.282  28.159   6629.82     3631.0  orange 
 63185.535  28.425   28.29  28.168   6198.96     3631.0       r 
 63185.535  28.434  28.297  28.178   7645.77     3631.0       i 
 63185.535  28.491  28.367   28.24   5182.42     3631.0    cyan 
 63185.535  28.543  28.408  28.286  10023.96     3631.0       z 
 63185.535  28.571  28.444  28.329   4746.48     3631.0   g-P48 
 63185.535  28.579  28.451  28.334   4735.89     3631.0       g 
 63187.773  28.418  28.282   28.16   6366.38     3631.0   r-P48 
 63187.773   28.42  28.285  28.163   6629.82     3631.0  orange 
 63187.773  28.428  28.294  28.172   6198.96     3631.0       r 
 63187.773  28.437    28.3  28.181   7645.77     3631.0       i 
 63187.773  28.495   28.37  28.243   5182.42     3631.0    cyan 
 63187.773  28.546  28.412  28.289  10023.96     3631.0       z 
 63187.773  28.574  28.447  28.333   4746.48     3631.0   g-P48 
 63187.773  28.583  28.455  28.337   4735.89     3631.0       g 
 63190.011  28.422  28.285  28.163   6366.38     3631.0   r-P48 
 63190.011  28.423  28.289  28.166   6629.82     3631.0  orange 
 63190.011  28.431  28.297  28.175   6198.96     3631.0       r 
 63190.011   28.44  28.303  28.185   7645.77     3631.0       i 
 63190.011  28.498  28.373  28.247   5182.42     3631.0    cyan 
 63190.011  28.549  28.415  28.292  10023.96     3631.0       z 
 63190.011  28.577   28.45  28.336   4746.48     3631.0   g-P48 
 63190.011  28.586  28.458   28.34   4735.89     3631.0       g 
  63192.25  28.425  28.288  28.166   6366.38     3631.0   r-P48 
  63192.25  28.427  28.292  28.169   6629.82     3631.0  orange 
  63192.25  28.435    28.3  28.178   6198.96     3631.0       r 
  63192.25  28.444  28.307  28.188   7645.77     3631.0       i 
  63192.25  28.501  28.377   28.25   5182.42     3631.0    cyan 
  63192.25  28.553  28.418  28.296  10023.96     3631.0       z 
  63192.25  28.581  28.454  28.339   4746.48     3631.0   g-P48 
  63192.25  28.589  28.461  28.344   4735.89     3631.0       g 
 63194.488  28.428  28.292   28.17   6366.38     3631.0   r-P48 
 63194.488   28.43  28.295  28.172   6629.82     3631.0  orange 
 63194.488  28.438  28.304  28.181   6198.96     3631.0       r 
 63194.488  28.447   28.31  28.191   7645.77     3631.0       i 
 63194.488  28.504   28.38  28.253   5182.42     3631.0    cyan 
 63194.488  28.556  28.421  28.299  10023.96     3631.0       z 
 63194.488  28.584  28.457  28.342   4746.48     3631.0   g-P48 
 63194.488  28.592  28.464  28.347   4735.89     3631.0       g 
 63196.726  28.431  28.295  28.173   6366.38     3631.0   r-P48 
 63196.726  28.433  28.298  28.176   6629.82     3631.0  orange 
 63196.726  28.441  28.307  28.185   6198.96     3631.0       r 
 63196.726   28.45  28.313  28.194   7645.77     3631.0       i 
 63196.726  28.508  28.383  28.256   5182.42     3631.0    cyan 
 63196.726  28.559  28.425  28.302  10023.96     3631.0       z 
 63196.726  28.587   28.46  28.346   4746.48     3631.0   g-P48 
 63196.726  28.596  28.468   28.35   4735.89     3631.0       g 
 63198.965  28.435  28.298  28.176   6366.38     3631.0   r-P48 
 63198.965  28.437  28.302  28.179   6629.82     3631.0  orange 
 63198.965  28.444   28.31  28.188   6198.96     3631.0       r 
 63198.965  28.453  28.316  28.198   7645.77     3631.0       i 
 63198.965  28.511  28.386   28.26   5182.42     3631.0    cyan 
 63198.965  28.563  28.428  28.305  10023.96     3631.0       z 
 63198.965   28.59  28.463  28.349   4746.48     3631.0   g-P48 
 63198.965  28.599  28.471  28.353   4735.89     3631.0       g 
 63201.203  28.438  28.301  28.179   6366.38     3631.0   r-P48 
 63201.203   28.44  28.305  28.182   6629.82     3631.0  orange 
 63201.203  28.448  28.313  28.191   6198.96     3631.0       r 
 63201.203  28.457   28.32  28.201   7645.77     3631.0       i 
 63201.203  28.514   28.39  28.263   5182.42     3631.0    cyan 
 63201.203  28.566  28.431  28.309  10023.96     3631.0       z 
 63201.203  28.594  28.467  28.352   4746.48     3631.0   g-P48 
 63201.203  28.602  28.474  28.357   4735.89     3631.0       g 
 63203.442  28.441  28.305  28.183   6366.38     3631.0   r-P48 
 63203.442  28.443  28.308  28.185   6629.82     3631.0  orange 
 63203.442  28.451  28.317  28.194   6198.96     3631.0       r 
 63203.442   28.46  28.323  28.204   7645.77     3631.0       i 
 63203.442  28.518  28.393  28.266   5182.42     3631.0    cyan 
 63203.442  28.569  28.434  28.312  10023.96     3631.0       z 
 63203.442  28.597   28.47  28.355   4746.48     3631.0   g-P48 
 63203.442  28.605  28.477   28.36   4735.89     3631.0       g 
  63205.68  28.444  28.308  28.186   6366.38     3631.0   r-P48 
  63205.68  28.446  28.311  28.189   6629.82     3631.0  orange 
  63205.68  28.454   28.32  28.198   6198.96     3631.0       r 
  63205.68  28.463  28.326  28.207   7645.77     3631.0       i 
  63205.68  28.521  28.396  28.269   5182.42     3631.0    cyan 
  63205.68  28.572  28.438  28.315  10023.96     3631.0       z 
  63205.68    28.6  28.473  28.359   4746.48     3631.0   g-P48 
  63205.68  28.609  28.481  28.363   4735.89     3631.0       g 
 63207.918  28.448  28.311  28.189   6366.38     3631.0   r-P48 
 63207.918   28.45  28.315  28.192   6629.82     3631.0  orange 
 63207.918  28.458  28.323  28.201   6198.96     3631.0       r 
 63207.918  28.467  28.329  28.211   7645.77     3631.0       i 
 63207.918  28.524  28.399  28.273   5182.42     3631.0    cyan 
 63207.918  28.576  28.441  28.318  10023.96     3631.0       z 
 63207.918  28.604  28.476  28.362   4746.48     3631.0   g-P48 
 63207.918  28.612  28.484  28.366   4735.89     3631.0       g 
 63210.157  28.451  28.315  28.192   6366.38     3631.0   r-P48 
 63210.157  28.453  28.318  28.195   6629.82     3631.0  orange 
 63210.157  28.461  28.326  28.204   6198.96     3631.0       r 
 63210.157   28.47  28.333  28.214   7645.77     3631.0       i 
 63210.157  28.527  28.403  28.276   5182.42     3631.0    cyan 
 63210.157  28.579  28.444  28.322  10023.96     3631.0       z 
 63210.157  28.607   28.48  28.365   4746.48     3631.0   g-P48 
 63210.157  28.615  28.487   28.37   4735.89     3631.0       g 
 63212.395  28.454  28.318  28.196   6366.38     3631.0   r-P48 
 63212.395  28.456  28.321  28.198   6629.82     3631.0  orange 
 63212.395  28.464   28.33  28.207   6198.96     3631.0       r 
 63212.395  28.473  28.336  28.217   7645.77     3631.0       i 
 63212.395  28.531  28.406  28.279   5182.42     3631.0    cyan 
 63212.395  28.582  28.447  28.325  10023.96     3631.0       z 
 63212.395   28.61  28.483  28.368   4746.48     3631.0   g-P48 
 63212.395  28.619   28.49  28.373   4735.89     3631.0       g 
 63214.633  28.458  28.321  28.199   6366.38     3631.0   r-P48 
 63214.633   28.46  28.324  28.201   6629.82     3631.0  orange 
 63214.633  28.467  28.333   28.21   6198.96     3631.0       r 
 63214.633  28.476  28.339   28.22   7645.77     3631.0       i 
 63214.633  28.534  28.409  28.282   5182.42     3631.0    cyan 
 63214.633  28.585  28.451  28.328  10023.96     3631.0       z 
 63214.633  28.613  28.486  28.372   4746.48     3631.0   g-P48 
 63214.633  28.622  28.494  28.376   4735.89     3631.0       g 
 63216.872  28.461  28.324  28.202   6366.38     3631.0   r-P48 
 63216.872  28.463  28.328  28.205   6629.82     3631.0  orange 
 63216.872  28.471  28.336  28.214   6198.96     3631.0       r 
 63216.872   28.48  28.342  28.224   7645.77     3631.0       i 
 63216.872  28.537  28.412  28.285   5182.42     3631.0    cyan 
 63216.872  28.589  28.454  28.331  10023.96     3631.0       z 
 63216.872  28.617  28.489  28.375   4746.48     3631.0   g-P48 
 63216.872  28.625  28.497  28.379   4735.89     3631.0       g 
  63219.11  28.464  28.328  28.205   6366.38     3631.0   r-P48 
  63219.11  28.466  28.331  28.208   6629.82     3631.0  orange 
  63219.11  28.474  28.339  28.217   6198.96     3631.0       r 
  63219.11  28.483  28.346  28.227   7645.77     3631.0       i 
  63219.11   28.54  28.416  28.289   5182.42     3631.0    cyan 
  63219.11  28.592  28.457  28.335  10023.96     3631.0       z 
  63219.11   28.62  28.493  28.378   4746.48     3631.0   g-P48 
  63219.11  28.628    28.5  28.382   4735.89     3631.0       g 
 63221.348  28.467  28.331  28.208   6366.38     3631.0   r-P48 
 63221.348  28.469  28.334  28.211   6629.82     3631.0  orange 
 63221.348  28.477  28.343   28.22   6198.96     3631.0       r 
 63221.348  28.486  28.349   28.23   7645.77     3631.0       i 
 63221.348  28.544  28.419  28.292   5182.42     3631.0    cyan 
 63221.348  28.595   28.46  28.338  10023.96     3631.0       z 
 63221.348  28.623  28.496  28.381   4746.48     3631.0   g-P48 
 63221.348  28.632  28.503  28.386   4735.89     3631.0       g 
 63223.587   28.47  28.334  28.212   6366.38     3631.0   r-P48 
 63223.587  28.473  28.337  28.214   6629.82     3631.0  orange 
 63223.587   28.48  28.346  28.223   6198.96     3631.0       r 
 63223.587  28.489  28.352  28.233   7645.77     3631.0       i 
 63223.587  28.547  28.422  28.295   5182.42     3631.0    cyan 
 63223.587  28.598  28.464  28.341  10023.96     3631.0       z 
 63223.587  28.626  28.499  28.385   4746.48     3631.0   g-P48 
 63223.587  28.635  28.507  28.389   4735.89     3631.0       g 
 63225.825  28.474  28.337  28.215   6366.38     3631.0   r-P48 
 63225.825  28.476  28.341  28.218   6629.82     3631.0  orange 
 63225.825  28.484  28.349  28.227   6198.96     3631.0       r 
 63225.825  28.493  28.355  28.236   7645.77     3631.0       i 
 63225.825   28.55  28.425  28.298   5182.42     3631.0    cyan 
 63225.825  28.602  28.467  28.344  10023.96     3631.0       z 
 63225.825  28.629  28.502  28.388   4746.48     3631.0   g-P48 
 63225.825  28.638   28.51  28.392   4735.89     3631.0       g 
 63228.063  28.477  28.341  28.218   6366.38     3631.0   r-P48 
 63228.063  28.479  28.344  28.221   6629.82     3631.0  orange 
 63228.063  28.487  28.352   28.23   6198.96     3631.0       r 
 63228.063  28.496  28.359   28.24   7645.77     3631.0       i 
 63228.063  28.553  28.429  28.301   5182.42     3631.0    cyan 
 63228.063  28.605   28.47  28.347  10023.96     3631.0       z 
 63228.063  28.633  28.505  28.391   4746.48     3631.0   g-P48 
 63228.063  28.641  28.513  28.395   4735.89     3631.0       g 
 63230.302   28.48  28.344  28.221   6366.38     3631.0   r-P48 
 63230.302  28.482  28.347  28.224   6629.82     3631.0  orange 
 63230.302   28.49  28.356  28.233   6198.96     3631.0       r 
 63230.302  28.499  28.362  28.243   7645.77     3631.0       i 
 63230.302  28.557  28.432  28.305   5182.42     3631.0    cyan 
 63230.302  28.608  28.473  28.351  10023.96     3631.0       z 
 63230.302  28.636  28.509  28.394   4746.48     3631.0   g-P48 
 63230.302  28.644  28.516  28.399   4735.89     3631.0       g 
  63232.54  28.483  28.347  28.225   6366.38     3631.0   r-P48 
  63232.54  28.486   28.35  28.227   6629.82     3631.0  orange 
  63232.54  28.493  28.359  28.236   6198.96     3631.0       r 
  63232.54  28.502  28.365  28.246   7645.77     3631.0       i 
  63232.54   28.56  28.435  28.308   5182.42     3631.0    cyan 
  63232.54  28.611  28.477  28.354  10023.96     3631.0       z 
  63232.54  28.639  28.512  28.397   4746.48     3631.0   g-P48 
  63232.54  28.648   28.52  28.402   4735.89     3631.0       g 
 63234.778  28.487   28.35  28.228   6366.38     3631.0   r-P48 
 63234.778  28.489  28.354   28.23   6629.82     3631.0  orange 
 63234.778  28.497  28.362  28.239   6198.96     3631.0       r 
 63234.778  28.506  28.368  28.249   7645.77     3631.0       i 
 63234.778  28.563  28.438  28.311   5182.42     3631.0    cyan 
 63234.778  28.614   28.48  28.357  10023.96     3631.0       z 
 63234.778  28.642  28.515  28.401   4746.48     3631.0   g-P48 
 63234.778  28.651  28.523  28.405   4735.89     3631.0       g 
 63237.017   28.49  28.353  28.231   6366.38     3631.0   r-P48 
 63237.017  28.492  28.357  28.234   6629.82     3631.0  orange 
 63237.017    28.5  28.365  28.243   6198.96     3631.0       r 
 63237.017  28.509  28.371  28.252   7645.77     3631.0       i 
 63237.017  28.566  28.441  28.314   5182.42     3631.0    cyan 
 63237.017  28.618  28.483   28.36  10023.96     3631.0       z 
 63237.017  28.646  28.518  28.404   4746.48     3631.0   g-P48 
 63237.017  28.654  28.526  28.408   4735.89     3631.0       g 
 63239.255  28.493  28.357  28.234   6366.38     3631.0   r-P48 
 63239.255  28.495   28.36  28.237   6629.82     3631.0  orange 
 63239.255  28.503  28.369  28.246   6198.96     3631.0       r 
 63239.255  28.512  28.375  28.256   7645.77     3631.0       i 
 63239.255   28.57  28.445  28.317   5182.42     3631.0    cyan 
 63239.255  28.621  28.486  28.364  10023.96     3631.0       z 
 63239.255  28.649  28.522  28.407   4746.48     3631.0   g-P48 
 63239.255  28.657  28.529  28.411   4735.89     3631.0       g 
 63241.494  28.496   28.36  28.237   6366.38     3631.0   r-P48 
 63241.494  28.499  28.363   28.24   6629.82     3631.0  orange 
 63241.494  28.506  28.372  28.249   6198.96     3631.0       r 
 63241.494  28.515  28.378  28.259   7645.77     3631.0       i 
 63241.494  28.573  28.448  28.321   5182.42     3631.0    cyan 
 63241.494  28.624  28.489  28.367  10023.96     3631.0       z 
 63241.494  28.652  28.525   28.41   4746.48     3631.0   g-P48 
 63241.494  28.661  28.532  28.415   4735.89     3631.0       g 
 63243.732    28.5  28.363   28.24   6366.38     3631.0   r-P48 
 63243.732  28.502  28.366  28.243   6629.82     3631.0  orange 
 63243.732   28.51  28.375  28.252   6198.96     3631.0       r 
 63243.732  28.519  28.381  28.262   7645.77     3631.0       i 
 63243.732  28.576  28.451  28.324   5182.42     3631.0    cyan 
 63243.732  28.627  28.493   28.37  10023.96     3631.0       z 
 63243.732  28.655  28.528  28.413   4746.48     3631.0   g-P48 
 63243.732  28.664  28.536  28.418   4735.89     3631.0       g 
  63245.97  28.503  28.366  28.244   6366.38     3631.0   r-P48 
  63245.97  28.505   28.37  28.246   6629.82     3631.0  orange 
  63245.97  28.513  28.378  28.255   6198.96     3631.0       r 
  63245.97  28.522  28.384  28.265   7645.77     3631.0       i 
  63245.97  28.579  28.454  28.327   5182.42     3631.0    cyan 
  63245.97  28.631  28.496  28.373  10023.96     3631.0       z 
  63245.97  28.659  28.531  28.417   4746.48     3631.0   g-P48 
  63245.97  28.667  28.539  28.421   4735.89     3631.0       g 
 63248.209  28.506   28.37  28.247   6366.38     3631.0   r-P48 
 63248.209  28.508  28.373   28.25   6629.82     3631.0  orange 
 63248.209  28.516  28.381  28.259   6198.96     3631.0       r 
 63248.209  28.525  28.387  28.268   7645.77     3631.0       i 
 63248.209  28.583  28.458   28.33   5182.42     3631.0    cyan 
 63248.209  28.634  28.499  28.376  10023.96     3631.0       z 
 63248.209  28.662  28.534   28.42   4746.48     3631.0   g-P48 
 63248.209   28.67  28.542  28.424   4735.89     3631.0       g 
 63250.447  28.509  28.373   28.25   6366.38     3631.0   r-P48 
 63250.447  28.512  28.376  28.253   6629.82     3631.0  orange 
 63250.447  28.519  28.385  28.262   6198.96     3631.0       r 
 63250.447  28.528  28.391  28.272   7645.77     3631.0       i 
 63250.447  28.586  28.461  28.333   5182.42     3631.0    cyan 
 63250.447  28.637  28.502   28.38  10023.96     3631.0       z 
 63250.447  28.665  28.538  28.423   4746.48     3631.0   g-P48 
 63250.447  28.674  28.545  28.427   4735.89     3631.0       g 
 63252.685  28.512  28.376  28.253   6366.38     3631.0   r-P48 
 63252.685  28.515  28.379  28.256   6629.82     3631.0  orange 
 63252.685  28.522  28.388  28.265   6198.96     3631.0       r 
 63252.685  28.531  28.394  28.275   7645.77     3631.0       i 
 63252.685  28.589  28.464  28.337   5182.42     3631.0    cyan 
 63252.685   28.64  28.506  28.383  10023.96     3631.0       z 
 63252.685  28.668  28.541  28.426   4746.48     3631.0   g-P48 
 63252.685  28.677  28.549  28.431   4735.89     3631.0       g 
 63254.924  28.516  28.379  28.256   6366.38     3631.0   r-P48 
 63254.924  28.518  28.382  28.259   6629.82     3631.0  orange 
 63254.924  28.526  28.391  28.268   6198.96     3631.0       r 
 63254.924  28.535  28.397  28.278   7645.77     3631.0       i 
 63254.924  28.592  28.467   28.34   5182.42     3631.0    cyan 
 63254.924  28.643  28.509  28.386  10023.96     3631.0       z 
 63254.924  28.671  28.544  28.429   4746.48     3631.0   g-P48 
 63254.924   28.68  28.552  28.434   4735.89     3631.0       g 
 63257.162  28.519  28.382   28.26   6366.38     3631.0   r-P48 
 63257.162  28.521  28.386  28.262   6629.82     3631.0  orange 
 63257.162  28.529  28.394  28.271   6198.96     3631.0       r 
 63257.162  28.538    28.4  28.281   7645.77     3631.0       i 
 63257.162  28.595   28.47  28.343   5182.42     3631.0    cyan 
 63257.162  28.647  28.512  28.389  10023.96     3631.0       z 
 63257.162  28.675  28.547  28.432   4746.48     3631.0   g-P48 
 63257.162  28.683  28.555  28.437   4735.89     3631.0       g 
   63259.4  28.522  28.386  28.263   6366.38     3631.0   r-P48 
   63259.4  28.524  28.389  28.265   6629.82     3631.0  orange 
   63259.4  28.532  28.398  28.274   6198.96     3631.0       r 
   63259.4  28.541  28.403  28.284   7645.77     3631.0       i 
   63259.4  28.599  28.474  28.346   5182.42     3631.0    cyan 
   63259.4   28.65  28.515  28.392  10023.96     3631.0       z 
   63259.4  28.678   28.55  28.436   4746.48     3631.0   g-P48 
   63259.4  28.686  28.558   28.44   4735.89     3631.0       g 
 63261.639  28.525  28.389  28.266   6366.38     3631.0   r-P48 
 63261.639  28.528  28.392  28.269   6629.82     3631.0  orange 
 63261.639  28.535  28.401  28.278   6198.96     3631.0       r 
 63261.639  28.544  28.407  28.288   7645.77     3631.0       i 
 63261.639  28.602  28.477  28.349   5182.42     3631.0    cyan 
 63261.639  28.653  28.518  28.396  10023.96     3631.0       z 
 63261.639  28.681  28.554  28.439   4746.48     3631.0   g-P48 
 63261.639   28.69  28.561  28.443   4735.89     3631.0       g 
 63263.877  28.528  28.392  28.269   6366.38     3631.0   r-P48 
 63263.877  28.531  28.395  28.272   6629.82     3631.0  orange 
 63263.877  28.539  28.404  28.281   6198.96     3631.0       r 
 63263.877  28.548   28.41  28.291   7645.77     3631.0       i 
 63263.877  28.605   28.48  28.352   5182.42     3631.0    cyan 
 63263.877  28.656  28.522  28.399  10023.96     3631.0       z 
 63263.877  28.684  28.557  28.442   4746.48     3631.0   g-P48 
 63263.877  28.693  28.565  28.446   4735.89     3631.0       g 
 63266.115  28.532  28.395  28.272   6366.38     3631.0   r-P48 
 63266.115  28.534  28.398  28.275   6629.82     3631.0  orange 
 63266.115  28.542  28.407  28.284   6198.96     3631.0       r 
 63266.115  28.551  28.413  28.294   7645.77     3631.0       i 
 63266.115  28.608  28.483  28.356   5182.42     3631.0    cyan 
 63266.115  28.659  28.525  28.402  10023.96     3631.0       z 
 63266.115  28.687   28.56  28.445   4746.48     3631.0   g-P48 
 63266.115  28.696  28.568   28.45   4735.89     3631.0       g 
 63268.354  28.535  28.398  28.275   6366.38     3631.0   r-P48 
 63268.354  28.537  28.402  28.278   6629.82     3631.0  orange 
 63268.354  28.545   28.41  28.287   6198.96     3631.0       r 
 63268.354  28.554  28.416  28.297   7645.77     3631.0       i 
 63268.354  28.612  28.486  28.359   5182.42     3631.0    cyan 
 63268.354  28.663  28.528  28.405  10023.96     3631.0       z 
 63268.354  28.691  28.563  28.448   4746.48     3631.0   g-P48 
 63268.354  28.699  28.571  28.453   4735.89     3631.0       g 
 63270.592  28.538  28.402  28.279   6366.38     3631.0   r-P48 
 63270.592   28.54  28.405  28.281   6629.82     3631.0  orange 
 63270.592  28.548  28.414   28.29   6198.96     3631.0       r 
 63270.592  28.557  28.419    28.3   7645.77     3631.0       i 
 63270.592  28.615  28.489  28.362   5182.42     3631.0    cyan 
 63270.592  28.666  28.531  28.408  10023.96     3631.0       z 
 63270.592  28.694  28.566  28.452   4746.48     3631.0   g-P48 
 63270.592  28.702  28.574  28.456   4735.89     3631.0       g 
  63272.83  28.541  28.405  28.282   6366.38     3631.0   r-P48 
  63272.83  28.544  28.408  28.284   6629.82     3631.0  orange 
  63272.83  28.551  28.417  28.293   6198.96     3631.0       r 
  63272.83   28.56  28.423  28.303   7645.77     3631.0       i 
  63272.83  28.618  28.493  28.365   5182.42     3631.0    cyan 
  63272.83  28.669  28.534  28.411  10023.96     3631.0       z 
  63272.83  28.697  28.569  28.455   4746.48     3631.0   g-P48 
  63272.83  28.706  28.577  28.459   4735.89     3631.0       g 
 63275.069  28.544  28.408  28.285   6366.38     3631.0   r-P48 
 63275.069  28.547  28.411  28.288   6629.82     3631.0  orange 
 63275.069  28.555   28.42  28.297   6198.96     3631.0       r 
 63275.069  28.564  28.426  28.307   7645.77     3631.0       i 
 63275.069  28.621  28.496  28.368   5182.42     3631.0    cyan 
 63275.069  28.672  28.537  28.415  10023.96     3631.0       z 
 63275.069    28.7  28.573  28.458   4746.48     3631.0   g-P48 
 63275.069  28.709   28.58  28.462   4735.89     3631.0       g 
 63277.307  28.548  28.411  28.288   6366.38     3631.0   r-P48 
 63277.307   28.55  28.414  28.291   6629.82     3631.0  orange 
 63277.307  28.558  28.423    28.3   6198.96     3631.0       r 
 63277.307  28.567  28.429   28.31   7645.77     3631.0       i 
 63277.307  28.624  28.499  28.371   5182.42     3631.0    cyan 
 63277.307  28.675  28.541  28.418  10023.96     3631.0       z 
 63277.307  28.703  28.576  28.461   4746.48     3631.0   g-P48 
 63277.307  28.712  28.584  28.465   4735.89     3631.0       g 
 63279.545  28.551  28.414  28.291   6366.38     3631.0   r-P48 
 63279.545  28.553  28.417  28.294   6629.82     3631.0  orange 
 63279.545  28.561  28.426  28.303   6198.96     3631.0       r 
 63279.545   28.57  28.432  28.313   7645.77     3631.0       i 
 63279.545  28.628  28.502  28.375   5182.42     3631.0    cyan 
 63279.545  28.679  28.544  28.421  10023.96     3631.0       z 
 63279.545  28.706  28.579  28.464   4746.48     3631.0   g-P48 
 63279.545  28.715  28.587  28.469   4735.89     3631.0       g 
 63281.784  28.554  28.418  28.294   6366.38     3631.0   r-P48 
 63281.784  28.556  28.421  28.297   6629.82     3631.0  orange 
 63281.784  28.564  28.429  28.306   6198.96     3631.0       r 
 63281.784  28.573  28.435  28.316   7645.77     3631.0       i 
 63281.784  28.631  28.505  28.378   5182.42     3631.0    cyan 
 63281.784  28.682  28.547  28.424  10023.96     3631.0       z 
 63281.784   28.71  28.582  28.467   4746.48     3631.0   g-P48 
 63281.784  28.718   28.59  28.472   4735.89     3631.0       g 
 63284.022  28.557  28.421  28.298   6366.38     3631.0   r-P48 
 63284.022   28.56  28.424    28.3   6629.82     3631.0  orange 
 63284.022  28.567  28.433  28.309   6198.96     3631.0       r 
 63284.022  28.576  28.438  28.319   7645.77     3631.0       i 
 63284.022  28.634  28.509  28.381   5182.42     3631.0    cyan 
 63284.022  28.685   28.55  28.427  10023.96     3631.0       z 
 63284.022  28.713  28.585   28.47   4746.48     3631.0   g-P48 
 63284.022  28.721  28.593  28.475   4735.89     3631.0       g 
 63286.261   28.56  28.424  28.301   6366.38     3631.0   r-P48 
 63286.261  28.563  28.427  28.303   6629.82     3631.0  orange 
 63286.261  28.571  28.436  28.312   6198.96     3631.0       r 
 63286.261  28.579  28.442  28.322   7645.77     3631.0       i 
 63286.261  28.637  28.512  28.384   5182.42     3631.0    cyan 
 63286.261  28.688  28.553   28.43  10023.96     3631.0       z 
 63286.261  28.716  28.589  28.474   4746.48     3631.0   g-P48 
 63286.261  28.725  28.596  28.478   4735.89     3631.0       g 
 63288.499  28.564  28.427  28.304   6366.38     3631.0   r-P48 
 63288.499  28.566   28.43  28.306   6629.82     3631.0  orange 
 63288.499  28.574  28.439  28.315   6198.96     3631.0       r 
 63288.499  28.583  28.445  28.325   7645.77     3631.0       i 
 63288.499   28.64  28.515  28.387   5182.42     3631.0    cyan 
 63288.499  28.691  28.556  28.434  10023.96     3631.0       z 
 63288.499  28.719  28.592  28.477   4746.48     3631.0   g-P48 
 63288.499  28.728  28.599  28.481   4735.89     3631.0       g 
 63290.737  28.567   28.43  28.307   6366.38     3631.0   r-P48 
 63290.737  28.569  28.433   28.31   6629.82     3631.0  orange 
 63290.737  28.577  28.442  28.319   6198.96     3631.0       r 
 63290.737  28.586  28.448  28.329   7645.77     3631.0       i 
 63290.737  28.644  28.518   28.39   5182.42     3631.0    cyan 
 63290.737  28.694   28.56  28.437  10023.96     3631.0       z 
 63290.737  28.722  28.595   28.48   4746.48     3631.0   g-P48 
 63290.737  28.731  28.603  28.484   4735.89     3631.0       g 
 63292.976   28.57  28.433   28.31   6366.38     3631.0   r-P48 
 63292.976  28.572  28.436  28.313   6629.82     3631.0  orange 
 63292.976   28.58  28.445  28.322   6198.96     3631.0       r 
 63292.976  28.589  28.451  28.332   7645.77     3631.0       i 
 63292.976  28.647  28.521  28.393   5182.42     3631.0    cyan 
 63292.976  28.698  28.563   28.44  10023.96     3631.0       z 
 63292.976  28.726  28.598  28.483   4746.48     3631.0   g-P48 
 63292.976  28.734  28.606  28.488   4735.89     3631.0       g 
 63295.214  28.573  28.437  28.313   6366.38     3631.0   r-P48 
 63295.214  28.576   28.44  28.316   6629.82     3631.0  orange 
 63295.214  28.583  28.449  28.325   6198.96     3631.0       r 
 63295.214  28.592  28.454  28.335   7645.77     3631.0       i 
 63295.214   28.65  28.524  28.397   5182.42     3631.0    cyan 
 63295.214  28.701  28.566  28.443  10023.96     3631.0       z 
 63295.214  28.729  28.601  28.486   4746.48     3631.0   g-P48 
 63295.214  28.737  28.609  28.491   4735.89     3631.0       g 
 63297.452  28.576   28.44  28.316   6366.38     3631.0   r-P48 
 63297.452  28.579  28.443  28.319   6629.82     3631.0  orange 
 63297.452  28.586  28.452  28.328   6198.96     3631.0       r 
 63297.452  28.595  28.457  28.338   7645.77     3631.0       i 
 63297.452  28.653  28.528    28.4   5182.42     3631.0    cyan 
 63297.452  28.704  28.569  28.446  10023.96     3631.0       z 
 63297.452  28.732  28.604  28.489   4746.48     3631.0   g-P48 
 63297.452   28.74  28.612  28.494   4735.89     3631.0       g 
 63299.691  28.579  28.443   28.32   6366.38     3631.0   r-P48 
 63299.691  28.582  28.446  28.322   6629.82     3631.0  orange 
 63299.691   28.59  28.455  28.331   6198.96     3631.0       r 
 63299.691  28.599   28.46  28.341   7645.77     3631.0       i 
 63299.691  28.656  28.531  28.403   5182.42     3631.0    cyan 
 63299.691  28.707  28.572  28.449  10023.96     3631.0       z 
 63299.691  28.735  28.607  28.492   4746.48     3631.0   g-P48 
 63299.691  28.744  28.615  28.497   4735.89     3631.0       g 
 63301.929  28.583  28.446  28.323   6366.38     3631.0   r-P48 
 63301.929  28.585  28.449  28.325   6629.82     3631.0  orange 
 63301.929  28.593  28.458  28.334   6198.96     3631.0       r 
 63301.929  28.602  28.464  28.344   7645.77     3631.0       i 
 63301.929  28.659  28.534  28.406   5182.42     3631.0    cyan 
 63301.929   28.71  28.575  28.453  10023.96     3631.0       z 
 63301.929  28.738  28.611  28.496   4746.48     3631.0   g-P48 
 63301.929  28.747  28.618    28.5   4735.89     3631.0       g 
 63304.167  28.586  28.449  28.326   6366.38     3631.0   r-P48 
 63304.167  28.588  28.452  28.328   6629.82     3631.0  orange 
 63304.167  28.596  28.461  28.337   6198.96     3631.0       r 
 63304.167  28.605  28.467  28.347   7645.77     3631.0       i 
 63304.167  28.663  28.537  28.409   5182.42     3631.0    cyan 
 63304.167  28.713  28.579  28.456  10023.96     3631.0       z 
 63304.167  28.741  28.614  28.499   4746.48     3631.0   g-P48 
 63304.167   28.75  28.622  28.503   4735.89     3631.0       g 
 63306.406  28.589  28.452  28.329   6366.38     3631.0   r-P48 
 63306.406  28.592  28.455  28.332   6629.82     3631.0  orange 
 63306.406  28.599  28.464  28.341   6198.96     3631.0       r 
 63306.406  28.608   28.47  28.351   7645.77     3631.0       i 
 63306.406  28.666   28.54  28.412   5182.42     3631.0    cyan 
 63306.406  28.717  28.582  28.459  10023.96     3631.0       z 
 63306.406  28.744  28.617  28.502   4746.48     3631.0   g-P48 
 63306.406  28.753  28.625  28.506   4735.89     3631.0       g 
 63308.644  28.592  28.456  28.332   6366.38     3631.0   r-P48 
 63308.644  28.595  28.459  28.335   6629.82     3631.0  orange 
 63308.644  28.602  28.467  28.344   6198.96     3631.0       r 
 63308.644  28.611  28.473  28.354   7645.77     3631.0       i 
 63308.644  28.669  28.543  28.415   5182.42     3631.0    cyan 
 63308.644   28.72  28.585  28.462  10023.96     3631.0       z 
 63308.644  28.748   28.62  28.505   4746.48     3631.0   g-P48 
 63308.644  28.756  28.628  28.509   4735.89     3631.0       g 
 63310.882  28.595  28.459  28.335   6366.38     3631.0   r-P48 
 63310.882  28.598  28.462  28.338   6629.82     3631.0  orange 
 63310.882  28.605  28.471  28.347   6198.96     3631.0       r 
 63310.882  28.614  28.476  28.357   7645.77     3631.0       i 
 63310.882  28.672  28.546  28.418   5182.42     3631.0    cyan 
 63310.882  28.723  28.588  28.465  10023.96     3631.0       z 
 63310.882  28.751  28.623  28.508   4746.48     3631.0   g-P48 
 63310.882  28.759  28.631  28.513   4735.89     3631.0       g 
 63313.121  28.598  28.462  28.338   6366.38     3631.0   r-P48 
 63313.121  28.601  28.465  28.341   6629.82     3631.0  orange 
 63313.121  28.609  28.474   28.35   6198.96     3631.0       r 
 63313.121  28.618  28.479   28.36   7645.77     3631.0       i 
 63313.121  28.675   28.55  28.422   5182.42     3631.0    cyan 
 63313.121  28.726  28.591  28.468  10023.96     3631.0       z 
 63313.121  28.754  28.626  28.511   4746.48     3631.0   g-P48 
 63313.121  28.762  28.634  28.516   4735.89     3631.0       g 
 63315.359  28.601  28.465  28.341   6366.38     3631.0   r-P48 
 63315.359  28.604  28.468  28.344   6629.82     3631.0  orange 
 63315.359  28.612  28.477  28.353   6198.96     3631.0       r 
 63315.359  28.621  28.482  28.363   7645.77     3631.0       i 
 63315.359  28.678  28.553  28.425   5182.42     3631.0    cyan 
 63315.359  28.729  28.594  28.471  10023.96     3631.0       z 
 63315.359  28.757  28.629  28.514   4746.48     3631.0   g-P48 
 63315.359  28.766  28.637  28.519   4735.89     3631.0       g 
 63317.597  28.605  28.468  28.344   6366.38     3631.0   r-P48 
 63317.597  28.607  28.471  28.347   6629.82     3631.0  orange 
 63317.597  28.615   28.48  28.356   6198.96     3631.0       r 
 63317.597  28.624  28.486  28.366   7645.77     3631.0       i 
 63317.597  28.682  28.556  28.428   5182.42     3631.0    cyan 
 63317.597  28.732  28.597  28.474  10023.96     3631.0       z 
 63317.597   28.76  28.633  28.518   4746.48     3631.0   g-P48 
 63317.597  28.769   28.64  28.522   4735.89     3631.0       g 
 63319.836  28.608  28.471  28.348   6366.38     3631.0   r-P48 
 63319.836   28.61  28.474   28.35   6629.82     3631.0  orange 
 63319.836  28.618  28.483  28.359   6198.96     3631.0       r 
 63319.836  28.627  28.489  28.369   7645.77     3631.0       i 
 63319.836  28.685  28.559  28.431   5182.42     3631.0    cyan 
 63319.836  28.735  28.601  28.478  10023.96     3631.0       z 
 63319.836  28.763  28.636  28.521   4746.48     3631.0   g-P48 
 63319.836  28.772  28.644  28.525   4735.89     3631.0       g 
 63322.074  28.611  28.475  28.351   6366.38     3631.0   r-P48 
 63322.074  28.614  28.477  28.353   6629.82     3631.0  orange 
 63322.074  28.621  28.486  28.362   6198.96     3631.0       r 
 63322.074   28.63  28.492  28.372   7645.77     3631.0       i 
 63322.074  28.688  28.562  28.434   5182.42     3631.0    cyan 
 63322.074  28.739  28.604  28.481  10023.96     3631.0       z 
 63322.074  28.766  28.639  28.524   4746.48     3631.0   g-P48 
 63322.074  28.775  28.647  28.528   4735.89     3631.0       g 
 63324.313  28.614  28.478  28.354   6366.38     3631.0   r-P48 
 63324.313  28.617   28.48  28.356   6629.82     3631.0  orange 
 63324.313  28.624   28.49  28.365   6198.96     3631.0       r 
 63324.313  28.633  28.495  28.376   7645.77     3631.0       i 
 63324.313  28.691  28.565  28.437   5182.42     3631.0    cyan 
 63324.313  28.742  28.607  28.484  10023.96     3631.0       z 
 63324.313   28.77  28.642  28.527   4746.48     3631.0   g-P48 
 63324.313  28.778   28.65  28.531   4735.89     3631.0       g 
 63326.551  28.617  28.481  28.357   6366.38     3631.0   r-P48 
 63326.551   28.62  28.484   28.36   6629.82     3631.0  orange 
 63326.551  28.628  28.493  28.369   6198.96     3631.0       r 
 63326.551  28.636  28.498  28.379   7645.77     3631.0       i 
 63326.551  28.694  28.568   28.44   5182.42     3631.0    cyan 
 63326.551  28.745   28.61  28.487  10023.96     3631.0       z 
 63326.551  28.773  28.645   28.53   4746.48     3631.0   g-P48 
 63326.551  28.781  28.653  28.534   4735.89     3631.0       g 
 63328.789   28.62  28.484   28.36   6366.38     3631.0   r-P48 
 63328.789  28.623  28.487  28.363   6629.82     3631.0  orange 
 63328.789  28.631  28.496  28.372   6198.96     3631.0       r 
 63328.789   28.64  28.501  28.382   7645.77     3631.0       i 
 63328.789  28.697  28.571  28.443   5182.42     3631.0    cyan 
 63328.789  28.748  28.613   28.49  10023.96     3631.0       z 
 63328.789  28.776  28.648  28.533   4746.48     3631.0   g-P48 
 63328.789  28.784  28.656  28.538   4735.89     3631.0       g 
 63331.028  28.623  28.487  28.363   6366.38     3631.0   r-P48 
 63331.028  28.626   28.49  28.366   6629.82     3631.0  orange 
 63331.028  28.634  28.499  28.375   6198.96     3631.0       r 
 63331.028  28.643  28.504  28.385   7645.77     3631.0       i 
 63331.028  28.701  28.575  28.446   5182.42     3631.0    cyan 
 63331.028  28.751  28.616  28.493  10023.96     3631.0       z 
 63331.028  28.779  28.651  28.536   4746.48     3631.0   g-P48 
 63331.028  28.788  28.659  28.541   4735.89     3631.0       g 
 63333.266  28.627   28.49  28.366   6366.38     3631.0   r-P48 
 63333.266  28.629  28.493  28.369   6629.82     3631.0  orange 
 63333.266  28.637  28.502  28.378   6198.96     3631.0       r 
 63333.266  28.646  28.507  28.388   7645.77     3631.0       i 
 63333.266  28.704  28.578   28.45   5182.42     3631.0    cyan 
 63333.266  28.754  28.619  28.496  10023.96     3631.0       z 
 63333.266  28.782  28.654  28.539   4746.48     3631.0   g-P48 
 63333.266  28.791  28.662  28.544   4735.89     3631.0       g 
 63335.504   28.63  28.493  28.369   6366.38     3631.0   r-P48 
 63335.504  28.632  28.496  28.372   6629.82     3631.0  orange 
 63335.504   28.64  28.505  28.381   6198.96     3631.0       r 
 63335.504  28.649  28.511  28.391   7645.77     3631.0       i 
 63335.504  28.707  28.581  28.453   5182.42     3631.0    cyan 
 63335.504  28.757  28.622  28.499  10023.96     3631.0       z 
 63335.504  28.785  28.658  28.542   4746.48     3631.0   g-P48 
 63335.504  28.794  28.665  28.547   4735.89     3631.0       g 
 63337.743  28.633  28.496  28.372   6366.38     3631.0   r-P48 
 63337.743  28.636  28.499  28.375   6629.82     3631.0  orange 
 63337.743  28.643  28.508  28.384   6198.96     3631.0       r 
 63337.743  28.652  28.514  28.394   7645.77     3631.0       i 
 63337.743   28.71  28.584  28.456   5182.42     3631.0    cyan 
 63337.743   28.76  28.626  28.503  10023.96     3631.0       z 
 63337.743  28.788  28.661  28.545   4746.48     3631.0   g-P48 
 63337.743  28.797  28.669   28.55   4735.89     3631.0       g 
 63339.981  28.636    28.5  28.376   6366.38     3631.0   r-P48 
 63339.981  28.639  28.502  28.378   6629.82     3631.0  orange 
 63339.981  28.646  28.511  28.387   6198.96     3631.0       r 
 63339.981  28.655  28.517  28.397   7645.77     3631.0       i 
 63339.981  28.713  28.587  28.459   5182.42     3631.0    cyan 
 63339.981  28.764  28.629  28.506  10023.96     3631.0       z 
 63339.981  28.791  28.664  28.549   4746.48     3631.0   g-P48 
 63339.981    28.8  28.672  28.553   4735.89     3631.0       g 
 63342.219  28.639  28.503  28.379   6366.38     3631.0   r-P48 
 63342.219  28.642  28.505  28.381   6629.82     3631.0  orange 
 63342.219   28.65  28.515   28.39   6198.96     3631.0       r 
 63342.219  28.658   28.52    28.4   7645.77     3631.0       i 
 63342.219  28.716   28.59  28.462   5182.42     3631.0    cyan 
 63342.219  28.767  28.632  28.509  10023.96     3631.0       z 
 63342.219  28.795  28.667  28.552   4746.48     3631.0   g-P48 
 63342.219  28.803  28.675  28.556   4735.89     3631.0       g 
 63344.458  28.642  28.506  28.382   6366.38     3631.0   r-P48 
 63344.458  28.645  28.509  28.384   6629.82     3631.0  orange 
 63344.458  28.653  28.518  28.393   6198.96     3631.0       r 
 63344.458  28.661  28.523  28.403   7645.77     3631.0       i 
 63344.458  28.719  28.593  28.465   5182.42     3631.0    cyan 
 63344.458   28.77  28.635  28.512  10023.96     3631.0       z 
 63344.458  28.798   28.67  28.555   4746.48     3631.0   g-P48 
 63344.458  28.806  28.678  28.559   4735.89     3631.0       g 
 63346.696  28.645  28.509  28.385   6366.38     3631.0   r-P48 
 63346.696  28.648  28.512  28.387   6629.82     3631.0  orange 
 63346.696  28.656  28.521  28.396   6198.96     3631.0       r 
 63346.696  28.665  28.526  28.407   7645.77     3631.0       i 
 63346.696  28.722  28.596  28.468   5182.42     3631.0    cyan 
 63346.696  28.773  28.638  28.515  10023.96     3631.0       z 
 63346.696  28.801  28.673  28.558   4746.48     3631.0   g-P48 
 63346.696  28.809  28.681  28.562   4735.89     3631.0       g 
 63348.934  28.648  28.512  28.388   6366.38     3631.0   r-P48 
 63348.934  28.651  28.515  28.391   6629.82     3631.0  orange 
 63348.934  28.659  28.524    28.4   6198.96     3631.0       r 
 63348.934  28.668  28.529   28.41   7645.77     3631.0       i 
 63348.934  28.726    28.6  28.471   5182.42     3631.0    cyan 
 63348.934  28.776  28.641  28.518  10023.96     3631.0       z 
 63348.934  28.804  28.676  28.561   4746.48     3631.0   g-P48 
 63348.934  28.813  28.684  28.565   4735.89     3631.0       g 
 63351.173  28.652  28.515  28.391   6366.38     3631.0   r-P48 
 63351.173  28.654  28.518  28.394   6629.82     3631.0  orange 
 63351.173  28.662  28.527  28.403   6198.96     3631.0       r 
 63351.173  28.671  28.532  28.413   7645.77     3631.0       i 
 63351.173  28.729  28.603  28.474   5182.42     3631.0    cyan 
 63351.173  28.779  28.644  28.521  10023.96     3631.0       z 
 63351.173  28.807  28.679  28.564   4746.48     3631.0   g-P48 
 63351.173  28.816  28.687  28.568   4735.89     3631.0       g 
 63353.411  28.655  28.518  28.394   6366.38     3631.0   r-P48 
 63353.411  28.657  28.521  28.397   6629.82     3631.0  orange 
 63353.411  28.665   28.53  28.406   6198.96     3631.0       r 
 63353.411  28.674  28.535  28.416   7645.77     3631.0       i 
 63353.411  28.732  28.606  28.477   5182.42     3631.0    cyan 
 63353.411  28.782  28.647  28.524  10023.96     3631.0       z 
 63353.411   28.81  28.682  28.567   4746.48     3631.0   g-P48 
 63353.411  28.819   28.69  28.572   4735.89     3631.0       g 
 63355.649  28.658  28.521  28.397   6366.38     3631.0   r-P48 
 63355.649  28.661  28.524    28.4   6629.82     3631.0  orange 
 63355.649  28.668  28.533  28.409   6198.96     3631.0       r 
 63355.649  28.677  28.538  28.419   7645.77     3631.0       i 
 63355.649  28.735  28.609   28.48   5182.42     3631.0    cyan 
 63355.649  28.785   28.65  28.527  10023.96     3631.0       z 
 63355.649  28.813  28.685   28.57   4746.48     3631.0   g-P48 
 63355.649  28.822  28.693  28.575   4735.89     3631.0       g 
 63357.888  28.661  28.524    28.4   6366.38     3631.0   r-P48 
 63357.888  28.664  28.527  28.403   6629.82     3631.0  orange 
 63357.888  28.671  28.536  28.412   6198.96     3631.0       r 
 63357.888   28.68  28.542  28.422   7645.77     3631.0       i 
 63357.888  28.738  28.612  28.483   5182.42     3631.0    cyan 
 63357.888  28.788  28.654   28.53  10023.96     3631.0       z 
 63357.888  28.816  28.689  28.573   4746.48     3631.0   g-P48 
 63357.888  28.825  28.697  28.578   4735.89     3631.0       g 
 63360.126  28.664  28.528  28.403   6366.38     3631.0   r-P48 
 63360.126  28.667   28.53  28.406   6629.82     3631.0  orange 
 63360.126  28.674  28.539  28.415   6198.96     3631.0       r 
 63360.126  28.683  28.545  28.425   7645.77     3631.0       i 
 63360.126  28.741  28.615  28.487   5182.42     3631.0    cyan 
 63360.126  28.792  28.657  28.534  10023.96     3631.0       z 
 63360.126  28.819  28.692  28.576   4746.48     3631.0   g-P48 
 63360.126  28.828    28.7  28.581   4735.89     3631.0       g 
 63362.364  28.667  28.531  28.406   6366.38     3631.0   r-P48 
 63362.364   28.67  28.533  28.409   6629.82     3631.0  orange 
 63362.364  28.678  28.543  28.418   6198.96     3631.0       r 
 63362.364  28.686  28.548  28.428   7645.77     3631.0       i 
 63362.364  28.744  28.618   28.49   5182.42     3631.0    cyan 
 63362.364  28.795   28.66  28.537  10023.96     3631.0       z 
 63362.364  28.823  28.695  28.579   4746.48     3631.0   g-P48 
 63362.364  28.831  28.703  28.584   4735.89     3631.0       g 
 63364.603   28.67  28.534  28.409   6366.38     3631.0   r-P48 
 63364.603  28.673  28.536  28.412   6629.82     3631.0  orange 
 63364.603  28.681  28.546  28.421   6198.96     3631.0       r 
 63364.603   28.69  28.551  28.431   7645.77     3631.0       i 
 63364.603  28.747  28.621  28.493   5182.42     3631.0    cyan 
 63364.603  28.798  28.663   28.54  10023.96     3631.0       z 
 63364.603  28.826  28.698  28.583   4746.48     3631.0   g-P48 
 63364.603  28.834  28.706  28.587   4735.89     3631.0       g 
 63366.841  28.673  28.537  28.412   6366.38     3631.0   r-P48 
 63366.841  28.676  28.539  28.415   6629.82     3631.0  orange 
 63366.841  28.684  28.549  28.424   6198.96     3631.0       r 
 63366.841  28.693  28.554  28.434   7645.77     3631.0       i 
 63366.841  28.751  28.624  28.496   5182.42     3631.0    cyan 
 63366.841  28.801  28.666  28.543  10023.96     3631.0       z 
 63366.841  28.829  28.701  28.586   4746.48     3631.0   g-P48 
 63366.841  28.837  28.709   28.59   4735.89     3631.0       g 
  63369.08  28.676   28.54  28.416   6366.38     3631.0   r-P48 
  63369.08  28.679  28.543  28.418   6629.82     3631.0  orange 
  63369.08  28.687  28.552  28.427   6198.96     3631.0       r 
  63369.08  28.696  28.557  28.437   7645.77     3631.0       i 
  63369.08  28.754  28.627  28.499   5182.42     3631.0    cyan 
  63369.08  28.804  28.669  28.546  10023.96     3631.0       z 
  63369.08  28.832  28.704  28.589   4746.48     3631.0   g-P48 
  63369.08   28.84  28.712  28.593   4735.89     3631.0       g 
 63371.318   28.68  28.543  28.419   6366.38     3631.0   r-P48 
 63371.318  28.682  28.546  28.421   6629.82     3631.0  orange 
 63371.318   28.69  28.555   28.43   6198.96     3631.0       r 
 63371.318  28.699   28.56   28.44   7645.77     3631.0       i 
 63371.318  28.757   28.63  28.502   5182.42     3631.0    cyan 
 63371.318  28.807  28.672  28.549  10023.96     3631.0       z 
 63371.318  28.835  28.707  28.592   4746.48     3631.0   g-P48 
 63371.318  28.844  28.715  28.596   4735.89     3631.0       g 
 63373.556  28.683  28.546  28.422   6366.38     3631.0   r-P48 
 63373.556  28.685  28.549  28.424   6629.82     3631.0  orange 
 63373.556  28.693  28.558  28.433   6198.96     3631.0       r 
 63373.556  28.702  28.563  28.443   7645.77     3631.0       i 
 63373.556   28.76  28.634  28.505   5182.42     3631.0    cyan 
 63373.556   28.81  28.675  28.552  10023.96     3631.0       z 
 63373.556  28.838   28.71  28.595   4746.48     3631.0   g-P48 
 63373.556  28.847  28.718  28.599   4735.89     3631.0       g 
 63375.795  28.686  28.549  28.425   6366.38     3631.0   r-P48 
 63375.795  28.689  28.552  28.427   6629.82     3631.0  orange 
 63375.795  28.696  28.561  28.436   6198.96     3631.0       r 
 63375.795  28.705  28.566  28.447   7645.77     3631.0       i 
 63375.795  28.763  28.637  28.508   5182.42     3631.0    cyan 
 63375.795  28.813  28.678  28.555  10023.96     3631.0       z 
 63375.795  28.841  28.713  28.598   4746.48     3631.0   g-P48 
 63375.795   28.85  28.721  28.602   4735.89     3631.0       g 
 63378.033  28.689  28.552  28.428   6366.38     3631.0   r-P48 
 63378.033  28.692  28.555   28.43   6629.82     3631.0  orange 
 63378.033  28.699  28.564  28.439   6198.96     3631.0       r 
 63378.033  28.708  28.569   28.45   7645.77     3631.0       i 
 63378.033  28.766   28.64  28.511   5182.42     3631.0    cyan 
 63378.033  28.816  28.681  28.558  10023.96     3631.0       z 
 63378.033  28.844  28.716  28.601   4746.48     3631.0   g-P48 
 63378.033  28.853  28.724  28.605   4735.89     3631.0       g 
 63380.271  28.692  28.555  28.431   6366.38     3631.0   r-P48 
 63380.271  28.695  28.558  28.433   6629.82     3631.0  orange 
 63380.271  28.702  28.567  28.443   6198.96     3631.0       r 
 63380.271  28.711  28.572  28.453   7645.77     3631.0       i 
 63380.271  28.769  28.643  28.514   5182.42     3631.0    cyan 
 63380.271  28.819  28.684  28.561  10023.96     3631.0       z 
 63380.271  28.847  28.719  28.604   4746.48     3631.0   g-P48 
 63380.271  28.856  28.727  28.608   4735.89     3631.0       g 
  63382.51  28.695  28.558  28.434   6366.38     3631.0   r-P48 
  63382.51  28.698  28.561  28.437   6629.82     3631.0  orange 
  63382.51  28.705   28.57  28.446   6198.96     3631.0       r 
  63382.51  28.714  28.575  28.456   7645.77     3631.0       i 
  63382.51  28.772  28.646  28.517   5182.42     3631.0    cyan 
  63382.51  28.822  28.687  28.564  10023.96     3631.0       z 
  63382.51   28.85  28.722  28.607   4746.48     3631.0   g-P48 
  63382.51  28.859   28.73  28.611   4735.89     3631.0       g 
 63384.748  28.698  28.562  28.437   6366.38     3631.0   r-P48 
 63384.748  28.701  28.564   28.44   6629.82     3631.0  orange 
 63384.748  28.709  28.573  28.449   6198.96     3631.0       r 
 63384.748  28.717  28.579  28.459   7645.77     3631.0       i 
 63384.748  28.775  28.649   28.52   5182.42     3631.0    cyan 
 63384.748  28.826   28.69  28.567  10023.96     3631.0       z 
 63384.748  28.853  28.726   28.61   4746.48     3631.0   g-P48 
 63384.748  28.862  28.734  28.615   4735.89     3631.0       g 
