                MJD               R_low               R_med              R_high               T_low               T_med              T_high                   L_low                   L_med                  L_high 
       59805.624272                 0.0                 0.0                 0.0                 0.0                 0.0                 0.0                     0.0                     0.0                     0.0 
  59807.86262330144                 0.0                 0.0                 0.0                 0.0                 0.0                 0.0                     0.0                     0.0                     0.0 
  59810.10097460288                 0.0                 0.0                 0.0                 0.0                 0.0                 0.0                     0.0                     0.0                     0.0 
 59812.339325904315                 0.0                 0.0                 0.0                 0.0                 0.0                 0.0                     0.0                     0.0                     0.0 
  59814.57767720576                 0.0                 0.0                 0.0                 0.0                 0.0                 0.0                     0.0                     0.0                     0.0 
  59816.81602850719                 0.0                 0.0                 0.0                 0.0                 0.0                 0.0                     0.0                     0.0                     0.0 
  59819.05437980863                 0.0                 0.0                 0.0                 0.0                 0.0                 0.0                     0.0                     0.0                     0.0 
  59821.29273111007                 0.0                 0.0                 0.0                 0.0                 0.0                 0.0                     0.0                     0.0                     0.0 
  59823.53108241151                 0.0                 0.0                 0.0                 0.0                 0.0                 0.0                     0.0                     0.0                     0.0 
  59825.76943371294                 0.0                 0.0                 0.0                 0.0                 0.0                 0.0                     0.0                     0.0                     0.0 
 59828.007785014386                 0.0                 0.0                 0.0                 0.0                 0.0                 0.0                     0.0                     0.0                     0.0 
  59830.24613631582                 0.0                 0.0                 0.0                 0.0                 0.0                 0.0                     0.0                     0.0                     0.0 
 59832.484487617265                 0.0                 0.0                 0.0                 0.0                 0.0                 0.0                     0.0                     0.0                     0.0 
   59834.7228389187                 0.0                 0.0                 0.0                 0.0                 0.0                 0.0                     0.0                     0.0                     0.0 
 59836.961190220136                 0.0                 0.0                 0.0                 0.0                 0.0                 0.0                     0.0                     0.0                     0.0 
  59839.19954152158                 0.0                 0.0                 0.0                 0.0                 0.0                 0.0                     0.0                     0.0                     0.0 
 59841.437892823014                 0.0                 0.0                 0.0                 0.0                 0.0                 0.0                     0.0                     0.0                     0.0 
  59843.67624412446                 0.0                 0.0                 0.0                 0.0                 0.0                 0.0                     0.0                     0.0                     0.0 
  59845.91459542589                 0.0                 0.0                 0.0                 0.0                 0.0                 0.0                     0.0                     0.0                     0.0 
  59848.15294672733                 0.0                 0.0                 0.0                 0.0                 0.0                 0.0                     0.0                     0.0                     0.0 
  59850.39129802877                 0.0                 0.0                 0.0                 0.0                 0.0                 0.0                     0.0                     0.0                     0.0 
  59852.62964933021                 0.0                 0.0                 0.0                 0.0                 0.0                 0.0                     0.0                     0.0                     0.0 
  59854.86800063164                 0.0                 0.0                 0.0                 0.0                 0.0                 0.0                     0.0                     0.0                     0.0 
 59857.106351933086                 0.0                 0.0                 0.0                 0.0                 0.0                 0.0                     0.0                     0.0                     0.0 
  59859.34470323452                 0.0                 0.0                 0.0                 0.0                 0.0                 0.0                     0.0                     0.0                     0.0 
 59861.583054535964                 0.0                 0.0                 0.0                 0.0                 0.0                 0.0                     0.0                     0.0                     0.0 
   59863.8214058374                 0.0                 0.0                 0.0                 0.0                 0.0                 0.0                     0.0                     0.0                     0.0 
 59866.059757138835                 0.0                 0.0                 0.0                 0.0                 0.0                 0.0                     0.0                     0.0                     0.0 
  59868.29810844028                 0.0                 0.0                 0.0                 0.0                 0.0                 0.0                     0.0                     0.0                     0.0 
 59870.536459741714                 0.0                 0.0                 0.0                 0.0                 0.0                 0.0                     0.0                     0.0                     0.0 
  59872.77481104315                 0.0                 0.0                 0.0                 0.0                 0.0                 0.0                     0.0                     0.0                     0.0 
  59875.01316234459                 0.0                 0.0                 0.0                 0.0                 0.0                 0.0                     0.0                     0.0                     0.0 
  59877.25151364603                 0.0                 0.0                 0.0                 0.0                 0.0                 0.0                     0.0                     0.0                     0.0 
  59879.48986494747                 0.0                 0.0                 0.0                 0.0                 0.0                 0.0                     0.0                     0.0                     0.0 
  59881.72821624891                 0.0                 0.0                 0.0                 0.0                 0.0                 0.0                     0.0                     0.0                     0.0 
  59883.96656755034                 0.0                 0.0                 0.0                 0.0                 0.0                 0.0                     0.0                     0.0                     0.0 
 59886.204918851785                 0.0                 0.0                 0.0                 0.0                 0.0                 0.0                     0.0                     0.0                     0.0 
  59888.44327015322                 0.0                 0.0                 0.0                 0.0                 0.0                 0.0                     0.0                     0.0                     0.0 
  59890.68162145466                 0.0                 0.0                 0.0                 0.0                 0.0                 0.0                     0.0                     0.0                     0.0 
   59892.9199727561                 0.0                 0.0                 0.0                 0.0                 0.0                 0.0                     0.0                     0.0                     0.0 
 59895.158324057535                 0.0                 0.0                 0.0                 0.0                 0.0                 0.0                     0.0                     0.0                     0.0 
  59897.39667535898                 0.0                 0.0                 0.0                 0.0                 0.0                 0.0                     0.0                     0.0                     0.0 
  59899.63502666041                 0.0                 0.0                 0.0                 0.0                 0.0                 0.0                     0.0                     0.0                     0.0 
  59901.87337796185                 0.0                 0.0                 0.0                 0.0                 0.0                 0.0                     0.0                     0.0                     0.0 
  59904.11172926329                 0.0                 0.0                 0.0                 0.0                 0.0                 0.0                     0.0                     0.0                     0.0 
  59906.35008056473                 0.0                 0.0                 0.0                 0.0                 0.0                 0.0                     0.0                     0.0                     0.0 
  59908.58843186617                 0.0                 0.0                 0.0                 0.0                 0.0                 0.0                     0.0                     0.0                     0.0 
 59910.826783167606                 0.0                 0.0                 0.0                 0.0                 0.0                 0.0                     0.0                     0.0                     0.0 
  59913.06513446904                 0.0                 0.0                 0.0                 0.0                 0.0                 0.0                     0.0                     0.0                     0.0 
 59915.303485770484                 0.0                 0.0                 0.0                 0.0                 0.0                 0.0                     0.0                     0.0                     0.0 
  59917.54183707192                 0.0                 0.0                 0.0                 0.0                 0.0                 0.0                     0.0                     0.0                     0.0 
  59919.78018837336                 0.0                 0.0                 0.0                 0.0                 0.0                 0.0                     0.0                     0.0                     0.0 
   59922.0185396748                 0.0                 0.0                 0.0                 0.0                 0.0                 0.0                     0.0                     0.0                     0.0 
 59924.256890976234                 0.0                 0.0                 0.0                 0.0                 0.0                 0.0                     0.0                     0.0                     0.0 
  59926.49524227768                 0.0                 0.0                 0.0                 0.0                 0.0                 0.0                     0.0                     0.0                     0.0 
  59928.73359357911                 0.0                 0.0                 0.0                 0.0                 0.0                 0.0                     0.0                     0.0                     0.0 
  59930.97194488055                 0.0                 0.0                 0.0                 0.0                 0.0                 0.0                     0.0                     0.0                     0.0 
  59933.21029618199                 0.0                 0.0                 0.0                 0.0                 0.0                 0.0                     0.0                     0.0                     0.0 
  59935.44864748343                 0.0                 0.0                 0.0                 0.0                 0.0                 0.0                     0.0                     0.0                     0.0 
  59937.68699878487                 0.0                 0.0                 0.0                 0.0                 0.0                 0.0                     0.0                     0.0                     0.0 
 59939.925350086305                 0.0                 0.0                 0.0                 0.0                 0.0                 0.0                     0.0                     0.0                     0.0 
  59942.16370138774                 0.0                 0.0                 0.0                 0.0                 0.0                 0.0                     0.0                     0.0                     0.0 
  59944.40205268918                 0.0                 0.0                 0.0                 0.0                 0.0                 0.0                     0.0                     0.0                     0.0 
  59946.64040399062                 0.0                 0.0                 0.0                 0.0                 0.0                 0.0                     0.0                     0.0                     0.0 
 59948.878755292055                 0.0                 0.0                 0.0                 0.0                 0.0                 0.0                     0.0                     0.0                     0.0 
   59951.1171065935                 0.0                 0.0                 0.0                 0.0                 0.0                 0.0                     0.0                     0.0                     0.0 
  59953.35545789493                 0.0                 0.0                 0.0                 0.0                 0.0                 0.0                     0.0                     0.0                     0.0 
 59955.593809196376                 0.0                 0.0                 0.0                 0.0                 0.0                 0.0                     0.0                     0.0                     0.0 
  59957.83216049781                 0.0                 0.0                 0.0                 0.0                 0.0                 0.0                     0.0                     0.0                     0.0 
  59960.07051179925                 0.0                 0.0                 0.0                 0.0                 0.0                 0.0                     0.0                     0.0                     0.0 
  59962.30886310069                 0.0                 0.0                 0.0                 0.0                 0.0                 0.0                     0.0                     0.0                     0.0 
 59964.547214402126                 0.0                 0.0                 0.0                 0.0                 0.0                 0.0                     0.0                     0.0                     0.0 
  59966.78556570357                 0.0                 0.0                 0.0                 0.0                 0.0                 0.0                     0.0                     0.0                     0.0 
 59969.023917005004                 0.0                 0.0                 0.0                 0.0                 0.0                 0.0                     0.0                     0.0                     0.0 
  59971.26226830644                 0.0                 0.0                 0.0                 0.0                 0.0                 0.0                     0.0                     0.0                     0.0 
  59973.50061960788                 0.0                 0.0                 0.0                 0.0                 0.0                 0.0                     0.0                     0.0                     0.0 
  59975.73897090932                 0.0                 0.0                 0.0                 0.0                 0.0                 0.0                     0.0                     0.0                     0.0 
 59977.977322210754                 0.0                 0.0                 0.0                 0.0                 0.0                 0.0                     0.0                     0.0                     0.0 
   59980.2156735122                 0.0                 0.0                 0.0                 0.0                 0.0                 0.0                     0.0                     0.0                     0.0 
  59982.45402481363                 0.0                 0.0                 0.0                 0.0                 0.0                 0.0                     0.0                     0.0                     0.0 
 59984.692376115076                 0.0                 0.0                 0.0                 0.0                 0.0                 0.0                     0.0                     0.0                     0.0 
  59986.93072741651                 0.0                 0.0                 0.0                 0.0                 0.0                 0.0                     0.0                     0.0                     0.0 
  59989.16907871795                 0.0                 0.0                 0.0                 0.0                 0.0                 0.0                     0.0                     0.0                     0.0 
  59991.40743001939                 0.0                 0.0                 0.0                 0.0                 0.0                 0.0                     0.0                     0.0                     0.0 
 59993.645781320825                 0.0                 0.0                 0.0                 0.0                 0.0                 0.0                     0.0                     0.0                     0.0 
  59995.88413262227                 0.0                 0.0                 0.0                 0.0                 0.0                 0.0                     0.0                     0.0                     0.0 
 59998.122483923704                 0.0                 0.0                 0.0                 0.0                 0.0                 0.0                     0.0                     0.0                     0.0 
  60000.36083522514                 0.0                 0.0                 0.0                 0.0                 0.0                 0.0                     0.0                     0.0                     0.0 
  60002.59918652658                 0.0                 0.0                 0.0                 0.0                 0.0                 0.0                     0.0                     0.0                     0.0 
  60004.83753782802                 0.0                 0.0                 0.0                 0.0                 0.0                 0.0                     0.0                     0.0                     0.0 
  60007.07588912945                 0.0                 0.0                 0.0                 0.0                 0.0                 0.0                     0.0                     0.0                     0.0 
   60009.3142404309                 0.0                 0.0                 0.0                 0.0                 0.0                 0.0                     0.0                     0.0                     0.0 
  60011.55259173233                 0.0                 0.0                 0.0                 0.0                 0.0                 0.0                     0.0                     0.0                     0.0 
 60013.790943033775                 0.0                 0.0                 0.0                 0.0                 0.0                 0.0                     0.0                     0.0                     0.0 
  60016.02929433521                 0.0                 0.0                 0.0                 0.0                 0.0                 0.0                     0.0                     0.0                     0.0 
 60018.267645636646                 0.0                 0.0                 0.0                 0.0                 0.0                 0.0                     0.0                     0.0                     0.0 
  60020.50599693809                 0.0                 0.0                 0.0                 0.0                 0.0                 0.0                     0.0                     0.0                     0.0 
 60022.744348239525                 0.0                 0.0                 0.0                 0.0                 0.0                 0.0                     0.0                     0.0                     0.0 
  60024.98269954097                 0.0                 0.0                 0.0                 0.0                 0.0                 0.0                     0.0                     0.0                     0.0 
   60027.2210508424                 0.0                 0.0                 0.0                 0.0                 0.0                 0.0                     0.0                     0.0                     0.0 
  60029.45940214384                 0.0                 0.0                 0.0                 0.0                 0.0                 0.0                     0.0                     0.0                     0.0 
  60031.69775344528                 0.0                 0.0                 0.0                 0.0                 0.0                 0.0                     0.0                     0.0                     0.0 
  60033.93610474672                 0.0                 0.0                 0.0                 0.0                 0.0                 0.0                     0.0                     0.0                     0.0 
  60036.17445604815                 0.0                 0.0                 0.0                 0.0                 0.0                 0.0                     0.0                     0.0                     0.0 
 60038.412807349596                 0.0                 0.0                 0.0                 0.0                 0.0                 0.0                     0.0                     0.0                     0.0 
  60040.65115865103                 0.0                 0.0                 0.0                 0.0                 0.0                 0.0                     0.0                     0.0                     0.0 
 60042.889509952474                 0.0                 0.0                 0.0                 0.0                 0.0                 0.0                     0.0                     0.0                     0.0 
  60045.12786125391                 0.0                 0.0                 0.0                 0.0                 0.0                 0.0                     0.0                     0.0                     0.0 
 60047.366212555346                 0.0                 0.0                 0.0                 0.0                 0.0                 0.0                     0.0                     0.0                     0.0 
  60049.60456385679                 0.0                 0.0                 0.0                 0.0                 0.0                 0.0                     0.0                     0.0                     0.0 
 60051.842915158224                 0.0                 0.0                 0.0                 0.0                 0.0                 0.0                     0.0                     0.0                     0.0 
  60054.08126645966                 0.0                 0.0                 0.0                 0.0                 0.0                 0.0                     0.0                     0.0                     0.0 
   60056.3196177611                 0.0                 0.0                 0.0                 0.0                 0.0                 0.0                     0.0                     0.0                     0.0 
  60058.55796906254                 0.0                 0.0                 0.0                 0.0                 0.0                 0.0                     0.0                     0.0                     0.0 
  60060.79632036398                 0.0                 0.0                 0.0                 0.0                 0.0                 0.0                     0.0                     0.0                     0.0 
  60063.03467166542                 0.0                 0.0                 0.0                 0.0                 0.0                 0.0                     0.0                     0.0                     0.0 
  60065.27302296685                 0.0                 0.0                 0.0                 0.0                 0.0                 0.0                     0.0                     0.0                     0.0 
 60067.511374268295                 0.0                 0.0                 0.0                 0.0                 0.0                 0.0                     0.0                     0.0                     0.0 
  60069.74972556973                 0.0                 0.0                 0.0                 0.0                 0.0                 0.0                     0.0                     0.0                     0.0 
 60071.988076871174                 0.0                 0.0                 0.0                 0.0                 0.0                 0.0                     0.0                     0.0                     0.0 
  60074.22642817261                 0.0                 0.0                 0.0                 0.0                 0.0                 0.0                     0.0                     0.0                     0.0 
 60076.464779474045                 0.0                 0.0                 0.0                 0.0                 0.0                 0.0                     0.0                     0.0                     0.0 
  60078.70313077549                 0.0                 0.0                 0.0                 0.0                 0.0                 0.0                     0.0                     0.0                     0.0 
  60080.94148207692                 0.0                 0.0                 0.0                 0.0                 0.0                 0.0                     0.0                     0.0                     0.0 
  60083.17983337836                 0.0                 0.0                 0.0                 0.0                 0.0                 0.0                     0.0                     0.0                     0.0 
   60085.4181846798                 0.0                 0.0                 0.0                 0.0                 0.0                 0.0                     0.0                     0.0                     0.0 
  60087.65653598124                 0.0                 0.0                 0.0                 0.0                 0.0                 0.0                     0.0                     0.0                     0.0 
  60089.89488728268                 0.0                 0.0                 0.0                 0.0                 0.0                 0.0                     0.0                     0.0                     0.0 
 60092.133238584116                 0.0                 0.0                 0.0                 0.0                 0.0                 0.0                     0.0                     0.0                     0.0 
  60094.37158988555                 0.0                 0.0                 0.0                 0.0                 0.0                 0.0                     0.0                     0.0                     0.0 
 60096.609941186995                 0.0                 0.0                 0.0                 0.0                 0.0                 0.0                     0.0                     0.0                     0.0 
  60098.84829248843                 0.0                 0.0                 0.0                 0.0                 0.0                 0.0                     0.0                     0.0                     0.0 
  60101.08664378987                 0.0                 0.0                 0.0                 0.0                 0.0                 0.0                     0.0                     0.0                     0.0 
  60103.32499509131                 0.0                 0.0                 0.0                 0.0                 0.0                 0.0                     0.0                     0.0                     0.0 
 60105.563346392744                 0.0                 0.0                 0.0                 0.0                 0.0                 0.0                     0.0                     0.0                     0.0 
  60107.80169769419                 0.0                 0.0                 0.0                 0.0                 0.0                 0.0                     0.0                     0.0                     0.0 
  60110.04004899562                 0.0                 0.0                 0.0                 0.0                 0.0                 0.0                     0.0                     0.0                     0.0 
  60112.27840029706                 0.0                 0.0                 0.0                 0.0                 0.0                 0.0                     0.0                     0.0                     0.0 
   60114.5167515985                 0.0                 0.0                 0.0                 0.0                 0.0                 0.0                     0.0                     0.0                     0.0 
  60116.75510289994                 0.0                 0.0                 0.0                 0.0                 0.0                 0.0                     0.0                     0.0                     0.0 
  60118.99345420138                 0.0                 0.0                 0.0                 0.0                 0.0                 0.0                     0.0                     0.0                     0.0 
 60121.231805502815                 0.0                 0.0                 0.0                 0.0                 0.0                 0.0                     0.0                     0.0                     0.0 
  60123.47015680425                 0.0                 0.0                 0.0                 0.0                 0.0                 0.0                     0.0                     0.0                     0.0 
 60125.708508105694                 0.0                 0.0                 0.0                 0.0                 0.0                 0.0                     0.0                     0.0                     0.0 
  60127.94685940713                 0.0                 0.0                 0.0                 0.0                 0.0                 0.0                     0.0                     0.0                     0.0 
  60130.18521070857                 0.0                 0.0                 0.0                 0.0                 0.0                 0.0                     0.0                     0.0                     0.0 
  60132.42356201001                 0.0                 0.0                 0.0                 0.0                 0.0                 0.0                     0.0                     0.0                     0.0 
 60134.661913311444                 0.0                 0.0                 0.0                 0.0                 0.0                 0.0                     0.0                     0.0                     0.0 
  60136.90026461289                 0.0                 0.0                 0.0                 0.0                 0.0                 0.0                     0.0                     0.0                     0.0 
  60139.13861591432                 0.0                 0.0                 0.0                 0.0                 0.0                 0.0                     0.0                     0.0                     0.0 
  60141.37696721576                 0.0                 0.0                 0.0                 0.0                 0.0                 0.0                     0.0                     0.0                     0.0 
   60143.6153185172                 0.0                 0.0                 0.0                 0.0                 0.0                 0.0                     0.0                     0.0                     0.0 
 60145.853669818636                 0.0                 0.0                 0.0                 0.0                 0.0                 0.0                     0.0                     0.0                     0.0 
  60148.09202112008                 0.0                 0.0                 0.0                 0.0                 0.0                 0.0                     0.0                     0.0                     0.0 
 60150.330372421515                 0.0                 0.0                 0.0                 0.0                 0.0                 0.0                     0.0                     0.0                     0.0 
  60152.56872372295                 0.0                 0.0                 0.0                 0.0                 0.0                 0.0                     0.0                     0.0                     0.0 
  60154.80707502439                 0.0                 0.0                 0.0                 0.0                 0.0                 0.0                     0.0                     0.0                     0.0 
  60157.04542632583                 0.0                 0.0                 0.0                 0.0                 0.0                 0.0                     0.0                     0.0                     0.0 
 60159.283777627264                 0.0                 0.0                 0.0                 0.0                 0.0                 0.0                     0.0                     0.0                     0.0 
  60161.52212892871                 0.0                 0.0                 0.0                 0.0                 0.0                 0.0                     0.0                     0.0                     0.0 
  60163.76048023014                 0.0                 0.0                 0.0                 0.0                 0.0                 0.0                     0.0                     0.0                     0.0 
 60165.998831531586                 0.0                 0.0                 0.0                 0.0                 0.0                 0.0                     0.0                     0.0                     0.0 
  60168.23718283302                 0.0                 0.0                 0.0                 0.0                 0.0                 0.0                     0.0                     0.0                     0.0 
  60170.47553413446                 0.0                 0.0                 0.0                 0.0                 0.0                 0.0                     0.0                     0.0                     0.0 
   60172.7138854359                 0.0                 0.0                 0.0                 0.0                 0.0                 0.0                     0.0                     0.0                     0.0 
 60174.952236737336                 0.0                 0.0                 0.0                 0.0                 0.0                 0.0                     0.0                     0.0                     0.0 
  60177.19058803878                 0.0                 0.0                 0.0                 0.0                 0.0                 0.0                     0.0                     0.0                     0.0 
 60179.428939340214                 0.0                 0.0                 0.0                 0.0                 0.0                 0.0                     0.0                     0.0                     0.0 
  60181.66729064165                 0.0                 0.0                 0.0                 0.0                 0.0                 0.0                     0.0                     0.0                     0.0 
  60183.90564194309                 0.0                 0.0                 0.0                 0.0                 0.0                 0.0                     0.0                     0.0                     0.0 
  60186.14399324453                 0.0                 0.0                 0.0                 0.0                 0.0                 0.0                     0.0                     0.0                     0.0 
 60188.382344545964                 0.0                 0.0                 0.0                 0.0                 0.0                 0.0                     0.0                     0.0                     0.0 
  60190.62069584741                 0.0                 0.0                 0.0                 0.0                 0.0                 0.0                     0.0                     0.0                     0.0 
  60192.85904714884                 0.0                 0.0                 0.0                 0.0                 0.0                 0.0                     0.0                     0.0                     0.0 
 60195.097398450285                 0.0                 0.0                 0.0                 0.0                 0.0                 0.0                     0.0                     0.0                     0.0 
  60197.33574975172                 0.0                 0.0                 0.0                 0.0                 0.0                 0.0                     0.0                     0.0                     0.0 
  60199.57410105316                 0.0                 0.0                 0.0                 0.0                 0.0                 0.0                     0.0                     0.0                     0.0 
   60201.8124523546                 0.0                 0.0                 0.0                 0.0                 0.0                 0.0                     0.0                     0.0                     0.0 
 60204.050803656035                 0.0                 0.0                 0.0                 0.0                 0.0                 0.0                     0.0                     0.0                     0.0 
  60206.28915495748                 0.0                 0.0                 0.0                 0.0                 0.0                 0.0                     0.0                     0.0                     0.0 
  60208.52750625891                 0.0                 0.0                 0.0                 0.0                 0.0                 0.0                     0.0                     0.0                     0.0 
  60210.76585756035                 0.0                 0.0                 0.0                 0.0                 0.0                 0.0                     0.0                     0.0                     0.0 
  60213.00420886179                 0.0                 0.0                 0.0                 0.0                 0.0                 0.0                     0.0                     0.0                     0.0 
  60215.24256016323                 0.0                 0.0                 0.0                 0.0                 0.0                 0.0                     0.0                     0.0                     0.0 
  60217.48091146466                 0.0                 0.0                 0.0                 0.0                 0.0                 0.0                     0.0                     0.0                     0.0 
 60219.719262766106                 0.0                 0.0                 0.0                 0.0                 0.0                 0.0                     0.0                     0.0                     0.0 
  60221.95761406754                 0.0                 0.0                 0.0                 0.0                 0.0                 0.0                     0.0                     0.0                     0.0 
 60224.195965368985                 0.0                 0.0                 0.0                 0.0                 0.0                 0.0                     0.0                     0.0                     0.0 
  60226.43431667042                 0.0                 0.0                 0.0                 0.0                 0.0                 0.0                     0.0                     0.0                     0.0 
 60228.672667971856                 0.0                 0.0                 0.0                 0.0                 0.0                 0.0                     0.0                     0.0                     0.0 
   60230.9110192733                 0.0                 0.0                 0.0                 0.0                 0.0                 0.0                     0.0                     0.0                     0.0 
 60233.149370574734                 0.0                 0.0                 0.0                 0.0                 0.0                 0.0                     0.0                     0.0                     0.0 
  60235.38772187617                 0.0                 0.0                 0.0                 0.0                 0.0                 0.0                     0.0                     0.0                     0.0 
  60237.62607317761                 0.0                 0.0                 0.0                 0.0                 0.0                 0.0                     0.0                     0.0                     0.0 
  60239.86442447905                 0.0                 0.0                 0.0                 0.0                 0.0                 0.0                     0.0                     0.0                     0.0 
  60242.10277578049                 0.0                 0.0                 0.0                 0.0                 0.0                 0.0                     0.0                     0.0                     0.0 
  60244.34112708193                 0.0                 0.0                 0.0                 0.0                 0.0                 0.0                     0.0                     0.0                     0.0 
  60246.57947838336                 0.0                 0.0                 0.0                 0.0                 0.0                 0.0                     0.0                     0.0                     0.0 
 60248.817829684805                 0.0                 0.0                 0.0                 0.0                 0.0                 0.0                     0.0                     0.0                     0.0 
  60251.05618098624                 0.0                 0.0                 0.0                 0.0                 0.0                 0.0                     0.0                     0.0                     0.0 
 60253.294532287684                 0.0                 0.0                 0.0                 0.0                 0.0                 0.0                     0.0                     0.0                     0.0 
  60255.53288358912                 0.0                 0.0                 0.0                 0.0                 0.0                 0.0                     0.0                     0.0                     0.0 
 60257.771234890555                 0.0                 0.0                 0.0                 0.0                 0.0                 0.0                     0.0                     0.0                     0.0 
    60260.009586192                 0.0                 0.0                 0.0                 0.0                 0.0                 0.0                     0.0                     0.0                     0.0 
 60262.247937493434                 0.0                 0.0                 0.0                 0.0                 0.0                 0.0                     0.0                     0.0                     0.0 
  60264.48628879487                 0.0                 0.0                 0.0                 0.0                 0.0                 0.0                     0.0                     0.0                     0.0 
  60266.72464009631                 0.0                 0.0                 0.0                 0.0                 0.0                 0.0                     0.0                     0.0                     0.0 
  60268.96299139775                 0.0                 0.0                 0.0                 0.0                 0.0                 0.0                     0.0                     0.0                     0.0 
  60271.20134269919                 0.0                 0.0                 0.0                 0.0                 0.0                 0.0                     0.0                     0.0                     0.0 
 60273.439694000626                 0.0                 0.0                 0.0                 0.0                 0.0                 0.0                     0.0                     0.0                     0.0 
  60275.67804530206                 0.0                 0.0                 0.0                 0.0                 0.0                 0.0                     0.0                     0.0                     0.0 
 60277.916396603505                 0.0                 0.0                 0.0                 0.0                 0.0                 0.0                     0.0                     0.0                     0.0 
  60280.15474790494                 0.0                 0.0                 0.0                 0.0                 0.0                 0.0                     0.0                     0.0                     0.0 
  60282.39309920638                 0.0                 0.0                 0.0                 0.0                 0.0                 0.0                     0.0                     0.0                     0.0 
  60284.63145050782                 0.0                 0.0                 0.0                 0.0                 0.0                 0.0                     0.0                     0.0                     0.0 
 60286.869801809255                 0.0                 0.0                 0.0                 0.0                 0.0                 0.0                     0.0                     0.0                     0.0 
   60289.1081531107                 0.0                 0.0                 0.0                 0.0                 0.0                 0.0                     0.0                     0.0                     0.0 
  60291.34650441213                 0.0                 0.0                 0.0                 0.0                 0.0                 0.0                     0.0                     0.0                     0.0 
  60293.58485571357                 0.0                 0.0                 0.0                 0.0                 0.0                 0.0                     0.0                     0.0                     0.0 
  60295.82320701501                 0.0                 0.0                 0.0                 0.0                 0.0                 0.0                     0.0                     0.0                     0.0 
  60298.06155831645                 0.0                 0.0                 0.0                 0.0                 0.0                 0.0                     0.0                     0.0                     0.0 
  60300.29990961789                 0.0                 0.0                 0.0                 0.0                 0.0                 0.0                     0.0                     0.0                     0.0 
 60302.538260919326                 0.0                 0.0                 0.0                 0.0                 0.0                 0.0                     0.0                     0.0                     0.0 
  60304.77661222076                 0.0                 0.0                 0.0                 0.0                 0.0                 0.0                     0.0                     0.0                     0.0 
       60305.624272                 0.0                 0.0                 0.0                 0.0                 0.0                 0.0                     0.0                     0.0                     0.0 
       60306.630231                 0.0                 0.0   850962551693.6204                 0.0                 0.0   4465.621061138815                     0.0                     0.0  3.8539626463439756e+37 
 60307.014963522204                 0.0                 0.0  17546809699671.197                 0.0                 0.0  13789.373705483267                     0.0                     0.0   7.134171566951508e+39 
       60308.642606                 0.0   32923424107394.35   89538351631123.83                 0.0  13803.458183760125  14927.107800613581                     0.0   3.115849054171508e+40   2.321070247178296e+41 
  60309.25331482364  15389488591110.271    60712216218096.8  116938151844252.02  12903.152802769338  13960.009568488222  14933.457479314047   6.563541102252536e+39  1.0477545917393383e+41   3.785094874529339e+41 
       60309.607117  30822827860684.812   76679805219604.77  132811688580581.25    13181.6442499785  14063.890084328277  14908.162215910568   2.859619946052746e+40   1.675796960141465e+41  4.8115321898163905e+41 
       60310.652596   79981081944524.77  122385814198966.45   180043391907094.1  13242.476952291638  13990.610693729623  14862.249805783797  1.7196355376514913e+41   4.275296306042365e+41   8.124083903864758e+41 
 60311.491666125075  117841062444536.81  159137159337631.94  218960859562167.03  13189.682256241826  13922.247438854723  14794.477678571922   3.766095481290954e+41    6.98106287228341e+41  1.1683598719628351e+42 
       60312.653695  169786228891541.62   209598803866571.2  271081822317356.47  13083.888049797584  13774.364860333058  14645.120866462094   7.949715356313862e+41  1.1668504988492553e+42  1.7308059935620983e+42 
  60313.73001742652  218581758919868.94  258699999633317.25   319332558004464.2  12985.037766144407  13644.550297228521  14520.713216638731  1.2558656840358594e+42  1.6963560962473003e+42  2.4029409774106892e+42 
 60315.968368727954   316153147146399.3   359555046003301.0   414722272265660.9  12811.530433684275  13456.357343587217  14280.539125614694  2.4628160509668414e+42   3.039553271158821e+42   3.932089498492782e+42 
   60318.2067200294   414256345615728.3   462740362190679.5   515388431239711.0  12667.683298689546  13227.893873112309  14088.026923525518   3.957510423800906e+42   4.704387864997787e+42    5.71601181338422e+42 
  60320.44507133083  509885615186911.25   562412176022887.0   618071061380949.4  12510.834888630769  13054.577871261383  13919.652765697068   5.730807866535482e+42   6.628507261656128e+42   7.813082807766237e+42 
       60322.622497   602135708892971.5   661171638178998.2   712968384494985.6   12383.65549562616  12900.914386918052  13735.911176254425   7.666912085237642e+42   8.570482174688513e+42  1.0045595580112193e+43 
  60322.68342263227   604505866021143.5   663978555316297.0   715592219464437.5  12380.206395945946  12896.997690144148   13730.95031327755   7.723510667509734e+42   8.626097518605708e+42  1.0110820194233248e+43 
       60324.089575   662070079976112.8   727813439256216.5   777840791536546.8  12292.443384459915  12801.497323700016   13619.33874163091   9.075367665063305e+42   9.986124417809137e+42   1.165643660828162e+43 
        60324.65136   686296647943538.5   753259706226068.6   802998531041169.6  12260.936749592347  12770.900316497193  13581.336032275967    9.63562181184796e+42  1.0597926041106983e+43  1.2300324109380457e+43 
  60324.92177393371   698445551061658.9   765424594833925.5   815541996661456.9  12246.823366636589  12756.406337935656  13561.809626184062   9.913246528189275e+42  1.0901597291070223e+43  1.2618378457554592e+43 
       60325.489444   724317205562512.2   790481345629132.8   841244955025194.1  12217.510386828979  12724.627175071022  13519.538748505192  1.0506453063994558e+43  1.1516060553922504e+43   1.327255038495245e+43 
       60325.527511   726063079011178.1   792030696117413.0   842943779891489.1  12215.559318081532  12722.385986046269  13516.729124271546  1.0546697390029762e+43  1.1561166757727038e+43  1.3316059765902008e+43 
  60327.16012523515   797906022509659.0   864291830571091.0   919210772315946.6  12122.684715458878  12616.643118310285  13392.972530501142    1.22867441093253e+43  1.3376614465201718e+43   1.532270763146458e+43 
       60327.652351   819380915169959.1   886136351168598.8   941434625062231.0  12096.393154507772   12587.47707317425  13355.057971010368  1.2834121601382148e+43  1.3925508719967702e+43  1.5917293953012142e+43 
       60328.651399   861495701645196.9   929900294107107.8   988253796160380.2  12047.901133037076  12535.599459723533  13280.273426486778   1.395742907136005e+43  1.5084243841158484e+43  1.7117269405161066e+43 
  60329.39847653659   892729247017982.6   962430037851882.6  1023368830377468.2  12013.328260841488  12490.003220791301  13236.152546077648  1.4810305038182159e+43  1.6009139922402384e+43  1.8007399679027594e+43 
       60330.605928   944052735498023.9  1016304133212100.0  1080122911950742.4  11953.892239275272  12426.601204398336  13166.377261797896  1.6178011888949969e+43  1.7512726057846895e+43  1.9551574648360255e+43 
       60331.357882   975723322382063.5  1050277191525943.6  1114734429946508.0  11912.350967159095  12388.157263373665  13123.795066458966  1.7037149378603985e+43  1.8452613884038832e+43   2.053575596612519e+43 
 60331.636827838025   987322992069256.5  1062977019955955.0  1127573289788867.5  11895.706800858148  12372.155129066943   13108.15794702203  1.7362469632206815e+43  1.8787850320434482e+43  2.0909298532349073e+43 
       60332.584132  1026605217421981.8  1105267382001453.2  1171174246339026.2   11840.69091049073   12318.65603504307   13055.70114593283  1.8507028884982878e+43  1.9946418890446143e+43  2.2211263693558812e+43 
       60333.098757  1047945369860215.6  1127871106092106.8  1194860558682037.5  11813.641896117093  12290.097186984654  13027.588211667737   1.914498952045757e+43  2.0594265338620436e+43  2.2926242409523415e+43 
  60333.87517913946  1080264216521430.6  1161973669742105.0  1230596438799477.5  11776.685633726685  12247.661780291899  12985.376361192919  2.0094790986633038e+43   2.158187108662068e+43  2.3979247792423254e+43 
   60336.1135304409  1173829415684143.8  1261488710680513.5  1334366391322390.2  11692.130054130945   12148.78701771146  12863.760800702292  2.2854681713732653e+43   2.452269201823442e+43   2.705294997306089e+43 
       60336.573284  1193012730657571.0  1281867091881197.8  1355747272755963.2  11674.989317972539  12126.942236348645  12838.018609999735   2.343046420099466e+43  2.5137906093457807e+43  2.7706078200554987e+43 
  60338.35188174234  1267225099496082.5  1362315850605208.2  1434806427921854.2  11598.688394107301   12040.75702857377  12740.497052918388   2.570299320600647e+43  2.7563982403298647e+43  3.0272615540370844e+43 
       60339.305315  1307007304823262.0  1404305224963431.0  1477356920966257.5  11554.193247453648  11989.650916643233  12689.424644045623  2.6950133614079995e+43  2.8928569666173366e+43    3.16967659674552e+43 
 60340.590233043775  1360620783308021.2  1462347011665897.5  1536841835662239.8   11494.42026654636  11930.785793047686  12617.910725553073  2.8660650508931824e+43   3.068483766829773e+43   3.354030865536294e+43 
       60340.631451  1362340611292403.8  1464136516407915.5  1538787892770737.0  11492.495231479454  11928.739085393992   12615.63761037622   2.871587578794048e+43   3.074160455990473e+43   3.360116884404724e+43 
  60342.82858434522  1454016467120263.8  1563249808148555.5  1642274050331830.8  11392.867747417926  11821.735222230938   12491.98994666278  3.1699976838779454e+43  3.3789591983372907e+43  3.6897674996686052e+43 
       60344.584605  1527286802181501.2  1644085071304156.0  1724288717851309.5   11315.61347813697  11738.760797138159  12394.828832403306  3.4131370729130594e+43  3.6263600876815465e+43  3.9570353184396517e+43 
  60345.06693564665  1547412150932202.5  1666235327512206.0  1746298302967095.2  11295.352678466985  11716.320955699619  12368.505696860897  3.4802783522716785e+43  3.6957889434584076e+43  4.0315082377957263e+43 
 60347.305286948096  1640807834744445.0  1765311639058375.5  1849668784030482.8  11201.202132255332   11614.02519733884  12255.844772589147   3.785218727208658e+43  4.0116736889778494e+43  4.3700473887801585e+43 
       60348.618019  1695581858630195.2  1822446153652949.0  1912391467701495.5  11148.915073370003  11556.704415950684  12194.361376803015  3.9664656136249594e+43  4.1985759228141424e+43   4.567590001012711e+43 
       60349.108633  1716052832059843.2  1843364204056204.8  1935636355456966.8   11128.33739576149     11537.110324947  12170.420513113822  4.0345884758808975e+43   4.270622356867171e+43    4.63986816153257e+43 
  60349.54363824953  1734281445767674.2  1862210535435932.0  1955867010102541.8   11110.19851958799  11518.296717840149   12148.06916478367  4.0950228073491044e+43  4.3334746913089407e+43    4.70470204848238e+43 
       60350.590494  1778242695888870.5  1907950133171751.2  2004190993392134.0  11066.917548048626  11471.576237487658  12094.693029285883   4.240534012659898e+43   4.479847889393951e+43   4.857764233747185e+43 
       60351.302828  1808137079886588.8  1939073686344426.0  2037195629182629.8  11037.751652228717  11439.500077591603  12058.692772496594  4.3377887116372724e+43   4.578440252590618e+43   4.964492164625072e+43 
       60351.401041  1812109993283499.2  1943364844042436.8  2041821526767727.2  11033.748567618222  11435.095329745638  12053.746425240652  4.3510465293651367e+43   4.592026042110949e+43   4.979196676794381e+43 
  60351.78198955097  1827520128415522.5  1960009385061274.0  2059764456746690.0  11018.254678922814  11418.058879346834  12034.611836971304   4.402627932585881e+43   4.644708580436119e+43   5.036198940483752e+43 
       60352.592389  1860302416177668.5  1995417649081910.5  2097926512275049.8  10985.496100268028  11382.028202072488  11995.145477404192   4.512973056920204e+43   4.759175899209467e+43   5.157266829408185e+43 
       60353.071302  1879675410319986.0  2016342488020501.2  2120338417957449.2   10966.25435740768  11360.739283850206   11972.91859825171   4.578452251491481e+43   4.826956643944215e+43   5.228669180175174e+43 
       60353.469386  1895865310617730.8  2033998186666162.5  2138918630388878.5  10950.323305095846  11343.034274798305   11954.11403650289   4.632762226876283e+43   4.883907435086949e+43   5.287937054226687e+43 
        60353.50177  1897201154094011.5  2035449971802114.0  2140422101480068.0  10949.029493413296   11341.59718119839  11952.586176937857   4.637179964714169e+43   4.888596366343104e+43   5.292755163445722e+43 
  60354.02034085241  1918592257418483.0  2058697669904077.5  2164437076759581.8  10928.371882932324  11318.643207578792   11928.14165803084   4.707344017604214e+43   4.963623673681065e+43    5.36980720950158e+43 
       60355.317198  1972934336485398.5  2117923421029667.5  2224251331571351.8  10878.582904953979  11261.692713334549    11867.2420005929   4.883965820833254e+43   5.143500090565484e+43   5.562196994335255e+43 
        60355.47949  1979767933175281.2  2125340700880409.0  2231941815525631.5  10872.379763767229  11254.608842680922  11859.639791996504   4.905603282708711e+43   5.166675490011633e+43   5.586233534564836e+43 
       60355.520821  1981508249301710.0  2127229663943973.0  2233905226579370.0  10870.800722946191  11252.806083127882  11857.704984871341   4.911111663867551e+43   5.172574909329682e+43   5.592352696109308e+43 
 60356.258692153846  2012577641967187.0  2160952810136315.5  2268848564648471.0  10842.661273562522   11220.94990850866  11823.215209710232    5.00933514870417e+43   5.278334610647158e+43   5.701357817338568e+43 
       60357.066806  2046604729587735.0  2197886279119197.5  2306828741342277.0   10811.96192173537    11186.4073446904  11785.538095673188   5.116610380922324e+43   5.395570524615658e+43    5.82021664733678e+43 
  60358.49704345529  2106827451226119.8  2263305316536938.0  2373962688533944.5   10754.98317426352  11125.687663592575  11719.089035357763   5.309324052066552e+43   5.600783960568516e+43   6.029079881930732e+43 
       60360.571479  2190803368688782.8  2359256790276809.0  2470683605547380.0  10674.812067305937  11042.008811596463    11623.1749269567   5.583930845425644e+43    5.88916725324322e+43   6.327964567949851e+43 
 60360.735394756724  2197510336238362.0  2366898650637604.0  2478186321554060.0  10668.509155412552  11035.396039645926   11615.61363672106   5.605434841808153e+43   5.911667368013205e+43   6.351346181366844e+43 
       60361.054161  2210141417470071.2  2381759742502728.5  2492776820012425.0  10656.254319130852   11022.54476023788  11600.919605425432   5.647480271792921e+43   5.955326518801472e+43   6.396719042425871e+43 
         60362.3158  2260558348749960.0  2439426793779388.0  2550645009217727.0  10607.784806883268  10970.941653950267  11542.858568217282    5.81292150318762e+43   6.126887750257771e+43   6.574511128673833e+43 
  60362.97374605816  2287165436581224.0  2469127186394210.5  2581155271463646.0  10582.525033642813  10943.721923436526  11512.638667777683   5.898348735059784e+43   6.217958427731391e+43   6.666950050652189e+43 
       60363.400833  2304460436051529.5  2488406350234344.5  2600960139105395.0  10566.128674472317  10926.088363952793  11493.035882058222   5.953572462810792e+43   6.277383474620316e+43   6.726104480155467e+43 
       60364.477365  2348490361058527.0  2537002162407226.0  2650881060780621.5   10525.55178977254  10881.743918900556   11443.68869975697   6.093108452315109e+43   6.426011215241716e+43   6.873989607786761e+43 
   60365.2120973596  2378540755002793.0  2570168771244387.5  2684952055954086.5  10497.787817393057  10851.550026591485  11410.048506394072   6.186764766215269e+43   6.526421285029967e+43   6.973272571102772e+43 
       60366.282935  2422337781938842.5  2618507533901300.0  2735208601158178.0  10457.343852443639  10807.640182109735  11361.823625560657   6.321804923728734e+43   6.671014655384266e+43   7.118019899231172e+43 
  60367.45044866104  2470088837123532.5  2671000071598747.5  2790545420148596.0  10413.243891312863  10759.869546773833  11309.624468032871   6.470169675841032e+43   6.824855953409962e+43   7.270326734503829e+43 
 60369.688799962474  2562328978006302.5  2768929766110000.0  2897017395632089.0  10329.274641369722  10669.268603134355  11207.650765702827   6.744760773002318e+43   7.106670347987709e+43   7.553769846664114e+43 
  60371.92715126392  2654955598572856.5  2866870992926211.0  3003946527734649.5   10245.50223252911  10580.446076703522  11104.728405593352   7.013965698805468e+43   7.383045935818408e+43   7.819524243984837e+43 
        60372.55046  2680749128728567.5  2894840076084487.0  3033330186069681.0     10222.057658945  10555.617563338776  11076.037633762264   7.086318980316731e+43   7.457881942325066e+43   7.893002613845553e+43 
       60373.097273  2703377140801242.0  2919376645819087.0  3058683850559248.0  10201.442496830769  10533.796461216072  11050.860380644035    7.14903799750047e+43   7.521453082409097e+43   7.958658152737845e+43 
  60374.16550256535  2747582219139109.0  2967310197550321.0  3108160924532024.0   10161.02441323914  10491.060789412084  11001.624535230387   7.271459467315414e+43   7.635149313343021e+43   8.091025000669139e+43 
       60374.456516  2759624828792617.5  2980368540041958.0  3121639762508462.5  10149.978907365949  10479.390892820404  10988.204123580126   7.304398165647334e+43   7.664659656089727e+43   8.126030354947563e+43 
 60376.403853866796  2840208839705662.5  3068684859183459.0  3211834401198928.0  10075.647277207161  10400.984714955299  10898.234772763066   7.519246003488798e+43   7.859535379756104e+43   8.342699210126909e+43 
       60377.113451  2869573124199270.5  3100761252729774.5  3245203320613561.5  10048.363593283953  10372.259700194121  10865.369506727704   7.595024192827978e+43   7.933844830646939e+43   8.418350399667615e+43 
       60377.283405  2876606097380039.0  3108304216451782.0  3253200320846155.5  10041.812297392644   10365.36816170641   10857.49354893167   7.612925795621564e+43   7.951411888320697e+43   8.435749958853694e+43 
  60378.64220516823  2932835460271915.0  3168611007549012.0  3317137181767869.0   9989.194484895368  10310.076891705801  10794.413673446837   7.751532547835531e+43  8.0885757301606805e+43   8.573766648997882e+43 
  60380.88055646967  3025529156334635.5  3267954374950716.0  3422460362615227.0     9901.5350637928  10218.229579133287  10688.761993902475   7.966107907160493e+43   8.302942545570045e+43   8.793891810158065e+43 
       60380.966578  3029100767978517.0  3271772215558142.5  3426508011967765.0   9898.140358260544  10214.679208713496  10684.645102216447   7.973819097887179e+43   8.311366118632736e+43   8.801892346810084e+43 
       60382.268441  3083154084997538.5  3329551999380634.5  3487765756495893.0    9846.53028647992  10160.761646561705  10622.226509860633    8.08748043228759e+43   8.435883716900108e+43   8.918972681202254e+43 
  60383.11890777111  3118465442638783.0  3367297742352742.0  3527783543462927.5    9813.15072500423  10125.338451420406  10581.331916603853   8.159113530576624e+43   8.514135528296615e+43   8.991596339092274e+43 
       60383.395474  3129948465081856.0  3379572410975874.0  3540797065925961.0   9802.254663846023  10113.784709134248   10568.32748713161   8.181592732253668e+43    8.53843623184965e+43    9.01462023327501e+43 
       60384.020819  3155912772794161.5  3407404281168468.5  3570221993319971.5   9777.123588909833  10087.598901250038  10539.740756366586   8.228737979281711e+43   8.589276058425167e+43    9.06558978649306e+43 
       60385.089278  3200275161961764.0  3455669507962889.0  3620497167021709.5   9733.329862448023  10042.649591258389   10490.80746723129   8.306210050889906e+43  8.6728202710497145e+43     9.1501424062287e+43 
 60385.357259072545  3211401728942628.5  3467774948829607.0  3633105765952616.5    9722.30076887039  10031.334993855387  10478.518849714432   8.324641110353245e+43   8.693109402319853e+43   9.170903970864418e+43 
       60386.256803  3248750768805532.0  3508409817991554.0  3675343692912476.5   9685.150990073469   9993.229561253485  10437.213794816964   8.384785995186319e+43   8.761117938308193e+43   9.238448542201742e+43 
        60387.24064  3289599654791538.0  3552852436691943.0  3721539586274177.0   9644.280763986553   9951.339039068233  10391.939634528148   8.448741469294571e+43   8.828373317480002e+43    9.30853291943382e+43 
  60387.59561037399  3304338015246776.0  3568887423159027.5  3738207157775386.5   9629.476136268171   9936.167336769066  10375.579844447793   8.471744998306749e+43   8.851305008216108e+43   9.332836392582541e+43 
       60387.998927  3321083710796062.0  3587106342578878.0  3757144819040550.5   9612.613381437624   9918.892165967241  10356.972386957192   8.497360633025393e+43   8.876763693190798e+43   9.359808342235115e+43 
       60388.014454  3321728391421545.5  3587807739802580.0  3757873886595475.0    9611.96337987124   9918.226264280225   10356.25552923579   8.498335637117664e+43   8.877731206990155e+43   9.360832962130698e+43 
       60389.013032  3363189323334139.0  3632916249948620.0  3804761941020437.0   9570.058987285704   9875.288174559846  10310.103815557297   8.559273189664964e+43   8.938015210161126e+43   9.424631113286757e+43 
 60389.833961675424  3397274301550622.0  3669999897488118.5  3843308549597815.0   9536.301665282575   9839.806944519307  10272.077782938448   8.606777486825184e+43   8.988849942651352e+43   9.473929792058176e+43 
       60390.396168  3420617093144181.0  3695396300869856.0  3869706848723766.5   9513.086657936283   9815.417045912354  10245.988564017187   8.638869275801816e+43   9.023341855274325e+43   9.506052591557832e+43 
       60390.461678  3423337066596022.0  3698355567446593.5  3872782859256120.5   9510.376540098021   9812.570343458037  10242.945934449695   8.642704443260791e+43    9.02728042623782e+43   9.509708832009075e+43 
       60390.997258  3445574333903886.0  3722549186637104.0  3897930923993103.5   9488.180858647687   9789.257332239922  10218.050378366006   8.672015007660759e+43    9.05883020289116e+43   9.538913780819165e+43 
       60391.143835  3451660207032370.0  3729170472196784.0  3904813421257597.0   9482.094680119924   9782.865284578502  10211.231572969473   8.679330408566771e+43   9.067265508293552e+43   9.546692193756402e+43 
  60392.07231297686  3490210587854467.5  3771112371817209.5  3948466197722412.5    9443.43481037496    9742.25587471755  10167.974389894309   8.725363995664767e+43   9.118762864263919e+43   9.593840422542647e+43 
       60392.365046  3502364855163465.0  3784335926255914.0  3962271157859820.0   9431.386744781217     9729.4103572368  10154.314917669835   8.739655797999667e+43   9.134290469424235e+43    9.60794163018564e+43 
       60392.436359  3505325769020450.0  3787557330276473.0  3965634198734831.5   9428.449029378833   9726.277684577084  10150.985772154843    8.74308845139764e+43   9.138021421891324e+43   9.611320380081243e+43 
   60394.3106642783  3583146874158615.0  3872219286304667.0  4053953782061643.0    9350.78678102972   9643.529980378971  10063.247062404553   8.826606534094201e+43   9.228803906042705e+43    9.69162924949707e+43 
  60396.54901557974  3676083160462460.5  3971811394071293.0  4159279137470554.5   9256.959702461718    9543.66801675519   9957.884242836215   8.907328407804775e+43   9.323536322740732e+43   9.756068338879362e+43 
  60398.78736688117  3769019446766306.0  4070698332069932.0  4264604492879465.5   9168.048726024857   9442.724553150292    9850.99748348134   8.970072189568277e+43   9.383840003111472e+43    9.79845146583299e+43 
       60399.427133  3795582518947328.0  4098783438843275.0  4294708611835452.5     9144.5978707118   9413.684928878052    9819.85239163859   8.986481933866642e+43   9.395567348076473e+43   9.804881381804087e+43 
        60400.38718  3835443644767912.0  4140928562989592.0  4338868117304802.5   9102.914631566167   9369.954361239517    9772.69992027837   9.008348576268674e+43   9.407925073213693e+43   9.809282903857865e+43 
       60401.008845  3861255158978353.0  4166210969787237.0  4368298712722590.0   9075.750720071239   9345.579733628438   9742.015952927526   9.019336895062888e+43    9.41411937639302e+43    9.80922634563949e+43 
  60401.02571818262  3861955733070453.5  4166622547669871.5  4369097515632667.0    9075.01073901263   9344.798068903398   9741.182455968923   9.019616160009338e+43   9.414317237808857e+43   9.809203629808828e+43 
       60402.952174  3941942127199505.0  4246452312150447.0  4460192614242411.0   8990.166303314316   9268.835156061083   9644.260582143621   9.044880068474823e+43   9.429573864418884e+43    9.80427710865654e+43 
  60403.26406948405  3954892019374299.0  4260222836684500.5  4472872614138336.5   8975.810598825417   9260.586401996352    9628.29585548019   9.047741497614532e+43   9.430427484222839e+43   9.803186181813247e+43 
       60403.425127  3961579123138635.0  4267333701022645.0  4480450553234751.0    8968.46327730919    9256.84744301631    9620.04753148993   9.049087802709282e+43   9.430254019326325e+43   9.802479243608404e+43 
 60405.502420785495  4047828305678447.0  4334913910665507.0  4574612619079630.0   8877.293533935514   9179.972234183078   9512.353082594402   9.060720522658006e+43    9.42071906871812e+43    9.79403863935018e+43 
       60407.388773  4126149599286194.5  4391765824715320.0  4625613290942562.0   8819.726750736967   9118.868327648584   9420.875203493672    9.05846317587726e+43    9.40407822119763e+43   9.773557359614144e+43 
  60407.74077208693  4140764591982292.5  4407475440354738.0  4635588635148661.0   8803.185589450446   9110.004778023362   9403.486960510598   9.055733844485917e+43   9.401993306928062e+43   9.768936052573283e+43 
 60409.979123388366  4197110981831477.0  4503122122623277.0  4689016361358334.0   8735.851506285155   9019.051588944993   9299.679245587731   9.030146358996792e+43   9.371113866461907e+43    9.73481415936108e+43 
  60412.21747468981  4281443012205852.0  4561112037707118.0  4769812903159979.0   8667.438207259258    8924.11232948081    9215.15981463682    8.99255859186745e+43    9.32068241520892e+43    9.69093570949545e+43 
       60413.336851  4301816021264281.0  4582912311789178.0  4813701394313797.0   8640.650484125985   8907.223821900701   9196.275146422424   8.968759344606254e+43    9.29264253750499e+43   9.656912978321595e+43 
        60413.37721  4301661919499141.5  4583667336884092.0  4813388988120480.0   8639.975782777807   8906.247622680541   9196.275146422424   8.967844990265298e+43   9.291788586606158e+43   9.655431239877283e+43 
 60414.455825991245  4314414074931610.5  4586806193077254.0  4818940081226898.0    8607.46045449385   8874.253677320488    9182.13209109365   8.941734998755909e+43   9.264201093857556e+43   9.617882641949482e+43 
  60416.69417729268  4357327368585655.0  4605702690283248.0  4841333818208024.0   8576.305279895796   8839.275233104501    9115.09003911101   8.870715783566436e+43   9.186374497552482e+43   9.517469799827766e+43 
       60417.027681  4365046443679225.0  4605458861925533.0  4848294015353320.0   8576.305279895796   8836.674349193925   9104.157953020833     8.8586458924188e+43   9.172153407718645e+43   9.501591324872276e+43 
       60417.351655  4365866467341944.5  4604470779399874.0  4847515996051811.0   8576.305279895796   8836.674349193925   9104.157953020833    8.84666088460259e+43   9.156789786938473e+43   9.485887931325533e+43 
       60417.358877  4365923231467342.0  4604404288243452.0  4847447475905555.0   8576.305279895796   8836.674349193925   9104.157953020833   8.846390830932053e+43    9.15644432822326e+43   9.485534812324167e+43 
        60418.25355  4383600670765625.0  4599600085688922.0  4852215403622103.0   8558.465665684378   8824.080269368153   9104.157953020833   8.813538575464703e+43   9.112669555011121e+43   9.436849049001058e+43 
  60418.93252859412  4385721341673985.5  4608106020327293.0  4859482084652421.0   8550.370224416014   8805.953467458496   9104.157953020833   8.789213184793368e+43   9.081018918416636e+43    9.39780668910564e+43 
       60419.032274  4384583182053931.0  4609648187039826.0  4860053172610889.0   8549.091664177204   8805.953467458496   9104.157953020833   8.785287011408883e+43    9.07653191212677e+43   9.391985507460258e+43 
       60419.269641  4381850623778745.0  4612058470180183.0  4859241494642183.0   8547.755309497268   8800.953730411216   9104.157953020833   8.775695217753571e+43   9.064488945529154e+43   9.378045000807839e+43 
       60419.315277  4381321455247300.5  4611587586968652.0  4860286225583422.0   8547.755309497268   8799.648490634625   9104.157953020833   8.773975892134964e+43   9.062125498904177e+43   9.375350668913426e+43 
       60420.570753  4373399946275001.5  4600735141715540.0  4874710827975206.0   8541.907542892559   8788.430160303213   9079.401961661402   8.721092331629797e+43   8.997139608191588e+43   9.311384075851275e+43 
  60421.17087989556  4386037752462697.5  4598466471146334.0  4884474155361922.0   8530.438623137487   8781.415266936565   9076.954913747515   8.694354331599926e+43    8.96879779774244e+43   9.276743271309797e+43 
       60421.322465  4389218758084880.0  4598557906551490.0  4882254313989421.0   8526.094390057746   8781.415266936565   9073.947174490771   8.687797601582335e+43   8.961702132682066e+43   9.267053495831257e+43 
       60421.382453  4390476351732333.5  4599393408271951.0  4881371860385683.0   8525.044472661466   8781.415266936565   9072.757223653312   8.685189284194185e+43   8.959112950293795e+43   9.263206526141826e+43 
    60423.409231197  4387553087330551.0  4597446747948580.0  4877830061142951.0   8490.180951729002   8752.285718620527   9050.808741235905   8.593704465509921e+43   8.860256819949368e+43   9.148687545001417e+43 
  60425.64758249844  4364151450646860.5  4569528596206529.0  4872590842321988.0   8476.470304419803   8747.001358541585    9026.48044921809   8.481066516856675e+43   8.729493472525918e+43   9.026349713854222e+43 
       60427.220174  4346150577949690.5  4547892519238952.0  4851494766548840.0   8457.110916664391   8743.149546422697    9026.48044921809   8.397485844503351e+43  8.6388941660117925e+43   8.925737151535604e+43 
  60427.88593379987  4336529581582827.0  4537523193758892.0  4841672569996002.0   8457.110916664391   8731.567633939874    9026.48044921809   8.360175984317148e+43   8.601373874388236e+43   8.878873270131301e+43 
        60428.38228  4329231141449077.0  4531613401755028.0  4832950407463777.0   8454.593359885766   8730.537123087985    9026.48044921809   8.330502269273071e+43   8.572949471886957e+43   8.847304349138077e+43 
       60429.029765  4319538362107362.0  4521298099536287.0  4824355569677399.0    8445.26728605187   8730.537123087985    9026.48044921809   8.291399218061205e+43   8.534741862803731e+43   8.802414997415313e+43 
 60430.124285101316  4303324617480222.0  4507836827148869.0  4803802692690001.0    8445.26728605187   8715.400628762076   9018.588579356661   8.229085392084191e+43  8.4655865825541245e+43   8.723298126984665e+43 
       60430.381481  4299467283909592.0  4503413075188830.5  4798893802568374.0    8445.26728605187   8715.400628762076   9011.082094479956   8.214104054361867e+43   8.449150479084024e+43   8.705256621515056e+43 
       60431.990735  4283751117762524.0  4475099870271610.0  4767352307463262.0    8445.26728605187   8704.309303187048   9011.082094479956   8.113626565447679e+43   8.345039746944919e+43   8.591746250383028e+43 
       60432.005976  4283528250976140.5  4474826603831704.0  4767045575435037.0    8445.26728605187   8704.309303187048   9011.082094479956   8.112659591434666e+43   8.344060277038678e+43   8.590610769233629e+43 
        60432.31221  4278832756386011.0  4469316300546609.0  4760862867774091.0    8445.26728605187   8704.309303187048   9011.082094479956   8.093169096755963e+43   8.324321418060468e+43   8.567740194776184e+43 
       60432.337106  4278439620814102.5  4468866667920777.0  4760358618063749.0    8445.26728605187   8704.309303187048   9011.082094479956   8.091579643787091e+43   8.322711657776118e+43   8.565876094817513e+43 
  60432.36263640275  4278036181264598.5  4468405360488092.0  4759841247306250.0    8445.26728605187   8704.309303187048   9011.082094479956   8.089948940076939e+43   8.321060041577825e+43   8.563963767264628e+43 
       60432.951002  4268663449523097.0  4457703351233484.0  4747846766158877.0    8445.26728605187   8704.309303187048   9011.082094479956   8.052154455759087e+43   8.282787048928353e+43   8.520039101926392e+43 
       60434.212592  4248091285207385.5  4434307281164171.0  4724820867593005.0    8445.26728605187   8704.309303187048   9011.082094479956   7.971202599809617e+43   8.195788655192742e+43   8.429117161101751e+43 
       60434.332488  4246103236402251.0  4432052852944947.0  4722354352187851.0    8445.26728605187   8704.309303187048   9011.082094479956   7.963599632314104e+43   8.187036634640463e+43   8.420543055759538e+43 
       60434.337708  4246016552074065.5  4431954575766364.0  4722246840512237.0    8445.26728605187   8704.309303187048   9011.082094479956    7.96326824717703e+43   8.186655317227332e+43   8.420169425686598e+43 
 60434.600987704194  4241630446542705.5  4426985192906816.0  4716811375943473.0    8445.26728605187   8704.309303187048   9011.082094479956   7.946515286236134e+43   8.167389705160801e+43   8.401285709402385e+43 
       60436.446729  4210149219343144.0  4398731326096262.0  4688691560422181.0   8432.458332795792   8697.852753201327   9011.082094479956   7.822178667061681e+43   8.028756933133597e+43   8.266932449776516e+43 
  60436.83933900563  4203292924138001.0  4391137322003885.5  4679848311072664.0   8432.458332795792   8697.852753201327   9011.082094479956   7.795445838420257e+43   7.999617455316429e+43   8.237942981130257e+43 
       60436.964422  4201097049526869.0  4388706700443396.0  4677020875126531.0   8432.458332795792   8697.852753201327   9011.082094479956   7.786901900230128e+43   7.990308452383485e+43   8.229301837457347e+43 
       60437.256481  4195948306820116.0  4383011229649532.5  4670400319627448.0   8432.458332795792   8697.852753201327   9011.082094479956   7.766900688227638e+43    7.96852853700518e+43   8.209064684743597e+43 
       60437.446134  4192589010066089.5  4379348247666321.0  4666086933829905.0   8432.458332795792   8697.852753201327   9011.082094479956    7.75387573257744e+43   7.954353809400998e+43   8.195445217699853e+43 
       60438.266018  4177925365471659.0  4363677411843330.5  4647318534265433.0   8432.458332795792   8697.852753201327   9011.082094479956   7.697783164617415e+43   7.892792758580113e+43   8.135594651683644e+43 
       60438.920565  4166059935097626.0  4350938142747978.0  4632195526882253.0   8432.458332795792   8697.852753201327   9011.082094479956   7.653295585378495e+43   7.844676392030287e+43   8.085853983057426e+43 
 60439.077690307065  4163191288527318.5  4347825114505379.0  4628547709751306.0   8432.458332795792   8697.852753201327   9011.082094479956   7.642567814067608e+43   7.833082392884328e+43   8.074049757648358e+43 
       60440.315312  4140324186182328.0  4323066630364299.0  4614357953803170.0   8424.704017463957   8697.852753201327   9011.082094479956   7.557451711523886e+43   7.744710260728087e+43   7.980455411292789e+43 
       60440.363229  4139429352138840.5  4322099769144006.0  4614140011950150.0   8423.545623774067   8697.852753201327   9011.082094479956   7.554135283162016e+43   7.741355015446269e+43   7.976810499208314e+43 
  60441.31604160851  4121495305848556.5  4302748334078028.0  4590398331830409.0      8422.276427199   8697.852753201327   9011.082094479956   7.487573809739014e+43   7.674297291523454e+43   7.904033343752227e+43 
       60442.271006  4103551310404361.0  4283123762460762.0  4566434092814779.0      8422.276427199   8697.852753201327   9011.082094479956   7.415091478085211e+43   7.608152234789376e+43   7.830562157187514e+43 
       60442.318298  4102658236422981.5  4282146111488321.0  4565243127029038.0      8422.276427199   8697.852753201327   9011.082094479956   7.411484602912797e+43   7.604634274488858e+43   7.826910996067232e+43 
 60443.554392909944  4079106078062091.0  4256413367417943.0  4533985367683765.0      8422.276427199   8697.852753201327   9011.082094479956   7.318612317650544e+43   7.507643266136164e+43   7.731088255512359e+43 
       60443.924367  4071979803863066.0  4248644305987720.0  4524583888906253.0      8422.276427199   8697.852753201327   9011.082094479956   7.291881826773986e+43   7.480458500695255e+43   7.702269941409319e+43 
       60444.273379  4065226079396482.0  4241288140333463.5  4516009509578735.0      8422.276427199   8697.852753201327   9011.082094479956  7.2671781247923765e+43   7.455118688368461e+43   7.675032411839437e+43 
       60444.325092  4064222839682407.5  4240195955241012.0  4514814704520966.0      8422.276427199   8697.852753201327   9011.082094479956   7.263185779965928e+43   7.451358884378048e+43   7.670992625560924e+43 
       60444.769053  4055584001860411.5  4230796856916747.0  4504534034579051.0      8422.276427199   8697.852753201327   9011.082094479956   7.228889831541052e+43   7.418713210909791e+43   7.636274191336569e+43 
  60445.79274421138  4035487839358966.0  4208974813401665.0  4480681121513601.0      8422.276427199   8697.852753201327   9011.082094479956   7.151743997632539e+43   7.341922385327686e+43   7.553921183271193e+43 
       60446.306145  4025319196828667.0  4197954738118995.5  4468641369044768.0      8422.276427199   8697.852753201327   9011.082094479956   7.112294415367765e+43   7.304107625211837e+43   7.509975629430659e+43 
       60446.356458  4024319592810790.0  4196872115262854.0  4467458750273838.0      8422.276427199   8697.852753201327   9011.082094479956   7.108483038138427e+43    7.30039672473381e+43   7.505586361914271e+43 
       60447.908602  3992852274399936.5  4163253892077829.5  4430764614342663.0      8422.276427199   8697.852753201327   9011.082094479956  6.9896893792760955e+43   7.185557115915837e+43    7.37448241219705e+43 
  60448.03109551282  3990279038227385.0  4160583174452096.5  4427851679471135.0      8422.276427199   8697.852753201327   9011.082094479956   6.979914106090035e+43   7.176465623691798e+43   7.364447377120933e+43 
       60448.270463  3985243677289470.0  4155357524562721.0  4422152449099739.5      8422.276427199   8697.852753201327   9011.082094479956   6.961723215788094e+43   7.158689967079888e+43   7.345761221804347e+43 
       60448.369155  3983164710214250.5  4153200325551296.0  4419800069045578.5      8422.276427199   8697.852753201327   9011.082094479956   6.954220614849731e+43     7.1513569745098e+43   7.338054622136221e+43 
       60448.829282  3973450896455897.0  4143123084810589.0  4408812764131675.5      8422.276427199   8697.852753201327   9011.082094479956   6.918479382825117e+43   7.117143209562082e+43   7.302247621020737e+43 
  60450.26944681426  3941911531035475.0  4111377946115344.0  4373141771236555.0      8422.276427199   8697.852753201327   9011.082094479956    6.80659957531038e+43   7.005993801848616e+43   7.188863170858404e+43 
   60452.5077981157  3892158922126384.5  4061494787209479.0  4315888401431679.5      8422.276427199   8697.852753201327   9011.082094479956   6.632741446007711e+43   6.838091732908471e+43   7.012531362142455e+43 
       60454.416851  3849331406520430.5  4018504920346700.5  4265741867092599.5      8422.276427199   8697.852753201327   9011.082094479956   6.491715853608876e+43   6.691172222138674e+43    6.86455781985618e+43 
  60454.74614941714  3841912876222129.0  4011054327787906.0  4257191718145935.0      8422.276427199   8697.852753201327   9011.082094479956   6.465916684588191e+43   6.664881573954399e+43   6.839059427441214e+43 
       60455.231331  3830967761014336.5  4000059286640647.0  4244924981272937.0      8422.276427199   8697.852753201327   9011.082094479956    6.42796120808234e+43   6.626208337595932e+43   6.801513879202633e+43 
       60455.295601  3829516615578699.5  3998601351378011.0  4243299089633317.0      8422.276427199   8697.852753201327   9011.082094479956    6.42293840292223e+43   6.620932904773241e+43   6.796542606486067e+43 
       60455.987441  3813879373231800.5  3982885331518907.0  4225784004988567.0      8422.276427199   8697.852753201327   9011.082094479956    6.36887727373052e+43   6.564261911975715e+43   6.743066806920826e+43 
       60456.421562  3804051388355676.0  3973005552945876.0  4214781744732225.5      8422.276427199   8697.852753201327   9011.082094479956   6.333302924708474e+43   6.528811983903674e+43   6.709550819580414e+43 
       60456.428926  3803884589121481.5  3972837838186231.5  4214595050947607.0      8422.276427199   8697.852753201327   9011.082094479956   6.332700361503432e+43   6.528211417433521e+43   6.708982564131146e+43 
       60456.429247  3803877318168942.5  3972830527258027.5  4214586912969737.5      8422.276427199   8697.852753201327   9011.082094479956   6.332674096062395e+43   6.528185239188272e+43   6.708957793994526e+43 
       60456.444491  3803532027777101.0  3972483326876372.0  4214200440424698.0      8422.276427199   8697.852753201327   9011.082094479956   6.331426849901772e+43   6.526942100087335e+43   6.707781488168847e+43 
       60456.917852  3792803322287501.0  3961694507333263.0  4202194805798537.5      8422.276427199   8697.852753201327   9011.082094479956   6.292787488530212e+43   6.490968654107667e+43   6.671276098575786e+43 
  60456.98450071857  3791291773323946.5  3960174245616411.0  4200503684996418.0      8422.276427199   8697.852753201327   9011.082094479956   6.287501661274715e+43   6.485925795236709e+43    6.66613965684742e+43 
       60457.251018  3785244896688030.5  3954092093720864.5  4193689316725814.5      8422.276427199   8697.852753201327   9011.082094479956   6.266384034661097e+43     6.4657726904377e+43   6.645609379285898e+43 
       60457.314919  3783805763531657.5  3952633151857460.0  4192030914248271.5      8422.276427199   8697.852753201327   9011.082094479956   6.261325652619183e+43   6.460943269057714e+43   6.640689118855434e+43 
       60458.198725  3763874279719632.0  3932431119653496.5  4169089583099385.5      8422.276427199   8697.852753201327   9011.082094479956   6.193526780004603e+43   6.395297770260829e+43   6.572729817189777e+43 
       60459.129742  3742828327032298.0  3911103447106112.0  4144921621302336.0      8422.276427199   8697.852753201327   9011.082094479956   6.122666308840408e+43   6.326290890447412e+43   6.501350580862181e+43 
 60459.222852020015  3740721107492294.0  3908968215030185.5  4142504766449577.0      8422.276427199   8697.852753201327   9011.082094479956   6.115598020560252e+43   6.319400946453988e+43   6.494224744292144e+43 
       60459.231412  3740527356622776.5  3908771889062510.5  4142282582976690.5      8422.276427199   8697.852753201327   9011.082094479956   6.114948335463682e+43   6.318767650939858e+43   6.493569783950092e+43 
       60459.356435  3737697171886375.0  3905904064231749.5  4139037654189510.0      8422.276427199   8697.852753201327   9011.082094479956   6.105463379294421e+43   6.309520389439779e+43   6.484005833902488e+43 
       60461.292106  3693796992768729.0  3861430263629226.0  4089063551966646.0      8422.276427199   8697.852753201327   9011.082094479956   5.960711237375806e+43   6.165810727818634e+43   6.335446255948612e+43 
  60461.46120332145  3689955024150335.5  3857539449143820.0  4084836574143435.0      8422.276427199   8697.852753201327   9011.082094479956   5.948151867661797e+43   6.153041147247151e+43   6.322525331960615e+43 
       60462.139507  3674536280572838.0  3841924361995281.0  4067877446559860.5      8422.276427199   8697.852753201327   9011.082094479956   5.897341030638812e+43   6.101944722537868e+43    6.27080265288357e+43 
       60462.355832  3669616926510762.0  3836942130708261.0  4062467359515259.5      8422.276427199   8697.852753201327   9011.082094479956   5.881131793311322e+43   6.085763966000806e+43     6.2543456363906e+43 
       60463.233333  3649651860204472.0  3816725480195974.0  4040516234297376.5      8422.276427199   8697.852753201327   9011.082094479956   5.815628286425788e+43   6.021684105017158e+43   6.187783857455707e+43 
       60463.274756  3648709114685380.0  3815770862049898.0  4039479952863316.0      8422.276427199   8697.852753201327   9011.082094479956   5.812545860660322e+43   6.018602429733524e+43   6.184649707734988e+43 
  60463.69955462289  3639039860378378.5  3805980316666255.5  4028852766876797.5      8422.276427199   8697.852753201327   9011.082094479956   5.780988745094644e+43   5.987049603628329e+43   6.152550256721308e+43 
  60465.93790592433  3588074532179174.0  3754386212247039.0  3972874727374760.5      8422.276427199   8697.852753201327   9011.082094479956   5.620387249290697e+43   5.821147876502474e+43   5.987488691590786e+43 
       60466.342223  3578869013981624.0  3745068791679481.0  3962720955455156.5      8422.276427199   8697.852753201327   9011.082094479956    5.59205855527841e+43    5.79109154421093e+43    5.95832609413949e+43 
       60466.378163  3578050761718471.5  3744240643504358.0  3961805565342593.5      8422.276427199   8697.852753201327   9011.082094479956    5.58954409291826e+43    5.78842468558198e+43   5.955736942961333e+43 
 60468.176257225765  3537141256056400.0  3702836045496717.0  3916085367412593.0      8422.276427199   8697.852753201327   9011.082094479956   5.459217175647966e+43   5.658427528751564e+43   5.826877084725795e+43 
       60469.229618  3513206829217160.5  3678612975957520.5  3889377348114948.5      8422.276427199   8697.852753201327   9011.082094479956   5.385027326755672e+43   5.583607223021789e+43    5.75203683749986e+43 
       60469.273877  3512201843515115.0  3677595886704161.0  3888256500450897.5      8422.276427199   8697.852753201327   9011.082094479956   5.381982013562633e+43   5.580476942940414e+43   5.748903455942699e+43 
       60469.339152  3510719810789886.5  3676095964590499.0  3886603717269381.5      8422.276427199   8697.852753201327   9011.082094479956   5.377492523504383e+43   5.575862109872791e+43   5.744283708239405e+43 
       60470.360492  3487548490779371.0  3652646221914342.5  3860777524506090.0      8422.276427199   8697.852753201327   9011.082094479956   5.307542895438822e+43   5.503968386422229e+43   5.672262248274891e+43 
  60470.41460852721  3486321658079015.5  3651404764782539.0  3859410913026097.5      8422.276427199   8697.852753201327   9011.082094479956   5.303852127865104e+43   5.500175667416774e+43   5.668459908477465e+43 
       60471.229236  3467869632548738.0  3632731295983748.5  3838865508780725.5      8422.276427199   8697.852753201327   9011.082094479956   5.248021772125402e+43   5.443285211441195e+43   5.610925839662196e+43 
       60472.403742  3441315302101575.0  3605859528244263.0  3809442863509873.5      8422.276427199   8697.852753201327   9011.082094479956   5.167290498334011e+43   5.361950537379761e+43   5.524906386891086e+43 
  60472.65295982864  3435690021691157.0  3600165724857236.0  3803261211199813.5      8422.276427199   8697.852753201327   9011.082094479956   5.150343194345906e+43   5.344737743731882e+43   5.506762962311529e+43 
       60473.248414  3422261025313823.5  3586575732719759.0  3788509891023340.5      8422.276427199   8697.852753201327   9011.082094479956   5.110070785516514e+43    5.30248211439456e+43   5.463598854642672e+43 
       60474.507495  3393931483412046.0  3557904938717863.5  3757206671492538.0      8422.276427199   8697.852753201327   9011.082094479956   5.025790496832438e+43   5.215062547608599e+43   5.376190757168879e+43 
  60474.89131113008  3385313773290244.5  3549183916110808.0  3747813905638341.5      8422.276427199   8697.852753201327   9011.082094479956   5.000334846103984e+43   5.189168039213719e+43   5.350494058029512e+43 
       60475.210925  3378145004356482.5  3541928490530973.0  3740000571114940.5      8422.276427199   8697.852753201327   9011.082094479956   4.979222173770142e+43   5.167677975925558e+43   5.329156284807722e+43 
       60475.232129  3377669640305457.0  3541447364111377.0  3739482472038808.5      8422.276427199   8697.852753201327   9011.082094479956   4.977824183582304e+43   5.166254551004487e+43   5.327742636692518e+43 
       60476.587267  3347353927161466.0  3510762148734077.0  3706441356010092.0      8422.276427199   8697.852753201327   9011.082094479956   4.889192539973077e+43   5.075894938206787e+43   5.237900083873293e+43 
  60477.12966243152  3335255858163909.5  3498516545993115.0  3693257092415369.0      8422.276427199   8697.852753201327   9011.082094479956    4.85410820315123e+43    5.04006809797087e+43   5.202222702706704e+43 
       60477.209976  3333466400798345.0  3496705129970722.0  3691306885336443.5      8422.276427199   8697.852753201327   9011.082094479956   4.848932217847321e+43   5.034779939106059e+43   5.196953943651974e+43 
       60477.327905  3330839684299574.5  3494046083004155.0  3688444305964918.5      8422.276427199   8697.852753201327   9011.082094479956   4.841320213044797e+43   5.027022784752995e+43   5.189224318144736e+43 
  60479.36801373296  3285573319287299.0  3448220214469267.0  3639117144890064.5      8422.276427199   8697.852753201327   9011.082094479956   4.710719365554841e+43   4.893164426369972e+43   5.056651662742311e+43 
       60481.231053  3244683944214818.0  3406673661865938.5  3594409490523720.0      8422.276427199   8697.852753201327   9011.082094479956   4.594665121092973e+43    4.77561062854065e+43   4.936786036917971e+43 
       60481.302754  3243121737220045.5  3405080821521307.0  3592695582464812.0      8422.276427199   8697.852753201327   9011.082094479956   4.590248879462051e+43   4.771090151423382e+43   4.932216422588454e+43 
   60481.6063650344  3236512642700639.0  3398341283448223.0  3585444601137108.5      8422.276427199   8697.852753201327   9011.082094479956   4.571590107138802e+43   4.751893840944811e+43   4.912902924968179e+43 
       60482.339054  3220602783019190.5  3382111878984369.0  3567985404805145.5      8422.276427199   8697.852753201327   9011.082094479956    4.52683973212421e+43   4.705301910976947e+43   4.866537523583107e+43 
       60483.249976  3200901548086668.0  3362005932973688.0  3546358312278426.0      8422.276427199   8697.852753201327   9011.082094479956  4.4720718651886495e+43   4.647958655760362e+43   4.809373992556932e+43 
       60483.276898  3200320626436937.5  3361412895084462.5  3545720507105577.5      8422.276427199   8697.852753201327   9011.082094479956   4.470471763892137e+43   4.646273648177384e+43   4.807692754638372e+43 
 60483.844716335836  3188087069194323.0  3348922334879073.5  3532286737482950.0      8422.276427199   8697.852753201327   9011.082094479956     4.4368415233362e+43   4.610868156028484e+43   4.772342727543073e+43 
       60483.907563  3186735198660112.5  3347541845504457.5  3530802056626950.5      8422.276427199   8697.852753201327   9011.082094479956  4.4331332764901074e+43   4.606965004261553e+43    4.76844303634592e+43 
       60484.884602  3165775001556356.0  3326132163271874.0  3508088862953249.0      8422.276427199   8697.852753201327   9011.082094479956   4.375844001906728e+43   4.546681382450208e+43   4.707908555075478e+43 
       60485.232557  3158336410367289.5  3318530994956411.0  3500156016964773.5      8422.276427199   8697.852753201327   9011.082094479956  4.3556046330741244e+43   4.525392017574176e+43   4.686441749471567e+43 
  60486.08306763727  3140211944390263.5  3300005140865780.0  3480817705912427.0      8422.276427199   8697.852753201327   9011.082094479956   4.306494669142545e+43   4.473749484609358e+43   4.634314919301778e+43 
       60486.550119  3130295050360426.0  3289864599373033.0  3470230452471052.0      8422.276427199   8697.852753201327   9011.082094479956   4.279742819783335e+43   4.445629010901415e+43    4.60589803531403e+43 
       60487.213669  3116249913032938.5  3275498379128692.5  3455228669836437.5      8422.276427199   8697.852753201327   9011.082094479956  4.2421542351761277e+43   4.405969397116577e+43   4.565517062034172e+43 
       60487.295312  3114525447230511.5  3273734104635638.5  3453386091925192.0      8422.276427199   8697.852753201327   9011.082094479956    4.23757158405295e+43   4.401113313516882e+43   4.560543070724938e+43 
        60487.88453  3102103734538298.5  3260772974594983.0  3440109607880443.5      8422.276427199   8697.852753201327   9011.082094479956  4.2046327882207147e+43  4.3662199003178313e+43   4.524790667238072e+43 
 60488.321418938714  3092920238871287.5  3251159235133722.0  3430290631513207.0      8422.276427199   8697.852753201327   9011.082094479956   4.180360288593757e+43   4.340520651547095e+43   4.498445846101896e+43 
       60488.881212  3081187630005672.5  3238875493105689.5  3417740100351326.0      8422.276427199   8697.852753201327   9011.082094479956   4.149447531446123e+43  4.3078080125579797e+43   4.464895089365769e+43 
       60489.214918  3074211747392193.5  3231571231742588.0  3410241240831577.5      8422.276427199   8697.852753201327   9011.082094479956   4.131119514942695e+43   4.288421858321557e+43  4.4450041709701246e+43 
       60490.156115  3054611773682448.0  3211044743227543.0  3389017121850950.5      8422.276427199   8697.852753201327   9011.082094479956   4.079831049968485e+43   4.234205479915074e+43   4.389345748136749e+43 
  60490.55977024015  3046240145151164.5  3202275585467799.0  3379946329449821.5      8422.276427199   8697.852753201327   9011.082094479956   4.058016854464518e+43   4.210971086035081e+43  4.3656743247308926e+43 
       60491.077612  3035530167179846.0  3191056414413680.0  3368338546293134.0      8422.276427199   8697.852753201327   9011.082094479956    4.03019208360606e+43  4.1811745521477026e+43  4.3354822002986925e+43 
       60491.226527  3032456734858670.0  3187836437095488.0  3365006252548303.5      8422.276427199   8697.852753201327   9011.082094479956  4.0222240783115743e+43   4.172645383421277e+43    4.32683639959941e+43 
       60491.255393  3031861296089612.0  3187212598315118.5  3364360645381429.5      8422.276427199   8697.852753201327   9011.082094479956  4.0206812333510464e+43   4.170994116069288e+43  4.3251623467104917e+43 
       60492.388702  3008568949216923.5  3162805924507141.5  3339093878266694.0      8422.276427199   8697.852753201327   9011.082094479956  3.9597215720200953e+43   4.106688108538724e+43  4.2597599659677327e+43 
  60492.79812154159  3000195331050500.0  3154030205514352.0  3330004140916448.0      8422.276427199   8697.852753201327   9011.082094479956  3.9376716827701244e+43  4.0837058645958245e+43  4.2367500008756986e+43 
       60492.818478  2999779540205500.5  3153594444293939.0  3329552733219998.0      8422.276427199   8697.852753201327   9011.082094479956  3.9365784512437125e+43  4.0825666760722695e+43  4.2356363396716353e+43 
       60494.196933  2971753017100621.5  3124215128931103.5  3299107777316024.5      8422.276427199   8697.852753201327   9011.082094479956  3.8632230482847954e+43   4.006647965373509e+43  4.1599742042638575e+43 
  60495.03647284303  2954850330413077.0  3106446385137685.0  3280683522231142.5      8422.276427199   8697.852753201327   9011.082094479956  3.8191958229545056e+43   3.961448904633349e+43   4.114473218586851e+43 
       60496.811147  2919720077275468.5  3069203255137766.0  3241566201569955.5      8422.276427199   8697.852753201327   9011.082094479956  3.7277408302504713e+43   3.867147015331235e+43   4.017220514092264e+43 
 60497.274824144464  2910611800006177.0  3059543752092168.5  3231399337140549.5      8422.276427199   8697.852753201327   9011.082094479956   3.704202920494272e+43  3.8426673503590253e+43  3.9921617074218266e+43 
       60498.198001  2892565000572153.5  3040401223318723.0  3211245885363724.0      8422.276427199   8697.852753201327   9011.082094479956  3.6577788551940254e+43  3.7943804471976445e+43   3.942488769550877e+43 
       60499.058317  2875852967172082.0  3022669899867441.0  3192571906249173.5      8422.276427199   8697.852753201327   9011.082094479956  3.6150405809194283e+43  3.7499207104220616e+43  3.8964843906856764e+43 
  60499.51317544591  2867058505391837.5  3013337294367774.0  3182740814611319.0      8422.276427199   8697.852753201327   9011.082094479956   3.592648040133065e+43   3.726624041611367e+43  3.8723727403665626e+43 
       60500.304998  2851818620954740.0  2997160931236778.0  3165696219531273.0      8422.276427199   8697.852753201327   9011.082094479956  3.5540002506207854e+43  3.6864126345965197e+43   3.830746620573897e+43 
  60501.75152674734  2824204031425291.5  2967841417736755.0  3134789428138850.0      8422.276427199   8697.852753201327   9011.082094479956  3.4844862912254275e+43  3.6151735466274054e+43  3.7585885014427763e+43 
       60502.241678  2814913073663313.0  2957974453052084.5  3124384768637220.0      8422.276427199   8697.852753201327   9011.082094479956   3.461248140364243e+43  3.5914488794646876e+43  3.7345329701965625e+43 
       60502.278026  2814225416097794.0  2957244136602174.0  3123614569792719.0      8422.276427199   8697.852753201327   9011.082094479956  3.4595311882786514e+43  3.5896955802780144e+43   3.732755310598738e+43 
  60503.98987804878  2782053204674089.5  2923066569394718.5  3087559559438580.0      8422.276427199   8697.852753201327   9011.082094479956   3.379663438892709e+43   3.508084672369325e+43  3.6500004346144003e+43 
  60506.22822935022  2740613900380633.5  2878790686165023.0  3041251349157633.5      8422.276427199   8697.852753201327   9011.082094479956  3.2784963643880003e+43  3.4055251551275207e+43  3.5437987817607626e+43 
       60508.205208  2704628977747644.0  2840045800258305.0  3001859695951593.5      8422.276427199   8697.852753201327   9011.082094479956   3.191839757252994e+43  3.3182020059944534e+43   3.451630431494122e+43 
        60508.32361  2702525242851523.0  2837743352432882.0  2999519903302655.0      8422.276427199   8697.852753201327   9011.082094479956    3.18672687634845e+43  3.3130070295241685e+43   3.446178874652835e+43 
  60508.46658065166  2699987506477650.5  2834965900854425.0  2996697579874156.0      8422.276427199   8697.852753201327   9011.082094479956   3.180564391659235e+43  3.3067157372413334e+43   3.439608116784047e+43 
       60510.214119  2669197669691887.5  2801260681886967.0  2962274865438838.0      8422.276427199   8697.852753201327   9011.082094479956  3.1064659129365595e+43   3.230847858606748e+43  3.3592469079179596e+43 
       60510.227708  2668959873342780.0  2801000329377035.0  2962007058821717.0      8422.276427199   8697.852753201327   9011.082094479956  3.1059005547382584e+43   3.230265274905776e+43  3.3586216625108785e+43 
   60510.7049319531  2660624984077282.0  2791874846740742.0  2952621261160011.5      8422.276427199   8697.852753201327   9011.082094479956   3.086115781198055e+43   3.209535751081631e+43  3.3367820328285485e+43 
       60512.228958  2634216597691258.5  2762957233845083.0  2922501366683625.0      8422.276427199   8697.852753201327   9011.082094479956  3.0238447662816035e+43  3.1440779143574725e+43    3.27080922567375e+43 
       60512.856061  2623442147880723.0  2751157402587998.0  2910100719735325.0      8422.276427199   8697.852753201327   9011.082094479956   2.998620379179655e+43  3.1170414618603396e+43   3.243860021277803e+43 
 60512.943283254535  2621947820250449.0  2749520792017476.0  2908380938625210.0      8422.276427199   8697.852753201327   9011.082094479956  2.9951302629635716e+43  3.1133004373550736e+43   3.240107187657946e+43 
       60514.190127  2600700024409881.0  2726248255568797.5  2883603777383424.0      8422.276427199   8697.852753201327   9011.082094479956  2.9457244852677313e+43  3.0617135602516983e+43  3.1875492215229207e+43 
       60514.240785  2599841180793477.5  2725307540518471.0  2882601278700050.5      8422.276427199   8697.852753201327   9011.082094479956   2.943736132309916e+43  3.0596400253119637e+43  3.1854113787211813e+43 
  60515.18163455597  2583954390083785.0  2707917803950712.0  2864056506080233.5      8422.276427199   8697.852753201327   9011.082094479956  2.9070761983523115e+43   3.021340040500485e+43  3.1456858394717317e+43 
       60515.849936  2572742681013502.0  2695742497193322.0  2850968923575347.0      8422.276427199   8697.852753201327   9011.082094479956  2.8812675002353077e+43  2.9947448192490763e+43   3.118167259776733e+43 
       60516.792843  2556873768197558.0  2678672470517160.5  2832623689101264.0      8422.276427199   8697.852753201327   9011.082094479956  2.8449691712759766e+43  2.9578250989932734e+43  3.0799557225439713e+43 
       60517.190208  2550075761359358.0  2671516526273534.5  2824934388899813.5      8422.276427199   8697.852753201327   9011.082094479956  2.8298283054869614e+43   2.942283844058617e+43  3.0639525037049266e+43 
 60517.419985857414  2546154452090697.5  2667388896766972.0  2820499434791147.5      8422.276427199   8697.852753201327   9011.082094479956  2.8211134471065537e+43   2.933364461068033e+43  3.0547373246021305e+43 
       60518.088695  2534782330739006.0  2655419089263001.0  2807639964557522.0      8422.276427199   8697.852753201327   9011.082094479956  2.7959198243571874e+43  2.9078217347058136e+43   3.028093494390504e+43 
       60518.263694  2531816258496006.5  2652297206874461.0  2804286343095632.0      8422.276427199   8697.852753201327   9011.082094479956  2.7893678521918566e+43   2.901178189150335e+43   3.021162996372928e+43 
       60519.049917  2518540580459247.5  2638324893402096.0  2789278890330853.0      8422.276427199   8697.852753201327   9011.082094479956  2.7601404156489376e+43    2.87088785966992e+43  2.9902426729777554e+43 
       60519.177581  2516392774783404.5  2636064402037672.0  2786851258212758.5      8422.276427199   8697.852753201327   9011.082094479956  2.7554266912339663e+43  2.8659881527905357e+43   2.985254870526463e+43 
  60519.65833715885  2508324020052532.5  2627572839125452.5  2777785732263046.0      8422.276427199   8697.852753201327   9011.082094479956    2.73775617521291e+43   2.847772567349102e+43   2.966555390355414e+43 
       60520.266512  2498160714553563.0  2616877497961517.0  2766504828180993.0      8422.276427199   8697.852753201327   9011.082094479956   2.715582557829076e+43    2.82501072563698e+43   2.943086141300834e+43 
 60521.896688460285  2471161133649248.0  2588467451628303.0  2736539750325234.0      8422.276427199   8697.852753201327   9011.082094479956  2.6575334460887565e+43   2.764765454100309e+43   2.881195300571574e+43 
  60524.13503976173  2434663238918900.0  2550070335981080.0  2696041748161676.0      8422.276427199   8697.852753201327   9011.082094479956  2.5809710141339234e+43   2.683834754745226e+43   2.798580187454994e+43 
       60524.759555  2424597039701947.0  2539481951971939.0  2684969144048739.5      8422.276427199   8697.852753201327   9011.082094479956  2.5602126007771976e+43  2.6617235802092206e+43   2.776008093307909e+43 
  60526.37339106316  2399080934179818.0  2512372974760581.0  2656699014791655.5      8422.276427199   8697.852753201327   9011.082094479956  2.5074581092857826e+43   2.606006020678693e+43  2.7186279093271925e+43 
  60528.61174236461  2364547901061710.0  2475371747535831.0  2618134984662334.0      8422.276427199   8697.852753201327   9011.082094479956   2.436359561398018e+43  2.5321748449231285e+43   2.641266489981253e+43 
  60530.85009366604  2330638983625786.5  2439059803556029.0  2580310212651286.0      8422.276427199   8697.852753201327   9011.082094479956   2.366228157981163e+43  2.4602374228243053e+43  2.5664131131403366e+43 
  60533.08844496748  2297346317685147.0  2403428847469389.0  2543215468927175.0      8422.276427199   8697.852753201327   9011.082094479956  2.2977475538754887e+43  2.3890548822002166e+43  2.4939946287151947e+43 
  60535.32679626892  2264662301458358.0  2368470077630627.0  2506839514296985.5      8422.276427199   8697.852753201327   9011.082094479956   2.232148064163074e+43  2.3207920939383926e+43   2.424297097221818e+43 
       60536.729644  2244483712295937.2  2346898452563475.0  2484401991474032.0      8422.276427199   8697.852753201327   9011.082094479956  2.1929381892357634e+43  2.2800267995668026e+43   2.382333373865279e+43 
 60537.565147570356  2232576779087453.8  2334246474545955.0  2471169317928874.5      8422.276427199   8697.852753201327   9011.082094479956   2.169864383447017e+43  2.2561436143205506e+43   2.357747697222805e+43 
   60539.8034988718  2201084669877625.2  2301241175844673.0  2436196410123505.5      8422.276427199   8697.852753201327   9011.082094479956  2.1094644545170344e+43   2.192830124086354e+43    2.29228721994974e+43 
        60540.74436  2188020838714556.0  2287557304201662.0  2421699891120654.5      8422.276427199   8697.852753201327   9011.082094479956  2.0846738482226723e+43   2.166244135516756e+43   2.264867549278785e+43 
 60542.041850173235  2170172983841815.0  2268869016378665.0  2401905272558254.5      8422.276427199   8697.852753201327   9011.082094479956  2.0497003416987159e+43   2.130189788102873e+43  2.2268889268407837e+43 
       60542.268189  2167079242387889.8  2265630532151545.5  2398475317320359.5      8422.276427199   8697.852753201327   9011.082094479956  2.0436682559783806e+43  2.1239719583679494e+43  2.2202593370988866e+43 
  60544.28020147467  2139835497089959.2  2237121661191409.8  2368286058567602.5      8422.276427199   8697.852753201327   9011.082094479956  1.9909626069122958e+43  2.0709319286166892e+43    2.16359751300993e+43 
       60544.749812  2133541998046974.8  2230497758750936.5  2361316350821973.0      8422.276427199   8697.852753201327   9011.082094479956  1.9788934592439456e+43   2.058852976216036e+43  2.1508004160507834e+43 
  60546.51855277611  2109689054146651.8  2205392713630926.2  2335595213255969.5      8422.276427199   8697.852753201327   9011.082094479956  1.9342385193311782e+43  2.0143750221018117e+43  2.1033379157675174e+43 
  60548.75690407755  2079656964627111.8  2174189978821422.5  2303426633134429.0      8422.276427199   8697.852753201327   9011.082094479956  1.8799349071811733e+43  1.9589648962276726e+43  2.0458777743466877e+43 
 60550.995255378984  2050211945035944.0  2143922400808792.0  2271551307566587.5      8422.276427199   8697.852753201327   9011.082094479956  1.8275336495119295e+43  1.9046100802908923e+43  1.9902010269923556e+43 
  60553.23360668043  2021342503981979.2  2114238830778172.2  2240261981166588.5      8422.276427199   8697.852753201327   9011.082094479956  1.7778410508205974e+43  1.8533510449021473e+43  1.9359275563562637e+43 
       60554.990423  1999078893289410.8  2091297599494328.0  2216305398056521.0      8422.276427199   8697.852753201327   9011.082094479956  1.7399304099482053e+43   1.814742444676857e+43  1.8944721234971356e+43 
       60555.018184  1998729831027841.8  2090931397122462.2  2215929791423339.2      8422.276427199   8697.852753201327   9011.082094479956  1.7393296788246545e+43  1.8141401859704923e+43   1.893823504078378e+43 
  60555.47195798186  1993036262399917.2  2084958583498536.8  2209803061703609.5      8422.276427199   8697.852753201327   9011.082094479956  1.7295455990959467e+43  1.8043304615419963e+43  1.8832584739130762e+43 
 60557.710309283306  1965283630621147.8  2056305204089259.0  2179938297663473.8      8422.276427199   8697.852753201327   9011.082094479956   1.682769519088448e+43   1.756110031898735e+43  1.8321637734608168e+43 
  60559.94866058474  1938169231349526.2  2028566211805746.0  2150686090015773.2      8422.276427199   8697.852753201327   9011.082094479956  1.6374395874501466e+43  1.7091302290822264e+43  1.7824282642721797e+43 
  60562.18701188618  1911721485273256.8  2001358116368475.8  2122284378221550.2      8422.276427199   8697.852753201327   9011.082094479956   1.593219635545301e+43  1.6636654619921004e+43  1.7348998631578295e+43 
  60564.42536318762  1885784139145377.2  1974797889937306.2  2094184179146569.5      8422.276427199   8697.852753201327   9011.082094479956  1.5504991677676758e+43  1.6198813153212952e+43  1.6885333177321612e+43 
 60566.663714489056  1860346286130283.2  1948261890720399.0  2066469506652635.0      8422.276427199   8697.852753201327   9011.082094479956  1.5091789561629693e+43   1.577199006240111e+43  1.6433172095691088e+43 
   60568.9020657905  1835396525443412.2  1922603873853016.5  2039251133025741.0      8422.276427199   8697.852753201327   9011.082094479956  1.4695546830087505e+43  1.5359690739421487e+43   1.599627780045729e+43 
 60571.140417091934  1810924172580590.5  1897433852298923.8  2012406560036480.2      8422.276427199   8697.852753201327   9011.082094479956  1.4313739327729662e+43  1.4966266206315032e+43  1.5573337362493727e+43 
  60573.37876839337  1786918313137628.2  1872916057381042.0  1986071916616502.5      8422.276427199   8697.852753201327   9011.082094479956  1.3937583248572976e+43  1.4582315239208251e+43  1.5163852276432103e+43 
  60575.61711969481  1763368212260420.2  1849174361891721.0  1960260439600418.5      8422.276427199   8697.852753201327   9011.082094479956   1.357380492694698e+43  1.4208907296823726e+43  1.4778254665003737e+43 
  60577.85547099625  1740263576471965.0  1826045131149480.5  1935289219311867.8      8422.276427199   8697.852753201327   9011.082094479956  1.3223673400343938e+43  1.3846091846712843e+43  1.4404564683958075e+43 
 60580.093822297684  1717594052242609.5  1803337375950649.2  1910843147282320.8      8422.276427199   8697.852753201327   9011.082094479956   1.288894978988583e+43  1.3494543020158696e+43  1.4040183692957468e+43 
  60582.33217359913  1695421423222680.8  1780687697268741.2  1886849493622291.8      8422.276427199   8697.852753201327   9011.082094479956   1.256462164969899e+43  1.3153885032163667e+43  1.3696862522121104e+43 
  60584.57052490056  1674151020571260.8  1758165769191506.0  1863297309500912.0      8422.276427199   8697.852753201327   9011.082094479956  1.2250330902143081e+43   1.282374227409481e+43   1.336388343439288e+43 
 60586.808876202005  1653270308989493.5  1735945045515574.2  1840176469775657.5      8422.276427199   8697.852753201327   9011.082094479956  1.1945706877773913e+43   1.250316171636348e+43  1.3040766623262257e+43 
  60589.04722750344  1632769901291016.0  1714075788695261.0  1817476730402933.2      8422.276427199   8697.852753201327   9011.082094479956  1.1650401736383324e+43  1.2186433075771926e+43   1.272593700410659e+43 
  60591.28557880488  1612641102263640.2  1692288021817835.5  1795188446211785.8      8422.276427199   8697.852753201327   9011.082094479956  1.1362045684887418e+43  1.1879519919011466e+43   1.241562462442437e+43 
  60593.52393010632  1592875371886253.2  1671238187890357.5  1773302017396890.0      8422.276427199   8697.852753201327   9011.082094479956  1.1081647753989647e+43  1.1587990979873263e+43  1.2113690551991571e+43 
 60595.762281407755  1573464310088088.5  1650650945452193.5  1751807946790942.5      8422.276427199   8697.852753201327   9011.082094479956  1.0808528717738246e+43  1.1304428735151697e+43  1.1820726183761227e+43 
   60598.0006327092  1554399791319996.8  1630294669515836.5  1730501421646409.0      8422.276427199   8697.852753201327   9011.082094479956  1.0537479852816181e+43  1.1026520631034751e+43   1.153641988285798e+43 
  60600.23898401063  1535673836532917.2  1610286448849937.5  1709457137235320.0      8422.276427199   8697.852753201327   9011.082094479956  1.0276524929054537e+43  1.0760139118152782e+43  1.1260140048495368e+43 
  60602.47733531207  1517278860343286.2  1590481422903351.5  1688601982463616.8      8422.276427199   8697.852753201327   9011.082094479956  1.0023667098853572e+43  1.0501697187519175e+43  1.0987429463049609e+43 
  60604.71568661351  1499227876916158.2  1571018804126402.5  1668591614718396.2      8422.276427199   8697.852753201327   9011.082094479956   9.778384739469863e+42  1.0250000388972481e+43  1.0722829495424285e+43 
  60606.95403791495  1481853264083879.8  1551905969806795.5  1649382600826376.0      8422.276427199   8697.852753201327   9011.082094479956   9.543151325047308e+42   1.000429827336331e+43  1.0466056784976026e+43 
  60609.19238921638  1464774958142409.2  1533134709113180.0  1630322226502420.2      8422.276427199   8697.852753201327   9011.082094479956   9.316758143324276e+42   9.765831449502164e+42   1.021673044836716e+43 
 60611.430740517826  1447986358115843.8  1514697065456383.0  1611586486251513.8      8422.276427199   8697.852753201327   9011.082094479956   9.096955595441078e+42   9.534351590949584e+42   9.973025609254914e+42 
  60613.66909181926  1431317933822754.5  1497003919793656.8  1592942515466712.5      8422.276427199   8697.852753201327   9011.082094479956   8.884363359248555e+42   9.309617396942273e+42    9.73852352768532e+42 
 60615.907443120705  1414272462273562.2  1479750271476507.0  1574599074989552.2      8422.276427199   8697.852753201327   9011.082094479956   8.676020790920999e+42   9.096354296158734e+42    9.51428873899919e+42 
  60618.14579442214  1397527675586562.5  1462790243877761.2  1556329468176136.5      8422.276427199   8697.852753201327   9011.082094479956   8.470505079690974e+42   8.887919653647808e+42   9.289943800390013e+42 
 60620.384145723576  1381076503535190.8  1446117385890147.5  1538336014246970.8      8422.276427199   8697.852753201327   9011.082094479956   8.271410244997157e+42    8.68206927899199e+42   9.070267483153723e+42 
  60622.62249702502  1364912154112977.5  1429725240356298.0  1520514098395976.8      8422.276427199   8697.852753201327   9011.082094479956   8.075837965711742e+42    8.48207423496659e+42    8.86427381058724e+42 
 60624.860848326454  1349028062378285.2  1413607665466490.8  1502916855304596.2      8422.276427199   8697.852753201327   9011.082094479956   7.886279553456686e+42   8.287739530150064e+42    8.66679612238948e+42 
  60627.09919962789  1333417751583650.5  1397758715363588.0  1485466745045085.5      8422.276427199   8697.852753201327   9011.082094479956   7.705605734095508e+42   8.098875876695375e+42   8.474745894071468e+42 
  60629.33755092933  1318074979779854.2  1382150415710404.0  1468115170845920.0      8422.276427199   8697.852753201327   9011.082094479956   7.530281703137165e+42   7.915301923175604e+42    8.28794634268003e+42 
  60631.57590223077  1302993719700118.8  1366607381065397.0  1451056478782842.8      8422.276427199   8697.852753201327   9011.082094479956   7.356967238947756e+42    7.73852300720357e+42   8.104912278793678e+42 
  60633.81425353221  1288167995064573.0  1351322641741321.0  1434284412880898.5      8422.276427199   8697.852753201327   9011.082094479956     7.1882120004384e+42   7.565459053089698e+42   7.926524304504313e+42 
  60636.05260483365  1273592090649156.5  1336290489916924.0  1417867221179451.2      8422.276427199   8697.852753201327   9011.082094479956   7.024209891907645e+42    7.39523265609543e+42   7.756651175829523e+42 
  60638.29095613508  1259260472095312.2  1321505493326792.2  1401815064824898.5      8422.276427199   8697.852753201327   9011.082094479956   6.864803927023531e+42   7.233049124327533e+42   7.590828390234098e+42 
 60640.529307436525  1245167682045344.0  1307067490849497.0  1386132152657860.0      8422.276427199   8697.852753201327   9011.082094479956   6.709925831149908e+42   7.075599215732551e+42   7.428914084029861e+42 
  60642.76765873796  1231308439723011.5  1292927507614913.5  1370716268885246.2      8422.276427199   8697.852753201327   9011.082094479956   6.562994472354147e+42   6.922360575644038e+42   7.271261155282755e+42 
 60645.006010039404  1217677652686175.8  1279012934212230.5  1355549866529664.8      8422.276427199   8697.852753201327   9011.082094479956   6.421119184553177e+42   6.773481232841255e+42   7.117002550885815e+42 
  60647.24436134084  1204160671443676.2  1265319073371355.5  1340627865530078.0      8422.276427199   8697.852753201327   9011.082094479956   6.283303828789646e+42    6.62998254240912e+42   6.966636465563288e+42 
 60649.482712642275  1190849475439548.2  1251832095993701.0  1325944892209633.5      8422.276427199   8697.852753201327   9011.082094479956   6.149106382174447e+42   6.486603593587426e+42    6.82018903221366e+42 
  60651.72106394372  1177753815291906.0  1238491534827520.8  1311531818632627.8      8422.276427199   8697.852753201327   9011.082094479956   6.017661381944861e+42   6.348449338988342e+42   6.677549312180971e+42 
 60653.959415245154  1164869081140264.0  1225359045981936.2  1297694248178034.5      8422.276427199   8697.852753201327   9011.082094479956   5.889674050930049e+42   6.213070650708277e+42   6.538598472175823e+42 
  60656.19776654659  1152190803346887.2  1212430452338954.0  1284069225226796.5      8422.276427199   8697.852753201327   9011.082094479956   5.765954794403647e+42   6.082191090460189e+42   6.400590824606404e+42 
  60658.43611784803  1139714733946081.8  1199701727479218.0  1270652616510041.2      8422.276427199   8697.852753201327   9011.082094479956   5.646035363615317e+42   5.954887798550154e+42   6.266082963321009e+42 
  60660.67446914947  1127436685118323.5  1187168859890937.0  1257440364124746.0      8422.276427199   8697.852753201327   9011.082094479956  5.5291928515802716e+42   5.830438406165559e+42   6.134442158673157e+42 
  60662.91282045091  1115352614789495.5  1174827980775222.0  1244428476994208.8      8422.276427199   8697.852753201327   9011.082094479956   5.412573022382969e+42   5.709038312553565e+42   6.007892804046822e+42 
 60665.151171752346  1103458591461387.0  1162675323067180.0  1231613060711894.2      8422.276427199   8697.852753201327   9011.082094479956   5.298686008955931e+42    5.59086320848786e+42   5.885562507515502e+42 
  60667.38952305378  1091750751003765.8  1150707175241619.8  1218990356844878.0      8422.276427199   8697.852753201327   9011.082094479956  5.1870316038565954e+42    5.47569815611231e+42   5.766315462407931e+42 
 60669.627874355225  1080225303016138.0  1139024620527817.0  1206556655313962.5      8422.276427199   8697.852753201327   9011.082094479956  5.0776009074123754e+42  5.3641379399048364e+42   5.650059798370332e+42 
  60671.86622565666  1068878639950980.6  1127596370710468.5  1194308303668908.2      8422.276427199   8697.852753201327   9011.082094479956    4.97101640884836e+42  5.2558528382899863e+42  5.5366563823771815e+42 
       60672.653936  1064927163726408.2  1123614840768327.0  1190040961145504.8      8422.276427199   8697.852753201327   9011.082094479956    4.93416577561575e+42  5.2183902960280966e+42  5.4967361013320385e+42 
 60674.104576958096  1057706577438121.0  1116337222151081.4  1182240994437503.0      8422.276427199   8697.852753201327   9011.082094479956   4.867185116347445e+42  5.1502659456561585e+42  5.4239607617050786e+42 
  60676.34292825954  1046706896168500.0  1105245283786326.0  1170353061261312.8      8422.276427199   8697.852753201327   9011.082094479956   4.766035399816814e+42   5.047310079847065e+42   5.313939277657102e+42 
 60678.581279560975  1035875500972447.0  1094316547773199.5  1158640072991365.0      8422.276427199   8697.852753201327   9011.082094479956  4.6674790497280093e+42   4.946900774599052e+42   5.206680097790644e+42 
       60680.628376  1026113977234459.5  1084461738252738.0  1148078094044528.0      8422.276427199   8697.852753201327   9011.082094479956  4.5795777372790475e+42   4.856033976166441e+42   5.111719474931029e+42 
  60680.81963086242  1025208880058694.2  1083545211961432.9  1147098475998167.5      8422.276427199   8697.852753201327   9011.082094479956   4.571509488114319e+42  4.8475740320306756e+42   5.103023359496137e+42 
  60683.05798216385  1014704202673222.0  1072833032765161.8  1135725678160585.8      8422.276427199   8697.852753201327   9011.082094479956  4.4783883970157235e+42  4.7499169272761095e+42  5.0026068810881605e+42 
  60685.29633346529  1004383378258640.9  1062277599130547.8  1124518174828323.0      8422.276427199   8697.852753201327   9011.082094479956   4.387607640226299e+42   4.654684476381014e+42   4.904624418124905e+42 
  60687.53468476673   994240098530907.2  1051875912785783.5  1113472864939633.2      8422.276427199   8697.852753201327   9011.082094479956   4.299098262171028e+42     4.5618061975529e+42    4.80900649433337e+42 
  60689.77303606817   984248120455963.6  1041625079803827.2  1102488617039718.8      8422.276427199   8697.852753201327   9011.082094479956   4.212856320117742e+42    4.47121344804381e+42  4.7160199072090814e+42 
       60690.597997   980602781930919.0  1037884266422173.2  1098476920643939.6      8422.276427199   8697.852753201327   9011.082094479956   4.181974673000381e+42  4.4387559174440365e+42  4.6826981467548584e+42 
  60692.01138736961   974403945306445.5  1031521669516386.8  1091653847182831.8      8422.276427199   8697.852753201327   9011.082094479956  4.1297177843120437e+42   4.383828209956827e+42   4.626289805299291e+42 
        60693.09701   969682017801702.6  1026673875978878.5  1086455301943853.8      8422.276427199   8697.852753201327   9011.082094479956   4.090128548412533e+42   4.342209507161308e+42   4.583536634403063e+42 
 60694.249738671046   964705373332874.1  1021563511432306.0  1080975328406639.6      8422.276427199   8697.852753201327   9011.082094479956   4.048607118737895e+42   4.298532729765412e+42  4.5386791235640083e+42 
        60694.59048   963241541402892.5  1020050699096748.2  1079363233711895.8      8422.276427199   8697.852753201327   9011.082094479956   4.036433602891719e+42  4.2855248824382563e+42   4.525524076018826e+42 
       60695.335528   960052287812222.8  1016697635398817.4  1075850686789711.6      8422.276427199   8697.852753201327   9011.082094479956   4.009973978275644e+42    4.25725197694829e+42   4.496925666796248e+42 
  60696.48808997248   955149579472889.1  1011542692653324.2  1070450127986618.1      8422.276427199   8697.852753201327   9011.082094479956  3.9694657319711286e+42   4.213969028734866e+42  4.4528820335766924e+42 
       60698.665842   945987538893060.5  1001908111993890.8  1060355255057400.0      8422.276427199   8697.852753201327   9011.082094479956   3.893984262624968e+42   4.133668339015507e+42   4.370321451657264e+42 
 60698.726441273924   945734447708798.4  1001641933774140.0  1060076325142814.4      8422.276427199   8697.852753201327   9011.082094479956   3.891921158984158e+42     4.1314608326631e+42  4.3680263723742996e+42 
       60699.367917   943061443830058.6   998830720127869.5  1057130403361816.4      8422.276427199   8697.852753201327   9011.082094479956   3.869974848783138e+42   4.108182363899743e+42    4.34382311256777e+42 
        60700.33749   939042617544801.0   994603804465235.9  1052679277383817.8      8422.276427199   8697.852753201327   9011.082094479956  3.8370009139374017e+42    4.07330549193831e+42   4.307555088553589e+42 
       60700.344742   939012653575302.2   994572288028332.5  1052645943782516.5      8422.276427199   8697.852753201327   9011.082094479956  3.8367555984007416e+42   4.073046016440623e+42   4.307285221330532e+42 
       60700.351932   938982948150069.6   994541043460619.0  1052612897454673.9      8422.276427199   8697.852753201327   9011.082094479956   3.836512396944493e+42   4.072788778406125e+42     4.3070176809696e+42 
  60700.96479257536   936456036428830.8   991883110973961.1  1049801826186688.1      8422.276427199   8697.852753201327   9011.082094479956  3.8158527208680493e+42  4.0509355278672726e+42   4.284289428587345e+42 
       60701.103356   935886112221788.5   991283627889287.6  1049167786437214.5      8422.276427199   8697.852753201327   9011.082094479956  3.8112008346157004e+42  4.0460147804755784e+42  4.2791711799519656e+42 
 60703.203143876795   927313010104127.8   982265082238407.8  1039629485274368.4      8422.276427199   8697.852753201327   9011.082094479956   3.742046008649154e+42   3.972350635375579e+42  4.2020664082790596e+42 
  60705.44149517824   918302305978014.6   972784597427797.2  1029602265472770.9      8422.276427199   8697.852753201327   9011.082094479956  3.6699250594767845e+42   3.895645604405127e+42  4.1225807407750893e+42 
 60707.679846479674   909421291619286.8   963276173792709.2  1019717293771494.2      8422.276427199   8697.852753201327   9011.082094479956   3.599201283871737e+42  3.8214986555245587e+42   4.046576401761925e+42 
  60709.91819778112   900667560993775.8   953892266139321.4  1009971968020020.4      8422.276427199   8697.852753201327   9011.082094479956   3.530162725506462e+42   3.749198285113529e+42  3.9723131129019765e+42 
  60712.15654908255   892096026648034.5   944643351438356.5  1000363774759635.0      8422.276427199   8697.852753201327   9011.082094479956   3.462762188815154e+42   3.678583775695933e+42    3.89974360731319e+42 
       60712.578035   890508513102987.9   942916482606383.0   998591663817516.0      8422.276427199   8697.852753201327   9011.082094479956   3.450248775904655e+42   3.665470178846794e+42  3.8862629734631964e+42 
  60714.39490038399   883713816646247.5   935526529955563.5   991169167371604.0      8422.276427199   8697.852753201327   9011.082094479956  3.3969509797607625e+42   3.609605731906861e+42   3.828819210370841e+42 
       60715.335336   880227007928269.2   931734947157664.2   987359414855436.4      8422.276427199   8697.852753201327   9011.082094479956  3.3697641120201055e+42  3.5808150876442436e+42  3.7995005958396597e+42 
  60716.63325168543   875448537766766.0   926539595026255.6   982137521535429.0      8422.276427199   8697.852753201327   9011.082094479956  3.3326866597102953e+42   3.541201040214395e+42   3.759497526232954e+42 
  60718.87160298687   867298774714512.2   917681005518265.2   973229310150041.0      8422.276427199   8697.852753201327   9011.082094479956   3.269932535562834e+42  3.4744287604214616e+42  3.6917425691138336e+42 
  60721.10995428831   859261837668903.8   908947697677842.5   964441572306352.4      8422.276427199   8697.852753201327   9011.082094479956   3.208641438250793e+42   3.409215864889127e+42   3.625284751938387e+42 
 60723.348305589745   851335679809272.2   900337377608279.5   955772211706547.5      8422.276427199   8697.852753201327   9011.082094479956   3.148773232675153e+42    3.34551956446673e+42    3.56017249152172e+42 
  60725.58665689118   843518316062974.9   891847827558499.8   947219168138903.4      8422.276427199   8697.852753201327   9011.082094479956  3.0902889437736854e+42  3.2841357905462526e+42    3.49651358214982e+42 
  60727.82500819262   835807803200288.1   883476878420645.8   938780403068077.5      8422.276427199   8697.852753201327   9011.082094479956   3.033150911008238e+42   3.225084120993009e+42   3.434269580870599e+42 
  60730.06335949406   828227107007796.1   875270464258625.8   930453177671330.1      8422.276427199   8697.852753201327   9011.082094479956  2.9773224795495324e+42   3.167351449724674e+42    3.37340320012719e+42 
       60730.309876   827401885145253.8   874386834861210.2   929536458648953.5      8422.276427199   8697.852753201327   9011.082094479956    2.97125177055156e+42   3.161071684920051e+42  3.3667817595509986e+42 
 60732.301710795495   820779499311920.9   867296567590870.2   922179318888826.9      8422.276427199   8697.852753201327   9011.082094479956   2.922766751062158e+42   3.110901280743458e+42    3.31387631421405e+42 
       60733.061504   818274136879895.1   864614479572299.6   919395600452658.0      8422.276427199   8697.852753201327   9011.082094479956   2.904530640113382e+42   3.092024583589323e+42   3.293968049444354e+42 
       60734.472121   813653138732765.9   859667962331019.6   914260747285320.6      8422.276427199   8697.852753201327   9011.082094479956  2.8710489979102286e+42   3.057357314073052e+42  3.2568247085279767e+42 
  60734.54006209694   813431551921257.1   859430780753524.0   914014508086902.6      8422.276427199   8697.852753201327   9011.082094479956   2.869448531340442e+42  3.0556998197299953e+42  3.2550317477882413e+42 
       60736.246723   807895169084690.8   853505378707182.8   907861713958856.9      8422.276427199   8697.852753201327   9011.082094479956   2.829609988040687e+42  3.0144318163215683e+42     3.2103943832344e+42 
        60736.25221   807877459529153.9   853486426133799.5   907842031204556.4      8422.276427199   8697.852753201327   9011.082094479956   2.829483016615763e+42   3.014300260538342e+42    3.21025209080883e+42 
       60736.257713   807859698717600.4   853467418776624.6   907822291813683.0      8422.276427199   8697.852753201327   9011.082094479956   2.829355682696057e+42   3.014168327014075e+42  3.2101093909514573e+42 
  60736.77841339837   806181817660934.0   851671809619847.0   905957455476714.9      8422.276427199   8697.852753201327   9011.082094479956   2.817339147085035e+42  3.0017169765348025e+42   3.196642726021393e+42 
       60737.047127   805320946901351.2   850747377225689.2   904997319732756.0      8422.276427199   8697.852753201327   9011.082094479956  2.8111627346192325e+42  2.9953164446604504e+42  3.1897205057235987e+42 
 60739.016764699816   799078498392920.4   844017717750588.0   898006446941486.8      8422.276427199   8697.852753201327   9011.082094479956  2.7664057065718654e+42   2.948920906268425e+42  3.1393953194266575e+42 
  60741.25511600125   792071814084113.9   836527734229786.6   890116257619258.2      8422.276427199   8697.852753201327   9011.082094479956   2.716616808651649e+42   2.897254525018082e+42  3.0827157806744347e+42 
       60742.515319   788167029870007.5   832364970694357.8   885702111887083.1      8422.276427199   8697.852753201327   9011.082094479956  2.6890748240121248e+42   2.868274043381181e+42   3.052231207668842e+42 
  60743.49346730269   785155948989537.1   829155222826716.0   882298329012063.4      8422.276427199   8697.852753201327   9011.082094479956   2.667936761747485e+42   2.846028492066691e+42    3.02949469315687e+42 
  60745.73181860413   778330365310281.8   821880303084659.0   874582952703623.5      8422.276427199   8697.852753201327   9011.082094479956  2.6203440735220432e+42  2.7959305304953295e+42  2.9782614718772763e+42 
 60747.970169905566   771592951521760.1   814774060938539.8   866967614593048.2      8422.276427199   8697.852753201327   9011.082094479956  2.5738057281856213e+42  2.7469271459190096e+42   2.927831574515937e+42 
  60750.20852120701   764942237875981.8   807814623736587.8   859450664406788.5      8422.276427199   8697.852753201327   9011.082094479956  2.5282942291705728e+42  2.6989900938410024e+42   2.878215181698994e+42 
 60752.446872508444   758376752213005.1   800944331978118.1   852030450481296.1      8422.276427199   8697.852753201327   9011.082094479956  2.4837827620344006e+42  2.6520918644298032e+42   2.829644995541848e+42 
  60754.68522380988   751895076981841.9   794161709804021.5   844705374024655.5      8422.276427199   8697.852753201327   9011.082094479956  2.4402454101979435e+42   2.606205841493625e+42    2.78195329621937e+42 
  60756.92357511132   745495806980692.8   787465305780693.5   837473853568942.5      8422.276427199   8697.852753201327   9011.082094479956  2.3976569415099676e+42  2.5613061404297918e+42   2.734773675411406e+42 
  60759.16192641276   739177565863909.9   780853687115861.5   830334346468523.9      8422.276427199   8697.852753201327   9011.082094479956  2.3559928378205516e+42  2.5173676345298293e+42   2.688589980050402e+42 
       60760.328029   735894291545229.1   777442130661500.8   826650552151572.6      8422.276427199   8697.852753201327   9011.082094479956   2.334644007934193e+42  2.4948483231806384e+42  2.6649144470091407e+42 
 60761.400277714194   732867935543111.5   774324969555324.5   823284769909194.8      8422.276427199   8697.852753201327   9011.082094479956  2.3152264282886427e+42  2.4743630498448875e+42  2.6433741628175982e+42 
       60762.713725   729186073872193.8   770532351222355.2   819189780630649.4      8422.276427199   8697.852753201327   9011.082094479956  2.2917156713121714e+42   2.449523847554312e+42  2.6172846875243265e+42 
  60763.63862901564   726609853183575.4   767878426864140.6   816324361780684.5      8422.276427199   8697.852753201327   9011.082094479956  2.2753384727265655e+42  2.4321710481273113e+42  2.5991058116269876e+42 
  60765.87698031707   720431508131351.1   761513124476775.5   809452145865907.9      8422.276427199   8697.852753201327   9011.082094479956  2.2363091793261902e+42  2.3908320093073287e+42  2.5557639230625154e+42 
 60768.115331618515   714331063164021.1   755227123502886.5   802665992051823.4      8422.276427199   8697.852753201327   9011.082094479956   2.198113060766225e+42   2.350735729286885e+42  2.5133219126991642e+42 
       60769.045102   711819444037760.0   752638802708935.9   799871841014391.8      8422.276427199   8697.852753201327   9011.082094479956  2.1824856283926632e+42  2.3343261106630786e+42   2.495950167274469e+42 
  60770.35368291995   708306846969893.4   749018696211383.5   795963979872705.5      8422.276427199   8697.852753201327   9011.082094479956  2.1607264921187866e+42  2.3114733753220802e+42   2.471702433935424e+42 
       60771.242896   705934636381851.2   746573705513517.0   793324726287040.6      8422.276427199   8697.852753201327   9011.082094479956  2.1460950992787323e+42   2.296103627977347e+42   2.455380658285991e+42 
  60772.59203422139   702358079883767.4   742887178932519.0   789345421518640.6      8422.276427199   8697.852753201327   9011.082094479956  2.1241324049586322e+42  2.2730282365326673e+42  2.4308739694792433e+42 
  60774.83038552283   696483879484603.0   736831715964815.0   782809427673908.8      8422.276427199   8697.852753201327   9011.082094479956  2.0883132916415588e+42  2.2353827706345396e+42  2.3908882268188182e+42 
 60777.068736824265   690687341972543.5   730850528840777.0   776354018400972.1      8422.276427199   8697.852753201327   9011.082094479956  2.0532465271863935e+42  2.1985136354551618e+42  2.3517212841228276e+42 
   60779.3070881257   684988157309100.6   724942432050377.5   769977924898576.2      8422.276427199   8697.852753201327   9011.082094479956  2.0189134421923948e+42   2.162401908419806e+42  2.3133532444707304e+42 
 60781.545439427144   679358666106602.2   719085854825825.4   763679877174445.1      8422.276427199   8697.852753201327   9011.082094479956  1.9852958597499012e+42  2.1270292711896024e+42  2.2757648153724483e+42 
  60783.78379072858   673797760374686.5   713242755299278.5   757458652626607.1      8422.276427199   8697.852753201327   9011.082094479956   1.952376138928073e+42   2.092377788644374e+42  2.2389371709571406e+42 
  60786.02214203002   668304339794678.6   707438435100519.5   751313025185211.5      8422.276427199   8697.852753201327   9011.082094479956  1.9201371134357755e+42  2.0584300910152322e+42  2.2028520280111852e+42 
  60788.26049333146   662877337532408.5   701703413091313.1   745241815543743.5      8422.276427199   8697.852753201327   9011.082094479956  1.8885620627461235e+42   2.025169182019031e+42  2.1674915858960736e+42 
       60790.269953   658060912115129.1   696545090943338.1   739853744166410.0      8422.276427199   8697.852753201327   9011.082094479956  1.8607675794271137e+42   1.995880381843262e+42  2.1363495859909696e+42 
  60790.49884463289   657515550227811.0   695960100821064.8   739243655866079.4      8422.276427199   8697.852753201327   9011.082094479956  1.8576339286586168e+42  1.9925776078116216e+42  2.1328376157899897e+42 
       60791.250106   655730328478369.6   694045305763500.9   737246564072318.8      8422.276427199   8697.852753201327   9011.082094479956  1.8473952522487043e+42  1.9817856037606326e+42  2.1213616076575632e+42 
 60792.737195934336   652217936842344.1   690278555657191.5   733317395486922.2      8422.276427199   8697.852753201327   9011.082094479956   1.827336891133371e+42  1.9606393624619974e+42   2.098873257635786e+42 
       60792.827235   652006162262376.9   690051468454372.5   733080490946302.2      8422.276427199   8697.852753201327   9011.082094479956   1.826131130304999e+42   1.959368058703599e+42  2.0975211982053998e+42 
       60794.219425   648744828762081.5   686554714834471.5   729432239057425.6      8422.276427199   8697.852753201327   9011.082094479956  1.8076323813187915e+42  1.9398428224612438e+42  2.0767545404332157e+42 
  60794.97554723577   646983678106876.2   684666723903447.0   727462155108238.6      8422.276427199   8697.852753201327   9011.082094479956  1.7977058332935002e+42  1.9293401951100336e+42  2.0655833712796974e+42 
 60797.213898537215   641812162464368.8   679123870218409.5   721677315526576.9      8422.276427199   8697.852753201327   9011.082094479956   1.768720769527692e+42  1.8986674404103665e+42  2.0328933595857482e+42 
       60798.444299   638995407368494.2   676105600017699.6   718526517924932.9      8422.276427199   8697.852753201327   9011.082094479956  1.7530361380294516e+42   1.882065626914216e+42  2.0151881600546813e+42 
  60799.45224983865   636701590303791.5   673648070512956.5   715960711141146.5      8422.276427199   8697.852753201327   9011.082094479956  1.7403169005507923e+42  1.8686006878915914e+42  2.0008277333439312e+42 
       60800.891727   633447042287603.9   670161829158714.4   712320326688312.2      8422.276427199   8697.852753201327   9011.082094479956  1.7223526940541396e+42   1.849561355480095e+42  1.9805416844844436e+42 
 60801.690601140086   631651487278993.4   668238739011256.1   710311915428104.1      8422.276427199   8697.852753201327   9011.082094479956   1.712483057712203e+42  1.8390098997876078e+42   1.969394348816591e+42 
       60802.456562   629937024985351.8   666402704083147.0   708394232434342.5      8422.276427199   8697.852753201327   9011.082094479956   1.703086553903665e+42  1.8289639702385584e+42  1.9587801738685965e+42 
  60803.92895244153   626623217650721.6   662894782568984.8   704729841720546.2      8422.276427199   8697.852753201327   9011.082094479956  1.6852054640928385e+42  1.8098459387248306e+42  1.9385782161967554e+42 
 60806.167303742965   621616721105361.9   657615458900200.5   699213817728859.2      8422.276427199   8697.852753201327   9011.082094479956   1.658472492455335e+42  1.7812420389956547e+42  1.9083666078930062e+42 
   60808.4056550444   616669843503010.9   652399350575660.5   693762312862430.9      8422.276427199   8697.852753201327   9011.082094479956   1.632269036050742e+42   1.753077950568302e+42  1.8787430408362057e+42 
  60810.64400634584   611781654203905.8   647245473357085.1   688374359476059.9      8422.276427199   8697.852753201327   9011.082094479956  1.6065827053426988e+42  1.7254689472324133e+42  1.8496939389939123e+42 
  60812.88235764728   606951251514967.5   642152863594713.0   683063051282846.9      8422.276427199   8697.852753201327   9011.082094479956  1.5814013758764862e+42  1.6984021396950985e+42  1.8212061180498758e+42 
       60814.462519   603575389595856.0   638593944366505.8   679375224995669.5      8422.276427199   8697.852753201327   9011.082094479956  1.5639214481864268e+42  1.6796899414241675e+42  1.8014251419008834e+42 
  60815.12070894872   602177472295583.6   637120272596092.6   677847947408081.6      8422.276427199   8697.852753201327   9011.082094479956    1.55671177861606e+42   1.672026647785204e+42  1.7932649577340537e+42 
  60817.35906025016   597460029676668.6   632147412623454.4   672693218242162.6      8422.276427199   8697.852753201327   9011.082094479956  1.5325058306777976e+42  1.6462945835037945e+42   1.765861786345691e+42 
       60818.153772   595798300778377.0   630395785343274.5   670877166661205.1      8422.276427199   8697.852753201327   9011.082094479956   1.524024613147967e+42  1.6372768896263226e+42  1.7562581169436824e+42 
        60818.55531   594961322219535.9   629513543303895.2   669962399845527.9      8422.276427199   8697.852753201327   9011.082094479956  1.5197617580765133e+42  1.6327441006193827e+42  1.7514306938723943e+42 
  60819.59741155159   592797375147852.5   627232622251426.2   667597174732837.0      8422.276427199   8697.852753201327   9011.082094479956  1.5087683948882888e+42    1.62105383811489e+42  1.7389799207505297e+42 
       60820.945129   590016315559302.6   624301330428184.9   664557067357851.2      8422.276427199   8697.852753201327   9011.082094479956  1.4946989609782016e+42  1.6060907402112448e+42   1.723042458112472e+42 
 60821.835762853036   588189144358288.8   622375521001866.2   662559478155929.0      8422.276427199   8697.852753201327   9011.082094479956   1.485491409672652e+42   1.596297127278383e+42  1.7126105957414156e+42 
       60822.370585   587096005051628.9   621225105186749.2   661364290571041.6      8422.276427199   8697.852753201327   9011.082094479956   1.479996483104622e+42   1.590452007150718e+42  1.7063843718359385e+42 
       60823.138887   585530980050284.5   619592624731713.0   659653064266654.9      8422.276427199   8697.852753201327   9011.082094479956  1.4721473987914562e+42   1.582102159202816e+42  1.6974898022697668e+42 
  60824.07411415447   583634374014086.9   617614233967340.0   657579093543855.2      8422.276427199   8697.852753201327   9011.082094479956   1.462663470434512e+42  1.5720123390689648e+42  1.6867412985745334e+42 
       60826.174058   579409463042132.2   613206960632603.2   652941921602701.5      8422.276427199   8697.852753201327   9011.082094479956   1.441648019151963e+42  1.5496512424036695e+42   1.662918247019737e+42 
 60826.312465455914   579132584743669.0   612918125787916.9   652637735677681.1      8422.276427199   8697.852753201327   9011.082094479956  1.4402761181439526e+42  1.5481912650662895e+42  1.6613627864506588e+42 
       60826.639302   578479553529790.1   612236891011813.5   651920280690500.0      8422.276427199   8697.852753201327   9011.082094479956  1.4370429918509754e+42  1.5447505201187344e+42   1.657734238967144e+42 
       60827.869887   576030747163759.6   609695706893753.1   649229728814966.4      8422.276427199   8697.852753201327   9011.082094479956  1.4249517354837823e+42  1.5318819347313438e+42   1.644268142424052e+42 
  60828.55081675735   574682379338456.4   608279554496044.9   647748116316422.2      8422.276427199   8697.852753201327   9011.082094479956  1.4183159553545705e+42  1.5248188245186103e+42   1.636875626571587e+42 
        60828.87838   574035424895330.5   607600080069837.5   647034179933980.8      8422.276427199   8697.852753201327   9011.082094479956   1.415137592371217e+42  1.5214356208561628e+42  1.6333342583240017e+42 
       60830.632233   570590182764446.1   603981735942806.2   643222469225724.1      8422.276427199   8697.852753201327   9011.082094479956  1.3982724486664567e+42  1.5034819404213834e+42   1.614536586606392e+42 
 60830.789168058785   570283395679122.1   603659534915504.2   642883026913389.0      8422.276427199   8697.852753201327   9011.082094479956   1.396775574078831e+42  1.5018882767909112e+42   1.612867722505064e+42 
  60833.02751936023   565934911425550.5   599150543495307.4   638071508067753.1      8422.276427199   8697.852753201327   9011.082094479956  1.3756456856626585e+42  1.4793899205827996e+42  1.5893007009147058e+42 
 60835.265870661664  561635924221093.44   594789979313509.0   633314212072329.5      8422.276427199   8697.852753201327   9011.082094479956   1.354915636705618e+42  1.4573122296869504e+42   1.566163618205387e+42 
   60837.5042219631   557385607409129.1   590477258738639.4   628610351356605.9      8422.276427199   8697.852753201327   9011.082094479956    1.33457602284215e+42  1.4356459817552664e+42  1.5434458231067062e+42 
  60839.74257326454   553183363573295.0   586116370159109.8   623958884865505.2      8422.276427199   8697.852753201327   9011.082094479956   1.314618592491149e+42  1.4143815786597587e+42   1.521021232599071e+42 
       60841.939923   549104218219963.0   581827875770862.2   619443426013510.8      8422.276427199   8697.852753201327   9011.082094479956  1.2953907253653543e+42  1.3938902429966188e+42  1.4985402169652405e+42 
  60841.98092456598  549028525241234.94   581748297806377.4   619359631411668.5      8422.276427199   8697.852753201327   9011.082094479956   1.295035273156868e+42  1.3935113761788458e+42  1.4981217724065012e+42 
  60844.21927586742   544920335263493.3   577461647939950.0   614811525862075.0      8422.276427199   8697.852753201327   9011.082094479956  1.2758173186484187e+42  1.3730262750056725e+42  1.4755012751955172e+42 
  60846.45762716886  540858086973763.75   573297559190554.5   610313793454960.0      8422.276427199   8697.852753201327   9011.082094479956  1.2569564849956876e+42  1.3529176436441006e+42   1.453305665164912e+42 
  60848.69597847029  536841101168165.25   569178739616691.5   605862279600705.1      8422.276427199   8697.852753201327   9011.082094479956  1.2384448886660193e+42   1.333157914445311e+42   1.432167758347763e+42 
 60850.934329771735   532868716371937.8   565104539976721.2   601459478121350.6      8422.276427199   8697.852753201327   9011.082094479956  1.2202748195727183e+42  1.3136490130573768e+42  1.4114973038156826e+42 
  60853.17268107317  528940285207972.56  561074322356970.44   597099426532327.1      8422.276427199   8697.852753201327   9011.082094479956  1.2024387451127453e+42  1.2944967665347614e+42  1.3912005703376234e+42 
  60855.41103237461   525055165702056.1   557087461455756.2   592764109472986.5      8422.276427199   8697.852753201327   9011.082094479956  1.1849293778415394e+42   1.275693389492711e+42  1.3712695104105853e+42 
       60855.854754  524290013266533.75  556302136746621.75   591909180808678.1      8422.276427199   8697.852753201327   9011.082094479956  1.1814961967606932e+42  1.2720062295190313e+42  1.3673607813252374e+42 
       60856.816487  522637369955121.56   554605791940178.6   590050442376134.8      8422.276427199   8697.852753201327   9011.082094479956  1.1740980664069042e+42  1.2640605828789885e+42  1.3589371216160654e+42 
  60857.64938367605   521212433943018.1  553143019043883.25   588447469820384.5      8422.276427199   8697.852753201327   9011.082094479956  1.1677380878582842e+42  1.2572296396384047e+42  1.3516946077770492e+42 
 60859.887734977485  517412133852690.44   549241112724032.4   584164597203691.9      8422.276427199   8697.852753201327   9011.082094479956  1.1508612411074581e+42  1.2391019935818392e+42  1.3324719065483611e+42 
  60862.12608627893  513653273573225.44   545380717728331.9   579926603810559.5      8422.276427199   8697.852753201327   9011.082094479956   1.134290085050211e+42  1.2213008856626868e+42  1.3135917235118617e+42 
  60864.36443758036   509935261744164.8   541547337101714.5   575761111223682.1      8422.276427199   8697.852753201327   9011.082094479956  1.1180180172178808e+42  1.2038926234781105e+42  1.2950467871364352e+42 
   60866.6027888818   506257516344720.2   537749200157424.1   571671557882866.5      8422.276427199   8697.852753201327   9011.082094479956  1.1020386307561327e+42  1.1870216778669658e+42  1.2768299939559648e+42 
  60868.84114018324   502619462253945.0  533991492782855.75   567613207203218.1      8422.276427199   8697.852753201327   9011.082094479956   1.086345616285512e+42  1.1704472444344159e+42  1.2589344327065937e+42 
       60870.295995   500275735745431.6  531570375377534.25   564997397307583.6      8422.276427199   8697.852753201327   9011.082094479956  1.0762957214973077e+42  1.1598297392410395e+42   1.247471252814058e+42 
  60871.07949148468   499020313632834.0   530265611761751.1   563596238197369.0      8422.276427199   8697.852753201327   9011.082094479956  1.0709318043653847e+42  1.1541618647834632e+42  1.2413521341017032e+42 
       60872.325058  497034275805509.56   528185674964029.6   561379670063617.8      8422.276427199   8697.852753201327   9011.082094479956  1.0624985937009382e+42  1.1452232680797043e+42   1.231702084273104e+42 
  60873.31784278612   495459777595095.3   526536703203872.1   559622421660090.4      8422.276427199   8697.852753201327   9011.082094479956  1.0558445082516714e+42  1.1381610479560986e+42  1.2240779561743369e+42 
       60874.126872   494182237160272.6   525198713131344.9  558196607899030.56      8422.276427199   8697.852753201327   9011.082094479956  1.0504608558356788e+42  1.1324008491109607e+42  1.2179088535556207e+42 
 60875.556194087556  491937335702409.25  522847548525455.75   555691179387148.6      8422.276427199   8697.852753201327   9011.082094479956  1.0410341987587669e+42  1.1222842051705586e+42   1.207105572182018e+42 
       60876.272849   490817484207256.2   521674663527923.8  554441367571270.25      8422.276427199   8697.852753201327   9011.082094479956  1.0363477303073377e+42  1.1172543331813177e+42  1.2017340871548034e+42 
  60877.79454538899  488452429316209.06  519197561372008.25  551801876716606.44      8422.276427199   8697.852753201327   9011.082094479956  1.0264852081895426e+42    1.10666852360929e+42  1.1904285399301431e+42 
       60878.091596   487992724402372.8   518716069067682.0  551288826428262.75      8422.276427199   8697.852753201327   9011.082094479956  1.0245736729784681e+42  1.1046166629697723e+42  1.1882371166504461e+42 
 60880.032896690434  485004604923908.56   515586273098745.4   547958537126206.2      8422.276427199   8697.852753201327   9011.082094479956   1.012192338730103e+42  1.0913257886337146e+42  1.1740410843181616e+42 
  60882.27124799187  481593321645715.94   512013115767229.8   544198415537007.4      8422.276427199   8697.852753201327   9011.082094479956   9.981500824328202e+41  1.0762501045472328e+42  1.1579370551464058e+42 
 60884.509599293306   478217944148293.0   508477418508837.2  540477071444330.06      8422.276427199   8697.852753201327   9011.082094479956   9.843525758921673e+41  1.0614351413445779e+42  1.1420803657614893e+42 
       60884.748003   477860496629549.4  508102983485869.75   540082935490055.9      8422.276427199   8697.852753201327   9011.082094479956   9.828970528436885e+41  1.0598721296858136e+42  1.1404056668075246e+42 
  60886.74795059475   474910064639585.4  504978581703603.44   536793886714062.5      8422.276427199   8697.852753201327   9011.082094479956   9.707943638269346e+41   1.046875115924812e+42   1.126479360080258e+42 
 60888.986301896184   471685433400433.1   501516302441985.7   533148574309526.6      8422.276427199   8697.852753201327   9011.082094479956   9.574713922108675e+41  1.0325659922661914e+42  1.1111468156746002e+42 
  60891.22465319763   468502669269648.5   498089963112004.7  529540492339824.25      8422.276427199   8697.852753201327   9011.082094479956   9.443782786091732e+41  1.0185019425126069e+42  1.0960766744077834e+42 
  60893.46300449906  465352547484788.25   494699076348057.6   525969141514732.9      8422.276427199   8697.852753201327   9011.082094479956   9.315102884803411e+41   1.004677995789978e+42  1.0812635862255169e+42 
   60895.7013558005  462234623693068.06   491343155607437.5   522434033300702.0      8422.276427199   8697.852753201327   9011.082094479956   9.188628108986146e+41   9.910892788840796e+41  1.0667022998428355e+42 
  60897.93970710194  459148463140339.44   488021727493804.4   518934681717002.2      8422.276427199   8697.852753201327   9011.082094479956   9.064313254237238e+41   9.777310266991801e+41  1.0524188820834252e+42 
  60900.17805840338  456088947589715.94   484734322296243.6   515470609793660.5      8422.276427199   8697.852753201327   9011.082094479956   8.942114086037232e+41   9.645985736240682e+41  1.0384678806320296e+42 
  60902.41640970482  452980173262294.44   481480480441981.9  512035455549666.56      8422.276427199   8697.852753201327   9011.082094479956   8.820869622532806e+41   9.516873606172758e+41   1.024749783785858e+42 
 60904.654761006255   449903284877278.2   478259745844899.0   508633197491670.7      8422.276427199   8697.852753201327   9011.082094479956   8.701525849590116e+41    9.38992935451368e+41  1.0112599398437488e+42 
  60906.89311230769   446857850239503.0   475112256147734.9   505264997546023.9      8422.276427199   8697.852753201327   9011.082094479956    8.58421731357129e+41    9.26510943681837e+41   9.979937862227341e+41 
 60909.131463609134  443843444012768.94  471999453655292.75  501930403647452.56      8422.276427199   8697.852753201327   9011.082094479956   8.468902374319294e+41   9.142371311008278e+41   9.849468688843338e+41 
  60911.36981491057  440859645208195.94   468917746229864.4  498628971549338.25      8422.276427199   8697.852753201327   9011.082094479956   8.355540423152594e+41   9.021673437600007e+41   9.721148311889117e+41 
 60913.608166212005  437906043538410.56   465866718823785.1  495360265324965.56      8422.276427199   8697.852753201327   9011.082094479956   8.244091773442198e+41   8.902975201566761e+41   9.594934207954023e+41 
  60915.84651751345  434982233848801.25   462845962912684.5  492123853246001.25      8422.276427199   8697.852753201327   9011.082094479956   8.134886788302818e+41   8.786236932622548e+41   9.470784809420024e+41 
  60918.08486881488  432087818935076.75   459855079873740.4  488919311397695.75      8422.276427199   8697.852753201327   9011.082094479956   8.028044688751962e+41   8.671419877919074e+41   9.348659580294035e+41 
  60920.32322011633   429224190583007.0  456893673139115.25  485743537832286.44      8422.276427199   8697.852753201327   9011.082094479956   7.922972826239833e+41   8.559070900712961e+41   9.228518822658598e+41 
  60922.56157141776  426389220129068.25  453961355199883.75   482595108035398.6      8422.276427199   8697.852753201327   9011.082094479956   7.819635898926843e+41   8.449345030897928e+41    9.10993228146814e+41 
   60924.7999227192   423569251958329.6   451057744458186.1  479477601292786.56      8422.276427199   8697.852753201327   9011.082094479956   7.716913896094156e+41   8.341402057324386e+41   8.993922745201859e+41 
  60927.03827402064   420774791205065.8   448171070701003.4   476390613595536.8      8422.276427199   8697.852753201327   9011.082094479956   7.615048421151032e+41   8.235234976714239e+41   8.880765942722521e+41 
 60929.276625322076   418008245837959.5  445305606728690.25   473333746936145.6      8422.276427199   8697.852753201327   9011.082094479956   7.514871711023454e+41   8.130766045405507e+41   8.769402974031639e+41 
  60931.51497662352   415269247790661.8  442468066415201.75   470319375337277.5      8422.276427199   8697.852753201327   9011.082094479956    7.41635022459348e+41   8.027962630185315e+41   8.659783300929035e+41 
 60933.753327924955   412557432527696.2   439658084166889.9   467353562666433.9      8422.276427199   8697.852753201327   9011.082094479956   7.319451172529595e+41   7.926792826567973e+41   8.551707673590404e+41 
  60935.99167922639   409882565228708.0  436875302590074.56   464416264197312.6      8422.276427199   8697.852753201327   9011.082094479956   7.224142540344115e+41   7.827225477422751e+41     8.4453327229158e+41 
  60938.23003052783   407243211642836.9   434119370682915.1   461507112010626.9      8422.276427199   8697.852753201327   9011.082094479956   7.130393032670058e+41    7.72923009580086e+41   8.340626208737589e+41 
  60940.46838182927  404629666949861.94   431389941128188.5   458625746021376.4      8422.276427199   8697.852753201327   9011.082094479956   7.038172088606037e+41   7.632776850602093e+41     8.2368697584488e+41 
 60942.706733130704   402041594988793.2   428686673624383.9   455764924376560.3      8422.276427199   8697.852753201327   9011.082094479956   6.947449823581834e+41    7.53684181304381e+41   8.134420224601567e+41 
  60944.94508443215  399478666920692.44   426009234127474.5   452925296086134.6      8422.276427199   8697.852753201327   9011.082094479956    6.85819702959663e+41   7.441962937408078e+41   8.033374597595365e+41 
  60947.18343573358   396940557113081.3  423357290777791.75  450097065104823.44      8422.276427199   8697.852753201327   9011.082094479956   6.770385146684945e+41   7.348585550342407e+41    7.93390213743489e+41 
 60949.421787035026  394426945370118.06   420730519173120.4  447295707242707.94      8422.276427199   8697.852753201327   9011.082094479956   6.683986278202429e+41   7.256681172665599e+41   7.835973430050357e+41 
  60951.66013833646   391937517607932.4   418128600031923.1   444520880705799.4      8422.276427199   8697.852753201327   9011.082094479956   6.599124645157146e+41   7.166221882449589e+41   7.739559714891294e+41 
   60953.8984896379   389471963509749.3  415551217577801.56   441772250233076.5      8422.276427199   8697.852753201327   9011.082094479956   6.515998306932254e+41   7.077180391671814e+41   7.644632864334617e+41 
  60956.13684093934   387041620682311.8  412998062883142.56  439049484408076.25      8422.276427199   8697.852753201327   9011.082094479956  6.4341884365743925e+41   6.989530015403086e+41   7.551165377203423e+41 
 60958.375192240776   384640881060857.3  410468832202737.06   436352257802629.1      8422.276427199   8697.852753201327   9011.082094479956   6.353669978677612e+41  6.9032446464609945e+41   7.459130290524818e+41 
  60960.61354354222  382262648499242.56  407963223589738.44   433680250055153.6      8422.276427199   8697.852753201327   9011.082094479956   6.274418442238783e+41   6.818298699327201e+41   7.368501303834059e+41 
 60962.851894843654   379906641831495.6   405480941754980.5  431033145285588.44      8422.276427199   8697.852753201327   9011.082094479956   6.196743970803548e+41   6.734408569801998e+41   7.279252622670448e+41 
  60965.09024614509   377572584429677.5  403021696136605.25  428410260561149.56      8422.276427199   8697.852753201327   9011.082094479956   6.120593219966829e+41   6.650703993575073e+41    7.19135898895389e+41 
  60967.32859744653  375260185309489.06  400585174587022.75  425809753734532.75      8422.276427199   8697.852753201327   9011.082094479956  6.0458809501409724e+41   6.568305331807821e+41   7.104795008403467e+41 
  60969.56694874797  372950697057823.44   398171070586615.0   423233132663677.8      8422.276427199   8697.852753201327   9011.082094479956   5.972317433303316e+41   6.487302817200507e+41    7.01958994038231e+41 
 60971.805300049404  370653688227734.25   395779261274117.3  420680232081146.44      8422.276427199   8697.852753201327   9011.082094479956   5.899886860406422e+41   6.407621520104616e+41   6.937114559872568e+41 
  60974.04365135085   368378122984722.7   393409358413180.2   418150708154226.2      8422.276427199   8697.852753201327   9011.082094479956  5.8285636939518285e+41  6.3291726766630005e+41   6.855864411129238e+41 
  60976.28200265228   366123736415883.9   391061095521902.4   415644254433739.8      8422.276427199   8697.852753201327   9011.082094479956  5.7583276602441435e+41   6.253420798879142e+41  6.7758145381348444e+41 
 60978.520353953725   363892057173241.1  388734209628828.75  413160591577310.25      8422.276427199   8697.852753201327   9011.082094479956    5.68915886562132e+41  6.1791453582504956e+41   6.696943666052916e+41 
  60980.75870525516  361690208647179.44   386428440888006.9   410699444202984.2      8422.276427199   8697.852753201327   9011.082094479956   5.621037827493187e+41    6.10597720642315e+41  6.6192308626610625e+41 
   60982.9970565566   359508491264886.5  384143532145563.25   408260539462147.3      8422.276427199   8697.852753201327   9011.082094479956   5.553945442111135e+41   6.033896534275713e+41   6.542655664494545e+41 
  60985.23540785804  357346660744677.44  381879232252063.94   405843608762825.4      8422.276427199   8697.852753201327   9011.082094479956  5.4878630449134336e+41   5.962883924566562e+41  6.4671980008393215e+41 
 60987.473759159475  355204475211689.25   379635291064115.4   403448388426005.3      8422.276427199   8697.852753201327   9011.082094479956   5.422772295538731e+41   5.892920343346285e+41  6.3928382028806935e+41 
  60989.71211046091   353081696355019.0   377411462593434.8   401074616803300.1      8422.276427199   8697.852753201327   9011.082094479956   5.358655261053322e+41  5.8239872002124415e+41   6.319556999181918e+41 
  60991.95046176235   350978089359150.5   375207505855231.0  398722037768790.06      8422.276427199   8697.852753201327   9011.082094479956   5.295494422365855e+41   5.756066238034278e+41   6.247335509024093e+41 
  60994.18881306379   348893424106915.2   373023182129976.4  396390397372902.25      8422.276427199   8697.852753201327   9011.082094479956     5.2332592238552e+41   5.689139598314281e+41   6.176155226299636e+41 
  60996.42716436523  346827472530696.94  370858255736835.75   394079446879332.8      8422.276427199   8697.852753201327   9011.082094479956   5.171498201397082e+41  5.6231897750854526e+41   6.105998011490638e+41 
  60998.66551566667  344780010801987.44   368712496548508.0  391788939289384.75      8422.276427199   8697.852753201327   9011.082094479956  5.1106546815375464e+41   5.558199639106971e+41   6.036846129947671e+41 
   61000.9038669681  342750817866747.94   366585676310057.9   389518633156275.1      8422.276427199   8697.852753201327   9011.082094479956   5.050712250595315e+41   5.494152371209131e+41   5.968682187032052e+41 
 61003.142218269546  340739675483231.75   364477569665072.9   387268289657066.7      8422.276427199   8697.852753201327   9011.082094479956   4.991654845239626e+41   5.430709034890857e+41  5.9014891394830155e+41 
  61005.38056957098  338746369524061.06   362387955509208.8  385037673783302.25      8422.276427199   8697.852753201327   9011.082094479956   4.933466729989573e+41   5.368040459026455e+41  5.8352502832925356e+41 
 61007.618920872424   336770688201976.8   360316616004159.6  382826553686393.75      8422.276427199   8697.852753201327   9011.082094479956   4.876132513445133e+41   5.306279892562705e+41   5.769949256747433e+41 
  61009.85727217386  334812424039798.44   358263335750144.3  380634701166377.25      8422.276427199   8697.852753201327   9011.082094479956   4.819637110130572e+41   5.245411522127567e+41   5.705569999845091e+41 
 61012.095623475296   332871371442773.2  356227902925184.06  378461890793727.94      8422.276427199   8697.852753201327   9011.082094479956   4.763965730986336e+41   5.185419846788084e+41   5.641932394082887e+41 
  61014.33397477674  330947328729757.56   354210109961281.5  376307900540855.06      8422.276427199   8697.852753201327   9011.082094479956   4.709103883914876e+41  5.1262896858976385e+41    5.57915389219487e+41 
 61016.572326078174  329040096173206.44   352209750210275.9  374172512618917.44      8422.276427199   8697.852753201327   9011.082094479956   4.655037396920991e+41   5.068006141819118e+41  5.5172567432980016e+41 
  61018.81067737961  327149477400107.06  350201694789450.25   372055511103739.1      8422.276427199   8697.852753201327   9011.082094479956   4.601752385943831e+41   5.010554662247239e+41   5.456226003909054e+41 
  61021.04902868105   325275278744230.3   348209843055353.4   369956684039099.4      8422.276427199   8697.852753201327   9011.082094479956   4.549235243096826e+41   4.953920950055698e+41   5.396047012429725e+41 
  61023.28737998249  323420957382530.56   346235271904696.9   367875821897755.3      8422.276427199   8697.852753201327   9011.082094479956   4.497472641465102e+41   4.898267595207085e+41   5.336705402126963e+41 
  61025.52573128393   321584125221439.0  344277778963176.75   365812718792936.8      8422.276427199   8697.852753201327   9011.082094479956   4.446451525498201e+41   4.843433519725053e+41  5.2781870867229854e+41 
  61027.76408258537  319763082086075.75   342337166302506.6   363767170610757.7      8422.276427199   8697.852753201327   9011.082094479956   4.396159081212809e+41   4.789370245232698e+41  5.2204782743402205e+41 
   61030.0024338868  317957646140946.75   340413237868483.9  361739193805316.06      8422.276427199   8697.852753201327   9011.082094479956   4.346582769596936e+41   4.736187257130604e+41   5.163565435980207e+41 
 61032.240785188245  316167638173073.44   338505800162001.0   359751541852300.6      8422.276427199   8697.852753201327   9011.082094479956   4.297710300170752e+41   4.683761045582913e+41   5.107435307215026e+41 
  61034.47913648968  314392881911527.94   336614662955449.7   357780402039397.2      8422.276427199   8697.852753201327   9011.082094479956   4.249529632841889e+41   4.632060300371771e+41   5.052074880775643e+41 
  61036.71748779112  312633202826012.44  334739639076803.25  355825590742064.44      8422.276427199   8697.852753201327   9011.082094479956   4.202084975911439e+41   4.581072960387467e+41  4.9974497520191855e+41 
  61038.95583909256  310888429772246.56   332880543988987.0  353886925970987.56      8422.276427199   8697.852753201327   9011.082094479956    4.15531900917511e+41    4.53049661152442e+41    4.94313980765411e+41 
 61041.194190393995   309158393269017.5  331041475366759.25   351964229992393.7      8422.276427199   8697.852753201327   9011.082094479956   4.109207729266391e+41  4.4804217998649226e+41  4.8895734937233895e+41 
  61043.43254169544  307442927080524.75   329221679508646.0   350057326103956.5      8422.276427199   8697.852753201327   9011.082094479956   4.063740077372079e+41   4.431042510577124e+41   4.836738516667837e+41 
  61045.67089299687  305741866647378.75  327417129542924.44   348166040405025.0      8422.276427199   8697.852753201327   9011.082094479956   4.018905231618687e+41    4.38234711935284e+41   4.784622829194647e+41 
  61047.90924429831  304055049754585.06   325627653638200.6   346290201347061.6      8422.276427199   8697.852753201327   9011.082094479956   3.974692577985359e+41   4.334324218821471e+41   4.733214610162266e+41 
  61050.14759559975  302382316793422.44   323853082120979.2   344429639975429.9      8422.276427199   8697.852753201327   9011.082094479956    3.93109171505453e+41   4.286962636166781e+41    4.68250226685045e+41 
  61052.38594690119   300723509774578.1   322093247806253.4  342584189508673.56      8422.276427199   8697.852753201327   9011.082094479956  3.8880924512241224e+41    4.24025139174678e+41  4.6324744180303655e+41 
  61054.62429820263   299078473713637.5   320347985887205.4   340753684961760.8      8422.276427199   8697.852753201327   9011.082094479956   3.845684778616754e+41   4.194179740872437e+41   4.583119914259321e+41 
 61056.862649504066   297447055043939.8   318620322844171.0   338933327853322.3      8422.276427199   8697.852753201327   9011.082094479956   3.803858894194966e+41   4.148737139072442e+41    4.53442781050126e+41 
   61059.1010008055   295829103105116.5  316921082375957.75   337126639736690.7      8422.276427199   8697.852753201327   9011.082094479956    3.76260516576552e+41    4.10391323727325e+41   4.486285658876628e+41 
 61061.339352106945   294224468737726.9   315235645099623.1   335334575687044.5      8422.276427199   8697.852753201327   9011.082094479956   3.721914162356369e+41   4.059697896205834e+41   4.438700553628189e+41 
  61063.57770340838  292633004800361.25  313563860304973.25  333556976228764.44      8422.276427199   8697.852753201327   9011.082094479956   3.681776631261431e+41   4.016185273131274e+41   4.391750464993655e+41 
  61065.81605470982   291054566592425.0   311905578788501.9  331793684501569.25      8422.276427199   8697.852753201327   9011.082094479956   3.642183500857823e+41   3.973303250484927e+41   4.345425175721453e+41 
  61068.05440601126  289489010943865.75   310260653276280.6   330044545402737.6      8422.276427199   8697.852753201327   9011.082094479956  3.6031258807193534e+41    3.93099607434557e+41   4.299714650434057e+41 
 61070.292757312694   287936197166418.6   308628938634414.7  328309405577622.25      8422.276427199   8697.852753201327   9011.082094479956   3.564595033708723e+41   3.889254473814289e+41   4.254609052901001e+41 
  61072.53110861414   286395985875159.8   307010291991223.9   326588115055564.6      8422.276427199   8697.852753201327   9011.082094479956    3.52658239903523e+41   3.848069343432806e+41   4.210098723898736e+41 
  61074.76945991557  284868240199398.56   305383326023111.2   324876125495166.0      8422.276427199   8697.852753201327   9011.082094479956  3.4890795659096906e+41    3.80743175671039e+41   4.166174184411495e+41 
  61077.00781121701  283352824761847.25   303767643300717.2  323174415097248.25      8422.276427199   8697.852753201327   9011.082094479956   3.452078293626631e+41   3.767155715006159e+41   4.122826137875537e+41 
  61079.24616251845   281849605939982.1   302159778971755.9   321486241980548.8      8422.276427199   8697.852753201327   9011.082094479956   3.415570493692046e+41   3.727258222255343e+41  4.0800454558166835e+41 
  61081.48451381989   280358452242567.0   300543801393232.4   319811460995279.8      8422.276427199   8697.852753201327   9011.082094479956  3.3795482334145957e+41   3.687891008999723e+41   4.037823183688095e+41 
  61083.72286512133  278879233472605.03   298940922492347.9   318149929256655.2      8422.276427199   8697.852753201327   9011.082094479956  3.3440037346584905e+41   3.649045586171566e+41   3.996150521867782e+41 
 61085.961216422766  277411821772827.12   297350999931686.1   316501505365113.0      8422.276427199   8697.852753201327   9011.082094479956  3.3089293524786958e+41   3.610713633595061e+41  3.9550188442132506e+41 
   61088.1995677242  275956090409189.28   295782085034776.5  314866050532987.56      8422.276427199   8697.852753201327   9011.082094479956    3.27431759660607e+41   3.572886978121558e+41   3.914419678290353e+41 
 61090.437919025644  274511915009067.12  294233132739758.44   313243426778337.5      8422.276427199   8697.852753201327   9011.082094479956   3.240161101340477e+41  3.5356321394720024e+41   3.874344704649231e+41 
  61092.67627032708   273079172335853.3  292696529520460.56   311633498702949.6      8422.276427199   8697.852753201327   9011.082094479956  3.2064526447683987e+41   3.499117666598752e+41  3.8347857548490944e+41 
 61094.914621628515  271657740915947.84   291172142159102.9  310036132696826.06      8422.276427199   8697.852753201327   9011.082094479956  3.1731851395406282e+41  3.4630782301267262e+41   3.795734815258337e+41 
  61097.15297292996   270247501047354.9   289659839719251.5  308451196437490.75      8422.276427199   8697.852753201327   9011.082094479956   3.140351632968341e+41  3.4275063699936542e+41   3.757184019745212e+41 
 61099.391324231394   268848334245945.6   288159493019155.0   306878559913390.9      8422.276427199   8697.852753201327   9011.082094479956  3.1079453014032058e+41  3.3923947643863024e+41   3.719125631396708e+41 
  61101.62967553284  267460123970537.12   286670974771621.7   305318094233284.7      8422.276427199   8697.852753201327   9011.082094479956  3.0759594393508125e+41  3.3577362143546205e+41   3.681552065727263e+41 
  61103.86802683427  266082754941106.03   285194159141041.4   303769672767036.9      8422.276427199   8697.852753201327   9011.082094479956   3.044387473585258e+41  3.3235236593728195e+41   3.644455875545985e+41 
  61106.10637813571  264718349230425.25  283728921966453.75  302233170244364.75      8422.276427199   8697.852753201327   9011.082094479956  3.0132229428051098e+41  3.2897501625307607e+41  3.6077518931950765e+41 
  61108.34472943715  263372572841715.97   282275141152311.2  300708462712463.56      8422.276427199   8697.852753201327   9011.082094479956   2.982459498859413e+41   3.256408922756982e+41   3.571508860454434e+41 
  61110.58308073859  262037149233313.28  280832695668737.75  299195428630375.56      8422.276427199   8697.852753201327   9011.082094479956   2.952090919744993e+41  3.2234932544665926e+41   3.535961848845314e+41 
  61112.82143204003  260711971276215.44  279401466145545.25  297693947332921.25      8422.276427199   8697.852753201327   9011.082094479956  2.9221110929835645e+41  3.1909965938537714e+41   3.500965621522689e+41 
 61115.059783341465  259396933397835.34   277985805950555.9   296203899957379.3      8422.276427199   8697.852753201327   9011.082094479956  2.8925140175052656e+41  3.1589125057367948e+41   3.466406143301731e+41 
   61117.2981346429   258091931138286.8  276585666779731.88  294725169230926.44      8422.276427199   8697.852753201327   9011.082094479956   2.863293802854488e+41   3.127234658563962e+41  3.4322768207479075e+41 
  61119.53648594434   256796861720352.3  275196263498618.53  293257032273833.56      8422.276427199   8697.852753201327   9011.082094479956  2.8344446610844525e+41  3.0959568374826363e+41  3.3985711734495403e+41 
  61121.77483724578  255511623508932.47  273817484831960.56  291798350271827.06      8422.276427199   8697.852753201327   9011.082094479956  2.8059609111407176e+41  3.0650729390931787e+41   3.365282840046857e+41 
 61124.013188547215   254236116272501.4  272449221233550.38   290350634994792.3      8422.276427199   8697.852753201327   9011.082094479956   2.777836965380141e+41    3.03457696728996e+41  3.3324055718728817e+41 
  61126.25153984866  252970240977216.66  271091364245838.16  288913775983745.94      8422.276427199   8697.852753201327   9011.082094479956   2.750067342553845e+41   3.004463039775472e+41  3.2999332236980404e+41 
  61128.48989115009  251713900111469.16  269743806784715.56   287487663861500.9      8422.276427199   8697.852753201327   9011.082094479956  2.7226466566702518e+41   2.974725370128514e+41  3.2678597617998906e+41 
 61130.728242451536  250466915646247.66  268406386851823.56  286072129051325.75      8422.276427199   8697.852753201327   9011.082094479956  2.6955682015962156e+41   2.945357522174479e+41  3.2361784925903195e+41 
  61132.96659375297  249229383769025.84   267079133357614.5   284667173925211.8      8422.276427199   8697.852753201327   9011.082094479956  2.6688301121321284e+41   2.916355531293154e+41  3.2048838688346387e+41 
  61135.20494505441  248001090222024.75  265761859707587.28  283272688151243.44      8422.276427199   8697.852753201327   9011.082094479956  2.6424252111951713e+41  2.8877391524322824e+41   3.173972736173774e+41 
  61137.44329635585  246781945672269.25  264454466659157.03  281888515355823.44      8422.276427199   8697.852753201327   9011.082094479956   2.616348544921555e+41  2.8594959730810585e+41  3.1434370289896066e+41 
 61139.681647657286  245571860705407.25   263156855902860.0   280514556556350.8      8422.276427199   8697.852753201327   9011.082094479956  2.5905952240106055e+41  2.8315999934403567e+41  3.1132713697672957e+41 
  61141.91999895872  244370746133944.72  261868929351670.03  279150712663595.12      8422.276427199   8697.852753201327   9011.082094479956  2.5651604328739606e+41  2.8040460884882304e+41  3.0834704145501383e+41 
 61144.158350260164  243178513761013.06  260590590118720.56  277796885378291.12      8422.276427199   8697.852753201327   9011.082094479956   2.540039433353045e+41  2.7768292187890883e+41   3.054028875147501e+41 
   61146.3967015616   241995075880362.1  259321741833856.62  276447726321932.88      8422.276427199   8697.852753201327   9011.082094479956  2.5152275668073446e+41   2.749944411662418e+41  3.0249415303674837e+41 
  61148.63505286304   240820345638809.0  258056288736072.38  275106013316291.22      8422.276427199   8697.852753201327   9011.082094479956  2.4907202498150226e+41   2.723386786336673e+41  2.9962032409606185e+41 
  61150.87340416448  239654237044434.38  256799245747682.44  273774097827725.72      8422.276427199   8697.852753201327   9011.082094479956    2.46651298353523e+41   2.697151540769672e+41  2.9678089452089467e+41 
 61153.111755465914  238496665290977.47   255551521526153.7  272451884388400.12      8422.276427199   8697.852753201327   9011.082094479956   2.442601335386674e+41  2.6712339565217143e+41  2.9397536655719713e+41 
  61155.35010676736  237347546456312.34  254313022512651.44  271139278549206.97      8422.276427199   8697.852753201327   9011.082094479956  2.4189809548841027e+41  2.6456293891005598e+41    2.91203251011726e+41 
  61157.58845806879   236206797688140.0  253083656810175.56  269836186997995.06      8422.276427199   8697.852753201327   9011.082094479956  2.3956475644841975e+41   2.620333275721085e+41   2.884640667071262e+41 
 61159.826809370235  235074336925206.06   251863333078950.4  268542517473173.28      8422.276427199   8697.852753201327   9011.082094479956   2.372596953566503e+41  2.5953411366337754e+41  2.8575734039393822e+41 
  61162.06516067167  233950083556260.22   250651961334568.7   267254587777877.6      8422.276427199   8697.852753201327   9011.082094479956   2.349824990940684e+41  2.5706485646708115e+41  2.8308260691146435e+41 
  61164.30351197311   232833957543347.7  249449452823503.16  265975853035608.66      8422.276427199   8697.852753201327   9011.082094479956  2.3273276131943525e+41   2.546251225807636e+41   2.804394085782235e+41 
  61166.54186327455  231725879962884.56  248255719810087.12   264706323301969.8      8422.276427199   8697.852753201327   9011.082094479956   2.305100827317141e+41  2.5221448606535904e+41   2.778272955243533e+41 
 61168.780214575985  230625772658190.28  247070675756133.94   263445909990979.5      8422.276427199   8697.852753201327   9011.082094479956  2.2831407106720332e+41   2.498325281836687e+41  2.7524582542991413e+41 
  61171.01856587742   229533558613140.8  245894235206030.66  262194525690089.53      8422.276427199   8697.852753201327   9011.082094479956  2.2614434018706106e+41  2.4747883749502176e+41   2.726945632502325e+41 
 61173.256917178864  228449161661992.72  244726313578425.12   260952083810333.9      8422.276427199   8697.852753201327   9011.082094479956   2.240005109975667e+41   2.451454569035158e+41  2.7017308160156086e+41 
   61175.4952684803   227372506743577.2  243566827573425.25  259725030164593.56      8422.276427199   8697.852753201327   9011.082094479956  2.2188221046499848e+41  2.4280874445919174e+41   2.676809600025467e+41 
  61177.73361978174  226303519411264.94   242415694553298.6   258522557944913.6      8422.276427199   8697.852753201327   9011.082094479956  2.1978907157020126e+41   2.405000293141031e+41  2.6521778490217185e+41 
  61179.97197108318   225242126452849.1  241272833124537.53   257328497108289.3      8422.276427199   8697.852753201327   9011.082094479956  2.1772073389121534e+41  2.3821890660041493e+41  2.6278314955597097e+41 
  61182.21032238461  224188255286984.66   240138162859722.2  256142768471445.12      8422.276427199   8697.852753201327   9011.082094479956   2.156768429200058e+41     2.3599516583356e+41  2.6037665386608557e+41 
 61184.448673686056  223141834286922.75  239011604365096.38   254960295643165.9      8422.276427199   8697.852753201327   9011.082094479956  2.1364502084680394e+41  2.3380144105506452e+41  2.5799790434545938e+41 
  61186.68702498749   222102792535011.1   237893079230247.8   253784517782897.1      8422.276427199   8697.852753201327   9011.082094479956  2.1163477293026095e+41  2.3163334492275764e+41    2.55646513915144e+41 
 61188.925376288935  221072691789756.84   236782510055345.2  252616914435038.28      8422.276427199   8697.852753201327   9011.082094479956  2.0964828085672075e+41  2.2949051597638842e+41  2.5332210189047827e+41 
  61191.16372759037  220051238417939.44  235679820211178.44   251457409353407.2      8422.276427199   8697.852753201327   9011.082094479956   2.076852061254953e+41  2.2737259880540348e+41   2.510242939663909e+41 
 61193.402078891806  219036910503492.56  234584934157618.22  250305927158248.03      8422.276427199   8697.852753201327   9011.082094479956  2.0574521561954418e+41  2.2527924353197003e+41   2.487527218956137e+41 
  61195.64043019325   218029641157332.0  233497777031053.12  249162393383910.16      8422.276427199   8697.852753201327   9011.082094479956   2.038279819527523e+41   2.232101065618347e+41  2.4650702351423934e+41 
 61197.878781494685  217029364489538.62  232418275050382.56  248026734585429.78      8422.276427199   8697.852753201327   9011.082094479956   2.019331833188195e+41  2.2116484982189352e+41    2.44286842189978e+41 
  61200.11713279612  216036015391133.06  231346355246810.44   246898877905994.2      8422.276427199   8697.852753201327   9011.082094479956  2.0006050297371906e+41  2.1914314029117605e+41   2.420918273247011e+41 
  61202.35548409756   215049529322688.2  230281945610868.03  245778751491922.75      8422.276427199   8697.852753201327   9011.082094479956  1.9820962966262782e+41   2.171446508439694e+41   2.399216338704825e+41 
    61204.593835399  214069842568914.22  229224974931067.06   244670905961121.3      8422.276427199   8697.852753201327   9011.082094479956  1.9638025708083945e+41    2.15165439151499e+41  2.3777230673371137e+41 
  61206.83218670044  213096892143783.06  228175373023263.56  243572653981768.16      8422.276427199   8697.852753201327   9011.082094479956  1.9457208402897574e+41  2.1320773007267003e+41   2.356458902311749e+41 
  61209.07053800188   212130615838110.9   227133070326920.6  242481870815677.44      8422.276427199   8697.852753201327   9011.082094479956  1.9278481417551518e+41  2.1127235376792673e+41  2.3354338891412595e+41 
  61211.30888930331  211170952176159.88   226097998200987.2  241398487930612.62      8422.276427199   8697.852753201327   9011.082094479956   1.910181560903658e+41   2.093590032400684e+41  2.3146447800882495e+41 
 61213.547240604756   210217840310551.1   225072027815519.0   240322437497096.8      8422.276427199   8697.852753201327   9011.082094479956  1.8927182293978953e+41   2.074673766695742e+41    2.29404351301412e+41 
  61215.78559190619  209271220128645.34  224055783272953.56  239253652583625.97      8422.276427199   8697.852753201327   9011.082094479956  1.8754553294421436e+41   2.055971771402356e+41  2.2733648635564768e+41 
 61218.023943207634  208331032405487.06  223046492264410.25   238192066979656.5      8422.276427199   8697.852753201327   9011.082094479956  1.8583900847138973e+41   2.037481120919417e+41  2.2527360524971553e+41 
  61220.26229450907  207397218354902.84  222044090582864.66   237137615217533.4      8422.276427199   8697.852753201327   9011.082094479956   1.841519768923761e+41   2.019198939708621e+41  2.2322336660013752e+41 
 61222.500645810505  206469719938824.47   221048514714767.7  236086461296274.94      8422.276427199   8697.852753201327   9011.082094479956  1.8248416951172667e+41  2.0011224007553985e+41  2.2118752397123307e+41 
  61224.73899711195  205548479720798.38   220059701958216.5  235042131256410.53      8422.276427199   8697.852753201327   9011.082094479956  1.8083532227348366e+41  1.9832487158025166e+41  2.1917482625349964e+41 
 61226.977348413384   204633440994509.3  219077590304085.75   234004804665517.1      8422.276427199   8697.852753201327   9011.082094479956   1.792051751097178e+41   1.965575144771312e+41  2.1718495876049832e+41 
  61229.21569971482  203724547694307.06  218102118390920.25   232974418157694.7      8422.276427199   8697.852753201327   9011.082094479956  1.7759347238688594e+41  1.9480989901597274e+41  2.1521761167208458e+41 
  61231.45405101626   202821744406942.4   217133225714224.3  231950908998007.38      8422.276427199   8697.852753201327   9011.082094479956  1.7599996228520576e+41   1.930817594509105e+41   2.132724797862987e+41 
   61233.6924023177  201924976219227.62  216170852311966.34  230934215082057.78      8422.276427199   8697.852753201327   9011.082094479956  1.7442439724100305e+41  1.9137283465553074e+41  2.1134926280928226e+41 
  61235.93075361914  201034189046826.16  215214938996635.88  229924275073409.16      8422.276427199   8697.852753201327   9011.082094479956  1.7286653359709771e+41   1.896828672695762e+41  2.0944766537227694e+41 
  61238.16910492058  200149329370738.84   214265427167790.0   228921028491699.4      8422.276427199   8697.852753201327   9011.082094479956  1.7132613153207511e+41  1.8801160388629224e+41   2.075673967769253e+41 
  61240.40745622201  199270344156266.72  213322259003997.97  227924415239319.25      8422.276427199   8697.852753201327   9011.082094479956  1.6980295510713228e+41   1.863587954836282e+41   2.057081706626742e+41 
 61242.645807523455   198397181014706.2  212385377264721.84  226934376192919.66      8422.276427199   8697.852753201327   9011.082094479956  1.6829677202018039e+41   1.847241967441379e+41   2.038697053037226e+41 
  61244.88415882489   197529788121798.9   211454725467894.5  225950852659746.88      8422.276427199   8697.852753201327   9011.082094479956  1.6680834833004992e+41   1.831075659398293e+41  2.0205172313916417e+41 
 61247.122510126326   196668114278831.0   210530247686350.0   224973786768166.7      8422.276427199   8697.852753201327   9011.082094479956  1.6533940083177021e+41  1.8150866543006545e+41   2.002539512174422e+41 
  61249.36086142777  195812108857045.72  209611888583194.28  224003121374993.44      8422.276427199   8697.852753201327   9011.082094479956  1.6388669360226842e+41  1.7992726097799286e+41  1.9847612071583762e+41 
 61251.599212729205   194961721760815.0  208699593574512.88   223038799714897.6      8422.276427199   8697.852753201327   9011.082094479956  1.6245000995683203e+41  1.7836312199994243e+41  1.9671796662218312e+41 
  61253.83756403065  194116903399697.84   207793308603508.9  222080765777357.44      8422.276427199   8697.852753201327   9011.082094479956   1.610291367230574e+41   1.768160217568987e+41  1.9497922835336492e+41 
  61256.07591533208   193277604950671.8  206892980214832.12  221128964234513.84      8422.276427199   8697.852753201327   9011.082094479956  1.5962386394813124e+41   1.752857365781307e+41  1.9325964941644227e+41 
  61258.31426663352   192443777951950.3  205998555555832.06  220183340338970.56      8422.276427199   8697.852753201327   9011.082094479956  1.5823398505943385e+41  1.7377204636338454e+41  1.9155897716272477e+41 
  61260.55261793496  191615374484420.12   205109982395809.0   219243839875715.3      8422.276427199   8697.852753201327   9011.082094479956  1.5685929656006553e+41  1.7227473468087625e+41  1.8987696283029154e+41 
   61262.7909692364  190792347161539.06  204227209076001.22  218310409368369.38      8422.276427199   8697.852753201327   9011.082094479956  1.5549959819555326e+41  1.7079358813300664e+41  1.8821336142476806e+41 
  61265.02932053784  189974649119800.66  203350184563489.03   217382995785669.7      8422.276427199   8697.852753201327   9011.082094479956  1.5415469280186034e+41  1.6932839654353704e+41  1.8656793168027526e+41 
 61267.267671839276  189162234021416.53  202478858318978.75  216461546792980.88      8422.276427199   8697.852753201327   9011.082094479956  1.5282438628492738e+41  1.6787895314329936e+41  1.8494043610741388e+41 
  61269.50602314071   188352828303138.5  201613180361098.44  215546010710389.66      8422.276427199   8697.852753201327   9011.082094479956  1.5150848739229968e+41   1.664450540393895e+41  1.8333064082929962e+41 
 61271.744374442154   187545476639480.2  200753101331741.25   214636336173865.9      8422.276427199   8697.852753201327   9011.082094479956   1.502068078478242e+41  1.6502649852013807e+41   1.817383151836513e+41 
  61273.98272574359  186743361131963.94  199898572374596.75  213732472512810.97      8422.276427199   8697.852753201327   9011.082094479956  1.4891916238684403e+41  1.6362308910397464e+41  1.8019710353863804e+41 
 61276.221077045026   185946435993183.6   199049545142804.8  212834369676276.44      8422.276427199   8697.852753201327   9011.082094479956  1.4764536843658609e+41   1.622346309433195e+41  1.7868241114078147e+41 
  61278.45942834647  185154655863929.47  198205971840505.97  211941978078494.84      8422.276427199   8697.852753201327   9011.082094479956  1.4638524635963828e+41    1.60860932260075e+41   1.771836687943497e+41 
 61280.697779647904   184367975922283.1   197367805213745.8  211055248650856.06      8422.276427199   8697.852753201327   9011.082094479956  1.4513861908658908e+41   1.595018043730143e+41   1.757006742099258e+41 
  61282.93613094935  183586351840926.75   196534998525432.2  210174132953668.16      8422.276427199   8697.852753201327   9011.082094479956  1.4390517407249944e+41  1.5815706120435332e+41  1.7423322844432275e+41 
  61285.17448225078   182809739822268.4   195707505580407.5  209298582962353.53      8422.276427199   8697.852753201327   9011.082094479956  1.4267729429447098e+41  1.5682651944447251e+41  1.7278113525240515e+41 
  61287.41283355222  182038096524364.38  194885280611953.47  208428551254777.72      8422.276427199   8697.852753201327   9011.082094479956   1.414625289623291e+41  1.5550999868354308e+41   1.713442012460491e+41 
  61289.65118485366  181271378979447.38  194068278360097.62   207563990972944.0      8422.276427199   8697.852753201327   9011.082094479956  1.4026070963270317e+41  1.5420732099085117e+41  1.6991412409216296e+41 
   61291.8895361551  180509544848206.84   193256454131618.3  206704855574988.56      8422.276427199   8697.852753201327   9011.082094479956   1.390716703801411e+41  1.5291560081900024e+41  1.6849192263967753e+41 
  61294.12788745654  179752552114335.97   192449763657180.3   205851099125139.4      8422.276427199   8697.852753201327   9011.082094479956  1.3789524773685087e+41  1.5163691077812034e+41  1.6708460089803748e+41 
 61296.366238757975   179000359322106.4  191648163140972.88   205002676210221.3      8422.276427199   8697.852753201327   9011.082094479956   1.367312807431026e+41   1.503715914693084e+41  1.6569197206370508e+41 
  61298.60459005941  178252925366890.16  190851609252672.94  204159541894129.03      8422.276427199   8697.852753201327   9011.082094479956  1.3557961080627497e+41  1.4911947485250953e+41  1.6431385208829598e+41 
 61300.842941360854   177510209644165.8   190060059158659.2  203321651623312.62      8422.276427199   8697.852753201327   9011.082094479956  1.3444008169038914e+41  1.4788039562905883e+41   1.629500593453167e+41 
  61303.08129266229   176772171997855.4   189273470470086.2   202488961451528.3      8422.276427199   8697.852753201327   9011.082094479956  1.3331253944996037e+41  1.4665419064363604e+41  1.6160041516776576e+41 
 61305.319643963725   176038772674930.0   188491801290124.5  201661427786399.12      8422.276427199   8697.852753201327   9011.082094479956  1.3219683245021274e+41  1.4544069926471443e+41  1.6027384061048035e+41 
  61307.55799526517  175309972421776.12  187715010134850.84   200839007578054.5      8422.276427199   8697.852753201327   9011.082094479956  1.3109281131311328e+41  1.4423976324236168e+41  1.5896934008372123e+41 
   61309.7963465666   174585732256054.2  186943055908080.62  200021658260967.12      8422.276427199   8697.852753201327   9011.082094479956  1.3000032886395833e+41  1.4305122654255281e+41  1.5767814898716409e+41 
 61312.034697868046   173866013784806.3   186175684504012.5   199209337608953.1      8422.276427199   8697.852753201327   9011.082094479956   1.289192401366851e+41  1.4187493531649864e+41  1.5640010357554955e+41 
  61314.27304916948   173150778906713.0  185409374567669.97  198402003886064.88      8422.276427199   8697.852753201327   9011.082094479956  1.2784940219704822e+41  1.4071073810233024e+41   1.551350426576102e+41 
  61316.51140047092  172439989976039.72  184647818360645.38  197599615760782.53      8422.276427199   8697.852753201327   9011.082094479956  1.2679067428267176e+41  1.3955848553022994e+41  1.5388280725692456e+41 
  61318.74975177236  171733609691619.34   183890976181829.5  196802132484421.78      8422.276427199   8697.852753201327   9011.082094479956  1.2574291769261661e+41  1.3841803036824573e+41  1.5264324076421928e+41 
 61320.988103073796  171031601199366.03  183138808873095.06  196009513499955.56      8422.276427199   8697.852753201327   9011.082094479956  1.2470599568867915e+41  1.3728922758416825e+41  1.5141618873681269e+41 
  61323.22645437524  170333928033861.94   182391277595255.7  195221718860313.75      8422.276427199   8697.852753201327   9011.082094479956  1.2367977353901868e+41  1.3617193423893667e+41  1.5020149895478065e+41 
 61325.464805676675  169640554064459.16  181648344018657.75  194438708942602.78      8422.276427199   8697.852753201327   9011.082094479956  1.2266411850570984e+41  1.3506600932287633e+41  1.4899902140204487e+41 
  61327.70315697811  168951443659207.06  180909970157866.16  193660444562583.56      8422.276427199   8697.852753201327   9011.082094479956  1.2165889973298084e+41   1.339713139948414e+41  1.4780860823832561e+41 
  61329.94150827955  168266561400042.56  180176118405392.72  192886886960536.06      8422.276427199   8697.852753201327   9011.082094479956   1.206639883065014e+41  1.3288771136957696e+41    1.46630113685158e+41 
  61332.17985958099  167585845801568.12   179446751534181.9   192117997809542.2      8422.276427199   8697.852753201327   9011.082094479956  1.1967925718784462e+41  1.3181503103821446e+41  1.4546335636732117e+41 
 61334.418210882424  166909325953538.03   178721816754520.6  191353701869240.38      8422.276427199   8697.852753201327   9011.082094479956  1.1870452625627678e+41  1.3075319078817176e+41   1.443082633327314e+41 
  61336.65656218387  166236926249119.47   178001316517553.5   190594051821225.3      8422.276427199   8697.852753201327   9011.082094479956  1.1773980398183974e+41    1.29702087434095e+41  1.4316468846478296e+41 
   61338.8949134853  165568614534429.66   177285188901659.8  189838950620910.47      8422.276427199   8697.852753201327   9011.082094479956  1.1678488274861002e+41   1.286615379169089e+41  1.4203246150944862e+41 
 61341.133264786746  164904358221541.44   176573399578783.8   189088364293925.6      8422.276427199   8697.852753201327   9011.082094479956  1.1583964613514602e+41  1.2763141903170638e+41   1.409114497418111e+41 
  61343.37161608818  164244124719913.12  175865913852684.62  188342258046976.84      8422.276427199   8697.852753201327   9011.082094479956  1.1490397814683447e+41  1.2661160773873071e+41  1.3980152139593914e+41 
  61345.60996738962  163587881616507.62  175162900815796.47  187600596829054.12      8422.276427199   8697.852753201327   9011.082094479956  1.1397776352029116e+41  1.2560198143049026e+41  1.3870254529382745e+41 
  61347.84831869106  162935596550573.84  174469624389239.06   186863345408451.4      8422.276427199   8697.852753201327   9011.082094479956  1.1306088820207478e+41  1.2460241878719549e+41  1.3761439206580443e+41 
 61350.086669992495  162287237558494.97  173780481832838.38  186130468779877.16      8422.276427199   8697.852753201327   9011.082094479956  1.1215323933661506e+41  1.2361279981732556e+41  1.3653693361826493e+41 
  61352.32502129393  161642772810160.12  173095440144198.66  185401932159114.28      8422.276427199   8697.852753201327   9011.082094479956   1.112547056493781e+41  1.2263300596557767e+41  1.3547004369002092e+41 
 61354.563372595374  161002170909692.56  172414466671506.22  184677701022763.94      8422.276427199   8697.852753201327   9011.082094479956   1.103651772390841e+41  1.2166292018882297e+41  1.3441359741831113e+41 
  61356.80172389681  160365400679576.56   171737529049862.4   183957741093766.7      8422.276427199   8697.852753201327   9011.082094479956  1.0948454570102985e+41  1.2070242710246381e+41  1.3336747184488706e+41 
  61359.04007519825   159732431250759.9   171064595194509.3   183242018455290.4      8422.276427199   8697.852753201327   9011.082094479956  1.0861270411030987e+41   1.197514128406087e+41   1.323315455159615e+41 
  61361.27842649969  159103232060449.06   170395633311175.0  182530499617494.22      8422.276427199   8697.852753201327   9011.082094479956  1.0774954707207098e+41  1.1880976507795109e+41  1.3130569879485455e+41 
 61363.516777801124  158477772891376.75  169730611930995.47  181823151246513.25      8422.276427199   8697.852753201327   9011.082094479956  1.0689497059684914e+41  1.1787737303972943e+41  1.3028981354189625e+41 
  61365.75512910257   157856023788723.6  169069499879514.78  181119940436588.88      8422.276427199   8697.852753201327   9011.082094479956  1.0604887216228114e+41  1.1695412756948385e+41  1.2928377332014125e+41 
    61367.993480404  157237955102058.72  168412266290731.25   180420834604562.1      8422.276427199   8697.852753201327   9011.082094479956  1.0521115067697407e+41   1.160399208693852e+41  1.2828746324065844e+41 
 61370.231831705445  156623537540808.03   167758880630411.8  179725801460907.72      8422.276427199   8697.852753201327   9011.082094479956  1.0438170643741103e+41  1.1513464672899102e+41  1.2730077006041738e+41 
  61372.47018300688   156012742046408.3  167109312646626.12   179034809059950.3      8422.276427199   8697.852753201327   9011.082094479956  1.0356044115315306e+41   1.142382003933368e+41  1.2632358200391367e+41 
 61374.708534308316  155405539837291.44  166463532353491.56  178347825818301.88      8422.276427199   8697.852753201327   9011.082094479956   1.027472579059062e+41  1.1335047847098049e+41  1.2535578885658489e+41 
  61376.94688560976   154801902501359.6  165821510135818.66  177664820357097.44      8422.276427199   8697.852753201327   9011.082094479956   1.019420611171429e+41  1.1247137897671165e+41    1.24397281806677e+41 
 61379.185236911195  154201801831428.78  165183216639519.72  176985761673825.72      8422.276427199   8697.852753201327   9011.082094479956  1.0114475648955144e+41   1.116008013876611e+41  1.2344795363335727e+41 
  61381.42358821263   153605209951608.1   164548622812874.2  176310619026221.34      8422.276427199   8697.852753201327   9011.082094479956   1.003552510659868e+41   1.107386465134729e+41  1.2250769847498528e+41 
  61383.66193951407  153012099214759.84  163917699845193.06  175639362096591.66      8422.276427199   8697.852753201327   9011.082094479956    9.95734531712348e+40   1.098848164887617e+41   1.215764119966781e+41 
  61385.90029081551  152422442289248.84  163290419245502.06  174971960693644.53      8422.276427199   8697.852753201327   9011.082094479956   9.879941457521783e+40    1.09039214793188e+41   1.206539911740605e+41 
  61388.13864211695   151836212103163.7  162666752778390.56  174308385028351.88      8422.276427199   8697.852753201327   9011.082094479956    9.80334739052654e+40   1.082017462789051e+41  1.1974033442880645e+41 
  61390.37699341839   151253381833089.4  162046672486052.44   173648605585601.5      8422.276427199   8697.852753201327   9011.082094479956   9.727495298530633e+40  1.0737231697458574e+41  1.1883534152302962e+41 
  61392.61534471982  150673924986848.28  161430150706653.62  172992593121052.56      8422.276427199   8697.852753201327   9011.082094479956   9.652376554108474e+40  1.0655083426450187e+41   1.179389136172219e+41 
 61394.853696021266  150097815273349.88   160817160027585.3  172340318694071.84      8422.276427199   8697.852753201327   9011.082094479956   9.578231896587559e+40  1.0573720677766334e+41   1.170509531216353e+41 
   61397.0920473227   149523987153462.3   160207673276315.3  171691753677361.44      8422.276427199   8697.852753201327   9011.082094479956   9.504800347008158e+40  1.0493134430633996e+41  1.1617136379932447e+41 
 61399.330398624144  148949959151536.06   159601663602690.9  171044300890658.66      8422.276427199   8697.852753201327   9011.082094479956    9.43207296337384e+40  1.0413315784823368e+41  1.1530005059948955e+41 
  61401.56874992558   148379234726904.0  158999104393381.75  170397649747692.97      8422.276427199   8697.852753201327   9011.082094479956   9.360041621367862e+40   1.033425596473231e+41  1.1443204018367196e+41 
 61403.807101227016  147811788536032.88  158399969301806.38  169754677843248.22      8422.276427199   8697.852753201327   9011.082094479956   9.288698318070819e+40  1.0255946310331785e+41  1.1357206498557699e+41 
  61406.04545252846  147247595505230.22  157804232206577.12  169115357139380.53      8422.276427199   8697.852753201327   9011.082094479956   9.218035156457465e+40  1.0178378274383547e+41  1.1272017407051625e+41 
 61408.283803829894   146686630751383.9   157211867252325.8   168479659794314.7      8422.276427199   8697.852753201327   9011.082094479956    9.14804433872506e+40  1.0101543422953698e+41  1.1187627602938743e+41 
  61410.52215513133  146128869604852.03   156622848822158.5  167847558282269.38      8422.276427199   8697.852753201327   9011.082094479956   9.078718179906652e+40  1.0025433441943774e+41  1.1104028077630087e+41 
  61412.76050643277   145574287666313.8   156037151543314.2   167219025305870.4      8422.276427199   8697.852753201327   9011.082094479956   9.010079395296284e+40   9.950369478841445e+40  1.1021209929936218e+41 
  61414.99885773421   145022860788116.6  155454750306113.62  166594033857802.56      8422.276427199   8697.852753201327   9011.082094479956   8.942325094488804e+40    9.87613192699708e+40  1.0939164386033922e+41 
  61417.23720903565   144474564996265.0  154875620226106.56  165972557183699.62      8422.276427199   8697.852753201327   9011.082094479956    8.87520831763187e+40   9.802587552940139e+40  1.0857882781534462e+41 
  61419.47556033709  143929376566265.56  154299736626525.25  165352405836403.78      8422.276427199   8697.852753201327   9011.082094479956   8.808721847114632e+40   9.729728571904583e+40  1.0777356572331627e+41 
  61421.71391163852  143387272070109.47   153727075117712.8  164733553667603.66      8422.276427199   8697.852753201327   9011.082094479956   8.742858570648544e+40   9.657547298262298e+40  1.0697577315840401e+41 
 61423.952262939965   142848228188838.4   153157611524927.4   164118181338376.6      8422.276427199   8697.852753201327   9011.082094479956   8.677611459546454e+40   9.586036152932266e+40   1.061853668879902e+41 
   61426.1906142414  142312221875342.03   152591321901733.2  163506262634976.84      8422.276427199   8697.852753201327   9011.082094479956   8.612973582271293e+40   9.515187648182558e+40  1.0540226466284664e+41 
 61428.428965542844  141779230326088.34  152028182542983.12  162897771617379.16      8422.276427199   8697.852753201327   9011.082094479956   8.548938102916799e+40   9.444994405472061e+40  1.0462638542654592e+41 
  61430.66731684428   141249230970345.4  151468169909169.56  162292682596301.34      8422.276427199   8697.852753201327   9011.082094479956   8.485498266107265e+40   9.375449131013906e+40   1.038576490615031e+41 
 61432.905668145715  140722201344197.78  150911260730910.06   161690970110351.0      8422.276427199   8697.852753201327   9011.082094479956   8.422647412935601e+40   9.306544633287448e+40  1.0309597657403432e+41 
  61435.14401944716  140198119255325.33   150357431939359.7   161092608964057.4      8422.276427199   8697.852753201327   9011.082094479956   8.360378969744955e+40   9.238273812380885e+40  1.0234128993286935e+41 
  61437.38237074859  139676962749059.66  149806660689220.88   160497574165294.5      8422.276427199   8697.852753201327   9011.082094479956   8.298686445779932e+40   9.170629661121352e+40   1.015935121500247e+41 
  61439.62072205003  139158710022218.81  149258924346964.06  159905840988081.88      8422.276427199   8697.852753201327   9011.082094479956   8.237563437888906e+40   9.103605261132237e+40  1.0085256723808378e+41 
  61441.85907335147  138643339479370.75  148714200474927.94  159317384917444.72      8422.276427199   8697.852753201327   9011.082094479956   8.177003623214464e+40   9.037193787591808e+40  1.0011838016960806e+41 
  61444.09742465291  138130829765434.86   148172466856073.3  158732181678718.44      8422.276427199   8697.852753201327   9011.082094479956   8.117000764076057e+40   8.971586929732327e+40   9.939087689539294e+40 
  61446.33577595435  137621159712740.02  147633701492611.53   158150207180881.2      8422.276427199   8697.852753201327   9011.082094479956    8.05754870423042e+40     8.9066657610388e+40   9.866998428672332e+40 
 61448.574127255786  137114308306435.25  147097882587316.94  157571437605095.97      8422.276427199   8697.852753201327   9011.082094479956   7.998641361124489e+40   8.842332471129011e+40   9.795563015742184e+40 
  61450.81247855722  136610254777087.19  146564988558096.88  156995849306597.66      8422.276427199   8697.852753201327   9011.082094479956   7.940272737905023e+40   8.778580659358215e+40   9.724774323879565e+40 
 61453.050829858665  136108978550564.28   146034997977066.0   156423418910358.2      8422.276427199   8697.852753201327   9011.082094479956   7.882436912005708e+40   8.715404005661614e+40   9.654625320488256e+40 
   61455.2891811601   135610459223052.3  145507889646252.25  155854123223038.88      8422.276427199   8697.852753201327   9011.082094479956   7.825128034442492e+40   8.652796267701125e+40   9.585109056202479e+40 
 61457.527532461536  135114676548564.58  144983642551043.56  155287939293854.72      8422.276427199   8697.852753201327   9011.082094479956   7.768340337731689e+40   8.590751286429129e+40   9.516218677417404e+40 
  61459.76588376298  134621610488084.27  144462235862590.12  154724844362349.25      8422.276427199   8697.852753201327   9011.082094479956   7.712068122524851e+40   8.529262978960414e+40   9.447947409421366e+40 
 61462.004235064414  134131241223643.75   143943648969671.8   154164815895514.1      8422.276427199   8697.852753201327   9011.082094479956   7.656530314023044e+40   8.468325339419901e+40   9.380288570224635e+40 
  61464.24258636586  133643735511555.06  143427861426333.53  153607831554582.72      8422.276427199   8697.852753201327   9011.082094479956   7.601501556461316e+40   8.407932437588032e+40   9.313235558615026e+40 
  61466.48093766729  133160466037776.33  142914852962060.25  153053869217542.56      8422.276427199   8697.852753201327   9011.082094479956  7.5469679639480915e+40   8.348078418992573e+40    9.24678185999048e+40 
  61468.71928896873  132679819277264.53  142404603523573.28   152502906940071.1      8422.276427199   8697.852753201327   9011.082094479956   7.492924173373432e+40   8.288757498415187e+40     9.1809210365992e+40 
  61470.95764027017  132201776194509.27  141897093226107.88   151954922980044.4      8422.276427199   8697.852753201327   9011.082094479956   7.439364888615562e+40   8.229963970717272e+40   9.115646735640896e+40 
  61473.19599157161   131726317927778.7  141392302369944.97  151409895803762.03      8422.276427199   8697.852753201327   9011.082094479956   7.386284880522721e+40   8.171692193228366e+40   9.050952678896016e+40 
  61475.43434287305  131253425838523.25  140890211456885.56  150867804056595.47      8422.276427199   8697.852753201327   9011.082094479956   7.333678989290595e+40   8.113936602389843e+40   8.987184862069122e+40 
 61477.672694174486   130783081410637.9  140390801098928.72  150328626608145.94      8422.276427199   8697.852753201327   9011.082094479956    7.28154211567514e+40   8.056691698987593e+40   8.923984733809434e+40 
  61479.91104547592  130315266301111.39  139894052136409.38  149792342489703.47      8422.276427199   8697.852753201327   9011.082094479956   7.229869225843209e+40   7.999952053237914e+40   8.861340575107657e+40 
 61482.149396777364  129849962338508.44  139399945565585.97   149258930954730.9      8422.276427199   8697.852753201327   9011.082094479956   7.178655352939934e+40   7.943712305020774e+40   8.799246504804894e+40 
   61484.3877480788  129387151492318.58  138908462540476.55  148728371414088.25      8422.276427199   8697.852753201327   9011.082094479956   7.127895587302037e+40    7.88796715974006e+40   8.737696715817985e+40 
 61486.626099380235  128926815942274.97  138419584416843.86   148200643491572.7      8422.276427199   8697.852753201327   9011.082094479956   7.077585082813672e+40   7.832711387528704e+40    8.67668547353759e+40 
  61488.86445068168  128468937980977.06   137933292689389.6   147672539398645.0      8422.276427199   8697.852753201327   9011.082094479956   7.027719055552076e+40   7.777939824096724e+40   8.616207111226885e+40 
 61491.102801983114   128013500065453.7  137449569011914.78  147146848085901.12      8422.276427199   8697.852753201327   9011.082094479956    6.97829277719692e+40   7.723470933953021e+40   8.556256034680581e+40 
  61493.34115328456  127560484855016.66  136968395233326.03  146623961214669.84      8422.276427199   8697.852753201327   9011.082094479956   6.929301582418162e+40   7.669318904211767e+40   8.496826719061748e+40 
  61495.57950458599  127109875114240.62  136489753346020.44  146103858827052.28      8422.276427199   8697.852753201327   9011.082094479956   6.880740861375093e+40   7.615641398894732e+40   8.437913707397656e+40 
  61497.81785588743  126661653769871.84   136013625511025.1   145586521154133.1      8422.276427199   8697.852753201327   9011.082094479956   6.832606062512542e+40   7.562433424828831e+40   8.379511607803493e+40 
  61500.05620718887  126215803942809.92  135539994066546.06  145071928602460.25      8422.276427199   8697.852753201327   9011.082094479956   6.784892692696262e+40   7.509690052913949e+40   8.321615094064693e+40 
  61502.29455849031  125772308861228.66   135068841447576.5  144560061735601.25      8422.276427199   8697.852753201327   9011.082094479956   6.737596310662131e+40  7.4574064101871245e+40   8.264218904587213e+40 
  61504.53290979174  125331151912751.34  134600150294740.94   144050901315881.4      8422.276427199   8697.852753201327   9011.082094479956   6.690712531174621e+40   7.405577686962797e+40   8.207317843579585e+40 
 61506.771261093185  124892316630230.66  134133903383264.84  143544428259986.47      8422.276427199   8697.852753201327   9011.082094479956    6.64423702598728e+40     7.3541991297694e+40   8.150906776499047e+40 
  61509.00961239462   124455786673955.5  133670083629690.62  143040623664326.56      8422.276427199   8697.852753201327   9011.082094479956   6.598165515461052e+40   7.303266044926073e+40   8.094980631243845e+40 
  61511.24796369606   124021545894260.8  133208674132398.97  142539468793603.06      8422.276427199   8697.852753201327   9011.082094479956   6.552493774393582e+40   7.252773796797581e+40   8.039534399269066e+40 
   61513.4863149975  123589578239171.17  132749658108595.84  142040945070818.62      8422.276427199   8697.852753201327   9011.082094479956   6.507217630747468e+40   7.202717804543102e+40   7.984563128900072e+40 
 61515.724666298935  123159867802776.19   132293018922046.3  141545034075369.84      8422.276427199   8697.852753201327   9011.082094479956   6.462332960263778e+40   7.153093543440725e+40   7.930061930682668e+40 
  61517.96301760038  122732398851020.62  131838740104230.72   141051717552602.9      8422.276427199   8697.852753201327   9011.082094479956   6.417835691679075e+40    7.10389654136383e+40   7.876025975252943e+40 
  61520.20136890181   122307155764265.0  131386805315689.14  140560977393094.88      8422.276427199   8697.852753201327   9011.082094479956   6.373721802429356e+40   7.055122384223553e+40  7.8224504903188785e+40 
 61522.439720203256  121884123047064.03  130937198370534.66  140072795660317.33      8422.276427199   8697.852753201327   9011.082094479956   6.329987318298993e+40   7.006766708773678e+40   7.769330761040857e+40 
  61524.67807150469  121463285380715.25  130489903234187.75  139587154575537.67      8422.276427199   8697.852753201327   9011.082094479956   6.286628315969204e+40   6.958825205592809e+40   7.716662127629927e+40 
  61526.91642280613  121044627543118.81  130044487114826.06  139104036498137.34      8422.276427199   8697.852753201327   9011.082094479956   6.243640917028899e+40   6.911293615676378e+40   7.664439986490417e+40 
  61529.15477410757  120628134469785.23  129600545094973.61  138625927413532.05      8422.276427199   8697.852753201327   9011.082094479956   6.201021289536729e+40   6.864167731255143e+40   7.612659789091569e+40 
 61531.393125409006  120213791198851.55  129159555915202.08  138153049458426.84      8422.276427199   8697.852753201327   9011.082094479956   6.158765651682913e+40   6.817443395567623e+40   7.561317041509436e+40 
  61533.63147671044  119801582903594.72  128721269291927.94  137682591791184.86      8422.276427199   8697.852753201327   9011.082094479956   6.116870262841074e+40   6.771116500819293e+40    7.51040730164257e+40 
 61535.869828011884  119391494902621.58  128285219529312.94  137214537878396.14      8422.276427199   8697.852753201327   9011.082094479956   6.075331428628279e+40   6.725182990705749e+40   7.459926182912497e+40 
  61538.10817931332  118983512634878.95  127851391306523.47  136748871328616.48      8422.276427199   8697.852753201327   9011.082094479956   6.034145500687883e+40   6.679638854770341e+40   7.409869347736122e+40 
  61540.34653061476  118577621644211.95  127420965828013.88  136285575882203.19      8422.276427199   8697.852753201327   9011.082094479956  5.9933088719041765e+40    6.63448013229332e+40   7.360232511008411e+40 
   61542.5848819162  118173807619914.98  126993897408978.28  135824635405666.84      8422.276427199   8697.852753201327   9011.082094479956   5.952817979271389e+40   6.589702906359168e+40   7.311011439551005e+40 
 61544.823233217634  117772056388430.73  126568980640488.11   135366033909020.7      8422.276427199   8697.852753201327   9011.082094479956   5.912669303664305e+40   6.545303309063064e+40   7.262201949173892e+40 
  61547.06158451908  117372353858917.17  126146200999379.12  134909755540484.16      8422.276427199   8697.852753201327   9011.082094479956   5.872859365351099e+40   6.501277518810979e+40   7.213799906513871e+40 
  61549.29993582051  116974686088502.69  125725544074713.16  134455784577344.33      8422.276427199   8697.852753201327   9011.082094479956   5.833384728609186e+40   6.457621757603063e+40   7.165801224244767e+40 
 61551.538287121955  116579039259065.61  125306995585334.38  134004105454786.55      8422.276427199   8697.852753201327   9011.082094479956    5.79424199801734e+40   6.414332294138496e+40   7.118201864048326e+40 
  61553.77663842339   116185399656002.7  124890541370794.75   133554702706526.6      8422.276427199   8697.852753201327   9011.082094479956   5.755427816959436e+40   6.371405437126952e+40   7.070997833556462e+40 
  61556.01498972483  115793753679710.78   124476167385360.4  133107561015851.03      8422.276427199   8697.852753201327   9011.082094479956    5.71693886956978e+40   6.328837542322196e+40   7.024185189452719e+40 
  61558.25334102627  115404087850569.38  124063859719895.83  132662665187846.45      8422.276427199   8697.852753201327   9011.082094479956   5.678771880398401e+40   6.286625005862623e+40   6.977760032041211e+40 
 61560.491692327705  115016388785630.61  123653604566245.19  132220000157371.52      8422.276427199   8697.852753201327   9011.082094479956    5.64092360981753e+40   6.244764267917903e+40   6.931718507759159e+40 
  61562.73004362914  114630643257837.44  123245388235776.03  131779551004744.84      8422.276427199   8697.852753201327   9011.082094479956   5.603390857674956e+40   6.203251810290199e+40   6.886056809309977e+40 
  61564.96839493058  114246838107471.23   122839197149863.9  131341302918043.17      8422.276427199   8697.852753201327   9011.082094479956   5.566170462614694e+40   6.162084155056854e+40   6.840771170948052e+40 
  61567.20674623202  113864960295965.88   122435017847603.7  130905241219759.78      8422.276427199   8697.852753201327   9011.082094479956   5.529259297721673e+40   6.121257865077872e+40   6.795857872225405e+40 
  61569.44509753346  113484996916144.84  122032836999084.62   130471351327983.4      8422.276427199   8697.852753201327   9011.082094479956   5.492654275053445e+40   6.080769541819943e+40   6.751313236731418e+40 
   61571.6834488349  113106935156555.45  121632641372478.39  130039618806620.77      8422.276427199   8697.852753201327   9011.082094479956   5.456352341651013e+40   6.040615828922034e+40   6.707133629194515e+40 
  61573.92180013633  112730762299242.38  121234417846539.34  129610029325298.78      8422.276427199   8697.852753201327   9011.082094479956   5.420350479957593e+40   6.000793407349473e+40     6.6633154575363e+40 
 61576.160151437776  112356465762327.58  120838153398764.94  129182568685580.38      8422.276427199   8697.852753201327   9011.082094479956   5.384645709321979e+40  5.9612989970460225e+40   6.619855169360137e+40 
  61578.39850273921  111984033046605.64  120443835123128.66  128757222813579.56      8422.276427199   8697.852753201327   9011.082094479956   5.349235082444231e+40   5.922129355985066e+40   6.576749253687993e+40 
 61580.636854040655  111613451775951.88  120051450215707.94  128333977724531.47      8422.276427199   8697.852753201327   9011.082094479956   5.314115685627102e+40   5.883281277794202e+40   6.533994238879601e+40 
  61582.87520534209  111244709653417.17   119660985983076.5  127912819573191.12      8422.276427199   8697.852753201327   9011.082094479956   5.279284640642104e+40   5.844751595263207e+40   6.491586695013678e+40 
 61585.113556643526  110877769541329.94  119272405140936.42  127493708877430.06      8422.276427199   8697.852753201327   9011.082094479956   5.244738347613226e+40   5.806536157993686e+40   6.449521217169561e+40 
  61587.35190794497   110512681737695.7  118885757007064.45  127076696224492.42      8422.276427199   8697.852753201327   9011.082094479956   5.210474648046943e+40     5.7686339558769e+40   6.407799544192767e+40 
 61589.590259246404  110149390594841.36  118500985870612.45  126661723339955.48      8422.276427199   8697.852753201327   9011.082094479956   5.176492500850193e+40   5.731041296723429e+40   6.366414713857162e+40 
  61591.82861054784  109787887335811.17   118118082574035.6  126248779955096.89      8422.276427199   8697.852753201327   9011.082094479956   5.142787131285328e+40    5.69375447999416e+40   6.325363750022055e+40 
  61594.06696184928  109428161750505.94   117737036490242.6  125837854346542.58      8422.276427199   8697.852753201327   9011.082094479956   5.109356010623116e+40   5.656770633491933e+40   6.284643554513504e+40 
  61596.30531315072  109070202949493.14  117357836320620.78  125428934093527.48      8422.276427199   8697.852753201327   9011.082094479956   5.076196548718607e+40   5.620086861203022e+40   6.244250990184283e+40 
  61598.54366445216  108713999697137.89  116980470479370.67  125022006561093.86      8422.276427199   8697.852753201327   9011.082094479956   5.043306142445282e+40   5.583700271282664e+40   6.204182921654385e+40 
   61600.7820157536  108359540698364.12  116604927280251.22  124617058963253.16      8422.276427199   8697.852753201327   9011.082094479956   5.010682188874305e+40    5.54760798989891e+40   6.164436232038611e+40 
  61603.02036705503  108006814662321.02  116231195023060.31  124214078546242.62      8422.276427199   8697.852753201327   9011.082094479956   4.978322108673434e+40   5.511807167779485e+40   6.125007832252461e+40 
 61605.258718356476  107655810322565.12  115859262067703.47  123813052614977.55      8422.276427199   8697.852753201327   9011.082094479956   4.946223342228581e+40   5.476294984281501e+40    6.08589466422968e+40 
  61607.49706965791  107306516495904.03  115489116841075.23  123413968529577.02      8422.276427199   8697.852753201327   9011.082094479956     4.9143833564903e+40   5.441068648103901e+40   6.047093702281714e+40 
  61609.73542095935  106958922064314.62  115120747852027.97  123016813756624.89      8422.276427199   8697.852753201327   9011.082094479956   4.882799646698026e+40   5.406125399896367e+40   6.008601955230891e+40 
  61611.97377226079  106613015998021.45  114754143704936.66  122621575847087.52      8422.276427199   8697.852753201327   9011.082094479956   4.851469735061368e+40   5.371462509154419e+40   5.970416463205806e+40 
 61614.212123562225  106268787346633.22  114389293083685.44  122228242458559.53      8422.276427199   8697.852753201327   9011.082094479956   4.820391170379579e+40   5.337077277906563e+40   5.932534300108044e+40 
  61616.45047486367  105926225280075.56  114026184764264.62  121836801355753.92      8422.276427199   8697.852753201327   9011.082094479956   4.789561529983477e+40   5.302967037740326e+40   5.894952573167543e+40 
 61618.688826165104  105585319011965.72  113664807608975.58  121447240387232.38      8422.276427199   8697.852753201327   9011.082094479956   4.758978418655331e+40    5.26912914982209e+40   5.857668420311289e+40 
  61620.92717746654  105246057859368.56   113305150572152.9  121059547508319.67      8422.276427199   8697.852753201327   9011.082094479956   4.728639466729813e+40   5.235561004827889e+40   5.820679012187246e+40 
  61623.16552876798  104908431238392.56  112947202709581.31  120673710750160.48      8422.276427199   8697.852753201327   9011.082094479956   4.698542332772187e+40  5.2022600218192965e+40   5.783981551709176e+40 
  61625.40388006942  104572428642156.02  112590953155347.06  120289718257719.03      8422.276427199   8697.852753201327   9011.082094479956   4.668684700466985e+40   5.169223650435425e+40   5.747573271542781e+40 
  61627.64223137086   104238039637526.1  112236391131528.92  119907558261724.27      8422.276427199   8697.852753201327   9011.082094479956   4.639064279513177e+40    5.13644936770259e+40   5.711451436587974e+40 
   61629.8805826723  103905253894694.56  111883505936906.05  119527219091374.11      8422.276427199   8697.852753201327   9011.082094479956   4.609678806355865e+40   5.103934678893179e+40   5.675613340225076e+40 
  61632.11893397373  103574061157099.72  111532286962167.69  119148689179189.23      8422.276427199   8697.852753201327   9011.082094479956   4.580526042066152e+40    5.07167711767734e+40   5.640056306621686e+40 
 61634.357285275175  103244451250374.89  111182723681096.48  118771957029157.33      8422.276427199   8697.852753201327   9011.082094479956    4.55160377201044e+40    5.03967424297491e+40   5.604777688378488e+40 
  61636.59563657661  102916414083151.23  110834805646513.97  118397011249078.89      8422.276427199   8697.852753201327   9011.082094479956   4.522909806927115e+40   5.007923642955489e+40   5.569774868434023e+40 
 61638.833987878046  102589939641715.25   110488522508840.5  118023840534141.48      8422.276427199   8697.852753201327   9011.082094479956    4.49444198257475e+40   4.976422930839436e+40   5.535045258038883e+40 
  61641.07233917949  102265017982163.58  110143863989354.27  117652433668251.39      8422.276427199   8697.852753201327   9011.082094479956   4.466198156736435e+40   4.945169747258969e+40   5.500586295968117e+40 
 61643.310690480925  101941639264235.08  109800819889646.39  117282779533882.58      8422.276427199   8697.852753201327   9011.082094479956  4.4381762118608265e+40  4.9141617592757715e+40   5.466395450525509e+40 
  61645.54904178237  101619793708904.86  109459380092695.72  116914867098792.56      8422.276427199   8697.852753201327   9011.082094479956   4.410374054952528e+40  4.8833966583205005e+40   5.432470216585725e+40 
   61647.7873930838  101299471609600.98  109119534560239.97  116548685413380.84      8422.276427199   8697.852753201327   9011.082094479956   4.382789613988376e+40   4.852872162466048e+40   5.398808116572454e+40 
  61650.02574438524  100980663348654.78  108781273341247.34  116184223610047.53      8422.276427199   8697.852753201327   9011.082094479956   4.355420841195632e+40    4.82258601301087e+40   5.365406700591556e+40 
  61652.26409568668  100663359388631.86  108444586563227.34  115821470905418.14      8422.276427199   8697.852753201327   9011.082094479956  4.3282657113194385e+40   4.792535977418923e+40   5.332263544946864e+40 
  61654.50244698812  100347550252668.75  108109464428268.64  115460416611253.67      8422.276427199   8697.852753201327   9011.082094479956  4.3013222202831332e+40   4.762719847633202e+40   5.299376252706812e+40 
  61656.74079828956  100033226544800.95  107775897208944.36  115101050106838.44      8422.276427199   8697.852753201327   9011.082094479956   4.274588387200575e+40   4.733135439104527e+40   5.266742452569009e+40 
 61658.979149590996   99720378958360.94  107443875255623.16   114743360876399.7      8422.276427199   8697.852753201327   9011.082094479956  4.2480622529755366e+40   4.703780592013173e+40   5.234359798968634e+40 
  61661.21750089243   99408998232357.67   107113388995386.1  114387338474241.25      8422.276427199   8697.852753201327   9011.082094479956  4.2217418788016404e+40   4.674653168563656e+40   5.202225971324669e+40 
 61663.455852193874   99099075204342.97  106784428926232.88  114032972528617.27      8422.276427199   8697.852753201327   9011.082094479956   4.195625347526465e+40   4.645751054935697e+40   5.170338673884814e+40 
  61665.69420349531   98790600765541.56  106456985625771.77  113680252761757.17      8422.276427199   8697.852753201327   9011.082094479956   4.169710763823906e+40   4.617072160289124e+40   5.138695636961719e+40 
 61667.932554796746   98483565879311.38  106131049746137.75  113329168965864.39      8422.276427199   8697.852753201327   9011.082094479956  4.1439962515356757e+40   4.588614416018098e+40   5.107294613519251e+40 
  61670.17090609819   98177961581239.17  105806612005988.88  112979711020791.16      8422.276427199   8697.852753201327   9011.082094479956   4.118479955136574e+40   4.560375776833438e+40   5.076133381533372e+40 
 61672.409257399624   97873778995432.03   105483663197171.4   112631868889101.7      8422.276427199   8697.852753201327   9011.082094479956   4.093160039801709e+40   4.532354219005078e+40   5.045209743189154e+40 
  61674.64760870107   97571009284989.53  105162194180872.58  112285632601920.95      8422.276427199   8697.852753201327   9011.082094479956   4.068034690374906e+40   4.504547740522125e+40    5.01452152335223e+40 
   61676.8859600025   97269643693943.25  104842195890661.12  111940992274316.42      8422.276427199   8697.852753201327   9011.082094479956  4.0431021106952737e+40   4.476954360841222e+40   4.984066570577646e+40 
  61679.12431130394   96969673543489.94   104523659338461.5  111597938082188.64      8422.276427199   8697.852753201327   9011.082094479956   4.018360525089116e+40    4.44957212025758e+40   4.953842757022705e+40 
  61681.36266260538   96671090215282.56  104206575600511.52   111255965239503.1      8422.276427199   8697.852753201327   9011.082094479956  3.9938081760132114e+40   4.422399726740165e+40   4.923847976597804e+40 
  61683.60101390682    96373885151818.7   103890935820092.5  110914789976705.89      8422.276427199   8697.852753201327   9011.082094479956  3.9694433249811793e+40    4.39560254950352e+40   4.894080146625391e+40 
  61685.83936520826   96078049871808.64  103576731203605.62  110575182744150.06      8422.276427199   8697.852753201327   9011.082094479956   3.945264252947237e+40   4.369008284552855e+40   4.864537205648615e+40 
 61688.077716509695   95783575959804.25  103263953027681.06  110237133944549.16      8422.276427199   8697.852753201327   9011.082094479956  3.9212692590284633e+40   4.342615088240186e+40   4.835217114612996e+40 
  61690.31606781113   95490455051857.44  102952592636000.25  109900634037559.64      8422.276427199   8697.852753201327   9011.082094479956  3.8974566598170405e+40   4.316421135470296e+40   4.806117855374773e+40 
 61692.554419112574   95198678868075.55  102642641434098.69  109565673565877.66      8422.276427199   8697.852753201327   9011.082094479956   3.873824790463107e+40   4.290424620973502e+40   4.777237431333424e+40 
  61694.79277041401   94908657921115.05   102334090901277.1  109232243142808.08      8422.276427199   8697.852753201327   9011.082094479956   3.850372004549033e+40   4.264623758553471e+40   4.748573867836739e+40 
 61697.031121715445    94620703398318.8  102026932578768.33  108905701475725.22      8422.276427199   8697.852753201327   9011.082094479956   3.827096671718504e+40  4.2390167809670704e+40   4.720125209532256e+40 
  61699.26947301689   94334059358043.92   101721158068168.5  108580787187663.12      8422.276427199   8697.852753201327   9011.082094479956   3.803997179532412e+40  4.2136019398218157e+40   4.691889522581072e+40 
  61701.50782431832   94048717844314.48  101416759036561.66  108257328265566.77      8422.276427199   8697.852753201327   9011.082094479956   3.781071933225545e+40  4.1883775048613225e+40   4.663864893606717e+40 
 61703.746175619766   93764670950284.58  101113727212035.62  107935315991035.67      8422.276427199   8697.852753201327   9011.082094479956  3.7583193543262793e+40   4.163341763762133e+40    4.63604942869722e+40 
   61705.9845269212   93481910832684.19  100812054387294.88  107614741728034.94      8422.276427199   8697.852753201327   9011.082094479956  3.7357378809966266e+40   4.138493022639264e+40   4.608441254137235e+40 
  61708.22287822264   93200429714170.17  100511732424739.64  107295596882020.11      8422.276427199   8697.852753201327   9011.082094479956  3.7133259687729847e+40  4.1138296044847724e+40   4.581038516339412e+40 
  61710.46122952408   92920483384545.39   100212753241868.4   106976967179417.8      8422.276427199   8697.852753201327   9011.082094479956    3.69108208834137e+40  4.0893498508927697e+40   4.553839380233352e+40 
 61712.699580825516   92642366276488.69   99915108817437.23   106659427310162.4      8422.276427199   8697.852753201327   9011.082094479956  3.6690047269594845e+40  4.0650521205230353e+40   4.526842030785402e+40 
  61714.93793212695   92365498368948.36    99618791185650.0  106343301928326.14      8422.276427199   8697.852753201327   9011.082094479956  3.6470923883399455e+40   4.040934788501865e+40   4.500044671090527e+40 
 61717.176283428395   92089872168339.47   99323792443201.78  106028582623747.72      8422.276427199   8697.852753201327   9011.082094479956  3.6253435916768265e+40  4.0169962478841894e+40   4.473445523439976e+40 
  61719.41463472983   91815480229104.97    99030104745962.6  105715261044159.17      8422.276427199   8697.852753201327   9011.082094479956  3.6037568710608057e+40      3.993234907612e+40   4.447042827969643e+40 
  61721.65298603127   91542315162909.17   98737720305305.38  105403328892446.28      8422.276427199   8697.852753201327   9011.082094479956  3.5823307764823056e+40   3.969649193537106e+40   4.420834843086489e+40 
  61723.89133733271   91270369645848.67   98446631396842.44  105092777942336.48      8422.276427199   8697.852753201327   9011.082094479956  3.5610638735622763e+40   3.946237547858652e+40   4.394819846203518e+40 
 61726.129688634144   90999636399013.81   98156830352557.81  104783600023495.33      8422.276427199   8697.852753201327   9011.082094479956   3.539954741750047e+40  3.9229984288932126e+40   4.368996131117928e+40 
  61728.36803993559   90730108200375.61   97868309557943.78   104475787029711.6      8422.276427199   8697.852753201327   9011.082094479956  3.5190019757071537e+40  3.8999303111523646e+40   4.343362009931565e+40 
  61730.60639123702   90461777889451.17   97581061455676.73  104169330917608.45      8422.276427199   8697.852753201327   9011.082094479956   3.498204185122867e+40  3.8770316847142246e+40   4.317915812365006e+40 
 61732.844742538466   90194638348948.92    97295078543800.4  103864223694068.12      8422.276427199   8697.852753201327   9011.082094479956  3.4775599938983665e+40  3.8543010548186572e+40  4.2926558848919473e+40 
   61735.0830938399   89928682516571.17   97010353376764.62  103560457437027.45      8422.276427199   8697.852753201327   9011.082094479956   3.457068039828363e+40  3.8317369426663983e+40  4.2675217353405846e+40 
  61737.32144514134    89663903389265.6    96726878569803.0  103258024269520.19      8422.276427199   8697.852753201327   9011.082094479956   3.436726975618947e+40   3.809337883907561e+40  4.2425642969726874e+40 
  61739.55979644278   89400294013508.02    96444646789659.8  102956916374978.84      8422.276427199   8697.852753201327   9011.082094479956   3.416535467185933e+40   3.787102429878746e+40   4.217789195610935e+40 
 61741.798147744215    89137847483683.6   96163650756945.19  102657126008355.05      8422.276427199   8697.852753201327   9011.082094479956   3.396492194281576e+40  3.7650291467839344e+40  4.1931948334226784e+40 
  61744.03649904565   88876556945466.36   95883883241731.97  102358645459945.02      8422.276427199   8697.852753201327   9011.082094479956  3.3765958508082134e+40  3.7431166148674424e+40  4.1687796283482673e+40 
 61746.274850347094   88616415607414.78    95605337069084.9  102061467089637.95      8422.276427199   8697.852753201327   9011.082094479956   3.356845144095111e+40   3.721363429711137e+40   4.144542014830408e+40 
  61748.51320164853   88357416709635.67   95328005116302.81  101765583319394.72      8422.276427199   8697.852753201327   9011.082094479956   3.337238794101573e+40   3.699768200553399e+40   4.120480443021202e+40 
  61750.75155294997   88099553550675.36    95051880311986.7  101470986609629.72      8422.276427199   8697.852753201327   9011.082094479956   3.317775534368589e+40  3.6783295509488513e+40   4.096593378678975e+40 
  61752.98990425141   87842819478981.17   94776955637085.44  101177669487366.77      8422.276427199   8697.852753201327   9011.082094479956   3.298454111731006e+40  3.6570461188349036e+40   4.072879303740406e+40 
  61755.22825555284   87587207894364.44   94503224128342.97  100885624530823.38      8422.276427199   8697.852753201327   9011.082094479956   3.279273285314672e+40   3.635916555476346e+40   4.049336715438478e+40 
  61757.46660685429   87332712235127.08   94230678869072.97   100594844372708.7      8422.276427199   8697.852753201327   9011.082094479956   3.260231826766308e+40  3.6149395264191076e+40   4.025964125534612e+40 
  61759.70495815572   87079326000685.73   93959312990921.19  100305321702922.95      8422.276427199   8697.852753201327   9011.082094479956  3.2413285205232823e+40   3.594015353220763e+40   4.002760061637738e+40 
 61761.943309457165   86827042729903.56   93689119677379.84  100017049260856.47      8422.276427199   8697.852753201327   9011.082094479956  3.2225621640332135e+40  3.5732237554465403e+40   3.979723065857799e+40 
   61764.1816607586   86575856007972.02    93420092160092.9    99730019835760.8      8422.276427199   8697.852753201327   9011.082094479956   3.203931565746524e+40  3.5525823924855415e+40   3.956851695054113e+40 
 61766.420012060036   86325759469199.72   93152223722995.64   99444226278061.88      8422.276427199   8697.852753201327   9011.082094479956  3.1854355471036736e+40  3.5320899623857853e+40   3.934144520961842e+40 
  61768.65836336148   86076746799899.64   92885507701238.56   99159661473279.25      8422.276427199   8697.852753201327   9011.082094479956   3.167072941425687e+40  3.5117451758831975e+40   3.911600129705754e+40 
 61770.896714662915   85828811726999.06   92619937474634.61   98876318374475.62      8422.276427199   8697.852753201327   9011.082094479956  3.1488425933037233e+40  3.4915467571848215e+40   3.889217121186682e+40 
  61773.13506596435   85581948017629.14   92355506471553.31   98594189977597.86      8422.276427199   8697.852753201327   9011.082094479956  3.1307433594401377e+40   3.471493443506458e+40  3.8669941099392427e+40 
  61775.37341726579   85336149497032.66   92092208162998.44   98313269326104.31      8422.276427199   8697.852753201327   9011.082094479956   3.112774108401489e+40   3.451583984037772e+40    3.84492972351242e+40 
  61777.61176856723   85091410025419.05    91830036070121.4   98033549523549.17      8422.276427199   8697.852753201327   9011.082094479956  3.0949337197690136e+40   3.431817141027564e+40  3.8230226041297587e+40 
  61779.85011986867   84847723509507.48   91568983760117.22    97755023715921.3      8422.276427199   8697.852753201327   9011.082094479956  3.0772210842049736e+40   3.412191689340949e+40  3.8012714067137943e+40 
  61782.08847117011   84605083896520.05   91309044844058.38   97477685096764.25      8422.276427199   8697.852753201327   9011.082094479956  3.0596351038743093e+40   3.392706415842766e+40  3.7796747999160416e+40 
  61784.32682247154   84363485187223.92    91050212983593.0    97201526912878.8      8422.276427199   8697.852753201327   9011.082094479956  3.0421746922330506e+40   3.373360119453444e+40  3.7582314662068114e+40 
 61786.565173772986   84122921414587.16    90792481884487.1   96926542456231.75      8422.276427199   8697.852753201327   9011.082094479956   3.024838772784675e+40   3.354151611532884e+40  3.7369401003758602e+40 
  61788.80352507442   83883386658580.55   90535845295260.44   96652725068678.27      8422.276427199   8697.852753201327   9011.082094479956   3.007626280167672e+40   3.335079715006447e+40   3.715799410373737e+40 
 61791.041876375864   83644875047122.61   90280297008618.19   96380068142106.88      8422.276427199   8697.852753201327   9011.082094479956  2.9905361599079587e+40   3.316143264412593e+40   3.694808117173843e+40 
   61793.2802276773   83407380741638.45    90025830861905.2    96108565108495.3      8422.276427199   8697.852753201327   9011.082094479956   2.973567368001115e+40  3.2973411056924955e+40   3.673964954254194e+40 
 61795.518578978736   83170897947167.23    89772440736150.9   95838209452418.47      8422.276427199   8697.852753201327   9011.082094479956    2.95671887041871e+40   3.278672096700701e+40  3.6532686676420836e+40 
  61797.75693028018   82935420914033.58   89520120559184.31   95568994701465.94      8422.276427199   8697.852753201327   9011.082094479956   2.939989644030897e+40   3.260135106483196e+40   3.632718016135002e+40 
 61799.995281581614   82700943934082.16    89268864301290.9   95300914423503.02      8422.276427199   8697.852753201327   9011.082094479956   2.923378675487688e+40  3.2417290151514554e+40  3.6123117704113984e+40 
  61802.23363288305   82467461336426.98   89018665975489.47   95033962245088.19      8422.276427199   8697.852753201327   9011.082094479956  2.9068849613646686e+40  3.2234527142805855e+40  3.5920487133103633e+40 
  61804.47198418449   82234967487399.56   88769519633857.78   94768131824708.73      8422.276427199   8697.852753201327   9011.082094479956   2.890507508512572e+40   3.205305106234753e+40  3.5719276397928925e+40 
  61806.71033548593   82003456805949.34   88521419371075.56   94503416869299.34      8422.276427199   8697.852753201327   9011.082094479956    2.87424533374934e+40   3.187285103875748e+40   3.551947356190756e+40 
  61808.94868678737   81772923736510.17    88274359323091.5   94239811137493.48      8422.276427199   8697.852753201327   9011.082094479956  2.8580974632491524e+40  3.1693916310995426e+40   3.532106681217363e+40 
  61811.18703808881   81543362769129.69   88028333667599.67   93977308422830.66      8422.276427199   8697.852753201327   9011.082094479956   2.842062932789817e+40   3.151623622473993e+40  3.5124044443911347e+40 
  61813.42538939024   81314768428782.92    87783336620964.4   93715902564620.61      8422.276427199   8697.852753201327   9011.082094479956  2.8261407878423547e+40  3.1339800229466252e+40  3.4928394870119996e+40 
 61815.663740691685   81087135288990.44   87539362445139.94   93455587446933.97      8422.276427199   8697.852753201327   9011.082094479956  2.8103300835141616e+40  3.1164597875586764e+40   3.473410662150796e+40 
  61817.90209199312   80860457948753.11   87296405440197.64   93196356995320.44      8422.276427199   8697.852753201327   9011.082094479956   2.794629883390049e+40   3.099061882100994e+40   3.454116833327695e+40 
  61820.14044329456   80634731051801.62   87054459944623.22   92938205179142.36      8422.276427199   8697.852753201327   9011.082094479956  2.7790392606630335e+40  3.0817852822004743e+40  3.4349568753677802e+40 
    61822.378794596   80409949282687.38   86813520336056.12   92681126011753.11      8422.276427199   8697.852753201327   9011.082094479956  2.7635572977873223e+40   3.064628973317399e+40  3.4159296741657117e+40 
 61824.617145897435   80186107356176.69   86573581031853.19   92425113542465.19      8422.276427199   8697.852753201327   9011.082094479956  2.7481830860908417e+40  3.0475919507077815e+40  3.3970341263421973e+40 
  61826.85549719888   79963200025697.78   86334636488054.48   92170161867064.56      8422.276427199   8697.852753201327   9011.082094479956   2.732915725459773e+40  3.0306732197739483e+40  3.3782691391996374e+40 
  61829.09384850031   79741222084741.86   86096681201914.61   91916265120266.19      8422.276427199   8697.852753201327   9011.082094479956  2.7177543250680574e+40   3.013871795474294e+40  3.3596336309260624e+40 
  61831.33219980175   79520168363833.61   85859709708894.22   91663417471818.47      8422.276427199   8697.852753201327   9011.082094479956  2.7026980024174343e+40   2.997186702218632e+40  3.3411265299396395e+40 
  61833.57055110319   79300033726403.44   85623716581674.47   91411613143003.08      8422.276427199   8697.852753201327   9011.082094479956    2.68774588349722e+40  2.9806169741757916e+40  3.3227467749324355e+40 
  61835.80890240463   79080813068839.44   85388696429429.66   91160846385625.61      8422.276427199   8697.852753201327   9011.082094479956  2.6728971030345207e+40   2.964161654760022e+40  3.3044933151068634e+40 
  61838.04725370607   78862501333430.73   85154643896654.23   90911111492420.16      8422.276427199   8697.852753201327   9011.082094479956   2.658150804295294e+40  2.9478197964080735e+40  3.2863651092455957e+40 
 61840.285605007506   78645093487409.94   84921553666330.86   90662402801865.61      8422.276427199   8697.852753201327   9011.082094479956    2.64350613860027e+40   2.931590460863991e+40   3.268361126840141e+40 
  61842.52395630894   78428584536412.42   84689420457714.89   90414714686448.12      8422.276427199   8697.852753201327   9011.082094479956   2.628962265336335e+40    2.91547271901603e+40   3.250480346564604e+40 
 61844.762307610385   78212969517947.34   84458239025289.64   90168041555961.62      8422.276427199   8697.852753201327   9011.082094479956   2.614518352279536e+40    2.89946565080994e+40   3.232721757172946e+40 
  61847.00065891182   77998243511048.58   84228004162025.06   89922377861618.16      8422.276427199   8697.852753201327   9011.082094479956   2.600173575352025e+40  2.8835683446231916e+40   3.215084357361065e+40 
 61849.239010213256   77784401621169.67   83998710697069.27   89677718091217.11      8422.276427199   8697.852753201327   9011.082094479956  2.5859271179001095e+40  2.8677798979705863e+40   3.197567155172435e+40 
   61851.4773615147   77571438988763.97   83770353493520.62    89434056771140.2      8422.276427199   8697.852753201327   9011.082094479956  2.5717781712948474e+40   2.852099417000521e+40  3.1801691678773705e+40 
 61853.715712816134   77359350794701.36    83542927447904.2   89191388466969.86      8422.276427199   8697.852753201327   9011.082094479956    2.55772593479954e+40  2.8365260162547217e+40   3.162889422469164e+40 
  61855.95406411758    77148132244419.2    83316427493274.6   88949707778767.61      8422.276427199   8697.852753201327   9011.082094479956  2.5437696155804423e+40  2.8210588185423418e+40  3.1457269550541244e+40 
  61858.19241541901   76937778578296.83   83090848596259.95   88709009341655.05      8422.276427199   8697.852753201327   9011.082094479956   2.529908427783682e+40   2.805795663108082e+40   3.128680810916714e+40 
  61860.43076672045   76728285070399.86   82866185759084.36    88469287835136.3      8422.276427199   8697.852753201327   9011.082094479956    2.51614159357411e+40  2.7906419148296007e+40   3.111750044496843e+40 
  61862.66911802189    76519647031514.2   82642434021543.44   88230537961639.47      8422.276427199   8697.852753201327   9011.082094479956  2.5024683424627643e+40  2.7755904236796978e+40  3.0949337194450133e+40 
  61864.90746932333   76311859800051.73   82419588452908.66   87992754469253.58      8422.276427199   8697.852753201327   9011.082094479956   2.488887911003793e+40   2.760640361485811e+40   3.078230907702269e+40 
  61867.14582062476   76104918742999.92   82197644157356.72   87755932141638.86      8422.276427199   8697.852753201327   9011.082094479956  2.4753995432350805e+40   2.745790908318774e+40   3.061640690541416e+40 
 61869.384171926205   75898819264938.72   81976596269547.19   87520065790661.25      8422.276427199   8697.852753201327   9011.082094479956   2.462002490557744e+40  2.7310412515996966e+40  3.0451621574697873e+40 
  61871.62252322764   75693556802514.73   81756439959012.56   87285150268803.56      8422.276427199   8697.852753201327   9011.082094479956   2.448696011437854e+40  2.7163905866517936e+40   3.028794406811814e+40 
 61873.860874529084   75489126816764.83   81537170426545.31   87051180467562.17      8422.276427199   8697.852753201327   9011.082094479956   2.435479370991775e+40  2.7018381163916167e+40  3.0125365453530643e+40 
  61876.09922583052   75285524802254.11   81318782906103.78    86818151302361.3      8422.276427199   8697.852753201327   9011.082094479956  2.4223518416791186e+40   2.687383051011188e+40  2.9963876881018694e+40 
 61878.337577131955   75082746285215.14   81101272662209.19   86586057729365.67      8422.276427199   8697.852753201327   9011.082094479956    2.40931270278916e+40   2.673024608483969e+40  2.9803469584893743e+40 
   61880.5759284334   74880786825103.98   80884634995855.28   86354800867305.47      8422.276427199   8697.852753201327   9011.082094479956  2.3963612403711284e+40  2.6587620139171964e+40  2.9644134885842137e+40 
 61882.814279734834   74679642003327.42   80668865236043.97   86123097822085.34      8422.276427199   8697.852753201327   9011.082094479956  2.3834967469308973e+40   2.644594499558566e+40  2.9485864178073247e+40 
  61885.05263103628   74479307438102.36   80453958742877.22   85892326809368.12      8422.276427199   8697.852753201327   9011.082094479956  2.3707185218342887e+40   2.630521304984193e+40   2.932864894067837e+40 
  61887.29098233771   74279778776495.75   80239910907673.06   85662482833102.27      8422.276427199   8697.852753201327   9011.082094479956   2.358025871263952e+40  2.6165416767277027e+40   2.917248073184942e+40 
  61889.52933363915   74081051691090.88   80026717152777.75   85433560928437.36      8422.276427199   8697.852753201327   9011.082094479956   2.345418107633818e+40   2.602654868379384e+40   2.901735118865237e+40 
  61891.76768494059   73883121884694.83    79814372931097.9   85205556162697.02      8422.276427199   8697.852753201327   9011.082094479956  2.3328945497731984e+40   2.588860140518593e+40   2.886325202558216e+40 
 61894.006036242026    73685985091924.5   79602873727720.44   84978463637562.11      8422.276427199   8697.852753201327   9011.082094479956  2.3204545232229293e+40  2.5751567606531816e+40   2.871017503638596e+40 
  61896.24438754347   73489637075860.64    79392215057831.6   84752278486235.38      8422.276427199   8697.852753201327   9011.082094479956  2.3080973594730524e+40   2.561544003040698e+40  2.8558112089514373e+40 
 61898.482738844905   73294069653769.67    79182386025829.0   84526989458509.61      8422.276427199   8697.852753201327   9011.082094479956   2.295822396307556e+40  2.5480211486314723e+40  2.8407053279155935e+40 
  61900.72109014634   73099285872316.95   78973398825963.61   84302607964317.75      8422.276427199   8697.852753201327   9011.082094479956   2.283628493773291e+40  2.5345868888695067e+40  2.8256993811247303e+40 
  61902.95944144778    72905281614289.4   78765236710323.05   84079117795566.94      8422.276427199   8697.852753201327   9011.082094479956    2.27151624181318e+40   2.521242046654321e+40  2.8107926415437535e+40 
  61905.19779274922   72712048039903.39   78557896562065.27   83856514867092.58      8422.276427199   8697.852753201327   9011.082094479956   2.259484088704931e+40   2.507984800638653e+40  2.7959840371447626e+40 
 61907.436144050655   72519581832139.34   78351374579559.34   83634795034144.28      8422.276427199   8697.852753201327   9011.082094479956  2.2475314819492666e+40   2.494814564939514e+40  2.7812728484931926e+40 
   61909.6744953521   72327879260345.22   78145666665875.95   83413953873305.83      8422.276427199   8697.852753201327   9011.082094479956  2.2356578273529285e+40  2.4817306997984066e+40    2.76665832750386e+40 
  61911.91284665353   72136936454880.89    77940768638557.4    83193986837687.1      8422.276427199   8697.852753201327   9011.082094479956   2.223862515092316e+40  2.4687325453582137e+40    2.75213972054478e+40 
 61914.151197954976    71946749460056.1   77736676279899.53   82974889360146.14      8422.276427199   8697.852753201327   9011.082094479956   2.212144932443574e+40  2.4558194369826587e+40   2.737716275571825e+40 
  61916.38954925641    71757314315707.1    77533385382045.0   82756656877781.06      8422.276427199   8697.852753201327   9011.082094479956  2.2005044678110083e+40    2.44299071048965e+40   2.723387245635536e+40 
  61918.62790055785   71568627073462.12   77330891751036.03   82539284845541.67      8422.276427199   8697.852753201327   9011.082094479956  2.1889405136515406e+40    2.43024570627686e+40   2.709151889909619e+40 
  61920.86625185929   71380683802004.77   77129191218625.62   82322768745321.77      8422.276427199   8697.852753201327   9011.082094479956   2.177452467564753e+40   2.417583769428909e+40  2.6950094741516166e+40 
 61923.104603160726   71193480589452.72   76928279642153.03   82107104085694.89      8422.276427199   8697.852753201327   9011.082094479956  2.1660397319546536e+40  2.4050042506804467e+40  2.6809592707356203e+40 
  61925.34295446216   71007013549166.11   76728152905393.84    81892286403505.1      8422.276427199   8697.852753201327   9011.082094479956  2.1547017146776266e+40  2.3925065066223023e+40  2.6670005585956056e+40 
 61927.581305763604   70821278822377.53   76528806920302.36   81678311264645.08      8422.276427199   8697.852753201327   9011.082094479956  2.1434378292060742e+40  2.3800898996129856e+40  2.6531326234079014e+40 
  61929.81965706504   70636272574527.94   76330237625222.19   81465174263790.47      8422.276427199   8697.852753201327   9011.082094479956  2.1322474939918978e+40  2.3677537977336396e+40  2.6393547571984313e+40 
  61932.05800836648   70451990993755.67    76132440984381.6    81252871024417.6      8422.276427199   8697.852753201327   9011.082094479956   2.121130132915173e+40    2.35549757479882e+40  2.6256662583539657e+40 
  61934.29635966792  70268430292337.805    75935412988591.0   81041397197438.05      8422.276427199   8697.852753201327   9011.082094479956  2.1100851751901174e+40   2.343320610314282e+40  2.6120664319136413e+40 
 61936.534710969354  70085586713125.664    75739149651931.9   80830748462756.05      8422.276427199   8697.852753201327   9011.082094479956  2.0991120553311227e+40   2.331222289363133e+40  2.5985545888103144e+40 
   61938.7730622708   69903456518370.31   75543647016672.84   80620920530303.53      8422.276427199   8697.852753201327   9011.082094479956  2.0882102129376003e+40  2.3192020026784016e+40     2.5851300465533e+40 
  61941.01141357223   69722035995366.05   75348901149502.33   80411909139328.89      8422.276427199   8697.852753201327   9011.082094479956   2.077379092489168e+40  2.3072591464504077e+40   2.571792128664613e+40 
 61943.249764873675   69541321454556.55   75154908143169.03   80203710050004.56      8422.276427199   8697.852753201327   9011.082094479956  2.0666181438109267e+40  2.2953931222774023e+40  2.5585401647586577e+40 
  61945.48811617511   69361309233512.17   74961664114707.94   79996319054998.11      8422.276427199   8697.852753201327   9011.082094479956  2.0559268216530611e+40  2.2836033373629924e+40  2.5453734905158653e+40 
  61947.72646747655  69181995693156.914   74769165209670.12   79789731974422.52      8422.276427199   8697.852753201327   9011.082094479956   2.045304585645148e+40   2.271889204097288e+40  2.5322914479060348e+40 
  61949.96481877799    69003377214055.0   74577407595456.94   79583944653822.06      8422.276427199   8697.852753201327   9011.082094479956  2.0347509001735655e+40  2.2602501400651575e+40   2.519293384305703e+40 
 61952.203170079425   68825450204763.63   74386387464416.48   79378952964968.08      8422.276427199   8697.852753201327   9011.082094479956   2.024265234596981e+40  2.2486855682372636e+40   2.506378653218759e+40 
  61954.44152138086  68648211096630.586   74196101033079.55   79174752809698.97      8422.276427199   8697.852753201327   9011.082094479956  2.0138470632101332e+40  2.2371949166236165e+40   2.493546613949859e+40 
   61956.6798726823   68471656340947.99   74006544542809.97   78971340114070.97      8422.276427199   8697.852753201327   9011.082094479956  2.0034958648882594e+40   2.225777618402037e+40  2.4807966315449004e+40 
  61958.91822398374   68295782413015.91    73817714258806.7   78768710828845.56      8422.276427199   8697.852753201327   9011.082094479956  1.9932111231322444e+40  2.2144331118246045e+40   2.468128076722391e+40 
  61961.15657528518   68120585812523.23   73629606470961.16   78566860934382.73      8422.276427199   8697.852753201327   9011.082094479956  1.9829923263338024e+40  2.2031608402238464e+40  2.4555403258945477e+40 
  61963.39492658662   67946063062775.39   73442217494731.61   78365786432753.66      8422.276427199   8697.852753201327   9011.082094479956   1.972838967277745e+40  2.1919602518850117e+40   2.443032761129073e+40 
  61965.63327788805   67772210706996.93   73255543666609.03   78165483353857.03      8422.276427199   8697.852753201327   9011.082094479956  1.9627505432759522e+40    2.18083079989394e+40  2.4306047697101545e+40 
 61967.871629189496   67599025308807.27   73069581347626.03   77965947752743.25      8422.276427199   8697.852753201327   9011.082094479956  1.9527265562315984e+40  2.1697719423852222e+40   2.418255744700372e+40 
  61970.10998049093   67426503457758.04   72884326919921.53   77767175708146.61      8422.276427199   8697.852753201327   9011.082094479956  1.9427665125897322e+40  2.1587831421143193e+40   2.405985084303823e+40 
  61972.34833179237   67254641766058.49   72699776790565.36   77569163326054.23      8422.276427199   8697.852753201327   9011.082094479956   1.932869923206809e+40  2.1478638667361643e+40  2.3937921921503927e+40 
  61974.58668309381  67083436862429.805   72515927387878.78   77371906739621.48      8422.276427199   8697.852753201327   9011.082094479956  1.9230363030861445e+40  2.1370135886438629e+40  2.3816764773378385e+40 
 61976.825034395246   66912885399551.69   72332775163723.84   77175402101263.69      8422.276427199   8697.852753201327   9011.082094479956  1.9132651717150876e+40    2.12623178476942e+40  2.3696373538716366e+40 
  61979.06338569669   66742984051060.47   72150316591333.16   76979645589220.97      8422.276427199   8697.852753201327   9011.082094479956  1.9035560529041754e+40  2.1155179368702578e+40   2.357674241128299e+40 
 61981.301736998124   66573729516359.89   71968548168218.47   76784633408785.22      8422.276427199   8697.852753201327   9011.082094479956  1.8939084746938897e+40  2.1048715311914552e+40   2.345786563680892e+40 
  61983.54008829956  66405118508083.055   71787466413676.28   76590361787851.64      8422.276427199   8697.852753201327   9011.082094479956  1.8843219690859186e+40   2.094292058461093e+40  2.3339737511567023e+40 
    61985.778439601  66237147763670.836   71607067869024.31   76396826976474.73      8422.276427199   8697.852753201327   9011.082094479956   1.874796072364693e+40   2.083779013895363e+40   2.322235238001389e+40 
  61988.01679090244   66069814044519.11   71427349095356.56   76204025250810.33      8422.276427199   8697.852753201327   9011.082094479956   1.865330324976112e+40  2.0733318971921882e+40   2.310570463862055e+40 
  61990.25514220388    65903114126964.9   71248306676907.44   76011952911003.45      8422.276427199   8697.852753201327   9011.082094479956   1.855924271508332e+40  2.0629502124260824e+40    2.29897887321065e+40 
  61992.49349350532  65737044809359.914   71069937219045.31   75820606278044.28      8422.276427199   8697.852753201327   9011.082094479956  1.8465774603458055e+40   2.052633467926292e+40   2.287459915471818e+40 
  61994.73184480675  65571602910601.734   70892237348733.22   75629981698728.17      8422.276427199   8697.852753201327   9011.082094479956  1.8372894439912106e+40  2.0423811765175385e+40   2.276013044851537e+40 
 61996.970196108196   65406785272081.03    70715203715433.2   75440075540289.88      8422.276427199   8697.852753201327   9011.082094479956  1.8280597790040487e+40   2.032192855209858e+40   2.264637720494442e+40 
  61999.20854740963   65242588753500.62   70538832988680.48   75250884194272.14      8422.276427199   8697.852753201327   9011.082094479956  1.8188880255735135e+40  2.0220680251742847e+40   2.253333406099198e+40 
 62001.446898711074  65079010232351.234   70363121859141.75   75062404074406.66      8422.276427199   8697.852753201327   9011.082094479956  1.8097737478963144e+40  2.0120062118541793e+40  2.2420995700597955e+40 
  62003.68525001251   64916046606433.69   70188067038244.98   74874631616144.23      8422.276427199   8697.852753201327   9011.082094479956  1.8007165140198761e+40  2.0020069447634548e+40  2.2309356856029943e+40 
 62005.923601313945   64753694796993.77   70013665255664.95   74687563277851.86      8422.276427199   8697.852753201327   9011.082094479956  1.7917158958355014e+40   1.992069757525741e+40  2.2198412302290073e+40 
  62008.16195261539   64591951740319.14  69839913263572.336   74501195541017.44      8422.276427199   8697.852753201327   9011.082094479956  1.7827714689527402e+40  1.9821941878685372e+40  2.2088156862237876e+40 
 62010.400303916824   64430814392592.36   69666807833004.01   74315524911336.34      8422.276427199   8697.852753201327   9011.082094479956  1.7738828125166192e+40  1.9723797774977035e+40  2.1978585403467036e+40 
  62012.63865521826   64270279728391.54  69494345756099.234   74130547910133.31      8422.276427199   8697.852753201327   9011.082094479956  1.7650495095677977e+40  1.9626260720581718e+40    2.18696928368575e+40 
   62014.8770065197  64110344743037.016  69322523843545.266   73946261084022.47      8422.276427199   8697.852753201327   9011.082094479956     1.7562711467306e+40   1.952932621293571e+40  2.1761474118251297e+40 
  62017.11535782114   63951006451592.61   69151338928207.67   73762661001974.27      8422.276427199   8697.852753201327   9011.082094479956  1.7475473142020645e+40   1.943298978730204e+40  2.1653924248271942e+40 
  62019.35370912258   63792261883319.99   68980787861201.02    73579744253282.7      8422.276427199   8697.852753201327   9011.082094479956   1.738877605635539e+40  1.9337247017060235e+40  2.1547038269413526e+40 
  62021.59206042402   63634108089234.94   68810867513473.21   73397507447004.45      8422.276427199   8697.852753201327   9011.082094479956  1.7302616182937714e+40  1.9242093514337555e+40  2.1440811266487353e+40 
  62023.83041172545   63476542140216.17   68641574774000.14   73215947215775.42      8422.276427199   8697.852753201327   9011.082094479956  1.7216989530052878e+40   1.914752492893975e+40  2.1335238367937512e+40 
 62026.068763026895   63319561121348.22   68472906551961.68   73035060212737.98      8422.276427199   8697.852753201327   9011.082094479956  1.7131892140646463e+40  1.9053536948221967e+40  2.1230314743591868e+40 
  62028.30711432833   63163162137019.71   68304859775241.26   72854843109404.16      8422.276427199   8697.852753201327   9011.082094479956   1.704732009042839e+40  1.8960125295888243e+40   2.112603560537077e+40 
 62030.545465629766    63007342309996.3  68137431390971.234   72675292601153.28      8422.276427199   8697.852753201327   9011.082094479956  1.6963269490367521e+40  1.8867285733773814e+40   2.102239620598416e+40 
  62032.78381693121   62852098783064.75   67970618366291.83   72496405400492.92      8422.276427199   8697.852753201327   9011.082094479956  1.6879736485291438e+40   1.877501405964182e+40  2.0919391840328015e+40 
 62035.022168232645   62697428714736.76    67804417685789.9   72318178241871.11      8422.276427199   8697.852753201327   9011.082094479956    1.67967172515649e+40   1.868330610631104e+40  2.0817017841823356e+40 
  62037.26051953409    62543329279277.1  67638826353122.664   72140607879577.97      8422.276427199   8697.852753201327   9011.082094479956  1.6714207999520422e+40  1.8592157743522144e+40  2.0715269584246973e+40 
  62039.49887083552   62389797669534.04   67473841390301.59   71963691086944.19      8422.276427199   8697.852753201327   9011.082094479956  1.6632204972295449e+40  1.8501564875382302e+40  2.0614142482501015e+40 
  62041.73722213696    62236831098876.1   67309459835454.25   71787424657758.47      8422.276427199   8697.852753201327   9011.082094479956  1.6550704445771396e+40  1.8411523441286003e+40  2.0513631987922674e+40 
   62043.9755734384   62084426793855.51   67145678746830.09   71612364019724.38      8422.276427199   8697.852753201327   9011.082094479956    1.64697027275102e+40  1.8322029415586122e+40   2.041373359263559e+40 
  62046.21392473984  61932581998804.625   66982495199253.15   71438903478204.31      8422.276427199   8697.852753201327   9011.082094479956  1.6389196155331906e+40  1.8233078806569974e+40  2.0314442827320507e+40 
  62048.45227604128   61781293974436.95  66819906286511.336   71266073093746.08      8422.276427199   8697.852753201327   9011.082094479956  1.6309181100102858e+40   1.814466765615914e+40  2.0215755259101938e+40 
 62050.690627342716   61630559999635.59   66657909118620.91   71093869814292.34      8422.276427199   8697.852753201327   9011.082094479956  1.6229653963461941e+40  1.8056792041345541e+40  2.0117666493895504e+40 
  62052.92897864415  61480377371282.445   66496500825160.75   70922290605523.81      8422.276427199   8697.852753201327   9011.082094479956  1.6150611177432816e+40  1.7969448071324065e+40  2.0020172175384569e+40 
 62055.167329945594   61330743398424.71   66335678552322.81   70751332453732.14      8422.276427199   8697.852753201327   9011.082094479956  1.6072049203591563e+40  1.7882631887947443e+40   1.992326798375051e+40 
  62057.40568124703   61181655409250.32   66175439464063.76   70580992359081.52      8422.276427199   8697.852753201327   9011.082094479956  1.5993964534247932e+40  1.7796339666070896e+40  1.9826949634750422e+40 
 62059.644032548465   61033110750390.46   66015780739741.98    70411267343216.0      8422.276427199   8697.852753201327   9011.082094479956   1.591635369207963e+40  1.7710567612944122e+40  1.9731212881621436e+40 
  62061.88238384991   60885106780393.88   65856699576952.56  70242154443563.266      8422.276427199   8697.852753201327   9011.082094479956   1.583921322955957e+40  1.7625311967832608e+40  1.9636053512910616e+40 
 62064.120735151344  60737640875197.766   65698193190077.76   70073650716673.02      8422.276427199   8697.852753201327   9011.082094479956  1.5762539727224616e+40  1.7540569000952945e+40  1.9541467353169663e+40 
  62066.35908645279   60590710426937.04   65540258810373.61   69905753235238.79      8422.276427199   8697.852753201327   9011.082094479956  1.5686329795177208e+40  1.7456335015233848e+40  1.9447450261933322e+40 
  62068.59743775422   60444312845119.31   65382893686438.79   69738459090767.38      8422.276427199   8697.852753201327   9011.082094479956  1.5610580073341737e+40   1.737260634419693e+40  1.9353998134273265e+40 
  62070.83578905566   60298445554258.23   65226095083748.14    69571765394050.3      8422.276427199   8697.852753201327   9011.082094479956  1.5535287227890748e+40   1.728937935186427e+40  1.9261106899487466e+40 
   62073.0741403571  60153105992668.836   65069764121487.89  69405669271357.734      8422.276427199   8697.852753201327   9011.082094479956  1.5460447954231038e+40   1.720665043296831e+40  1.9168772520069334e+40 
  62075.31249165854   60008291614416.69   64913598522314.78   69240167864705.72      8422.276427199   8697.852753201327   9011.082094479956  1.5386058975716896e+40   1.712441601270996e+40  1.9076990994124255e+40 
  62077.55084295997    59863999891049.7    64757994833232.5   69075258334766.92      8422.276427199   8697.852753201327   9011.082094479956   1.531211704373079e+40  1.7042672545589048e+40   1.898575835154496e+40 
 62079.789194261415   59720228309207.02    64602950358396.3   68910937859160.66      8422.276427199   8697.852753201327   9011.082094479956  1.5238618937141803e+40  1.6961416516322168e+40  1.8895070656181164e+40 
  62082.02754556285    59576974367888.6   64448462420501.45   68747203632412.14      8422.276427199   8697.852753201327   9011.082094479956  1.5165561460481384e+40  1.6880644439084842e+40  1.8804924005565888e+40 
  62084.26589686429   59434235582412.78   64294528356153.95   68584052865805.33      8422.276427199   8697.852753201327   9011.082094479956  1.5092941445925884e+40  1.6800352856376036e+40   1.871531452833953e+40 
  62086.50424816573   59292009482957.28   64141145517177.83   68421482787011.04      8422.276427199   8697.852753201327   9011.082094479956   1.502075575275862e+40  1.6720538340540474e+40  1.8626238386356104e+40 
 62088.742599467165   59150293617048.35   63988311272567.07   68259490640613.66      8422.276427199   8697.852753201327   9011.082094479956  1.4949001266495166e+40   1.664119749217146e+40  1.8537691773066407e+40 
  62090.98095076861   59009085543015.86   63836023008484.82  68098073688021.664      8422.276427199   8697.852753201327   9011.082094479956  1.4877674897323164e+40  1.6562326939732575e+40  1.8449670914659225e+40 
  62093.21930207004  58868382835094.914   63684278123237.22   67937229205866.31      8422.276427199   8697.852753201327   9011.082094479956  1.4806773581845872e+40  1.6483923339387208e+40  1.8362172067012855e+40 
 62095.457653371486   58728183083606.45   63533074032569.39   67776954487077.21      8422.276427199   8697.852753201327   9011.082094479956  1.4736294282486654e+40  1.6405983376103766e+40  1.8275191517720968e+40 
  62097.69600467292   58588483892465.19  63382408168398.836   67617246839741.47      8422.276427199   8697.852753201327   9011.082094479956   1.466623398763455e+40  1.6328503761024466e+40  1.8188725585375366e+40 
  62099.93435597436  58449282878206.945   63232277976705.95  67458103589774.164      8422.276427199   8697.852753201327   9011.082094479956  1.4596589709987608e+40  1.6251481233051924e+40  1.8102770618907602e+40 
   62102.1727072758   58310577672466.33   63082680918290.11   67299522076156.77      8422.276427199   8697.852753201327   9011.082094479956   1.452735848668881e+40  1.6174912557958147e+40  1.8017322997697535e+40 
 62104.411058577236   58172365921396.27   62933614470541.59  67141499655008.125      8422.276427199   8697.852753201327   9011.082094479956  1.4458537380629756e+40  1.6098794528553478e+40  1.7932379130786279e+40 
  62106.64940987867   58034645286848.34   62785076125642.37  66984033698523.234      8422.276427199   8697.852753201327   9011.082094479956  1.4390123478358818e+40  1.6023123964231813e+40  1.7847935457981984e+40 
 62108.887761180114   57897413442365.69   62637063388382.94   66827121595476.98      8422.276427199   8697.852753201327   9011.082094479956  1.4322113890143168e+40  1.5947897709441412e+40   1.776398844671586e+40 
  62111.12611248155   57760668074160.49  62489573779672.266   66670760747375.89      8422.276427199   8697.852753201327   9011.082094479956   1.425450575066096e+40  1.5873112635953868e+40  1.7680534594137367e+40 
  62113.36446378299    57624406883553.4   62342604836674.43  66514948571597.086      8422.276427199   8697.852753201327   9011.082094479956  1.4187296218390762e+40    1.57987656401707e+40  1.7597570427252258e+40 
  62115.60281508443   57488627587632.47   62196154107327.17  66359682501066.664      8422.276427199   8697.852753201327   9011.082094479956  1.4120482475597697e+40  1.5724853644388388e+40  1.7515092499479934e+40 
 62117.841166385864  57353327913822.875  62050219156250.125  66204959983756.266      8422.276427199   8697.852753201327   9011.082094479956   1.405406172752246e+40   1.565137359636617e+40  1.7433097394046662e+40 
  62120.07951768731   57218505603582.62    61904797563622.5   66050778483051.74      8422.276427199   8697.852753201327   9011.082094479956  1.3988031201581613e+40  1.5578322468514908e+40  1.7351581722126134e+40 
  62122.31786898874   57084158411392.98  61759886921397.125    65897135476344.4      8422.276427199   8697.852753201327   9011.082094479956  1.3922388148928225e+40  1.5505697257777415e+40   1.727054212174061e+40 
  62124.55622029018   56950284105633.21   61615161450418.87   65744028456428.42      8422.276427199   8697.852753201327   9011.082094479956   1.385712984344329e+40  1.5433494986646812e+40  1.7189975259132084e+40 
  62126.79457159162  56816880469709.945   61470942810332.11   65591454930402.31      8422.276427199   8697.852753201327   9011.082094479956  1.3792253581001937e+40   1.536171270115151e+40  1.7109877827537583e+40 
  62129.03292289306    56683945295849.0  61327230181818.914   65439412421102.11      8422.276427199   8697.852753201327   9011.082094479956  1.3727756679005183e+40  1.5290347471192769e+40   1.703024654757914e+40 
   62131.2712741945   56551476391482.01   61184021199447.31   65287898463471.72      8422.276427199   8697.852753201327   9011.082094479956   1.366363647718752e+40  1.5219379682672371e+40  1.6951078165671785e+40 
 62133.509625495935   56419471578309.31   61041313510375.15  65136358795163.336      8422.276427199   8697.852753201327   9011.082094479956  1.3599890337291632e+40   1.514868033990262e+40  1.6872369455120078e+40 
  62135.74797679737  56287928688723.695  60899104776636.125   64985101664270.35      8422.276427199   8697.852753201327   9011.082094479956   1.353651564306154e+40   1.507839122033764e+40  1.6794117215536653e+40 
 62137.986328098814  56156845567575.484   60757392673175.29  64834371179661.734      8422.276427199   8697.852753201327   9011.082094479956   1.347350979884988e+40  1.5008509469793263e+40  1.6716318272474596e+40 
  62140.22467940025  56026220072730.914   60616174887900.85   64684164895407.42      8422.276427199   8697.852753201327   9011.082094479956  1.3410870230045254e+40  1.4939032256761654e+40  1.6638969477401938e+40 
  62142.46303070169   55896050075043.86   60475449123932.31   64534480381555.14      8422.276427199   8697.852753201327   9011.082094479956  1.3348594383944187e+40  1.4869956772967121e+40  1.6562067707079368e+40 
  62144.70138200313   55766333459002.89   60335213096185.35   64385315223018.51      8422.276427199   8697.852753201327   9011.082094479956  1.3286679727720667e+40  1.4801280233171097e+40  1.6485609864518333e+40 
  62146.93973330456  55637068119513.055   60195464532889.45   64236667018906.28      8422.276427199   8697.852753201327   9011.082094479956  1.3225123749047206e+40   1.473299987337561e+40   1.640959287619225e+40 
  62149.17808460601    55508251962845.9   60056201177155.97   64088533379845.14      8422.276427199   8697.852753201327   9011.082094479956  1.3163923956305492e+40  1.4665112952769834e+40  1.6334013693985783e+40 
  62151.41643590744   55379882908671.66   59917420783331.61    63940911931398.7      8422.276427199   8697.852753201327   9011.082094479956  1.3103077878150422e+40  1.4597616752690543e+40  1.6258869295314433e+40 
 62153.654787208885  55251958890527.914    59779121118874.2   63793800313197.78      8422.276427199   8697.852753201327   9011.082094479956  1.3042583063512285e+40   1.453050857674913e+40  1.6184156680015357e+40 
  62155.89313851032   55124477851260.61   59641299965295.75   63647196178344.18      8422.276427199   8697.852753201327   9011.082094479956  1.2982437080911939e+40  1.4463785750134574e+40  1.6109872873404826e+40 
 62158.131489811756   54997437746049.06  59503955115817.234  63501097194128.234      8422.276427199   8697.852753201327   9011.082094479956   1.292263751783827e+40    1.43974456188737e+40  1.6036014924637032e+40 
   62160.3698411132   54870836541705.44  59367084377210.984   63355501040142.56      8422.276427199   8697.852753201327   9011.082094479956   1.286318198187008e+40  1.4331485550492148e+40  1.5962579905955172e+40 
 62162.608192414635   54744672217212.57  59230685567492.875   63210405409445.59      8422.276427199   8697.852753201327   9011.082094479956  1.2804068100159473e+40  1.4265902934028668e+40   1.588956491343097e+40 
  62164.84654371607   54618942765205.25   59094756518022.28   63065808009257.94      8422.276427199   8697.852753201327   9011.082094479956  1.2745293518579952e+40  1.4200695179608536e+40  1.5816967066273668e+40 
  62167.08489501751   54493646185957.47   58959295072935.75  62921706560172.664      8422.276427199   8697.852753201327   9011.082094479956  1.2686855901337888e+40  1.4135859717545426e+40  1.5744783507248092e+40 
  62169.32324631895   54368780493215.74  58824299088883.016   62778098794361.24      8422.276427199   8697.852753201327   9011.082094479956    1.26287529316976e+40   1.407139399878611e+40   1.567301140108173e+40 
  62171.56159762039  54244343713048.555   58689766434478.92   62634982456947.62      8422.276427199   8697.852753201327   9011.082094479956   1.257098231167596e+40  1.4007295494601764e+40  1.5601647935290305e+40 
  62173.79994892183   54120333882112.06  58555694990575.484   62492355306304.02      8422.276427199   8697.852753201327   9011.082094479956  1.2513541762133698e+40  1.3943561696680578e+40  1.5530690320083496e+40 
  62176.03830022326  53996749047090.305   58422082650308.39   62350215114553.49      8422.276427199   8697.852753201327   9011.082094479956  1.2456429021597455e+40  1.3880190116846528e+40  1.5460135787735553e+40 
 62178.276651524706   53873587266573.44  58288927318021.016   62208559664902.49      8422.276427199   8697.852753201327   9011.082094479956   1.239964184652068e+40  1.3817178286270837e+40  1.5389981592681505e+40 
  62180.51500282614  53750846610472.875   58156226910968.25   62067386753599.09      8422.276427199   8697.852753201327   9011.082094479956  1.2343178011805164e+40  1.3754523756141117e+40  1.5320225011079674e+40 
  62182.75335412758   53628525160982.94  58023979358367.125   61926694189947.61      8422.276427199   8697.852753201327   9011.082094479956  1.2287035309944372e+40  1.3692224097082253e+40  1.5250863341135177e+40 
  62184.99170542902   53506621010035.13   57892182599780.55   61786479797107.38      8422.276427199   8697.852753201327   9011.082094479956  1.2231211550435768e+40  1.3630276898178977e+40   1.518189390205286e+40 
 62187.230056730456   53385132259151.85   57760834588254.74   61646741407871.42      8422.276427199   8697.852753201327   9011.082094479956  1.2175649021297737e+40  1.3568679768049378e+40  1.5113314033848403e+40 
   62189.4684080319   53264057021651.06   57629933288197.44   61507476867877.03      8422.276427199   8697.852753201327   9011.082094479956  1.2120387789573492e+40  1.3507430334370546e+40  1.5045121098511796e+40 
 62191.706759333334   53143393422503.43  57499476673806.375  61368684035578.695      8422.276427199   8697.852753201327   9011.082094479956  1.2065439783036223e+40  1.3446526243665187e+40  1.4977312478012366e+40 
  62193.94511063477   53023139597467.23   57369462732972.81   61230360781666.63      8422.276427199   8697.852753201327   9011.082094479956  1.2010802873318836e+40  1.3385965161469366e+40   1.490988557501546e+40 
  62196.18346193621   52903293690700.62   57239889463295.18  61092504988622.125      8422.276427199   8697.852753201327   9011.082094479956   1.195647494824115e+40  1.3325744770900117e+40  1.4842837813306845e+40 
  62198.42181323765    52783853857948.8   57110754875194.99   60955114551545.92      8422.276427199   8697.852753201327   9011.082094479956   1.190245391248894e+40  1.3265862773321842e+40  1.4776166636470115e+40 
  62200.66016453909   52664818265264.87   56982056988835.71   60818187375798.94      8422.276427199   8697.852753201327   9011.082094479956  1.1848737687986976e+40  1.3206316888491624e+40  1.4709869508004113e+40 
  62202.89851584053  52546185090257.445   56853793835713.23   60681721379907.18      8422.276427199   8697.852753201327   9011.082094479956  1.1795324212193947e+40   1.314710485426754e+40  1.4643943911729007e+40 
  62205.13686714196   52427952519697.35  56725963459110.375   60545714493842.53      8422.276427199   8697.852753201327   9011.082094479956   1.174221143933277e+40  1.3088224426350188e+40  1.4578387351228136e+40 
 62207.375218443405   52310118749959.06  56598563913013.625   60410164660238.98      8422.276427199   8697.852753201327   9011.082094479956  1.1689397339920907e+40   1.302967337730236e+40  1.4513197349330937e+40 
  62209.61356974484   52192681988448.89   56471593263292.14   60275069830243.05      8422.276427199   8697.852753201327   9011.082094479956  1.1636879900002593e+40  1.2971449497618186e+40   1.444837144821904e+40 
  62211.85192104628   52075640454008.71  56345049585055.125  60140427968801.875      8422.276427199   8697.852753201327   9011.082094479956  1.1584657121682044e+40  1.2913550594939656e+40   1.438390720938635e+40 
  62214.09027234772   51958992372792.35   56218930965758.38   60006237051050.13      8422.276427199   8697.852753201327   9011.082094479956  1.1532727022605345e+40  1.2855974494394356e+40  1.4319802213363206e+40 
 62216.328623649155  51842735981862.625  56093235502392.336   59872495064988.48      8422.276427199   8697.852753201327   9011.082094479956  1.1481087636872624e+40   1.279871903790819e+40   1.425605405959879e+40 
   62218.5669749506   51726869528284.69   55967961302520.55   59739200007691.83      8422.276427199   8697.852753201327   9011.082094479956   1.142973701228895e+40  1.2741782084042257e+40  1.4192660366321035e+40 
  62220.80532625203   51611391269346.91    55843106485717.0   59606349888616.14      8422.276427199   8697.852753201327   9011.082094479956  1.1378673212868704e+40    1.26851615082596e+40  1.4129618770193153e+40 
  62223.04367755347  51496299472814.586   55718669180519.86   59473942728912.74      8422.276427199   8697.852753201327   9011.082094479956  1.1327894317860004e+40  1.2628855202598372e+40  1.4066926926899297e+40 
  62225.28202885491    51381592414616.9   55594647526162.82   59341976560633.45      8422.276427199   8697.852753201327   9011.082094479956  1.1277398421379113e+40  1.2572861074720678e+40  1.4004582509259598e+40 
  62227.52038015635   51267268379902.44   55471039673444.56   59210449425383.32      8422.276427199   8697.852753201327   9011.082094479956  1.1227183632222012e+40  1.2517177049097953e+40   1.394258320850026e+40 
  62229.75873145778   51153325664241.18   55347843782341.03   59079359376198.59      8422.276427199   8697.852753201327   9011.082094479956  1.1177248074100973e+40  1.2461801066300818e+40  1.3880926734477347e+40 
 62231.997082759226  51039762573851.555   55225058022543.81  58948704477268.664      8422.276427199   8697.852753201327   9011.082094479956  1.1127589885697856e+40   1.240673108301095e+40  1.3819610813505734e+40 
  62234.23543406066   50926577422924.02    55102680575717.4   58818482803463.57      8422.276427199   8697.852753201327   9011.082094479956   1.107820721980038e+40  1.2351965071903433e+40  1.3758633190083361e+40 
 62236.473785362105   50813768534809.82   54980709631678.61    58688692440577.4      8422.276427199   8697.852753201327   9011.082094479956  1.1029098243290682e+40  1.2297501020641574e+40   1.369799162650714e+40 
  62238.71213666354  50701334242214.266   54859143391695.39   58559331484766.79      8422.276427199   8697.852753201327   9011.082094479956  1.0980261137403532e+40  1.2243336932566816e+40  1.3637683901807115e+40 
 62240.950487964976   50589456985212.75   54737980065849.66   58430398042004.37      8422.276427199   8697.852753201327   9011.082094479956  1.0931694097906957e+40   1.218947082664413e+40   1.357770781211678e+40 
  62243.18883926642   50477967090735.93   54617140606886.44   58301890229692.53      8422.276427199   8697.852753201327   9011.082094479956  1.0883395333826684e+40  1.2135900737227856e+40   1.351806117082955e+40 
 62245.427190567854   50366845545625.88   54496695810074.74  58173806175443.805      8422.276427199   8697.852753201327   9011.082094479956    1.08353821389615e+40  1.2082624713716944e+40  1.3458741808213137e+40 
   62247.6655418693   50256090727579.45   54376598047870.72    58046144017759.1      8422.276427199   8697.852753201327   9011.082094479956  1.0787653673494065e+40   1.202964082010101e+40  1.3399747570767866e+40 
  62249.90389317073   50145701023652.55   54256647013198.45  57918901903039.805      8422.276427199   8697.852753201327   9011.082094479956  1.0740187784139794e+40   1.197694713552775e+40  1.3341076321680885e+40 
  62252.14224447217   50035674830724.58   54137092580354.05   57792077989913.03      8422.276427199   8697.852753201327   9011.082094479956  1.0692982739002127e+40  1.1924541753795093e+40  1.3282725940506523e+40 
  62254.38059577361  49926010552732.375   54017933002419.36  57665670445948.414      8422.276427199   8697.852753201327   9011.082094479956  1.0646036818993336e+40   1.187242278360595e+40  1.3224694323034924e+40 
  62256.61894707505   49816706602763.62   53899166541313.03  57539677450054.484      8422.276427199   8697.852753201327   9011.082094479956  1.0599348319159595e+40  1.1820588347925632e+40  1.3166979381191306e+40 
  62258.85729837649   49707761402775.78  53780791468438.375   57414097189356.44      8422.276427199   8697.852753201327   9011.082094479956  1.0552915546535971e+40  1.1769036583952755e+40  1.3109579042897335e+40 
 62261.095649677925  49599173383649.625   53662806066034.71    57288927861882.3      8422.276427199   8697.852753201327   9011.082094479956  1.0506736821515972e+40   1.171776564331984e+40   1.305249125182534e+40 
  62263.33400097936   49490940985552.83   53545208624488.56   57164167675981.18      8422.276427199   8697.852753201327   9011.082094479956  1.0460810477578924e+40  1.1666773691726193e+40  1.2995713967801388e+40 
 62265.572352280804   49383062656673.32  53427997444268.766   57039814849746.98      8422.276427199   8697.852753201327   9011.082094479956  1.0415134860760469e+40  1.1616058908261873e+40  1.2939245165409043e+40 
  62267.81070358224   49275536851963.58   53311170834540.11   56915867609835.12      8422.276427199   8697.852753201327   9011.082094479956  1.0369708329645169e+40  1.1565619486324895e+40  1.2883082834810578e+40 
 62270.049054883675    49168362036157.8  53194727114307.125   56792324192882.46      8422.276427199   8697.852753201327   9011.082094479956  1.0324529255484614e+40  1.1515453633054199e+40  1.2827224982026404e+40 
  62272.28740618512   49061536682867.61   53078664611014.77   56669182845487.46      8422.276427199   8697.852753201327   9011.082094479956   1.027959602219211e+40   1.146555956927277e+40  1.2771669627377997e+40 
  62274.52575748655   48955059273486.25   52962981661730.81    56546441823783.8      8422.276427199   8697.852753201327   9011.082094479956  1.0234907025814233e+40   1.141593552961419e+40   1.271641480642225e+40 
    62276.764108788   48848928297805.19  52847676612704.234   56424099393391.81      8422.276427199   8697.852753201327   9011.082094479956  1.0190460674464799e+40  1.1366579761429436e+40   1.266145857002832e+40 
  62279.00246008943   48743142253011.84   52732747819738.86  56302153829641.805      8422.276427199   8697.852753201327   9011.082094479956    1.01462553883112e+40  1.1317490525424027e+40   1.260679898335785e+40 
  62281.24081139087   48637699644987.07  52618193646266.375   56180603416030.51      8422.276427199   8697.852753201327   9011.082094479956  1.0102289599650854e+40   1.126866609563304e+40  1.2552448014486093e+40 
  62283.47916269231   48532598988644.49   52504012465285.69   56059446446387.54      8422.276427199   8697.852753201327   9011.082094479956  1.0058561752608616e+40  1.1220104759228708e+40  1.2498540466559111e+40 
 62285.717513993746   48427838805807.68   52390202658695.32   55938681223453.81      8422.276427199   8697.852753201327   9011.082094479956  1.0015070303053079e+40  1.1171804816447162e+40   1.244492209402667e+40 
  62287.95586529518   48323417625963.88   52276762617574.56   55818306060317.08      8422.276427199   8697.852753201327   9011.082094479956   9.971813718788653e+39  1.1123764579691022e+40  1.2391591036703811e+40 
 62290.194216596625   48219332150047.34    52163690180756.2   55698316466821.67      8422.276427199   8697.852753201327   9011.082094479956   9.928789401295156e+39  1.1075982374518003e+40  1.2338544997351542e+40 
  62292.43256789806  48115585592441.836   52050984351090.03   55578717560967.62      8422.276427199   8697.852753201327   9011.082094479956   9.885998536564581e+39  1.1028456108420042e+40  1.2285783365881612e+40 
   62294.6709191995   48012173216850.88  51938644761201.734  55459503611213.086      8422.276427199   8697.852753201327   9011.082094479956   9.843437812902768e+39  1.0981185274133534e+40   1.223330332587964e+40 
  62296.90927050094   47909093705274.47   51826668101128.36   55340672352372.71      8422.276427199   8697.852753201327   9011.082094479956   9.801105720550535e+39  1.0934167339189525e+40  1.2181103232412719e+40 
 62299.147621802374   47806345840437.52   51715053128442.92   55222222603631.74      8422.276427199   8697.852753201327   9011.082094479956    9.75900092444656e+39  1.0887400799710011e+40  1.2129181341794526e+40 
  62301.38597310382   47703928278693.87   51603798391097.41  55104152889033.664      8422.276427199   8697.852753201327   9011.082094479956   9.717122010213044e+39  1.0840884083720165e+40  1.2077535889024365e+40 
  62303.62432440525   47601839633320.03   51492902376583.13  54986461638751.914      8422.276427199   8697.852753201327   9011.082094479956   9.675467543113242e+39  1.0794609448333624e+40  1.2026165113090624e+40 
 62305.862675706696   47500078508056.03   51382363554870.07    54869147254481.6      8422.276427199   8697.852753201327   9011.082094479956   9.634036087215149e+39  1.0748446986828168e+40  1.1975067263260598e+40 
  62308.10102700813   47398643505372.53  51272180397192.234   54752208134283.29      8422.276427199   8697.852753201327   9011.082094479956   9.592826213147945e+39   1.070253106993089e+40  1.1924240600897905e+40 
  62310.33937830957   47297533233417.19    51162351379850.1   54635642680035.24      8422.276427199   8697.852753201327   9011.082094479956   9.551836500687671e+39  1.0656860119568312e+40  1.1873683400223528e+40 
  62312.57772961101  47196746307462.625   51052874986566.05  54519449301250.055      8422.276427199   8697.852753201327   9011.082094479956   9.511065539918216e+39  1.0611432568954472e+40   1.182339394820291e+40 
 62314.816080912446   47096281350221.58   50943749708791.39  54403626415438.016      8422.276427199   8697.852753201327   9011.082094479956   9.470511931511829e+39    1.05662468629327e+40   1.177337054452764e+40 
  62317.05443221388   46996136990740.27  50834974046155.516   54288172448167.23      8422.276427199   8697.852753201327   9011.082094479956   9.430174285881972e+39  1.0521301457864256e+40  1.1723611501708798e+40 
 62319.292783515324  46896311865580.016   50726546506676.36  54173085834062.086      8422.276427199   8697.852753201327   9011.082094479956   9.390051224149025e+39  1.0476594821419395e+40   1.167411514417327e+40 
  62321.53113481676   46796804618226.28   50618465605833.28   54058365014914.82      8422.276427199   8697.852753201327   9011.082094479956   9.350141377394959e+39  1.0432125432750018e+40  1.1624879809124083e+40 
   62323.7694861182   46697613899765.15   50510729866909.03   53944008441046.45      8422.276427199   8697.852753201327   9011.082094479956   9.310443387208292e+39  1.0387891782370386e+40  1.1575903845788386e+40 
  62326.00783741964  46598738369473.195   50403337821116.79  53830014571491.266      8422.276427199   8697.852753201327   9011.082094479956   9.270793871816228e+39  1.0343892372493143e+40  1.1527185615824738e+40 
 62328.246188721074    46500176691497.6   50296288007947.38   53716381873372.64      8422.276427199   8697.852753201327   9011.082094479956   9.231334109391981e+39  1.0300125715369665e+40  1.1478723492639052e+40 
  62330.48454002252    46401927538199.6   50189578974255.47   53603108822101.11      8422.276427199   8697.852753201327   9011.082094479956   9.192084101890464e+39   1.025659033470898e+40  1.1430515861790277e+40 
  62332.72289132395  46303989589034.055  50083209274588.305    53490193899655.6      8422.276427199   8697.852753201327   9011.082094479956   9.153042512363161e+39  1.0213284765236953e+40   1.138256112092829e+40 
  62334.96124262539   46206361531204.35  49977177471393.055  53377635597447.625      8422.276427199   8697.852753201327   9011.082094479956   9.114208013961182e+39  1.0170207552429152e+40  1.1334857679032402e+40 
  62337.19959392683   46109042057290.42    49871482134746.0    53265432414020.6      8422.276427199   8697.852753201327   9011.082094479956   9.075579289609319e+39  1.0127357252518618e+40  1.1287403956943908e+40 
  62339.43794522827   46012029867260.14   49766121841721.17   53153582856798.02      8422.276427199   8697.852753201327   9011.082094479956   9.037155032126601e+39  1.0084732432781756e+40  1.1240198387207762e+40 
  62341.67629652971   45915323668037.08   49661095176878.92   53042085439714.76      8422.276427199   8697.852753201327   9011.082094479956   8.998933943962239e+39  1.0042331670405433e+40   1.119323941386268e+40 
 62343.914647831145   45818922173458.13   49556400733064.84   52930938685243.04      8422.276427199   8697.852753201327   9011.082094479956   8.960914737119686e+39   1.000015355342112e+40  1.1146525492332285e+40 
  62346.15299913258   45722824104759.14  49452037110110.766   52820141123774.11      8422.276427199   8697.852753201327   9011.082094479956    8.92309613314944e+39   9.958196679901182e+39  1.1100055088905324e+40 
  62348.39135043402   45627028189673.62   49348002915007.69  52709691293851.625      8422.276427199   8697.852753201327   9011.082094479956   8.885476863107991e+39   9.916459658381529e+39  1.1053826681305884e+40 
  62350.62970173546   45531533160993.56   49244296762338.24  52599587740626.695      8422.276427199   8697.852753201327   9011.082094479956   8.848055667468273e+39   9.874941107582854e+39    1.10078387582701e+40 
   62352.8680530369    45436337759281.3   49140917273962.86   52489829016879.68      8422.276427199   8697.852753201327   9011.082094479956   8.810831295607415e+39   9.833639656416973e+39  1.0962089819638523e+40 
  62355.10640433834   45341440731848.24   49037863078628.89  52380413683375.375      8422.276427199   8697.852753201327   9011.082094479956   8.773802506487882e+39   9.792553943787853e+39  1.0916578376168244e+40 
  62357.34475563977  45246840832928.414   48935132812483.84   52271340308423.77      8422.276427199   8697.852753201327   9011.082094479956   8.736968068205671e+39   9.751682618623387e+39  1.0871302949484739e+40 
 62359.583106941216    45152137446860.1  48832725118907.766  52162607467610.484      8422.276427199   8697.852753201327   9011.082094479956   8.700326757561328e+39   9.711024339673811e+39  1.0826262072114642e+40 
  62361.82145824265  45057635706484.016   48730638648748.97  52054213744702.445      8422.276427199   8697.852753201327   9011.082094479956   8.663877360618299e+39   9.670577775349201e+39    1.07814542867902e+40 
 62364.059809544095  44963430410802.086   48628872059410.84   51946157729636.57      8422.276427199   8697.852753201327   9011.082094479956    8.62761867217083e+39   9.630341603838643e+39  1.0736878147085155e+40 
  62366.29816084553   44869520320916.44  48527424015295.586  51838438020089.164      8422.276427199   8697.852753201327   9011.082094479956   8.591549495849293e+39   9.590314512986393e+39  1.0692532216902188e+40 
 62368.536512146966  44775904204652.336   48426293187820.33   51731053221402.87      8422.276427199   8697.852753201327   9011.082094479956   8.555668644027782e+39   9.550495200629749e+39  1.0648415070668879e+40 
  62370.77486344841   44682580835828.29    48325478255679.3   51624001946103.38      8422.276427199   8697.852753201327   9011.082094479956   8.519974937819998e+39   9.510882373212479e+39  1.0604525292896063e+40 
 62373.013214749844   44589548994900.82   48224977904263.55   51517282814100.82      8422.276427199   8697.852753201327   9011.082094479956   8.484467207140887e+39   9.471474746847018e+39   1.056086147841031e+40 
  62375.25156605128   44496807468585.65   48124790825517.55   51410894451162.23      8422.276427199   8697.852753201327   9011.082094479956   8.449144290140692e+39   9.432271047088274e+39   1.051742223233131e+40 
  62377.48991735272   44404355050172.01  48024915718699.305   51304835491264.46      8422.276427199   8697.852753201327   9011.082094479956   8.414005033495708e+39   9.393270008646819e+39  1.0474206169565464e+40 
  62379.72826865416   44312190539095.67   47925351289566.55   51199104574909.52      8422.276427199   8697.852753201327   9011.082094479956   8.379048292236053e+39   9.354470375408425e+39  1.0431211915040978e+40 
   62381.9666199556   44220312740705.28   47826096250290.91   51093700350380.81      8422.276427199   8697.852753201327   9011.082094479956    8.34427292983083e+39   9.315870900584323e+39  1.0388438103638598e+40 
  62384.20497125704   44128720467252.83  47727149319569.875   50988621471806.92      8422.276427199   8697.852753201327   9011.082094479956   8.309677817956951e+39    9.27747034607883e+39   1.034588338025153e+40 
  62386.44332255847   44037412535949.41  47628509223301.484   50883866600808.99      8422.276427199   8697.852753201327   9011.082094479956    8.27526183641752e+39   9.239267482860016e+39  1.0303546399202837e+40 
 62388.681673859915   43946387771204.52    47530174694059.3  50779434405926.484      8422.276427199   8697.852753201327   9011.082094479956   8.241023873186686e+39   9.201261090493954e+39  1.0261425824408188e+40 
  62390.92002516135   43855645002586.06   47432144470181.05   50675323563370.56      8422.276427199   8697.852753201327   9011.082094479956   8.206962824222446e+39   9.163449957518916e+39  1.0219520329379658e+40 
  62393.15837646279   43765183066139.07   47334417297298.14   50571532754732.85      8422.276427199   8697.852753201327   9011.082094479956   8.173077593796617e+39   9.125832881112494e+39  1.0177828597022556e+40 
  62395.39672776423    43675000803973.8  47236991926988.195  50468060668784.016      8422.276427199   8697.852753201327   9011.082094479956   8.139367093500143e+39   9.088408667163025e+39  1.0136349319772263e+40 
 62397.635079065665  43585097064299.086   47139867117412.94   50364906001082.48      8422.276427199   8697.852753201327   9011.082094479956   8.105830243094306e+39    9.05117613013639e+39  1.0095081199388358e+40 
  62399.87343036711   43495470701897.76  47043041632981.625   50262067453992.06      8422.276427199   8697.852753201327   9011.082094479956    8.07246597045459e+39    9.01413409295119e+39  1.0054022946881565e+40 
 62402.111781668544  43406120575913.586   46946514244627.01   50159543736423.76      8422.276427199   8697.852753201327   9011.082094479956   8.039273210519065e+39   8.977281387125753e+39  1.0013173282625794e+40 
  62404.35013296998  43317045551934.836  46850283729722.125   50057333564214.75      8422.276427199   8697.852753201327   9011.082094479956   8.006250906317364e+39   8.940616852226084e+39   9.972530935810972e+39 
  62406.58848427142   43228244501506.74   46754348872043.39   49955652021846.57      8422.276427199   8697.852753201327   9011.082094479956   7.973398008326251e+39   8.904139336266188e+39   9.932094644681883e+39 
  62408.82683557286    43139716301955.6   46658708460948.17   49854353039168.83      8422.276427199   8697.852753201327   9011.082094479956   7.940713474519207e+39   8.867847695470123e+39   9.891863156607361e+39 
   62411.0651868743  43051459836488.836   46563361292383.82   49753362030174.23      8422.276427199   8697.852753201327   9011.082094479956    7.90819627035245e+39   8.831740794409596e+39   9.851835227622153e+39 
 62413.303538175736   42963473993891.72   46468306168408.32   49652677747063.95      8422.276427199   8697.852753201327   9011.082094479956   7.875845368745572e+39   8.795817505707228e+39    9.81200962273595e+39 
  62415.54188947717   42875757668622.58  46373541897633.875   49552298948349.93      8422.276427199   8697.852753201327   9011.082094479956   7.843659750022335e+39   8.760076709526387e+39   9.772385115530772e+39 
 62417.780240778615   42788309760750.82   46279067293899.55   49452224398967.26      8422.276427199   8697.852753201327   9011.082094479956    7.81163840186237e+39   8.724517294346754e+39   9.732960488383166e+39 
  62420.01859208005  42701129176229.164  46184881177917.664   49352452869753.27      8422.276427199   8697.852753201327   9011.082094479956   7.779780318960574e+39   8.689138156511478e+39   9.693734532327315e+39 
 62422.256943381486   42614214826212.12   46090982375878.88   49252983138621.12      8422.276427199   8697.852753201327   9011.082094479956   7.748084503202588e+39   8.653938200181811e+39   9.654706046721467e+39 
  62424.49529468293   42527565627986.08   45997369720152.36   49153813988574.38      8422.276427199   8697.852753201327   9011.082094479956   7.716549963660997e+39   8.618916337309918e+39   9.615873839488322e+39 
 62426.733645984365    42441180503604.1  45904042048635.086  49054944208935.945      8422.276427199   8697.852753201327   9011.082094479956   7.685175716585865e+39   8.584071487826395e+39   9.577236727081691e+39 
  62428.97199728581   42355058380980.36   45810998205215.38   48956372595086.96      8422.276427199   8697.852753201327   9011.082094479956   7.653960784946932e+39   8.549402578798416e+39   9.538793534151212e+39 
  62431.21034858724  42269198193257.695   45718237040341.02    48858082666095.2      8422.276427199   8697.852753201327   9011.082094479956   7.622904198922322e+39   8.514908545164991e+39    9.50054309377206e+39 
  62433.44869988868  42183598879078.266   45625757409472.92  48759531111476.164      8422.276427199   8697.852753201327   9011.082094479956   7.592004995339509e+39   8.480588329187508e+39   9.462484246770675e+39 
  62435.68705119012   42098259382135.89   45533558174171.56   48661277533552.57      8422.276427199   8697.852753201327   9011.082094479956    7.56126221808787e+39   8.446440880673911e+39   9.424615842363041e+39 
  62437.92540249156    42013178651785.5  45441638201736.516   48563320731574.03      8422.276427199   8697.852753201327   9011.082094479956   7.530674917758151e+39   8.412465156831664e+39   9.386936737753932e+39 
  62440.16375379299   41928355642693.42    45349996365253.1   48465659511327.84      8422.276427199   8697.852753201327   9011.082094479956   7.500242151449242e+39   8.378660122242748e+39   9.349445798205916e+39 
 62442.402105094436   41843789315075.94   45258631543177.35   48368292684495.11      8422.276427199   8697.852753201327   9011.082094479956   7.469962983169499e+39   8.345024748758072e+39   9.312141896914416e+39 
  62444.64045639587   41759478634614.93   45167542619820.73   48271219068452.99      8422.276427199   8697.852753201327   9011.082094479956   7.439836483576257e+39   8.311558015463953e+39   9.275023914943559e+39 
 62446.878807697314  41675422570959.836   45076728485145.72  48174437486603.484      8422.276427199   8697.852753201327   9011.082094479956   7.409861729636537e+39   8.278258908651127e+39   9.238090741355513e+39 
  62449.11715899875   41591620099673.01   44986188034920.36   48077946768932.03      8422.276427199   8697.852753201327   9011.082094479956   7.380037804934223e+39   8.245126421556605e+39    9.20134127260645e+39 
 62451.355510300185   41508070201464.62  44895920170250.055   47981745750406.42      8422.276427199   8697.852753201327   9011.082094479956   7.350363799527021e+39    8.21215955455592e+39   9.164774412967563e+39 
  62453.59386160163   41424771862166.25   44805923797539.83  47885833271883.055      8422.276427199   8697.852753201327   9011.082094479956   7.320867195064824e+39   8.179357315013936e+39   9.128389074436097e+39 
 62455.832212903064   41341724072849.73   44716197828861.42   47790208180273.73      8422.276427199   8697.852753201327   9011.082094479956   7.291577760146525e+39   8.146718717429206e+39    9.09218417639782e+39 
  62458.07056420451   41258925829402.42   44626741181750.84   47694869328321.36      8422.276427199   8697.852753201327   9011.082094479956   7.262434688449774e+39   8.114242783036195e+39   9.056158645872691e+39 
  62460.30891550594   41176376132863.95   44537552779569.95   47599815574574.39      8422.276427199   8697.852753201327   9011.082094479956   7.233437103023149e+39   8.081928539599204e+39   9.020311417177386e+39 
  62462.54726680738   41094073989188.68  44448631550171.766   47505045782931.66      8422.276427199   8697.852753201327   9011.082094479956   7.204584133059055e+39    8.04977502192168e+39   8.984641432119445e+39 
  62464.78561810882   41012018409592.07  44359976427669.734   47410558823040.63      8422.276427199   8697.852753201327   9011.082094479956    7.17587491380059e+39   8.017781271493715e+39   8.949147639882039e+39 
  62467.02396941026  40930208409772.734   44271586350925.03    47316353570703.9      8422.276427199   8697.852753201327   9011.082094479956   7.147308586359618e+39   7.985946336467033e+39   8.913828996744652e+39 
   62469.2623207117  40848643011004.586  44183460264263.734   47222428906731.71      8422.276427199   8697.852753201327   9011.082094479956   7.118884297995522e+39   7.954269271617517e+39   8.878684466281281e+39 
 62471.500672013135   40767321238678.58  44095597116954.016    47128783717342.9      8422.276427199   8697.852753201327   9011.082094479956   7.090601202011708e+39   7.922749138525464e+39   8.843713019330095e+39 
  62473.73902331457   40686242123482.89   44007995863583.18   47035416894486.99      8422.276427199   8697.852753201327   9011.082094479956   7.062458457268491e+39   7.891385004838214e+39   8.808913633736158e+39 
  62475.97737461601   40605404700629.03   43920655464523.95   46942327336411.69      8422.276427199   8697.852753201327   9011.082094479956   7.034465080654164e+39   7.860175944928111e+39    8.77428529448132e+39 
  62478.21572591745  40524808010287.266   43833574884611.63   46849513945361.38      8422.276427199   8697.852753201327   9011.082094479956   7.006701982999773e+39   7.829121039373156e+39   8.739826993218153e+39 
 62480.454077218885   40444451097062.11   43746753094032.98   46756975630020.71      8422.276427199   8697.852753201327   9011.082094479956   6.979075755945619e+39   7.798219375210374e+39   8.705537728720064e+39 
  62482.69242852033   40364333010583.93   43660189068177.47   46664711303872.19      8422.276427199   8697.852753201327   9011.082094479956   6.951585590195153e+39   7.767470045765199e+39   8.671416506571254e+39 
  62484.93077982176  40284452805196.945   43573881787426.83   46572719886208.12      8422.276427199   8697.852753201327   9011.082094479956    6.92423068217064e+39   7.736872150649082e+39   8.637462339236987e+39 
 62487.169131123206   40204809540055.61  43487830237054.016   46481000301451.82      8422.276427199   8697.852753201327   9011.082094479956    6.89701023386307e+39   7.706424795679428e+39   8.603674245948138e+39 
  62489.40748242464  40125402279433.836    43402033407439.1  46389551479258.086      8422.276427199   8697.852753201327   9011.082094479956   6.869923452711652e+39   7.676127092811517e+39   8.570051252650921e+39 
  62491.64583372608   40046230090920.12   43316490294000.44   46298372354464.66      8422.276427199   8697.852753201327   9011.082094479956   6.842969551753095e+39   7.645978160214064e+39   8.536592392078334e+39 
  62493.88418502752   39967292047375.79   43231199897226.36   46207461867658.55      8422.276427199   8697.852753201327   9011.082094479956   6.816147749296118e+39   7.615977121910406e+39    8.50329670337325e+39 
 62496.122536328956   39888587226238.24   43146161222563.64   46116818964277.08      8422.276427199   8697.852753201327   9011.082094479956   6.789457268844723e+39   7.586123108042075e+39   8.470163232271361e+39 
  62498.36088763039   39810114709492.03   43061373279925.34   46026442594575.72      8422.276427199   8697.852753201327   9011.082094479956   6.762897339432562e+39   7.556415254706671e+39   8.437191031110903e+39 
 62500.599238931834   39731873583730.69   42976835084387.36  45936331714309.125      8422.276427199   8697.852753201327   9011.082094479956    6.73646719531082e+39    7.52685270397811e+39   8.404379158567434e+39 
  62502.83759023327   39653862939933.92  42892545655796.414   45846485284397.14      8422.276427199   8697.852753201327   9011.082094479956   6.710166075965008e+39   7.497434603996831e+39   8.371726679848506e+39 
  62505.07594153471   39576081873514.34   42808504019105.22   45756902270879.45      8422.276427199   8697.852753201327   9011.082094479956   6.683993226043795e+39   7.468160108190097e+39   8.339232666362374e+39 
  62507.31429283615  39498529484375.414   42724709203618.08  45667581644749.766      8422.276427199   8697.852753201327   9011.082094479956   6.657947895411524e+39   7.439028376049126e+39   8.306896195895734e+39 
 62509.552644137584   39421204876927.38    42641160243602.0   45578522381878.76      8422.276427199   8697.852753201327   9011.082094479956   6.632029339125351e+39   7.410038572816822e+39    8.27471635256959e+39 
  62511.79099543903   39344107159795.58  42557856178100.125   45489723463457.63      8422.276427199   8697.852753201327   9011.082094479956   6.606236817200449e+39   7.381189869401044e+39   8.242692226611138e+39 
  62514.02934674046   39267235446218.68   42474796050791.42  45401183875741.016      8422.276427199   8697.852753201327   9011.082094479956   6.580569594634764e+39   7.352481442366347e+39   8.210822914412957e+39 
 62516.267698041906    39190588853427.3   42391978909760.84   45312902609278.06      8422.276427199   8697.852753201327   9011.082094479956   6.555026941654397e+39   7.323912473995684e+39   8.179107518512677e+39 
  62518.50604934334  39114166503427.664   42309403807721.42  45224878659769.414      8422.276427199   8697.852753201327   9011.082094479956   6.529608133125028e+39    7.29548215203671e+39   8.147545147716831e+39 
  62520.74440064478    39037967521724.8    42227069802352.0   45137111028267.79      8422.276427199   8697.852753201327   9011.082094479956     6.5043124491064e+39   7.267189669714799e+39   8.116134916536196e+39 
  62522.98275194622   38961991038862.97    42144975956006.7   45049598720317.17      8422.276427199   8697.852753201327   9011.082094479956    6.47913917432528e+39   7.239034225673824e+39   8.084875945616305e+39 
 62525.221103247655   38886236188874.97   42063121334963.83   44962340746048.32      8422.276427199   8697.852753201327   9011.082094479956   6.454087598532798e+39   7.211015024059151e+39   8.053767361385623e+39 
  62527.45945454909   38810702110372.44   41981505010706.27   44875336120687.55      8422.276427199   8697.852753201327   9011.082094479956   6.429157016126787e+39   7.183131274356631e+39   8.022808296205278e+39 
 62529.697805850534   38735387946178.86   41900126058769.86   44788583864086.05      8422.276427199   8697.852753201327   9011.082094479956   6.404346726312016e+39   7.155382191446203e+39   7.991997888297406e+39 
  62531.93615715197   38660292843277.02   41818983559377.72   44702083000835.05      8422.276427199   8697.852753201327   9011.082094479956    6.37965603307301e+39   7.127766995526239e+39   7.961335281688591e+39 
  62534.17450845341   38585415953209.27   41738076597038.22   44615832560529.03      8422.276427199   8697.852753201327   9011.082094479956   6.355084245102574e+39   7.100284912039522e+39    7.93081962615327e+39 
  62536.41285975485  38510756431112.016   41657404260807.51  44529831576847.484      8422.276427199   8697.852753201327   9011.082094479956   6.330630675721438e+39   7.072935171694146e+39   7.900450077186441e+39 
  62538.65121105628   38436313435967.17   41576965644161.05   44444079088488.89      8422.276427199   8697.852753201327   9011.082094479956   6.306294643106509e+39   7.045717010356608e+39   7.870225796021951e+39 
  62540.88956235773   38362086131133.18   41496759845176.09   44358574139290.63      8422.276427199   8697.852753201327   9011.082094479956   6.282075469567678e+39   7.018629668977664e+39   7.840145949315499e+39 
  62543.12791365916   38288073684000.62   41416785965915.49  44273315776720.625      8422.276427199   8697.852753201327   9011.082094479956   6.257972482222855e+39   6.991672393655902e+39    7.81020970937218e+39 
   62545.3662649606  38214275265991.734  41337043112831.836   44188303053196.55      8422.276427199   8697.852753201327   9011.082094479956   6.233985012668487e+39   6.964844435557335e+39    7.78041625412583e+39 
  62547.60461626204   38140690052644.51   41257530396729.56   44103535025770.71      8422.276427199   8697.852753201327   9011.082094479956   6.210112397056861e+39   6.938145050982697e+39   7.750764766830937e+39 
 62549.842967563476   38067317223224.41   41178246932717.31  44019010756058.516      8422.276427199   8697.852753201327   9011.082094479956   6.186353975854162e+39   6.911573501204601e+39   7.721254436363309e+39 
  62552.08131886492   37994155961088.87   41099191840456.12   43934729310246.53      8422.276427199   8697.852753201327   9011.082094479956     6.1627090940229e+39   6.885129052152674e+39   7.691884456814893e+39 
 62554.319670166355   37921205453472.49   41020364243202.03  43850689758747.664      8422.276427199   8697.852753201327   9011.082094479956     6.1391771009338e+39   6.858810974875157e+39   7.662654027745023e+39 
  62556.55802146779  37848464891701.555   40941763268970.96   43766891176477.69      8422.276427199   8697.852753201327   9011.082094479956    6.11575735031833e+39   6.832618545287964e+39   7.633562354074248e+39 
  62558.79637276923   37775933470624.27  40863388049719.586   43683332643112.04      8422.276427199   8697.852753201327   9011.082094479956   6.092449200158414e+39   6.806551044133764e+39   7.604608645926594e+39 
  62561.03472407067    37703610389437.9   40785237721561.14    43600013242477.8      8422.276427199   8697.852753201327   9011.082094479956   6.069252012711191e+39   6.780607756962151e+39   7.575792118679057e+39 
  62563.27307537211  37631494850617.164   40707311424572.15   43516932062477.12      8422.276427199   8697.852753201327   9011.082094479956   6.046165154587967e+39   6.754787974202562e+39   7.547111992950015e+39 
  62565.51142667355   37559586061074.82   40629608302932.15   43434088195546.79      8422.276427199   8697.852753201327   9011.082094479956    6.02318799641687e+39   6.729090990870149e+39   7.518567494643348e+39 
  62567.74977797498  37487883230678.195    40552127505262.1   43351480738899.88      8422.276427199   8697.852753201327   9011.082094479956   6.000319913255909e+39   6.703516106713183e+39   7.490157854576708e+39 
 62569.988129276426  37416385573812.445   40474868184120.91    43269108793500.0      8422.276427199   8697.852753201327   9011.082094479956   5.977560284050528e+39   6.678062626037147e+39   7.461882308738712e+39 
  62572.22648057786  37345092307932.125   40397829495741.31   43186971464637.28      8422.276427199   8697.852753201327   9011.082094479956   5.954908492124901e+39   6.652729857854314e+39   7.433740098083669e+39 
   62574.4648318793   37274002654590.62   40321010600904.31   43105067861959.19      8422.276427199   8697.852753201327   9011.082094479956   5.932363924659872e+39   6.627517115718807e+39   7.405730468601746e+39 
  62576.70318318074   37203115839041.25   40244410663961.11   43023397099284.48      8422.276427199   8697.852753201327   9011.082094479956    5.90992597299938e+39   6.602423717772351e+39    7.37785267128181e+39 
 62578.941534482175   37132431090221.01  40168028853419.984  42941958294601.375      8422.276427199   8697.852753201327   9011.082094479956   5.887594032534866e+39   6.577448986680859e+39   7.350105962051782e+39 
  62581.17988578362   37061947641099.21   40091864341608.02   42860750570340.39      8422.276427199   8697.852753201327   9011.082094479956   5.865367502651868e+39   6.552592249580106e+39   7.322489601741121e+39 
 62583.418237085054   36991664727841.15   40015916304872.42   42779773052558.22      8422.276427199   8697.852753201327   9011.082094479956   5.843245786716317e+39    6.52785283807871e+39   7.295002856040847e+39 
  62585.65658838649  36921581590017.914  39940183923467.875   42699024871755.51      8422.276427199   8697.852753201327   9011.082094479956   5.821228292157062e+39   6.503230088196395e+39   7.267644995561261e+39 
  62587.89493968793    36851697471082.2   39864666381714.16  42618505162941.234      8422.276427199   8697.852753201327   9011.082094479956   5.799314429987028e+39   6.478723340267471e+39   7.240415295504765e+39 
  62590.13329098937  36782011618058.516   39789362867509.55   42538213064457.69      8422.276427199   8697.852753201327   9011.082094479956   5.777503615299155e+39   6.454331939018436e+39   7.213313035915423e+39 
 62592.371642290804   36712523281538.25   39714272572592.31  42458147718947.625      8422.276427199   8697.852753201327   9011.082094479956   5.755795266993497e+39   6.430055233490216e+39   7.186337501597342e+39 
  62594.60999359225   36643231715753.15   39639394692599.73   42378308273177.47      8422.276427199   8697.852753201327   9011.082094479956    5.73418880785844e+39   6.405947713797748e+39   7.159487981963551e+39 
  62596.84834489368  36574136178273.234   39564728426954.25   42298693877964.06      8422.276427199   8697.852753201327   9011.082094479956   5.712683664364071e+39   6.381964589518398e+39    7.13276377113688e+39 
 62599.086696195125  36505235930251.266  39490272979077.625   42219303688156.64      8422.276427199   8697.852753201327   9011.082094479956   5.691279266805112e+39   6.358093623466749e+39   7.106164167775951e+39 
  62601.32504749656  36436530236325.016   39416027555756.08  42140136862444.305      8422.276427199   8697.852753201327   9011.082094479956   5.669975049232242e+39   6.334334186675712e+39   7.079688475132157e+39 
 62603.563398797996   36368018364698.16   39341991367710.17  42061192563417.234      8422.276427199   8697.852753201327   9011.082094479956   5.648770449417807e+39   6.310685654264379e+39   7.053336001050638e+39 
  62605.80175009944  36299699586800.766  39268163629430.555   41982469957801.15      8422.276427199   8697.852753201327   9011.082094479956   5.627664908778751e+39   6.287147405457782e+39   7.027106057855321e+39 
 62608.040101400875   36231573177704.35   39194543559001.19   41903968216332.22      8422.276427199   8697.852753201327   9011.082094479956   5.606657872332843e+39   6.263718823541389e+39   7.000997962311946e+39 
  62610.27845270232  36163638415796.484  39121130377987.516  41825686513080.125      8422.276427199   8697.852753201327   9011.082094479956   5.585748788871707e+39   6.240399295832754e+39   6.975011035658783e+39 
  62612.51680400375   36095894582868.42    39047923311602.4   41747624026194.33      8422.276427199   8697.852753201327   9011.082094479956   5.564937110560634e+39   6.217188213693189e+39   6.949144603660334e+39 
  62614.75515530519  36028340963858.266  38974921588876.445   41669779937905.81      8422.276427199   8697.852753201327   9011.082094479956   5.544222293374743e+39    6.19408497234174e+39   6.923397996269861e+39 
  62616.99350660663   35960976847364.68   38902124442716.26   41592153434310.14      8422.276427199   8697.852753201327   9011.082094479956   5.523603796611954e+39   6.171088970975454e+39   6.897770547956506e+39 
  62619.23185790807   35893801524888.84  38829531108926.016  41514743704705.586      8422.276427199   8697.852753201327   9011.082094479956   5.503081083255474e+39   6.148199612651166e+39   6.872261597261646e+39 
  62621.47020920951   35826814291433.64   38757140827358.68   41437549942757.01      8422.276427199   8697.852753201327   9011.082094479956   5.482653619676349e+39    6.12541630442462e+39   6.846870487148868e+39 
 62623.708560510946   35760014445349.62    38684952841282.6   41360571345431.13      8422.276427199   8697.852753201327   9011.082094479956   5.462320875717691e+39   6.102738456978112e+39   6.821596564794065e+39 
  62625.94691181238   35693401288259.27   38612966397520.83  41283807113723.414      8422.276427199   8697.852753201327   9011.082094479956   5.442082324699311e+39   6.080165484939241e+39    6.79643918161802e+39 
 62628.185263113824    35626974125098.8   38541180746251.56   41207256452293.21      8422.276427199   8697.852753201327   9011.082094479956   5.421937443372096e+39   6.057696806784826e+39   6.771397693224495e+39 
  62630.42361441526   35560732264425.19   38469595141252.47   41130918569367.99      8422.276427199   8697.852753201327   9011.082094479956  5.4018857118375524e+39   6.035331844667213e+39   6.746471459373369e+39 
 62632.661965716696   35494675017039.57   38398208839775.44   41054792676812.47      8422.276427199   8697.852753201327   9011.082094479956   5.381926613733586e+39   6.013070024497097e+39   6.721659843994134e+39 
  62634.90031701814    35428801697473.9   38327021102557.16   40978877990382.99      8422.276427199   8697.852753201327   9011.082094479956   5.362059635770274e+39   5.990910775840656e+39   6.696962215057364e+39 
 62637.138668319574  35363111623411.805  38256031193891.125   40903173729468.03      8422.276427199   8697.852753201327   9011.082094479956  5.3422842680561146e+39   5.968853532009139e+39   6.672377944577844e+39 
  62639.37701962102  35297604115708.086   38185238381091.45   40827679116618.89      8422.276427199   8697.852753201327   9011.082094479956   5.322600004034295e+39   5.946897729901509e+39   6.647906408609428e+39 
  62641.61537092245   35232278498397.88   38114641935113.45   40752393378270.06      8422.276427199   8697.852753201327   9011.082094479956    5.30300634040112e+39   5.925042810079646e+39   6.623546987290802e+39 
  62643.85372222389  35167134098641.254  38044241130212.555   40677315744429.01      8422.276427199   8697.852753201327   9011.082094479956  5.2834691169623386e+39   5.903288216701838e+39   6.599299064610492e+39 
  62646.09207352533  35102170246609.953   37974035244064.75  40602445448651.734      8422.276427199   8697.852753201327   9011.082094479956   5.263989716622456e+39    5.88163339749628e+39   6.575162028631246e+39 
  62648.33042482677   35037386275666.45   37904023557885.67  40527781728159.984      8422.276427199   8697.852753201327   9011.082094479956  5.2446000230510535e+39   5.860077803800714e+39   6.551135271197429e+39 
   62650.5687761282  34972781522220.188  37834205355659.336  40453323823357.195      8422.276427199   8697.852753201327   9011.082094479956   5.225299540850866e+39   5.838620890351239e+39   6.527218188112043e+39 
 62652.807127429645  34908355325852.707   37764579925207.45   40379070978306.22      8422.276427199   8697.852753201327   9011.082094479956   5.206087777868672e+39   5.817262115425581e+39   6.503410179054636e+39 
  62655.04547873108   34844107028911.29   37695146557382.05   40305022440804.86      8422.276427199   8697.852753201327   9011.082094479956   5.186964245088376e+39   5.796000940773492e+39   6.479710647509787e+39 
 62657.283830032524   34780035977178.69    37625904546247.7  40231177461781.984      8422.276427199   8697.852753201327   9011.082094479956  5.1679284566114674e+39   5.774836831586383e+39   6.456119000751055e+39 
  62659.52218133396  34716141519046.758   37556853189054.53  40157535295475.445      8422.276427199   8697.852753201327   9011.082094479956   5.148979929702145e+39   5.753769256508274e+39   6.432634649848487e+39 
 62661.760532635395  34652423006259.492   37487991786271.07   40084095199671.46      8422.276427199   8697.852753201327   9011.082094479956   5.130118184696557e+39    5.73279768755628e+39   6.409257009749021e+39 
  62663.99888393684   34588879793053.89   37419319641813.63   40010856435849.83      8422.276427199   8697.852753201327   9011.082094479956   5.111342744979073e+39   5.711921600104543e+39   6.385985498900372e+39 
  62666.23723523827   34525511237115.69   37350836062744.94   39937818268561.13      8422.276427199   8697.852753201327   9011.082094479956   5.092653137020316e+39    5.69114047283374e+39   6.362819539597215e+39 
  62668.47558653972   34462316698534.64   37282540358969.27   39864979965605.09      8422.276427199   8697.852753201327   9011.082094479956   5.074048890487677e+39   5.670453787785802e+39   6.339758557657216e+39 
  62670.71393784115   34399295540641.15    37214431843909.8    39792340798364.9      8422.276427199   8697.852753201327   9011.082094479956   5.055529537701494e+39   5.649861030315678e+39   6.316801982614833e+39 
  62672.95228914259  34336447129667.008   37146509833943.06  39719900041326.734      8422.276427199   8697.852753201327   9011.082094479956  5.0370946141445694e+39   5.629361688932757e+39    6.29394924760944e+39 
  62675.19064044403   34273770834742.98   37078773648621.47  39647656972412.586      8422.276427199   8697.852753201327   9011.082094479956  5.0187436583511545e+39   5.608955255476222e+39   6.271199789382851e+39 
 62677.428991745466  34211266027985.137   37011222610505.05   39575610872910.23      8422.276427199   8697.852753201327   9011.082094479956  5.0004762116536676e+39   5.588641225074684e+39   6.248553048240389e+39 
   62679.6673430469  34148932084540.344  36943856045313.016  39503761027140.805      8422.276427199   8697.852753201327   9011.082094479956  4.9822918183341563e+39   5.568419095947514e+39   6.226008468022702e+39 
 62681.905694348345   34086768381732.81   36876673281844.39   39432106722740.61      8422.276427199   8697.852753201327   9011.082094479956  4.9641900256169544e+39   5.548288369547997e+39    6.20356549612177e+39 
  62684.14404564978   34024774300121.09   36809673651996.28   39360647250776.17      8422.276427199   8697.852753201327   9011.082094479956  4.9461703835906957e+39   5.528248550430855e+39   6.181223583368823e+39 
  62686.38239695122  33962949223053.926  36742856490767.375   39289381905475.48      8422.276427199   8697.852753201327   9011.082094479956  4.9282514485951577e+39   5.508299146331675e+39   6.158982184039698e+39 
  62688.62074825266  33901292536693.477   36676221135887.65   39218309983941.37      8422.276427199   8697.852753201327   9011.082094479956    4.91042230885546e+39    5.48843966805099e+39   6.136840755857476e+39 
 62690.859099554094   33839803630015.03   36609766928286.61   39147430786682.88      8422.276427199   8697.852753201327   9011.082094479956   4.892673740116664e+39   5.468669629502596e+39   6.114798760006908e+39 
  62693.09745085554  33778481894753.414   36543493211828.33  39076743617384.836      8422.276427199   8697.852753201327   9011.082094479956   4.875005305800001e+39   5.448988547664614e+39   6.092855660986063e+39 
  62695.33580215697  33717326725331.832   36477399333379.99  39006247782868.016      8422.276427199   8697.852753201327   9011.082094479956   4.857416571951958e+39   5.429395942555398e+39   6.071010926722382e+39 
  62697.57415345841  33656337518979.996   36411484643004.69  38935942593194.664      8422.276427199   8697.852753201327   9011.082094479956   4.839907107458613e+39   5.409891337262117e+39   6.049264028413828e+39 
  62699.81250475985  33595513675637.613  36345748493171.734   38865827361284.94      8422.276427199   8697.852753201327   9011.082094479956  4.8224764839069306e+39  5.3904742577795647e+39   6.027614440592029e+39 
  62702.05085606129   33534854598070.81   36280190239714.05   38795901403269.38      8422.276427199   8697.852753201327   9011.082094479956  4.8051242756428826e+39   5.371144233114672e+39   6.006061641103804e+39 
  62704.28920736273  33474359691470.402   36214809241247.14   38726164038546.28      8422.276427199   8697.852753201327   9011.082094479956   4.787850059647923e+39   5.351900795230715e+39   5.984605111058409e+39 
 62706.527558664166   33414028364019.61   36149604859194.08   38656614589442.03      8422.276427199   8697.852753201327   9011.082094479956  4.7706534155199985e+39    5.33274347902819e+39   5.963244334777026e+39 
   62708.7659099656   33353860026425.11   36084576457794.56   38587252381082.71      8422.276427199   8697.852753201327   9011.082094479956   4.753533925539577e+39   5.313671822331159e+39   5.941978799824316e+39 
 62711.004261267044  33293854092051.805    36019723404129.0   38518076741767.22      8422.276427199   8697.852753201327   9011.082094479956  4.7364911746111384e+39   5.294685365895836e+39   5.920807997047071e+39 
  62713.24261256848  33234009976804.324   35955045068280.84   38449087002986.42      8422.276427199   8697.852753201327   9011.082094479956  4.7195247502257254e+39  5.2757836532609696e+39    5.89973142032472e+39 
  62715.48096386992   33174327099389.79   35890540823321.75   38380282499247.76      8422.276427199   8697.852753201327   9011.082094479956   4.702634242474268e+39  5.2569662308732995e+39   5.878748566831164e+39 
  62717.71931517136  33114804880814.082   35826210044650.97   38311662567585.22      8422.276427199   8697.852753201327   9011.082094479956  4.6858192441690005e+39  5.2382326479499605e+39   5.857858936678442e+39 
 62719.957666472794   33055442744841.73   35762052110798.52   38243226548500.45      8422.276427199   8697.852753201327   9011.082094479956  4.6690793503824953e+39  5.2195824566391245e+39   5.837062033203212e+39 
  62722.19601777424  32996240117858.152   35698066403053.33  38174973785016.164      8422.276427199   8697.852753201327   9011.082094479956  4.6524141588253585e+39   5.201015211705907e+39   5.816357362793591e+39 
  62724.43436907567   32937196428820.04  35634252305410.266   38106903623386.85      8422.276427199   8697.852753201327   9011.082094479956  4.6358232697750433e+39  5.1825304707759503e+39   5.795744434923545e+39 
 62726.672720377115    32878311109249.2  35570609204569.484   38039015412666.95      8422.276427199   8697.852753201327   9011.082094479956   4.619306285969732e+39   5.164127794254606e+39   5.775222762107594e+39 
  62728.91107167855  32819583593513.465   35507136490018.81   37971308504867.98      8422.276427199   8697.852753201327   9011.082094479956   4.602862812600428e+39  5.1458067452742986e+39   5.754791859881092e+39 
  62731.14942297999  32761013678218.625  35443833553983.516   37903782254714.79      8422.276427199   8697.852753201327   9011.082094479956   4.586492457355588e+39   5.127553125129963e+39   5.734451246783778e+39 
  62733.38777428143   32702633965348.75   35380699791401.86    37836436019938.6      8422.276427199   8697.852753201327   9011.082094479956   4.570194830368399e+39     5.1093484151578e+39   5.714200444374989e+39 
 62735.626125582865    32644410196761.0    35317734600052.2   37769269161404.93      8422.276427199   8697.852753201327   9011.082094479956   4.553969544156317e+39  5.0912244396660714e+39   5.694038977070943e+39 
   62737.8644768843  32586341817435.535   35254937380123.28   37702281042246.15      8422.276427199   8697.852753201327   9011.082094479956   4.537816213662098e+39   5.073180769319448e+39    5.67396637227975e+39 
  62740.10282818574  32528428274826.516   35192307534566.06    37635471028682.3      8422.276427199   8697.852753201327   9011.082094479956  4.5217344562367514e+39   5.055216977444515e+39   5.653982160317236e+39 
  62742.34117948718   32470669018963.75   35129844469012.83  37568838489761.586      8422.276427199   8697.852753201327   9011.082094479956   4.505723891679779e+39   5.037332640017816e+39   5.634085874429464e+39 
  62744.57953078862  32413063502081.586   35067547591714.38  37502382797333.125      8422.276427199   8697.852753201327   9011.082094479956   4.489784141965165e+39  5.0195273356304995e+39    5.61427705066414e+39 
  62746.81788209006   32355611178952.68  35005416313660.633  37436103326049.336      8422.276427199   8697.852753201327   9011.082094479956   4.473914831494881e+39  5.0018006454925546e+39   5.594555228009646e+39 
  62749.05623339149  32298311506789.426  34943450048379.977   37369999453308.82      8422.276427199   8697.852753201327   9011.082094479956   4.458115586985611e+39  4.9841521534213436e+39   5.574919948188196e+39 
 62751.294584692936    32241163945301.2  34881648211804.633   37304155039895.29      8422.276427199   8697.852753201327   9011.082094479956   4.442386037469677e+39   4.966581445733925e+39   5.555370755792794e+39 
  62753.53293599437    32184167956448.0  34820010222857.383   37238658409968.45      8422.276427199   8697.852753201327   9011.082094479956  4.4267258143540744e+39   4.949088111385567e+39   5.535907198213072e+39 
  62755.77128729581  32127323004489.938  34758535502724.945  37173334194664.586      8422.276427199   8697.852753201327   9011.082094479956   4.411134551157051e+39    4.93167174177863e+39   5.516528825605055e+39 
  62758.00963859725   32070628556278.13  34697223475090.586   37108181789149.66      8422.276427199   8697.852753201327   9011.082094479956  4.3956118837309535e+39   4.914331930850429e+39   5.497235190865864e+39 
 62760.247989898686   32014084080800.62    34636073566230.6   37043200591268.75      8422.276427199   8697.852753201327   9011.082094479956   4.380157450188736e+39   4.897068275105194e+39    5.47802584964525e+39 
  62762.48634120013   31957689049584.16   34575085204947.92   36978390001576.62      8422.276427199   8697.852753201327   9011.082094479956  4.3647708908334633e+39   4.879880373467084e+39     5.4589003603996e+39 
 62764.724692501564  31901442936338.594   34514257822749.86  36913749423250.945      8422.276427199   8697.852753201327   9011.082094479956   4.349451848196909e+39   4.862767827328965e+39  5.4398582841163114e+39 
    62766.963043803  31845345217290.715  34453590853510.297   36849278261746.91      8422.276427199   8697.852753201327   9011.082094479956   4.334199967044068e+39  4.8457302405130224e+39   5.420899184586867e+39 
  62769.20139510444   31789395370527.09  34393083733443.656  36784975925420.734      8422.276427199   8697.852753201327   9011.082094479956   4.319014894355345e+39   4.828767219274089e+39   5.402022628147141e+39 
  62771.43974640588   31733592876704.36   34332735901461.21   36720841825216.08      8422.276427199   8697.852753201327   9011.082094479956  4.3038962790898274e+39   4.811878372281831e+39   5.383228183841593e+39 
  62773.67809770732  31677937218753.918   34272546798841.01   36656875374415.55      8422.276427199   8697.852753201327   9011.082094479956  4.2888437724675215e+39   4.795063310609326e+39   5.364515423321396e+39 
  62775.91644900876  31622427881875.082   34212515869320.36   36593075989013.52      8422.276427199   8697.852753201327   9011.082094479956   4.273857027884455e+39   4.778321647703585e+39  5.3458839208584095e+39 
  62778.15480031019  31567061343653.473  34152639798153.164   36529440046328.87      8422.276427199   8697.852753201327   9011.082094479956   4.258935056656444e+39  4.7616521221746534e+39   5.327332330794504e+39 
 62780.393151611635  31511845311026.188   34092925600700.29   36465975454635.43      8422.276427199   8697.852753201327   9011.082094479956  4.2440792582177956e+39   4.745056789527193e+39  5.3088627883051464e+39 
  62782.63150291307  31456772463832.723   34033366407225.92   36402674285956.91      8422.276427199   8697.852753201327   9011.082094479956  4.2292878751148096e+39   4.728533178158024e+39   5.290472694414925e+39 
  62784.86985421451    31401843469223.8   33973962793369.25   36339537479743.86      8422.276427199   8697.852753201327   9011.082094479956   4.214560793972275e+39   4.712081325407428e+39   5.272162055909214e+39 
  62787.10820551595  31347058138251.035   33914714505442.08   36276564773585.82      8422.276427199   8697.852753201327   9011.082094479956   4.199897745078534e+39   4.695700947698384e+39   5.253930556430667e+39 
 62789.346556817385  31292416054813.555   33855621077605.32    36213755663356.7      8422.276427199   8697.852753201327   9011.082094479956    4.18529841407799e+39   4.679391692654712e+39   5.235777807675859e+39 
  62791.58490811883   31237916742644.11  33796681989549.594  36151109596797.305      8422.276427199   8697.852753201327   9011.082094479956    4.17076247464418e+39   4.663153194410755e+39   5.217703406766305e+39 
 62793.823259420264  31183559711064.727  33737896709253.953   36088626012980.37      8422.276427199   8697.852753201327   9011.082094479956   4.156289598481062e+39   4.646985085873433e+39  5.1997069493974427e+39 
   62796.0616107217  31129344466741.133   33679264703261.09   36026304351037.94      8422.276427199   8697.852753201327   9011.082094479956  4.1418794579089754e+39   4.630887001386013e+39   5.181788032722251e+39 
  62798.29996202314  31075270517370.105  33620785439515.562   35964144051997.06      8422.276427199   8697.852753201327   9011.082094479956   4.127531726972331e+39   4.614858577330737e+39   5.163946256194635e+39 
  62800.53831332458  31021337372456.582  33562458387994.902   35902144559163.96      8422.276427199   8697.852753201327   9011.082094479956  4.1132460815809493e+39   4.598899452301292e+39   5.146181221555997e+39 
  62802.77666462601  30967544543627.414  33504283020708.156  35840305318121.195      8422.276427199   8697.852753201327   9011.082094479956  4.0990221995827246e+39  4.5830092669781277e+39   5.128492532967612e+39 
 62805.015015927456  30913891544466.395  33446258812281.336   35778625777065.23      8422.276427199   8697.852753201327   9011.082094479956   4.084859760831342e+39  4.5671876642840504e+39   5.110879796973062e+39 
  62807.25336722889   30860377890601.26  33388385239403.293   35717105386213.11      8422.276427199   8697.852753201327   9011.082094479956  4.0707584469788025e+39  4.5514342892667725e+39   5.093342622485806e+39 
 62809.491718530335   30807003099927.58  33330661780931.477   35655743598318.58      8422.276427199   8697.852753201327   9011.082094479956   4.056717941663736e+39  4.5357487890887563e+39   5.075880620741528e+39 
  62811.73006983177  30753766692306.133  33273087918035.242    35594539868491.8      8422.276427199   8697.852753201327   9011.082094479956   4.042737930449075e+39   4.520130813093457e+39   5.058493405324505e+39 
 62813.968421133206   30700668189736.14   33215663134112.14   35533493654248.83      8422.276427199   8697.852753201327   9011.082094479956   4.028818100763298e+39    4.50458001274345e+39   5.041180592203597e+39 
  62816.20677243465  30647707116241.742    33158386914917.0  35472604415509.664      8422.276427199   8697.852753201327   9011.082094479956  4.0149581419334536e+39   4.489096041533334e+39   5.023941799523691e+39 
 62818.445123736084   30594882998080.64  33101258748429.688   35411871614204.03      8422.276427199   8697.852753201327   9011.082094479956   4.001157745177877e+39   4.473678555085992e+39   5.006776647833001e+39 
  62820.68347503753  30542195363110.176  33044278124583.805   35351294714684.43      8422.276427199   8697.852753201327   9011.082094479956  3.9874166036301625e+39  4.4583272110556185e+39   4.989684759807653e+39 
  62822.92182633896  30489643741474.258  32987444535707.984  35290873183796.305      8422.276427199   8697.852753201327   9011.082094479956   3.973732101280809e+39  4.4430416691776137e+39   4.972665760464318e+39 
   62825.1601776404  30437227665346.875  32930757476324.633   35230606490324.57      8422.276427199   8697.852753201327   9011.082094479956  3.9600804676874407e+39  4.4278215912243016e+39   4.955719277030552e+39 
  62827.39852894184   30384946668907.91   32874216443052.57  35170494105504.984      8422.276427199   8697.852753201327   9011.082094479956  3.9464874159284245e+39  4.4126666409988345e+39   4.938844938973485e+39 
  62829.63688024328  30332800288365.664  32817820934653.004   35110535502871.41      8422.276427199   8697.852753201327   9011.082094479956  3.9329526445505644e+39   4.397576484316311e+39  4.9220423779663266e+39 
  62831.87523154472  30280788062186.867  32761570452071.547   35050730158222.76      8422.276427199   8697.852753201327   9011.082094479956    3.91947585394114e+39   4.382550788992787e+39   4.905311227874852e+39 
 62834.113582846156  30228909530264.816  32705464498400.375   34991077549407.62      8422.276427199   8697.852753201327   9011.082094479956   3.906056746263131e+39   4.367589224834014e+39   4.888651124742743e+39 
  62836.35193414759  30177164234656.805   32649502578857.78   34931577156608.57      8422.276427199   8697.852753201327   9011.082094479956   3.892695025450686e+39   4.352691463632884e+39  4.8720617068077516e+39 
 62838.590285449034  30125551719446.742  32593684200860.918  34872228462248.895      8422.276427199   8697.852753201327   9011.082094479956   3.879390397229903e+39   4.337857179096758e+39   4.855542614400805e+39 
  62840.82863675047  30074071530654.844  32538008873823.016   34813030950920.58      8422.276427199   8697.852753201327   9011.082094479956   3.866142569081803e+39  4.3230860469029583e+39    4.83909349000579e+39 
 62843.066988051905   30022723216248.08  32482476109225.867   34753984109387.19      8422.276427199   8697.852753201327   9011.082094479956  3.8529512502388424e+39   4.308377744659286e+39   4.822713978226409e+39 
  62845.30533935335  29971506326181.184   32427085420704.15  34695087426622.297      8422.276427199   8697.852753201327   9011.082094479956  3.8398161516924195e+39   4.293731951892954e+39  4.8064037257847646e+39 
 62847.543690654784    29920420412237.7  32371836323936.203  34636340393748.113      8422.276427199   8697.852753201327   9011.082094479956  3.8267369861190745e+39   4.279148350042492e+39   4.790162381489618e+39 
  62849.78204195623  29869465028110.484   32316728336682.57   34577742504036.45      8422.276427199   8697.852753201327   9011.082094479956  3.8137134679092695e+39   4.264626622428715e+39   4.773989596207458e+39 
  62852.02039325766  29818639729428.375   32261760978913.99  34519293252993.836      8422.276427199   8697.852753201327   9011.082094479956  3.8007453132017076e+39   4.250166454268984e+39   4.757885022901111e+39 
   62854.2587445591  29767944073724.293  32206933772332.773   34460992138105.31      8422.276427199   8697.852753201327   9011.082094479956   3.787832239764749e+39   4.235767532652012e+39   4.741848316527966e+39 
  62856.49709586054  29717377620524.938   32152246240845.77  34402838659075.684      8422.276427199   8697.852753201327   9011.082094479956  3.7749739670456413e+39  4.2214295464798244e+39   4.725879134116091e+39 
  62858.73544716198  29666939930936.406   32097697910459.43  34344832317788.207      8422.276427199   8697.852753201327   9011.082094479956  3.7621702161770334e+39   4.207152186555693e+39   4.709977134711643e+39 
  62860.97379846341   29616630568082.77   32043288309082.21  34286972618008.492      8422.276427199   8697.852753201327   9011.082094479956  3.7494207099427206e+39  4.1929351454543767e+39  4.6941419793683016e+39 
 62863.212149764855   29566449097064.26  31989016966499.062  34229259065710.484      8422.276427199   8697.852753201327   9011.082094479956   3.736725172833604e+39   4.178778117578358e+39   4.678373331121632e+39 
  62865.45050106629  29516395084582.594  31934883414575.414  34171691168957.445      8422.276427199   8697.852753201327   9011.082094479956    3.72408333086528e+39  4.1646807991882555e+39   4.662670855007217e+39 
  62867.68885236773  29466468099400.703  31880887187172.004  34114268437937.957      8422.276427199   8697.852753201327   9011.082094479956   3.711494911703378e+39   4.150642888285228e+39  4.6470342180716495e+39 
  62869.92720366917   29416667712018.31  31827027820279.133    34056990384981.5      8422.276427199   8697.852753201327   9011.082094479956    3.69895964464058e+39  4.1366640846679846e+39   4.631463089214952e+39 
 62872.165554970605  29366993494722.793  31773304851627.664  33999856524149.285      8422.276427199   8697.852753201327   9011.082094479956   3.686477260586319e+39   4.122744089881087e+39   4.615957139355108e+39 
  62874.40390627205  29317445021462.188   31719717820906.28  33942866371748.066      8422.276427199   8697.852753201327   9011.082094479956   3.674047492028679e+39   4.108882607236786e+39  4.6005160412650337e+39 
  62876.64225757348  29268021868130.305  31666266269868.344  33886019446119.188      8422.276427199   8697.852753201327   9011.082094479956  3.6616700730001837e+39  4.0950793417944215e+39   4.585139469675895e+39 
 62878.880608874926  29218723612400.812  31612949742136.652  33829315267475.004      8422.276427199   8697.852753201327   9011.082094479956   3.649344739129247e+39  4.0813340003502976e+39  4.5698271012110015e+39 
  62881.11896017636  29169549833730.703   31559767783251.78   33772753358139.09      8422.276427199   8697.852753201327   9011.082094479956  3.6370712276241346e+39  4.0676462914236414e+39   4.554578614392015e+39 
   62883.3573114778   29120500113420.16  31506719940630.867   33716333242513.41      8422.276427199   8697.852753201327   9011.082094479956  3.6248492771829044e+39  4.0540159252425334e+39  4.5393936896175804e+39 
  62885.59566277924   29071574034621.17  31453805763627.723  33660054446899.383      8422.276427199   8697.852753201327   9011.082094479956   3.612678628095771e+39   4.040442613735697e+39   4.524272009150334e+39 
 62887.834014080676  29022771181849.805  31401024803496.633  33603916499510.688      8422.276427199   8697.852753201327   9011.082094479956  3.6005590221314994e+39   4.026926070523838e+39  4.5092132571042717e+39 
  62890.07236538211  28974091141556.938  31348376613368.312   33547918930603.98      8422.276427199   8697.852753201327   9011.082094479956  3.5884902025870175e+39   4.013466010908805e+39   4.494217119461895e+39 
 62892.310716683554  28925533501954.832  31295860748331.258  33492061272410.105      8422.276427199   8697.852753201327   9011.082094479956  3.5764719142718193e+39   4.000062151830061e+39  4.4792832839796454e+39 
  62894.54906798499   28877097852973.77  31243476765200.375   33436343059082.34      8422.276427199   8697.852753201327   9011.082094479956   3.564503903488354e+39   3.986714211897073e+39  4.4644114402532067e+39 
  62896.78741928643   28828783786267.54   31191224222667.14  33380763826697.496      8422.276427199   8697.852753201327   9011.082094479956   3.552585918026977e+39   3.973421911360532e+39   4.449601279680636e+39 
  62899.02577058787   28780590895251.48  31139102681313.457  33325323113293.406      8422.276427199   8697.852753201327   9011.082094479956   3.540717707179793e+39   3.960184972105338e+39   4.434852495458097e+39 
 62901.264121889304   28732518774939.51  31087111703529.414  33270020458814.754      8422.276427199   8697.852753201327   9011.082094479956   3.528899021651265e+39   3.947003117637855e+39  4.4201647825669656e+39 
  62903.50247319075    28684567022065.0   31035250853548.11  33214855405103.914      8422.276427199   8697.852753201327   9011.082094479956   3.517129613623567e+39  3.9338760730708926e+39  4.4055378377269463e+39 
  62905.74082449218  28636735235062.066  30983519697558.812  33159827495982.297      8422.276427199   8697.852753201327   9011.082094479956   3.505409236760176e+39  3.9208035651200516e+39   4.390971359461458e+39 
  62907.97917579362  28589023014056.777  30931917803293.883  33104936277029.754      8422.276427199   8697.852753201327   9011.082094479956  3.4937376461059533e+39    3.90778532211328e+39    4.37646504797517e+39 
  62910.21752709506  28541429960920.996  30880444740413.133   33050181295762.21      8422.276427199   8697.852753201327   9011.082094479956   3.482114598137358e+39    3.89482107390405e+39  4.3620186052420085e+39 
   62912.4558783965    28493955678952.5   30829100080469.25   32995562101702.28      8422.276427199   8697.852753201327   9011.082094479956   3.470539850764543e+39   3.881910551957048e+39   4.347631734951674e+39 
  62914.69422969794  28446599773225.555   30777883396691.57  32941078245991.773      8422.276427199   8697.852753201327   9011.082094479956   3.459013163301385e+39  3.8690534892798374e+39   4.333304142512462e+39 
 62916.932580999375   28399361850546.22  30726794263946.055   32886729281723.64      8422.276427199   8697.852753201327   9011.082094479956  3.4475342965102845e+39   3.856249620401855e+39   4.319035535013499e+39 
  62919.17093230081    28352241519197.1  30675832258972.785  32832514763850.227      8422.276427199   8697.852753201327   9011.082094479956  3.4361030124641146e+39   3.843498681433095e+39  4.3048256212425314e+39 
 62921.409283602254  28305238389200.957  30624996960263.445  32778434249191.215      8422.276427199   8697.852753201327   9011.082094479956   3.424719074628045e+39   3.830800410001889e+39  4.2906741117215474e+39 
  62923.64763490369  28258352072194.848   30574287948176.69  32724487296437.598      8422.276427199   8697.852753201327   9011.082094479956  3.4133822478561927e+39   3.818154545223097e+39   4.276580718524748e+39 
  62925.88598620513  28211582181387.145  30523704804689.156   32670673466026.34      8422.276427199   8697.852753201327   9011.082094479956   3.402092298376685e+39  3.8055608277359776e+39   4.262545155483064e+39 
  62928.12433750657  28164928331434.812  30473247113437.555  32616992320097.375      8422.276427199   8697.852753201327   9011.082094479956   3.390848993765688e+39   3.793018999658659e+39   4.248567137970967e+39 
    62930.362688808    28118390138719.3  30422914459891.266   32563443422788.62      8422.276427199   8697.852753201327   9011.082094479956   3.379652102915197e+39   3.780528804611189e+39    4.23464638305439e+39 
 62932.601040109446  28071967221212.867   30372706431234.89  32510026339799.055      8422.276427199   8697.852753201327   9011.082094479956   3.368501396070307e+39  3.7680899876890096e+39  4.2207826094049336e+39 
  62934.83939141088  28025659198462.973  30322622616307.508  32456740638733.613      8422.276427199   8697.852753201327   9011.082094479956   3.357396644831264e+39   3.755702295456979e+39   4.206975537314915e+39 
 62937.077742712325  27979465691600.566    30272662605623.5  32403585889000.617      8422.276427199   8697.852753201327   9011.082094479956  3.3463376220604427e+39   3.743365475937182e+39   4.193224888677682e+39 
  62939.31609401376    27933386323522.7  30222825991415.383  32350561661812.312      8422.276427199   8697.852753201327   9011.082094479956  3.3353241019682567e+39   3.731079278600216e+39   4.179530386976588e+39 
 62941.554445315196  27887420718276.016  30173112367598.066  32297667529961.566      8422.276427199   8697.852753201327   9011.082094479956  3.3243558600531515e+39   3.718843454354592e+39   4.165891757275611e+39 
  62943.79279661664  27841568501583.156   30123521329753.29   32244903068093.68      8422.276427199   8697.852753201327   9011.082094479956   3.313432673089341e+39    3.70665775555425e+39  4.1523087262193615e+39 
 62946.031147918075  27795829300763.023  30074052475164.234   32192267852595.48      8422.276427199   8697.852753201327   9011.082094479956   3.302554319150238e+39   3.694521935943037e+39   4.138781022003565e+39 
  62948.26949921951  27750202744653.023   30024705402750.52   32139761461591.28      8422.276427199   8697.852753201327   9011.082094479956   3.291720577581177e+39   3.682435750687248e+39   4.125308374355417e+39 
  62950.50785052095  27704688463619.855   29975479712993.75   32087383474887.07      8422.276427199   8697.852753201327   9011.082094479956  3.2809312289949426e+39    3.67039895635418e+39  4.1118905145591375e+39 
  62952.74620182239    27659286089572.3  29926375008081.055  32035133474026.293      8422.276427199   8697.852753201327   9011.082094479956   3.270186055277324e+39  3.6584113109055236e+39   4.098527175422467e+39 
  62954.98455312383  27613995255905.812    29877390891819.6  31983011042261.723      8422.276427199   8697.852753201327   9011.082094479956   3.259484839546769e+39   3.646472573684772e+39  4.0852180912881204e+39 
  62957.22290442527  27568815597474.414  29828526969641.188  31931015764533.043      8422.276427199   8697.852753201327   9011.082094479956   3.248827366151215e+39   3.634582505412591e+39   4.071962997989312e+39 
   62959.4612557267  27523746750664.652   29779782848628.58  31879147227490.406      8422.276427199   8697.852753201327   9011.082094479956  3.2382134206940816e+39   3.622740868168089e+39   4.058761632867355e+39 
 62961.699607028146   27478788353345.64   29731158137498.12  31827405019454.867      8422.276427199   8697.852753201327   9011.082094479956   3.227642790021835e+39   3.610947425399434e+39   4.045613734757466e+39 
  62963.93795832958   27433940044946.71  29682652446374.594  31775788730361.508      8422.276427199   8697.852753201327   9011.082094479956  3.2171152621323936e+39   3.599201941899865e+39   4.032519043951072e+39 
  62966.17630963102    27389201466241.6  29634265387188.273  31724297951862.293      8422.276427199   8697.852753201327   9011.082094479956   3.206630626276095e+39    3.58750418377585e+39  4.0194773022292577e+39 
  62968.41466093246   27344572259467.91  29585996573401.184  31672932277360.027      8422.276427199   8697.852753201327   9011.082094479956    3.19618867289701e+39   3.575853918505706e+39   4.006488252832994e+39 
 62970.653012233895  27300052068376.605  29537845619925.613  31621691301683.508      8422.276427199   8697.852753201327   9011.082094479956  3.1857891936444854e+39   3.564250914849562e+39   3.993551640456588e+39 
  62972.89136353534    27255640538238.8  29489812143288.242   31570574621408.93      8422.276427199   8697.852753201327   9011.082094479956   3.175431981381036e+39   3.552694942882659e+39  3.9806672112286916e+39 
 62975.129714836774  27211337315593.613   29441895761555.25  31519581834750.867      8422.276427199   8697.852753201327   9011.082094479956  3.1651168300656965e+39    3.54118577402819e+39  3.9678347127294397e+39 
  62977.36806613821  27167142048592.668   29394096094393.54  31468712541571.332      8422.276427199   8697.852753201327   9011.082094479956   3.154843534873574e+39   3.529723180957004e+39  3.9550538939782697e+39 
  62979.60641743965  27123054386810.004   29346412763146.19  31417966343391.043      8422.276427199   8697.852753201327   9011.082094479956  3.1446118921430966e+39   3.518306937650173e+39  3.9423245053523576e+39 
  62981.84476874109  27079073981044.117   29298845390434.28   31367342843262.21      8422.276427199   8697.852753201327   9011.082094479956   3.134402257078045e+39   3.506936819344303e+39   3.929646298681623e+39 
  62984.08312004253   27035200483573.04   29251393600508.67   31316841645801.59      8422.276427199   8697.852753201327   9011.082094479956  3.1242161932131425e+39  3.4956126025582016e+39   3.917019027145068e+39 
  62986.32147134397   26991433548135.96  29204057019198.086    31266462357269.6      8422.276427199   8697.852753201327   9011.082094479956   3.114071475604194e+39  3.4843340650744675e+39   3.904442445339082e+39 
   62988.5598226454  26947772829871.117  29156835273809.773  31216204585424.344      8422.276427199   8697.852753201327   9011.082094479956   3.103967903032347e+39   3.473100985931357e+39  3.8919163092316984e+39 
 62990.798173946845  26904217985314.367    29109727993142.9   31166067939673.07      8422.276427199   8697.852753201327   9011.082094479956   3.093905275432961e+39    3.46191314541502e+39   3.879440376165875e+39 
  62993.03652524828   26860768672446.08   29062734807480.87  31116052031037.746      8422.276427199   8697.852753201327   9011.082094479956    3.08388339381041e+39  3.4507703250485264e+39   3.867014404846389e+39 
 62995.274876549716  26817424550677.082  29015855348621.887  31066156472071.816      8422.276427199   8697.852753201327   9011.082094479956   3.073902060335956e+39  3.4396723075862065e+39    3.85463815532909e+39 
  62997.51322785116  26774185280545.406  28969089249851.836  31016380876800.777      8422.276427199   8697.852753201327   9011.082094479956   3.063962228623113e+39   3.428618877004492e+39   3.842311389014741e+39 
 62999.751579152595  26731050524061.652   28922436145934.88  30966724860859.938      8422.276427199   8697.852753201327   9011.082094479956   3.054070785673155e+39   3.417609818507364e+39   3.830033868648985e+39 
  63001.98993045404  26688019944634.113  28875895673142.758  30917188041435.164      8422.276427199   8697.852753201327   9011.082094479956   3.044219228145091e+39  3.4066449184789556e+39   3.817805358291401e+39 
  63004.22828175547   26645093207017.85   28829467469169.39  30867770037239.098      8422.276427199   8697.852753201327   9011.082094479956   3.034407363177693e+39   3.395723964515193e+39   3.805625623312785e+39 
  63006.46663305691  26602269977317.074  28783151173126.117  30818470468486.355      8422.276427199   8697.852753201327   9011.082094479956    3.02463499901694e+39  3.3848467454026136e+39   3.793494430403054e+39 
  63008.70498435835  26559549923009.797  28736946425619.137  30769288956923.484      8422.276427199   8697.852753201327   9011.082094479956  3.0149019450070963e+39    3.37401305111133e+39   3.781411547550345e+39 
  63010.94333565979  26516932712869.457   28690852868690.11  30720225125810.465      8422.276427199   8697.852753201327   9011.082094479956   3.005208011528629e+39   3.363222672788627e+39  3.7693767440466235e+39 
  63013.18168696122   26474418016985.87   28644870145815.52   30671278599909.96      8422.276427199   8697.852753201327   9011.082094479956   2.995553010047518e+39  3.3524754027515895e+39   3.757389790459734e+39 
 63015.420038262666  26432005506788.973   28598997901935.85  30622449005490.285      8422.276427199   8697.852753201327   9011.082094479956   2.985936753091077e+39   3.341771034474128e+39  3.7454504586288136e+39 
   63017.6583895641  26389694855031.426    28553235783449.0   30573735970302.18      8422.276427199   8697.852753201327   9011.082094479956  2.9763590542342294e+39  3.3311093625883465e+39  3.7335585216828786e+39 
 63019.896740865544   26347485735840.76   28507583437985.34  30525139123533.836      8422.276427199   8697.852753201327   9011.082094479956   2.966819728098971e+39   3.320490182887492e+39   3.721713753974167e+39 
  63022.13509216698  26305377824536.336  28462040514764.086   30476658095884.17      8422.276427199   8697.852753201327   9011.082094479956  2.9573185903466346e+39  3.3099132922662504e+39   3.709915931130538e+39 
 63024.373443468416   26263370797740.31  28416606664393.727  30428292519584.316      8422.276427199   8697.852753201327   9011.082094479956   2.947855457671849e+39  3.2993784887823324e+39   3.698164830019475e+39 
  63026.61179476986   26221464333399.46   28371281538759.86  30380042028218.332      8422.276427199   8697.852753201327   9011.082094479956    2.93843014779378e+39   3.288885571612924e+39   3.686460228753502e+39 
 63028.850146071294   26179658110830.24   28326064791150.57  30331906256826.266      8422.276427199   8697.852753201327   9011.082094479956  2.9290424794558307e+39  3.2784343410274733e+39  3.6748019066611076e+39 
  63031.08849737274  26137951810465.832   28280956076247.22  30283884841927.824      8422.276427199   8697.852753201327   9011.082094479956   2.919692272410433e+39  3.2680245984405495e+39  3.6631896442982826e+39 
  63033.32684867417   26096345114141.64   28235955050134.49  30235977421489.707      8422.276427199   8697.852753201327   9011.082094479956   2.910379347410697e+39   3.257656146359112e+39   3.651623223479638e+39 
  63035.56519997561  26054837704987.617   28191061370363.68  30188183634921.312      8422.276427199   8697.852753201327   9011.082094479956   2.901103526213168e+39   3.247328788371022e+39   3.640102427134959e+39 
  63037.80355127705  26013429267228.156   28146274695687.45  30140503123176.805      8422.276427199   8697.852753201327   9011.082094479956  2.8918646315713403e+39   3.237042329162888e+39  3.6286270394730006e+39 
  63040.04190257849  25972119486364.516  28101594686238.008  30092935528352.645      8422.276427199   8697.852753201327   9011.082094479956     2.8826624872217e+39  3.2267965744914113e+39  3.6171968458198777e+39 
  63042.28025387992  25930908049201.027   28057021003544.64   30045480494161.32      8422.276427199   8697.852753201327   9011.082094479956   2.873496917882436e+39  3.2165913312013604e+39   3.605811632727065e+39 
 63044.518605181365  25889794643789.965   28012553310501.17  29998137665563.473      8422.276427199   8697.852753201327   9011.082094479956   2.864367749246698e+39  3.2064264072030577e+39   3.594471187910074e+39 
   63046.7569564828  25848778959418.547  27968191271279.883   29950906689006.26      8422.276427199   8697.852753201327   9011.082094479956  2.8552748079905674e+39  3.1963016114717976e+39   3.583175300257369e+39 
 63048.995307784244  25807860686614.543  27923934551383.258  29903787212342.906      8422.276427199   8697.852753201327   9011.082094479956   2.846217921731358e+39    3.18621675403709e+39  3.5719237598197464e+39 
  63051.23365908568  25767039517279.203  27879782817653.855  29856778884880.324      8422.276427199   8697.852753201327   9011.082094479956   2.837196919041672e+39   3.176171645977815e+39   3.560716357800869e+39 
 63053.472010387115   25726315144240.89  27835735738256.293  29809881357133.656      8422.276427199   8697.852753201327   9011.082094479956   2.828211629451891e+39   3.166166099413441e+39   3.549552886550733e+39 
  63055.71036168856   25685687261641.35   27791792982661.52  29763094281082.246      8422.276427199   8697.852753201327   9011.082094479956  2.8192618834551984e+39  3.1561999275067065e+39   3.538433139559274e+39 
  63057.94871298999   25645155564857.97   27747954221658.98   29716417310072.48      8422.276427199   8697.852753201327   9011.082094479956   2.810347512478233e+39  3.1462729444415327e+39  3.5273569114617945e+39 
  63060.18706429143   25604719750468.89  27704219127370.617  29669850098822.113      8422.276427199   8697.852753201327   9011.082094479956  2.8014683488386844e+39   3.136384965419316e+39    3.51632399798739e+39 
  63062.42541559287   25564379516251.79  27660587373106.074   29623392303373.93      8422.276427199   8697.852753201327   9011.082094479956  2.7926242257996135e+39   3.126535806662537e+39   3.505334196000997e+39 
  63064.66376689431  25524134561181.418  27617058633517.223  29577043581128.664      8422.276427199   8697.852753201327   9011.082094479956   2.783814977561978e+39   3.116725285403587e+39    3.49438730347658e+39 
  63066.90211819575  25483984585438.383   27573632584543.85  29530803590829.027      8422.276427199   8697.852753201327   9011.082094479956   2.775040439229495e+39  3.1069532198787444e+39  3.4834831194910374e+39 
 63069.140469497186  25443929290316.715  27530308903386.266  29484671992560.016      8422.276427199   8697.852753201327   9011.082094479956  2.7663004468088866e+39  3.0972194293200696e+39   3.472621444230281e+39 
  63071.37882079862   25403968378322.31   27487087268520.14  29438648447723.625      8422.276427199   8697.852753201327   9011.082094479956  2.7575948372198075e+39  3.0875237339532674e+39   3.461802078951568e+39 
 63073.617172100065  25364101553127.746  27443967359764.484  29392732619083.086      8422.276427199   8697.852753201327   9011.082094479956  2.7489234482791326e+39    3.07786595498369e+39   3.451024826007302e+39 
   63075.8555234015   25324328519584.91  27400948858066.727   29346924170648.75      8422.276427199   8697.852753201327   9011.082094479956  2.7402861186910434e+39  3.0682459146036097e+39   3.440289488827083e+39 
  63078.09387470294   25284648983740.57  27358031445622.273   29301222767761.02      8422.276427199   8697.852753201327   9011.082094479956   2.731682688049395e+39   3.058663435978608e+39   3.429595871892931e+39 
  63080.33222600438  25245062652661.062   27315214806016.07  29255628077077.816      8422.276427199   8697.852753201327   9011.082094479956   2.723112996828179e+39   3.049118343219925e+39  3.4189437807637535e+39 
 63082.570577305814   25205569234636.78  27272498623998.125   29210139766620.88      8422.276427199   8697.852753201327   9011.082094479956  2.7145768863769922e+39   3.039610461426336e+39   3.408333022053862e+39 
  63084.80892860726   25166168439109.25   27229882585412.39  29164757505580.656      8422.276427199   8697.852753201327   9011.082094479956  2.7060741989143198e+39  3.0301396166343584e+39   3.397763403430381e+39 
  63087.04727990869   25126859976697.71    27187366377443.4   29119480964462.16      8422.276427199   8697.852753201327   9011.082094479956  2.6976047775292452e+39  3.0207056358187457e+39   3.387234733597451e+39 
 63089.285631210136   25087643559027.12    27144949688466.5  29074309815074.016      8422.276427199   8697.852753201327   9011.082094479956   2.689168466160324e+39   3.011308346930693e+39   3.376746822310076e+39 
  63091.52398251157   25048518898988.88  27102632208103.914   29029243730501.31      8422.276427199   8697.852753201327   9011.082094479956   2.680765109600808e+39  3.0019475788256143e+39   3.366299480363525e+39 
  63093.76233381301  25009485710604.965   27060413627295.89  28984282385105.406      8422.276427199   8697.852753201327   9011.082094479956  2.6723945534944385e+39  2.9926231613032694e+39  3.3558925195352186e+39 
  63096.00068511445   24970543708775.75   27018293637953.53  28939425454609.145      8422.276427199   8697.852753201327   9011.082094479956  2.6640566443287653e+39   2.983334925075632e+39   3.345525752660705e+39 
 63098.239036415885  24931692609655.836  26976271933303.586   28894672615788.96      8422.276427199   8697.852753201327   9011.082094479956  2.6557512294271258e+39    2.97408270177776e+39   3.335198993545498e+39 
  63100.47738771732  24892932130505.406  26934348207785.266  28850023546761.434      8422.276427199   8697.852753201327   9011.082094479956   2.647478156945417e+39   2.964866323962993e+39   3.324912057028146e+39 
 63102.715739018764  24854261989691.047   26892522157019.21   28805477926827.01      8422.276427199   8697.852753201327   9011.082094479956  2.6392372758668895e+39   2.955685625090813e+39   3.314664758938517e+39 
   63104.9540903202  24815681906666.934  26850793477782.234   28761035436577.04      8422.276427199   8697.852753201327   9011.082094479956  2.6310284360071307e+39   2.946540439524889e+39   3.304456916103143e+39 
  63107.19244162164  24777191602011.074   26809161868018.18  28716695757854.805      8422.276427199   8697.852753201327   9011.082094479956   2.622851487986899e+39   2.937430602524818e+39    3.29428834633738e+39 
  63109.43079292308   24738790797450.48   26767627026860.15  28672458573760.133      8422.276427199   8697.852753201327   9011.082094479956  2.6147062832319398e+39  2.9283559502420877e+39   3.284158868435766e+39 
 63111.669144224514  24700479215582.875  26726188654607.086  28628323568499.004      8422.276427199   8697.852753201327   9011.082094479956  2.6065811125852975e+39   2.919316319712373e+39  3.2740683021687924e+39 
  63113.90749552596  24662256580169.297  26684846452718.508   28584290427560.07      8422.276427199   8697.852753201327   9011.082094479956  2.5984774479030627e+39  2.9103115488574147e+39   3.264016468275838e+39 
  63116.14584682739  24624122616053.938  26643600123820.504   28540358837642.23      8422.276427199   8697.852753201327   9011.082094479956   2.590405252011279e+39  2.9013414764676615e+39  3.2540031884699235e+39 
  63118.38419812883  24586077049147.035  26602449371706.812  28496528486660.652      8422.276427199   8697.852753201327   9011.082094479956   2.582364378367794e+39   2.892405942198658e+39   3.244028285397363e+39 
  63120.62254943027   24548119606416.56   26561459928681.46   28452799063703.76      8422.276427199   8697.852753201327   9011.082094479956   2.574354681240538e+39   2.883504786574649e+39  3.2340915826683524e+39 
 63122.860900731706   24510250015895.28   26520596309441.48  28409170259060.875      8422.276427199   8697.852753201327   9011.082094479956  2.5663760156969567e+39   2.874637850978216e+39   3.224192904838453e+39 
  63125.09925203315   24472468006671.97  26479826940592.605  28365641764212.754      8422.276427199   8697.852753201327   9011.082094479956  2.5584282375812015e+39     2.8658049776446e+39   3.214340860139656e+39 
 63127.337603334585  24434773308837.516  26439151532469.055  28322213271827.945      8422.276427199   8697.852753201327   9011.082094479956   2.550511203512254e+39  2.8570060096579646e+39  3.2045296202246045e+39 
  63129.57595463602  24397165653544.344  26398569796519.125   28278884475744.43      8422.276427199   8697.852753201327   9011.082094479956  2.5426247708917253e+39    2.84824079094669e+39  3.1947557949073124e+39 
  63131.81430593746  24359644772982.953   26358081445372.25  28235655070998.633      8422.276427199   8697.852753201327   9011.082094479956   2.534768797895185e+39  2.8395091662735077e+39   3.185019213063639e+39 
   63134.0526572389  24322210400381.605   26317686192683.58    28192524753745.6      8422.276427199   8697.852753201327   9011.082094479956  2.5269431434583932e+39    2.83081098123473e+39  3.1753197045272923e+39 
  63136.29100854034  24284862270039.746   26277383753164.58   28149493221312.19      8422.276427199   8697.852753201327   9011.082094479956  2.5191476672826057e+39  2.8221460822703774e+39    3.16565709996782e+39 
  63138.52935984178  24247600117152.098  26237173842739.867  28106560172190.715      8422.276427199   8697.852753201327   9011.082094479956  2.5113822298400414e+39   2.813514316611762e+39   3.156031230984487e+39 
  63140.76771114321  24210423677996.742    26197056178309.7    28063725306044.6      8422.276427199   8697.852753201327   9011.082094479956  2.5036626820403384e+39  2.8049155323248245e+39  3.1464419300816374e+39 
 63143.006062444656  24173332689860.652  26157030477872.516  28020988323690.426      8422.276427199   8697.852753201327   9011.082094479956  2.4959801807251185e+39   2.796361423192102e+39   3.136886875180012e+39 
  63145.24441374609  24136326891107.523  26117096460542.426  27978348926998.773      8422.276427199   8697.852753201327   9011.082094479956  2.4883271263257857e+39   2.787843859744677e+39   3.127355809979206e+39 
  63147.48276504753   24099406020971.76  26077253846478.883  27935806819030.137      8422.276427199   8697.852753201327   9011.082094479956  2.4807033835001534e+39  2.7793587077022596e+39    3.11786092485652e+39 
  63149.72111634897   24062569819779.52  26037502356920.223   27893361703970.67      8422.276427199   8697.852753201327   9011.082094479956  2.4731088176247975e+39   2.770905819149934e+39   3.108402055093066e+39 
 63151.959467650406  24025818028913.668  25997841714170.555  27851013287148.215      8422.276427199   8697.852753201327   9011.082094479956  2.4655432948023884e+39   2.762485046961726e+39    3.09897903684727e+39 
  63154.19781895185   23989150390533.25  25958271641588.715   27808761275032.12      8422.276427199   8697.852753201327   9011.082094479956   2.458006681853368e+39   2.754096244805008e+39  3.0895917071485003e+39 
 63156.436170253284  23952566647869.113  25918791863585.375  27766605375207.535      8422.276427199   8697.852753201327   9011.082094479956    2.45049884631016e+39  2.7457392671086266e+39   3.080239903902041e+39 
  63158.67452155472   23916066545149.87  25879402105621.492  27724545296312.668      8422.276427199   8697.852753201327   9011.082094479956   2.443013603788814e+39   2.737413969085793e+39   3.070923465847675e+39 
  63160.91287285616   23879649827584.29  25840102094240.625   27682580748021.55      8422.276427199   8697.852753201327   9011.082094479956   2.435532827407972e+39   2.729120206714955e+39  3.0616422325894416e+39 
   63163.1512241576   23843244710941.28   25800891556940.71   27640711441190.64      8422.276427199   8697.852753201327   9011.082094479956   2.428080662953794e+39  2.7208578367404425e+39   3.052396044581301e+39 
 63165.389575459034  23806771554865.715  25761770222301.023  27598937087767.945      8422.276427199   8697.852753201327   9011.082094479956  2.4206569792289606e+39  2.7126267166643587e+39  3.0431847431190664e+39 
  63167.62792676048   23770382028167.31  25722737819931.934   27557257400846.78      8422.276427199   8697.852753201327   9011.082094479956  2.4132616457108548e+39  2.7044267047436735e+39   3.034008170337199e+39 
  63169.86627806191   23734075875403.93  25683794080504.645   27515672094503.78      8422.276427199   8697.852753201327   9011.082094479956  2.4058945325859363e+39  2.6962576599850794e+39  3.0248661692030287e+39 
 63172.104629363355   23697852842105.91    25644938735666.6  27474180883921.066      8422.276427199   8697.852753201327   9011.082094479956   2.398555510733646e+39   2.688119442140751e+39  3.0157585835118945e+39 
  63174.34298066479   23661712674752.48   25606171518055.92  27432783485373.234      8422.276427199   8697.852753201327   9011.082094479956  2.3912444517399918e+39  2.6800119117099438e+39   3.006685257881915e+39 
  63176.58133196623  23625655120804.055    25567492161304.1  27391479616210.113      8422.276427199   8697.852753201327   9011.082094479956  2.3839612278500112e+39  2.6719349299334757e+39  2.9976460377665794e+39 
  63178.81968326767  23589679928681.652  25528900400086.625  27350268994833.652      8422.276427199   8697.852753201327   9011.082094479956  2.3767057119930172e+39  2.6638883587523338e+39   2.988640769398096e+39 
 63181.058034569105  23553786847758.934   25490395970082.24   27309151340705.24      8422.276427199   8697.852753201327   9011.082094479956  2.3694777777742825e+39  2.6558720608517808e+39  2.9796692998346145e+39 
  63183.29638587055  23517975628368.973  25451978607962.844  27268126374343.703      8422.276427199   8697.852753201327   9011.082094479956   2.362277299476123e+39  2.6478858996489527e+39   2.970731476940436e+39 
  63185.53473717198  23482246021789.457   25413648051419.32   27227193817318.83      8422.276427199   8697.852753201327   9011.082094479956    2.35510415204844e+39   2.639929739276187e+39  2.9618271493870816e+39 
  63187.77308847342  23446597780240.938   25375404039080.62   27186353392246.32      8422.276427199   8697.852753201327   9011.082094479956   2.347958211104845e+39  2.6320034445649534e+39  2.9529561666333217e+39 
  63190.01143977486  23411030656888.246  25337246310581.875   27145604822787.19      8422.276427199   8697.852753201327   9011.082094479956  2.3408509063557206e+39  2.6241068810687445e+39  2.9441183788975056e+39 
   63192.2497910763  23375544405826.734  25299174606628.258  27104947833650.145      8422.276427199   8697.852753201327   9011.082094479956  2.3337782330393136e+39  2.6162399150480638e+39   2.935313637210805e+39 
  63194.48814237774  23340138782088.086  25261188668729.875  27064382150530.668      8422.276427199   8697.852753201327   9011.082094479956  2.3267322530462914e+39  2.6084024134606987e+39    2.92654179339614e+39 
 63196.726493679176  23304813541625.746  25223288239429.086  27023907500176.414      8422.276427199   8697.852753201327   9011.082094479956  2.3197128455736933e+39   2.600594243964376e+39  2.9178027000118045e+39 
  63198.96484498061  23269568441416.957   25185473062335.57  26983523610355.043      8422.276427199   8697.852753201327   9011.082094479956  2.3127198904566835e+39   2.592815274908678e+39   2.909096210408945e+39 
 63201.203196282055  23234403239278.777  25147742881848.902  26943230209871.938      8422.276427199   8697.852753201327   9011.082094479956  2.3057532681641653e+39  2.5850653753329005e+39    2.90042217870832e+39 
  63203.44154758349  23199317693802.156  25110097443413.805  26903027028557.168      8422.276427199   8697.852753201327   9011.082094479956   2.298812859796499e+39   2.577344414960921e+39   2.891780459783131e+39 
 63205.679898884926   23164311564668.03   25072536493432.21  26862913797168.113      8422.276427199   8697.852753201327   9011.082094479956   2.291898547075831e+39   2.569652264198557e+39   2.883170909268841e+39 
  63207.91825018637   23129384612338.76   25035059779234.48  26822890247515.965      8422.276427199   8697.852753201327   9011.082094479956  2.2850102123474046e+39  2.5619887941460326e+39   2.874593383556845e+39 
 63210.156601487804   23094536598286.29   24997667049107.54  26782956112412.664      8422.276427199   8697.852753201327   9011.082094479956   2.278147738576062e+39  2.5543538765447492e+39  2.8660477397757163e+39 
  63212.39495278925  23059767284802.668   24960358052276.67  26743111125670.527      8422.276427199   8697.852753201327   9011.082094479956   2.271311009344881e+39   2.546747383817139e+39  2.8575338358021805e+39 
  63214.63330409068  23025076435103.977   24923132538903.66  26703355022105.625      8422.276427199   8697.852753201327   9011.082094479956  2.2644999088440308e+39   2.539169189051886e+39   2.849051530253366e+39 
  63216.87165539212  22990463813309.227  24885990260079.703   26663687537580.67      8422.276427199   8697.852753201327   9011.082094479956   2.257714321868492e+39  2.5316191659887318e+39    2.84060068248803e+39 
  63219.11000669356  22955929184425.812  24848930967828.406  26624108408807.055      8422.276427199   8697.852753201327   9011.082094479956   2.250954133818041e+39  2.5240971890334803e+39  2.8321811525767875e+39 
    63221.348357995  22921472314306.707   24811954415122.02  26584617373459.902      8422.276427199   8697.852753201327   9011.082094479956  2.2442192307011765e+39   2.516603133242216e+39   2.823792801325704e+39 
  63223.58670929643   22887092969707.78  24775060355789.766  26545214170253.535      8422.276427199   8697.852753201327   9011.082094479956   2.237509499116086e+39  2.5091368743216262e+39  2.8154354902623996e+39 
 63225.825060597876   22852790918258.74  24738248544609.305  26505898538864.082      8422.276427199   8697.852753201327   9011.082094479956   2.230824826254817e+39   2.501698288623189e+39  2.8071090816309915e+39 
  63228.06341189931  22818565928459.965  24701518737271.355   26466670219991.43      8422.276427199   8697.852753201327   9011.082094479956  2.2241650998927534e+39   2.494287253140162e+39  2.7988134383885925e+39 
 63230.301763200754  22784417769679.695  24664870690419.766  26427528955193.723      8422.276427199   8697.852753201327   9011.082094479956  2.2175302083922954e+39   2.486903645502892e+39   2.790548424200933e+39 
  63232.54011450219  22750346212160.324   24628304161532.42  26388474487021.242      8422.276427199   8697.852753201327   9011.082094479956  2.2109200407019804e+39   2.479547343976746e+39   2.782313903439463e+39 
 63234.778465803625   22716351026969.49   24591818909018.18   26349506558982.44      8422.276427199   8697.852753201327   9011.082094479956  2.2043344863574178e+39  2.4722182274605128e+39    2.77410974117396e+39 
  63237.01681710507  22682431986051.062  24555414692113.145  26310624915542.043      8422.276427199   8697.852753201327   9011.082094479956  2.1977734354658027e+39  2.4649161754859834e+39   2.765935803185455e+39 
 63239.255168406504   22648588862194.23  24519091270998.742  26271829302099.035      8422.276427199   8697.852753201327   9011.082094479956  2.1912367786923008e+39  2.4576410681824914e+39  2.7577919559201385e+39 
  63241.49351970795  22614821429037.293  24482848406740.316  26233119464988.703      8422.276427199   8697.852753201327   9011.082094479956  2.1847244072792378e+39  2.4503927863086012e+39    2.74967806652422e+39 
  63243.73187100938  22581129461059.953    24446685861289.5  26194495151484.086      8422.276427199   8697.852753201327   9011.082094479956  2.1782362130453404e+39  2.4431712112453885e+39  2.7415940028306444e+39 
  63245.97022231082  22547512733583.707  24410603397487.617   26155956109788.25      8422.276427199   8697.852753201327   9011.082094479956  2.1717720883494857e+39  2.4359762249891644e+39  2.7335396333583825e+39 
  63248.20857361226  22513971022764.742   24374600779031.35   26117502089030.93      8422.276427199   8697.852753201327   9011.082094479956  2.1653319261219562e+39  2.4288077101250318e+39   2.725514827307142e+39 
   63250.4469249137   22480504105589.98  24338677770486.875   26079132839269.11      8422.276427199   8697.852753201327   9011.082094479956  2.1589156198468623e+39   2.421665549854577e+39  2.7175194545110573e+39 
  63252.68527621513  22447111759876.254  24302834137356.438   26040848111495.24      8422.276427199   8697.852753201327   9011.082094479956  2.1525230635603956e+39  2.4145496279811382e+39   2.709553385497323e+39 
 63254.923627516575  22413793764264.348  24267069645918.074   26002647657568.75      8422.276427199   8697.852753201327   9011.082094479956  2.1461541518482025e+39  2.4074598289037994e+39  2.7016164914747782e+39 
  63257.16197881801   22380549898214.84  24231384063302.188  25964531230283.457      8422.276427199   8697.852753201327   9011.082094479956   2.139808779840355e+39  2.4003960376150222e+39   2.693708644277583e+39 
  63259.40033011945   22347379942013.43   24195777157578.42   25926474062878.92      8422.276427199   8697.852753201327   9011.082094479956   2.133486843210719e+39   2.393358139698622e+39  2.6858297164104178e+39 
  63261.63868142089   22314283676929.28  24160248697591.367  25888426592977.754      8422.276427199   8697.852753201327   9011.082094479956  2.1271882381708323e+39   2.386346021324826e+39  2.6779795810352436e+39 
 63263.877032722325  22281260884677.527  24124798453039.805  25850462840471.254      8422.276427199   8697.852753201327   9011.082094479956  2.1209128614706255e+39  2.3793595692480475e+39   2.670158111959466e+39 
  63266.11538402377  22248311348004.145   24089426194495.32  25812582559887.523      8422.276427199   8697.852753201327   9011.082094479956  2.1146606103896898e+39  2.3723986708015436e+39   2.662365183635799e+39 
   63268.3537353252  22215434850400.234  24054131693360.766  25774785506654.008      8422.276427199   8697.852753201327   9011.082094479956  2.1084313827374297e+39  2.3654632139054963e+39  2.6546006711619208e+39 
  63270.59208662664    22182631176170.7  24018914721873.324   25737071437103.68      8422.276427199   8697.852753201327   9011.082094479956    2.10222507685061e+39  2.3585530870495238e+39   2.646864450267538e+39 
  63272.83043792808   22149900110434.41  23983775053113.094   25699440108462.05      8422.276427199   8697.852753201327   9011.082094479956  2.0960415915902103e+39  2.3516681792725676e+39  2.6391563973168685e+39 
  63275.06878922952  22117241439058.664  23948712460982.688  25661891278845.066      8422.276427199   8697.852753201327   9011.082094479956  2.0898808263402942e+39  2.3448083802080432e+39  2.6314763893057007e+39 
  63277.30714053096   22084654948734.62   23913726720217.77   25624424707269.19      8422.276427199   8697.852753201327   9011.082094479956  2.0837426809935372e+39  2.3379735800264996e+39  2.6238243038606193e+39 
 63279.545491832396  22052191547945.668   23878817606371.86  25587040153717.547      8422.276427199   8697.852753201327   9011.082094479956  2.0776296993162103e+39  2.3311636694732673e+39  2.6162000192247325e+39 
  63281.78384313383  22019819439737.434  23843984895834.887  25549737378832.918      8422.276427199   8697.852753201327   9011.082094479956  2.0715428924965316e+39  2.3243785398479538e+39  2.6086034142578884e+39 
 63284.022194435274  21987518570152.953  23809228365792.414  25512516144207.812      8422.276427199   8697.852753201327   9011.082094479956   2.065478362137984e+39   2.317618083003848e+39  2.6010343684396108e+39 
  63286.26054573671  21955288730331.785   23774547794233.21  25475376212335.754      8422.276427199   8697.852753201327   9011.082094479956  2.0594360104573757e+39  2.3108821913456307e+39  2.5934927618607174e+39 
  63288.49889703815   21923129712177.67   23739942959971.72   25438317346600.39      8422.276427199   8697.852753201327   9011.082094479956  2.0534157401951725e+39   2.304170757824793e+39  2.5859784752206376e+39 
  63290.73724833959   21891041308355.42  23705413642628.742  25401339311254.984      8422.276427199   8697.852753201327   9011.082094479956   2.047417454580158e+39  2.2974836759364643e+39  2.5784913898233847e+39 
 63292.975599641024   21859023312308.22  23670959622643.977  25364441871302.754      8422.276427199   8697.852753201327   9011.082094479956   2.041441057339503e+39  2.2908208397171187e+39  2.5710313875744708e+39 
  63295.21395094247   21827075518206.65  23636580681244.035   25327624792670.17      8422.276427199   8697.852753201327   9011.082094479956  2.0354864526922787e+39  2.2841821437414826e+39   2.563598350977688e+39 
   63297.4523022439   21795197720968.57  23602276600412.914   25290887842130.54      8422.276427199   8697.852753201327   9011.082094479956  2.0295535453509036e+39  2.2775674831237524e+39   2.556192163133749e+39 
 63299.690653545345   21763389716272.59  23568047162919.562  25254230787318.164      8422.276427199   8697.852753201327   9011.082094479956   2.023642240508758e+39  2.2709767535094953e+39  2.5488127077373802e+39 
  63301.92900484678  21731651300542.316  23533892152349.113   25217653396684.92      8422.276427199   8697.852753201327   9011.082094479956   2.017752443838759e+39   2.264409851053406e+39   2.541459869055197e+39 
  63304.16735614822  21699982270940.555  23499811353069.688   25181155439529.72      8422.276427199   8697.852753201327   9011.082094479956   2.011884061507024e+39    2.25786667244861e+39   2.534133531947785e+39 
  63306.40570744966  21668382425372.758   23465804550233.75  25144736685988.523      8422.276427199   8697.852753201327   9011.082094479956  2.0060370001450494e+39  2.2513471149171177e+39  2.5268335818611013e+39 
 63308.644058751095  21636851562476.188   23431871529778.11   25108396907025.61      8422.276427199   8697.852753201327   9011.082094479956  2.0002111668531263e+39  2.2448510761929636e+39  2.5195599048204298e+39 
  63310.88241005253  21605389481623.305    23398012078397.1   25072135874438.91      8422.276427199   8697.852753201327   9011.082094479956  1.9944064692124512e+39   2.238378454521221e+39  2.5123123874212198e+39 
 63313.120761353974  21573995982911.645  23364225983553.797  25035953360854.277      8422.276427199   8697.852753201327   9011.082094479956  1.9886228152712996e+39  2.2319291486659723e+39   2.505090916811229e+39 
  63315.35911265541  21542670867168.883  23330513033556.797   24999849139733.37      8422.276427199   8697.852753201327   9011.082094479956  1.9828601135456817e+39   2.225503057903343e+39  2.4978953807241978e+39 
  63317.59746395685   21511413935944.47   23296873017353.17  24963822985297.402      8422.276427199   8697.852753201327   9011.082094479956   1.977118273015198e+39  2.2191000820138383e+39  2.4907256674685438e+39 
  63319.83581525829  21480224991504.363  23263263880074.195  24927874672615.805      8422.276427199   8697.852753201327   9011.082094479956    1.97139720312037e+39   2.212720121284115e+39   2.483581665884108e+39 
  63322.07416655972  21449103836836.766   23229699564583.22  24892003977567.023      8422.276427199   8697.852753201327   9011.082094479956  1.9656968137603774e+39  2.2063630765015116e+39  2.4764632653855033e+39 
 63324.312517861166  21418050275720.945   23196207853622.39  24856210676834.973      8422.276427199   8697.852753201327   9011.082094479956  1.9600170152896966e+39   2.200028848952696e+39  2.4693703559428456e+39 
   63326.5508691626  21387064112475.883  23162788537935.406   24820494547918.39      8422.276427199   8697.852753201327   9011.082094479956  1.9543577185193723e+39   2.193717340420086e+39  2.4623028280746786e+39 
  63328.78922046404   21356145152283.52   23129441409015.22  24784855369106.434      8422.276427199   8697.852753201327   9011.082094479956  1.9487188347044917e+39  2.1874284531786228e+39   2.455260572848945e+39 
  63331.02757176548  21325293200923.418  23096164337525.766   24749292919466.05      8422.276427199   8697.852753201327   9011.082094479956  1.9431002755504976e+39  2.1811620900015878e+39   2.448243481882289e+39 
 63333.265923066916  21294508064908.316   23062880582981.71  24713806978874.074      8422.276427199   8697.852753201327   9011.082094479956  1.9375019532085794e+39   2.174918154146353e+39  2.4412514473277275e+39 
  63335.50427436836   21263789551476.58  23029668737608.125   24678397327991.92      8422.276427199   8697.852753201327   9011.082094479956  1.9319237802762874e+39  2.1686965493377676e+39  2.4342843618788373e+39 
 63337.742625669795  21233137468494.117   22996528594413.52  24643063748273.695      8422.276427199   8697.852753201327   9011.082094479956   1.926365669789689e+39  2.1624971798048045e+39  2.4273421187658484e+39 
  63339.98097697123  21202551624572.348   22963459947148.33    24607806021957.1      8422.276427199   8697.852753201327   9011.082094479956  1.9208275352146016e+39  2.1563199502358097e+39  2.4204246117559658e+39 
  63342.21932827267   21172031829002.18  22930462590306.977   24572623932175.43      8422.276427199   8697.852753201327   9011.082094479956  1.9153092904580012e+39   2.150164765805666e+39  2.4135317351399964e+39 
  63344.45767957411  21141577891760.926    22897536319132.8  24537517262608.516      8422.276427199   8697.852753201327   9011.082094479956  1.9098108498634492e+39  2.1440315321613597e+39  2.4066633837355128e+39 
  63346.69603087555   21111189623504.06  22864680929591.137  24502485797788.746      8422.276427199   8697.852753201327   9011.082094479956  1.9043321282102743e+39   2.137920155421523e+39  2.3998194528851414e+39 
  63348.93438217699  21080866835572.094  22831896218367.477  24467529323041.137      8422.276427199   8697.852753201327   9011.082094479956  1.8988730406813233e+39   2.131830542172886e+39  2.3929998384535125e+39 
  63351.17273347842   21050609339983.61  22799181982889.203  24432647624475.957      8422.276427199   8697.852753201327   9011.082094479956   1.893433502901008e+39   2.125762599467944e+39  2.3862044368220494e+39 
 63353.411084779866  21020416949430.625   22766538021308.07   24397840489001.54      8422.276427199   8697.852753201327   9011.082094479956  1.8880134309140158e+39   2.119716234821803e+39  2.3794331448873195e+39 
   63355.6494360813  20990289477287.535   22733964132495.18  24363107704159.676      8422.276427199   8697.852753201327   9011.082094479956  1.8826127411841152e+39  2.1136913562099872e+39  2.3726858600580414e+39 
  63357.88778738274  20960226737591.133  22701460116045.547  24328449058323.285      8422.276427199   8697.852753201327   9011.082094479956   1.877231350594491e+39   2.107687872065959e+39  2.3659624802522312e+39 
  63360.12613868418  20930228545024.887   22669025772265.43    24293864340614.0      8422.276427199   8697.852753201327   9011.082094479956  1.8718691764445427e+39  2.1017056912810147e+39  2.3592629038939516e+39 
 63362.364489985615  20900294714947.805  22636660902185.805  24259353340911.195      8422.276427199   8697.852753201327   9011.082094479956   1.866526136453533e+39  2.0957447232057443e+39  2.3525870299202338e+39 
  63364.60284128706   20870425063380.48  22604365307555.562   24224915849831.69      8422.276427199   8697.852753201327   9011.082094479956  1.8612021487372905e+39  2.0898048776171026e+39   2.345934757747973e+39 
 63366.841192588494  20840619406998.098   22572138790787.64   24190551658731.16      8422.276427199   8697.852753201327   9011.082094479956  1.8558971318344745e+39  2.0838860647519605e+39  2.3393059873025153e+39 
  63369.07954388993  20810877563132.145   22539981155024.03    24156260559711.5      8422.276427199   8697.852753201327   9011.082094479956   1.850611004683535e+39   2.077988195295207e+39  2.3327006190051744e+39 
  63371.31789519137  20781199349765.984  22507892204109.375   24122042345610.36      8422.276427199   8697.852753201327   9011.082094479956  1.8453436866171842e+39   2.072111180377031e+39   2.326118553772477e+39 
  63373.55624649281  20751584585529.242  22475871742591.547  24087896809999.145      8422.276427199   8697.852753201327   9011.082094479956  1.8400950973790093e+39  2.0662549315539807e+39   2.319559693018272e+39 
  63375.79459779424   20722033089698.79   22443919575759.91  24053823747180.465      8422.276427199   8697.852753201327   9011.082094479956  1.8348651571103888e+39   2.060419360827471e+39  2.3130239386107402e+39 
  63378.03294909569   20692544682195.06  22412035509514.594   24019822952214.99      8422.276427199   8697.852753201327   9011.082094479956   1.829653786350462e+39   2.054604380634835e+39  2.3065111929212534e+39 
  63380.27130039712  20663119183579.086  22380240909633.285  23985894220829.758      8422.276427199   8697.852753201327   9011.082094479956  1.8244609060331716e+39  2.0488099038448884e+39  2.3000213588117773e+39 
 63382.509651698565  20633756415047.504  22348625117439.066  23952037349496.254      8422.276427199   8697.852753201327   9011.082094479956  1.8192864374850296e+39  2.0430358437555777e+39   2.293554339607228e+39 
       63384.748003  20604456198432.875   22317076290467.67  23918252135405.492      8422.276427199   8697.852753201327   9011.082094479956  1.8141303024226373e+39   2.037282114093544e+39  2.2871100391092485e+39 
