                MJD               R_low               R_med              R_high               T_low               T_med              T_high                   L_low                   L_med                  L_high 
       59825.549695                 0.0                 0.0                 0.0                 0.0                 0.0                 0.0                     0.0                     0.0                     0.0 
 59827.778432993124                 0.0                 0.0                 0.0                 0.0                 0.0                 0.0                     0.0                     0.0                     0.0 
 59830.007170986246                 0.0                 0.0                 0.0                 0.0                 0.0                 0.0                     0.0                     0.0                     0.0 
  59832.23590897936                 0.0                 0.0                 0.0                 0.0                 0.0                 0.0                     0.0                     0.0                     0.0 
  59834.46464697248                 0.0                 0.0                 0.0                 0.0                 0.0                 0.0                     0.0                     0.0                     0.0 
 59836.693384965605                 0.0                 0.0                 0.0                 0.0                 0.0                 0.0                     0.0                     0.0                     0.0 
  59838.92212295873                 0.0                 0.0                 0.0                 0.0                 0.0                 0.0                     0.0                     0.0                     0.0 
  59841.15086095185                 0.0                 0.0                 0.0                 0.0                 0.0                 0.0                     0.0                     0.0                     0.0 
 59843.379598944965                 0.0                 0.0                 0.0                 0.0                 0.0                 0.0                     0.0                     0.0                     0.0 
  59845.60833693809                 0.0                 0.0                 0.0                 0.0                 0.0                 0.0                     0.0                     0.0                     0.0 
  59847.83707493121                 0.0                 0.0                 0.0                 0.0                 0.0                 0.0                     0.0                     0.0                     0.0 
  59850.06581292433                 0.0                 0.0                 0.0                 0.0                 0.0                 0.0                     0.0                     0.0                     0.0 
  59852.29455091745                 0.0                 0.0                 0.0                 0.0                 0.0                 0.0                     0.0                     0.0                     0.0 
  59854.52328891057                 0.0                 0.0                 0.0                 0.0                 0.0                 0.0                     0.0                     0.0                     0.0 
  59856.75202690369                 0.0                 0.0                 0.0                 0.0                 0.0                 0.0                     0.0                     0.0                     0.0 
  59858.98076489681                 0.0                 0.0                 0.0                 0.0                 0.0                 0.0                     0.0                     0.0                     0.0 
 59861.209502889935                 0.0                 0.0                 0.0                 0.0                 0.0                 0.0                     0.0                     0.0                     0.0 
  59863.43824088306                 0.0                 0.0                 0.0                 0.0                 0.0                 0.0                     0.0                     0.0                     0.0 
  59865.66697887617                 0.0                 0.0                 0.0                 0.0                 0.0                 0.0                     0.0                     0.0                     0.0 
 59867.895716869294                 0.0                 0.0                 0.0                 0.0                 0.0                 0.0                     0.0                     0.0                     0.0 
 59870.124454862416                 0.0                 0.0                 0.0                 0.0                 0.0                 0.0                     0.0                     0.0                     0.0 
  59872.35319285554                 0.0                 0.0                 0.0                 0.0                 0.0                 0.0                     0.0                     0.0                     0.0 
  59874.58193084865                 0.0                 0.0                 0.0                 0.0                 0.0                 0.0                     0.0                     0.0                     0.0 
 59876.810668841776                 0.0                 0.0                 0.0                 0.0                 0.0                 0.0                     0.0                     0.0                     0.0 
   59879.0394068349                 0.0                 0.0                 0.0                 0.0                 0.0                 0.0                     0.0                     0.0                     0.0 
  59881.26814482802                 0.0                 0.0                 0.0                 0.0                 0.0                 0.0                     0.0                     0.0                     0.0 
  59883.49688282114                 0.0                 0.0                 0.0                 0.0                 0.0                 0.0                     0.0                     0.0                     0.0 
  59885.72562081426                 0.0                 0.0                 0.0                 0.0                 0.0                 0.0                     0.0                     0.0                     0.0 
  59887.95435880738                 0.0                 0.0                 0.0                 0.0                 0.0                 0.0                     0.0                     0.0                     0.0 
   59890.1830968005                 0.0                 0.0                 0.0                 0.0                 0.0                 0.0                     0.0                     0.0                     0.0 
 59892.411834793624                 0.0                 0.0                 0.0                 0.0                 0.0                 0.0                     0.0                     0.0                     0.0 
 59894.640572786746                 0.0                 0.0                 0.0                 0.0                 0.0                 0.0                     0.0                     0.0                     0.0 
  59896.86931077986                 0.0                 0.0                 0.0                 0.0                 0.0                 0.0                     0.0                     0.0                     0.0 
  59899.09804877298                 0.0                 0.0                 0.0                 0.0                 0.0                 0.0                     0.0                     0.0                     0.0 
 59901.326786766105                 0.0                 0.0                 0.0                 0.0                 0.0                 0.0                     0.0                     0.0                     0.0 
  59903.55552475923                 0.0                 0.0                 0.0                 0.0                 0.0                 0.0                     0.0                     0.0                     0.0 
  59905.78426275235                 0.0                 0.0                 0.0                 0.0                 0.0                 0.0                     0.0                     0.0                     0.0 
 59908.013000745465                 0.0                 0.0                 0.0                 0.0                 0.0                 0.0                     0.0                     0.0                     0.0 
  59910.24173873859                 0.0                 0.0                 0.0                 0.0                 0.0                 0.0                     0.0                     0.0                     0.0 
  59912.47047673171                 0.0                 0.0                 0.0                 0.0                 0.0                 0.0                     0.0                     0.0                     0.0 
  59914.69921472483                 0.0                 0.0                 0.0                 0.0                 0.0                 0.0                     0.0                     0.0                     0.0 
  59916.92795271795                 0.0                 0.0                 0.0                 0.0                 0.0                 0.0                     0.0                     0.0                     0.0 
  59919.15669071107                 0.0                 0.0                 0.0                 0.0                 0.0                 0.0                     0.0                     0.0                     0.0 
  59921.38542870419                 0.0                 0.0                 0.0                 0.0                 0.0                 0.0                     0.0                     0.0                     0.0 
  59923.61416669731                 0.0                 0.0                 0.0                 0.0                 0.0                 0.0                     0.0                     0.0                     0.0 
 59925.842904690435                 0.0                 0.0                 0.0                 0.0                 0.0                 0.0                     0.0                     0.0                     0.0 
  59928.07164268356                 0.0                 0.0                 0.0                 0.0                 0.0                 0.0                     0.0                     0.0                     0.0 
  59930.30038067667                 0.0                 0.0                 0.0                 0.0                 0.0                 0.0                     0.0                     0.0                     0.0 
 59932.529118669794                 0.0                 0.0                 0.0                 0.0                 0.0                 0.0                     0.0                     0.0                     0.0 
 59934.757856662916                 0.0                 0.0                 0.0                 0.0                 0.0                 0.0                     0.0                     0.0                     0.0 
  59936.98659465604                 0.0                 0.0                 0.0                 0.0                 0.0                 0.0                     0.0                     0.0                     0.0 
  59939.21533264916                 0.0                 0.0                 0.0                 0.0                 0.0                 0.0                     0.0                     0.0                     0.0 
 59941.444070642276                 0.0                 0.0                 0.0                 0.0                 0.0                 0.0                     0.0                     0.0                     0.0 
   59943.6728086354                 0.0                 0.0                 0.0                 0.0                 0.0                 0.0                     0.0                     0.0                     0.0 
  59945.90154662852                 0.0                 0.0                 0.0                 0.0                 0.0                 0.0                     0.0                     0.0                     0.0 
  59948.13028462164                 0.0                 0.0                 0.0                 0.0                 0.0                 0.0                     0.0                     0.0                     0.0 
  59950.35902261476                 0.0                 0.0                 0.0                 0.0                 0.0                 0.0                     0.0                     0.0                     0.0 
  59952.58776060788                 0.0                 0.0                 0.0                 0.0                 0.0                 0.0                     0.0                     0.0                     0.0 
    59954.816498601                 0.0                 0.0                 0.0                 0.0                 0.0                 0.0                     0.0                     0.0                     0.0 
 59957.045236594124                 0.0                 0.0                 0.0                 0.0                 0.0                 0.0                     0.0                     0.0                     0.0 
 59959.273974587246                 0.0                 0.0                 0.0                 0.0                 0.0                 0.0                     0.0                     0.0                     0.0 
  59961.50271258036                 0.0                 0.0                 0.0                 0.0                 0.0                 0.0                     0.0                     0.0                     0.0 
  59963.73145057348                 0.0                 0.0                 0.0                 0.0                 0.0                 0.0                     0.0                     0.0                     0.0 
 59965.960188566605                 0.0                 0.0                 0.0                 0.0                 0.0                 0.0                     0.0                     0.0                     0.0 
  59968.18892655973                 0.0                 0.0                 0.0                 0.0                 0.0                 0.0                     0.0                     0.0                     0.0 
  59970.41766455285                 0.0                 0.0                 0.0                 0.0                 0.0                 0.0                     0.0                     0.0                     0.0 
 59972.646402545965                 0.0                 0.0                 0.0                 0.0                 0.0                 0.0                     0.0                     0.0                     0.0 
  59974.87514053909                 0.0                 0.0                 0.0                 0.0                 0.0                 0.0                     0.0                     0.0                     0.0 
  59977.10387853221                 0.0                 0.0                 0.0                 0.0                 0.0                 0.0                     0.0                     0.0                     0.0 
  59979.33261652533                 0.0                 0.0                 0.0                 0.0                 0.0                 0.0                     0.0                     0.0                     0.0 
  59981.56135451845                 0.0                 0.0                 0.0                 0.0                 0.0                 0.0                     0.0                     0.0                     0.0 
  59983.79009251157                 0.0                 0.0                 0.0                 0.0                 0.0                 0.0                     0.0                     0.0                     0.0 
  59986.01883050469                 0.0                 0.0                 0.0                 0.0                 0.0                 0.0                     0.0                     0.0                     0.0 
  59988.24756849781                 0.0                 0.0                 0.0                 0.0                 0.0                 0.0                     0.0                     0.0                     0.0 
 59990.476306490935                 0.0                 0.0                 0.0                 0.0                 0.0                 0.0                     0.0                     0.0                     0.0 
  59992.70504448406                 0.0                 0.0                 0.0                 0.0                 0.0                 0.0                     0.0                     0.0                     0.0 
  59994.93378247717                 0.0                 0.0                 0.0                 0.0                 0.0                 0.0                     0.0                     0.0                     0.0 
 59997.162520470294                 0.0                 0.0                 0.0                 0.0                 0.0                 0.0                     0.0                     0.0                     0.0 
 59999.391258463416                 0.0                 0.0                 0.0                 0.0                 0.0                 0.0                     0.0                     0.0                     0.0 
  60001.61999645654                 0.0                 0.0                 0.0                 0.0                 0.0                 0.0                     0.0                     0.0                     0.0 
  60003.84873444966                 0.0                 0.0                 0.0                 0.0                 0.0                 0.0                     0.0                     0.0                     0.0 
 60006.077472442776                 0.0                 0.0                 0.0                 0.0                 0.0                 0.0                     0.0                     0.0                     0.0 
   60008.3062104359                 0.0                 0.0                 0.0                 0.0                 0.0                 0.0                     0.0                     0.0                     0.0 
  60010.53494842902                 0.0                 0.0                 0.0                 0.0                 0.0                 0.0                     0.0                     0.0                     0.0 
  60012.76368642214                 0.0                 0.0                 0.0                 0.0                 0.0                 0.0                     0.0                     0.0                     0.0 
 60014.992424415264                 0.0                 0.0                 0.0                 0.0                 0.0                 0.0                     0.0                     0.0                     0.0 
  60017.22116240838                 0.0                 0.0                 0.0                 0.0                 0.0                 0.0                     0.0                     0.0                     0.0 
   60019.4499004015                 0.0                 0.0                 0.0                 0.0                 0.0                 0.0                     0.0                     0.0                     0.0 
 60021.678638394624                 0.0                 0.0                 0.0                 0.0                 0.0                 0.0                     0.0                     0.0                     0.0 
 60023.907376387746                 0.0                 0.0                 0.0                 0.0                 0.0                 0.0                     0.0                     0.0                     0.0 
  60026.13611438086                 0.0                 0.0                 0.0                 0.0                 0.0                 0.0                     0.0                     0.0                     0.0 
  60028.36485237398                 0.0                 0.0                 0.0                 0.0                 0.0                 0.0                     0.0                     0.0                     0.0 
 60030.593590367105                 0.0                 0.0                 0.0                 0.0                 0.0                 0.0                     0.0                     0.0                     0.0 
  60032.82232836023                 0.0                 0.0                 0.0                 0.0                 0.0                 0.0                     0.0                     0.0                     0.0 
  60035.05106635335                 0.0                 0.0                 0.0                 0.0                 0.0                 0.0                     0.0                     0.0                     0.0 
 60037.279804346465                 0.0                 0.0                 0.0                 0.0                 0.0                 0.0                     0.0                     0.0                     0.0 
  60039.50854233959                 0.0                 0.0                 0.0                 0.0                 0.0                 0.0                     0.0                     0.0                     0.0 
  60041.73728033271                 0.0                 0.0                 0.0                 0.0                 0.0                 0.0                     0.0                     0.0                     0.0 
  60043.96601832583                 0.0                 0.0                 0.0                 0.0                 0.0                 0.0                     0.0                     0.0                     0.0 
  60046.19475631895                 0.0                 0.0                 0.0                 0.0                 0.0                 0.0                     0.0                     0.0                     0.0 
  60048.42349431207                 0.0                 0.0                 0.0                 0.0                 0.0                 0.0                     0.0                     0.0                     0.0 
  60050.65223230519                 0.0                 0.0                 0.0                 0.0                 0.0                 0.0                     0.0                     0.0                     0.0 
  60052.88097029831                 0.0                 0.0                 0.0                 0.0                 0.0                 0.0                     0.0                     0.0                     0.0 
 60055.109708291435                 0.0                 0.0                 0.0                 0.0                 0.0                 0.0                     0.0                     0.0                     0.0 
  60057.33844628456                 0.0                 0.0                 0.0                 0.0                 0.0                 0.0                     0.0                     0.0                     0.0 
  60059.56718427767                 0.0                 0.0                 0.0                 0.0                 0.0                 0.0                     0.0                     0.0                     0.0 
 60061.795922270794                 0.0                 0.0                 0.0                 0.0                 0.0                 0.0                     0.0                     0.0                     0.0 
 60064.024660263916                 0.0                 0.0                 0.0                 0.0                 0.0                 0.0                     0.0                     0.0                     0.0 
  60066.25339825704                 0.0                 0.0                 0.0                 0.0                 0.0                 0.0                     0.0                     0.0                     0.0 
  60068.48213625016                 0.0                 0.0                 0.0                 0.0                 0.0                 0.0                     0.0                     0.0                     0.0 
 60070.710874243276                 0.0                 0.0                 0.0                 0.0                 0.0                 0.0                     0.0                     0.0                     0.0 
   60072.9396122364                 0.0                 0.0                 0.0                 0.0                 0.0                 0.0                     0.0                     0.0                     0.0 
  60075.16835022952                 0.0                 0.0                 0.0                 0.0                 0.0                 0.0                     0.0                     0.0                     0.0 
  60077.39708822264                 0.0                 0.0                 0.0                 0.0                 0.0                 0.0                     0.0                     0.0                     0.0 
 60079.625826215764                 0.0                 0.0                 0.0                 0.0                 0.0                 0.0                     0.0                     0.0                     0.0 
  60081.85456420888                 0.0                 0.0                 0.0                 0.0                 0.0                 0.0                     0.0                     0.0                     0.0 
    60084.083302202                 0.0                 0.0                 0.0                 0.0                 0.0                 0.0                     0.0                     0.0                     0.0 
 60086.312040195124                 0.0                 0.0                 0.0                 0.0                 0.0                 0.0                     0.0                     0.0                     0.0 
 60088.540778188246                 0.0                 0.0                 0.0                 0.0                 0.0                 0.0                     0.0                     0.0                     0.0 
  60090.76951618137                 0.0                 0.0                 0.0                 0.0                 0.0                 0.0                     0.0                     0.0                     0.0 
  60092.99825417448                 0.0                 0.0                 0.0                 0.0                 0.0                 0.0                     0.0                     0.0                     0.0 
 60095.226992167605                 0.0                 0.0                 0.0                 0.0                 0.0                 0.0                     0.0                     0.0                     0.0 
  60097.45573016073                 0.0                 0.0                 0.0                 0.0                 0.0                 0.0                     0.0                     0.0                     0.0 
  60099.68446815385                 0.0                 0.0                 0.0                 0.0                 0.0                 0.0                     0.0                     0.0                     0.0 
 60101.913206146965                 0.0                 0.0                 0.0                 0.0                 0.0                 0.0                     0.0                     0.0                     0.0 
  60104.14194414009                 0.0                 0.0                 0.0                 0.0                 0.0                 0.0                     0.0                     0.0                     0.0 
  60106.37068213321                 0.0                 0.0                 0.0                 0.0                 0.0                 0.0                     0.0                     0.0                     0.0 
  60108.59942012633                 0.0                 0.0                 0.0                 0.0                 0.0                 0.0                     0.0                     0.0                     0.0 
  60110.82815811945                 0.0                 0.0                 0.0                 0.0                 0.0                 0.0                     0.0                     0.0                     0.0 
  60113.05689611257                 0.0                 0.0                 0.0                 0.0                 0.0                 0.0                     0.0                     0.0                     0.0 
  60115.28563410569                 0.0                 0.0                 0.0                 0.0                 0.0                 0.0                     0.0                     0.0                     0.0 
  60117.51437209881                 0.0                 0.0                 0.0                 0.0                 0.0                 0.0                     0.0                     0.0                     0.0 
 60119.743110091935                 0.0                 0.0                 0.0                 0.0                 0.0                 0.0                     0.0                     0.0                     0.0 
  60121.97184808506                 0.0                 0.0                 0.0                 0.0                 0.0                 0.0                     0.0                     0.0                     0.0 
  60124.20058607817                 0.0                 0.0                 0.0                 0.0                 0.0                 0.0                     0.0                     0.0                     0.0 
 60126.429324071294                 0.0                 0.0                 0.0                 0.0                 0.0                 0.0                     0.0                     0.0                     0.0 
 60128.658062064416                 0.0                 0.0                 0.0                 0.0                 0.0                 0.0                     0.0                     0.0                     0.0 
  60130.88680005754                 0.0                 0.0                 0.0                 0.0                 0.0                 0.0                     0.0                     0.0                     0.0 
  60133.11553805066                 0.0                 0.0                 0.0                 0.0                 0.0                 0.0                     0.0                     0.0                     0.0 
 60135.344276043776                 0.0                 0.0                 0.0                 0.0                 0.0                 0.0                     0.0                     0.0                     0.0 
   60137.5730140369                 0.0                 0.0                 0.0                 0.0                 0.0                 0.0                     0.0                     0.0                     0.0 
  60139.80175203002                 0.0                 0.0                 0.0                 0.0                 0.0                 0.0                     0.0                     0.0                     0.0 
  60142.03049002314                 0.0                 0.0                 0.0                 0.0                 0.0                 0.0                     0.0                     0.0                     0.0 
 60144.259228016264                 0.0                 0.0                 0.0                 0.0                 0.0                 0.0                     0.0                     0.0                     0.0 
  60146.48796600938                 0.0                 0.0                 0.0                 0.0                 0.0                 0.0                     0.0                     0.0                     0.0 
   60148.7167040025                 0.0                 0.0                 0.0                 0.0                 0.0                 0.0                     0.0                     0.0                     0.0 
 60150.945441995624                 0.0                 0.0                 0.0                 0.0                 0.0                 0.0                     0.0                     0.0                     0.0 
 60153.174179988746                 0.0                 0.0                 0.0                 0.0                 0.0                 0.0                     0.0                     0.0                     0.0 
  60155.40291798187                 0.0                 0.0                 0.0                 0.0                 0.0                 0.0                     0.0                     0.0                     0.0 
  60157.63165597498                 0.0                 0.0                 0.0                 0.0                 0.0                 0.0                     0.0                     0.0                     0.0 
 60159.860393968105                 0.0                 0.0                 0.0                 0.0                 0.0                 0.0                     0.0                     0.0                     0.0 
  60162.08913196123                 0.0                 0.0                 0.0                 0.0                 0.0                 0.0                     0.0                     0.0                     0.0 
  60164.31786995435                 0.0                 0.0                 0.0                 0.0                 0.0                 0.0                     0.0                     0.0                     0.0 
  60166.54660794747                 0.0                 0.0                 0.0                 0.0                 0.0                 0.0                     0.0                     0.0                     0.0 
  60168.77534594059                 0.0                 0.0                 0.0                 0.0                 0.0                 0.0                     0.0                     0.0                     0.0 
  60171.00408393371                 0.0                 0.0                 0.0                 0.0                 0.0                 0.0                     0.0                     0.0                     0.0 
  60173.23282192683                 0.0                 0.0                 0.0                 0.0                 0.0                 0.0                     0.0                     0.0                     0.0 
  60175.46155991995                 0.0                 0.0                 0.0                 0.0                 0.0                 0.0                     0.0                     0.0                     0.0 
  60177.69029791307                 0.0                 0.0                 0.0                 0.0                 0.0                 0.0                     0.0                     0.0                     0.0 
  60179.91903590619                 0.0                 0.0                 0.0                 0.0                 0.0                 0.0                     0.0                     0.0                     0.0 
  60182.14777389931                 0.0                 0.0                 0.0                 0.0                 0.0                 0.0                     0.0                     0.0                     0.0 
 60184.376511892435                 0.0                 0.0                 0.0                 0.0                 0.0                 0.0                     0.0                     0.0                     0.0 
  60186.60524988556                 0.0                 0.0                 0.0                 0.0                 0.0                 0.0                     0.0                     0.0                     0.0 
  60188.83398787867                 0.0                 0.0                 0.0                 0.0                 0.0                 0.0                     0.0                     0.0                     0.0 
 60191.062725871794                 0.0                 0.0                 0.0                 0.0                 0.0                 0.0                     0.0                     0.0                     0.0 
 60193.291463864916                 0.0                 0.0                 0.0                 0.0                 0.0                 0.0                     0.0                     0.0                     0.0 
  60195.52020185804                 0.0                 0.0                 0.0                 0.0                 0.0                 0.0                     0.0                     0.0                     0.0 
  60197.74893985116                 0.0                 0.0                 0.0                 0.0                 0.0                 0.0                     0.0                     0.0                     0.0 
 60199.977677844276                 0.0                 0.0                 0.0                 0.0                 0.0                 0.0                     0.0                     0.0                     0.0 
   60202.2064158374                 0.0                 0.0                 0.0                 0.0                 0.0                 0.0                     0.0                     0.0                     0.0 
  60204.43515383052                 0.0                 0.0                 0.0                 0.0                 0.0                 0.0                     0.0                     0.0                     0.0 
  60206.66389182364                 0.0                 0.0                 0.0                 0.0                 0.0                 0.0                     0.0                     0.0                     0.0 
 60208.892629816764                 0.0                 0.0                 0.0                 0.0                 0.0                 0.0                     0.0                     0.0                     0.0 
  60211.12136780988                 0.0                 0.0                 0.0                 0.0                 0.0                 0.0                     0.0                     0.0                     0.0 
    60213.350105803                 0.0                 0.0                 0.0                 0.0                 0.0                 0.0                     0.0                     0.0                     0.0 
 60215.578843796124                 0.0                 0.0                 0.0                 0.0                 0.0                 0.0                     0.0                     0.0                     0.0 
 60217.807581789246                 0.0                 0.0                 0.0                 0.0                 0.0                 0.0                     0.0                     0.0                     0.0 
  60220.03631978237                 0.0                 0.0                 0.0                 0.0                 0.0                 0.0                     0.0                     0.0                     0.0 
  60222.26505777548                 0.0                 0.0                 0.0                 0.0                 0.0                 0.0                     0.0                     0.0                     0.0 
 60224.493795768605                 0.0                 0.0                 0.0                 0.0                 0.0                 0.0                     0.0                     0.0                     0.0 
  60226.72253376173                 0.0                 0.0                 0.0                 0.0                 0.0                 0.0                     0.0                     0.0                     0.0 
  60228.95127175485                 0.0                 0.0                 0.0                 0.0                 0.0                 0.0                     0.0                     0.0                     0.0 
  60231.18000974797                 0.0                 0.0                 0.0                 0.0                 0.0                 0.0                     0.0                     0.0                     0.0 
  60233.40874774109                 0.0                 0.0                 0.0                 0.0                 0.0                 0.0                     0.0                     0.0                     0.0 
  60235.63748573421                 0.0                 0.0                 0.0                 0.0                 0.0                 0.0                     0.0                     0.0                     0.0 
  60237.86622372733                 0.0                 0.0                 0.0                 0.0                 0.0                 0.0                     0.0                     0.0                     0.0 
  60240.09496172045                 0.0                 0.0                 0.0                 0.0                 0.0                 0.0                     0.0                     0.0                     0.0 
 60242.323699713575                 0.0                 0.0                 0.0                 0.0                 0.0                 0.0                     0.0                     0.0                     0.0 
  60244.55243770669                 0.0                 0.0                 0.0                 0.0                 0.0                 0.0                     0.0                     0.0                     0.0 
  60246.78117569981                 0.0                 0.0                 0.0                 0.0                 0.0                 0.0                     0.0                     0.0                     0.0 
 60249.009913692935                 0.0                 0.0                 0.0                 0.0                 0.0                 0.0                     0.0                     0.0                     0.0 
  60251.23865168606                 0.0                 0.0                 0.0                 0.0                 0.0                 0.0                     0.0                     0.0                     0.0 
  60253.46738967918                 0.0                 0.0                 0.0                 0.0                 0.0                 0.0                     0.0                     0.0                     0.0 
 60255.696127672294                 0.0                 0.0                 0.0                 0.0                 0.0                 0.0                     0.0                     0.0                     0.0 
 60257.924865665416                 0.0                 0.0                 0.0                 0.0                 0.0                 0.0                     0.0                     0.0                     0.0 
  60260.15360365854                 0.0                 0.0                 0.0                 0.0                 0.0                 0.0                     0.0                     0.0                     0.0 
  60262.38234165166                 0.0                 0.0                 0.0                 0.0                 0.0                 0.0                     0.0                     0.0                     0.0 
 60264.611079644776                 0.0                 0.0                 0.0                 0.0                 0.0                 0.0                     0.0                     0.0                     0.0 
   60266.8398176379                 0.0                 0.0                 0.0                 0.0                 0.0                 0.0                     0.0                     0.0                     0.0 
  60269.06855563102                 0.0                 0.0                 0.0                 0.0                 0.0                 0.0                     0.0                     0.0                     0.0 
  60271.29729362414                 0.0                 0.0                 0.0                 0.0                 0.0                 0.0                     0.0                     0.0                     0.0 
 60273.526031617264                 0.0                 0.0                 0.0                 0.0                 0.0                 0.0                     0.0                     0.0                     0.0 
  60275.75476961038                 0.0                 0.0                 0.0                 0.0                 0.0                 0.0                     0.0                     0.0                     0.0 
   60277.9835076035                 0.0                 0.0                 0.0                 0.0                 0.0                 0.0                     0.0                     0.0                     0.0 
 60280.212245596624                 0.0                 0.0                 0.0                 0.0                 0.0                 0.0                     0.0                     0.0                     0.0 
 60282.440983589746                 0.0                 0.0                 0.0                 0.0                 0.0                 0.0                     0.0                     0.0                     0.0 
  60284.66972158287                 0.0                 0.0                 0.0                 0.0                 0.0                 0.0                     0.0                     0.0                     0.0 
  60286.89845957598                 0.0                 0.0                 0.0                 0.0                 0.0                 0.0                     0.0                     0.0                     0.0 
 60289.127197569105                 0.0                 0.0                 0.0                 0.0                 0.0                 0.0                     0.0                     0.0                     0.0 
  60291.35593556223                 0.0                 0.0                 0.0                 0.0                 0.0                 0.0                     0.0                     0.0                     0.0 
  60293.58467355535                 0.0                 0.0                 0.0                 0.0                 0.0                 0.0                     0.0                     0.0                     0.0 
  60295.81341154847                 0.0                 0.0                 0.0                 0.0                 0.0                 0.0                     0.0                     0.0                     0.0 
  60298.04214954159                 0.0                 0.0                 0.0                 0.0                 0.0                 0.0                     0.0                     0.0                     0.0 
  60300.27088753471                 0.0                 0.0                 0.0                 0.0                 0.0                 0.0                     0.0                     0.0                     0.0 
  60302.49962552783                 0.0                 0.0                 0.0                 0.0                 0.0                 0.0                     0.0                     0.0                     0.0 
  60304.72836352095                 0.0                 0.0                 0.0                 0.0                 0.0                 0.0                     0.0                     0.0                     0.0 
 60306.957101514075                 0.0                 0.0                 0.0                 0.0                 0.0                 0.0                     0.0                     0.0                     0.0 
  60309.18583950719                 0.0                 0.0                 0.0                 0.0                 0.0                 0.0                     0.0                     0.0                     0.0 
  60311.41457750031                 0.0                 0.0                 0.0                 0.0                 0.0                 0.0                     0.0                     0.0                     0.0 
 60313.643315493435                 0.0                 0.0                 0.0                 0.0                 0.0                 0.0                     0.0                     0.0                     0.0 
  60315.87205348656                 0.0                 0.0                 0.0                 0.0                 0.0                 0.0                     0.0                     0.0                     0.0 
  60318.10079147968                 0.0                 0.0                 0.0                 0.0                 0.0                 0.0                     0.0                     0.0                     0.0 
 60320.329529472794                 0.0                 0.0                 0.0                 0.0                 0.0                 0.0                     0.0                     0.0                     0.0 
 60322.558267465916                 0.0                 0.0                 0.0                 0.0                 0.0                 0.0                     0.0                     0.0                     0.0 
  60324.78700545904                 0.0                 0.0                 0.0                 0.0                 0.0                 0.0                     0.0                     0.0                     0.0 
       60325.549695                 0.0                 0.0                 0.0                 0.0                 0.0                 0.0                     0.0                     0.0                     0.0 
  60327.01574345216                 0.0                 0.0                 0.0                 0.0                 0.0                 0.0                     0.0                     0.0                     0.0 
       60327.625903                 0.0                 0.0                 0.0                 0.0                 0.0                 0.0                     0.0                     0.0                     0.0 
 60329.244481445276                 0.0                 0.0                 0.0                 0.0                 0.0                 0.0                     0.0                     0.0                     0.0 
   60331.4732194384                 0.0                 0.0                 0.0                 0.0                 0.0                 0.0                     0.0                     0.0                     0.0 
       60331.612147                 0.0                 0.0                 0.0                 0.0                 0.0                 0.0                     0.0                     0.0                     0.0 
  60333.70195743152                 0.0                 0.0                 0.0                 0.0                 0.0                 0.0                     0.0                     0.0                     0.0 
  60335.93069542464                 0.0                 0.0                 0.0                 0.0                 0.0                 0.0                     0.0                     0.0                     0.0 
 60338.159433417764                 0.0                 0.0                 0.0                 0.0                 0.0                 0.0                     0.0                     0.0                     0.0 
  60340.38817141088                 0.0                 0.0                 0.0                 0.0                 0.0                 0.0                     0.0                     0.0                     0.0 
       60341.592735                 0.0                 0.0                 0.0                 0.0                 0.0                 0.0                     0.0                     0.0                     0.0 
    60342.616909404                 0.0                 0.0                 0.0                 0.0                 0.0                 0.0                     0.0                     0.0                     0.0 
       60343.643327                 0.0                 0.0                 0.0                 0.0                 0.0                 0.0                     0.0                     0.0                     0.0 
 60344.845647397124                 0.0                 0.0                 0.0                 0.0                 0.0                 0.0                     0.0                     0.0                     0.0 
 60347.074385390246                 0.0                 0.0                 0.0                 0.0                 0.0                 0.0                     0.0                     0.0                     0.0 
       60347.633125                 0.0                 0.0                 0.0                 0.0                 0.0                 0.0                     0.0                     0.0                     0.0 
  60349.30312338337                 0.0                 0.0                 0.0                 0.0                 0.0                 0.0                     0.0                     0.0                     0.0 
  60351.53186137648                 0.0                 0.0                 0.0                 0.0                 0.0                 0.0                     0.0                     0.0                     0.0 
       60351.595855                 0.0                 0.0                 0.0                 0.0                 0.0                 0.0                     0.0                     0.0                     0.0 
 60353.760599369605                 0.0                 0.0                 0.0                 0.0                 0.0                 0.0                     0.0                     0.0                     0.0 
       60355.584285                 0.0                 0.0                 0.0                 0.0                 0.0                 0.0                     0.0                     0.0                     0.0 
  60355.98933736273                 0.0                 0.0                 0.0                 0.0                 0.0                 0.0                     0.0                     0.0                     0.0 
  60358.21807535585                 0.0                 0.0                 0.0                 0.0                 0.0                 0.0                     0.0                     0.0                     0.0 
        60359.54725                 0.0                 0.0                 0.0                 0.0                 0.0                 0.0                     0.0                     0.0                     0.0 
  60360.44681334897                 0.0                 0.0                 0.0                 0.0                 0.0                 0.0                     0.0                     0.0                     0.0 
  60362.67555134209                 0.0                 0.0                 0.0                 0.0                 0.0                 0.0                     0.0                     0.0                     0.0 
  60364.90428933521                 0.0                 0.0                 0.0                 0.0                 0.0                 0.0                     0.0                     0.0                     0.0 
  60367.13302732833                 0.0                 0.0                 0.0                 0.0                 0.0                 0.0                     0.0                     0.0                     0.0 
  60369.36176532145                 0.0                 0.0                 0.0                 0.0                 0.0                 0.0                     0.0                     0.0                     0.0 
       60371.563948                 0.0                 0.0                 0.0                 0.0                 0.0                 0.0                     0.0                     0.0                     0.0 
 60371.590503314575                 0.0                 0.0                 0.0                 0.0                 0.0                 0.0                     0.0                     0.0                     0.0 
  60373.81924130769                 0.0                 0.0                 0.0                 0.0                 0.0                 0.0                     0.0                     0.0                     0.0 
  60376.04797930081                 0.0                 0.0                 0.0                 0.0                 0.0                 0.0                     0.0                     0.0                     0.0 
 60378.276717293935                 0.0                 0.0                 0.0                 0.0                 0.0                 0.0                     0.0                     0.0                     0.0 
  60380.50545528706                 0.0                 0.0                 0.0                 0.0                 0.0                 0.0                     0.0                     0.0                     0.0 
  60382.73419328018                 0.0                 0.0                 0.0                 0.0                 0.0                 0.0                     0.0                     0.0                     0.0 
 60384.962931273294                 0.0                 0.0                 0.0                 0.0                 0.0                 0.0                     0.0                     0.0                     0.0 
 60387.191669266416                 0.0                 0.0                 0.0                 0.0                 0.0                 0.0                     0.0                     0.0                     0.0 
  60389.42040725954                 0.0                 0.0                 0.0                 0.0                 0.0                 0.0                     0.0                     0.0                     0.0 
       60389.513251                 0.0                 0.0                 0.0                 0.0                 0.0                 0.0                     0.0                     0.0                     0.0 
  60391.64914525266                 0.0                 0.0                 0.0                 0.0                 0.0                 0.0                     0.0                     0.0                     0.0 
  60393.87788324578                 0.0                 0.0                 0.0                 0.0                 0.0                 0.0                     0.0                     0.0                     0.0 
   60396.1066212389                 0.0                 0.0                 0.0                 0.0                 0.0                 0.0                     0.0                     0.0                     0.0 
       60397.601083                 0.0                 0.0                 0.0                 0.0                 0.0                 0.0                     0.0                     0.0                     0.0 
  60398.33535923202                 0.0                 0.0                 0.0                 0.0                 0.0                 0.0                     0.0                     0.0                     0.0 
       60399.528408                 0.0                 0.0                 0.0                 0.0                 0.0                 0.0                     0.0                     0.0                     0.0 
  60400.56409722514                 0.0                 0.0                 0.0                 0.0                 0.0                 0.0                     0.0                     0.0                     0.0 
       60401.507427                 0.0                 0.0                 0.0                 0.0                 0.0                 0.0                     0.0                     0.0                     0.0 
 60402.792835218264                 0.0                 0.0                 0.0                 0.0                 0.0                 0.0                     0.0                     0.0                     0.0 
       60404.539448                 0.0                 0.0                 0.0                 0.0                 0.0                 0.0                     0.0                     0.0                     0.0 
  60405.02157321139                 0.0                 0.0                 0.0                 0.0                 0.0                 0.0                     0.0                     0.0                     0.0 
       60406.503055                 0.0                 0.0                 0.0                 0.0                 0.0                 0.0                     0.0                     0.0                     0.0 
   60407.2503112045                 0.0                 0.0                 0.0                 0.0                 0.0                 0.0                     0.0                     0.0                     0.0 
       60407.468283                 0.0                 0.0                 0.0                 0.0                 0.0                 0.0                     0.0                     0.0                     0.0 
 60409.479049197624                 0.0                 0.0                 0.0                 0.0                 0.0                 0.0                     0.0                     0.0                     0.0 
       60410.459192                 0.0                 0.0                 0.0                 0.0                 0.0                 0.0                     0.0                     0.0                     0.0 
 60411.707787190746                 0.0                 0.0                 0.0                 0.0                 0.0                 0.0                     0.0                     0.0                     0.0 
  60413.93652518387                 0.0                 0.0                 0.0                 0.0                 0.0                 0.0                     0.0                     0.0                     0.0 
  60416.16526317698                 0.0                 0.0                 0.0                 0.0                 0.0                 0.0                     0.0                     0.0                     0.0 
 60418.394001170105                 0.0                 0.0                 0.0                 0.0                 0.0                 0.0                     0.0                     0.0                     0.0 
  60420.62273916323                 0.0                 0.0                 0.0                 0.0                 0.0                 0.0                     0.0                     0.0                     0.0 
  60422.85147715635                 0.0                 0.0                 0.0                 0.0                 0.0                 0.0                     0.0                     0.0                     0.0 
  60425.08021514947                 0.0                 0.0                 0.0                 0.0                 0.0                 0.0                     0.0                     0.0                     0.0 
  60427.30895314259                 0.0                 0.0                 0.0                 0.0                 0.0                 0.0                     0.0                     0.0                     0.0 
       60427.469653                 0.0                 0.0                 0.0                 0.0                 0.0                 0.0                     0.0                     0.0                     0.0 
       60429.323911                 0.0                 0.0                 0.0                 0.0                 0.0                 0.0                     0.0                     0.0                     0.0 
       60429.369074                 0.0                 0.0                 0.0                 0.0                 0.0                 0.0                     0.0                     0.0                     0.0 
  60429.53769113571                 0.0                 0.0                 0.0                 0.0                 0.0                 0.0                     0.0                     0.0                     0.0 
       60431.322592                 0.0                 0.0                 0.0                 0.0                 0.0                 0.0                     0.0                     0.0                     0.0 
       60431.444773                 0.0                 0.0                 0.0                 0.0                 0.0                 0.0                     0.0                     0.0                     0.0 
  60431.76642912883                 0.0                 0.0                 0.0                 0.0                 0.0                 0.0                     0.0                     0.0                     0.0 
       60433.348726                 0.0                 0.0                 0.0                 0.0                 0.0                 0.0                     0.0                     0.0                     0.0 
       60433.407916                 0.0                 0.0                 0.0                 0.0                 0.0                 0.0                     0.0                     0.0                     0.0 
  60433.99516712195                 0.0                 0.0                 0.0                 0.0                 0.0                 0.0                     0.0                     0.0                     0.0 
 60436.223905115075                 0.0                 0.0                 0.0                 0.0                 0.0                 0.0                     0.0                     0.0                     0.0 
       60436.405347                 0.0                 0.0                 0.0                 0.0                 0.0                 0.0                     0.0                     0.0                     0.0 
       60436.451412                 0.0                 0.0                 0.0                 0.0                 0.0                 0.0                     0.0                     0.0                     0.0 
       60437.429513                 0.0                 0.0                 0.0                 0.0                 0.0                 0.0                     0.0                     0.0                     0.0 
       60437.449131                 0.0                 0.0                 0.0                 0.0                 0.0                 0.0                     0.0                     0.0                     0.0 
       60438.306956                 0.0                 0.0                 0.0                 0.0                 0.0                 0.0                     0.0                     0.0                     0.0 
       60438.412476                 0.0                 0.0                 0.0                 0.0                 0.0                 0.0                     0.0                     0.0                     0.0 
  60438.45264310819                 0.0                 0.0                 0.0                 0.0                 0.0                 0.0                     0.0                     0.0                     0.0 
        60439.32096                 0.0                 0.0                 0.0                 0.0                 0.0                 0.0                     0.0                     0.0                     0.0 
       60439.407314                 0.0                 0.0                 0.0                 0.0                 0.0                 0.0                     0.0                     0.0                     0.0 
       60439.494025                 0.0                 0.0                 0.0                 0.0                 0.0                 0.0                     0.0                     0.0                     0.0 
  60440.68138110131                 0.0                 0.0                 0.0                 0.0                 0.0                 0.0                     0.0                     0.0                     0.0 
       60441.368321                 0.0                 0.0                 0.0                 0.0                 0.0                 0.0                     0.0                     0.0                     0.0 
       60441.387083                 0.0                 0.0                 0.0                 0.0                 0.0                 0.0                     0.0                     0.0                     0.0 
 60442.910119094435                 0.0                 0.0                 0.0                 0.0                 0.0                 0.0                     0.0                     0.0                     0.0 
        60443.35184                 0.0                 0.0                 0.0                 0.0                 0.0                 0.0                     0.0                     0.0                     0.0 
       60443.410578                 0.0                 0.0                 0.0                 0.0                 0.0                 0.0                     0.0                     0.0                     0.0 
       60443.419955                 0.0                 0.0                 0.0                 0.0                 0.0                 0.0                     0.0                     0.0                     0.0 
  60445.13885708756                 0.0                 0.0                 0.0                 0.0                 0.0                 0.0                     0.0                     0.0                     0.0 
        60445.42603                 0.0                 0.0                 0.0                 0.0                 0.0                 0.0                     0.0                     0.0                     0.0 
        60447.36412                 0.0                 0.0                 0.0                 0.0                 0.0                 0.0                     0.0                     0.0                     0.0 
  60447.36759508068                 0.0                 0.0                 0.0                 0.0                 0.0                 0.0                     0.0                     0.0                     0.0 
       60447.408125                 0.0                 0.0                 0.0                 0.0                 0.0                 0.0                     0.0                     0.0                     0.0 
 60449.596333073794                 0.0                 0.0  29715803449728.367                 0.0                 0.0    29313.3875971407                     0.0                     0.0   5.144779420707845e+41 
 60451.825071066916  32165774673196.055   65380619703265.71  114791604780006.25  25389.769855833965  43917.165711810485   66081.50465262102   3.120877189947867e+42   9.090992946105947e+42  1.8687174547381238e+43 
  60454.05380906004   119141120705545.6   151664424195671.2  198115574133589.75  24352.838764614262   35810.52324311965   44030.12471452715  1.0312800585641344e+43  2.5098102304849294e+43   4.506557611845952e+43 
       60455.416066  173041274692437.78   203985701192376.3   248612042961418.9  23598.312820699917  32725.057244100542  38537.685628037434   1.415756904281634e+43  3.2869259025276974e+43    5.37404966861024e+43 
  60456.28254705316   207902809538359.0  237815818221385.44   282377173169381.2  23197.694424409456  31151.137648971395    36071.3435008615   1.660079527549452e+43  3.7463473641512976e+43   5.887633023070862e+43 
       60458.260312   284673756294393.8   314270614483259.4  359077151145116.25   22093.42811667606   28519.22601507377  32162.887438223795   2.217241220099377e+43   4.586755149756452e+43   6.685274061414495e+43 
       60458.368564  288933398569695.06   318528043416087.8  363328660861177.06   22043.96933488734  28390.276412919102   31988.00431920676  2.2474081563811355e+43   4.626213807315341e+43   6.727820981034076e+43 
  60458.51128504628  294624929446744.75  324141101020497.25   368855078372070.1  21979.250736237893  28232.984868443833  31762.620852669996  2.2897727609470373e+43   4.681811131817585e+43   6.782970564550319e+43 
       60459.397747   328649020093938.1   358957453588596.9  402932886088071.94  21590.322532632035  27310.614536770274  30472.007996368575  2.5506565922107043e+43   5.004530448989155e+43   7.089737502800577e+43 
       60460.279768   362451987360165.5  394488914229489.06  437329505449749.94   21221.96309438712   26461.97898355379  29361.276344911996   2.817835064888561e+43   5.311528744249003e+43   7.347515965927595e+43 
       60460.305705   363445233882498.6   395534014453133.6  438360627264054.25   21211.39355613726  26438.266339426882   29333.86649446033  2.8256084664953135e+43   5.320791003223315e+43   7.354691296324463e+43 
   60460.7400230394  380208298592687.94   412496573024270.1  456023052447709.25   21036.46134281083  26057.028977649054   28869.30118494263  2.9425550985405164e+43   5.473165961379329e+43    7.47125777400796e+43 
       60461.424317   406814514146620.3   439093844949484.9  483261087194177.25  20768.573936227775  25460.981170466508  28140.660206461194   3.121552821444138e+43   5.700907316042207e+43   7.643652992066878e+43 
       60462.268437   439634968463873.7   471331812434390.6   516078099589035.2  20452.764209195775   24799.86274132548   27278.43234247066   3.335540728680423e+43   5.949196257109004e+43   7.837387399192126e+43 
       60462.366493   443447509889986.2   475194906418550.6  519916415445579.06   20418.87535588289   24730.02687812409  27180.895248695208  3.3598536663736805e+43   5.968060126723453e+43   7.858724221375142e+43 
  60462.96876103252   466864453509356.5   498794687084448.1  543491667740653.06  20213.380159115994  24316.275398341226  26604.117705310786  3.5068359998830695e+43   6.081909391664542e+43   7.983302194327473e+43 
        60463.40462  483811201994115.56   516172993543348.5  561149904766096.25  20067.236265335356   24013.35510300497   26209.00807576897  3.6104748414831083e+43   6.200810464550499e+43   8.067678478046906e+43 
       60464.345243   520572719503088.6   553194319312118.9   598933939454178.2  19743.211526401356  23401.336154809367  25412.755139013945   3.826193791258573e+43   6.464542974752888e+43   8.239666489069455e+43 
       60464.367442   521441147952399.1  554038014607631.75   599814501228800.6  19734.841159706433  23387.406566214122   25394.79902183024  3.8311427910032137e+43   6.470484925143338e+43   8.242786143866772e+43 
  60465.19749902564   552810599002285.9   586134304343702.5   632740150472685.8  19428.057755261172  22855.333317832887   24749.08121124282   4.011897163910389e+43   6.657120084075381e+43   8.374071480000434e+43 
       60465.487195   563682692668157.0   597619965382597.5   644231442931502.8   19323.56698378387  22671.236010909837  24534.460032791278   4.072816076848447e+43   6.705855767296397e+43   8.421311938255002e+43 
 60467.426237018764   639003551281010.2   675994584411450.0   722239149025990.9  18656.631986924596  21576.176663098944  23187.708997555346   4.452548838032131e+43   6.967132294364085e+43   8.684539731448032e+43 
       60469.364259   712926056146323.2   753588636526023.5   800861258274857.5  18035.830589113124   20619.43375851109  22060.063258450602   4.780889692345219e+43   7.204646048989972e+43   8.906166452191801e+43 
       60469.385856   713769221277385.9   754416314407757.5   801712342401489.0  18029.136413759694   20608.57264860008  22049.413191631236   4.784248618713352e+43   7.207346381000499e+43   8.907510713080456e+43 
  60469.65497501189   724275854927357.2   764729962308025.4   813041738825695.5   17946.12473713287  20475.466358873935   21917.61433424925   4.825523833431429e+43   7.240307480540876e+43    8.92323279388532e+43 
       60471.347916   790369701766634.1   830005461132566.6   880941247420757.8  17409.443830395398  19769.402558648748  21086.384666033933   5.063178251244693e+43   7.419804858054262e+43   8.986785270009897e+43 
       60471.391712   792079534617498.0   831695948045928.2   882672435157146.1  17395.941734268796  19752.693918417484  21064.154244794598   5.068799407888718e+43   7.422876797405499e+43   8.987825588769607e+43 
       60471.412712   792899392364113.8   832506529495905.5   883502532482628.6  17389.470601509867  19744.695086663967    21053.5145750016   5.071486011130369e+43   7.423896666083436e+43   8.988325903430595e+43 
    60471.883713005   811107989682908.8   851460300160287.0   901968193677830.9  17245.709043522085  19566.965678548444    20818.5164195778   5.130144694204744e+43    7.44609106954013e+43   9.018412823489991e+43 
        60473.34971   867411812889524.4   909176742020646.6   958518448769568.5  16813.259042961752  19009.028385553196   20124.05016350244   5.294159886749763e+43   7.548104756630217e+43    9.06095365246772e+43 
       60473.370798   868237705890501.6   909996576618025.0   959342708457136.9  16807.188070651006  19000.873417027113  20114.418406506695   5.296315122584824e+43   7.550143184469224e+43   9.060822386955821e+43 
 60474.112450998124   897439081043295.4   938996920669128.9   988554374783937.0   16596.33836824995  18718.374199590766  19794.282074461626   5.368344499879738e+43   7.597865344431656e+43   9.059611913492104e+43 
       60475.390543   946757713086705.6   988511451217871.5  1040486481404926.1  16244.220908235995  18256.974319520305   19261.56401474972   5.470690053744718e+43   7.635244691842399e+43   9.060454843491616e+43 
 60476.341188991246   983013279048758.2  1025746254026837.2  1078647066940192.9  15990.786766887542   17933.86256955612   18892.15074476627   5.513993108373665e+43   7.651543876185159e+43   9.045090464748862e+43 
       60476.386041   984731028067222.5  1027408594616830.9  1080425457146443.0  15978.990043236643  17918.865522083368  18875.509121425424   5.515801545164679e+43   7.651721977292624e+43   9.044094128092627e+43 
       60477.382521  1022475646919323.0  1065198665700670.6  1119936068198965.5    15732.1207036429  17589.623562007553  18510.414398115587   5.561586349857818e+43   7.645547570574758e+43   9.015409866369226e+43 
  60478.56992698437  1067731313970212.6  1111304276062325.8  1167016928838161.8  15459.908517907492  17214.715862336703  18086.271722189755   5.602031627978068e+43    7.61720513431895e+43   8.974785885232863e+43 
        60479.31015  1096308181794394.1  1140046869326905.0  1196366904414804.8  15293.124754367376   16990.42710484418   17830.51901244411   5.597404382769915e+43   7.604158671049812e+43   8.942986746092744e+43 
       60479.379799  1098997033971632.5  1142751314927956.8  1199128499779863.2  15277.535299778183  16969.553790920236   17807.14333855916   5.596760203591552e+43   7.602601024871048e+43   8.939654055416942e+43 
       60479.388078  1099316651011043.1  1143072785518111.0  1199456763617534.0  15275.682798376072   16967.07760290344  17804.366528001396   5.596680854116973e+43   7.602411169468369e+43    8.93925327737619e+43 
  60480.79866497749  1151986044805281.2  1198024417416383.8  1257738069621198.5   14968.98321479047   16543.78606643092  17342.513523573427   5.588419596437054e+43   7.560824938841359e+43   8.859990919524322e+43 
       60481.242361  1168550177588364.2  1215413157694668.0  1276059962148212.0  14875.731776142402  16412.805679355188  17199.524226560065   5.585115625415808e+43   7.543737807050251e+43   8.830647329110985e+43 
       60481.299004  1170693815573671.5  1217653548958137.0  1278375384330470.0  14863.905983113045  16396.211146888127   17181.38203351883   5.584576611395419e+43   7.541439364373053e+43   8.826749350369372e+43 
       60481.383116  1173877009934883.0  1220980417060709.5  1281813669565619.5  14846.365652506776  16371.629953451116   17154.50535968309   5.584791913574853e+43   7.537941689203073e+43   8.820926568240204e+43 
 60483.027402970605  1236104575719200.2  1285774705184602.8  1346196975014805.0   14499.86059104509   15900.65121244364  16643.174474062762   5.579859934044262e+43   7.442827974531096e+43   8.693582401776979e+43 
       60483.282858  1245772197570294.0  1295741056417449.5  1355965460195796.8  14443.634588036406  15828.475190581272  16567.475008039415   5.577212810997793e+43   7.425906053258848e+43   8.671641779682431e+43 
       60483.391701  1249891329488167.2  1299987469454727.0  1360127567456306.0  14419.746590862871  15798.307834904495  16535.441702873766   5.575983369691395e+43   7.418597804808503e+43   8.662089803125345e+43 
       60483.398875  1250162827447357.0  1300267356697108.5  1360401897982661.2   14418.17470303817  15796.320551393099  16533.370602406416   5.575898822964642e+43   7.418115907320396e+43    8.66145612579355e+43 
  60485.25614096373  1319361443911667.5  1373073443600935.0  1431932701821898.8  14007.490081675052   15300.93760606896   15997.74594704952  5.5136809070089165e+43    7.28117208960486e+43   8.469012236743945e+43 
       60485.320601  1321769542861765.5  1375647173079789.0  1434407140358222.2   13993.33089217056  15285.237331318742  15979.458699311344   5.510875378163762e+43   7.276046564146637e+43    8.46145818789069e+43 
       60485.370758  1323643308779691.8  1377649817771462.2  1436332919354343.8  13982.325546255408   15273.03520137269  15965.280826722797   5.508679036936546e+43  7.2720231198645555e+43   8.455556622907804e+43 
       60487.245729  1394069868031961.5  1452147248084142.5  1512263333093039.0  13579.474582614914   14809.58171304214  15453.200421761356   5.416630884182025e+43  7.1276432515107095e+43   8.223723616350604e+43 
       60487.299317  1396110379333498.8  1454263469286693.5  1514381396369325.0   13568.19578889451    14796.0305177786  15439.223373740122   5.413731837432957e+43   7.122721057105759e+43   8.216785131593877e+43 
  60487.48487895685  1403176164026458.5  1461591418594612.5  1521715724321848.2  13529.252084179418  14749.227345716865  15391.008555231838    5.40358812209362e+43   7.105511889423736e+43   8.191396378864048e+43 
       60489.259699  1470849602222992.8  1531680091550622.2  1591672576766807.5  13164.719763992965  14317.498723326902  14940.185482537223   5.300861978935719e+43   6.938540929652509e+43   7.937797677038294e+43 
       60489.322025  1473239204009200.5  1534141381441652.0  1594118662567213.8   13152.16208676702  14302.932005421173  14924.677467634772   5.297549901830164e+43   6.932567541084164e+43   7.928689587556214e+43 
       60489.373647  1475218410494563.0  1536179964164011.5  1596144652381859.5   13141.77055905387  14290.878964699099   14911.84093448633   5.294794511882536e+43   6.927610954513234e+43   7.921116730679447e+43 
  60489.71361694997  1488252983541409.0  1549605574681737.2  1609487329068941.8  13073.668107570787  14211.973098948409  14827.730692009309    5.27629561656491e+43   6.894605984884036e+43   7.871065540947496e+43 
       60491.284942  1547369201088726.5  1610939997247292.0  1671156550465072.5  12772.595925492324  13855.417872993079  14445.644669952524   5.184226003226743e+43   6.743312110073318e+43    7.67814382619017e+43 
        60491.36654  1550368964028641.0  1614121436383533.5  1674358997423874.5  12757.333611297478  13837.259968444336   14425.89053863861   5.179153035888962e+43   6.734654096847487e+43   7.667907725523615e+43 
       60491.385544  1551067602413038.2  1614862386766188.2  1675104840483553.0  12753.781965289261  13833.036027779963  14421.295198215967   5.177968046338383e+43   6.732631819723427e+43   7.665520914333314e+43 
  60491.94235494309  1571721427351379.5  1636446813697364.0  1697024332738350.8  12650.221363948544  13710.034785236025  14287.478648991771   5.142648250814557e+43   6.677151859851184e+43   7.594975692406386e+43 
  60494.17109293621  1655917958576092.5  1723595511670573.0  1787329121074515.0  12248.860116533204  13238.330416244811  13761.388442487338   4.976312687586823e+43   6.440539648349038e+43   7.303344541950809e+43 
       60495.354582  1700451467420127.8  1769874963892898.8  1834025171890608.8   12044.63273809947  12996.727042675051  13490.129206060376   4.876406304948364e+43   6.323091415906688e+43    7.14860855414993e+43 
  60496.39983092933  1739632671109845.2  1810939100938862.0  1875266784181613.2   11857.22462671913  12779.376290655413  13266.788459952211   4.786052254141795e+43   6.202525103707743e+43   7.013730427941301e+43 
       60497.349234  1775221088425299.0  1848237792869407.5  1913611197585275.2  11690.155224121192   12583.86731552516  13066.130142684651   4.702665105780545e+43   6.091688551899367e+43   6.882158935898362e+43 
  60498.62856892245  1823177016221408.2  1898498341442154.8  1965006954513131.0  11469.861525780449   12330.35917584245  12798.305344182418   4.588779539116784e+43   5.946115702779343e+43   6.690376622918835e+43 
       60499.344305  1849919178772918.5  1926955288909848.0  1993438951351609.5  11349.020654204403  12195.152791334178  12654.177729639478   4.524574047634225e+43   5.856555936550907e+43   6.583438867928363e+43 
       60500.215532  1881874470096003.0  1961624545760485.5  2028910123626904.0  11204.361443422182  12031.506516719126  12485.594302305772  4.4491669095474397e+43   5.739755490377641e+43   6.461665898760643e+43 
       60500.303634  1885163250719877.5  1965130441315945.0  2032467537682605.0  11189.968702852493   12015.12843650264  12468.722380049108  4.4416645179760877e+43   5.728451058366287e+43    6.44987965080151e+43 
 60500.857306915575  1905831439372411.2  1987163078643682.8  2054823940625585.2  11100.076036833445  11910.722890007968  12363.406425935533   4.394434759765189e+43   5.661599693636634e+43   6.375981827278666e+43 
       60501.385066  1925532284425957.0  2008151333489692.2  2076133985629470.0  11015.339800771351  11812.086874044337  12263.856013496124   4.349465770195868e+43   5.599967889029056e+43   6.304750498816545e+43 
            60502.2  1955720890211704.0  2040132216867459.5  2109039682049516.5  10886.204214416392  11662.119551726824   12112.02744424315  4.2799405187219407e+43   5.508413854904779e+43   6.188701048620542e+43 
       60502.284178  1958793766800752.0  2043422256704248.0  2112438651430370.8  10872.989192000085  11646.797050331828  12096.499182511177  4.2727728291496364e+43   5.498979398108601e+43   6.176535179732401e+43 
       60502.351539  1961252747055775.8  2046055015541924.5  2115158577972406.0  10862.428537048787  11634.552931688977  12084.097267827103   4.267038359003822e+43   5.491427415964385e+43   6.166803546392821e+43 
  60503.08604490869  1988065524874198.8  2074762679062153.5  2144816720165713.2  10749.488069145229  11505.670131195711  11950.088885400704   4.204496481936157e+43   5.408903444857034e+43   6.061227854739058e+43 
       60504.283842  2031790520004807.0  2122215200272097.2  2193218664653779.8   10575.41379650221  11306.946852473211  11734.525783320176  4.1062096239680406e+43   5.263462349907133e+43   5.889610131441594e+43 
       60504.305451  2032579345947673.0  2123073819830394.8  2194099619323231.2  10572.352941017376  11303.360505254394  11730.679155023292   4.104447264568661e+43   5.260767079171572e+43   5.886401504476744e+43 
  60505.31478290181  2069424511804411.2  2162830042052045.0  2235248013594178.8  10430.673021891347  11136.964226447213  11553.172493552862   4.022397681903837e+43   5.138699550835418e+43    5.73626645009946e+43 
       60505.344243  2070499938234415.0  2163973353864344.0  2236449041455561.0   10426.57633444344   11131.94624605035  11548.056032419474   4.020013963221664e+43   5.135356915920836e+43   5.731746395665009e+43 
       60506.242407  2103286974378886.8  2198548388587439.0  2272809669229395.0  10296.462076171652  10980.682666250452  11393.439720175753   3.947611193734631e+43    5.03133420154085e+43   5.597456666140729e+43 
 60507.543520894935  2150885097908152.5  2247967433843537.0  2325203423319912.0  10106.631797854443  10769.544272944939   11173.58759500578  3.8438803843384345e+43   4.876683525581151e+43    5.41946480367297e+43 
       60509.287442  2216923982824945.0  2315336670989037.0  2395428308234020.5   9860.972243657081  10500.579089613024  10886.655092286712  3.7075416246206974e+43   4.684516214074013e+43   5.184167229445231e+43 
       60509.326127  2218392516300667.0  2316847176778251.5  2396986090673248.0   9855.688475388584  10494.871780861835  10880.444644124775    3.70455751105623e+43   4.680430135176892e+43   5.179000997049161e+43 
       60509.365891  2219902010035468.5  2318399813516123.5  2398587322698988.5   9850.262963196412  10489.011361863952  10874.067687973082   3.701490965686562e+43   4.676233012694565e+43   5.173753317872598e+43 
  60509.77225888806  2235328269491986.0  2334380255207141.0  2414951100904666.0   9795.795725089229  10429.014481997083  10809.252484363747   3.665865888098858e+43   4.633550951472208e+43   5.123658270705599e+43 
       60511.217013  2290369251418084.5  2391408933595994.0  2473298070504409.0    9635.55470072422   10222.05938456049  10586.877338158858  3.5381647218856564e+43   4.484748358808257e+43   4.949350247966768e+43 
       60511.283819  2292930521550189.0  2394045962178697.0  2476011265419734.5   9626.909413876963    10212.6388865683  10576.811657560173  3.5323642028593906e+43   4.477980786580182e+43    4.94142949061089e+43 
       60511.326299  2294559159026299.0  2395722772258794.0  2477736507464181.0   9621.418066867229  10206.655062571144  10570.420397499132   3.528682601620655e+43   4.473681889168269e+43   4.936399860672494e+43 
  60512.00099688118  2320426349568767.5  2422355074708937.5  2502271208494830.0   9534.924831175987  10114.464711845052  10469.400933155976  3.4707105037909827e+43   4.405962471876458e+43   4.857210491795797e+43 
       60513.241655  2367991846441935.5  2470407349038030.0  2548020873125708.0    9378.95270213969   9960.109542064729  10287.890969659491   3.367418073172647e+43   4.284256675146626e+43   4.717229514111469e+43 
       60513.284212  2369623436015049.5  2472093748652045.0  2549619831912983.0   9373.585753244653   9954.425699279094  10281.763512244304   3.364008004718653e+43   4.280147176081156e+43   4.712657600019874e+43 
       60513.329095  2371344201924597.5  2473872320306026.5  2551089281521230.0   9367.930302027684   9948.438037557658  10275.307053325107   3.360415305244676e+43   4.275819871693801e+43    4.70784157483914e+43 
 60514.229734874294  2405873765286763.0  2498108342683648.0  2576749351033093.5   9272.270888599514   9849.075750577635  10147.287954950303   3.290315115873968e+43  4.1917747625034336e+43   4.608145651476854e+43 
       60515.304687  2434101059459167.0  2516216348933788.5  2593383135175999.0    9195.84981731847    9785.78338901728   9996.741205199272  3.2141188033335295e+43   4.095740356097897e+43   4.500251115683631e+43 
 60516.458472867416  2435301870275156.0  2518956979148734.0  2602167189457578.5   9106.087841752584   9730.153868004123   9942.656380471439   3.136359545673491e+43  3.9825866777248173e+43  4.3811342070851466e+43 
            60517.0  2440314018844429.5  2520217688430021.0  2609256065169111.5   9087.113720386516   9707.318044740754   9932.249040899103   3.100687432711916e+43  3.9301989525234866e+43   4.325574407147594e+43 
       60517.216481  2436014859242302.0  2516216777661175.5  2607817544911331.5   9087.113720386516   9707.318044740754   9927.550020147952    3.08656879855996e+43   3.910884784144098e+43   4.303630658685135e+43 
       60517.298911  2434283880032198.5  2514817434999668.0  2605493296401412.5   9087.113720386516   9707.318044740754   9927.550020147952   3.081212864359693e+43   3.903567021904362e+43    4.29531605266174e+43 
  60518.68721086054  2404784542140209.5  2490587844944545.5  2586358849682336.0   9019.176698866358   9703.692634791209   9906.106127686424   2.993976838100705e+43  3.7871771375293996e+43  4.1583942943747945e+43 
       60519.244282  2390745452476095.5  2475366919131568.0  2573990053400489.5   9001.609534775647   9696.948683553444   9893.439891233906   2.960735577432822e+43   3.742273428542567e+43   4.104818113876614e+43 
       60519.317846  2390661256276963.5  2473276472252833.0  2572660399896134.0   9001.609534775647   9696.948683553444   9893.439891233906   2.956383240729613e+43  3.7363771794591344e+43   4.097822433775709e+43 
       60519.325127  2390479750085065.5  2473069781900169.5  2572450284974841.0   9001.609534775647   9696.948683553444   9893.439891233906  2.9559530230659764e+43    3.73579421971235e+43   4.097130320006496e+43 
  60520.91594885366  2352225473270110.5  2431455080681679.0  2537039940263776.0   9001.609534775647   9696.948683553444   9893.439891233906   2.864027020858766e+43   3.611490437713113e+43  3.9507486912856646e+43 
       60521.202789  2345372054926693.5  2423800495671774.0  2528717202159408.5   9001.609534775647   9696.948683553444   9893.439891233906  2.8478826487368136e+43   3.589720699820272e+43   3.925027157297234e+43 
       60521.328829  2342350422413107.5  2420452162640805.0  2525031734751015.5   9001.609534775647   9696.948683553444   9893.439891233906   2.840834760074127e+43  3.5801922002241525e+43   3.914025417672459e+43 
            60522.7  2309757440436957.0  2384793113923799.0  2484639359339820.5   9001.609534775647   9696.948683553444   9893.439891233906  2.7655283258350553e+43   3.471764729320316e+43    3.80044201281894e+43 
            60522.8  2307296823797283.0  2382260503912854.0  2481688055996843.5   9001.609534775647   9696.948683553444   9893.439891233906  2.7596773584594266e+43   3.464066178764079e+43  3.7923622957426424e+43 
  60523.14468684678  2298762971364149.5  2373467146868587.0  2472010746437347.0   9001.609534775647   9696.948683553444   9893.439891233906  2.7396484156156537e+43    3.43774523597179e+43   3.764727738156799e+43 
        60524.26177  2271582206271814.0  2345305033578275.0  2441349088213558.5   9001.609534775647   9696.948683553444   9893.439891233906   2.676265695746647e+43  3.3547520337895687e+43  3.6764022332615413e+43 
        60524.32743  2270005910075802.5  2343682752611551.0  2439577878451175.5   9001.609534775647   9696.948683553444   9893.439891233906  2.6726127382113434e+43   3.349981156380321e+43  3.6712859145674387e+43 
       60525.311048  2246774867581675.5  2319700204257999.0  2413420372453651.5   9001.609534775647   9696.948683553444   9893.439891233906   2.618822928162016e+43  3.2812446107518453e+43  3.5972333299961587e+43 
   60525.3734248399  2245364416740654.5  2318199609293874.5  2411781727806652.5   9001.609534775647   9696.948683553444   9893.439891233906  2.6154712945216717e+43  3.2769969249757083e+43  3.5925554270718697e+43 
       60526.306678  2224522047852985.5  2295948179408279.0  2387638861631681.0   9001.609534775647   9696.948683553444   9893.439891233906   2.566166248141408e+43   3.214530382601168e+43   3.524128006107522e+43 
       60527.314589  2202547667106078.8  2272416680803181.0  2362323740081780.0   9001.609534775647   9696.948683553444   9893.439891233906  2.5165732567539992e+43   3.149753819782362e+43   3.451510685725991e+43 
  60527.60216283302  2196301768497253.2  2265853616768756.5  2355242185990721.5   9001.609534775647   9696.948683553444   9893.439891233906    2.50316759265727e+43   3.131794773863946e+43   3.431189082766004e+43 
       60528.304976  2180984380896231.2  2250490902597404.5  2338197357137275.5   9001.609534775647   9696.948683553444   9893.439891233906  2.4708555944492928e+43  3.0886502975498853e+43  3.3842914248108227e+43 
        60529.29745  2159741601502793.5  2228684949295989.0  2314758353931829.0   9001.609534775647   9696.948683553444   9893.439891233906   2.426290176266327e+43   3.029445345382453e+43  3.3179928371129883e+43 
  60529.83090082614  2148573391029465.5  2216641626240932.8  2302593719188242.0   9001.609534775647   9696.948683553444   9893.439891233906   2.402847650142944e+43  2.9984557858628315e+43   3.283177089631151e+43 
       60530.240347  2140116060189006.2  2207904244556416.0  2293367589925636.0   9001.609534775647   9696.948683553444   9893.439891233906  2.3850897021163073e+43   2.975054143606082e+43   3.256918852436052e+43 
       60530.259525  2139722394100826.0  2207487544872045.5  2292937745755428.5   9001.609534775647   9696.948683553444   9893.439891233906   2.384263047500469e+43   2.973965791119731e+43   3.255698840262299e+43 
        60531.28299  2119576190692386.5  2186532423334109.2  2270298730508134.5   9001.609534775647   9696.948683553444   9893.439891233906   2.340797018143791e+43  2.9169348992217177e+43   3.191868293236105e+43 
 60532.059638819264  2105147963200346.2  2171052015227852.8  2253507631003363.0   9001.609534775647   9696.948683553444   9893.439891233906  2.3086564421689836e+43  2.8749941905887866e+43  3.1454992783860844e+43 
       60533.276682  2082596819128949.5  2147249477808752.2  2227710359171357.5   9001.609534775647   9696.948683553444   9893.439891233906    2.25971485024923e+43   2.811500207658168e+43  3.0774339602190027e+43 
  60534.28837681239  2064533354461796.8  2126888708980664.5  2206767060050013.0   9001.609534775647   9696.948683553444   9893.439891233906   2.220322746566293e+43   2.760716565364276e+43  3.0233301837094954e+43 
   60536.5171148055  2025964685550838.2  2084030049008178.5  2163124472155052.2   9001.609534775647   9696.948683553444   9893.439891233906  2.1375291576194118e+43  2.6549386473823834e+43   2.906158354954217e+43 
 60538.745852798624  1987341011152442.2  2044925224839405.8  2121738613730299.8   9001.609534775647   9696.948683553444   9893.439891233906  2.0599556397834464e+43  2.5556147717188545e+43  2.8023532042345087e+43 
       60539.284625  1978668396825971.0  2035887682366513.0  2112127384359699.2   9001.609534775647   9696.948683553444   9893.439891233906  2.0419319927618392e+43  2.5325469156984354e+43   2.777184461736155e+43 
 60540.974590791746  1952402669774242.8  2008384886470200.5  2083129950667832.2   9001.609534775647   9696.948683553444   9893.439891233906  1.9871913914853249e+43   2.465511609329371e+43  2.7007204428858365e+43 
       60541.277603  1947823119761256.0  2003581604123818.5  2078067585998073.2   9001.609534775647   9696.948683553444   9893.439891233906  1.9776498763190534e+43  2.4533122144458704e+43  2.6878837904751233e+43 
  60543.20332878487  1919591221073338.5  1973943447045546.5  2047552862675347.8   9001.609534775647   9696.948683553444   9893.439891233906    1.91891950914355e+43   2.378893831664975e+43  2.6093237339831634e+43 
       60544.184745  1905818891821867.2  1959372304821850.5  2032837710129663.5   9001.609534775647   9696.948683553444   9893.439891233906  1.8901813725801584e+43   2.344931163332663e+43   2.568822123231609e+43 
       60544.278032  1904526429549832.2  1957997142074505.0  2031457750115573.5   9001.609534775647   9696.948683553444   9893.439891233906    1.88749005252932e+43   2.341755164754695e+43   2.565020677190396e+43 
       60545.264492  1891028570982487.2  1943753197912250.8  2017061795610232.5   9001.609534775647   9696.948683553444   9893.439891233906   1.859454747160056e+43  2.3069176593166947e+43   2.527120321721402e+43 
  60545.43206677799  1888765944309020.5  1941380596110575.8  2014650621862236.8   9001.609534775647   9696.948683553444   9893.439891233906  1.8547669288663277e+43    2.30106709905738e+43   2.520888782894614e+43 
       60546.165833  1878960300697377.8  1931096663102557.0  2004209357703763.5   9001.609534775647   9696.948683553444   9893.439891233906  1.8344955831793205e+43   2.275804227871874e+43  2.4935405603868026e+43 
       60546.261851  1877689335220069.0  1929759936025608.2  2002852220789508.0   9001.609534775647   9696.948683553444   9893.439891233906  1.8318726883308105e+43   2.272540124256243e+43   2.490005882171423e+43 
 60547.660804771105  1859019823044193.8  1910634741805974.0  1983073449971405.5   9001.609534775647   9696.948683553444   9893.439891233906  1.7944294815502352e+43  2.2272305231375754e+43   2.439622803666975e+43 
       60548.227511  1851499183727564.0  1902658487397759.5  1975240489017073.8   9001.609534775647   9696.948683553444   9893.439891233906  1.7797601597437753e+43  2.2087518310794808e+43  2.4200358846577997e+43 
       60548.262141  1851046622955020.2  1902173699419737.5  1974765101907359.8   9001.609534775647   9696.948683553444   9893.439891233906  1.7788926537181836e+43   2.207632619624434e+43   2.418860688855039e+43 
       60549.265855  1838476375169961.8  1888510978220620.2  1961146603448841.0   9001.609534775647   9696.948683553444   9893.439891233906   1.754097918161791e+43  2.1756933590162707e+43  2.3848809775647576e+43 
  60549.88954276423  1830576308807340.0  1880394319076552.5  1952836170394954.2   9001.609534775647   9696.948683553444   9893.439891233906   1.739015715134298e+43  2.1563136660351136e+43   2.364466256572764e+43 
  60552.11828075735  1803550984579343.5  1852283858175725.8  1923555895811162.5   9001.609534775647   9696.948683553444   9893.439891233906  1.6870775891636398e+43  2.0927011375388388e+43  2.2946469851994516e+43 
       60554.181932  1779767024344371.2  1825911685047564.0  1897626530879874.0   9001.609534775647   9696.948683553444   9893.439891233906  1.6414806535882147e+43  2.0370220321801291e+43  2.2315778016087363e+43 
       60554.241458  1779102489445308.2  1825158437579213.5  1896894137469621.2   9001.609534775647   9696.948683553444   9893.439891233906   1.640198057848965e+43  2.0354575210206257e+43  2.2297986481190253e+43 
  60554.34701875047  1777925933000289.2  1823824822905471.0  1895597321477195.2   9001.609534775647   9696.948683553444   9893.439891233906  1.6379277761755646e+43  2.0326890661040348e+43  2.2266506442976364e+43 
       60555.248005  1767878332339801.2  1812558563099417.2  1884637693574936.8   9001.609534775647   9696.948683553444   9893.439891233906  1.6187829001489548e+43  2.0093497048703431e+43  2.2000230015728675e+43 
       60556.156446  1757797394423271.0  1801939003665486.0  1873776938532291.8   9001.609534775647   9696.948683553444   9893.439891233906  1.5998816353678193e+43  1.9865431176243024e+43  2.1734168547682546e+43 
        60556.19949  1757324082054530.2  1801454307485499.0  1873266822078518.0   9001.609534775647   9696.948683553444   9893.439891233906  1.5989966846184884e+43  1.9854972742798328e+43  2.1721714928267146e+43 
 60556.575756743594  1753203044362174.5  1797234262459678.0  1868825282094134.2   9001.609534775647   9696.948683553444   9893.439891233906   1.591300420479973e+43  1.9763995695057085e+43  2.1613434915578133e+43 
        60558.19883  1735755578900958.2  1779368099810244.5  1849503346704242.5   9001.609534775647   9696.948683553444   9893.439891233906  1.5588196448642374e+43  1.9380686088806839e+43  2.1158123425418476e+43 
       60558.240277  1735316565158874.8  1778918553422910.2  1849002465287950.2   9001.609534775647   9696.948683553444   9893.439891233906  1.5580054409336375e+43  1.9371078406388284e+43  2.1146734894975034e+43 
  60558.80449473671  1729379263752758.2  1772831770860212.5  1842221437780969.5   9001.609534775647   9696.948683553444   9893.439891233906  1.5469962360347873e+43  1.9241177377673464e+43  2.0992871649664526e+43 
        60559.25359  1724743246744099.5  1768200675484165.0  1836872739117136.2   9001.609534775647   9696.948683553444   9893.439891233906  1.5383302590327536e+43   1.913870976956456e+43  2.0878085003361003e+43 
  60561.03323272983  1706718456800399.5  1750166260549391.0  1816095499460415.0   9001.609534775647   9696.948683553444   9893.439891233906  1.5048160311372482e+43  1.8733022295061404e+43  2.0437140636360432e+43 
       60561.238525  1704672640312576.0  1748115225524636.0  1813738106072991.2   9001.609534775647   9696.948683553444   9893.439891233906   1.501028637474708e+43   1.868718857390928e+43  2.0387397443300297e+43 
       60563.237612  1684986097275510.8  1727734307078804.0  1790648551546571.5   9001.609534775647   9696.948683553444   9893.439891233906  1.4650669984527747e+43  1.8251198845873854e+43  1.9914679355010387e+43 
  60563.26197072295  1684736334432550.5  1727489465463902.2  1790370429127536.0   9001.609534775647   9696.948683553444   9893.439891233906  1.4646421469920856e+43  1.8245992404538315e+43   1.990904048837505e+43 
       60565.179155  1665386755685403.0  1708497154277074.8  1769640581523972.8   9001.609534775647   9696.948683553444   9893.439891233906  1.4318721699703383e+43  1.7842327242325853e+43    1.94742561511366e+43 
       60565.220254  1664978037255520.0  1708095569758502.5  1769221485901274.0   9001.609534775647   9696.948683553444   9893.439891233906  1.4311829480500484e+43  1.7833752131875244e+43    1.94651176522647e+43 
 60565.490708716075  1662294911483445.8  1705459033337884.5  1766469839260291.2   9001.609534775647   9696.948683553444   9893.439891233906   1.426662022406901e+43  1.7777509424415137e+43  1.9405165138839128e+43 
       60567.155162  1646187048067919.5  1689453225764089.0  1749770260812558.5   9001.609534775647   9696.948683553444   9893.439891233906  1.3993659570075834e+43   1.744320286648565e+43  1.9045353702466993e+43 
        60567.22162  1645554942169661.2  1688821518562653.5  1749111280929189.0   9001.609534775647   9696.948683553444   9893.439891233906  1.3982936861264374e+43  1.7430532926796555e+43  1.9031368084442998e+43 
  60567.71944670919  1640900330396165.8  1684106952230944.5  1744193738991588.5   9001.609534775647   9696.948683553444   9893.439891233906  1.3903045051368212e+43  1.7333788276058655e+43  1.8927149964405698e+43 
       60569.158009  1627771198105794.0  1670362750690839.0  1730167503324621.0   9001.609534775647   9696.948683553444   9893.439891233906  1.3676360838586941e+43  1.7055113166504708e+43  1.8631264941323633e+43 
       60569.201631  1627376878205115.2  1669940865121837.0  1729746173168707.8   9001.609534775647   9696.948683553444   9893.439891233906  1.3669579561346337e+43   1.704677198610863e+43  1.8622407714672441e+43 
       60569.230577  1627115317574868.0  1669661088310607.0  1729466730505138.2   9001.609534775647   9696.948683553444   9893.439891233906   1.366508231772602e+43  1.7041240673258343e+43   1.861653394253093e+43 
  60569.94818470231  1620661216939238.0  1662761306675726.5  1722571965142044.0   9001.609534775647   9696.948683553444   9893.439891233906  1.3554337179390085e+43  1.6904996383186773e+43    1.84718896291666e+43 
       60571.276052  1608870749750809.0  1650172894244895.5  1709976795932134.0   9001.609534775647   9696.948683553444   9893.439891233906   1.335316105003723e+43  1.6657323012126743e+43   1.820891187632233e+43 
       60572.110983  1601564776552476.2  1642369683166409.0  1702159061641878.5   9001.609534775647   9696.948683553444   9893.439891233906   1.322902089430397e+43  1.6504373584773253e+43  1.8046516260725369e+43 
       60572.122635  1601463720520050.2  1642261374140632.5  1702050496613769.2   9001.609534775647   9696.948683553444   9893.439891233906  1.3227301132909657e+43   1.650225374584459e+43   1.804426562657455e+43 
       60572.134652  1601359523521963.2  1642149686339097.2  1701938543787702.2   9001.609534775647   9696.948683553444   9893.439891233906  1.3225528049438888e+43  1.6500068175404207e+43   1.804194485546318e+43 
       60572.134976  1601356714431642.2  1642146675214908.5  1701935525487668.5   9001.609534775647   9696.948683553444   9893.439891233906    1.32254802518804e+43  1.6500009254406515e+43  1.8041882286576356e+43 
 60572.176922695435  1600993103947755.8  1641756994228790.5  1701544830056019.2   9001.609534775647   9696.948683553444   9893.439891233906  1.3219293976335911e+43  1.6492384456067922e+43   1.803378404467288e+43 
       60572.197442  1600815280524178.2  1641566461663172.0  1701353779364367.2   9001.609534775647   9696.948683553444   9893.439891233906   1.321626895866882e+43  1.6488656480744202e+43  1.8029824193828753e+43 
       60573.105168  1592990523092937.2  1633187498783575.8  1692949233875738.0   9001.609534775647   9696.948683553444   9893.439891233906  1.3083511919358355e+43  1.6324152435636503e+43  1.7856008951197385e+43 
  60574.40566068856  1581705906142754.0  1621348166735202.5  1681058343837029.0   9001.609534775647   9696.948683553444   9893.439891233906  1.2896829973972358e+43  1.6089701039719305e+43   1.761134663642241e+43 
        60575.10792  1575631872016216.0  1615031486470473.0  1674664286387883.2   9001.609534775647   9696.948683553444   9893.439891233906  1.2797659155896096e+43  1.5968492753374753e+43  1.7481261281131315e+43 
       60575.119552  1575532115242805.5  1614927289454509.0  1674558559889009.8   9001.609534775647   9696.948683553444   9893.439891233906  1.2796025736456855e+43  1.5966495649454787e+43  1.7479118460473916e+43 
       60575.130891  1575434881191651.0  1614825734040242.5  1674455506180363.2   9001.609534775647   9696.948683553444   9893.439891233906  1.2794433836882592e+43  1.5964549187896035e+43  1.7477029895252082e+43 
       60575.139363  1575362241076625.8  1614749868029989.5  1674378515590566.0   9001.609534775647   9696.948683553444   9893.439891233906   1.279324472193865e+43  1.5963095081242787e+43  1.7475469634758995e+43 
        60575.20155  1574829346950856.8  1614193228829251.0  1673813556020988.2   9001.609534775647   9696.948683553444   9893.439891233906  1.2784521626182412e+43  1.5952428455833386e+43  1.7464022552486151e+43 
       60576.105417  1567124280278307.8  1606148850020347.2  1665644922660237.0   9001.609534775647   9696.948683553444   9893.439891233906  1.2658727467629115e+43   1.579854194398371e+43   1.729886582594419e+43 
       60576.117114  1567025040216055.8  1606045277437332.0  1665539707658925.0   9001.609534775647   9696.948683553444   9893.439891233906   1.265711128863228e+43  1.5796563912745172e+43  1.7296743004277404e+43 
       60576.128676  1566926959568418.0  1605942912621168.5  1665435720033724.2   9001.609534775647   9696.948683553444   9893.439891233906  1.2655513995418943e+43  1.5794609097197498e+43  1.7294645054409194e+43 
       60576.180173  1566490252972023.2  1605487193241457.8  1664972697358419.0   9001.609534775647   9696.948683553444   9893.439891233906  1.2648403293175388e+43  1.5785906985023147e+43  1.7285305544245032e+43 
  60576.63439868168  1562648811584542.5  1601479254764991.0  1660899519974361.5   9001.609534775647   9696.948683553444   9893.439891233906  1.2585940103893165e+43     1.5709436645705e+43  1.7203231921267188e+43 
       60577.103892  1558697081813801.0  1597358073016620.5  1656709400623939.0   9001.609534775647   9696.948683553444   9893.439891233906   1.252184498999196e+43  1.5630930050887897e+43   1.711897868077203e+43 
       60577.115551  1558599193373871.8  1597256007793235.5  1656605594250139.8   9001.609534775647   9696.948683553444   9893.439891233906  1.2520259392250491e+43   1.562898733858124e+43  1.7116893672702343e+43 
       60577.127353  1558500113458433.2  1597152700356232.5  1656500524353023.0   9001.609534775647   9696.948683553444   9893.439891233906  1.2518654553178352e+43  1.5627021209278974e+43  1.7114783488848064e+43 
       60578.102874  1550352146700730.5  1588660856654171.0  1647868079576954.2   9001.609534775647   9696.948683553444   9893.439891233906  1.2387030180315613e+43  1.5464489903623387e+43  1.6941623092130337e+43 
       60578.114502  1550255492868072.5  1588560167380666.0  1647767560693265.2   9001.609534775647   9696.948683553444   9893.439891233906   1.238547293207739e+43  1.5462562508248758e+43  1.6939573409821203e+43 
       60578.125999  1550159938049089.8  1588460623376715.5  1647668183751038.8   9001.609534775647   9696.948683553444   9893.439891233906  1.2383933562657399e+43  1.5460657084266325e+43  1.6937547158345907e+43 
 60578.863136674794  1544056537965445.5  1582104322458162.8  1641319650283247.8   9001.609534775647   9696.948683553444   9893.439891233906  1.2285805891807849e+43   1.534196258332201e+43  1.6808331008863898e+43 
       60580.099483  1533878647884536.2  1571554314138338.8  1630771714052472.5   9001.609534775647   9696.948683553444   9893.439891233906  1.2123682198499665e+43   1.514729671357071e+43  1.6594603223787905e+43 
       60580.112021  1533775187002280.0  1571447992767756.5  1630665348693133.0   9001.609534775647   9696.948683553444   9893.439891233906  1.2122053045263238e+43  1.5145339598351792e+43  1.6592453929810028e+43 
       60580.123889  1533677265562978.2  1571347368334733.2  1630564675712765.0   9001.609534775647   9696.948683553444   9893.439891233906  1.2120511196640256e+43  1.5143487345511438e+43  1.6590419847757654e+43 
 60581.091874667916  1525728430286251.5  1563181216404839.5  1622390656877064.5   9001.609534775647   9696.948683553444   9893.439891233906  1.1995672658877298e+43   1.499345394467572e+43   1.642564170492214e+43 
       60582.097299  1517671447837842.0  1555078014910228.5  1613974548551721.0   9001.609534775647   9696.948683553444   9893.439891233906  1.1867863242988098e+43  1.4838515194131673e+43  1.6256740729601365e+43 
       60582.108846  1517579347033024.5  1554985485690020.5  1613878303337397.5   9001.609534775647   9696.948683553444   9893.439891233906   1.186640602070421e+43  1.4836737427912097e+43   1.625481376551062e+43 
       60582.120328  1517487776034077.0  1554893487185740.8  1613782609674992.5   9001.609534775647   9696.948683553444   9893.439891233906  1.1864957258337133e+43  1.4834970030995198e+43  1.6252897982873831e+43 
  60583.32061266104  1507964886122959.5  1545151812315673.0  1603832476411320.8   9001.609534775647   9696.948683553444   9893.439891233906  1.1714825825324246e+43  1.4651752870490254e+43   1.605423662827821e+43 
        60584.09733  1501902448432695.2  1538720362660644.5  1597445810371474.8   9001.609534775647   9696.948683553444   9893.439891233906  1.1619004119381544e+43  1.4534748892619565e+43  1.5927297326644657e+43 
       60584.109729  1501806457805854.5  1538618070527159.2  1597344180794851.2   9001.609534775647   9696.948683553444   9893.439891233906  1.1617482786960426e+43  1.4532890915189418e+43   1.592528173093135e+43 
       60584.123719  1501698157786557.0  1538502670476483.5  1597229517477492.5   9001.609534775647   9696.948683553444   9893.439891233906  1.1615766573519789e+43  1.4530794881183866e+43   1.592301503469346e+43 
  60585.54935065416  1490724531337142.5  1526925685678604.5  1585614712981894.0   9001.609534775647   9696.948683553444   9893.439891233906  1.1442654813137405e+43  1.4319231497680751e+43  1.5693230936470117e+43 
       60587.094205  1478869841574736.0  1515020740631560.5  1573170717336956.5   9001.609534775647   9696.948683553444   9893.439891233906  1.1258799414760967e+43  1.4094329300566058e+43  1.5445450495362232e+43 
       60587.105964  1478779286840949.0  1514930653852065.0  1573076543429289.2   9001.609534775647   9696.948683553444   9893.439891233906   1.125741409085578e+43  1.4092634022305411e+43   1.544361503856258e+43 
       60587.117477  1478690633942119.8  1514842458608847.0  1572984348487641.8   9001.609534775647   9696.948683553444   9893.439891233906  1.1256057910484233e+43  1.4090974391434353e+43   1.544181820393494e+43 
  60587.77808864728  1473616278093646.5  1509835468611232.2  1567707647002984.0   9001.609534775647   9696.948683553444   9893.439891233906   1.117859083638543e+43  1.3996148209379872e+43  1.5339137666511076e+43 
       60589.094367  1463579003638260.2  1499824437297299.5  1557270140659911.5   9001.609534775647   9696.948683553444   9893.439891233906  1.1026250295532698e+43  1.3809530744107178e+43   1.513698395462023e+43 
       60589.107349  1463480448805647.8  1499726014187992.2  1557167669655357.2   9001.609534775647   9696.948683553444   9893.439891233906  1.1024760178767822e+43  1.3807704752231598e+43  1.5135005283098723e+43 
       60589.120104  1463383624194104.5  1499629320006048.5  1557066994087351.8   9001.609534775647   9696.948683553444   9893.439891233906  1.1023296342368396e+43  1.3805910880050451e+43  1.5133061422306573e+43 
   60590.0068266404  1456674330204583.5  1492928740494671.5  1550090497135620.8   9001.609534775647   9696.948683553444   9893.439891233906  1.0922138122953893e+43   1.368189314769537e+43   1.499866172050105e+43 
       60591.093275  1448509612980756.2  1484831184116124.5  1541600375331844.2   9001.609534775647   9696.948683553444   9893.439891233906  1.0799747421682989e+43  1.3531735669245497e+43  1.4835865368897293e+43 
       60591.105721  1448416403752937.5  1484738915269159.5  1541503460422896.8   9001.609534775647   9696.948683553444   9893.439891233906  1.0798354716961704e+43    1.35300263024236e+43  1.4834011849301184e+43 
       60591.117616  1448327324636633.8  1484650733209008.0  1541410842529586.5   9001.609534775647   9696.948683553444   9893.439891233906  1.0797023922524064e+43  1.3528392800843366e+43  1.4832240614432468e+43 
  60592.23556463352  1439988594644177.8  1476393336342745.5  1532739668596548.5   9001.609534775647   9696.948683553444   9893.439891233906  1.0672849384914066e+43    1.33759176159977e+43  1.4666860612484586e+43 
  60594.46430262664  1423330283125680.5  1460209782526724.5  1515642314873892.0   9001.609534775647   9696.948683553444   9893.439891233906  1.0430431679972665e+43   1.307785362205958e+43  1.4341889481747045e+43 
       60596.089784  1411259106293905.8  1448657093121155.2  1503314462463706.0   9001.609534775647   9696.948683553444   9893.439891233906  1.0257596072729449e+43  1.2862134862261192e+43   1.410958989937484e+43 
       60596.101825  1411170272063021.5  1448571875898325.0  1503223554612062.8   9001.609534775647   9696.948683553444   9893.439891233906  1.0256327605399342e+43   1.286056303160767e+43  1.4107883305380475e+43 
       60596.113911  1411081113620837.0  1448486346589841.0  1503132311459554.8   9001.609534775647   9696.948683553444   9893.439891233906   1.025505448307929e+43  1.2858985614889514e+43  1.4106170540212973e+43 
 60596.693040619764  1406818134541444.5  1444394833355072.2  1498767911237473.0   9001.609534775647   9696.948683553444   9893.439891233906  1.0194266727268932e+43  1.2783664025048403e+43  1.4024224223669067e+43 
        60597.08728  1403925448835751.8  1441616850955928.2  1495805157359315.8   9001.609534775647   9696.948683553444   9893.439891233906  1.0153120310926092e+43   1.273267243210244e+43  1.3968631194914788e+43 
       60597.099915  1403832867655903.8  1441527916203137.5  1495710314687932.5   9001.609534775647   9696.948683553444   9893.439891233906  1.0151804741069247e+43  1.2731042073222205e+43  1.3966853157475176e+43 
       60597.111697  1403746537550571.5  1441444990963485.8  1495621880069846.8   9001.609534775647   9696.948683553444   9893.439891233906  1.0150578223520388e+43   1.272952192293436e+43  1.3965195369754253e+43 
       60598.088317  1396615103880233.5  1434590041530464.5  1488312651364346.5   9001.609534775647   9696.948683553444   9893.439891233906  1.0049496291957674e+43  1.2604234094084687e+43   1.382848903817962e+43 
       60598.100181  1396528742817786.2  1434506975115113.5  1488224094503097.8   9001.609534775647   9696.948683553444   9893.439891233906  1.0048275095682742e+43   1.260272052663067e+43   1.382683653428876e+43 
       60598.111975  1396442892720262.8  1434424408270195.5  1488136068868749.8   9001.609534775647   9696.948683553444   9893.439891233906  1.0047061425588867e+43     1.2601216025552e+43  1.3825193895568642e+43 
  60598.92177861289  1390651901261003.5  1428767440805551.2  1482106028024851.0   9001.609534775647   9696.948683553444   9893.439891233906   9.964120021860384e+42   1.249839028986101e+43  1.3713708559722805e+43 
        60600.08321  1382427936223874.5  1420695746167082.0  1473504512921210.5   9001.609534775647   9696.948683553444   9893.439891233906   9.846497951132273e+42   1.235295487859438e+43  1.3557263399530419e+43 
       60600.094726  1382347837112967.8  1420615928931481.5  1473419475267509.2   9001.609534775647   9696.948683553444   9893.439891233906    9.84533906578328e+42  1.2351549510140325e+43  1.3555721321520606e+43 
       60600.106146  1382268411321129.8  1420536786702668.8  1473335150291759.0   9001.609534775647   9696.948683553444   9893.439891233906   9.844189959243371e+42  1.2350155960741367e+43  1.3554192291577274e+43 
    60601.150516606  1375028359133563.0  1413112299719270.8  1465646315688680.5   9001.609534775647   9696.948683553444   9893.439891233906   9.739743986481435e+42  1.2223417001038768e+43  1.3414411121011663e+43 
 60603.379254599124  1359729302240578.0  1397350574687037.5  1449324268932278.0   9001.609534775647   9696.948683553444   9893.439891233906   9.520937381718296e+42  1.1954998981286432e+43  1.3121067795239083e+43 
 60605.607992592246  1344615344758696.0  1381775805456725.0  1433077634861393.8   9001.609534775647   9696.948683553444   9893.439891233906   9.307298998924494e+42   1.169012362263784e+43  1.2833576984929402e+43 
  60607.83673058537  1329775244388600.5  1366378532737691.8  1417001270263015.2   9001.609534775647   9696.948683553444   9893.439891233906   9.098605628628167e+42  1.1430972730682753e+43  1.2550979169254857e+43 
  60610.06546857849  1314817294634747.8  1350973271372947.8  1401098738330193.2   9001.609534775647   9696.948683553444   9893.439891233906   8.894653747568423e+42  1.1179911065965968e+43   1.227347631057569e+43 
 60612.294206571605  1300070861145382.0  1335796067960577.5  1385349501296585.8   9001.609534775647   9696.948683553444   9893.439891233906   8.695253322796097e+42  1.0935201814015038e+43  1.1998264553891754e+43 
  60614.52294456473  1285193286233354.8  1320746597841761.5  1369750925845628.2   9001.609534775647   9696.948683553444   9893.439891233906   8.500228580518132e+42  1.0695784126289869e+43  1.1724852619647764e+43 
  60616.75168255785  1270639432638567.5  1305819991303136.0  1354296408076020.2   9001.609534775647   9696.948683553444   9893.439891233906   8.309420222380416e+42  1.0461468162610096e+43  1.1453164680507354e+43 
  60618.98042055097  1256218710141381.5  1291012446695281.5  1338978754335065.0   9001.609534775647   9696.948683553444   9893.439891233906   8.122637523313727e+42  1.0229256215557876e+43  1.1186940932847487e+43 
 60621.209158544094  1241980361295835.0  1276433342939069.5  1323794569631955.5   9001.609534775647   9696.948683553444   9893.439891233906    7.93983155578255e+42   9.996928350364978e+42    1.09298418164504e+43 
  60623.43789653721  1227926747856552.5  1262004911391373.0  1308743418234362.5   9001.609534775647   9696.948683553444   9893.439891233906   7.760843950433997e+42   9.770922579237785e+42  1.0678637097972169e+43 
  60625.66663453033  1214009903453943.5  1247797305049975.0  1293851472250704.2   9001.609534775647   9696.948683553444   9893.439891233906   7.585542655838334e+42   9.550081670882038e+42  1.0430600954539011e+43 
  60627.89537252345  1199999238116634.2  1233518235833639.2  1279257400889264.2   9001.609534775647   9696.948683553444   9893.439891233906    7.41382557321325e+42    9.33361464425319e+42  1.0187909348975005e+43 
 60630.124110516575  1185981694453522.2  1219453473614996.8  1264787107436078.8   9001.609534775647   9696.948683553444   9893.439891233906   7.245595854782822e+42   9.121412559864906e+42   9.949864793847376e+42 
   60632.3528485097  1172289848471051.2  1205185397802355.0  1250437316015205.2   9001.609534775647   9696.948683553444   9893.439891233906   7.080766092938806e+42   8.913376667281414e+42   9.714881003184308e+42 
  60634.58158650281  1158777424336890.0  1190965488334637.8  1236205709443275.0   9001.609534775647   9696.948683553444   9893.439891233906    6.91925338269844e+42   8.709416025958384e+42   9.492193759269604e+42 
 60636.810324495935  1145366183819711.0  1176859860705254.5  1222089994427254.8   9001.609534775647   9696.948683553444   9893.439891233906   6.761176071383718e+42   8.509445075213622e+42   9.272368243400768e+42 
  60639.03906248906  1132055496505012.0  1162867844634996.8  1208088364035729.2   9001.609534775647   9696.948683553444   9893.439891233906   6.606944159232627e+42   8.312082957079542e+42   9.057158624101128e+42 
  60641.26780048218  1118844717381830.2  1148988860648508.0  1194199336445829.2   9001.609534775647   9696.948683553444   9893.439891233906   6.455732581294036e+42   8.115180330454715e+42   8.847157110496853e+42 
 60643.496538475294  1105733682975698.1  1135461430916691.5  1180421577437392.0   9001.609534775647   9696.948683553444   9893.439891233906   6.307485240021516e+42   7.922199827342446e+42   8.641222728918795e+42 
 60645.725276468416  1092722164530604.0  1121922309761623.8  1166754220256920.2   9001.609534775647   9696.948683553444   9893.439891233906   6.162146970546645e+42   7.733081464556203e+42   8.439293987885035e+42 
  60647.95401446154  1079810298922718.5  1108452657685286.0  1153196341451925.2   9001.609534775647   9696.948683553444   9893.439891233906   6.019669038723306e+42   7.547772041463488e+42   8.237560146415357e+42 
  60650.18275245466  1066998194828154.2  1095254441032369.5  1139747529251995.0   9001.609534775647   9696.948683553444   9893.439891233906    5.88000197252217e+42   7.366216777538454e+42    8.04115247287396e+42 
  60652.41149044778  1054137997253477.6  1082473686927389.8  1126407221807370.2   9001.609534775647   9696.948683553444   9893.439891233906   5.743102279570588e+42    7.18836585243377e+42   7.849581333236502e+42 
   60654.6402284409  1041369340663166.2  1069612269714922.5  1113175320852350.9   9001.609534775647   9696.948683553444   9893.439891233906     5.6089252205914e+42   7.014167776457432e+42   7.661699168492414e+42 
  60656.86896643402  1028709432100286.0  1056748015524636.4  1099999005410810.9   9001.609534775647   9696.948683553444   9893.439891233906   5.477430784787084e+42   6.842920814665278e+42    7.47521959494289e+42 
  60659.09770442714  1016158681619260.1  1044105414183635.5  1086916828915838.1   9001.609534775647   9696.948683553444   9893.439891233906  5.3485649344285765e+42    6.67406422227589e+42   7.293917549143569e+42 
 60661.326442420264  1003714293908483.0  1031383270470199.5  1073937107691540.0   9001.609534775647   9696.948683553444   9893.439891233906   5.222297232868235e+42   6.508756634148147e+42   7.120733644249048e+42 
       60661.545204  1002498260743298.9  1030117635473192.5  1072668570842272.0   9001.609534775647   9696.948683553444   9893.439891233906   5.210036523652452e+42    6.49271127878165e+42   7.103920187012939e+42 
        60661.55405  1002449112297805.0  1030066483290777.5  1072617297897765.4   9001.609534775647   9696.948683553444   9893.439891233906  5.2095412620922593e+42   6.492063196104028e+42   7.103241006413043e+42 
       60663.546601   991430193413122.4  1018831894362942.0  1061032479586625.2   9001.609534775647   9696.948683553444   9893.439891233906   5.099079738358314e+42   6.353315557467462e+42   6.952051473336206e+42 
       60663.554837   991384799834387.8  1018786440404560.9  1060984573416641.2   9001.609534775647   9696.948683553444   9893.439891233906  5.0986271434066796e+42   6.352751885961004e+42   6.951437635087616e+42 
  60663.55518041339   991382907124237.6  1018784545189751.2  1060982575878245.5   9001.609534775647   9696.948683553444   9893.439891233906   5.098608272083933e+42   6.352728384172625e+42   6.951412041755638e+42 
       60664.516655   986095220448735.2  1013489751310384.8  1055401345571084.4   9001.609534775647   9696.948683553444   9893.439891233906     5.0460134705711e+42   6.284871688534777e+42   6.878915415054018e+42 
       60664.552464   985898668138212.1  1013292911036612.2  1055193863718249.0   9001.609534775647   9696.948683553444   9893.439891233906   5.044063507857507e+42   6.282350233298103e+42   6.876215314954919e+42 
   60665.7839184065   979161246231124.5  1006558368570132.2  1048091762470102.1   9001.609534775647   9696.948683553444   9893.439891233906    4.97741812917749e+42   6.196196361230918e+42   6.783929825750659e+42 
       60666.533333   975123024010091.9  1002493779211406.6  1043792106197872.9   9001.609534775647   9696.948683553444   9893.439891233906  4.9372299974605985e+42    6.14426564951766e+42   6.727382559867489e+42 
       60666.542534   975073516821829.2  1002443947333722.5  1043739392177148.2   9001.609534775647   9696.948683553444   9893.439891233906   4.936738329126175e+42   6.143630409072639e+42   6.726686253359872e+42 
       60666.554425   975009536370853.0  1002379546315233.6  1043671270254669.6   9001.609534775647   9696.948683553444   9893.439891233906  4.9361029445518824e+42   6.142809525803178e+42   6.725786444682444e+42 
 60668.012656399624   967189743788985.2   994505722088114.0  1035331122607213.8   9001.609534775647   9696.948683553444   9893.439891233906  4.8587445639785726e+42   6.044465659950915e+42    6.61978429545628e+42 
       60668.525787   964448201606666.5   991744633611503.6  1032393602594713.6   9001.609534775647   9696.948683553444   9893.439891233906    4.83176674479789e+42   6.010273004529616e+42   6.583055468931902e+42 
       60668.537307   964386716262623.2   991682705386721.1  1032327720175183.6   9001.609534775647   9696.948683553444   9893.439891233906   4.831162569742295e+42   6.009507240683195e+42   6.582232846823999e+42 
       60668.549201   964323240479580.1   991618769015295.0  1032259698741830.2   9001.609534775647   9696.948683553444   9893.439891233906  4.8305388526410074e+42   6.008716680326251e+42   6.581383650655526e+42 
 60670.241394392746   955327531279671.1   982228460352371.0  1022619412396430.9   9001.609534775647   9696.948683553444   9893.439891233906  4.7425457490905933e+42   5.897199265049033e+42   6.461566569024824e+42 
       60670.515968   953873025228020.9   980706174289700.0  1021060621493602.4   9001.609534775647   9696.948683553444   9893.439891233906  4.7283938285138555e+42   5.879267084776032e+42   6.442293523488569e+42 
       60670.528171   953808420928743.0   980638559709468.4  1020991386514229.6   9001.609534775647   9696.948683553444   9893.439891233906   4.727765705564702e+42   5.878471265509124e+42   6.441438140879694e+42 
       60670.540601   953742616680719.8   980569689341730.8  1020920865904613.4   9001.609534775647   9696.948683553444   9893.439891233906   4.727125967792285e+42   5.877660709121809e+42    6.44056691089184e+42 
       60671.533981   948495695815992.6   975078241986728.2  1015297243224600.8   9001.609534775647   9696.948683553444   9893.439891233906     4.6762529974268e+42   5.813202940652279e+42     6.3704796522345e+42 
       60671.545555   948434681964277.6   975014389542850.5  1015231847383436.6   9001.609534775647   9696.948683553444   9893.439891233906   4.675662995971185e+42    5.81245550760787e+42   6.369647399718354e+42 
       60671.553408   948393284635005.9   974971066825709.0  1015187476582105.9   9001.609534775647   9696.948683553444   9893.439891233906  4.6752627192692727e+42   5.811948416425923e+42   6.369082753870795e+42 
  60672.47013238587   943570821841393.6   969924199202010.2  1009994466739513.8   9001.609534775647   9696.948683553444   9893.439891233906   4.628748660411875e+42    5.75302063150164e+42   6.303478875984581e+42 
       60672.496562   943432044925533.8   969778979915046.0  1009843442627767.9   9001.609534775647   9696.948683553444   9893.439891233906  4.6274135071986933e+42   5.751329262217219e+42   6.301596127748981e+42 
       60672.508707   943368279699937.6   969712252898304.0  1009774050049673.9   9001.609534775647   9696.948683553444   9893.439891233906   4.626800082533729e+42   5.750552199650409e+42   6.300731131996827e+42 
       60672.521192   943302733655003.6   969643659830768.2  1009702719675717.0   9001.609534775647   9696.948683553444   9893.439891233906  4.6261695760242436e+42   5.749753486443495e+42   6.299842063291303e+42 
       60673.518005   938000395389024.2   964288774519028.8  1004106982183361.1   9001.609534775647   9696.948683553444   9893.439891233906  4.5760775837827404e+42    5.68630162692706e+42   6.228070392292443e+42 
       60673.526377   937954291016346.5   964243927160796.8  1004060759409346.0   9001.609534775647   9696.948683553444   9893.439891233906   4.575658841369685e+42   5.685771216896547e+42      6.227466160943e+42 
       60673.542939   937863092396651.0   964155210344467.8  1003969325371535.0   9001.609534775647   9696.948683553444   9893.439891233906    4.57483054585475e+42   5.684722064220811e+42   6.226270996999972e+42 
       60674.514004   932528765943923.1   958964923902406.0   998612092369001.0   9001.609534775647   9696.948683553444   9893.439891233906  4.5265013502225375e+42   5.623511562167122e+42   6.156560006558357e+42 
       60674.526037   932462803228702.5   958900730749354.5   998545101828500.1   9001.609534775647   9696.948683553444   9893.439891233906  4.5259051821362107e+42   5.622756589111726e+42   6.155700357048644e+42 
       60674.553692   932311220476674.5   958753207325661.2   998391146692116.9   9001.609534775647   9696.948683553444   9893.439891233906   4.524535374800911e+42   5.621021753995472e+42   6.153725133401876e+42 
  60674.69887037899   931515800217253.6   957979053553675.9   997583215408680.5   9001.609534775647   9696.948683553444   9893.439891233906  4.5173502597777107e+42   5.611922613041086e+42    6.14336568436601e+42 
       60675.498997   927141952889221.2   953721196857474.2   993139526887880.1   9001.609534775647   9696.948683553444   9893.439891233906  4.4779342467265545e+42   5.562008588745219e+42   6.086553071377714e+42 
       60675.511284   927074905033041.4   953655915146515.8   993071397478929.4   9001.609534775647   9696.948683553444   9893.439891233906  4.4773312443343736e+42  5.5612450747595906e+42   6.085684194463578e+42 
       60675.523885   927006148234934.9   953588969348801.4   993001532341164.1   9001.609534775647   9696.948683553444   9893.439891233906   4.476712907472116e+42   5.560462144503763e+42   6.084793226707148e+42 
       60676.508726   921645680885343.4   948368402828547.2   987533107697048.9   9001.609534775647   9696.948683553444   9893.439891233906   4.428626599727446e+42   5.499576241596707e+42   6.015527219959579e+42 
       60676.522083   921573139246619.6   948297735990786.8   987458717390883.0   9001.609534775647   9696.948683553444   9893.439891233906   4.427977451137064e+42   5.498754402086404e+42   6.014592525400034e+42 
       60676.535285   921501442019037.9   948227892884076.0   987385197992543.0   9001.609534775647   9696.948683553444   9893.439891233906   4.427335898104346e+42  5.4979422293467014e+42   6.013668791277426e+42 
 60676.927608372105   919372885684846.9   946154196870850.6   985202398242514.1   9001.609534775647   9696.948683553444   9893.439891233906  4.4083094943976365e+42   5.473854387352193e+42   5.986276199904173e+42 
       60678.516284   910795974086931.0   937794347956456.8   976403118831043.1   9001.609534775647   9696.948683553444   9893.439891233906   4.332022904062648e+42   5.377958033353962e+42   5.876518682241677e+42 
  60679.15634636523   907357337635109.1   934440968074906.8   972873672076926.2   9001.609534775647   9696.948683553444   9893.439891233906  4.3016069986536363e+42   5.339831192634968e+42   5.834193002739922e+42 
        60680.45331   900461024410205.1   927693023942421.5   965753000178464.0   9001.609534775647   9696.948683553444   9893.439891233906   4.240565493185578e+42  5.2633093958746016e+42   5.749595475378178e+42 
  60681.38508435835   895565316675239.4   922907234849631.2   960661347765522.1   9001.609534775647   9696.948683553444   9893.439891233906   4.197180162624964e+42   5.208920341573382e+42   5.689480029068119e+42 
       60681.511038   894905100912379.1   922261659956651.0   959974583489322.0   9001.609534775647   9696.948683553444   9893.439891233906   4.191345032664471e+42  5.2016052614204323e+42   5.681395576021634e+42 
       60681.522789   894843525054951.2   922201447535802.2   959910531563042.1   9001.609534775647   9696.948683553444   9893.439891233906  4.1908009848171787e+42  5.2009232581821414e+42   5.680641844775792e+42 
       60681.534301   894783205379028.9   922142463778161.4   959847787360860.5   9001.609534775647   9696.948683553444   9893.439891233906  4.1902680641617253e+42   5.200255189981991e+42     5.6799035251412e+42 
  60683.61382235147   884182653683214.6   911532661253802.1   948913985274120.4   9001.609534775647   9696.948683553444   9893.439891233906  4.0950408202567047e+42   5.080863975911202e+42  5.5480018053535495e+42 
 60685.842560344594   873032729040258.2   900373929518775.5   937448043065283.8   9001.609534775647   9696.948683553444   9893.439891233906  3.9951138771530807e+42   4.955577758504439e+42  5.4096489970783205e+42 
       60686.448703   870029661321543.8   897319103689007.0   934345914729575.6   9001.609534775647   9696.948683553444   9893.439891233906  3.9682952957313896e+42   4.921955710802766e+42  5.3725267501449504e+42 
  60688.07129833771   862034078621512.8   889058351010380.1   926003028151021.9   9001.609534775647   9696.948683553444   9893.439891233906    3.89732520123682e+42    4.83297492515568e+42   5.274317876023506e+42 
       60689.510763   854989409019421.9   881813582317318.0   918637093693907.6   9001.609534775647   9696.948683553444   9893.439891233906   3.834495124492655e+42  4.7557350036641434e+42  5.1885396750616443e+42 
       60689.524035   854924649244060.4   881746984360931.0   918569369046971.0   9001.609534775647   9696.948683553444   9893.439891233906    3.83391117974291e+42  4.7550378880172675e+42   5.187754367599677e+42 
  60690.30003633083   851145576497070.1   877860585476257.0   914604356439621.1   9001.609534775647   9696.948683553444   9893.439891233906    3.79991229602087e+42  4.7144454145943476e+42   5.142031840488456e+42 
       60690.458286   850376515297842.0   877069676070890.2   913790164957858.1   9001.609534775647   9696.948683553444   9893.439891233906   3.793012536663563e+42  4.7062052219105324e+42  5.1327518334150527e+42 
       60690.475104   850294811827486.5   876985656021515.0   913703670359127.6   9001.609534775647   9696.948683553444   9893.439891233906   3.792279913881533e+42   4.705330274955476e+42   5.131766487075583e+42 
       60691.497714   845366781635152.8   871889944578362.8   908457407706246.8   9001.609534775647   9696.948683553444   9893.439891233906   3.747985488898355e+42   4.652412897787039e+42  5.0721854003448876e+42 
       60691.575319   844999242850850.0   871504158308052.0   908060184753442.1   9001.609534775647   9696.948683553444   9893.439891233906    3.74464311546612e+42   4.648418326954219e+42   5.067688713873683e+42 
       60692.449861   840866447384412.8   867296006525937.5   903593909128127.9   9001.609534775647   9696.948683553444   9893.439891233906   3.707169885229004e+42  4.6028103213588025e+42   5.018156867048859e+42 
  60692.52877432395   840494271883251.5   866917863226397.5   903191709050924.2   9001.609534775647   9696.948683553444   9893.439891233906  3.7038052076429717e+42   4.598662066088484e+42   5.013711703036294e+42 
       60693.540686   835733826503232.4   862081476485115.2   898047746943578.4   9001.609534775647   9696.948683553444   9893.439891233906  3.6609149408090696e+42  4.5457787887772275e+42  4.9570330319026475e+42 
       60693.552399   835678837134512.8   862025611690119.0   897988333204751.8   9001.609534775647   9696.948683553444   9893.439891233906   3.660421085886415e+42  4.5451698407965243e+42   4.956380243599604e+42 
       60693.597131   835468867082110.8   861812300341666.8   897761460588972.4   9001.609534775647   9696.948683553444   9893.439891233906  3.6585356393309097e+42   4.542844940809417e+42  4.9538880206409407e+42 
       60694.490752   831283364799146.1   857560398884359.6   893239260486627.9   9001.609534775647   9696.948683553444   9893.439891233906   3.621061776341801e+42   4.496632037840213e+42   4.904341802802123e+42 
       60694.515161   831169256125784.6   857444480919881.5   893115975512677.4   9001.609534775647   9696.948683553444   9893.439891233906  3.6200430734788484e+42  4.4953755921590823e+42   4.902994545540049e+42 
 60694.757512317075   830036971822022.6   856284860575317.6   891892715567135.6   9001.609534775647   9696.948683553444   9893.439891233906   3.609942826871749e+42   4.482918938197436e+42  4.8896367643677265e+42 
       60695.553704   826326011548261.0   852440008082239.0   887883722169675.8   9001.609534775647   9696.948683553444   9893.439891233906  3.5769471809316947e+42  4.4422207195800945e+42  4.8459870217264995e+42 
       60695.562042   826287213099078.5   852399812941573.0   887841812180149.5   9001.609534775647   9696.948683553444   9893.439891233906  3.5766030758717735e+42   4.441796282294677e+42  4.8455317291406284e+42 
       60695.637695   825935266107480.8   852035182037067.2   887461613452683.8   9001.609534775647   9696.948683553444   9893.439891233906   3.573482360870979e+42  4.4379468744089594e+42   4.841402425268412e+42 
       60696.496261   821949793909452.8   847902847619644.4   883318669442799.6   9001.609534775647   9696.948683553444   9893.439891233906   3.538246789050992e+42  4.3944793767621045e+42   4.794768588041367e+42 
   60696.9862503102   819681926051730.4   845525800050142.8   880978605076390.6   9001.609534775647   9696.948683553444   9893.439891233906  3.5182807524581755e+42   4.369845751565995e+42   4.768334697195369e+42 
       60697.541556   817117775566911.0   842838310607469.8   878332907604093.5   9001.609534775647   9696.948683553444   9893.439891233906   3.495779717941864e+42   4.342082434205895e+42   4.738537126751793e+42 
  60699.21498830331   809462035282537.1   834738263939622.9   870315244081085.0   9001.609534775647   9696.948683553444   9893.439891233906  3.4296283864760635e+42  4.2599176600460833e+42  4.6497870841468657e+42 
       60699.410069   808576474854016.0   833788327215661.4   869375978316250.9   9001.609534775647   9696.948683553444   9893.439891233906   3.421999436799273e+42  4.2505623963444535e+42  4.6397322140724655e+42 
       60699.508206   808131285327616.9   833324637901968.5   868903783861799.0   9001.609534775647   9696.948683553444   9893.439891233906  3.4181675561786333e+42    4.24586328130663e+42   4.634862081814712e+42 
       60699.658321   807450668388697.9   832617218199265.0   868181917024397.6   9001.609534775647   9696.948683553444   9893.439891233906  3.4123140626337216e+42  4.2386844501604965e+42  4.6274215407487085e+42 
 60701.443726296435   799090475600493.9   824216316613503.2   859638341411261.2   9001.609534775647   9696.948683553444   9893.439891233906   3.343441147952912e+42  4.1541830568130166e+42  4.5396717969307756e+42 
  60703.67246428956   788942993021423.6   813655787254693.5   848877298924604.6   9001.609534775647   9696.948683553444   9893.439891233906   3.259300917083055e+42   4.050870307654508e+42  4.4321311220883783e+42 
  60705.90120228268   779019199056964.2   803207409408183.0   838154245199297.9   9001.609534775647   9696.948683553444   9893.439891233906    3.17713765904905e+42   3.949901899748719e+42   4.326874893397793e+42 
   60708.1299402758   769051965758818.4   792871957028918.1   827543424939394.9   9001.609534775647   9696.948683553444   9893.439891233906  3.0982619845642765e+42  3.8507200271806413e+42   4.222103179827347e+42 
       60709.597553   762501142608886.8   786125526254889.4   820615156076689.4   9001.609534775647   9696.948683553444   9893.439891233906  3.0477445142183546e+42   3.785483584728097e+42  4.1514400791362065e+42 
 60710.358678268916   759122130255896.5   782645677302300.0   817040880773718.1   9001.609534775647   9696.948683553444   9893.439891233906  3.0218478484877543e+42  3.7520536876973024e+42  4.1152202573806547e+42 
       60710.509756   758452922772945.9   781956497122768.5   816332965802920.4   9001.609534775647   9696.948683553444   9893.439891233906   3.016732140825582e+42   3.745450832441965e+42   4.108065486046647e+42 
       60710.538096   758327444708131.0   781827277389090.0   816200233085233.0   9001.609534775647   9696.948683553444   9893.439891233906  3.0157733955167596e+42  3.7442134495482854e+42  4.1067246320923326e+42 
  60712.58741626204   749306516654207.9   772537091982985.8   806656504630517.2   9001.609534775647   9696.948683553444   9893.439891233906  2.9472427717066544e+42   3.657203861875133e+42   4.010882706558427e+42 
  60714.81615425516   739599971021702.2   762882187815739.8   796468699592149.9   9001.609534775647   9696.948683553444   9893.439891233906   2.874399809629985e+42   3.565063045806035e+42  3.9090331483686304e+42 
  60717.04489224828   730004104206823.2   753385680464610.2   786416973228199.1   9001.609534775647   9696.948683553444   9893.439891233906   2.803256476074674e+42  3.4750826805568006e+42  3.8095905552465934e+42 
   60719.2736302414   720515703925474.4   743822897697745.9   776475926768157.5   9001.609534775647   9696.948683553444   9893.439891233906   2.733785494377306e+42  3.3853849688330654e+42   3.712512542939396e+42 
       60719.622625   719030293919601.9   742303451318003.6   774928088522108.9   9001.609534775647   9696.948683553444   9893.439891233906  2.7230472771375262e+42   3.371484466142373e+42  3.6975109535928934e+42 
  60721.50236823452   711083711576182.9   734172238322698.0   766633920048973.8   9001.609534775647   9696.948683553444   9893.439891233906   2.665940777395432e+42  3.2975784513002576e+42    3.61704935454312e+42 
       60723.384016   703235027927264.8   726112801119568.0   758239508480717.2   9001.609534775647   9696.948683553444   9893.439891233906   2.609927951106591e+42  3.2251374786686467e+42   3.537507598405368e+42 
       60723.516226   702691021204765.8   725549171791243.2   757648710122621.2   9001.609534775647   9696.948683553444   9893.439891233906  2.6060325160967304e+42   3.220102082397823e+42  3.5319788027332476e+42 
       60723.527596   702644254423582.1   725500719665209.5   757597922967216.6   9001.609534775647   9696.948683553444   9893.439891233906  2.6056977670657586e+42  3.2196693881773014e+42  3.5315037018590684e+42 
       60723.538893   702597789999122.2   725452582752136.2   757547466434821.0   9001.609534775647   9696.948683553444   9893.439891233906  2.6053652208519258e+42    3.21923954509872e+42   3.531031731744658e+42 
  60723.73110622764   701807723552102.1   724633992455878.5   756689419239703.4   9001.609534775647   9696.948683553444   9893.439891233906  2.5997134464688644e+42   3.211934290820946e+42   3.523010806834016e+42 
       60725.586287   694229647527459.1   716780649621870.5   748425066162421.4   9001.609534775647   9696.948683553444   9893.439891233906  2.5458021773943628e+42   3.143618068340296e+42   3.445781719429351e+42 
 60725.959844220764   692712279779340.2   715207748701356.5   746769840482584.2   9001.609534775647   9696.948683553444   9893.439891233906  2.5350709450733467e+42  3.1301197257400734e+42  3.4303958656071255e+42 
       60727.426898   686785936317294.5   709063327636563.5   740310075881848.4   9001.609534775647   9696.948683553444   9893.439891233906  2.4933658312766102e+42  3.0776698666558066e+42   3.373555218331403e+42 
          60727.475   686592376160421.0   708862604431070.8   740102362973128.2   9001.609534775647   9696.948683553444   9893.439891233906  2.4920091502025487e+42  3.0759639053410186e+42   3.371711644263675e+42 
  60728.18858221389   683727345250553.9   705891393275332.8   737027562507297.0   9001.609534775647   9696.948683553444   9893.439891233906   2.472009074759382e+42   3.050767924684436e+42   3.344339292036714e+42 
       60728.452243   682671601700324.1   704796397701656.6   735894351460487.2   9001.609534775647   9696.948683553444   9893.439891233906  2.4646815248415688e+42  3.0415086641399926e+42   3.334199250102896e+42 
       60729.349143   679092469774038.6   701083776837131.0   732051829581984.5   9001.609534775647   9696.948683553444   9893.439891233906  2.4399153938481596e+42   3.010219899099593e+42  3.2999304935057544e+42 
       60729.597013   678106397100146.5   700060796443101.9   730993003919860.0   9001.609534775647   9696.948683553444   9893.439891233906   2.433034868604393e+42   3.001627149568577e+42  3.2905183209927164e+42 
    60730.417320207   674853243798918.8   696685510310855.5   727499225453650.8   9001.609534775647   9696.948683553444   9893.439891233906  2.4101633261782617e+42   2.973363240316494e+42  3.2590831007287773e+42 
       60730.492018   674557725484257.0   696378868564633.6   727181797316828.8   9001.609534775647   9696.948683553444   9893.439891233906   2.408090722863186e+42  2.9708020849181525e+42  3.2562258151672176e+42 
       60731.564988   670327325841671.8   691988715626261.1   722637025528743.6   9001.609534775647   9696.948683553444   9893.439891233906   2.378581251689831e+42   2.934256747283902e+42   3.215453065030526e+42 
 60732.646058200124   666090751039161.6   687583685415185.2   718084090710724.1   9001.609534775647   9696.948683553444   9893.439891233906   2.349281131791208e+42   2.897877530744551e+42   3.174866283517602e+42 
       60733.581115   662446990870433.9   683782861590660.2   714164418276587.8   9001.609534775647   9696.948683553444   9893.439891233906  2.3242197561641976e+42   2.866764593131478e+42   3.140155260686406e+42 
 60734.874796193246   657438023918746.2   678556911313081.2   708956328492528.0   9001.609534775647   9696.948683553444   9893.439891233906   2.289978793719413e+42  2.8242602371015073e+42   3.092735891939797e+42 
       60735.593586   654670213023542.6   675668678267639.8   706002378570861.0   9001.609534775647   9696.948683553444   9893.439891233906  2.2711623005740836e+42   2.800905357433977e+42  3.0666812797070956e+42 
       60736.449504   651389271041961.8   672244511094258.9   702485418334306.9   9001.609534775647   9696.948683553444   9893.439891233906  2.2489537441407913e+42    2.77334250164319e+42  3.0359324797699036e+42 
  60737.10353418637   648892873138541.4   669638781891273.5   699855338634947.8   9001.609534775647   9696.948683553444   9893.439891233906  2.2321257072909742e+42  2.7524589560685054e+42   3.012635505514316e+42 
  60739.33227217949   640447094531747.5   660834916052426.9   690997808553064.9   9001.609534775647   9696.948683553444   9893.439891233906   2.175733196440495e+42    2.68191468257623e+42  2.9345752534599195e+42 
       60741.559142   632018532484453.6   652144207894567.2   682156252432488.0   9001.609534775647   9696.948683553444   9893.439891233906   2.120763281900273e+42   2.611899947647495e+42   2.858405620110008e+42 
 60741.561010172605   632011499833863.8   652136954661486.4   682148872790540.5   9001.609534775647   9696.948683553444   9893.439891233906  2.1207176984545668e+42  2.6118419069514067e+42   2.858342426034083e+42 
  60743.78974816573   623680917779054.2   643545556871468.4   673320866821613.8   9001.609534775647   9696.948683553444   9893.439891233906  2.0670588889068144e+42   2.544031598938135e+42   2.783960263167127e+42 
  60746.01848615885   615455017661345.8   635060544509796.8   664555948096283.9   9001.609534775647   9696.948683553444   9893.439891233906  2.0147309453675482e+42  2.4783785984004386e+42   2.711451676045308e+42 
  60748.24722415197   607355076503891.8   626786056770938.6   655898555076368.9   9001.609534775647   9696.948683553444   9893.439891233906  1.9634423857303926e+42  2.4130499595490527e+42  2.6407770087424322e+42 
 60750.475962145094   599402103735076.2   618625785599915.2   647348083742254.4   9001.609534775647   9696.948683553444   9893.439891233906  1.9117971120803776e+42  2.3499969002015242e+42  2.5718963100086197e+42 
  60752.70470013821   591550216938799.0   610565723480547.0   638903838504714.0   9001.609534775647   9696.948683553444   9893.439891233906  1.8614894953033614e+42  2.2885480581002587e+42  2.5047698278395238e+42 
  60754.93343813133   583798604869453.4   602605220597389.1   630565043665090.0   9001.609534775647   9696.948683553444   9893.439891233906    1.81248818551511e+42  2.2286674605331898e+42  2.4393574824654747e+42 
       60755.534055   581725288603256.6   600503621220211.2   628334164276291.6   9001.609534775647   9696.948683553444   9893.439891233906  1.7994927313799103e+42    2.21278314502072e+42  2.4220051804161127e+42 
  60757.16217612445   576193404652050.4   594904335066495.4   622328129082852.0   9001.609534775647   9696.948683553444   9893.439891233906   1.764762841566695e+42  2.1703003943930785e+42  2.3755986333443912e+42 
 60759.390914117575   568647634541468.2   587325543686707.2   614231710696467.6   9001.609534775647   9696.948683553444   9893.439891233906  1.7187435192175625e+42  2.1134587183244132e+42  2.3141454303387358e+42 
       60759.516278   568225720887560.4   586901653252777.5   613791612286585.8   9001.609534775647   9696.948683553444   9893.439891233906   1.716187999397959e+42   2.110302526647457e+42  2.3107338704866332e+42 
   60761.6196521107  561198705458454.75   579799609180571.8   606377434725570.1   9001.609534775647   9696.948683553444   9893.439891233906   1.673900546724119e+42  2.0588730208957505e+42  2.2542667122406793e+42 
  60763.84839010381  553810046598364.06   572247599034659.5   598581341792051.0   9001.609534775647   9696.948683553444   9893.439891233906  1.6302187026565285e+42  2.0064280167396795e+42  2.1959168239019622e+42 
       60765.608315  548063515265607.44   566327661418665.8   592492385266198.4   9001.609534775647   9696.948683553444   9893.439891233906   1.596514847101783e+42  1.9658486683356658e+42   2.150881635320696e+42 
 60766.077128096935   546526327116474.0   564751913917529.0   590879941321245.9   9001.609534775647   9696.948683553444   9893.439891233906   1.587650210597913e+42  1.9548943402024154e+42   2.139034798350553e+42 
  60768.30586609006   539266214923132.2   557325899463543.0   583279407696332.1   9001.609534775647   9696.948683553444   9893.439891233906  1.5472902257610543e+42  1.9036772154845464e+42  2.0836330657334627e+42 
  60770.53460408318   532101511313380.4   549959271174581.9   575790376549992.8   9001.609534775647   9696.948683553444   9893.439891233906   1.508072318945817e+42   1.853785004815729e+42  2.0295758451878348e+42 
   60772.7633420763   525031649922416.1  542670997879519.56   568407972792191.0   9001.609534775647   9696.948683553444   9893.439891233906  1.4689164374018628e+42  1.8051883684623714e+42  1.9768231392939557e+42 
       60773.244518   523516511436713.1   541109049747561.6   566824923595774.4   9001.609534775647   9696.948683553444   9893.439891233906  1.4605493320804157e+42  1.7948558661447546e+42  1.9655942676042452e+42 
       60773.255995  523480426993464.06   541071849773289.7   566787218942069.1   9001.609534775647   9696.948683553444   9893.439891233906  1.4603503498598384e+42  1.7946101411549557e+42   1.965325847720399e+42 
        60773.26868  523440547267353.94   541030739052618.6   566745549087323.2   9001.609534775647   9696.948683553444   9893.439891233906  1.4601304478881175e+42  1.7943385917887916e+42  1.9650292207423267e+42 
 60774.992080069416  518053792733521.25   535478168453240.0   561115912918193.7   9001.609534775647   9696.948683553444   9893.439891233906  1.4305755855602133e+42   1.757843299489531e+42   1.925163730376329e+42 
  60777.22081806254  511170521201160.25   528383409888102.9   553918648942313.0   9001.609534775647   9696.948683553444   9893.439891233906   1.393240470588786e+42  1.7117405709907955e+42   1.874806746052443e+42 
  60779.44955605566   504381618323471.6   521387027160587.6   546813120892873.6   9001.609534775647   9696.948683553444   9893.439891233906  1.3568849750591071e+42  1.6668609778860935e+42  1.8257190335923896e+42 
  60781.67829404878   497792966578496.2  514484233986901.75   539797827824829.6   9001.609534775647   9696.948683553444   9893.439891233906  1.3214733207688552e+42   1.623150684534838e+42  1.7778737829510302e+42 
 60783.907032041905   491347274345292.6   507674593101593.5  532879489689622.75   9001.609534775647   9696.948683553444   9893.439891233906  1.2869843855881219e+42  1.5805840301996648e+42   1.731283285945812e+42 
  60786.13577003502   484893202145571.8   500957299247463.9   526460764939456.0   9001.609534775647   9696.948683553444   9893.439891233906  1.2533963222967937e+42   1.539134047835452e+42  1.6859176917958888e+42 
  60788.36450802814  478437042425562.94   494331406126934.5   520123612294469.8   9001.609534775647   9696.948683553444   9893.439891233906    1.22068717106995e+42  1.4987734591398575e+42  1.6417468073704605e+42 
 60790.593246021264   472069759921087.6   487795893095551.5   513867244539388.2   9001.609534775647   9696.948683553444   9893.439891233906  1.1888351193895616e+42  1.4591500260730597e+42   1.598740743372194e+42 
  60792.82198401439   465805427997153.6  481349706447218.25   507690856687886.3   9001.609534775647   9696.948683553444   9893.439891233906  1.1582960835480898e+42   1.420544171960869e+42  1.5567367167545238e+42 
       60793.514163   463904721374667.9  479364174140184.94   505787274195919.7   9001.609534775647   9696.948683553444   9893.439891233906  1.1490368507055066e+42  1.4087568921179297e+42  1.5438724646396347e+42 
  60795.05072200751  459637369874920.56  475022756387058.75  501591165720763.75   9001.609534775647   9696.948683553444   9893.439891233906  1.1287616529746788e+42  1.3829555329587088e+42  1.5157115661236877e+42 
 60797.279460000624   453529703655776.1  468873875270139.44  495557215329897.56   9001.609534775647   9696.948683553444   9893.439891233906  1.1000107452469354e+42  1.3464624090029234e+42  1.4761726735741772e+42 
       60797.424678   453135140289352.0  468475653928316.75   495164597783846.5   9001.609534775647   9696.948683553444   9893.439891233906  1.0981614476778892e+42   1.344124796765418e+42   1.473689921322073e+42 
 60799.508197993746  447517314683145.56  462854496669922.75   489573288791054.3   9001.609534775647   9696.948683553444   9893.439891233906  1.0719978755139807e+42  1.3110608443830847e+42  1.4385578637542482e+42 
  60801.73693598687  441587572707628.94  456997840577141.94   483668533048759.9   9001.609534775647   9696.948683553444   9893.439891233906  1.0447148677336388e+42   1.276533321831144e+42  1.4017154107171787e+42 
  60803.96567397999   435738534937372.3  451092968683548.25   477747999528764.9   9001.609534775647   9696.948683553444   9893.439891233906  1.0181385044600442e+42  1.2425038891344403e+42  1.3654534694760753e+42 
 60806.194411973105  429969425015487.25  445266589856578.25   471751417019169.4   9001.609534775647   9696.948683553444   9893.439891233906   9.922519587036007e+41  1.2093962617200585e+42  1.3302786717856107e+42 
  60808.42314996623   424279336336922.2   439517895725356.0   465807708879614.6   9001.609534775647   9696.948683553444   9893.439891233906   9.672532462831216e+41  1.1789510021332731e+42  1.2964292470614737e+42 
  60810.65188795935  418667337644295.25   433846038834636.6   459941945242423.8   9001.609534775647   9696.948683553444   9893.439891233906   9.430092751169677e+41  1.1488513136613962e+42  1.2628363036936183e+42 
  60812.88062595247   413132489834539.9  428259233538646.06   454153272880461.5   9001.609534775647   9696.948683553444   9893.439891233906   9.196362217305831e+41  1.1197678543575082e+42  1.2301127475412877e+42 
       60814.458206   409259458260263.0   424368520927157.3   450100360383104.9   9001.609534775647   9696.948683553444   9893.439891233906   9.035509544650769e+41  1.0997990275968074e+42  1.2074630043173052e+42 
       60814.469571   409231684217383.1  424340311860106.75   450071287115208.4   9001.609534775647   9696.948683553444   9893.439891233906   9.034360906098446e+41  1.0996564561372785e+42  1.2073013132317791e+42 
       60814.482226  409200759903237.25   424308903973440.0   450038916162601.1   9001.609534775647   9696.948683553444   9893.439891233906   9.033082038527498e+41  1.0994977208278654e+42  1.2071212967850523e+42 
 60815.109363945594   407671525444893.5   422755690041008.9   448438136084526.5   9001.609534775647   9696.948683553444   9893.439891233906   8.969957547650204e+41  1.0916627168690457e+42  1.1982358917966629e+42 
  60817.33810193871   402289450605000.9   417288152883373.9   442802795565305.0   9001.609534775647   9696.948683553444   9893.439891233906   8.749535971286465e+41   1.064242515036348e+42  1.1672202193528281e+42 
       60819.399285   397376949187612.3   412295931635772.7  437609432556328.06   9001.609534775647   9696.948683553444   9893.439891233906    8.55065807167571e+41  1.0388935985607078e+42  1.1392564680360654e+42 
       60819.411909   397347031892762.2   412265523075800.1   437577669945877.9   9001.609534775647   9696.948683553444   9893.439891233906   8.549453437597504e+41   1.038740144966519e+42   1.139087170214147e+42 
       60819.530605   397065851559443.8   411979723961450.0   437279151588539.7   9001.609534775647   9696.948683553444   9893.439891233906   8.538136344122858e+41  1.0372984764043615e+42   1.137496645084245e+42 
  60819.56683993183   396980054317958.4   411892516467148.0  437188067196010.44   9001.609534775647   9696.948683553444   9893.439891233906   8.534684636580485e+41  1.0368587782288224e+42  1.1370115595279733e+42 
       60821.437372   392616669287348.2  407420214249637.25   432516898485820.5   9001.609534775647   9696.948683553444   9893.439891233906   8.358625881179778e+41  1.0143703969844812e+42  1.1122730712064313e+42 
  60821.79557792495   391787935683755.4   406569044674098.0   431627819494412.6   9001.609534775647   9696.948683553444   9893.439891233906   8.325322891872943e+41  1.0100826582654528e+42  1.1075956486882766e+42 
 60824.024315918075   386677492911234.7   401342016760602.9  426144612129096.75   9001.609534775647   9696.948683553444   9893.439891233906   8.121423541793144e+41   9.838431625275238e+41  1.0789666862832341e+42 
       60825.450613   383454082087152.1   398021316399116.6  422672236767973.75   9001.609534775647   9696.948683553444   9893.439891233906   7.993605043683443e+41   9.674117095486088e+41  1.0610321501773254e+42 
   60826.2530539112   381661481800922.6   396163649921738.3   420731653630981.8   9001.609534775647   9696.948683553444   9893.439891233906   7.922615431495047e+41   9.582909050927564e+41  1.0510793071562026e+42 
       60827.391763   379133676857483.5  393543907679960.44   417994855609757.7   9001.609534775647   9696.948683553444   9893.439891233906   7.823042236343559e+41   9.455030679663822e+41  1.0371524522021236e+42 
  60828.48179190431   376730832124498.0  391053444399399.25   415392939638438.2   9001.609534775647   9696.948683553444   9893.439891233906   7.728962467604833e+41   9.334275255501754e+41  1.0240720686900775e+42 
 60830.710529897435   371925039773101.2   386015983136654.6   410129588069792.4   9001.609534775647   9696.948683553444   9893.439891233906   7.540399611202328e+41   9.089728214828182e+41   9.979489673644135e+41 
  60832.93926789056  367158003865675.75  381045872148889.06  404935806540264.75   9001.609534775647   9696.948683553444   9893.439891233906   7.352507450994725e+41   8.849686703699803e+41   9.724773134318075e+41 
       60833.391953  366168473526665.75   380043694127756.8  403888397804347.44   9001.609534775647   9696.948683553444   9893.439891233906   7.313959928296686e+41   8.801688870304239e+41   9.674245329929842e+41 
  60835.16800588368   362345332271485.9  376165764440482.25   399810142545845.2   9001.609534775647   9696.948683553444   9893.439891233906    7.16501600709658e+41   8.619261067955361e+41    9.47882703421469e+41 
       60835.397418   361854357410281.6   375674266687053.7   399286244455185.3   9001.609534775647   9696.948683553444   9893.439891233906   7.146361456704252e+41   8.595990094793085e+41   9.453871001556061e+41 
   60837.3967438768   357609242799403.4   371424317071444.1   394735330424430.6   9001.609534775647   9696.948683553444   9893.439891233906   6.986062079175982e+41   8.396101814649736e+41   9.239480412526664e+41 
 60839.625481869916  352986646690357.94  366748903937850.44  389717131727447.56   9001.609534775647   9696.948683553444   9893.439891233906    6.81179553668268e+41    8.17898779361278e+41   9.006506742072352e+41 
  60841.85421986304   348478324234482.4   362137439074807.1  384841068189283.56   9001.609534775647   9696.948683553444   9893.439891233906  6.6420475717105146e+41   7.967698149902685e+41   8.777733689751791e+41 
       60843.509159   345169952534739.9   358753127357090.0   381326128664402.7   9001.609534775647   9696.948683553444   9893.439891233906   6.518819881290661e+41   7.814437380159136e+41   8.610427626097227e+41 
  60844.08295785616  344030483908295.75   357587441637839.9   380115320933127.6   9001.609534775647   9696.948683553444   9893.439891233906   6.476640109967624e+41   7.762002096231969e+41   8.553177451028343e+41 
  60846.31169584928   339647451213697.1   353034378401222.5  375427166433986.56   9001.609534775647   9696.948683553444   9893.439891233906   6.315662701377198e+41   7.561986696058974e+41   8.334758732233222e+41 
       60846.380584   339512789507407.4   352892543031463.0   375282783241730.7   9001.609534775647   9696.948683553444   9893.439891233906   6.310747760122879e+41   7.555883391270117e+41   8.328092171550766e+41 
       60847.416856   337494856838151.6   350767056014793.2   373119086433765.0   9001.609534775647   9696.948683553444   9893.439891233906   6.237328077778705e+41   7.464726564756316e+41   8.228521678643894e+41 
 60848.540433842405  335322238954705.56   348478406329841.1   370789225386892.4   9001.609534775647   9696.948683553444   9893.439891233906   6.158756410957641e+41   7.367212874226528e+41   8.120979791047602e+41 
       60850.372554  331810624854164.25   344782231472018.0  367026252243008.44   9001.609534775647   9696.948683553444   9893.439891233906   6.032338334559559e+41   7.210830079433268e+41   7.951335046389163e+41 
  60850.76917183552   331041056351597.9   343987050750618.6   366216586734862.5   9001.609534775647   9696.948683553444   9893.439891233906  6.0044082596045375e+41   7.177160360561593e+41   7.915068418638169e+41 
  60852.99790982864   326783042429059.3   339558840624957.3  361707637435273.25   9001.609534775647   9696.948683553444   9893.439891233906   5.850085601960795e+41   6.992625529700186e+41   7.714625474453746e+41 
 60855.226647821764  322518034348775.25  335143404314938.56   357258729733288.3   9001.609534775647   9696.948683553444   9893.439891233906   5.699847060222354e+41   6.821875234186029e+41   7.519394293465485e+41 
       60855.302083   322374212438344.9   334994538220663.3   357109052658920.4   9001.609534775647   9696.948683553444   9893.439891233906   5.694826703128499e+41   6.816167219863912e+41   7.512868805985393e+41 
  60857.45538581489   318302379237515.9   330778925147517.6   352868928983996.9   9001.609534775647   9696.948683553444   9893.439891233906   5.553535046226721e+41   6.655445431648412e+41    7.33376775457292e+41 
  60859.68412380801   314145392060228.1   326476448287406.9  348489891823339.25   9001.609534775647   9696.948683553444   9893.439891233906   5.411242925987975e+41   6.493343804177246e+41   7.153684733541553e+41 
 60861.912861801124   310056563003863.3   322234354769533.6   344100028951880.2   9001.609534775647   9696.948683553444   9893.439891233906   5.272713708707498e+41   6.330840396092803e+41   6.978224054735742e+41 
 60864.141599794246  306090593770904.25  318051175145758.25   339770461709881.2   9001.609534775647   9696.948683553444   9893.439891233906   5.137867754320684e+41   6.168902913890904e+41   6.801965962695767e+41 
  60866.37033778737   302104334972275.3  313926329779730.75   335513691192077.9   9001.609534775647   9696.948683553444   9893.439891233906   5.006612530659761e+41   6.011003169699175e+41   6.628859856739066e+41 
  60868.59907578049   298174531987377.7  309859088265627.44   331423890332073.4   9001.609534775647   9696.948683553444   9893.439891233906   4.878852949862484e+41  5.8583243538899164e+41   6.459816945876882e+41 
       60869.334596   296912991829850.3  308528130422444.75   330099851254538.2   9001.609534775647   9696.948683553444   9893.439891233906   4.837403627980609e+41      5.808010068409e+41  6.4049704177560125e+41 
 60870.827813773605   294402332421474.4   305846857952051.4  327431951448565.06   9001.609534775647   9696.948683553444   9893.439891233906   4.754438846699625e+41   5.710451659779134e+41   6.295174370710019e+41 
  60873.05655176673   290583217109589.8   301920067350345.4   323497188008099.9   9001.609534775647   9696.948683553444   9893.439891233906   4.633428750356186e+41   5.569489372455415e+41   6.135004024342224e+41 
       60873.340899  290099261408364.75  301423355280892.75   322998409601331.0   9001.609534775647   9696.948683553444   9893.439891233906   4.618203784436909e+41   5.551748710819412e+41   6.114852006998258e+41 
  60875.28528975985   286836803381753.0   298164171757358.6  319614240279983.25   9001.609534775647   9696.948683553444   9893.439891233906   4.515587033148302e+41   5.427768495619217e+41   5.979006379757763e+41 
  60877.51402775297  283267997563758.44  294378373565319.75   315822033019566.4   9001.609534775647   9696.948683553444   9893.439891233906    4.40113776851247e+41   5.288884766301663e+41  5.8273610383799685e+41 
 60879.742765746094  279810017779362.28   290635148822314.4   312103973921465.3   9001.609534775647   9696.948683553444   9893.439891233906   4.293840378425131e+41  5.1536920206801096e+41  5.6815663160052816e+41 
  60881.97150373921  276336950721281.72   287007175744725.9   308435842335734.2   9001.609534775647   9696.948683553444   9893.439891233906   4.189313209082103e+41  5.0221019852522016e+41   5.539577651130635e+41 
  60884.20024173233  272828961377227.34  283352998489081.44   304813039330908.0   9001.609534775647   9696.948683553444   9893.439891233906   4.087485682113251e+41  4.8946234026776346e+41   5.403857772776584e+41 
  60886.42897972545   269319633579854.6   279758339103096.3  301162248027601.94   9001.609534775647   9696.948683553444   9893.439891233906   3.988286957223143e+41  4.7742431399785244e+41    5.27202596971924e+41 
       60887.308768  267946716932754.12   278352056658715.5   299733401729491.6   9001.609534775647   9696.948683553444   9893.439891233906   3.949804682583942e+41   4.727658509528185e+41    5.22088829941846e+41 
 60888.657717718575  265857436770955.03  276211987396955.44   297558673233783.4   9001.609534775647   9696.948683553444   9893.439891233906   3.891599406271999e+41   4.657213053108761e+41   5.142814790380081e+41 
       60889.301746  264866012765896.94  275196467644116.25   296526461095334.6   9001.609534775647   9696.948683553444   9893.439891233906   3.864128390932216e+41   4.623967484543796e+41  5.1053739225293236e+41 
   60890.8864557117  262444831604642.72   272716418496366.3   294005193233296.8   9001.609534775647   9696.948683553444   9893.439891233906   3.797446191031583e+41   4.541339902718295e+41   5.014587368833459e+41 
  60893.11519370481   259081286387218.0  269291684353909.25   290501152349883.7   9001.609534775647   9696.948683553444   9893.439891233906   3.708678120988299e+41   4.426272322907374e+41  4.8962241519291885e+41 
 60895.343931697935  255763685935339.28  265919447715947.06   287043224702980.2   9001.609534775647   9696.948683553444   9893.439891233906   3.622130441277595e+41   4.314237993233518e+41   4.779776719319719e+41 
  60897.57266969106  252528501750010.06  262594411881331.75   283631527321481.9   9001.609534775647   9696.948683553444   9893.439891233906   3.533910181160975e+41   4.205175638679341e+41  4.6602389297894925e+41 
  60899.80140768418   249339610069123.5   259329750941786.6  280265653000682.03   9001.609534775647   9696.948683553444   9893.439891233906  3.4454672288931027e+41   4.099010414857608e+41    4.54381779145625e+41 
   60902.0301456773  246194736593474.34  256093711855974.62  276945050772074.66   9001.609534775647   9696.948683553444   9893.439891233906   3.359343400424199e+41  3.9963078261515876e+41   4.430432671776065e+41 
 60904.258883670416  243093289473248.03   252867930043676.8  273669133222511.03   9001.609534775647   9696.948683553444   9893.439891233906   3.275476906446522e+41  3.8997366234072786e+41  4.3200033986494484e+41 
  60906.48762166354   240034669435744.2  249686871914898.12  270437306853602.62   9001.609534775647   9696.948683553444   9893.439891233906  3.1938071831357377e+41    3.80197337588529e+41   4.212451528874287e+41 
  60908.71635965666   237018282118553.9   246625372388400.6  267248978976107.38   9001.609534775647   9696.948683553444   9893.439891233906  3.1142752488615378e+41    3.70557164927462e+41    4.10794053216741e+41 
  60910.94509764978   234043535010407.8  243607651644398.75   264103565118836.5   9001.609534775647   9696.948683553444   9893.439891233906   3.036823708908075e+41   3.611730852644919e+41   4.007167420128823e+41 
 60913.173835642905   231112571258785.5   240580046597923.5   261000487985851.1   9001.609534775647   9696.948683553444   9893.439891233906  2.9613967593885054e+41   3.521592836455745e+41   3.908999104013138e+41 
  60915.40257363602  228238137774355.94   237504678900267.3  257939177321079.03   9001.609534775647   9696.948683553444   9893.439891233906  2.8879399736775107e+41  3.4378884953329205e+41   3.813366443043536e+41 
  60917.63131162914  225403356296118.38   234529420403848.7  254919067793733.12   9001.609534775647   9696.948683553444   9893.439891233906  2.8164004139952837e+41  3.3519259175813778e+41   3.720202176970427e+41 
 60919.860049622264   222607669799492.2  231595301431881.66  251939600522473.06   9001.609534775647   9696.948683553444   9893.439891233906  2.7467266136382465e+41   3.269311711756114e+41  3.6294408970401625e+41 
  60922.08878761539  219850527821170.72  228701741204599.62   249000224941731.3   9001.609534775647   9696.948683553444   9893.439891233906    2.67886853690992e+41   3.189307781140911e+41   3.541018845028713e+41 
  60924.31752560851  217157148223064.88   225848164502262.8   246100397351780.7   9001.609534775647   9696.948683553444   9893.439891233906  2.6127774911307276e+41   3.111387397167628e+41   3.454873945983954e+41 
 60926.546263601624  214421026195605.06  223039816184862.75  243239581268344.03   9001.609534775647   9696.948683553444   9893.439891233906  2.5484060275420318e+41  3.0354943047063235e+41   3.370945808681752e+41 
 60928.775001594746  211730981759321.25   220322060199985.8  240417244207874.38   9001.609534775647   9696.948683553444   9893.439891233906   2.485708017211914e+41  2.9615737222560683e+41  3.2891756912347333e+41 
  60931.00373958787  209109594800054.28  217607084169306.38  237632861361608.84   9001.609534775647   9696.948683553444   9893.439891233906   2.424638602541335e+41  2.8895724229518976e+41   3.209506441440718e+41 
  60933.23247758099   206550768752472.9  214908310770989.28  234885915369334.16   9001.609534775647   9696.948683553444   9893.439891233906  2.3651541848004174e+41   2.819438655881072e+41   3.131432863611469e+41 
  60935.46121557411   204041002247847.6   212246676896717.3  232161472522713.22   9001.609534775647   9696.948683553444   9893.439891233906   2.307212304443835e+41  2.7511221234154946e+41  3.0553297823769902e+41 
  60937.68995356723  201566125898674.62  209654453149272.06  229467991367437.97   9001.609534775647   9696.948683553444   9893.439891233906   2.250636480799849e+41    2.68457388414741e+41   2.982554444520651e+41 
  60939.91869156035  199125636091418.25   207068214626707.8  226828483320059.56   9001.609534775647   9696.948683553444   9893.439891233906  2.1943308642040867e+41   2.619212761538934e+41  2.9107465714685966e+41 
  60942.14742955347  196719035579464.72  204491700867382.12  224379703746670.78   9001.609534775647   9696.948683553444   9893.439891233906  2.1394996197043265e+41  2.5549721712885082e+41  2.8407757561519074e+41 
 60944.376167546594  194345835432363.72  201995895399331.66  221918526794245.84   9001.609534775647   9696.948683553444   9893.439891233906   2.086103037449107e+41   2.492403562942019e+41    2.77259338522618e+41 
 60946.604905539716  192005552722320.56  199564127033573.22  219490388035217.03   9001.609534775647   9696.948683553444   9893.439891233906    2.03410249870586e+41  2.4314618129062372e+41  2.7061521458103923e+41 
  60948.83364353283  189697710949690.84  197201181578248.44   217049950122540.8   9001.609534775647   9696.948683553444   9893.439891233906  1.9838343276637946e+41   2.373430995597264e+41  2.6413269372781365e+41 
  60951.06238152595   187421841768502.0  194886985311845.53   214539744582885.3   9001.609534775647   9696.948683553444   9893.439891233906   1.935298668634065e+41   2.317775150358087e+41   2.580389072899666e+41 
 60953.291119519075  185177482855608.75   192604668562230.0  212063501756520.75   9001.609534775647   9696.948683553444   9893.439891233906    1.88915287217308e+41  2.2635323066230484e+41   2.521563941872334e+41 
   60955.5198575122   182918984385954.1   190353413297533.2   209620415725031.4   9001.609534775647   9696.948683553444   9893.439891233906  1.8442285433483312e+41  2.2080591138693948e+41    2.46271732799324e+41 
  60957.74859550531  180684109024017.66  188021996773230.06  207181537159568.38   9001.609534775647   9696.948683553444   9893.439891233906   1.800814465031434e+41   2.153931735987611e+41  2.4064467058831446e+41 
 60959.977333498435   178482138969815.8  185721987601862.75   204752976893949.2   9001.609534775647   9696.948683553444   9893.439891233906  1.7585336125944755e+41  2.1012517456798507e+41  2.3520132652362217e+41 
  60962.20607149156   176309783208802.0   183548407266167.4  202356881584449.84   9001.609534775647   9696.948683553444   9893.439891233906  1.7173112177358366e+41   2.049922107442628e+41   2.298369948211786e+41 
  60964.43480948468  174167105832225.66  181461678703079.75   199993171965808.0   9001.609534775647   9696.948683553444   9893.439891233906  1.6769875401372361e+41  1.9999164128158824e+41  2.2460589788202098e+41 
   60966.6635474778  172053813694857.38   179343986660005.6  197661493834993.38   9001.609534775647   9696.948683553444   9893.439891233906  1.6367758582872221e+41  1.9512018185566516e+41  2.1946545857976835e+41 
 60968.892285470916  169969522002062.78  177206585504087.47  195361424515699.97   9001.609534775647   9696.948683553444   9893.439891233906  1.5975884682380374e+41  1.9037568776340693e+41  2.1441941875504244e+41 
  60971.12102346404   167913825619637.0   175098539352815.0  193175518413295.47   9001.609534775647   9696.948683553444   9893.439891233906   1.559049252068364e+41  1.8593436545644464e+41  2.0949962821417824e+41 
  60973.34976145716  165896215543730.75   173004914668257.5  191059222913505.16   9001.609534775647   9696.948683553444   9893.439891233906  1.5214992208307066e+41   1.816050339349513e+41  2.0459816374387967e+41 
  60975.57849945028   163911515836479.7  170972950362775.75   188969066502917.9   9001.609534775647   9696.948683553444   9893.439891233906  1.4849120093896746e+41  1.7738473680954793e+41   1.998031966694496e+41 
 60977.807237443405   161954029302786.5  168966744611663.22  186906990028121.56   9001.609534775647   9696.948683553444   9893.439891233906  1.4492619721910431e+41  1.7327060002523237e+41  1.9545153297815247e+41 
  60980.03597543652  160023367393779.47  166921634414933.66  184872595992549.34   9001.609534775647   9696.948683553444   9893.439891233906  1.4145241697569548e+41  1.6925982765212998e+41  1.9084680228037343e+41 
  60982.26471342964  158119145879394.88   164920556068732.1  182865492973541.62   9001.609534775647   9696.948683553444   9893.439891233906   1.380775634007522e+41  1.6534970013830158e+41  1.8633891488629645e+41 
 60984.493451422764  156240986816006.28  162964823512312.47  180885295071861.94   9001.609534775647   9696.948683553444   9893.439891233906  1.3480028328201033e+41   1.614188892082669e+41  1.8205264780563994e+41 
  60986.72218941589  154388518071693.38  161066679164815.12  178931621850725.47   9001.609534775647   9696.948683553444   9893.439891233906  1.3161646254673772e+41  1.5753195912411029e+41  1.7787267032358083e+41 
  60988.95092740901   152547135845055.7  159194347675206.56  177004098483236.88   9001.609534775647   9696.948683553444   9893.439891233906  1.2869295084023888e+41  1.5374443554028905e+41   1.736012399335399e+41 
 60991.179665402124   150696228134483.2   157347463175961.7  175102354828619.38   9001.609534775647   9696.948683553444   9893.439891233906   1.256640233395412e+41   1.500536789874521e+41  1.6958520887675215e+41 
 60993.408403395246  148870596352477.97   155525665404809.7  173176271117283.62   9001.609534775647   9696.948683553444   9893.439891233906  1.2271162720513944e+41   1.464571224219849e+41  1.6565367317844589e+41 
  60995.63714138837  147069882213445.47   153728598434872.7   171225413232889.7   9001.609534775647   9696.948683553444   9893.439891233906  1.1983374424981007e+41  1.4295577958051395e+41  1.6180671317114324e+41 
  60997.86587938149  145293730844697.66  151955911549477.53   169300758909786.2   9001.609534775647   9696.948683553444   9893.439891233906  1.1702841160065273e+41  1.3960858254648146e+41  1.5805621134891398e+41 
  61000.09461737461  143541793117161.12  150214850713068.75  167401942297117.66   9001.609534775647   9696.948683553444   9893.439891233906  1.1429371982711312e+41  1.3634570466687307e+41   1.543996400012383e+41 
  61002.32335536773  141813725059785.78   148549866446063.4   165528601954403.8   9001.609534775647   9696.948683553444   9893.439891233906   1.116278122642407e+41  1.3318553631969578e+41  1.5083453615883466e+41 
  61004.55209336085  140109187375108.08  146852968277125.44  163680380205640.66   9001.609534775647   9696.948683553444   9893.439891233906  1.0902954357948763e+41  1.3013476117767047e+41  1.4744618384749645e+41 
  61006.78083135397  138427846532141.48  145166836916525.38  161856925473449.16   9001.609534775647   9696.948683553444   9893.439891233906   1.065023313778841e+41   1.271601117069063e+41  1.4419832869275215e+41 
 61009.009569347094  136769373765328.28   143502257254409.7  160057891180366.03   9001.609534775647   9696.948683553444   9893.439891233906  1.0403841525741113e+41  1.2416512253931465e+41  1.4108280453104265e+41 
 61011.238307340216  135133444105679.64   141838905875923.5  158282935808549.12   9001.609534775647   9696.948683553444   9893.439891233906   1.016361354403424e+41   1.212306619297664e+41   1.379628499559633e+41 
  61013.46704533333  133519738302208.66  140201363466425.66  156531723444210.62   9001.609534775647   9696.948683553444   9893.439891233906   9.929387714280376e+40  1.1852237792021548e+41  1.3490665939882541e+41 
  61015.69578332645  131927940988874.66  138602169095491.92   154803921173359.6   9001.609534775647   9696.948683553444   9893.439891233906   9.701006978937905e+40  1.1599174138680865e+41  1.3191150150773111e+41 
 61017.924521319575  130357741777905.56  137016818650286.94  153099201028259.16   9001.609534775647   9696.948683553444   9893.439891233906   9.478318482342234e+40  1.1369573746251603e+41  1.2900732547607247e+41 
   61020.1532593127   128808835648213.9  135452861748228.25   151417240168798.0   9001.609534775647   9696.948683553444   9893.439891233906   9.261173413075943e+40   1.114278763898456e+41  1.2617388808898154e+41 
  61022.38199730581  127287226458265.05   133909996202008.0   149757720313609.1   9001.609534775647   9696.948683553444   9893.439891233906   9.049426995591032e+40  1.0906309965878223e+41  1.2340936481350333e+41 
 61024.610735298935  125786507067407.77  132387924707281.44   148121658209520.2   9001.609534775647   9696.948683553444   9893.439891233906    8.84293840410512e+40  1.0656751029505076e+41  1.2076543132549812e+41 
  61026.83947329206  124306087025655.64  130886354135709.64   146597982758153.8   9001.609534775647   9696.948683553444   9893.439891233906   8.641570628845441e+40  1.0411847732819622e+41  1.1826671785965633e+41 
  61029.06821128518  122845679112967.39  129390237797938.55  145094418280341.53   9001.609534775647   9696.948683553444   9893.439891233906    8.44519037665224e+40  1.0169526597281965e+41  1.1582662485070932e+41 
   61031.2969492783   121405000920664.9  127908472541327.88  143610680130225.38   9001.609534775647   9696.948683553444   9893.439891233906    8.25366790786465e+40   9.951245811016322e+40  1.1344367781880013e+41 
 61033.525687271416  119983774563802.88  126446668107679.97  142146487819327.12   9001.609534775647   9696.948683553444   9893.439891233906    8.06687690364112e+40   9.725115176914515e+40  1.1111644191598014e+41 
  61035.75442526454  118581725507956.97  125004543477056.78  140701564638684.06   9001.609534775647   9696.948683553444   9893.439891233906   7.884694484181003e+40   9.499479077623175e+40   1.088435185563852e+41 
  61037.98316325766  117198583801874.98  123581821474812.89  139275638367476.47   9001.609534775647   9696.948683553444   9893.439891233906   7.707001092440013e+40   9.279483715868277e+40  1.0656959851389343e+41 
  61040.21190125078  115834083230133.62  122178228874366.66  137868440250290.69   9001.609534775647   9696.948683553444   9893.439891233906   7.533680404203432e+40    9.06498149265703e+40  1.0436369203818415e+41 
 61042.440639243905  114487960925252.69  120793496405063.92   136475501201494.9   9001.609534775647   9696.948683553444   9893.439891233906   7.364619221520237e+40   8.859838829755895e+40  1.0223600745707325e+41 
  61044.66937723702  113159958372706.44  119427358653946.08   135079929870662.4   9001.609534775647   9696.948683553444   9893.439891233906   7.199707365016458e+40   8.662737501340164e+40  1.0015778032557116e+41 
  61046.89811523014   111849821057878.2   118112368851910.9   133702696619863.5   9001.609534775647   9696.948683553444   9893.439891233906   7.038837545748408e+40    8.47046350749845e+40   9.804307657929591e+40 
 61049.126853223264  110557297615027.92  116816462133363.75  132343543402510.23   9001.609534775647   9696.948683553444   9893.439891233906   6.881905390683636e+40   8.282891859776958e+40   9.593837048455986e+40 
  61051.35559121639  109277025935039.16  115537866351491.69  131002216419256.08   9001.609534775647   9696.948683553444   9893.439891233906   6.728809331900733e+40   8.104362664124077e+40   9.383102739262392e+40 
  61053.58432920951   108011813892417.5  114276337871821.78  129678464752370.33   9001.609534775647   9696.948683553444   9893.439891233906   6.579450535842795e+40   7.933922646321914e+40   9.177469183976668e+40 
 61055.813067202624  106763624424123.12  113031636581125.45  128372041170376.94   9001.609534775647   9696.948683553444   9893.439891233906   6.433732811209789e+40  7.7667759595520495e+40   8.976806007551806e+40 
 61058.041805195746  105542070952767.84  111803525828785.77  127118947914490.83   9001.609534775647   9696.948683553444   9893.439891233906   6.291562524547474e+40   7.600527700554761e+40    8.78557958016777e+40 
  61060.27054318887   104332280179294.8  110593175516609.72  125905837751739.86   9001.609534775647   9696.948683553444   9893.439891233906   6.152848492423109e+40   7.440375100731297e+40   8.608898490203685e+40 
  61062.49928118199  103133782274026.53  109427033606171.25  124708372591790.47   9001.609534775647   9696.948683553444   9893.439891233906   6.018525045142083e+40   7.277140527601597e+40   8.433678865505511e+40 
  61064.72801917511  101951364610803.58  108276368317617.69  123526330700648.81   9001.609534775647   9696.948683553444   9893.439891233906    5.89520861705764e+40   7.121992132359708e+40   8.262526493237168e+40 
  61066.95675716823  100784801192126.56  107130011949156.12  122359493587967.86   9001.609534775647   9696.948683553444   9893.439891233906   5.778043534778309e+40   6.970948486167356e+40   8.092893277906951e+40 
  61069.18549516135   99633869640542.72  105984044357763.38  121207645971021.97   9001.609534775647   9696.948683553444   9893.439891233906   5.666917009278469e+40   6.817892263348091e+40   7.923789296369448e+40 
  61071.41423315447    98519733536383.8  104853241673648.94  120070575702352.94   9001.609534775647   9696.948683553444   9893.439891233906   5.550302540707253e+40   6.668549686674266e+40   7.758664805733104e+40 
 61073.642971147594   97432502419197.89   103737392408466.3  118948073668555.27   9001.609534775647   9696.948683553444   9893.439891233906   5.432752253378769e+40   6.522825350512096e+40   7.592988049068887e+40 
 61075.871709140716   96359854294986.22  102636287894212.72  117839933568346.05   9001.609534775647   9696.948683553444   9893.439891233906   5.314645966091519e+40    6.38062643720264e+40   7.428962349144612e+40 
  61078.10044713383   95288605824240.56  101537201179584.38  116745952191642.16   9001.609534775647   9696.948683553444   9893.439891233906   5.208640642294249e+40   6.241862527256509e+40   7.268864524054246e+40 
  61080.32918512695   94229862014683.69  100434070114759.56  115665359915419.48   9001.609534775647   9696.948683553444   9893.439891233906   5.120700805017903e+40   6.106445671608522e+40   7.112583594062655e+40 
 61082.557923120075   93187618061363.69    99328507651104.2   114599583094605.9   9001.609534775647   9696.948683553444   9893.439891233906   5.011841999457215e+40   5.974228341222266e+40   6.960029276842249e+40 
   61084.7866611132   92164375617712.11   98239643405845.16   113521737905572.0   9001.609534775647   9696.948683553444   9893.439891233906   4.902201378024308e+40   5.845300925272698e+40   6.811150968267314e+40 
  61087.01539910632    91158209483032.3   97197670059670.66  112457499320165.08   9001.609534775647   9696.948683553444   9893.439891233906   4.797855788322036e+40   5.719430228350184e+40   6.665798566590675e+40 
 61089.244137099435    90170283264972.5   96129715290794.69   111406832114946.0   9001.609534775647   9696.948683553444   9893.439891233906   4.695991509988508e+40  5.5965697558117695e+40   6.523898472785341e+40 
  61091.47287509256   89195511534232.22   95075923781007.33  110369556878519.47   9001.609534775647   9696.948683553444   9893.439891233906   4.606827973525982e+40    5.47664893212516e+40   6.385366184441258e+40 
  61093.70161308568   88233716964174.34   94036105178497.47  109335232092042.92   9001.609534775647   9696.948683553444   9893.439891233906   4.530807744577855e+40   5.360769470626543e+40   6.250117277532341e+40 
   61095.9303510788   87275350786449.47   93010066483960.28  108301405573979.22   9001.609534775647   9696.948683553444   9893.439891233906   4.432980173510941e+40   5.249808832678455e+40   6.118069177837268e+40 
  61098.15908907192   86327084649100.72   91997616579722.53  107274875081303.89   9001.609534775647   9696.948683553444   9893.439891233906   4.341261296177032e+40   5.138617282512081e+40   5.989141406570717e+40 
  61100.38782706504   85396773046798.73    90998567008412.4  106228869697510.14   9001.609534775647   9696.948683553444   9893.439891233906  4.2634160192115452e+40   5.033193968090432e+40   5.863255631490622e+40 
  61102.61656505816   84480537628087.16   90012731484361.61  105196285904404.95   9001.609534775647   9696.948683553444   9893.439891233906  4.1723839314516315e+40   4.924859384881485e+40   5.743430492798445e+40 
  61104.84530305128   83576435203050.11    89064834859752.5  104176939607281.64   9001.609534775647   9696.948683553444   9893.439891233906   4.080243668687312e+40  4.8256900936373405e+40   5.627697739847914e+40 
 61107.074041044405   82684296356600.58   88145667370228.53   103189060487551.3   9001.609534775647   9696.948683553444   9893.439891233906  3.9903333708605395e+40   4.734265712166129e+40   5.514633779762948e+40 
  61109.30277903752   81803954090000.14   87238572690480.95   102227168700385.9   9001.609534775647   9696.948683553444   9893.439891233906  3.9025961915855183e+40   4.640050592874989e+40   5.407685954589137e+40 
  61111.53151703064   80935243734034.64   86343382078233.23  101287426562695.33   9001.609534775647   9696.948683553444   9893.439891233906  3.8169768111519134e+40    4.54714189008717e+40   5.307062209033476e+40 
 61113.760255023764   80049931980987.16   85459929252361.06   100365888931576.2   9001.609534775647   9696.948683553444   9893.439891233906   3.747069154429364e+40   4.456370778608864e+40   5.205126838353361e+40 
  61115.98899301689   79149570380980.34   84571497584231.75   99427590731097.83   9001.609534775647   9696.948683553444   9893.439891233906   3.672952895730169e+40    4.36768419062511e+40   5.106065244912698e+40 
  61118.21773101001    78263167858207.5   83685126609976.16   98499175773537.69   9001.609534775647   9696.948683553444   9893.439891233906  3.5997738579386856e+40  4.2791300008318815e+40   5.012419698985393e+40 
 61120.446469003124   77403984293544.88   82810385885406.16   97582568669442.81   9001.609534775647   9696.948683553444   9893.439891233906   3.539774489954649e+40   4.189706607757129e+40  4.9208149740700145e+40 
 61122.675206996246   76558172855733.89    81970901329584.9   96701325283052.77   9001.609534775647   9696.948683553444   9893.439891233906  3.4826087648374004e+40  4.1023837574166163e+40   4.832315847144074e+40 
  61124.90394498937   75750623795630.31   81151344058748.77   95833145338262.73   9001.609534775647   9696.948683553444   9893.439891233906  3.4074206729486886e+40  4.0171088749860724e+40   4.743675364657956e+40 
  61127.13268298249   74953681589847.92    80342427678594.7   94975875744246.77   9001.609534775647   9696.948683553444   9893.439891233906    3.33400659570366e+40   3.933830743398261e+40   4.656200853925555e+40 
  61129.36142097561   74167199597860.86   79544005104782.31    94162885316861.4   9001.609534775647   9696.948683553444   9893.439891233906  3.2623443307157844e+40  3.8524994958710903e+40   4.570639190343178e+40 
  61131.59015896873    73391033272469.2    78755931140981.4   93361790045964.64   9001.609534775647   9696.948683553444   9893.439891233906   3.192389650426847e+40   3.773801319580661e+40   4.486944443461562e+40 
  61133.81889696185   72622208812805.73   77978062415554.36   92570525348685.58   9001.609534775647   9696.948683553444   9893.439891233906   3.124844821459321e+40   3.709876679340983e+40   4.405071853970201e+40 
  61136.04763495497   71851097252030.92   77210257745995.55   91786064086187.47   9001.609534775647   9696.948683553444   9893.439891233906   3.062180931693198e+40  3.6381319042241604e+40  4.3249778030925705e+40 
 61138.276372948094   71092727131528.67   76452377989415.16   90990077273320.06   9001.609534775647   9696.948683553444   9893.439891233906  3.0009554978192586e+40   3.562311696231637e+40   4.246619782512725e+40 
 61140.505110941216  70354936307196.164   75704285966740.88   90173533121984.02   9001.609534775647   9696.948683553444   9893.439891233906  2.9411330144186663e+40  3.4882667419790975e+40  4.1699563640310916e+40 
  61142.73384893433   69626802033157.18   74965846433791.92   89367256226388.55   9001.609534775647   9696.948683553444   9893.439891233906   2.882678910709536e+40  3.4159527898785843e+40  4.0949471450605287e+40 
  61144.96258692745   68910071577280.97   74236926277130.72   88571103696484.45   9001.609534775647   9696.948683553444   9893.439891233906   2.825559511752235e+40   3.345411281489194e+40  4.0192083511080003e+40 
 61147.191324920575   68205800249776.96   73531701649456.84    87784934603111.7   9001.609534775647   9696.948683553444   9893.439891233906  2.7724467697606377e+40   3.289483800647746e+40  3.9449851586189997e+40 
   61149.4200629137  67510731174970.625   72837747807383.44   87008028482370.98   9001.609534775647   9696.948683553444   9893.439891233906   2.727214714459532e+40   3.228631417834108e+40  3.8723849536021243e+40 
  61151.64880090682  66801422817393.484   72152684963269.48   86236901018244.95   9001.609534775647   9696.948683553444   9893.439891233906   2.680794033092902e+40  3.1638486921384827e+40  3.8007268863284717e+40 
 61153.877538899935    66096648909110.6   71476389525566.17   85486328809755.34   9001.609534775647   9696.948683553444   9893.439891233906   2.627870002915469e+40  3.0990993699645575e+40   3.728905077906327e+40 
  61156.10627689306  65406985279864.695    70808739556983.9   84756110016618.48   9001.609534775647   9696.948683553444   9893.439891233906   2.573537670449048e+40  3.0349770368819797e+40   3.658673577893199e+40 
  61158.33501488618   64726317373351.49  70149614885198.375    84030383118708.0   9001.609534775647   9696.948683553444   9893.439891233906  2.5204714895692917e+40  2.9723467857389534e+40  3.5899940754851603e+40 
   61160.5637528793   64054522030368.94  69498897146638.266   83321275635312.66   9001.609534775647   9696.948683553444   9893.439891233906  2.4714916894444324e+40  2.9111716893956976e+40   3.522829247594543e+40 
  61162.79249087242   63388180736855.67    68856469523438.8   82626696512021.33   9001.609534775647   9696.948683553444   9893.439891233906  2.4248228323868266e+40   2.851415753349226e+40   3.458880552183051e+40 
  61165.02122886554   62728994807756.52   68204676886959.73    81940577492035.9   9001.609534775647   9696.948683553444   9893.439891233906  2.3836298149528253e+40  2.8021360539430366e+40   3.400479957013658e+40 
  61167.24996685866   62085416782625.22   67549306686891.41   81262801118252.98   9001.609534775647   9696.948683553444   9893.439891233906  2.3384481437330157e+40  2.7490882818975715e+40  3.3432854130280145e+40 
  61169.47870485178   61452064083440.88  66902344928420.914   80593251660662.05   9001.609534775647   9696.948683553444   9893.439891233906   2.291036601027586e+40   2.705914341814953e+40  3.2872690418222985e+40 
 61171.707442844905  60830401009951.875  66263675720473.484   79931815032268.62   9001.609534775647   9696.948683553444   9893.439891233906  2.2447173249424584e+40   2.662593519599603e+40   3.231957868646475e+40 
  61173.93618083803   60220728238779.19   65633184837806.45    79278378777274.0   9001.609534775647   9696.948683553444   9893.439891233906  2.1994634064839323e+40  2.6190222401024678e+40   3.178265324887564e+40 
  61176.16491883114   59627354909974.13   65010759672743.61   78632832053035.16   9001.609534775647   9696.948683553444   9893.439891233906  2.1554766911331175e+40  2.5750921946143432e+40  3.1285101412888417e+40 
 61178.393656824264  59049208593371.734   64396289225882.83    77995065548438.9   9001.609534775647   9696.948683553444   9893.439891233906   2.112935195227171e+40  2.5261794443144265e+40   3.079089638613174e+40 
  61180.62239481739    58472073414582.7   63789664062723.08   77364971536870.88   9001.609534775647   9696.948683553444   9893.439891233906  2.0709433167762939e+40   2.477252025869157e+40   3.027256330573643e+40 
  61182.85113281051   57874638019485.87   63190776281135.58   76742443748069.75   9001.609534775647   9696.948683553444   9893.439891233906  2.0283949665926627e+40  2.4294223742098073e+40  2.9757700010175394e+40 
  61185.07987080363   57287431359532.03  62599519539751.695    76127377461968.8   9001.609534775647   9696.948683553444   9893.439891233906  1.9868317448678936e+40   2.382663911692505e+40  2.9253532060950577e+40 
 61187.308608796746    56716372297523.2   62015788951293.55   75519669455772.36   9001.609534775647   9696.948683553444   9893.439891233906   1.946229378364656e+40  2.3369507400669976e+40   2.875981141319145e+40 
  61189.53734678987   56152676985445.43  61439480971592.305   74919217972130.45   9001.609534775647   9696.948683553444   9893.439891233906  1.9065642202642003e+40  2.2922576148608054e+40   2.827629617504807e+40 
  61191.76608478299   55589462337220.19   60870493582648.67   74325922733762.11   9001.609534775647   9696.948683553444   9893.439891233906  1.8678132324960385e+40   2.248559928225664e+40  2.7802750460179816e+40 
  61193.99482277611   55023108110322.06    60319388049535.5   73739684824056.45   9001.609534775647   9696.948683553444   9893.439891233906  1.8300116443908363e+40  2.2058336981687652e+40   2.733894420566135e+40 
  61196.22356076923   54464078260996.61  59775574771994.484    73160406806982.8   9001.609534775647   9696.948683553444   9893.439891233906  1.7932280815441316e+40  2.1656337117444694e+40  2.6884652997414435e+40 
  61198.45229876235   53912273452193.49   59225384163881.91   72587992538314.36   9001.609534775647   9696.948683553444   9893.439891233906  1.7641262791098935e+40  2.1295238951903142e+40   2.643965795936549e+40 
  61200.68103675547   53372009641082.17   58682172805878.36   72022347258807.89   9001.609534775647   9696.948683553444   9893.439891233906  1.7369458223594425e+40  2.0899712625503813e+40   2.600291235728092e+40 
 61202.909774748594   52842795146541.75   58145844725824.16   71463377578828.27   9001.609534775647   9696.948683553444   9893.439891233906  1.7038264850725208e+40  2.0512852584316573e+40   2.557453324211296e+40 
 61205.138512741716   52326992171493.06   57616305397687.45   70910991435725.95   9001.609534775647   9696.948683553444   9893.439891233906  1.6714442503696867e+40  2.0134452010646883e+40   2.523481654311577e+40 
  61207.36725073483   51817816026268.85   57093461469385.79   70365098082906.77   9001.609534775647   9696.948683553444   9893.439891233906   1.639781354084415e+40  1.9810276466082543e+40  2.4912395848518045e+40 
  61209.59598872795   51315176377408.52   56577220831724.35    69825608072518.6   9001.609534775647   9696.948683553444   9893.439891233906  1.6088204823017442e+40    1.94486026681524e+40  2.4595285648830307e+40 
 61211.824726721075   50821536068085.08  56067492746504.555   69292433203729.84   9001.609534775647   9696.948683553444   9893.439891233906  1.5786999016752272e+40  1.9094779135336019e+40  2.4283381424045807e+40 
   61214.0534647142   50340799944349.94   55564187737410.22  68765486550919.555   9001.609534775647   9696.948683553444   9893.439891233906   1.549973335058156e+40   1.874861943681935e+40  2.3976580996059733e+40 
  61216.28220270732   49866198564818.39   55067217571781.24  68244682376731.555   9001.609534775647   9696.948683553444   9893.439891233906  1.5218693020541492e+40  1.8409941850597203e+40   2.367478442452549e+40 
 61218.510940700435   49397648250767.72  54576495242706.375    67729936183332.0   9001.609534775647   9696.948683553444   9893.439891233906   1.494066772609432e+40  1.8078569219695327e+40  2.3377893990634575e+40 
  61220.73967869356   48915716202769.06   54091934966603.19   67221164685789.54   9001.609534775647   9696.948683553444   9893.439891233906  1.4655261013202883e+40  1.7748215415207413e+40  2.3085814114984027e+40 
  61222.96841668668   48435413997932.36  53613452241828.734  66718285783702.945   9001.609534775647   9696.948683553444   9893.439891233906  1.4376198185227577e+40  1.7424124702440183e+40   2.277706902456333e+40 
   61225.1971546798    47961266667800.1   53140963533590.71    66221218558377.5   9001.609534775647   9696.948683553444   9893.439891233906  1.4115376722071975e+40  1.7107066672590738e+40  2.2450025735065878e+40 
  61227.42589267292  47493191232458.695  52674386533386.516   65729883227106.02   9001.609534775647   9696.948683553444   9893.439891233906  1.3867188396493054e+40   1.679687462707168e+40   2.212088238528333e+40 
  61229.65463066604   47031105865526.23   52213640103823.18   65244201157785.01   9001.609534775647   9696.948683553444   9893.439891233906  1.3644326048369944e+40  1.6510646683041802e+40    2.17912516856847e+40 
  61231.88336865916   46577005119678.29   51758644231361.84   64764094819645.23   9001.609534775647   9696.948683553444   9893.439891233906  1.3390920755371493e+40  1.6234361197270065e+40   2.146304126482471e+40 
  61234.11210665228   46132355476909.95  51309320010281.836   64289487765621.58   9001.609534775647   9696.948683553444   9893.439891233906   1.313714755909713e+40  1.5949521105145933e+40  2.1141104232328654e+40 
 61236.340844645405   45693367230403.44   50865470642440.14    63820082259101.4   9001.609534775647   9696.948683553444   9893.439891233906  1.2896422440124273e+40  1.5670678858989743e+40   2.082517092625989e+40 
  61238.56958263853   45262482517009.85   50445128075264.41   63356451673439.39   9001.609534775647   9696.948683553444   9893.439891233906  1.2663654224723397e+40  1.5397794273161825e+40  2.0515487496805285e+40 
  61240.79832063164  44841129311987.445   50030673317974.13    62897912547297.0   9001.609534775647   9696.948683553444   9893.439891233906  1.2436009984272323e+40  1.5130664533842983e+40   2.021157119136092e+40 
 61243.027058624764   44425018765035.07  49621260130135.375    62444561491868.5   9001.609534775647   9696.948683553444   9893.439891233906  1.2213205554994644e+40  1.4868199384330007e+40  1.9912162855122287e+40 
  61245.25579661789   44014161365496.16   49216836031150.41   61996342195733.92   9001.609534775647   9696.948683553444   9893.439891233906   1.199517699623101e+40  1.4609739855159934e+40   1.961632368708474e+40 
  61247.48453461101   43608498150583.58   48817333922524.75  61553185860068.805   9001.609534775647   9696.948683553444   9893.439891233906  1.1782252857308846e+40  1.4356729590301978e+40    1.93428241459898e+40 
  61249.71327260413   43207960659338.46   48422686043644.72   61115023473770.82   9001.609534775647   9696.948683553444   9893.439891233906   1.157810940196442e+40   1.410904179504647e+40  1.9107847233878387e+40 
 61251.942010597246   42820300128297.22   48032825407767.81   60681786895731.69   9001.609534775647   9696.948683553444   9893.439891233906  1.1378262686423117e+40  1.3866552683080522e+40  1.8876585795364094e+40 
  61254.17074859037   42438322187142.66   47647685949783.22   60253408959509.49   9001.609534775647   9696.948683553444   9893.439891233906  1.1182612735864766e+40  1.3629141485983498e+40  1.8641587212314967e+40 
  61256.39948658349  42061138663416.336   47267202534224.28   59829823461596.05   9001.609534775647   9696.948683553444   9893.439891233906   1.099434554538173e+40   1.339669041422108e+40  1.8390089639384432e+40 
  61258.62822457661   41688684392842.72   46875728202212.14   59410965143116.23   9001.609534775647   9696.948683553444   9893.439891233906  1.0809728190419346e+40  1.3169084584290172e+40  1.8135678774470616e+40 
  61260.85696256973   41320895098778.96   46487305990938.83   58996769685111.79   9001.609534775647   9696.948683553444   9893.439891233906  1.0609492520930931e+40  1.2958596322603013e+40  1.7885828683625628e+40 
  61263.08570056285   40957707379984.83   46103641185125.59   58587173679089.54   9001.609534775647   9696.948683553444   9893.439891233906  1.0411997874016092e+40   1.275837669593285e+40   1.764044340051067e+40 
  61265.31443855597  40599058743176.695   45724668588891.19  58182114629569.945   9001.609534775647   9696.948683553444   9893.439891233906  1.0218827490103699e+40  1.2562069428241372e+40  1.7399429180515135e+40 
 61267.543176549094   40244887487322.14    45350323905299.5  57781530926085.266   9001.609534775647   9696.948683553444   9893.439891233906  1.0029878809703569e+40  1.2369587436693407e+40   1.716269445848331e+40 
 61269.771914542216  39895132747795.734   44980543728041.72   57385361825303.88   9001.609534775647   9696.948683553444   9893.439891233906    9.84505180180724e+39   1.218084574522726e+40  1.6930149773527098e+40 
  61272.00065253533   39549734498599.22   44615265564862.47   56993547457740.97   9001.609534775647   9696.948683553444   9893.439891233906   9.665718061617193e+39  1.1991152556097498e+40  1.6701707744082671e+40 
  61274.22939052845   39208633519405.61   44253736265018.95  56606028817312.625   9001.609534775647   9696.948683553444   9893.439891233906   9.491631340905603e+39   1.179204122707138e+40   1.647728299841831e+40 
 61276.458128521575   38871771409328.61   43891917625548.44   56222747741850.42   9001.609534775647   9696.948683553444   9893.439891233906   9.323402128159256e+39  1.1597011783182169e+40   1.625679213245536e+40 
   61278.6868665147   38539090560470.72   43534509192131.06   55843646903288.33   9001.609534775647   9696.948683553444   9893.439891233906   9.158760419884821e+39  1.1419476804398833e+40  1.6040153643014265e+40 
  61280.91560450782   38210534146888.39   43181450730516.72   55468669800891.71   9001.609534775647   9696.948683553444   9893.439891233906   8.997622315570177e+39  1.1251277175681248e+40  1.5827287911579842e+40 
 61283.144342500935   37886046136460.86  42840059861919.086  55097760727361.555   9001.609534775647   9696.948683553444   9893.439891233906    8.83990597466529e+39  1.1069243476874497e+40  1.5613880448721888e+40 
  61285.37308049406   37565571248845.24   42504797311321.61   54730864791324.92   9001.609534775647   9696.948683553444   9893.439891233906     8.6855315649875e+39   1.089088123452004e+40  1.5400057055288861e+40 
  61287.60181848718   37249054912168.56   42180929085564.64   54367927864665.66   9001.609534775647   9696.948683553444   9893.439891233906   8.534421229712611e+39   1.071610734123971e+40  1.5190049090290589e+40 
   61289.8305564803   36936443325239.86   41865712959086.41   54008896593781.87   9001.609534775647   9696.948683553444   9893.439891233906   8.386499033199735e+39  1.0544840710101988e+40  1.4983776604548436e+40 
  61292.05929447342   36627683394321.43  41554180170645.125   53653718400409.78   9001.609534775647   9696.948683553444   9893.439891233906     8.2409368629979e+39  1.0377002204198093e+40   1.479293275122495e+40 
  61294.28803246654  36322722762379.336   41246280262115.53  53302341459829.086   9001.609534775647   9696.948683553444   9893.439891233906   8.096694581800632e+39  1.0213035054865192e+40   1.461205495386896e+40 
  61296.51677045966  36021509782143.234   40936260721172.25   52954714690076.95   9001.609534775647   9696.948683553444   9893.439891233906   7.955548025894487e+39  1.0053992831996399e+40  1.4426264374171343e+40 
  61298.74550845278  35723993505903.484  40616386978439.734  52610787749263.086   9001.609534775647   9696.948683553444   9893.439891233906   7.817640370241692e+39   9.898082144108224e+39  1.4244632272091467e+40 
 61300.974246445905  35430123676260.336  40300343845350.875   52270511004976.63   9001.609534775647   9696.948683553444   9893.439891233906   7.682633276769204e+39   9.745233081565515e+39  1.4069001437117688e+40 
  61303.20298443903  35139850762029.496  39988079025317.695   51933835554361.35   9001.609534775647   9696.948683553444   9893.439891233906   7.550459641836472e+39   9.595377418366274e+39  1.3889864140781656e+40 
  61305.43172243214   34853125817202.69   39679540944383.63   51600713176655.71   9001.609534775647   9696.948683553444   9893.439891233906   7.421053991811871e+39   9.448448560296015e+39  1.3713734862002088e+40 
 61307.660460425264  34569900600591.875  39374678751484.375   51271096344055.91   9001.609534775647   9696.948683553444   9893.439891233906   7.294352450358039e+39   9.304381514177365e+39  1.3540553151566057e+40 
  61309.88919841839  34288441175367.707   39073442244866.17  50944938212231.375   9001.609534775647   9696.948683553444   9893.439891233906    7.17349969982366e+39   9.163112832213015e+39  1.3393049156497896e+40 
  61312.11793641151   34007553353130.88   38782420853564.33    50622192614265.3   9001.609534775647   9696.948683553444   9893.439891233906   7.056206330421558e+39   9.024580579340066e+39   1.324785212158303e+40 
  61314.34667440463  33730103481306.418   38495512685812.89  50302814046344.484   9001.609534775647   9696.948683553444   9893.439891233906   6.941297032046465e+39   8.888724299831269e+39  1.3101525106748426e+40 
 61316.575412397746  33457911474702.973   38215124023708.12   49986757658369.14   9001.609534775647   9696.948683553444   9893.439891233906   6.828717684351011e+39   8.758189410977858e+39  1.2954388881111508e+40 
  61318.80415039087  33189920121552.348  37935509745137.695   49673979252651.57   9001.609534775647   9696.948683553444   9893.439891233906   6.718415487635401e+39   8.637214960050905e+39  1.2802790771929408e+40 
  61321.03288838399   32927341683506.76   37656271489302.36   49364435250625.63   9001.609534775647   9696.948683553444   9893.439891233906   6.610338916959061e+39   8.518426904382389e+39  1.2644366186366824e+40 
  61323.26162637711  32670184535276.984   37380286659073.63   49058082723830.31   9001.609534775647   9696.948683553444   9893.439891233906   6.504495821389451e+39   8.401779012486799e+39  1.2481778286017808e+40 
 61325.490364370235    32416118251162.4  37107510918369.945   48754879333695.43   9001.609534775647   9696.948683553444   9893.439891233906    6.40332969153718e+39   8.287226116826389e+39  1.2321956661627808e+40 
  61327.71910236335   32165100621952.74    36838290523512.3   48454783357827.65   9001.609534775647   9696.948683553444   9893.439891233906   6.304156804817981e+39   8.174724092853967e+39  1.2164845162875761e+40 
  61329.94784035647  31913688966671.918   36573677147537.58   48157753675974.83   9001.609534775647   9696.948683553444   9893.439891233906   6.206932746969059e+39    8.06146851198844e+39  1.2010388908831628e+40 
 61332.176578349594   31665657318574.54   36312111239573.84   47863749761517.39   9001.609534775647   9696.948683553444   9893.439891233906   6.111614169409575e+39   7.941221742374517e+39  1.1858534255341447e+40 
 61334.405316342716  31418039173817.812    36053551187595.3   47572731670902.52   9001.609534775647   9696.948683553444   9893.439891233906   6.021270645772053e+39   7.823279304413507e+39  1.1709228765102887e+40 
  61336.63405433584  31172511977501.945  35797955955241.164  47284660036262.516   9001.609534775647   9696.948683553444   9893.439891233906   5.932893805017046e+39   7.707590692338733e+39  1.1562421180765087e+40 
  61338.86279232895  30929937174460.492  35545285085046.375   46999496060105.08   9001.609534775647   9696.948683553444   9893.439891233906   5.846276428190779e+39   7.594106595928596e+39  1.1418061391952753e+40 
 61341.091530322075   30690274676359.81   35295498681623.86  46717201494684.516   9001.609534775647   9696.948683553444   9893.439891233906   5.759697435252342e+39   7.482778854949249e+39   1.127610041539485e+40 
   61343.3202683152   30453484911534.38   35048557404131.73   46437738657070.71   9001.609534775647   9696.948683553444   9893.439891233906   5.673054557026305e+39   7.373560444008317e+39  1.1136490354867095e+40 
  61345.54900630832  30219528826984.906   34804422458895.63  46161070388744.984   9001.609534775647   9696.948683553444   9893.439891233906   5.588084371951514e+39   7.270890577057725e+39  1.0999184382643488e+40 
 61347.777744301435  29988367915726.414  34563055592391.668   45887160070486.43   9001.609534775647   9696.948683553444   9893.439891233906   5.504750023908809e+39   7.173148174339517e+39  1.0865908891871652e+40 
  61350.00648229456   29759964190152.24  34324419103005.336   45615971612549.94   9001.609534775647   9696.948683553444   9893.439891233906   5.423191404936459e+39   7.077141506564147e+39  1.0738871381153776e+40 
  61352.23522028768   29534280177654.76   34088475784413.54   45347469446563.16   9001.609534775647   9696.948683553444   9893.439891233906  5.3453708310085343e+39   6.982834288316145e+39  1.0613818569193429e+40 
   61354.4639582808  29311278911860.184   33855188954313.56   45081618516470.05   9001.609534775647   9696.948683553444   9893.439891233906   5.270273060703676e+39   6.890191066903722e+39  1.0490712622552391e+40 
  61356.69269627392  29090923925943.555  33624522439219.438   44818384271597.71   9001.609534775647   9696.948683553444   9893.439891233906   5.196557125846639e+39   6.799177206782369e+39  1.0369516522373714e+40 
  61358.92143426704   28873179252598.29   33396440577585.18  44557732662713.586   9001.609534775647   9696.948683553444   9893.439891233906   5.124193466055509e+39   6.712479238172115e+39  1.0250194053126853e+40 
  61361.15017226016   28658009418678.22  33170908205689.848   44299630122625.32   9001.609534775647   9696.948683553444   9893.439891233906  5.0531532089890925e+39   6.633738917229804e+39  1.0132709778638788e+40 
  61363.37891025328  28445379413169.176  32947890650969.258   44044043583123.76   9001.609534775647   9696.948683553444   9893.439891233906   4.983408153615693e+39   6.553283287243593e+39  1.0017029026331099e+40 
 61365.607648246405  28235254685633.484  32727353725479.664  43790940432531.164   9001.609534775647   9696.948683553444   9893.439891233906  4.9149307570827715e+39   6.465183146248351e+39    9.90311786681932e+39 
  61367.83638623953  28024836362642.254  32509263719400.543   43540288536914.77   9001.609534775647   9696.948683553444   9893.439891233906   4.847694113395453e+39   6.378652145416422e+39   9.790943096273127e+39 
  61370.06512423264  27816028145514.508  32293587408659.082  43292056224068.336   9001.609534775647   9696.948683553444   9893.439891233906   4.781671931678194e+39   6.293657427281014e+39   9.679608233397489e+39 
 61372.293862225764  27609688034246.492   32080292014677.39  43046212280420.805   9001.609534775647   9696.948683553444   9893.439891233906  4.7168385341864435e+39   6.210166887884725e+39   9.567331770206274e+39 
  61374.52260021889   27405782477902.59  31869345221926.266  42802725942142.414   9001.609534775647   9696.948683553444   9893.439891233906   4.651426948791459e+39    6.12814915850955e+39   9.456806411127404e+39 
  61376.75133821201  27204278378745.066   31660715161501.89   42561566888582.05   9001.609534775647   9696.948683553444   9893.439891233906   4.585860865672492e+39   6.048035509233039e+39   9.347998760705408e+39 
  61378.98007620513  27005143090158.516  31454370419684.305   42322705239043.59   9001.609534775647   9696.948683553444   9893.439891233906   4.521951084368065e+39    5.97157525291894e+39   9.240876149249102e+39 
 61381.208814198246   26808344405679.13  31250280023675.953   42086111537674.23   9001.609534775647   9696.948683553444   9893.439891233906  4.4599650892234964e+39   5.896411625721398e+39    9.13540661196112e+39 
  61383.43755219137  26613850554220.336  31048413435681.406  41851756761860.266   9001.609534775647   9696.948683553444   9893.439891233906   4.399102578294901e+39   5.822518329275866e+39   9.031558873171071e+39 
  61385.66629018449  26421630201524.242  30848740547083.125   41619612296576.52   9001.609534775647   9696.948683553444   9893.439891233906   4.339339757012921e+39   5.749869657784708e+39   8.929302328158343e+39 
  61387.89502817761   26231652411757.27  30651231672718.156   41389649942880.44   9001.609534775647   9696.948683553444   9893.439891233906     4.2806533805156e+39   5.678440482785821e+39   8.828607031078691e+39 
 61390.123766170735  26043886682793.656   30455857551057.29   41161680613852.04   9001.609534775647   9696.948683553444   9893.439891233906  4.2230207336096735e+39   5.608206239120168e+39   8.729443676180436e+39 
  61392.35250416385   25858486817974.78  30262589330702.996  40935191674228.664   9001.609534775647   9696.948683553444   9893.439891233906  4.1640149789425063e+39   5.539142911464497e+39   8.631783582921532e+39 
  61394.58124215697    25675595597655.7  30071398559629.047   40710819861369.48   9001.609534775647   9696.948683553444   9893.439891233906  4.1043923519491695e+39   5.471227021202158e+39   8.535598686504019e+39 
 61396.809980150094   25494817839979.59   29882257183312.96   40488538281980.65   9001.609534775647   9696.948683553444   9893.439891233906  4.0458865512803965e+39  5.4044356136420604e+39   8.440861514457966e+39 
 61399.038718143216  25316124781994.465  29695137548511.133  40268320430292.695   9001.609534775647   9696.948683553444   9893.439891233906   3.988473474350448e+39  5.3387462513507154e+39   8.347545180468848e+39 
  61401.26745613634   25139488052490.79  29510012393622.387   40050140181398.01   9001.609534775647   9696.948683553444   9893.439891233906  3.9321295818408925e+39   5.274136986994294e+39    8.25562336934723e+39 
  61403.49619412945   24964879667728.83   29326854842151.89  39833971786179.875   9001.609534775647   9696.948683553444   9893.439891233906  3.8768318817374635e+39   5.210586361080122e+39   8.167628006579277e+39 
 61405.724932122575  24792272040981.605  29145638397512.844  39619789871201.266   9001.609534775647   9696.948683553444   9893.439891233906  3.8225579162821616e+39  5.1480733925031846e+39   8.084565568089753e+39 
   61407.9536701157   24621637936802.68  28966336937921.938   39407569415545.62   9001.609534775647   9696.948683553444   9893.439891233906   3.769285751457735e+39   5.086577564982167e+39    8.00263113043206e+39 
  61410.18240810882   24452950492127.36  28788924711535.324   39197285759713.46   9001.609534775647   9696.948683553444   9893.439891233906  3.7179208208075643e+39   5.026078815759061e+39   7.921805544069587e+39 
 61412.411146101935  24286183218917.184  28613376340720.598   38988914602162.73   9001.609534775647   9696.948683553444   9893.439891233906   3.670742869405337e+39    4.96655752486967e+39   7.842070036333192e+39 
  61414.63988409506  24121309992087.883  28439666792036.895   38782282744285.45   9001.609534775647   9696.948683553444   9893.439891233906   3.624372877272233e+39   4.909848989640892e+39   7.763406208835664e+39 
  61416.86862208818  23958305044148.523  28267771393162.688  38577104089990.836   9001.609534775647   9696.948683553444   9893.439891233906   3.578794334234321e+39  4.8549145696609907e+39   7.685796026766904e+39 
   61419.0973600813   23797142960578.68   28097665816016.58   38373778677843.74   9001.609534775647   9696.948683553444   9893.439891233906   3.533991098726681e+39   4.800816392699902e+39   7.607956156918604e+39 
  61421.32609807442  23637798675273.383  27929326083403.867   38172283377292.65   9001.609534775647   9696.948683553444   9893.439891233906  3.4899473943500975e+39   4.747538754223028e+39   7.528714275286378e+39 
  61423.55483606754  23480247466066.137  27762728558781.297   37972595388682.56   9001.609534775647   9696.948683553444   9893.439891233906   3.446647799846666e+39   4.695066283711806e+39   7.450588025284444e+39 
  61425.78357406066   23324464952460.59  27597849941626.766   37774692242748.51   9001.609534775647   9696.948683553444   9893.439891233906   3.404077240457819e+39   4.643383937889883e+39   7.373557770069304e+39 
  61428.01231205378  23170427101937.836  27434667262863.586  37578551792710.766   9001.609534775647   9696.948683553444   9893.439891233906   3.362220979610099e+39   4.592476995562452e+39   7.297604272968816e+39 
 61430.241050046905  23018110181267.254   27273087416835.79   37384113373315.97   9001.609534775647   9696.948683553444   9893.439891233906  3.3210470950452597e+39  4.5423129664651095e+39   7.222690063187317e+39 
  61432.46978804003   22867487527445.11   27113294626096.97  37191469647669.664   9001.609534775647   9696.948683553444   9893.439891233906  3.2805925706881516e+39   4.492930861188422e+39   7.148851601135869e+39 
  61434.69852603314  22718545629305.312  26955069716934.023   37000489681477.84   9001.609534775647   9696.948683553444   9893.439891233906   3.240795407189526e+39   4.444265951940901e+39   7.078724868643921e+39 
 61436.927264026264  22571252670004.355  26798447898866.348  36811184898232.125   9001.609534775647   9696.948683553444   9893.439891233906   3.201655577466046e+39   4.396319625559409e+39   7.015563165421537e+39 
  61439.15600201939  22425588777182.336  26643411700386.727   36623536602573.29   9001.609534775647   9696.948683553444   9893.439891233906   3.163161056552258e+39  4.3476102282985384e+39    6.95312179544854e+39 
  61441.38474001251  22281532024738.027    26489940316023.6   36437524595011.49   9001.609534775647   9696.948683553444   9893.439891233906   3.125299068967313e+39   4.298938587027135e+39   6.891390677944401e+39 
  61443.61347800563  22139060608075.883   26338012992431.47   36253128859922.45   9001.609534775647   9696.948683553444   9893.439891233906   3.088057038276295e+39   4.251013879175028e+39   6.829652278682951e+39 
 61445.842215998746  21998153010290.086  26187609255550.113  36070329660610.305   9001.609534775647   9696.948683553444   9893.439891233906    3.05142265953445e+39   4.203821959602455e+39   6.765119580931037e+39 
  61448.07095399187   21858825269987.99  26038708922836.777   35889107545130.12   9001.609534775647   9696.948683553444   9893.439891233906   3.015383899652432e+39  4.1573489862248234e+39   6.701396919535198e+39 
  61450.29969198499  21721609877506.227  25891292100404.367   35709443339201.79   9001.609534775647   9696.948683553444   9893.439891233906    2.97992899142104e+39   4.111581415619254e+39   6.638471494135053e+39 
  61452.52842997811   21585883779648.28  25745339179129.016   35531318136500.66   9001.609534775647   9696.948683553444   9893.439891233906  2.9450464273529314e+39  4.0665059928784146e+39   6.576330744114011e+39 
 61454.757167971235  21451626802039.703  25600830831324.445   35354713301069.48   9001.609534775647   9696.948683553444   9893.439891233906  2.9107249553581045e+39   4.022109744565459e+39   6.513714619191738e+39 
  61456.98590596435    21318819051149.9  25457370361155.617  35179610465369.184   9001.609534775647   9696.948683553444   9893.439891233906  2.8769535671058294e+39    3.97837997518226e+39   6.449378653496031e+39 
  61459.21464395747  21187440910642.844  25313136415102.766  35005991523659.664   9001.609534775647   9696.948683553444   9893.439891233906   2.843721498000442e+39   3.935304260002267e+39   6.385905232886432e+39 
 61461.443381950594  21057473038764.035  25170341438535.375  34833838628135.523   9001.609534775647   9696.948683553444   9893.439891233906   2.811018220071553e+39  3.8928704383263155e+39   6.323279759489194e+39 
 61463.672119943716   20928896365505.69  25028966382336.348  34663134185087.316   9001.609534775647   9696.948683553444   9893.439891233906   2.778833434226616e+39   3.851066607609137e+39   6.261487919746594e+39 
  61465.90085793684  20801692080289.656  24888992472771.094  34493860851481.535   9001.609534775647   9696.948683553444   9893.439891233906   2.747157067406312e+39  3.8098811174138633e+39   6.200515685678223e+39 
  61468.12959592995  20675841639170.438  24750401204684.523   34326001530440.18   9001.609534775647   9696.948683553444   9893.439891233906  2.7152621752904478e+39  3.7693025637454984e+39   6.140349304952225e+39 
 61470.358333923075  20551326758500.336  24613174337994.824  34159539369536.562   9001.609534775647   9696.948683553444   9893.439891233906  2.6832168329288937e+39   3.729319783108908e+39   6.080975296627164e+39 
   61472.5870719162  20428129417551.887   24477293894365.25   33994457756888.97   9001.609534775647   9696.948683553444   9893.439891233906  2.6516929769257278e+39   3.689921848147317e+39   6.022380444517356e+39 
  61474.81580990932   20306231832226.56  24342742155709.945    33830740312437.9   9001.609534775647   9696.948683553444   9893.439891233906  2.6206802858726267e+39   3.651098061130486e+39   5.966347271767443e+39 
  61477.04454790244  20185616476344.703   24209501650156.75  33668370886636.062   9001.609534775647   9696.948683553444   9893.439891233906  2.5901686662044347e+39   3.612837946655212e+39   5.911786025933662e+39 
  61479.27328589556  20066266069805.164   24077555161444.79   33507333561946.23   9001.609534775647   9696.948683553444   9893.439891233906  2.5602116288470708e+39  3.5751312497933395e+39   5.856709515281214e+39 
  61481.50202388868   19948163575558.59  23946885719548.047   33347612646245.13   9001.609534775647   9696.948683553444   9893.439891233906   2.531027205339126e+39  3.5376102582058955e+39   5.802321019130292e+39 
   61483.7307618818  19831292196378.844  23817476601280.977  33189192669464.285   9001.609534775647   9696.948683553444   9893.439891233906  2.5015042324160016e+39    3.49904149186487e+39   5.748609634594021e+39 
  61485.95949987492   19715635375185.48  23689311317228.836  33032058380269.707   9001.609534775647   9696.948683553444   9893.439891233906   2.471946260261636e+39  3.4610564323273416e+39   5.695564665017665e+39 
 61488.188237868046  19601176781148.582  23562373618472.855   32876194742902.45   9001.609534775647   9696.948683553444   9893.439891233906   2.442871649429129e+39  3.4236441037334197e+39   5.643175613054973e+39 
  61490.41697586116  19487900316766.496   23436647489713.36    32721586933985.9   9001.609534775647   9696.948683553444   9893.439891233906  2.4142708021754092e+39   3.386793764605223e+39   5.591432178391128e+39 
  61492.64571385428  19375790112177.168  23312117146012.027  32568220338955.855   9001.609534775647   9696.948683553444   9893.439891233906  2.3861343326303442e+39  3.3504949024512087e+39   5.540324254500272e+39 
 61494.874451847405  19264830527567.723   23188767030238.68  32416080551403.215   9001.609534775647   9696.948683553444   9893.439891233906  2.3584530618244845e+39   3.314737228718166e+39   5.489841922459178e+39 
  61497.10318984053   19155006134621.29   23066581810089.14   32265153367423.18   9001.609534775647   9696.948683553444   9893.439891233906  2.3312180128665306e+39   3.279510674129653e+39  5.4399754482512666e+39 
  61499.33192783364   19046301725908.71   22945546371629.28  32115424776778.875   9001.609534775647   9696.948683553444   9893.439891233906  2.3044204077326298e+39  3.2448053814096695e+39   5.390715278804014e+39 
 61501.560665826764  18938702310924.316   22825645818143.47  31966880970414.543   9001.609534775647   9696.948683553444   9893.439891233906  2.2780516583402503e+39   3.210611703390047e+39  5.3420520380280007e+39 
  61503.78940381989   18832193111980.18  22706865469232.992  31819508333287.547   9001.609534775647   9696.948683553444   9893.439891233906  2.2521033654823667e+39   3.176920194824182e+39  5.2939765231154614e+39 
  61506.01814181301  18726759561145.527   22589190856966.55  31673293441354.676   9001.609534775647   9696.948683553444   9893.439891233906   2.226567314748275e+39    3.14372161076921e+39  5.2464797009300534e+39 
  61508.24687980613  18622387299068.543  22472607720557.684  31528223058716.777   9001.609534775647   9696.948683553444   9893.439891233906    2.20143547031635e+39   3.111006901145332e+39    5.19955270493045e+39 
 61510.475617799246  18519062169256.438  22357102003935.152  31384284134786.188   9001.609534775647   9696.948683553444   9893.439891233906  2.1766999719157074e+39   3.078767206145061e+39  5.1531868312066495e+39 
  61512.70435579237  18416770214331.375  22242659855183.812  31241463801711.867   9001.609534775647   9696.948683553444   9893.439891233906   2.152353130721087e+39   3.046993851888684e+39   5.107373533795654e+39 
  61514.93309378549   18315497677748.76   22129267622304.21   31099749371163.49   9001.609534775647   9696.948683553444   9893.439891233906   2.128387425170138e+39   3.015678346197654e+39  5.0621044236642005e+39 
  61517.16183177861   18215231000073.78  22016911850494.695  30959128332695.445   9001.609534775647   9696.948683553444   9893.439891233906    2.10479549707693e+39  2.9848123744673674e+39   5.017371264969859e+39 
 61519.390569771735  18115956817628.887   21905579279482.93  30819588351374.812   9001.609534775647   9696.948683553444   9893.439891233906  2.0815701478406243e+39  2.9543877962739077e+39  4.9731659705395405e+39 
  61521.61930776485  18017661949372.016  21795256842244.523   30681117261840.69   9001.609534775647   9696.948683553444   9893.439891233906   2.058704335301679e+39   2.924396640038521e+39   4.929480600259085e+39 
  61523.84804575797  17920333407214.094  21685931655773.945   30543703066074.78   9001.609534775647   9696.948683553444   9893.439891233906  2.0361911692646257e+39  2.8948311001213944e+39  4.8863073575359414e+39 
 61526.076783751094  17823958388744.016  21577591025863.445  30407333935145.957   9001.609534775647   9696.948683553444   9893.439891233906  2.0140239074130585e+39  2.8656835329628165e+39   4.843638586351195e+39 
 61528.305521744216  17728524274793.086  21470222441554.152  30271998204312.523   9001.609534775647   9696.948683553444   9893.439891233906  1.9921959531909746e+39  2.8369464526152253e+39   4.801466768380899e+39 
  61530.53425973734  17634018626870.664  21363813574385.508  30137684370557.777   9001.609534775647   9696.948683553444   9893.439891233906   1.970700852594107e+39   2.808612528553513e+39   4.759784520230991e+39 
  61532.76299773045   17540429186864.22  21258304510773.617  30004381090154.004   9001.609534775647   9696.948683553444   9893.439891233906   1.949532289397245e+39   2.780674581639063e+39  4.7185845910352625e+39 
 61534.991735723575  17447743868733.613  21153518918942.043   29872077176265.93   9001.609534775647   9696.948683553444   9893.439891233906  1.9286840833531548e+39  2.7531255806473924e+39   4.677859858910956e+39 
   61537.2204737167  17355950760698.646  21049661854317.332  29740761596775.805   9001.609534775647   9696.948683553444   9893.439891233906  1.9081501866088876e+39  2.7259586389482536e+39   4.637603328228524e+39 
  61539.44921170982  17265038122662.707  20946721603859.145   29610423471458.91   9001.609534775647   9696.948683553444   9893.439891233906   1.887924680642811e+39  2.6991670112629307e+39   4.597808128200054e+39 
  61541.67794970294  17174994385019.184  20844686623995.984   29481052070933.34   9001.609534775647   9696.948683553444   9893.439891233906  1.8680017732962252e+39  2.6727440904971006e+39  4.5584675099074533e+39 
  61543.90668769606  17085808143511.662   20743545538285.36   29352636813995.96   9001.609534775647   9696.948683553444   9893.439891233906   1.848375795874455e+39  2.6466834053050796e+39   4.519574843104362e+39 
  61546.13542568918  16997468154355.576  20643287134922.098  29225167262864.074   9001.609534775647   9696.948683553444   9893.439891233906  1.8290412009111344e+39  2.6209786153557487e+39   4.481123614740126e+39 
   61548.3641636823   16909963338261.47  20543900364355.625   29098633122078.47   9001.609534775647   9696.948683553444   9893.439891233906  1.8103652547803395e+39  2.5956235100375247e+39  4.4431074262560304e+39 
  61550.59290167542  16823282775566.623  20445374337146.266  28973024238926.094   9001.609534775647   9696.948683553444   9893.439891233906  1.7920195432057514e+39  2.5706120047528628e+39   4.405519991281033e+39 
 61552.821639668546  16737415703988.383  20347698321115.656  28848330599658.387   9001.609534775647   9696.948683553444   9893.439891233906  1.7739364198430866e+39   2.545938137968934e+39   4.368355133384645e+39 
  61555.05037766166  16652351516418.459  20250861740779.305   28724542327410.63   9001.609534775647   9696.948683553444   9893.439891233906  1.7561111209382806e+39  2.5215960692550938e+39  4.3316067839122444e+39 
  61557.27911565478   16568079760617.41  20154854174032.664  28601649680127.156   9001.609534775647   9696.948683553444   9893.439891233906    1.73853898097053e+39  2.4975800762410242e+39   4.295268980094765e+39 
 61559.507853647905  16484590131847.846  20059665344885.613  28479643048544.367   9001.609534775647   9696.948683553444   9893.439891233906  1.7212154322024378e+39  2.4738845519633902e+39  4.2593358623328576e+39 
  61561.73659164103  16401872475307.084  19965285128502.336  28358512954300.766   9001.609534775647   9696.948683553444   9893.439891233906  1.7041360018573445e+39   2.450504002310535e+39  4.2235774656969115e+39 
  61563.96532963414  16319916783271.654  19871703546816.285   28238250047670.54   9001.609534775647   9696.948683553444   9893.439891233906  1.6872963099684002e+39   2.427433043529122e+39     4.1880043529283e+39 
 61566.194067627264  16238713193938.828  19778910765984.805  28118845106259.094   9001.609534775647   9696.948683553444   9893.439891233906  1.6706920672878507e+39  2.4046663997876632e+39  4.1528317235386655e+39 
  61568.42280562039  16158251987864.117  19686897094349.492   28000289033441.46   9001.609534775647   9696.948683553444   9893.439891233906   1.654319073246031e+39  2.3821989012819858e+39   4.118053790051502e+39 
  61570.65154361351  16078523582859.047  19595652980298.176   27882572854374.72   9001.609534775647   9696.948683553444   9893.439891233906  1.6381732141797584e+39  2.3600254806519517e+39   4.083664867027592e+39 
  61572.88028160663  15999518537719.207  19505169010203.395   27765687713903.25   9001.609534775647   9696.948683553444   9893.439891233906  1.6222504609249163e+39    2.33814117183453e+39  4.0496593684429155e+39 
  61575.10901959975   15921227547948.07   19415435906495.77  27649624877959.547   9001.609534775647   9696.948683553444   9893.439891233906  1.6065468670132024e+39  2.3165411075696678e+39   4.016031805697995e+39 
  61577.33775759287  15843641443839.508  19326444525497.883  27534375730093.996   9001.609534775647   9696.948683553444   9893.439891233906  1.5910585671058796e+39   2.295220516643946e+39   3.982776785671425e+39 
  61579.56649558599  15766751188538.033  19238185856068.875    27419931769700.2   9001.609534775647   9696.948683553444   9893.439891233906  1.5757817754292993e+39  2.2741747226793747e+39  3.9498890088141217e+39 
  61581.79523357911  15690547877301.547  19150651018162.902  27306284610279.492   9001.609534775647   9696.948683553444   9893.439891233906  1.5607127828933482e+39  2.2533991417228223e+39   3.917363267381791e+39 
 61584.023971572235  15615022732800.113   19063831256272.06  27193425977716.926   9001.609534775647   9696.948683553444   9893.439891233906  1.5458479563582576e+39  2.2328892801976492e+39  3.8851944435829003e+39 
  61586.25270956535  15540167104891.635   18977717942171.81  27081347708644.973   9001.609534775647   9696.948683553444   9893.439891233906  1.5311837367663645e+39  2.2126407329340553e+39   3.853377507346778e+39 
  61588.48144755847  15465972469559.396  18892302572758.184  26970041748723.457   9001.609534775647   9696.948683553444   9893.439891233906   1.516716637408434e+39   2.192649181244888e+39   3.821907515121226e+39 
 61590.710185551594  15392430426581.686  18807576767340.086   26859500150983.78   9001.609534775647   9696.948683553444   9893.439891233906  1.5024432423170906e+39  2.1729103910463038e+39   3.790779608395036e+39 
 61592.938923544716  15319532699974.799   18723532265933.04  26749715074972.934   9001.609534775647   9696.948683553444   9893.439891233906  1.4883602046957513e+39  2.1534202112639374e+39   3.759989011116454e+39 
  61595.16766153784  15247367547434.395  18640160927414.656   26640678784595.21   9001.609534775647   9696.948683553444   9893.439891233906  1.4744642454630443e+39  2.1341745715471658e+39   3.729531028639149e+39 
  61597.39639953095   15175971314089.74   18557454727751.33  26532383643837.094   9001.609534775647   9696.948683553444   9893.439891233906  1.4607521517445538e+39   2.115169480625491e+39  3.6994010462198005e+39 
 61599.625137524075  15105190260661.521  18475405758254.457    26424822119191.3   9001.609534775647   9696.948683553444   9893.439891233906  1.4472737959424828e+39   2.096401025159293e+39    3.66959452730579e+39 
   61601.8538755172  15035016665651.566  18394006224039.344  26317986776961.133   9001.609534775647   9696.948683553444   9893.439891233906  1.4341192551733168e+39  2.0778653670335342e+39  3.6401070120078934e+39 
  61604.08261351032  14965442919665.828    18313248441809.6  26211870281530.363   9001.609534775647   9696.948683553444   9893.439891233906  1.4211333095894956e+39   2.059558742609156e+39  3.6109341156028473e+39 
  61606.31135150344    14896799236123.6   18233124840439.86  26106465393898.336   9001.609534775647   9696.948683553444   9893.439891233906  1.4083131486926347e+39  2.0414774609237172e+39   3.582071527091847e+39 
  61608.54008949656   14828781946722.24  18153627955042.395   26001764970229.45   9001.609534775647   9696.948683553444   9893.439891233906   1.395656017047731e+39   2.023617902064595e+39  3.5535150078614933e+39 
  61610.76882748968  14761334389263.797   18074750427036.85   25897761960424.18   9001.609534775647   9696.948683553444   9893.439891233906  1.3831592138251612e+39   2.005976515644385e+39  3.5252603899788755e+39 
   61612.9975654828  14694449523369.447   17996485004414.54   25794449406793.18   9001.609534775647   9696.948683553444   9893.439891233906  1.3708200912702628e+39  1.9885498193106824e+39   3.497303574951535e+39 
  61615.22630347592   14628246861939.49   17918824538972.28    25691820442485.5   9001.609534775647   9696.948683553444   9893.439891233906   1.358636053550323e+39  1.9713343972926333e+39  3.4696405325390524e+39 
 61617.455041469046  14562692424840.398  17841761984763.953  25589868290480.773   9001.609534775647   9696.948683553444   9893.439891233906  1.3466045556242789e+39    1.95432689897848e+39  3.4422672996778186e+39 
  61619.68377946216  14497675486617.406  17765290396539.555   25488586262627.68   9001.609534775647   9696.948683553444   9893.439891233906  1.3347231021404476e+39  1.9375240378751434e+39   3.415179978169584e+39 
  61621.91251745528   14433189487628.48  17689402928221.027   25387967756984.48   9001.609534775647   9696.948683553444   9893.439891233906  1.3229892463596798e+39  1.9209225892539677e+39   3.388374734470877e+39 
 61624.141255448405  14369227963312.578  17614092831412.953   25288006255990.46   9001.609534775647   9696.948683553444   9893.439891233906  1.3114005891054375e+39   1.904519389831779e+39   3.361847798105317e+39 
  61626.36999344153  14305784542782.459  17539353453954.047  25188695327637.535   9001.609534775647   9696.948683553444   9893.439891233906  1.2999547777360513e+39   1.888311336171925e+39   3.335595460452884e+39 
  61628.59873143465   14242852947438.18  17465178238485.826  25090028623023.707   9001.609534775647   9696.948683553444   9893.439891233906  1.2886495051534198e+39  1.8722953830066242e+39   3.309614073573277e+39 
 61630.827469427764  14180426989602.902    17391560721019.8  24991999875117.047   9001.609534775647   9696.948683553444   9893.439891233906  1.2774825091223487e+39  1.8564685425848998e+39   3.283900049050404e+39 
  61633.05620742089  14118500571741.941   17318494530763.92  24894602897527.098   9001.609534775647   9696.948683553444   9893.439891233906  1.2664515704672878e+39  1.8408278832473623e+39  3.2584498568828624e+39 
  61635.28494541401  14057067684074.291  17245973384978.932   24797831583314.36   9001.609534775647   9696.948683553444   9893.439891233906  1.2555875466374651e+39  1.8253705282289524e+39   3.233260024465615e+39 
  61637.51368340713  13996122404073.344   17173991090465.71  24701679903803.918   9001.609534775647   9696.948683553444   9893.439891233906   1.244954140475368e+39   1.810093654504278e+39   3.208327135158683e+39 
  61639.74242140025  13935658893548.951   17102702916221.41   24606141907485.61   9001.609534775647   9696.948683553444   9893.439891233906  1.2344464769320431e+39    1.79499449165696e+39   3.183647827518005e+39 
  61641.97115939337  13875671399289.312  17032269480420.113   24511211718688.79   9001.609534775647   9696.948683553444   9893.439891233906  1.2240626004095458e+39  1.7800703207770468e+39  3.1592187942791375e+39 
  61644.19989738649  13816154251464.092   16962345665997.36    24416883536842.6   9001.609534775647   9696.948683553444   9893.439891233906  1.2138005920922986e+39  1.7653184734363504e+39  3.1350367814475696e+39 
  61646.42863537961  13757101862104.197  16892925833331.543  24323151635506.383   9001.609534775647   9696.948683553444   9893.439891233906  1.2036585690284007e+39   1.750736330679603e+39   3.111098586661849e+39 
 61648.657373372735  13698508723875.318  16824004422297.402  24230010360189.168   9001.609534775647   9696.948683553444   9893.439891233906  1.1936346834906283e+39  1.7363213215692273e+39   3.087401058931013e+39 
  61650.88611136585  13640369408871.209  16755575950612.012  24137454127134.934   9001.609534775647   9696.948683553444   9893.439891233906  1.1837271222485124e+39   1.722070922714142e+39  3.0639410974263076e+39 
  61653.11484935897  13582678567420.887  16687635012651.332   24045477423957.01   9001.609534775647   9696.948683553444   9893.439891233906  1.1739341058143159e+39  1.7079826570823088e+39   3.040715650548018e+39 
 61655.343587352094  13525430926917.746  16620176278280.668  23954074807722.754   9001.609534775647   9696.948683553444   9893.439891233906  1.1642538877452738e+39  1.6940540928106953e+39  3.0177217150102865e+39 
 61657.572325345216   13468621290659.97  16553194491710.246  23863240903923.684   9001.609534775647   9696.948683553444   9893.439891233906  1.1546847540663563e+39  1.6802828426362393e+39   2.994956334943316e+39 
  61659.80106333834  13412244537196.389  16486684471193.312    23772970405469.1   9001.609534775647   9696.948683553444   9893.439891233906  1.1452250222458348e+39   1.666666562828187e+39   2.972416601035138e+39 
  61662.02980133145  13356295618199.273  16420641105872.521  23683258071688.777   9001.609534775647   9696.948683553444   9893.439891233906  1.1358730407857979e+39  1.6532029522803162e+39  2.9500996497357904e+39 
 61664.258539324575  13300769558228.197  16355059355743.959   23594098727357.67   9001.609534775647   9696.948683553444   9893.439891233906  1.1266271886125948e+39   1.639889751631226e+39   2.928002662162372e+39 
   61666.4872773177  13245661452335.389  16289934251256.805  23505487261770.105   9001.609534775647   9696.948683553444   9893.439891233906  1.1174858743819727e+39  1.6267247424044964e+39  2.9061228634811524e+39 
  61668.71601531082  13190966466279.432  16225260891686.129   23417418627690.93   9001.609534775647   9696.948683553444   9893.439891233906  1.1084475358703447e+39  1.6137057461676807e+39   2.884457522094418e+39 
  61670.94475330394  13136671887015.066   16161024863430.33   23329876540401.66   9001.609534775647   9696.948683553444   9893.439891233906  1.0995091548052953e+39  1.6008280143707778e+39   2.863002125098871e+39 
  61673.17349129706  13082796509600.238  16097249858086.219  23242889638218.625   9001.609534775647   9696.948683553444   9893.439891233906  1.0906735796108146e+39  1.5880971493099736e+39  2.8417594431166907e+39 
  61675.40222929018  13029312904504.887   16033903276802.05   23156420167701.34   9001.609534775647   9696.948683553444   9893.439891233906  1.0819351727495927e+39   1.575503628979979e+39   2.820721556450767e+39 
   61677.6309672833  12976223443590.686  15970989240611.225   23070473637239.94   9001.609534775647   9696.948683553444   9893.439891233906   1.073293679867571e+39    1.56304767890794e+39   2.799887566935493e+39 
  61679.85970527642   12923523936719.54  15908503432696.781  22985045613281.586   9001.609534775647   9696.948683553444   9893.439891233906  1.0647477640302589e+39  1.5507274168303498e+39   2.779254996268261e+39 
 61682.088443269546  12871209964188.424  15846441353126.133   22900131420130.23   9001.609534775647   9696.948683553444   9893.439891233906  1.0562960288504353e+39  1.5385408930043646e+39  2.7588213575206384e+39 
  61684.31718126266  12819277156223.506  15784798555001.215  22815726430264.688   9001.609534775647   9696.948683553444   9893.439891233906  1.0479370999206417e+39   1.526486187533101e+39  2.7385842003489066e+39 
  61686.54591925578  12767721204965.621  15723570652404.934  22731826072347.617   9001.609534775647   9696.948683553444   9893.439891233906  1.0396696272733029e+39  1.5145614142368047e+39  2.7185411116892287e+39 
 61688.774657248905  12716537863770.752  15662753318972.332   22648425830677.13   9001.609534775647   9696.948683553444   9893.439891233906   1.031492284999003e+39   1.502764720191928e+39  2.6986897151683487e+39 
  61691.00339524203  12665722946201.895   15602342286766.34  22565521244376.684   9001.609534775647   9696.948683553444   9893.439891233906  1.0234037709181059e+39  1.4910942850696522e+39  2.6790276703506638e+39 
  61693.23213323515  12615272325262.975  15542333346509.316  22483107906618.434   9001.609534775647   9696.948683553444   9893.439891233906  1.0154028060178434e+39  1.4795483204803528e+39  2.6595526720916042e+39 
 61695.460871228264  12565181932084.541  15482722346191.172   22401181463827.85   9001.609534775647   9696.948683553444   9893.439891233906  1.0074881339840508e+39  1.4681250693296462e+39  2.6402624499985525e+39 
  61697.68960922139  12515447755926.488   15423505190391.68  22319737614882.066   9001.609534775647   9696.948683553444   9893.439891233906    9.99658520744463e+38  1.4568228051894435e+39  2.6211547678652073e+39 
  61699.91834721451  12466065842841.086  15364677838964.607   22238772110609.27   9001.609534775647   9696.948683553444   9893.439891233906   9.919127540293462e+38   1.445639831812407e+39  2.6022274229099478e+39 
  61702.14708520763   12417032294800.47   15306236306322.82    22158280753010.5   9001.609534775647   9696.948683553444   9893.439891233906   9.842496428348592e+38  1.4345744821790318e+39  2.5834782451481407e+39 
  61704.37582320075  12368343268844.729  15248176660888.588   22078259393467.58   9001.609534775647   9696.948683553444   9893.439891233906   9.766680171170964e+38  1.4236251182000433e+39   2.564905097001788e+39 
  61706.60456119387  12319994976238.812  15190495024102.893   21998703932990.91   9001.609534775647   9696.948683553444   9893.439891233906   9.691667273225628e+38   1.412790130176403e+39  2.5465058726391913e+39 
  61708.83329918699   12271983681644.83  15133187569619.764  21919610321687.945   9001.609534775647   9696.948683553444   9893.439891233906   9.617446439763037e+38   1.402067935988078e+39  2.5282784974140412e+39 
  61711.06203718011  12224305702303.838  15076250522510.266   21840974557754.82   9001.609534775647   9696.948683553444   9893.439891233906   9.544006572868065e+38   1.391456980705531e+39  2.5102209273195403e+39 
 61713.290775173235  12176957407232.217  15019680158505.686  21762792686790.367   9001.609534775647   9696.948683553444   9893.439891233906   9.471336768244235e+38   1.380955736074846e+39   2.492331148451496e+39 
  61715.51951316636  12129935216869.602  14963472803839.268  21685060801110.848   9001.609534775647   9696.948683553444   9893.439891233906    9.39942630873625e+38  1.3705626999488884e+39   2.474607176491352e+39 
  61717.74825115947   12083235601109.29   14907624832556.21   21607775039082.58   9001.609534775647   9696.948683553444   9893.439891233906   9.328264663163155e+38   1.360276395769853e+39  2.4570470562380553e+39 
 61719.976989152594   12036855079975.38  14852132667579.135   21530931584462.67   9001.609534775647   9696.948683553444   9893.439891233906   9.257841481948682e+38  1.3500953720643469e+39  2.4396488609193407e+39 
 61722.205727145716   11990790221300.99  14796992779556.402   21454526665761.55   9001.609534775647   9696.948683553444   9893.439891233906   9.188146593394298e+38  1.3400182019506075e+39  2.4224106918681492e+39 
  61724.43446513884  11945037641217.924   14742201686017.01  21378556555573.547   9001.609534775647   9696.948683553444   9893.439891233906    9.11917000018853e+38  1.3300434826543797e+39  2.4053306779999923e+39 
  61726.66320313196  11899594003156.812  14687755950904.676  21303017569994.082   9001.609534775647   9696.948683553444   9893.439891233906   9.050901876041456e+38  1.3201698350631165e+39  2.3884069754230855e+39 
 61728.891941125075  11854456017016.727  14633652183248.023   21227906068148.64   9001.609534775647   9696.948683553444   9893.439891233906   8.983332561962983e+38  1.3103959032771835e+39  2.3716377667314115e+39 
   61731.1206791182  11809620438452.922   14579887036972.82   21153218451601.13   9001.609534775647   9696.948683553444   9893.439891233906   8.916452562977721e+38  1.3007203539713308e+39  2.3550212607113343e+39 
  61733.34941711132   11765084068174.94  14526457210177.074    21078951162575.7   9001.609534775647   9696.948683553444   9893.439891233906   8.850252545289989e+38   1.291141876166761e+39  2.3385556919117868e+39 
  61735.57815510444  11720843751252.648  14473359444395.203  21005100684857.805   9001.609534775647   9696.948683553444   9893.439891233906   8.784723332903569e+38  1.2816591808254964e+39   2.322239320165993e+39 
  61737.80689309756  11676896376438.025  14420590523944.695   20931663542786.37   9001.609534775647   9696.948683553444   9893.439891233906    8.71985590452598e+38  1.2722710001516494e+39  2.3060704301604938e+39 
  61740.03563109068  11633238875492.377  14368147275268.738  20858636300602.004   9001.609534775647   9696.948683553444   9893.439891233906   8.655641390673278e+38  1.2629760874369379e+39  2.2900473310117727e+39 
   61742.2643690838   11589868222580.96  14316026566449.588  20786015561882.496   9001.609534775647   9696.948683553444   9893.439891233906    8.59207107101196e+38  1.2537732165807651e+39  2.2741683558513636e+39 
  61744.49310707692  11546781433779.855   14264225306588.86   20713797968988.74   9001.609534775647   9696.948683553444   9893.439891233906   8.529136369661092e+38  1.2446611816839867e+39  2.2584318614279005e+39 
 61746.721845070046  11503975565706.324  14212740444314.613  20641980202518.562   9001.609534775647   9696.948683553444   9893.439891233906   8.466828854465242e+38  1.2356387966599068e+39  2.2428362277480414e+39 
  61748.95058306316   11461447716042.97  14161568968252.086  20570558980765.586   9001.609534775647   9696.948683553444   9893.439891233906    8.40514023346095e+38  1.2267048948532994e+39   2.227379857518377e+39 
  61751.17932105628  11419195021408.014  14110707906113.363   20499531059210.93   9001.609534775647   9696.948683553444   9893.439891233906   8.344062352149891e+38  1.2178583286676642e+39  2.2120611759365145e+39 
 61753.408059049405  11377214658073.078  14060154324052.844   20428893229965.12   9001.609534775647   9696.948683553444   9893.439891233906   8.283587190872898e+38  1.2090979692004441e+39   2.196878630258248e+39 
  61755.63679704253  11335503840925.068  14009905326255.445   20358642321300.33   9001.609534775647   9696.948683553444   9893.439891233906   8.223706862281182e+38  1.2004227059166635e+39  2.1818306894970714e+39 
  61757.86553503565  11294059822849.395  13959958053928.922  20288775197253.195   9001.609534775647   9696.948683553444   9893.439891233906   8.164415560194396e+38    1.19183144626826e+39  2.1669158438929992e+39 
 61760.094273028764  11252879894145.555  13910309685055.285  20219288757174.195   9001.609534775647   9696.948683553444   9893.439891233906   8.105741584562623e+38  1.1833231152728607e+39   2.152132604660353e+39 
  61762.32301102189   11211961381952.98  13860957433854.355  20150179934288.176   9001.609534775647   9696.948683553444   9893.439891233906    8.04763854225088e+38  1.1748966552981187e+39  2.1374795036698783e+39 
  61764.55174901501  11171301649687.123   13811898550178.34   20081445696334.77   9001.609534775647   9696.948683553444   9893.439891233906    7.99009907234435e+38  1.1665510257698025e+39  2.1229550930736525e+39 
  61766.78048700813  11130898096476.822   13763130318973.36  20013083044842.074   9001.609534775647   9696.948683553444   9893.439891233906     7.9327332051369e+38  1.1582852026448117e+39  2.1085579449696605e+39 
  61769.00922500125  11090748156622.879  13714650059751.992  19945089014561.395   9001.609534775647   9696.948683553444   9893.439891233906   7.875701922503462e+38  1.1500981782842589e+39  2.0942866510736267e+39 
  61771.23796299437  11050849299073.908  13666455126159.592  19877460673010.402   9001.609534775647   9696.948683553444   9893.439891233906    7.81923019787048e+38  1.1419889610971878e+39  2.0801398223953548e+39 
  61773.46670098749  11011199027102.611   13618542905585.45   19810195120018.15   9001.609534775647   9696.948683553444   9893.439891233906   7.763310708849535e+38  1.1339565752317048e+39   2.066116088927114e+39 
  61775.69543898061  10971794877085.422  13570910817799.959   19743289487284.61   9001.609534775647   9696.948683553444   9893.439891233906   7.707936253475393e+38  1.1260000602793016e+39  2.0522140993626916e+39 
 61777.924176973735  10932634418928.691  13523556315425.844  19676740937938.082   9001.609534775647   9696.948683553444   9893.439891233906   7.653099747577025e+38  1.1181184709863405e+39   2.038432520687365e+39 
  61780.15291496686  10893715254590.426  13476476883173.293   19610546666112.34   9001.609534775647   9696.948683553444   9893.439891233906   7.598794223696205e+38  1.1103108769709796e+39  2.0247700379717796e+39 
  61782.38165295997    10855035018240.2  13429670037318.652   19544703896512.69   9001.609534775647   9696.948683553444   9893.439891233906    7.54501282827825e+38  1.1025763624468535e+39   2.011225354061757e+39 
 61784.610390953094  10816591375694.521  13383133325305.047  19479209883992.582   9001.609534775647   9696.948683553444   9893.439891233906   7.491748819498571e+38  1.0949140259618815e+39  1.9977971893130776e+39 
 61786.839128946216   10778382023847.54  13336864325189.957  19414061913232.312   9001.609534775647   9696.948683553444   9893.439891233906   7.438995565117053e+38  1.0873229801611509e+39  1.9844842812819962e+39 
  61789.06786693934   10740404690191.78  13290860645040.781  19349257298425.652   9001.609534775647   9696.948683553444   9893.439891233906   7.386746540387105e+38  1.0798023513843409e+39  1.9712853843686186e+39 
  61791.29660493246  10702657132351.668  13245119922769.273  19284793382307.043   9001.609534775647   9696.948683553444   9893.439891233906   7.334995326004609e+38   1.072351279565865e+39  1.9581992696759887e+39 
 61793.525342925575   10665137137621.56  13199639825568.914  19220667536079.164   9001.609534775647   9696.948683553444   9893.439891233906   7.283735606105569e+38  1.0649689179714324e+39   1.945224724688754e+39 
   61795.7540809187  10627842522509.482  13154418049478.863  19156877159325.727   9001.609534775647   9696.948683553444   9893.439891233906   7.232961166296897e+38  1.0576544328687516e+39    1.93236055301114e+39 
  61797.98281891182  10590771132294.035  13109452318955.293   19093419679409.75   9001.609534775647   9696.948683553444   9893.439891233906   7.182665891740171e+38  1.0504070033274837e+39  1.9196055741111894e+39 
  61800.21155690494   10553920840582.52   13064740386451.16   19030292551099.25   9001.609534775647   9696.948683553444   9893.439891233906   7.132843765266852e+38  1.0432258210184177e+39   1.906958623066089e+39 
  61802.44029489806  10517289549035.578  13020280032295.621   18967493256192.98   9001.609534775647   9696.948683553444   9893.439891233906   7.083488865791938e+38  1.0361100899595706e+39  1.8944185503166237e+39 
  61804.66903289118  10480875186567.154  12976069063489.676  18905019303161.418   9001.609534775647   9696.948683553444   9893.439891233906   7.034595366142977e+38  1.0290590262917845e+39  1.8819842214348586e+39 
   61806.8977708843  10444675709208.705  12932105313899.805   18842868226789.09   9001.609534775647   9696.948683553444   9893.439891233906   6.986157530966443e+38  1.0220718580576106e+39  1.8696545168718952e+39 
  61809.12650887742  10408689099705.193  12888386643866.812   18781037587816.04   9001.609534775647   9696.948683553444   9893.439891233906   6.938169715591646e+38  1.0151478249863428e+39  1.8574283316816657e+39 
 61811.355246870546  10372913366728.713  12844910939715.902   18719524972609.34   9001.609534775647   9696.948683553444   9893.439891233906   6.890626364323358e+38  1.0082861782825534e+39  1.8453045753587742e+39 
  61813.58398486366   10337346545001.21  12801676113373.258  18658327992787.688   9001.609534775647   9696.948683553444   9893.439891233906   6.843522008647682e+38  1.0014861804188989e+39   1.833282171587026e+39 
  61815.81272285678  10301986694682.793   12758680102086.48    18597444284926.0   9001.609534775647   9696.948683553444   9893.439891233906   6.796851265603624e+38   9.947471049699268e+38  1.8213600580569887e+39 
 61818.041460849905  10266831900983.559  12715920867798.398   18536871510277.68   9001.609534775647   9696.948683553444   9893.439891233906   6.750608836197904e+38   9.880682363208846e+38  1.8095371861451364e+39 
  61820.27019884303  10231880273784.428  12673396396952.836  18476607354519.824   9001.609534775647   9696.948683553444   9893.439891233906   6.704789503844906e+38   9.814488695362688e+38  1.7978125207666052e+39 
  61822.49893683615  10197129947259.682  12631104700163.734   18416649526735.22   9001.609534775647   9696.948683553444   9893.439891233906   6.659388132844847e+38   9.748883101674402e+38  1.7861850401788397e+39 
 61824.727674829264  10162579079508.965   12589043811816.64  18356995759901.875   9001.609534775647   9696.948683553444   9893.439891233906   6.614399666885812e+38    9.68385874107189e+38  1.7746537357570064e+39 
  61826.95641282239  10128225852193.506  12547211789722.545   18297643810379.56   9001.609534775647   9696.948683553444   9893.439891233906   6.569819127588896e+38   9.619408872773103e+38  1.7632176117907565e+39 
  61829.18515081551  10094068470180.008  12505606714773.977   18238591457546.83   9001.609534775647   9696.948683553444   9893.439891233906   6.525641613070444e+38   9.555526855705827e+38    1.75187568528593e+39 
  61831.41388880863  10060105161195.121  12464226690656.395  18179836503499.586   9001.609534775647   9696.948683553444   9893.439891233906   6.481862296577402e+38   9.492437569025086e+38  1.7406269857678203e+39 
  61833.64262680175   10026334175634.47  12423069843620.422  18121376772755.645   9001.609534775647   9696.948683553444   9893.439891233906   6.438476425219508e+38   9.429952240854362e+38  1.7294705550917073e+39 
  61835.87136479487   9992753785736.592  12382134321566.375   18063210111957.15   9001.609534775647   9696.948683553444   9893.439891233906   6.395479318423007e+38   9.368007510452046e+38  1.7184054472674977e+39 
  61838.10010278799    9959362285835.69  12341418294373.723  18005334389584.383   9001.609534775647   9696.948683553444   9893.439891233906   6.352866366219908e+38   9.306597307275535e+38   1.707430728239241e+39 
  61840.32884078111    9926157991621.48  12300919953389.645  17947747495671.926   9001.609534775647   9696.948683553444   9893.439891233906   6.310633028725331e+38   9.245715647202901e+38  1.6965454757113222e+39 
 61842.557578774235    9893139239877.82    12260637511099.0  17890447341533.848   9001.609534775647   9696.948683553444   9893.439891233906   6.268774834573686e+38   9.185356631045214e+38  1.6857487789945704e+39 
  61844.78631676736   9860304388363.469  12220569200819.264  17833431859470.504   9001.609534775647   9696.948683553444   9893.439891233906  6.2272873796658664e+38   9.125514443090535e+38  1.6750397388184434e+39 
  61847.01505476047   9827651815380.996  12180713276477.762  17776699002526.297   9001.609534775647   9696.948683553444   9893.439891233906   6.186166325951986e+38    9.06618335005292e+38   1.664417467191487e+39 
 61849.243792753594   9795179919465.717  12141068012105.871  17720246744263.457   9001.609534775647   9696.948683553444   9893.439891233906   6.145407400243291e+38    9.00735769858909e+38  1.6538810871428128e+39 
 61851.472530746716   9762887119082.656  12101631701694.184  17664073078569.188   9001.609534775647   9696.948683553444   9893.439891233906   6.105006393047013e+38   8.949031914935527e+38  1.6434297326213992e+39 
  61853.70126873984   9730771852327.576  12062402658919.672  17608176018788.613   9001.609534775647   9696.948683553444   9893.439891233906  6.0649591574255525e+38    8.89120050323645e+38  1.6330625483334965e+39 
  61855.93000673296   9698832576631.688  12023379216831.246  17552553598189.111   9001.609534775647   9696.948683553444   9893.439891233906   6.025261607877989e+38   8.833858044326965e+38  1.6227786895707835e+39 
 61858.158744726075   9667067768471.877   11984559727571.36  17497203869497.195   9001.609534775647   9696.948683553444   9893.439891233906   5.985909719243483e+38   8.776999194565824e+38  1.6125773220517243e+39 
   61860.3874827192    9635475923084.75  11945942562103.246   17442124904621.68   9001.609534775647   9696.948683553444   9893.439891233906   5.946899525629993e+38   8.720618683819274e+38   1.602457621767129e+39 
  61862.61622071232   9604055554195.826  11907526109983.707  17387314794403.459   9001.609534775647   9696.948683553444   9893.439891233906   5.908227119391819e+38   8.664711315046622e+38  1.5924187748268456e+39 
  61864.84495870544   9572805193853.867  11869308779161.215   17332771648380.69   9001.609534775647   9696.948683553444   9893.439891233906   5.869888650160627e+38    8.60927196278835e+38   1.582459977311757e+39 
 61867.073696698564   9541723391790.197  11831288995272.121  17278493594548.406   9001.609534775647   9696.948683553444   9893.439891233906   5.831880323696045e+38    8.55429557196596e+38  1.5725804351345508e+39 
  61869.30243469168   9510808715594.174  11793465201893.418  17224478779125.062   9001.609534775647   9696.948683553444   9893.439891233906   5.794198400647559e+38   8.499777156710954e+38  1.5627793638782708e+39 
   61871.5311726848    9480059750193.16  11755835860128.395  17170725366324.758   9001.609534775647   9696.948683553444   9893.439891233906   5.756839196066074e+38   8.445711799210731e+38   1.553055988642514e+39 
  61873.75991067792   9449475097534.643  11718399448347.602   17117231538130.09   9001.609534775647   9696.948683553444   9893.439891233906  5.7197990782973635e+38   8.392094648578847e+38  1.5434095439372016e+39 
 61875.988648671046   9419053376568.271   11681154461944.18  17063995494064.889   9001.609534775647   9696.948683553444   9893.439891233906  5.6830744680214365e+38    8.33892091974748e+38  1.5338392735305653e+39 
  61878.21738666417   9388793222880.182  11644099413129.338  17011015450982.621   9001.609534775647   9696.948683553444   9893.439891233906   5.646661837336583e+38   8.286185892645632e+38  1.5243444303304232e+39 
  61880.44612465728   9358693288446.822  11607232830637.092   16958283074116.02   9001.609534775647   9696.948683553444   9893.439891233906   5.610557708866206e+38   8.233884910402047e+38  1.5149242762216034e+39 
 61882.674862650405   9328752241392.123  11570553259441.945  16905790754251.488   9001.609534775647   9696.948683553444   9893.439891233906   5.574758654878855e+38   8.182013378925769e+38  1.5055780819273426e+39 
  61884.90360064353    9298968765750.04  11534059260655.047  16853549350183.252   9001.609534775647   9696.948683553444   9893.439891233906   5.539261296431063e+38   8.130566765722125e+38  1.4963051269224373e+39 
  61887.13233863665   9269341561228.875   11497749411242.74  16801557144811.777   9001.609534775647   9696.948683553444   9893.439891233906   5.504062302521914e+38   8.079540598928874e+38  1.4871046992869647e+39 
 61889.361076629764   9239869342980.371  11461622303802.922  16749812437443.123   9001.609534775647   9696.948683553444   9893.439891233906   5.469158389266414e+38   8.028930466451873e+38  1.4779760955828206e+39 
  61891.58981462289   9210550841370.293  11425676546348.219   16698313543387.37   9001.609534775647   9696.948683553444   9893.439891233906   5.434546319088664e+38   7.978732014506199e+38   1.468918620732003e+39 
  61893.81855261601    9181384801759.12  11389910762090.523   16647058793829.86   9001.609534775647   9696.948683553444   9893.439891233906    5.40022289992389e+38    7.92894094707725e+38   1.459931587896615e+39 
  61896.04729060913   9152369984364.094  11354323589397.535  16596046535657.154   9001.609534775647   9696.948683553444   9893.439891233906   5.366184984562975e+38   7.879553024948168e+38  1.4510143183610316e+39 
  61898.27602860225   9123505163822.906  11318913681104.389  16545275131245.645   9001.609534775647   9696.948683553444   9893.439891233906   5.332429469648765e+38   7.830564064733418e+38  1.4421661414178857e+39 
  61900.50476659537   9094789129138.691   11283679704724.39  16494742958264.725   9001.609534775647   9696.948683553444   9893.439891233906  5.2989532950063235e+38   7.781969937979082e+38  1.4333863942696854e+39 
  61902.73350458849   9066220683603.035  11248620342175.508  16444448409497.477   9001.609534775647   9696.948683553444   9893.439891233906   5.265753442882996e+38   7.733766570281519e+38  1.4246744218593673e+39 
  61904.96224258161   9037798644149.545   11213734289546.25  16394389892652.416   9001.609534775647   9696.948683553444   9893.439891233906  5.2328269373984335e+38    7.68594994042312e+38   1.416029576822523e+39 
 61907.190980574735    9009521841587.29  11179020256902.504   16344565830182.58   9001.609534775647   9696.948683553444   9893.439891233906   5.200170843733925e+38   7.638737896619468e+38   1.407451219354585e+39 
  61909.41971856786   8981389120250.113  11144476968093.562  16294974659109.549   9001.609534775647   9696.948683553444   9893.439891233906   5.167782267441729e+38   7.591908853953167e+38  1.3989387171084338e+39 
  61911.64845656097   8953399337798.775  11110103160616.791  16245614830857.596   9001.609534775647   9696.948683553444   9893.439891233906   5.135658353766015e+38   7.545448976749304e+38  1.3904914451106825e+39 
 61913.877194554094   8925551365025.934  11075897585277.863   16196484811045.73   9001.609534775647   9696.948683553444   9893.439891233906   5.103796286979469e+38   7.499354580901368e+38  1.3821087855929907e+39 
 61916.105932547216   8897844085667.693  11041859006134.418  16147583079526.605   9001.609534775647   9696.948683553444   9893.439891233906   5.072193289726517e+38   7.453622028512611e+38  1.3737901279499725e+39 
  61918.33467054034   8870276396216.992   11007986200300.14  16098908129658.383   9001.609534775647   9696.948683553444   9893.439891233906   5.040846622388502e+38   7.408247727116423e+38  1.3655348686271598e+39 
  61920.56340853346   8842847205736.162  10974277957751.922  16050458468705.916   9001.609534775647   9696.948683553444   9893.439891233906   5.009753582450126e+38   7.363228128951221e+38   1.357342411019277e+39 
 61922.792146526575   8815555435679.658  10940733081156.879  16002232617526.496   9001.609534775647   9696.948683553444   9893.439891233906    4.97891150389017e+38   7.318559730159913e+38  1.3492121653735763e+39 
   61925.0208845197   8788400019712.452  10907350385696.047   15954229110271.57   9001.609534775647   9696.948683553444   9893.439891233906   4.948317756571084e+38   7.274239070303041e+38  1.3411435486952345e+39 
  61927.24962251282   8761379903549.165   10874128698944.13   15906446494359.17   9001.609534775647   9696.948683553444   9893.439891233906   4.917969745680509e+38    7.23026273163056e+38   1.333135984654009e+39 
  61929.47836050594   8734494044821.651  10841066860675.062   15858883330282.28   9001.609534775647   9696.948683553444   9893.439891233906   4.887864911141884e+38   7.186627338438632e+38   1.325188903492596e+39 
 61931.707098499064   8707741412715.249  10808163722502.238  15811538191450.508   9001.609534775647   9696.948683553444   9893.439891233906   4.858000727010197e+38   7.143329556437184e+38    1.31730174194046e+39 
  61933.93583649218   8681120988046.233  10775418147992.957  15764409664036.219   9001.609534775647   9696.948683553444   9893.439891233906   4.828374700786491e+38   7.100366092124299e+38  1.3094739431236832e+39 
   61936.1645744853   8654631763003.402   10742829012413.71   15717496346827.93   9001.609534775647   9696.948683553444   9893.439891233906   4.798984373073614e+38     7.0577336921782e+38   1.301704956453785e+39 
  61938.39331247842    8628272740843.45  10710395202566.844  15670796851076.664   9001.609534775647   9696.948683553444   9893.439891233906   4.769827317005319e+38   7.015429142858786e+38  1.2939942375766808e+39 
 61940.622050471546   8602042935953.389  10678115616637.842  15624309800352.527   9001.609534775647   9696.948683553444   9893.439891233906   4.740901137682988e+38   6.973449269414047e+38  1.2863412482718352e+39 
  61942.85078846467   8575941373603.132    10645989164039.5  15578033830406.059   9001.609534775647   9696.948683553444   9893.439891233906   4.712203471660509e+38    6.93179093563799e+38  1.2787454563724905e+39 
  61945.07952645778   8549967089792.609  10614014765313.426   15531967589027.55   9001.609534775647   9696.948683553444   9893.439891233906   4.683731986435689e+38   6.890451042965127e+38  1.2712063357010575e+39 
 61947.308264450905   8524119131099.496  10582191351845.793  15486109735897.848   9001.609534775647   9696.948683553444   9893.439891233906   4.655484379949505e+38   6.849426530130754e+38  1.2637233659325009e+39 
  61949.53700244403   8498396554529.534   10550517865839.11  15440458942571.074   9001.609534775647   9696.948683553444   9893.439891233906   4.627458380097753e+38   6.808714372630617e+38  1.2562960325688885e+39 
  61951.76574043715   8472798427369.036  10518993260150.697   15395013891955.68   9001.609534775647   9696.948683553444   9893.439891233906   4.599651744251615e+38   6.768311582201292e+38  1.2489238268464503e+39 
 61953.994478430264   8447323827041.615  10487616498140.195  15349773278593.904   9001.609534775647   9696.948683553444   9893.439891233906  4.5720622587858795e+38    6.72821520625165e+38  1.2416062456569639e+39 
  61956.22321642339     8421971840963.3  10456386553530.629  15304735808410.848   9001.609534775647   9696.948683553444   9893.439891233906   4.544687738615401e+38    6.68842232724042e+38  1.2343427914719065e+39 
  61958.45195441651   8396741566406.521  10425302410275.695  15259900198501.043   9001.609534775647   9696.948683553444   9893.439891233906   4.517526026741411e+38  6.6489300623153676e+38  1.2271329722687155e+39 
  61960.68069240963   8371632110373.305  10394363062465.104  15215265177069.621   9001.609534775647   9696.948683553444   9893.439891233906  4.4905749938354526e+38   6.609735562751547e+38  1.2199763014568853e+39 
  61962.90943040275   8346642589477.146  10363567514146.785   15170829483299.63   9001.609534775647   9696.948683553444   9893.439891233906   4.463832537773788e+38  6.5708360134567665e+38  1.2128722978061678e+39 
 61965.138168395875   8321772129677.085   10332914779079.23  15126591867221.844   9001.609534775647   9696.948683553444   9893.439891233906   4.437296583210006e+38   6.532228632480116e+38  1.2058204853776241e+39 
  61967.36690638899  8297019866322.7705  10302403880798.006  15082551089585.904   9001.609534775647   9696.948683553444   9893.439891233906   4.410965081054467e+38   6.493910670539674e+38   1.198820393457888e+39 
  61969.59564438211   8272384943978.197  10272033852425.023  15038703614096.787   9001.609534775647   9696.948683553444   9893.439891233906  4.3848360081960824e+38  6.4558794105501865e+38  1.1918709392784153e+39 
 61971.824382375235   8247863753132.552  10241800841059.385  14995055112581.662   9001.609534775647   9696.948683553444   9893.439891233906   4.358904926628331e+38  6.4181299602320485e+38  1.1849735056825582e+39 
  61974.05312036836   8223463691393.771   10211712533029.46  14951597552657.031   9001.609534775647   9696.948683553444   9893.439891233906  4.3331771353188265e+38   6.380666225872379e+38  1.1781258101995908e+39 
  61976.28185836147   8199175801760.276  10181759457875.496  14908331946980.186   9001.609534775647   9696.948683553444   9893.439891233906   4.307643514152252e+38   6.343479143159259e+38   1.171327995161445e+39 
 61978.510596354594   8175001868680.376   10151943428673.19  14865257139688.127   9001.609534775647   9696.948683553444   9893.439891233906  4.2823044334274895e+38  6.3065681498492475e+38  1.1645796228280569e+39 
 61980.739334347716   8150941131489.288  10122263573297.557  14822371953812.771   9001.609534775647   9696.948683553444   9893.439891233906   4.257158040736258e+38  6.2699307385440264e+38  1.1578802524895106e+39 
  61982.96807234084   8126992788234.008   10092718980807.11  14779675221965.375   9001.609534775647   9696.948683553444   9893.439891233906  4.2322024613491076e+38   6.233564377439703e+38  1.1512294480868729e+39 
  61985.19681033396   8103156044301.543    10063308748011.7   14737165786346.64   9001.609534775647   9696.948683553444   9893.439891233906   4.207435842827784e+38   6.197466562367498e+38  1.1446267782635917e+39 
 61987.425548327075   8079430113284.409  10034031980327.195  14694842498922.197   9001.609534775647   9696.948683553444   9893.439891233906  4.1828563556050354e+38   6.161634817888309e+38  1.1380718162998198e+39 
   61989.6542863202   8055814216884.109  10004887791696.137   14652704221262.45   9001.609534775647   9696.948683553444   9893.439891233906  4.1584621926583486e+38   6.126066696757786e+38  1.1315641400531571e+39 
  61991.88302431332   8032307584801.421     9975875304475.3  14610749824418.928   9001.609534775647   9696.948683553444   9893.439891233906   4.134251569159827e+38   6.090759779695633e+38  1.1251033319001215e+39 
  61994.11176230644   8008909454632.233   9946993649340.012  14568978188778.266   9001.609534775647   9696.948683553444   9893.439891233906    4.11022272215026e+38   6.055711674952835e+38  1.1186889786768813e+39 
 61996.340500299564   7985619071810.079   9918241965247.457  14527388204014.566   9001.609534775647   9696.948683553444   9893.439891233906   4.086373910245405e+38   6.020920017915259e+38  1.1123206716229888e+39 
  61998.56923829268   7962435689348.557   9889619399079.646  14485978768975.418   9001.609534775647   9696.948683553444   9893.439891233906  4.0627034131916836e+38  5.9863824707376314e+38  1.1059980063261403e+39 
   62000.7979762858   7939358567876.968   9861125105800.086  14444748791572.303   9001.609534775647   9696.948683553444   9893.439891233906   4.039209531652391e+38   5.952096721958849e+38  1.0997205826714988e+39 
  62003.02671427892   7916386975568.049   9832758248280.871  14403697188685.348   9001.609534775647   9696.948683553444   9893.439891233906   4.015890586787459e+38  5.9180604861527615e+38  1.0934880047688869e+39 
 62005.255452272046   7893520187853.969    9804517997191.16  14362822886063.375   9001.609534775647   9696.948683553444   9893.439891233906   3.992744920074609e+38  5.8842715035563456e+38  1.0872998809142932e+39 
  62007.48419026517   7870757487480.955   9776403530902.049  14322124818236.146   9001.609534775647   9696.948683553444   9893.439891233906   3.969770892946593e+38   5.850727539723813e+38  1.0811558235361232e+39 
  62009.71292825828   7848098164389.711   9748414035394.742  14281601928407.115   9001.609534775647   9696.948683553444   9893.439891233906   3.946966886495189e+38   5.817426385203013e+38  1.0750554491411344e+39 
 62011.941666251405   7825541515602.963   9720548704161.652  14241253168371.818   9001.609534775647   9696.948683553444   9893.439891233906     3.9243313011765e+38   5.784365855217209e+38  1.0689983782632294e+39 
  62014.17040424453   7803086845132.017   9692806738143.146  14201077498419.367   9001.609534775647   9696.948683553444   9893.439891233906    3.90186255652512e+38    5.75154378910889e+38  1.0629842354233776e+39 
  62016.39914223765   7780733463887.341   9665187345553.086  14161073887263.629   9001.609534775647   9696.948683553444   9893.439891233906  3.8795590908723846e+38   5.718958050283004e+38  1.0570126490446666e+39 
  62018.62788023077   7758480689580.179   9637689741860.842  14121241311962.396   9001.609534775647   9696.948683553444   9893.439891233906   3.857419361065762e+38   5.686606525766581e+38   1.051083251440088e+39 
  62020.85661822389    7736327846639.95   9610313149694.428  14081578757664.096   9001.609534775647   9696.948683553444   9893.439891233906   3.835441842198362e+38  5.6544871259226904e+38  1.0451956787509934e+39 
  62023.08535621701    7714274266121.61   9583056798737.348   14042085217738.23   9001.609534775647   9696.948683553444   9893.439891233906   3.813625027342355e+38  5.6225977841302545e+38  1.0393495708999487e+39 
  62025.31409421013   7692319285621.313    9555919925650.91  14002759693619.238   9001.609534775647   9696.948683553444   9893.439891233906   3.791967427281012e+38   5.590936456397117e+38  1.0335445715431054e+39 
  62027.54283220325   7670462249187.612    9528901773985.93  13963601194690.908   9001.609534775647   9696.948683553444   9893.439891233906   3.770467570256407e+38   5.559501121153415e+38  1.0277803280243533e+39 
 62029.771570196375   7648702507253.052    9502001594135.94  13924608738210.207   9001.609534775647   9696.948683553444   9893.439891233906  3.7491240017301944e+38    5.52828977891736e+38  1.0220564913299668e+39 
  62032.00030818949    7627039416545.53   9475218643191.629  13885781349247.576   9001.609534775647   9696.948683553444   9893.439891233906  3.7279352841055095e+38   5.497300452000331e+38  1.0163727160431723e+39 
  62034.22904618261   7605472339941.313   9448552184825.066  13847118060586.072   9001.609534775647   9696.948683553444   9893.439891233906   3.706899996494869e+38   5.466531184213534e+38   1.010728660300106e+39 
 62036.457784175735   7584000646479.057   9422001489319.121  13808617912655.184   9001.609534775647   9696.948683553444   9893.439891233906  3.6860167344419336e+38   5.435980040585769e+38  1.0051239857531193e+39 
  62038.68652216886   7562623711292.598   9395565833439.379  13770279953434.654   9001.609534775647   9696.948683553444   9893.439891233906   3.665284109713899e+38   5.405645107080466e+38   9.995583575055691e+38 
  62040.91526016197  7541340915366.0625   9369244500358.328   13732103238386.77   9001.609534775647   9696.948683553444   9893.439891233906   3.644700750099034e+38   5.375524490317308e+38   9.940314440922658e+38 
 62043.143998155094   7520151645637.209    9343036779576.27  13694086830377.035   9001.609534775647   9696.948683553444   9893.439891233906  3.6242652991504416e+38   5.345616317305147e+38   9.885429174294198e+38 
 62045.372736148216   7499055294858.452   9316941966846.951  13656229799588.637   9001.609534775647   9696.948683553444   9893.439891233906   3.603976415963493e+38    5.31591873521116e+38   9.830924527746085e+38 
  62047.60147414134   7478051261521.855    9290959364102.32   13618531223465.04   9001.609534775647   9696.948683553444   9893.439891233906  3.5838327749527074e+38   5.286429911022573e+38   9.776797286857343e+38 
  62049.83021213446   7457138949786.913   9265088279405.682   13580990186618.08   9001.609534775647   9696.948683553444   9893.439891233906   3.563833065633672e+38  5.2571480312664024e+38   9.723044269890254e+38 
 62052.058950127575   7436317769407.597   9239328026805.697  13543605780780.219   9001.609534775647   9696.948683553444   9893.439891233906  3.5439759924128276e+38   5.228071301849428e+38   9.669662327133196e+38 
   62054.2876881207   7415587135659.265   9213677926332.578   13506377104735.87   9001.609534775647   9696.948683553444   9893.439891233906    3.52426027437231e+38   5.199197947766515e+38   9.616648340784993e+38 
  62056.51642611382    7394946469272.92   9188137303910.389   13469303264116.17   9001.609534775647   9696.948683553444   9893.439891233906    3.50468464506704e+38   5.170526212864019e+38   9.563999224481424e+38 
  62058.74516410694   7374395196363.648   9162705491287.812  13432383371506.568   9001.609534775647   9696.948683553444   9893.439891233906   3.485247852319735e+38  5.1420543595990275e+38    9.51171192291777e+38 
 62060.973902100064   7353932748362.541   9137381825966.297  13395616546316.479   9001.609534775647   9696.948683553444   9893.439891233906   3.465948658021733e+38   5.113780668730631e+38   9.459783411466898e+38 
  62063.20264009318   7333558561949.645   9112165651136.309  13359001914701.613   9001.609534775647   9696.948683553444   9893.439891233906   3.446785837938254e+38    5.08570343916488e+38   9.408210695824657e+38 
   62065.4313780863   7313272079001.869   9087056315640.492  13322538609471.244   9001.609534775647   9696.948683553444   9893.439891233906   3.427758181527645e+38  5.0578209876974086e+38   9.356990811637669e+38 
  62067.66011607942   7293072746519.089   9062053173851.617  13286225770065.424   9001.609534775647   9696.948683553444   9893.439891233906    3.40886449172782e+38   5.030131648779991e+38   9.306120824157077e+38 
 62069.888854072546   7272960016511.234    9037155585589.03    13250062542466.2   9001.609534775647   9696.948683553444   9893.439891233906  3.3901035847802878e+38   5.002633774294352e+38   9.255597827877737e+38 
  62072.11759206567   7252933346007.517   9012362916138.781  13214048079138.006   9001.609534775647   9696.948683553444   9893.439891233906  3.3714742900299455e+38   4.975325733333198e+38   9.205418946248297e+38 
  62074.34633005878   7232992197016.758    8987674536154.71  13178181538957.256   9001.609534775647   9696.948683553444   9893.439891233906  3.3529754497460022e+38   4.948205911978219e+38    9.15558133117265e+38 
 62076.575068051905   7213136036318.715   8963089821592.281  13142462087155.314   9001.609534775647   9696.948683553444   9893.439891233906  3.3346059189805224e+38   4.921272713086715e+38    9.10608216281041e+38 
  62078.80380604503   7193364335549.371   8938608153650.885  13106888895246.867   9001.609534775647   9696.948683553444   9893.439891233906   3.316364565372315e+38  4.8945245560763616e+38   9.056918649227062e+38 
  62081.03254403815   7173676571095.671   8914228918717.043  13071461140975.596   9001.609534775647   9696.948683553444   9893.439891233906  3.2982502689747737e+38   4.867959876746804e+38   9.008088026036422e+38 
  62083.26128203127   7154072224035.708   8889951508297.996  13036178008247.404   9001.609534775647   9696.948683553444   9893.439891233906   3.280261922085617e+38  4.8415771270434325e+38   8.959587556094769e+38 
  62085.49002002439   7134550780084.182   8865775318980.285   13001038687074.13   9001.609534775647   9696.948683553444   9893.439891233906   3.262398429082696e+38   4.815374774781749e+38   8.911414529234068e+38 
  62087.71875801751   7115111729528.986   8841699752350.406  12966042373504.947   9001.609534775647   9696.948683553444   9893.439891233906  3.2446587062589382e+38  4.7893513035709205e+38   8.863566261792873e+38 
  62089.94749601063   7095754567182.856   8817724214931.719  12931188269640.422   9001.609534775647   9696.948683553444   9893.439891233906  3.2270416816617022e+38    4.76351783199394e+38   8.816040096417543e+38 
  62092.17623400375    7076478792322.64   8793848118160.916   12896475583381.03   9001.609534775647   9696.948683553444   9893.439891233906  3.2095462949346487e+38   4.737873440742782e+38   8.768833401766292e+38 
 62094.404971996875   7057283908639.281   8770070878312.306  12861903528550.469   9001.609534775647   9696.948683553444   9893.439891233906  3.1921714971633376e+38   4.712402885623724e+38   8.721943572177696e+38 
  62096.63370998999   7038169424182.829   8746391916453.008  12827471324786.207   9001.609534775647   9696.948683553444   9893.439891233906   3.174916250720557e+38   4.687104723898632e+38    8.67536802738513e+38 
  62098.86244798311   7019134851308.511   8722810658379.168   12793178197498.54   9001.609534775647   9696.948683553444   9893.439891233906   3.157779529114827e+38   4.661977527258454e+38   8.629104212209581e+38 
 62101.091185976235   7000179706628.225   8699326534582.303  12759023377764.322   9001.609534775647   9696.948683553444   9893.439891233906   3.140760316848888e+38   4.637019881793259e+38   8.583149596276627e+38 
  62103.31992396936   6981303510987.916    8675938980211.98  12725006102317.432   9001.609534775647   9696.948683553444   9893.439891233906   3.123857609285091e+38  4.6122303877570024e+38   8.537501673733008e+38 
  62105.54866196247   6962505789327.469   8652647434910.854  12691125613479.795   9001.609534775647   9696.948683553444   9893.439891233906  3.1070704124436335e+38  4.5876076594026236e+38   8.492157962964533e+38 
 62107.777399955594   6943786070718.895   8629451342895.108  12657381159109.277   9001.609534775647   9696.948683553444   9893.439891233906   3.090397742952753e+38   4.563150324806852e+38   8.447116006327686e+38 
 62110.006137948716   6925143888308.219   8606350152860.127   12623771992547.53   9001.609534775647   9696.948683553444   9893.439891233906  3.0738386277927247e+38    4.53885702570916e+38    8.40237336986785e+38 
  62112.23487594184   6906578779235.208   8583343317931.574  12590297372565.387   9001.609534775647   9696.948683553444   9893.439891233906  3.0573921042635612e+38   4.514726417341561e+38   8.357927642989245e+38 
  62114.46361393496   6888090284571.817   8560430295616.635  12556956563311.389   9001.609534775647   9696.948683553444   9893.439891233906   3.041057219812278e+38   4.490757168274393e+38   8.313776438281688e+38 
  62116.69235192808   6869677949329.136   8537610547755.152  12523748834260.084   9001.609534775647   9696.948683553444   9893.439891233906  3.0248330319022095e+38   4.466947960249506e+38   8.269917391220397e+38 
   62118.9210899212   6851341322384.014   8514883540471.954  12490673460162.537   9001.609534775647   9696.948683553444   9893.439891233906  3.0087186078805752e+38   4.443297488027079e+38   8.226348159900571e+38 
  62121.14982791432   6833079956437.058   8492248744134.685  12457729720999.115   9001.609534775647   9696.948683553444   9893.439891233906  2.9927130248510025e+38   4.419804459233694e+38     8.1830664247918e+38 
  62123.37856590744   6814893407965.547    8469705633315.01  12424916901926.076   9001.609534775647   9696.948683553444   9893.439891233906  2.9768153695487202e+38   4.396467594201294e+38   8.140069888532191e+38 
 62125.607303900564   6796781237182.531   8447253686712.148  12392234293238.258   9001.609534775647   9696.948683553444   9893.439891233906  2.9610247382123423e+38   4.373285625824836e+38   8.097356275511601e+38 
  62127.83604189368   6778743007988.608   8424892387134.863  12359681190328.896   9001.609534775647   9696.948683553444   9893.439891233906   2.945340236465408e+38   4.350257299407019e+38   8.054923331795154e+38 
   62130.0647798868   6760778287934.175   8402621221455.013  12327256893551.768   9001.609534775647   9696.948683553444   9893.439891233906  2.9297609791935816e+38    4.32738137252063e+38   8.012768824830744e+38 
  62132.29351787992   6742886648175.135   8380439680561.707  12294960708286.756   9001.609534775647   9696.948683553444   9893.439891233906   2.914286090426733e+38   4.304656614889141e+38    7.97089054319974e+38 
 62134.522255873046   6725067663430.968    8358347259319.18  12262791944857.482   9001.609534775647   9696.948683553444   9893.439891233906   2.898914703222648e+38   4.282081808174534e+38   7.929286296385076e+38 
  62136.75099386617    6707320911944.66   8336343456522.895  12230749918493.605   9001.609534775647   9696.948683553444   9893.439891233906  2.8836459595516882e+38   4.259655745854963e+38   7.887953914536591e+38 
  62138.97973185928   6689645975448.652   8314427774877.775   12198833949245.16   9001.609534775647   9696.948683553444   9893.439891233906   2.868479010191256e+38   4.237377233138291e+38   7.846891248245189e+38 
 62141.208469852405   6672042439127.496   8292599720925.406  12167043361978.094   9001.609534775647   9696.948683553444   9893.439891233906  2.8534130146014935e+38   4.215245086795703e+38   7.806096168302463e+38 
  62143.43720784553   6654509891533.033   8270858804983.066  12135377486318.346   9001.609534775647   9696.948683553444   9893.439891233906   2.838447140812936e+38   4.193258135027414e+38   7.765566565496163e+38 
  62145.66594583865   6637047924606.127   8249204541161.701  12103835656606.752   9001.609534775647   9696.948683553444   9893.439891233906   2.823580565341935e+38  4.1714152173312854e+38   7.725300350388786e+38 
  62147.89468383177   6619656133632.179   8227636447302.896  12072417211856.238   9001.609534775647   9696.948683553444   9893.439891233906  2.8088124730331486e+38   4.149715184369761e+38   7.685295453071094e+38 
  62150.12342182489   6602334117161.323   8206154044937.628  12041121495710.867   9001.609534775647   9696.948683553444   9893.439891233906  2.7941420570125042e+38   4.128156897844467e+38   7.645549822944934e+38 
  62152.35215981801   6585081476989.136   8184756859250.303  12009947856399.855   9001.609534775647   9696.948683553444   9893.439891233906    2.77956851856087e+38  4.1067392303635174e+38   7.606061428544263e+38 
  62154.58089781113   6567897818141.901   8163444419039.186  11978895646698.627   9001.609534775647   9696.948683553444   9893.439891233906  2.7650910670145968e+38   4.085461065321369e+38   7.566828257312894e+38 
  62156.80963580425   6550782748829.109   8142216256679.073  11947964223885.432   9001.609534775647   9696.948683553444   9893.439891233906  2.7507089196611532e+38   4.064321296773643e+38   7.527848315392498e+38 
 62159.038373797375   6533735880401.988   8121071908083.236  11917152949702.955   9001.609534775647   9696.948683553444   9893.439891233906  2.7364213016438186e+38   4.043318829313166e+38   7.489119627419108e+38 
  62161.26711179049   6516756827325.224    8100010912680.98  11886461190317.697   9001.609534775647   9696.948683553444   9893.439891233906   2.722227445865156e+38   4.022452577953324e+38   7.450640236365013e+38 
  62163.49584978361   6499845207137.701   8079032813352.297   11855888316285.32   9001.609534775647   9696.948683553444   9893.439891233906  2.7081265928876366e+38  4.0017214680037206e+38   7.412408203206724e+38 
 62165.724587776735   6483000640421.433   8058137156410.291   11825433702528.21   9001.609534775647   9696.948683553444   9893.439891233906   2.694117990842015e+38   3.981124434959466e+38   7.374421606858956e+38 
  62167.95332576986   6466222750767.789   8037323491569.426  11795096728204.059   9001.609534775647   9696.948683553444   9893.439891233906  2.6802008953346327e+38   3.960660424381586e+38   7.336678543935369e+38 
  62170.18206376298   6449511164741.409   8016591371907.635   11764876776773.47   9001.609534775647   9696.948683553444   9893.439891233906  2.6663745693554096e+38    3.94032839180495e+38    7.29917712856339e+38 
 62172.410801756094   6432865511852.059    7995940353831.51  11734773235928.549   9001.609534775647   9696.948683553444   9893.439891233906  2.6526382831867575e+38   3.920127302589819e+38   7.261915492187367e+38 
 62174.639539749216   6416285424520.904   7975369997041.352  11704785497560.285   9001.609534775647   9696.948683553444   9893.439891233906   2.638991314316187e+38   3.900056131792503e+38   7.224891783383065e+38 
  62176.86827774234   6399770538050.091   7954879864513.816   11674912957699.48   9001.609534775647   9696.948683553444   9893.439891233906   2.625432947354803e+38   3.880113864117361e+38   7.188104167672126e+38 
  62179.09701573546   6383320490603.409   7934469522452.316  11645155016492.594   9001.609534775647   9696.948683553444   9893.439891233906     2.6119624739441e+38   3.860299493782159e+38    7.15155082734659e+38 
  62181.32575372858   6366934923128.459  7914138540221.5205    11615511078172.7   9001.609534775647   9696.948683553444   9893.439891233906   2.598579192656062e+38    3.84061202440875e+38   7.115229961277046e+38 
   62183.5544917217   6350613479378.053   7893886490372.256  11585980551016.268   9001.609534775647   9696.948683553444   9893.439891233906  2.5852824089539065e+38  3.8210504689230595e+38   7.079139784750919e+38 
  62185.78322971482   6334355805870.315   7873712948592.873  11556562847306.852   9001.609534775647   9696.948683553444   9893.439891233906  2.5720714350389865e+38   3.801613849444432e+38   7.043278529294941e+38 
  62188.01196770794   6318161551852.133   7853617493671.513  11527257383302.645   9001.609534775647   9696.948683553444   9893.439891233906  2.5589455898341935e+38    3.78230119718943e+38   7.007644442453065e+38 
 62190.240705701064   6302030369241.435   7833599707469.674  11498063579203.389   9001.609534775647   9696.948683553444   9893.439891233906   2.545904198881454e+38   3.763111552367024e+38    6.97223578767781e+38 
  62192.46944369418   6285961912643.575   7813659174887.504  11468980859107.326   9001.609534775647   9696.948683553444   9893.439891233906   2.532946594261459e+38   3.744043964081436e+38   6.937050844142532e+38 
   62194.6981816873  6269955839307.4795   7793795483837.896  11440008650989.496   9001.609534775647   9696.948683553444   9893.439891233906   2.520072114517859e+38   3.725097490232815e+38    6.90208790656537e+38 
  62196.92691968042    6254011809095.45   7774008225216.852  11411146386655.148   9001.609534775647   9696.948683553444   9893.439891233906   2.507280104579307e+38   3.706271197418686e+38   6.867345285056358e+38 
 62199.155657673546   6238129484454.397   7754296992870.782  11382393501722.033   9001.609534775647   9696.948683553444   9893.439891233906   2.494569915684243e+38   3.687564160840793e+38   6.832821304956628e+38 
  62201.38439566667     6222308530392.2   7734661383582.917  11353749435567.463   9001.609534775647   9696.948683553444   9893.439891233906  2.4819409053070616e+38  3.6689754642100884e+38   6.798514306660433e+38 
  62203.61313365978    6206548614447.66    7715100997005.91    11325213631342.4   9001.609534775647   9696.948683553444   9893.439891233906  2.4693924370827407e+38   3.650504199651793e+38   6.764422645439902e+38 
 62205.841871652905   6190849406666.689   7695615435674.252   11296785535856.51   9001.609534775647   9696.948683553444   9893.439891233906  2.4569238807377856e+38   3.632149467614413e+38   6.730544691332511e+38 
  62208.07060964603   6175210579574.123   7676204304961.886  11268464599599.877   9001.609534775647   9696.948683553444   9893.439891233906   2.444534612015776e+38   3.613910376782134e+38   6.696878828964726e+38 
  62210.29934763915    6159631808147.55   7656867213052.581  11240250276715.955   9001.609534775647   9696.948683553444   9893.439891233906  2.4322240126087115e+38   3.595786044006506e+38    6.66342345740224e+38 
  62212.52808563227   6144112769795.152   7637603770918.553  11212142024959.543   9001.609534775647   9696.948683553444   9893.439891233906  2.4199914700871673e+38   3.577775594138695e+38   6.630176989995739e+38 
  62214.75682362539   6128653144327.591   7618413592287.504   11184139305676.88   9001.609534775647   9696.948683553444   9893.439891233906   2.407836377833356e+38   3.559878160020201e+38    6.59713785423478e+38 
  62216.98556161851   6113252613946.096   7599296293647.965  11156241583747.033   9001.609534775647   9696.948683553444   9893.439891233906  2.3957581349827126e+38   3.542092882375123e+38   6.564304491593164e+38 
  62219.21429961163   6097910863190.222    7580251494144.43   11128448327576.02   9001.609534775647   9696.948683553444   9893.439891233906  2.3837561463272293e+38   3.524418909725608e+38  6.5316753573904474e+38 
  62221.44303760475   6082627578926.959   7561278815617.836  11100759009060.434   9001.609534775647   9696.948683553444   9893.439891233906  2.3718298222850116e+38  3.5068553983050825e+38   6.499248920647825e+38 
 62223.671775597875   6067402450337.967   7542377882571.473   11073173103560.11   9001.609534775647   9696.948683553444   9893.439891233906  2.3599785788152723e+38   3.489401511973454e+38  6.4670236639550645e+38 
  62225.90051359099   6052235168904.285   7523548322137.663  11045690089865.455   9001.609534775647   9696.948683553444   9893.439891233906   2.348201837350846e+38   3.472056422138436e+38  6.4349980832986575e+38 
  62228.12925158411   6037125428338.751   7504789764053.662  11018309450168.201   9001.609534775647   9696.948683553444   9893.439891233906   2.336499024753023e+38   3.454819307673796e+38   6.403170687939171e+38 
 62230.357989577235   6022072924597.023   7486101840636.762   10991030670038.47   9001.609534775647   9696.948683553444   9893.439891233906  2.3248695732426632e+38    3.43768935483866e+38    6.37154000028433e+38 
  62232.58672757036   6007077355856.004   7467484186761.215  10963853238391.586   9001.609534775647   9696.948683553444   9893.439891233906  2.3133129203373553e+38    3.42066575719798e+38  6.3401045557507735e+38 
  62234.81546556348   5992138422484.812   7448936439834.588  10936776647456.936   9001.609534775647   9696.948683553444   9893.439891233906   2.301828508793011e+38   3.403747715548496e+38     6.3088629026259e+38 
 62237.044203556594   5977255827023.009   7430458239772.473   10909800392760.25   9001.609534775647   9696.948683553444   9893.439891233906  2.2904157865411874e+38  3.3869344378363045e+38   6.277813601933242e+38 
 62239.272941549716    5962429274159.02   7412049228978.422  10882923973090.498   9001.609534775647   9696.948683553444   9893.439891233906  2.2790742066345083e+38  3.3702251390865035e+38   6.246955227322561e+38 
  62241.50167954284   5947658470709.848  7393709052321.7295  10856146890467.107   9001.609534775647   9696.948683553444   9893.439891233906  2.2678032271858636e+38   3.353619041323412e+38  6.2162863648999364e+38 
  62243.73041753596   5932943125598.532   7375437357099.634  10829468650150.049   9001.609534775647   9696.948683553444   9893.439891233906  2.2566023113127445e+38   3.337115373500801e+38   6.185805613117585e+38 
  62245.95915552908   5918282949833.192   7357233793033.766  10802888760534.979   9001.609534775647   9696.948683553444   9893.439891233906  2.2454709270814965e+38  3.3207133714242668e+38   6.155511582664451e+38 
   62248.1878935222   5903677656488.421   7339098012241.517  10776406733187.373   9001.609534775647   9696.948683553444   9893.439891233906  2.2344085474511327e+38  3.3044122776861448e+38    6.12540289633214e+38 
  62250.41663151532   5889126960683.281   7321029669211.068  10750022082811.883   9001.609534775647   9696.948683553444   9893.439891233906  2.2234146502178896e+38  3.2882113416098297e+38   6.095478188884752e+38 
  62252.64536950844   5874630579560.102     7303028420786.1   10723734327219.37   9001.609534775647   9696.948683553444   9893.439891233906   2.212488717963469e+38   3.272109819111505e+38   6.065736106947871e+38 
 62254.874107501564    5860188232269.65   7285093926140.629  10697542987301.717   9001.609534775647   9696.948683553444   9893.439891233906   2.201630238000185e+38  3.2561069727011637e+38   6.036175308879761e+38 
  62257.10284549468   5845799639957.087   7267225846777.018  10671447587001.434   9001.609534775647   9696.948683553444   9893.439891233906  2.1908387023290234e+38  3.2402020713940692e+38   6.006794464657192e+38 
   62259.3315834878   5831464525715.495   7249423846442.564  10645447653288.424   9001.609534775647   9696.948683553444   9893.439891233906    2.18011360755736e+38  3.2243943906386418e+38  5.9775922557571016e+38 
  62261.56032148092   5817182614589.102   7231687591172.133  10619542716142.793   9001.609534775647   9696.948683553444   9893.439891233906  2.1694544548848278e+38  3.2086832122507024e+38   5.948567375038132e+38 
 62263.789059474046   5802953633555.977   7214016749251.142   10593732308525.18   9001.609534775647   9696.948683553444   9893.439891233906  2.1588607500297143e+38  3.1930678243501517e+38   5.919718526641036e+38 
  62266.01779746717   5788777311514.569   7196410991189.686   10568015966352.71   9001.609534775647   9696.948683553444   9893.439891233906   2.148332003179148e+38  3.1775475212906085e+38   5.891044425845821e+38 
  62268.24653546029   5774653379237.631   7178869989705.785  10542393228473.793   9001.609534775647   9696.948683553444   9893.439891233906   2.137867728952824e+38    3.16212160359871e+38   5.862543798973861e+38 
 62270.475273453405    5760581569370.27   7161393419705.916  10516863636650.176   9001.609534775647   9696.948683553444   9893.439891233906  2.1274674463495526e+38   3.146789377908324e+38   5.834215383286113e+38 
  62272.70401144653   5746561616422.111   7143980958262.061  10491426735526.166   9001.609534775647   9696.948683553444   9893.439891233906  2.1171306786977834e+38  3.1315501568991106e+38   5.806057926865747e+38 
  62274.93274943965   5732593256739.715   7126632284597.547   10466082072610.95   9001.609534775647   9696.948683553444   9893.439891233906  2.1068569536103434e+38  3.1164032592321963e+38    5.77807018851588e+38 
  62277.16148743277    5718676228490.06    7109347080061.99  10440829198252.195   9001.609534775647   9696.948683553444   9893.439891233906  2.0966458029349346e+38  3.1013480094910064e+38   5.750250937643583e+38 
  62279.39022542589   5704810271645.007    7092125028119.18  10415667665616.234   9001.609534775647   9696.948683553444   9893.439891233906  2.0864967627110263e+38  3.0863837381196956e+38   5.722598954170613e+38 
  62281.61896341901   5690995127962.073    7074965814328.93  10390597030664.088   9001.609534775647   9696.948683553444   9893.439891233906  2.0764093731231586e+38  3.0715097813626733e+38  5.6951130284149055e+38 
  62283.84770141213   5677230540969.392   7057869126313.796   10365616852142.99   9001.609534775647   9696.948683553444   9893.439891233906   2.066383178456552e+38   3.056725481207184e+38   5.667791960967788e+38 
  62286.07643940525   5663516255947.722   7040834653756.951  10340726691533.102   9001.609534775647   9696.948683553444   9893.439891233906  2.0564177270524423e+38  3.0420301853205443e+38   5.640634562628529e+38 
 62288.305177398375   5649852019916.262   7023862088379.404    10315926113034.8   9001.609534775647   9696.948683553444   9893.439891233906  2.0465125712656075e+38  3.0274232469979406e+38   5.613639654293677e+38 
  62290.53391539149   5636237581613.681   7006951123922.738  10291214683570.531   9001.609534775647   9696.948683553444   9893.439891233906   2.036667267420867e+38  3.0129040251171304e+38  5.5868060668459525e+38 
  62292.76265338461   5622672691484.026   6990101456131.112  10266591972746.004   9001.609534775647   9696.948683553444   9893.439891233906  2.0268813757696768e+38   2.998471884041203e+38   5.560132641068435e+38 
 62294.991391377735   5609157101660.646    6973312782732.27  10242057552833.695   9001.609534775647   9696.948683553444   9893.439891233906   2.017154460449319e+38  2.9841261935936807e+38  5.5336182275346306e+38 
  62297.22012937086   5595690565956.928   6956584803439.697  10217610998750.545   9001.609534775647   9696.948683553444   9893.439891233906   2.007486089448422e+38  2.9698663290035523e+38   5.507261686527441e+38 
  62299.44886736398   5582272839837.828   6939917219889.857  10193251888033.908   9001.609534775647   9696.948683553444   9893.439891233906   1.997875834547617e+38  2.9556916708469643e+38   5.481061887928493e+38 
 62301.677605357094   5568903680405.725   6923309735658.186  10168979800822.027   9001.609534775647   9696.948683553444   9893.439891233906  1.9883232712936243e+38   2.941601604993442e+38   5.455017711132472e+38 
 62303.906343350216   5555582846396.896   6906762056244.049  10144794319840.805   9001.609534775647   9696.948683553444   9893.439891233906  1.9788279789667714e+38  2.9275955225491808e+38   5.429128044954744e+38 
  62306.13508134334   5542310098165.211   6890273889048.713  10120695030373.963   9001.609534775647   9696.948683553444   9893.439891233906  1.9693895405117877e+38  2.9136728198090267e+38   5.403391787548268e+38 
  62308.36381933646   5529085197665.219    6873844943357.35  10096681520254.213   9001.609534775647   9696.948683553444   9893.439891233906   1.960007542529585e+38   2.899832898202229e+38   5.377807846274292e+38 
  62310.59255732958   5515907908419.518   6857474930324.281  10072753379830.012   9001.609534775647   9696.948683553444   9893.439891233906  1.9506815752275412e+38   2.886075164241038e+38   5.352375137651041e+38 
   62312.8212953227   5502777995528.527   6841163562955.998  10048910201958.152   9001.609534775647   9696.948683553444   9893.439891233906  1.9414112323818815e+38  2.8723990294700428e+38  5.3270925872581566e+38 
  62315.05003331582   5489695225651.844   6824910556098.597  10025151581977.018   9001.609534775647   9696.948683553444   9893.439891233906  1.9321961113017898e+38   2.858803910417124e+38   5.301959129640515e+38 
  62317.27877130894   5476659366988.564   6808715626417.571  10001477117690.168   9001.609534775647   9696.948683553444   9893.439891233906   1.923035812789443e+38  2.8452892285425017e+38   5.276973708224146e+38 
 62319.507509302064   5463670189267.417   6792578492387.135   9977886409347.658   9001.609534775647   9696.948683553444   9893.439891233906  1.9139299411075025e+38   2.831854410191202e+38   5.252135275234961e+38 
 62321.736247295186   5450727463729.847   6776498874272.744   9954379059627.217   9001.609534775647   9696.948683553444   9893.439891233906  1.9048781039399818e+38   2.818498886543121e+38  5.2274427916142644e+38 
   62323.9649852883   5437830963119.351   6760476494120.088   9930954673611.305   9001.609534775647   9696.948683553444   9893.439891233906  1.8958799123582917e+38  2.8052220935666117e+38   5.202895226920511e+38 
  62326.19372328142   5424980461667.374   6744511075726.424   9907612858797.295   9001.609534775647   9696.948683553444   9893.439891233906  1.8869349807859238e+38  2.7920234719706263e+38   5.178491559250167e+38 
 62328.422461274546   5412175735078.369   6728602344641.717    9884353225014.71   9001.609534775647   9696.948683553444   9893.439891233906   1.878042926964275e+38  2.7789024671572936e+38    5.15423077516835e+38 
  62330.65119926767   5399416560519.921   6712750028147.566   9861175384460.955   9001.609534775647   9696.948683553444   9893.439891233906    1.86920337191638e+38  2.7658585291772726e+38   5.130111869620115e+38 
  62332.87993726079   5386702716606.648   6696953855244.861   9838078951675.117   9001.609534775647   9696.948683553444   9893.439891233906  1.8604159399166813e+38   2.752891112699146e+38   5.106133845851494e+38 
 62335.108675253905   5374033983389.845   6681213556636.883    9815063543513.35   9001.609534775647   9696.948683553444   9893.439891233906   1.851680258454688e+38  2.7399996769154275e+38   5.082295715327616e+38 
  62337.33741324703   5361410142345.259   6665528864719.684   9792128779130.559   9001.609534775647   9696.948683553444   9893.439891233906  1.8429959582035083e+38   2.727183685546559e+38   5.058596497655156e+38 
  62339.56615124015   5348830976365.614   6649899513577.279   9769274279971.342   9001.609534775647   9696.948683553444   9893.439891233906  1.8343626729925415e+38  2.7144426067825983e+38  5.0350352205053835e+38 
  62341.79488923327   5336296269729.742   6634325238925.037    9746499669736.47   9001.609534775647   9696.948683553444   9893.439891233906  1.8257800397576998e+38    2.70177591323721e+38  5.0116109195348415e+38 
  62344.02362722639   5323805805399.378   6618805558892.446    9723802728301.75   9001.609534775647   9696.948683553444   9893.439891233906  1.8172474711278378e+38   2.689182092920136e+38  4.9883207728467014e+38 
  62346.25236521951    5311359307222.21   6603340789221.143   9701188614529.941   9001.609534775647   9696.948683553444   9893.439891233906  1.8087652598322402e+38   2.676663588991197e+38  4.9651694197662226e+38 
  62348.48110321263   5298956769000.682    6587930255088.91    9678651443242.47   9001.609534775647   9696.948683553444   9893.439891233906    1.80033246714815e+38  2.6642169354937798e+38   4.942150348470016e+38 
  62350.70984120575   5286597770585.036   6572573677272.691   9656192670532.508   9001.609534775647   9696.948683553444   9893.439891233906  1.7919488728239448e+38   2.651842595989449e+38   4.919264465945419e+38 
 62352.938579198875   5274282173052.745    6557270878293.67   9633811938643.266   9001.609534775647   9696.948683553444   9893.439891233906    1.78361416055846e+38  2.6395400696230936e+38    4.89651085502193e+38 
    62355.167317192  5262009769270.1045   6542021604343.169   9611508884560.873   9001.609534775647   9696.948683553444   9893.439891233906  1.7753279856560824e+38  2.6273088546969597e+38   4.873888597749495e+38 
  62357.39605518511   5249780352983.386   6526825602424.051    9589283147385.29   9001.609534775647   9696.948683553444   9893.439891233906   1.767090006024664e+38  2.6151484536188867e+38   4.851396783613325e+38 
 62359.624793178235   5237593719242.592   6511682621088.047   9567134368353.023   9001.609534775647   9696.948683553444   9893.439891233906  1.7588998824438265e+38  2.6030583728884145e+38   4.829034509498416e+38 
  62361.85353117136    5225449664392.19   6496592410433.064   9545062190816.223   9001.609534775647   9696.948683553444   9893.439891233906  1.7507572785395782e+38  2.5910381230590936e+38   4.806800879620762e+38 
  62364.08226916448   5213347986058.587   6481554722086.758   9523066260232.172   9001.609534775647   9696.948683553444   9893.439891233906   1.742661860755549e+38  2.5790872187005967e+38    4.78469500546692e+38 
 62366.311007157594   5201288483144.072   6466569309204.372    9501146224144.31   9001.609534775647   9696.948683553444   9893.439891233906  1.7346132983255108e+38  2.5672051783571514e+38   4.762716005712016e+38 
 62368.539745150716   5189270955810.123   6451635926439.079   9479301732179.453   9001.609534775647   9696.948683553444   9893.439891233906  1.7266112632451465e+38   2.555391524512671e+38   4.740863006151065e+38 
  62370.76848314384   5177295205470.727   6436754329944.771   9457532436000.943   9001.609534775647   9696.948683553444   9893.439891233906  1.7186554302450164e+38  2.5436457835518666e+38  4.7191351396459005e+38 
  62372.99722113696    5165361034781.74   6421924277359.923    9435837989318.89   9001.609534775647   9696.948683553444   9893.439891233906  1.7107454767632278e+38   2.531967485723842e+38   4.697531546055024e+38 
  62375.22595913008   5153468247629.114   6407145527795.361   9414218047871.402   9001.609534775647   9696.948683553444   9893.439891233906  1.7028810829180488e+38   2.520356165113462e+38  4.6760513721650216e+38 
   62377.4546971232   5141616649118.883   6392417841823.556   9392672269412.299   9001.609534775647   9696.948683553444   9893.439891233906  1.6950619314820868e+38  2.5088113595783126e+38   4.654693771628518e+38 
  62379.68343511632   5129806045568.893   6377740981466.012   9371200313689.086   9001.609534775647   9696.948683553444   9893.439891233906  1.6872877078565112e+38  2.4973326107353082e+38  4.6334579048979015e+38 
  62381.91217310944    5118036244501.43   6363114710196.543   9349801842438.582   9001.609534775647   9696.948683553444   9893.439891233906  1.6795581000495959e+38  2.4859194639242425e+38  4.6123429391639355e+38 
 62384.140911102564   5106307054621.267   6348538792887.645   9328476519355.273   9001.609534775647   9696.948683553444   9893.439891233906  1.6718727986360505e+38  2.4745714681674348e+38  4.5913480482916136e+38 
 62386.369649095686   5094618285814.741   6334012995841.915   9307224010092.906   9001.609534775647   9696.948683553444   9893.439891233906  1.6642314967466151e+38  2.4632881761368713e+38  4.5704724127626545e+38 
   62388.5983870888   5082969749141.209   6319537086766.938    9286043982245.48   9001.609534775647   9696.948683553444   9893.439891233906   1.656633890045783e+38   2.452069144119633e+38  4.5497152196077165e+38 
  62390.82712508192     5071361256823.2   6305110834761.817   9264936105331.266   9001.609534775647   9696.948683553444   9893.439891233906  1.6490796766854778e+38  2.4409139319822065e+38   4.529075662359543e+38 
 62393.055863075046   5059792622241.504  6290734010313.0625     9243900050780.4   9001.609534775647   9696.948683553444   9893.439891233906  1.6415685573029347e+38   2.429822103138331e+38   4.508552940967283e+38 
  62395.28460106817    5048263659903.25   6276406385275.225   9222935491922.404   9001.609534775647   9696.948683553444   9893.439891233906  1.6341002349875996e+38  2.4187932245156626e+38  4.4881462617567526e+38 
  62397.51333906129   5036774185457.368   6262127732867.272   9202042103969.719   9001.609534775647   9696.948683553444   9893.439891233906   1.626674415259427e+38  2.4078268665229828e+38  4.4678548373699485e+38 
 62399.742077054405   5025324015678.272   6247897827658.623   9181219564005.924   9001.609534775647   9696.948683553444   9893.439891233906  1.6192908060438491e+38  2.3969226030159513e+38     4.4476778867085e+38 
  62401.97081504753    5013912968453.78   6233716445558.292    9160467550974.34   9001.609534775647   9696.948683553444   9893.439891233906  1.6119491176486648e+38  2.3860800112668968e+38  4.4276146348663184e+38 
  62404.19955304065   5002540862779.657   6219583363808.754   9139785745657.564   9001.609534775647   9696.948683553444   9893.439891233906  1.6046490627418505e+38   2.375298671931345e+38    4.40766431308498e+38 
  62406.42829103377   4991207518748.166   6205498360970.451   9119173830672.969   9001.609534775647   9696.948683553444   9893.439891233906  1.5973903563278119e+38  2.3645781690189623e+38   4.387826158686875e+38 
 62408.657029026894   4979912757539.848   6191461216915.254   9098631490454.953   9001.609534775647   9696.948683553444   9893.439891233906  1.5901727157257882e+38    2.35391808985913e+38   4.368099415036343e+38 
  62410.88576702001   4968656401416.268   6177471712817.129   9078158411246.121   9001.609534775647   9696.948683553444   9893.439891233906  1.5829958605467598e+38   2.343318025072328e+38   4.348483331455526e+38 
  62413.11450501313   4957438273708.617   6163529631136.719    9057754281084.14   9001.609534775647   9696.948683553444   9893.439891233906   1.575859512672504e+38   2.332777568539295e+38   4.328977163193151e+38 
  62415.34324300625   4946258198812.392  6149634755615.4795   9037418789769.723   9001.609534775647   9696.948683553444   9893.439891233906  1.5687633962325063e+38   2.322296317369659e+38   4.309580171366703e+38 
 62417.571980999375   4935116002176.394   6135786871268.331   9017151628880.498   9001.609534775647   9696.948683553444   9893.439891233906  1.5617072375842078e+38   2.311873871876099e+38   4.290291622906217e+38 
   62419.8007189925   4924011510296.638   6121985764370.492   8996952491747.752   9001.609534775647   9696.948683553444   9893.439891233906  1.5546907652903054e+38  2.3015098355446655e+38   4.271110790503449e+38 
  62422.02945698561   4912944550705.373   6108231222450.038   8976821073445.686   9001.609534775647   9696.948683553444   9893.439891233906   1.547713710098899e+38  2.2912038149882963e+38   4.252036952556147e+38 
 62424.258194978735    4901914951967.31   6094523034281.142   8956757070777.783   9001.609534775647   9696.948683553444   9893.439891233906  1.5407758049228982e+38   2.280955419941631e+38    4.23306939312148e+38 
  62426.48693297186   4890922543670.714   6080860989869.247   8936760182267.473   9001.609534775647   9696.948683553444   9893.439891233906  1.5338767848178825e+38  2.2707642632213724e+38   4.214207401861184e+38 
  62428.71567096498   4879967156407.775   6067244880433.729    8916830108139.75   9001.609534775647   9696.948683553444   9893.439891233906   1.527016386960508e+38   2.260629960700458e+38  4.1954502739915636e+38 
 62430.944408958094   4869048621782.431   6053674498417.798   8896966550313.174   9001.609534775647   9696.948683553444   9893.439891233906  1.5201943506339694e+38   2.250552131279176e+38   4.176797310234239e+38 
 62433.173146951216    4858166772396.37   6040149637468.381   8877169212389.682   9001.609534775647   9696.948683553444   9893.439891233906   1.513410417204882e+38  2.2405303968575748e+38  4.1582478167672884e+38 
  62435.40188494434     4847321441843.7   6026670092430.998   8857437799642.002   9001.609534775647   9696.948683553444   9893.439891233906  1.5066643300981769e+38  2.2305643823070392e+38  4.1398011051790666e+38 
  62437.63062293746   4836512464700.129    6013235659337.67   8837772018999.771   9001.609534775647   9696.948683553444   9893.439891233906  1.4999558347875564e+38   2.220653715445702e+38   4.121456492404269e+38 
  62439.85936093058   4825739676510.579   5999846135400.959   8818171579039.234   9001.609534775647   9696.948683553444   9893.439891233906  1.4932846787707353e+38  2.2107980270084315e+38  4.1032133006929305e+38 
   62442.0880989237   4815002913790.278   5986501319002.238   8798636189971.951   9001.609534775647   9696.948683553444   9893.439891233906  1.4866506115522852e+38   2.200996950622707e+38  4.0850708575572704e+38 
  62444.31683691682   4804302014016.015   5973201009687.545   8779165563635.404   9001.609534775647   9696.948683553444   9893.439891233906  1.4800533846242388e+38  2.1912501227804964e+38   4.067028495726816e+38 
  62446.54557490994   4793636815616.971   5959945008152.992   8759759413476.888   9001.609534775647   9696.948683553444   9893.439891233906  1.4734927514469447e+38  2.1815571828155202e+38   4.049085553096125e+38 
 62448.774312903064    4783007157966.79   5946733116241.965   8740417454546.407   9001.609534775647   9696.948683553444   9893.439891233906  1.4669684674319837e+38   2.171917772872325e+38  4.0312413726833065e+38 
 62451.003050896186   4772412881378.467   5933565136932.524   8721139403485.879   9001.609534775647   9696.948683553444   9893.439891233906  1.4604802899228705e+38  2.1623315378854976e+38  4.0134953025856134e+38 
   62453.2317888893   4761853827094.611   5920440874334.127   8701924978514.627   9001.609534775647   9696.948683553444   9893.439891233906  1.4540279781777964e+38  2.1527981255529475e+38   3.995846695934775e+38 
  62455.46052688242   4751329837282.708   5907360133674.743   8682773899424.195   9001.609534775647   9696.948683553444   9893.439891233906  1.4476112933514355e+38  2.1433171863102576e+38   3.978294910839798e+38 
 62457.689264875546   4740840755027.015  5894322721290.9795   8663685887567.016   9001.609534775647   9696.948683553444   9893.439891233906  1.4412299984777948e+38  2.1338883733062105e+38   3.960839310354195e+38 
  62459.91800286867   4730386424321.191   5881328444626.031   8644660665827.285   9001.609534775647   9696.948683553444   9893.439891233906  1.4348838584521598e+38  2.1245113423791117e+38   3.943479262433634e+38 
  62462.14674086179   4719966690062.534   5868377112218.028   8625697958638.105   9001.609534775647   9696.948683553444   9893.439891233906   1.428572640015041e+38   2.115185752034159e+38  3.9262141398889526e+38 
 62464.375478854905   4709581398045.059   5855468533693.767   8606797491952.952   9001.609534775647   9696.948683553444   9893.439891233906   1.422296111733957e+38  2.1059112634202836e+38   3.909043320341937e+38 
  62466.60421684803   4699230394951.452   5842602519759.555   8587958993246.011   9001.609534775647   9696.948683553444   9893.439891233906  1.4160540439878936e+38  2.0966875402928546e+38  3.8919661861849246e+38 
  62468.83295484115   4688913528348.603   5829778882199.133   8569182191493.726   9001.609534775647   9696.948683553444   9893.439891233906  1.4098462089509135e+38  2.0875142490074597e+38   3.874982124538642e+38 
  62471.06169283427   4678630646683.411   5816997433855.746    8550466817171.77   9001.609534775647   9696.948683553444   9893.439891233906  1.4036723805737485e+38  2.0783910584911628e+38   3.858090527210402e+38 
 62473.290430827394   4668381599262.641   5804257988624.361  8531812602234.8545   9001.609534775647   9696.948683553444   9893.439891233906  1.3975323345666408e+38   2.069317640218208e+38   3.841290790650644e+38 
  62475.51916882051  4658166236262.5625   5791560361454.059   8513219280115.637   9001.609534775647   9696.948683553444   9893.439891233906  1.3914258483875166e+38  2.0602936681891604e+38  3.8245823159158364e+38 
  62477.74790681363   4647984408715.567   5778904368336.678   8494686585711.753   9001.609534775647   9696.948683553444   9893.439891233906  1.3853527012260265e+38  2.0513188189057357e+38   3.807964508625185e+38 
  62479.97664480675   4637835968507.264   5766289826297.971   8476214255374.618   9001.609534775647   9696.948683553444   9893.439891233906  1.3793126739788642e+38   2.042392771351719e+38   3.791436778928377e+38 
 62482.205382799875   4627720768367.923     5753716553390.8   8457802026901.295   9001.609534775647   9696.948683553444   9893.439891233906  1.3733055492448837e+38  2.0335152069685468e+38   3.774998541445268e+38 
    62484.434120793   4617638661858.955   5741184368686.779   8439449639526.171   9001.609534775647   9696.948683553444   9893.439891233906  1.3673311113051214e+38  2.0246858096353197e+38    3.75864921525028e+38 
  62486.66285878611   4607589503378.378   5728693092272.553   8421156833905.356   9001.609534775647   9696.948683553444   9893.439891233906    1.36138914610898e+38   2.015904265644864e+38   3.742388223819713e+38 
 62488.891596779235   4597573148149.725   5716242545236.897   8402923352115.363   9001.609534775647   9696.948683553444   9893.439891233906   1.355479441257413e+38   2.007170263685173e+38   3.726214995001177e+38 
  62491.12033477236   4587589452216.827   5703832549669.879   8384748937635.567   9001.609534775647   9696.948683553444   9893.439891233906  1.3496017859886784e+38  1.9984834948166437e+38   3.710128960970071e+38 
  62493.34907276548   4577638272437.416     5691462928651.9   8366633335346.923   9001.609534775647   9696.948683553444   9893.439891233906  1.3437559711646494e+38  1.9898436524514176e+38   3.694129558194955e+38 
 62495.577810758594   4567719466477.546   5679133506246.408   8348576291513.109   9001.609534775647   9696.948683553444   9893.439891233906   1.337941789254427e+38  1.9812504323324084e+38   3.678216227397435e+38 
 62497.806548751716   4557832892804.336   5666844107495.201   8330577553780.143   9001.609534775647   9696.948683553444   9893.439891233906  1.3321590343210341e+38   1.972703532513887e+38   3.662388413520603e+38 
  62500.03528674484   4547978410681.631   5654594558412.749   8312636871161.008   9001.609534775647   9696.948683553444   9893.439891233906  1.3264075020070554e+38  1.9642026533399187e+38   3.646645565685865e+38 
  62502.26402473796   4538155880164.836   5642384685973.339   8294753994039.584   9001.609534775647   9696.948683553444   9893.439891233906  1.3206869895198636e+38   1.955747497425438e+38  3.6309871371583536e+38 
  62504.49276273108   4528365162092.948   5630214318110.797   8276928674133.957   9001.609534775647   9696.948683553444   9893.439891233906  1.3149972956182797e+38   1.947337769635181e+38   3.615412585312282e+38 
 62506.721500724205   4518606118084.868   5618083283707.984   8259160664511.241   9001.609534775647   9696.948683553444   9893.439891233906  1.3093382205983888e+38   1.938973177065077e+38    3.59992137159791e+38 
  62508.95023871732   4508878610532.784   5605991412592.093   8241449719572.666   9001.609534775647   9696.948683553444   9893.439891233906  1.3037095662792226e+38  1.9306534290273124e+38   3.584512961503052e+38 
  62511.17897671044   4499182502596.356    5593938535527.49   8223795595042.822   9001.609534775647   9696.948683553444   9893.439891233906  1.2981111359905809e+38  1.9223782370174886e+38   3.569186824518515e+38 
 62513.407714703564   4489517658199.356   5581924484210.494   8206198047965.257   9001.609534775647   9696.948683553444   9893.439891233906  1.2925427345590616e+38   1.914147314706224e+38  3.5539424341071184e+38 
 62515.636452696686   4479883942024.715    5569949091267.59   8188656836687.294   9001.609534775647   9696.948683553444   9893.439891233906  1.2870041682957782e+38   1.905960377919121e+38  3.5387792676636415e+38 
   62517.8651906898   4470281219501.862   5558012190228.447    8171171720857.73   9001.609534775647   9696.948683553444   9893.439891233906  1.2814952449784854e+38  1.8978171446186976e+38    3.52369680648626e+38 
  62520.09392868292   4460709356807.776   5546113615542.741   8153742461412.489   9001.609534775647   9696.948683553444   9893.439891233906  1.2760157738434563e+38  1.8897173348822544e+38   3.508694535740568e+38 
 62522.322666676046   4451168220861.731   5534253202565.076   8136368820568.356   9001.609534775647   9696.948683553444   9893.439891233906  1.2705655655737432e+38  1.8816606708868727e+38   3.493771944426716e+38 
  62524.55140466917   4441657679318.801   5522430787548.346    8119050561818.95   9001.609534775647   9696.948683553444   9893.439891233906  1.2651444322808373e+38   1.873646876890219e+38  3.4789285253499684e+38 
  62526.78014266229   4432177600567.947   5510646207640.079   8101787449918.719   9001.609534775647   9696.948683553444   9893.439891233906  1.2597521874949399e+38  1.8656756792108878e+38   3.464163775082163e+38 
 62529.008880655405   4422727853719.228   5498899300874.469   8084579250880.067   9001.609534775647   9696.948683553444   9893.439891233906  1.2543886461534776e+38   1.857746806213788e+38   3.449477193929907e+38 
  62531.23761864853   4413308308602.216   5487189906164.959   8067425731964.549   9001.609534775647   9696.948683553444   9893.439891233906  1.2490536245887274e+38  1.8498599882895447e+38  3.4348682859090924e+38 
  62533.46635664165    4403918835764.47   5475517863300.637   8050326661672.463   9001.609534775647   9696.948683553444   9893.439891233906  1.2437469405136151e+38  1.8420149578379667e+38  3.4203365587072195e+38 
  62535.69509463477   4394559306462.797    5463883012940.98  8033281809736.2295   9001.609534775647   9696.948683553444   9893.439891233906  1.2384684130115729e+38   1.834211449253129e+38   3.405881523656671e+38 
 62537.923832627894   4385229592660.025   5452285196606.975   8016290947112.343   9001.609534775647   9696.948683553444   9893.439891233906  1.2332178625237785e+38   1.826449198902031e+38   3.391502695701495e+38 
  62540.15257062101  4375929567020.4595   5440724256675.711    7999353845974.51   9001.609534775647   9696.948683553444   9893.439891233906   1.227995110836575e+38  1.8187279451108164e+38   3.377199593365659e+38 
  62542.38130861413   4366659102901.785   5429200036378.986    7982470279701.36   9001.609534775647   9696.948683553444   9893.439891233906  1.2227999810712073e+38   1.811047428146843e+38  3.3629717387244423e+38 
  62544.61004660725   4357418074354.693   5417712379791.068   7965640022875.988   9001.609534775647   9696.948683553444   9893.439891233906  1.2176322976706097e+38  1.8034073902030655e+38   3.348818657376975e+38 
 62546.838784600375   4348206356114.483   5406261131828.871   7948862851270.105   9001.609534775647   9696.948683553444   9893.439891233906  1.2124918863898415e+38  1.7958075753793753e+38   3.334739878408975e+38 
   62549.0675225935  4339023823598.1904   5394846138241.145   7932138541848.138   9001.609534775647   9696.948683553444   9893.439891233906  1.2073785742821505e+38   1.788247729669201e+38  3.3207349343682236e+38 
  62551.29626058661  4329870352899.2266   5383467245605.784   7915466872741.257   9001.609534775647   9696.948683553444   9893.439891233906  1.2022921896902822e+38   1.780727600941394e+38  3.3068033612346728e+38 
 62553.524998579735  4320745820783.1724  5372124301323.6875   7898847623252.707   9001.609534775647   9696.948683553444   9893.439891233906  1.1972325622332163e+38  1.7732469389246733e+38  3.2929446983941268e+38 
  62555.75373657286   4311650104683.068   5360817153615.123   7882280573848.827   9001.609534775647   9696.948683553444   9893.439891233906  1.1921995227965358e+38   1.765805495195226e+38  3.2791584886047005e+38 
  62557.98247456598  4302583082693.7236   5349545651510.516   7865765506151.956   9001.609534775647   9696.948683553444   9893.439891233906  1.1871929035214163e+38  1.7584030231531082e+38  3.2654442779723574e+38 
   62560.2112125591  4293544633569.3013   5338309644849.441   7849302202930.112   9001.609534775647   9696.948683553444   9893.439891233906  1.1822125377928716e+38  1.7510392780108383e+38   3.251801615921765e+38 
 62562.439950552216   4284534636719.273   5327108984275.203    7832890448092.15   9001.609534775647   9696.948683553444   9893.439891233906  1.1772582602309793e+38   1.743714016781312e+38  3.2382300551661467e+38 
  62564.66868854534    4275552972198.46   5315943521217.779   7816530026679.886   9001.609534775647   9696.948683553444   9893.439891233906  1.1723299066758743e+38  1.7364269982592157e+38   3.224729151683612e+38 
  62566.89742653846  4266599520706.3394   5304813107903.156   7800220724858.922   9001.609534775647   9696.948683553444   9893.439891233906  1.1674273141818814e+38   1.729177983007254e+38  3.2112984646874352e+38 
  62569.12616453158   4257674163585.748   5293717597343.584   7783962329913.366   9001.609534775647   9696.948683553444   9893.439891233906  1.1625503210065125e+38   1.721966733340296e+38   3.197937556599272e+38 
 62571.354902524705   4248776782813.619   5282656843331.177   7767754630237.241   9001.609534775647   9696.948683553444   9893.439891233906  1.1576987665978466e+38  1.7147930133108495e+38   3.184645993023152e+38 
  62573.58364051782   4239907261001.712   5271630700432.605   7751597415331.978   9001.609534775647   9696.948683553444   9893.439891233906   1.152872491584664e+38   1.707656588694595e+38  3.1714233427191852e+38 
  62575.81237851094   4231065481386.905  5260639023986.0625   7735490475791.674   9001.609534775647   9696.948683553444   9893.439891233906   1.148071337768421e+38  1.7005572269768797e+38   3.158269177572867e+38 
 62578.041116504064  4222251327827.3887   5249681670094.006   7719433603303.032   9001.609534775647   9696.948683553444   9893.439891233906   1.143295148111765e+38   1.693494697335944e+38  3.1451830725757295e+38 
 62580.269854497186  4213464684802.0527   5238758495617.414   7703426590634.027   9001.609534775647   9696.948683553444   9893.439891233906   1.138543766729765e+38   1.686468770630757e+38   3.132164605793536e+38 
   62582.4985924903   4204705437405.887   5227869358176.754   7687469231631.898   9001.609534775647   9696.948683553444   9893.439891233906  1.1338170388786204e+38  1.6794792193865398e+38  3.1192133583483023e+38 
  62584.72733048342   4195973471342.956   5217014116135.375    7671561321208.74   9001.609534775647   9696.948683553444   9893.439891233906  1.1291148109470587e+38   1.672525817780112e+38   3.106328914384245e+38 
 62586.956068476546  4187268672925.6885   5206192628611.018   7655702655343.094   9001.609534775647   9696.948683553444   9893.439891233906  1.1244369304470217e+38  1.6656083416278473e+38   3.093510861048477e+38 
  62589.18480646967   4178590929067.216   5195404755451.801   7639893031067.265   9001.609534775647   9696.948683553444   9893.439891233906   1.119783246001283e+38  1.6587265683693559e+38  3.0807587884667553e+38 
  62591.41354446279   4169940127283.008   5184650357249.498    7624132246462.37   9001.609534775647   9696.948683553444   9893.439891233906  1.1151536073390444e+38  1.6518802770553333e+38  3.0680722897140542e+38 
 62593.642282455905   4161316155677.294    5173929295322.77   7608420100654.959   9001.609534775647   9696.948683553444   9893.439891233906     1.1105478652822e+38  1.6450692483345117e+38  3.0554509607952856e+38 
  62595.87102044903  4152718902952.3276    5163241431716.96   7592756393807.514   9001.609534775647   9696.948683553444   9893.439891233906  1.1059658717380865e+38  1.6382932644414812e+38  3.0428944006137987e+38 
  62598.09975844215   4144148258389.647   5152586629198.375   7577140927111.785   9001.609534775647   9696.948683553444   9893.439891233906  1.1014074796896759e+38   1.631552109179638e+38  3.0304022109554454e+38 
  62600.32849643527   4135604111859.693   5141964751250.757   7561573502775.161   9001.609534775647   9696.948683553444   9893.439891233906  1.0968725431876786e+38  1.6248455679128104e+38    3.01797399646353e+38 
 62602.557234428394  4127086353808.2183   5131375662067.633   7546053924030.898   9001.609534775647   9696.948683553444   9893.439891233906  1.0923609173396137e+38  1.6181734275495254e+38  3.0056093646103534e+38 
  62604.78597242151  4118594875258.4663   5120819226550.848   7530581995118.137   9001.609534775647   9696.948683553444   9893.439891233906  1.0878724583023294e+38   1.611535476530568e+38  2.9933079256812077e+38 
  62607.01471041463   4110129567803.818    5110295310308.18   7515157521281.922   9001.609534775647   9696.948683553444   9893.439891233906  1.0834070232741763e+38  1.6049315048155461e+38   2.981069292742348e+38 
  62609.24344840775  4101690323607.3647   5099803779645.699   7499780308763.806   9001.609534775647   9696.948683553444   9893.439891233906  1.0789644704845342e+38  1.5983613038709538e+38  2.9688930816266943e+38 
 62611.472186400875  4093277035394.4224   5089344501557.121  7484450164800.4375   9001.609534775647   9696.948683553444   9893.439891233906  1.0745446591845718e+38  1.5918246666598038e+38  2.9567789109090068e+38 
    62613.700924394  4084889596449.7363   5078917343729.775   7469166897609.727   9001.609534775647   9696.948683553444   9893.439891233906  1.0701474496400046e+38  1.5853213876272774e+38  2.9447264018785183e+38 
  62615.92966238711  4076527900615.0903   5068522174534.666   7453930316391.919   9001.609534775647   9696.948683553444   9893.439891233906  1.0657727031231082e+38  1.5788512626882296e+38   2.932735178523222e+38 
 62618.158400380235   4068191842286.226   5058158863023.393   7438740231316.481   9001.609534775647   9696.948683553444   9893.439891233906  1.0614202819049565e+38  1.5724140892173352e+38  2.9208048675045703e+38 
  62620.38713837336   4059881316407.476   5047827278925.086   7423596453522.922   9001.609534775647   9696.948683553444   9893.439891233906  1.0570900492427483e+38  1.5660096660335863e+38   2.908935098137866e+38 
  62622.61587636648   4051596218473.587   5037527292640.093   7408498795113.859   9001.609534775647   9696.948683553444   9893.439891233906  1.0527818693764073e+38  1.5596377933919175e+38   2.897125502364487e+38 
   62624.8446143596   4043336444513.418    5027258775236.13   7393447069142.842   9001.609534775647   9696.948683553444   9893.439891233906  1.0484956075187414e+38  1.5532982729694654e+38  2.8853757147402367e+38 
 62627.073352352716  4035101891098.7544   5017021598445.738   7378441089615.663   9001.609534775647   9696.948683553444   9893.439891233906  1.0442311298475885e+38  1.5469909078541689e+38   2.873685372403479e+38 
  62629.30209034584  4026892455336.8105   5006815634658.509   7363480671482.112   9001.609534775647   9696.948683553444   9893.439891233906  1.0399883034974522e+38  1.5407155025335705e+38  2.8620541150647405e+38 
  62631.53082833896   4018708034865.766   4996640756920.885   7348565630628.031   9001.609534775647   9696.948683553444   9893.439891233906  1.0357669965513318e+38  1.5344718628837382e+38  2.8504815849777294e+38 
  62633.75956633208   4010548527853.782   4986496838928.922   7333695783869.388   9001.609534775647   9696.948683553444   9893.439891233906  1.0315670780342366e+38  1.5282597961572203e+38  2.8389674269246937e+38 
 62635.988304325205  4002413832992.0015   4976383755027.243   7318870948954.395   9001.609534775647   9696.948683553444   9893.439891233906  1.0273884179034328e+38  1.5220791109716012e+38   2.827511288190863e+38 
  62638.21704231832   3994303849494.718   4966301380200.219   7304090944548.675   9001.609534775647   9696.948683553444   9893.439891233906  1.0232308870430298e+38   1.515929617300169e+38  2.8161128185477845e+38 
  62640.44578031144  3986218477093.6074   4956249590074.018   7289355590229.161   9001.609534775647   9696.948683553444   9893.439891233906  1.0190943572549485e+38  1.5098111264589836e+38  2.8047716702313953e+38 
 62642.674518304564  3978157616036.3105   4946228260908.269   7274664706485.743   9001.609534775647   9696.948683553444   9893.439891233906  1.0149787012507923e+38  1.5037234510958953e+38   2.793487497926702e+38 
 62644.903256297686   3970121167081.197    4936237269593.45   7260018114716.145   9001.609534775647   9696.948683553444   9893.439891233906  1.0108837926460485e+38  1.4976664051812389e+38   2.782259958734413e+38 
   62647.1319942908   3962109031495.516   4926276493644.581   7245415637209.825   9001.609534775647   9696.948683553444   9893.439891233906  1.0068095059511126e+38  1.4916398039972861e+38  2.7710887121708157e+38 
  62649.36073228392  3954121111051.2305   4916345811202.127   7230857097148.997   9001.609534775647   9696.948683553444   9893.439891233906  1.0027557165659864e+38  1.4856434641248552e+38   2.759973420134741e+38 
 62651.589470277046   3946157308023.225   4906445101024.655   7216342318605.183   9001.609534775647   9696.948683553444   9893.439891233906   9.987223007699502e+37  1.4796772034376957e+38   2.748913746892717e+38 
  62653.81820827017    3938217525183.73   4896574242485.427   7201871126532.437   9001.609534775647   9696.948683553444   9893.439891233906   9.947091357179462e+37  1.4737408410864823e+38  2.7379093590597287e+38 
  62656.04694626329  3930301665801.3555   4886733115568.463   7187443346762.105   9001.609534775647   9696.948683553444   9893.439891233906   9.907160994307585e+37  1.4678341974909483e+38   2.726959925582762e+38 
  62658.27568425641  3922409633640.0005   4876921600870.764   7173058805993.403   9001.609534775647   9696.948683553444   9893.439891233906   9.867430707896251e+37  1.4619570943296984e+38  2.7160651177159378e+38 
  62660.50442224953  3914541332949.0425   4867139579584.643   7158717331794.842   9001.609534775647   9696.948683553444   9893.439891233906   9.827899295275023e+37  1.4561093545318375e+38   2.705224609009858e+38 
  62662.73316024265   3906696668462.865   4857386933503.397    7144418752594.25   9001.609534775647   9696.948683553444   9893.439891233906   9.788565562224839e+37  1.4502908022639468e+38  2.6944380752881923e+38 
  62664.96189823577  3898875545402.8286   4847663545020.918   7130162897677.116   9001.609534775647   9696.948683553444   9893.439891233906    9.74942832293552e+37   1.444501262922253e+38  2.6837051946293553e+38 
 62667.190636228894  3891077869469.3613   4837969297120.025   7115949597174.706   9001.609534775647   9696.948683553444   9893.439891233906   9.710486399919046e+37  1.4387405631213847e+38  2.6730256473521733e+38 
  62669.41937422201   3883303546838.486   4828304073374.777   7101778682067.249   9001.609534775647   9696.948683553444   9893.439891233906   9.671738623914451e+37  1.4330085306863214e+38  2.6623991159952194e+38 
  62671.64811221513   3875552484164.378   4818667757942.602   7087649984175.777   9001.609534775647   9696.948683553444   9893.439891233906   9.633183833865008e+37  1.4273049946409103e+38  2.6518252852994207e+38 
  62673.87685020825  3867824588568.5684    4809060235562.97   7073563336152.327   9001.609534775647   9696.948683553444   9893.439891233906   9.594820876833324e+37  1.4216297851980746e+38    2.64130384219165e+38 
 62676.105588201375    3860119767640.57   4799481391555.117   7059518571484.872   9001.609534775647   9696.948683553444   9893.439891233906   9.556648607944702e+37   1.415982733753542e+38  2.6308344757642884e+38 
   62678.3343261945  3852437929436.4785   4789931111809.733   7045515524479.309   9001.609534775647   9696.948683553444   9893.439891233906   9.518665890304034e+37   1.410363672871894e+38   2.620416877263981e+38 
  62680.56306418761  3844778982476.8667   4780409282790.909   7031554030269.497   9001.609534775647   9696.948683553444   9893.439891233906   9.480871594951803e+37  1.4047724362809962e+38  2.6100507400686696e+38 
 62682.791802180735   3837142835737.511   4770915791528.808   7017633924798.693   9001.609534775647   9696.948683553444   9893.439891233906   9.443264600786374e+37   1.399208858860432e+38  2.5997357596748753e+38 
  62685.02054017386  3829529398655.0825   4761450525617.461    7003755044822.47   9001.609534775647   9696.948683553444   9893.439891233906   9.405843794509241e+37   1.393672776633509e+38  2.5894716336766183e+38 
  62687.24927816698  3821938581117.4116   4752013373213.148   6989917227902.367   9001.609534775647   9696.948683553444   9893.439891233906    9.36860807055529e+37  1.3881640267577596e+38  2.5792580617561377e+38 
   62689.4780161601  3814370293464.3037   4742604223026.621   6976120312400.542   9001.609534775647   9696.948683553444   9893.439891233906    9.33155633103527e+37  1.3826824475154871e+38   2.569094745660022e+38 
 62691.706754153216   3806824446484.752   4733222964324.354   6962364137475.232   9001.609534775647   9696.948683553444   9893.439891233906   9.294687485677353e+37  1.3772278783062152e+38  2.5589813891851563e+38 
  62693.93549214634   3799300951411.896   4723869486923.145   6948648543075.289   9001.609534775647   9696.948683553444   9893.439891233906    9.25800045176167e+37  1.3718001596367617e+38  2.5489176981656394e+38 
  62696.16423013946  3791799719922.9727   4714543681184.775   6934973369939.896   9001.609534775647   9696.948683553444   9893.439891233906   9.221494154060717e+37  1.3663991331125612e+38   2.538903380449895e+38 
  62698.39296813258  3784320664133.3345    4705245438017.26   6921338459581.799   9001.609534775647   9696.948683553444   9893.439891233906   9.185167524775183e+37  1.3610246414292857e+38   2.528938145893393e+38 
 62700.621706125705  3776863696596.8467    4695974648866.18    6907743654295.69   9001.609534775647   9696.948683553444   9893.439891233906   9.149019503492878e+37  1.3556765283643031e+38   2.519021706339013e+38 
  62702.85044411882   3769428730303.383   4686731205716.135   6894188797150.694   9001.609534775647   9696.948683553444   9893.439891233906   9.113049037099727e+37  1.3503546387682183e+38  2.5091537755967108e+38 
  62705.07918211194  3762015678671.5474   4677515001085.221   6880673731980.738   9001.609534775647   9696.948683553444   9893.439891233906   9.077255079751895e+37  1.3450588185556248e+38  2.4993340694393532e+38 
 62707.307920105064   3754624455552.315   4668325928025.135    6867198303384.88   9001.609534775647   9696.948683553444   9893.439891233906   9.041636592808858e+37  1.3397889146962414e+38  2.4895623055745764e+38 
 62709.536658098186   3747254975223.532   4659163880108.811   6853762356721.486   9001.609534775647   9696.948683553444   9893.439891233906   9.006192544760262e+37   1.334544775209693e+38   2.479838203640107e+38 
  62711.76539609131  3739907152384.1904   4650028751437.566   6840365738103.117   9001.609534775647   9696.948683553444   9893.439891233906    8.97092191118378e+37  1.3293262491534847e+38  2.4701614851829057e+38 
  62713.99413408442   3732580902156.396   4640920436632.233   6827008294390.791   9001.609534775647   9696.948683553444   9893.439891233906   8.935823674692797e+37  1.3241331866180883e+38   2.460531873643968e+38 
 62716.222872077546   3725276140080.993   4631838830830.872   6813689873194.587   9001.609534775647   9696.948683553444   9893.439891233906   8.900896824871925e+37  1.3189654387167435e+38  2.4509490943493946e+38 
  62718.45161007067   3717992782116.456   4622783829689.682   6800410322859.865   9001.609534775647   9696.948683553444   9893.439891233906   8.866140358235471e+37  1.3138228575779227e+38   2.441412874489953e+38 
  62720.68034806379  3710730744633.1816   4613755329372.828   6787169492476.651   9001.609534775647   9696.948683553444   9893.439891233906     8.8315532781401e+37  1.3087052963386845e+38   2.431922943108036e+38 
  62722.90908605691   3703489944416.847   4604753226556.072   6773967231861.123   9001.609534775647   9696.948683553444   9893.439891233906   8.797134594772307e+37  1.3036126091342811e+38  2.4224790310822664e+38 
  62725.13782405003   3696270298656.055   4595777418418.916   6760803391562.344   9001.609534775647   9696.948683553444   9893.439891233906   8.762883325071352e+37  1.2985446510923528e+38  2.4130808711168335e+38 
  62727.36656204315  3689071724949.9673   4586827802645.828   6747677822849.598   9001.609534775647   9696.948683553444   9893.439891233906   8.728798492679978e+37    1.29350127832573e+38  2.4037281977242326e+38 
  62729.59530003627  3681894141301.1934   4577904277418.218   6734590377714.583   9001.609534775647   9696.948683553444   9893.439891233906   8.694879127892186e+37   1.288482347921993e+38   2.394420747213293e+38 
 62731.824038029394  3674737466112.1167   4569006741416.161   6721540908863.601   9001.609534775647   9696.948683553444   9893.439891233906     8.6611242676071e+37  1.2834877179386706e+38   2.385158257671311e+38 
  62734.05277602251   3667601618186.534   4560135093812.381   6708529269712.903   9001.609534775647   9696.948683553444   9893.439891233906   8.627532955266498e+37   1.278517247394343e+38  2.3759404689565527e+38 
  62736.28151401563  3660486516723.2095   4551289234271.207   6695555314390.619   9001.609534775647   9696.948683553444   9893.439891233906   8.594104240812707e+37  1.2735707962621523e+38   2.366767122679818e+38 
  62738.51025200875   3653392081317.893   4542469062943.932    6682618897722.52   9001.609534775647   9696.948683553444   9893.439891233906   8.560837180633056e+37  1.2686482254596766e+38  2.3576379621922288e+38 
 62740.738990001875  3646318231955.5845   4533674480467.754   6669719875235.647   9001.609534775647   9696.948683553444   9893.439891233906     8.5277308375109e+37  1.2637493968464075e+38  2.3485527325722087e+38 
    62742.967727995   3639264889011.146   4524905387961.611   6656858103154.667   9001.609534775647   9696.948683553444   9893.439891233906   8.494784280579356e+37  1.2588741732112059e+38  2.3395111806132627e+38 
  62745.19646598811  3632231973249.0493   4516161687024.046  6644033438392.4795   9001.609534775647   9696.948683553444   9893.439891233906   8.461996585258679e+37  1.2540224182701124e+38  2.3305130548077905e+38 
 62747.425203981235  3625219405816.1084   4507443279730.273   6631245738550.202   9001.609534775647   9696.948683553444   9893.439891233906   8.429366833229876e+37  1.2491939966546322e+38   2.321558105333682e+38 
  62749.65394197436  3618227108243.9995   4498750068627.113   6618494861908.263   9001.609534775647   9696.948683553444   9893.439891233906  8.3968941123611795e+37  1.2443887739084497e+38   2.312646084048234e+38 
  62751.88267996748  3611255002443.8438   4490081956734.799   6605780667428.655   9001.609534775647   9696.948683553444   9893.439891233906    8.36457751668549e+37  1.2396066164779249e+38  2.3037767444676636e+38 
   62754.1114179606  3604303010703.9707   4481438847540.656   6593103014750.936   9001.609534775647   9696.948683553444   9893.439891233906   8.332416146323357e+37  1.2348473917065628e+38  2.2949498417572054e+38 
 62756.340155953716  3597371055691.3555   4472820644996.575   6580461764180.374   9001.609534775647   9696.948683553444   9893.439891233906   8.300409107468601e+37  1.2301109678257568e+38  2.2861651327179403e+38 
  62758.56889394684    3590459060444.09   4464227253520.852   6567856776697.089   9001.609534775647   9696.948683553444   9893.439891233906   8.268555512316082e+37  1.2253972139512235e+38  2.2774223757787415e+38 
  62760.79763193996   3583566948374.305   4455658577987.561   6555287913937.394   9001.609534775647   9696.948683553444   9893.439891233906   8.236854479025338e+37  1.2207060000748583e+38  2.2687213309751332e+38 
  62763.02636993308   3576694643261.112    4447114523726.48    6542755038200.47   9001.609534775647   9696.948683553444   9893.439891233906   8.205305131666253e+37  1.2160371970567416e+38  2.2600617599442042e+38 
 62765.255107926205  3569842069249.5728    4438594996527.17   6530258012443.649   9001.609534775647   9696.948683553444   9893.439891233906   8.173906600186806e+37   1.211390676620769e+38  2.2514434259112912e+38 
  62767.48384591932    3563009150854.13   4430099902626.559    6517796700271.42   9001.609534775647   9696.948683553444   9893.439891233906   8.142658020369145e+37  1.2067663113461073e+38   2.242866093674031e+38 
  62769.71258391244  3556195812947.7363   4421629148714.004   6505370965940.255   9001.609534775647   9696.948683553444   9893.439891233906   8.111558533764385e+37   1.202163974663269e+38  2.2343295295949834e+38 
 62771.941321905564  3549401980767.8975   4413182641924.854   6492980674349.888   9001.609534775647   9696.948683553444   9893.439891233906   8.080607287665936e+37  1.1975835408426452e+38   2.225833501588427e+38 
 62774.170059898686    3542627579908.97    4404760289836.72   6480625691043.918   9001.609534775647   9696.948683553444   9893.439891233906   8.049803435055424e+37  1.1930248849945272e+38   2.217377779105907e+38 
  62776.39879789181  3535872536320.1675  4396362000469.9346   6468305882195.981   9001.609534775647   9696.948683553444   9893.439891233906    8.01914613456917e+37  1.1884878830577555e+38  2.2089621331286987e+38 
  62778.62753588492   3529136776306.725   4387987682284.702   6456021114622.614   9001.609534775647   9696.948683553444   9893.439891233906   7.988634550454371e+37  1.1839724117953957e+38   2.200586336152143e+38 
 62780.856273878046  3522420226525.5522  4379637244177.0654   6443771255764.497   9001.609534775647   9696.948683553444   9893.439891233906    7.95826785251082e+37  1.1794783487885175e+38  2.1922501621777857e+38 
  62783.08501187117   3515722813984.438   4371310595474.576   6431556173690.331   9001.609534775647   9696.948683553444   9893.439891233906   7.928045216068713e+37  1.1750055724287432e+38     2.1839533866992e+38 
  62785.31374986429  3509044466039.6157    4363007645940.15   6419375737091.033   9001.609534775647   9696.948683553444   9893.439891233906   7.897965821932409e+37  1.1705539619147465e+38  2.1756957866950907e+38 
  62787.54248785741  3502385110392.0044   4354728305762.254   6407229815278.165   9001.609534775647   9696.948683553444   9893.439891233906   7.868028856343781e+37  1.1661233972431122e+38  2.1674771406103083e+38 
  62789.77122585053  3495744675089.3145   4346472485558.491   6395118278179.384   9001.609534775647   9696.948683553444   9893.439891233906   7.838233510945456e+37  1.1617137592039321e+38    2.15929722835428e+38 
  62791.99996384365  3489123088519.6206   4338240096367.252   6383040996333.506   9001.609534775647   9696.948683553444   9893.439891233906   7.808578982725373e+37  1.1573249293741823e+38  2.1511558312828375e+38 
  62794.22870183677  3482520279409.7393  4330031049650.2095   6370997840888.328   9001.609534775647   9696.948683553444   9893.439891233906   7.779064473994388e+37   1.152956790112791e+38  2.1430527321888632e+38 
 62796.457439829894  3475936176828.7036  4321845257289.5225   6358988683596.877   9001.609534775647   9696.948683553444   9893.439891233906   7.749689192328608e+37   1.148609224553152e+38  2.1349877152941904e+38 
  62798.68617782301  3469370710178.5117   4313682631581.159   6347013396817.681   9001.609534775647   9696.948683553444   9893.439891233906   7.720452350549246e+37  1.1442821165998006e+38  2.1269605662354733e+38 
  62800.91491581613  3462823809196.7095   4305543085237.796   6335071853502.593   9001.609534775647   9696.948683553444   9893.439891233906   7.691353166661028e+37  1.1399753509181426e+38  2.1189710720566536e+38 
  62803.14365380925  3456295403953.0283   4297426531381.444   6323163927200.797   9001.609534775647   9696.948683553444   9893.439891233906   7.662390863825212e+37  1.1356888129350686e+38  2.1110190211959227e+38 
 62805.372391802375   3449785424847.823  4289332883545.1104   6311289492053.436   9001.609534775647   9696.948683553444   9893.439891233906   7.633564670320446e+37   1.131422388827386e+38   2.103104203476104e+38 
   62807.6011297955   3443293802609.714   4281262055670.383   6299448422790.505   9001.609534775647   9696.948683553444   9893.439891233906   7.604873819507309e+37  1.1271759655184868e+38  2.0952264100942934e+38 
  62809.82986778862  3436820125946.1626  4273213537882.7715   6287639922787.807   9001.609534775647   9696.948683553444   9893.439891233906   7.576315938493257e+37  1.1229491768536246e+38  2.0873849915968902e+38 
 62812.058605781735   3430365352490.492   4265188516822.395    6275865883028.37   9001.609534775647   9696.948683553444   9893.439891233906   7.547895100841166e+37  1.1187426723121354e+38   2.079581067402989e+38 
  62814.28734377486    3423928389277.81    4257185637273.61   6264124166365.671   9001.609534775647   9696.948683553444   9893.439891233906   7.519605732112812e+37   1.114555580706242e+38   2.071813108357083e+38 
  62816.51608176798  3417509508305.9224   4249205236710.751   6252415319596.393   9001.609534775647   9696.948683553444   9893.439891233906   7.491448685836546e+37  1.1103880445704734e+38   2.064081351437958e+38 
   62818.7448197611  3411108642706.7134   4241247231834.423   6240739221072.295   9001.609534775647   9696.948683553444   9893.439891233906   7.463423223843447e+37  1.1062399548566082e+38   2.056385595104409e+38 
 62820.973557754216   3404725725143.392   4233311538982.243   6229095748986.719   9001.609534775647   9696.948683553444   9893.439891233906   7.435528609175925e+37  1.1021112028536888e+38  2.0487256385889003e+38 
  62823.20229574734   3398360688592.151   4225398074880.814   6217484782099.016   9001.609534775647   9696.948683553444   9893.439891233906   7.407764109671422e+37  1.0980016805578342e+38   2.041101282427509e+38 
  62825.43103374046  3392013466344.1772   4217506756644.877   6205906199728.344   9001.609534775647   9696.948683553444   9893.439891233906   7.380128997948879e+37  1.0939112806672545e+38  2.0335123284527666e+38 
  62827.65977173358   3385683992002.614   4209637501778.188   6194359881755.776   9001.609534775647   9696.948683553444   9893.439891233906   7.352622551371757e+37  1.0898398965801873e+38  2.0259585797775762e+38 
 62829.888509726705   3379372199478.767  4201790228166.4336   6182845708619.502   9001.609534775647   9696.948683553444   9893.439891233906   7.325244052017517e+37  1.0857874223846387e+38  2.0184398407945327e+38 
  62832.11724771982  3373078022993.7266   4193964854079.974    6171363561307.01   9001.609534775647   9696.948683553444   9893.439891233906   7.297992786628812e+37   1.081753752859318e+38  2.0109559171613173e+38 
  62834.34598571294   3366801397076.942   4186161298168.458   6159913321357.663   9001.609534775647   9696.948683553444   9893.439891233906  7.2708680465940485e+37  1.0777387834629653e+38   2.003506615789335e+38 
 62836.574723706064   3360542256560.337    4178379479460.01   6148494870863.715   9001.609534775647   9696.948683553444   9893.439891233906   7.243869127898165e+37  1.0737424103328613e+38  1.9960917448436382e+38 
 62838.803461699186    3354300536580.93   4170619317358.358   6137108092450.777   9001.609534775647   9696.948683553444   9893.439891233906    7.21699533110008e+37  1.0697645302782956e+38  1.9887111137215107e+38 
  62841.03219969231  3348076172576.2847  4162880731642.1562   6125752869295.187   9001.609534775647   9696.948683553444   9893.439891233906    7.19024596129668e+37  1.0658050407755636e+38  1.9813645330532107e+38 
  62843.26093768542   3341869100284.566  4155163642461.6685   6114429085106.141   9001.609534775647   9696.948683553444   9893.439891233906   7.163620328083687e+37  1.0618638399643877e+38  1.9740518146871336e+38 
 62845.489675678546   3335679255740.474  4147467970335.3345   6103136624130.312   9001.609534775647   9696.948683553444   9893.439891233906   7.137117745521804e+37   1.057940826640653e+38   1.966772771683711e+38 
  62847.71841367167  3329506575278.0454  4139793636152.2686   6091875371144.256   9001.609534775647   9696.948683553444   9893.439891233906   7.110737532115975e+37  1.0540359002546858e+38   1.959527218305597e+38 
  62849.94715166479  3323350995524.4727  4132140561164.5645   6080645211456.535   9001.609534775647   9696.948683553444   9893.439891233906   7.084479010765512e+37  1.0501489609030076e+38  1.9523149700092643e+38 
  62852.17588965791   3317212453399.341  4124508666990.2446   6069446030901.234   9001.609534775647   9696.948683553444   9893.439891233906   7.058341508746128e+37  1.0462799093266376e+38  1.9451358434333748e+38 
  62854.40462765103  3311090886114.7764  4116897875605.6904   6058277715833.147   9001.609534775647   9696.948683553444   9893.439891233906   7.032324357664762e+37  1.0424286469037358e+38  1.9379896563944123e+38 
  62856.63336564415  3304986231172.6025  4109308109350.5024   6047140153131.091   9001.609534775647   9696.948683553444   9893.439891233906    7.00642689343579e+37  1.0385950756470909e+38  1.9308762278764348e+38 
  62858.86210363727  3298898426363.4404  4101739290918.7476   6036033230188.188   9001.609534775647   9696.948683553444   9893.439891233906   6.980648456253335e+37  1.0347790981984995e+38  1.9237953780216847e+38 
 62861.090841630394  3292827409764.0684   4094191343362.359   6024956834914.257   9001.609534775647   9696.948683553444   9893.439891233906   6.954988390548093e+37  1.0309806178231761e+38   1.916746928122707e+38 
 62863.319579623516  3286773119736.1504  4086664190087.0225   6013910855733.001   9001.609534775647   9696.948683553444   9893.439891233906   6.929446044959967e+37  1.0271995384068041e+38  1.9097307006140926e+38 
  62865.54831761663     3280735494925.5   4079157754848.492   6002895181574.178   9001.609534775647   9696.948683553444   9893.439891233906   6.904020772318117e+37  1.0234357644511225e+38  1.9027465190648235e+38 
  62867.77705560975   3274714474257.907  4071671961751.3247   5991909701873.741   9001.609534775647   9696.948683553444   9893.439891233906   6.878711929591353e+37  1.0196892010670638e+38    1.89579420816676e+38 
 62870.005793602875   3268709996941.997  4064206735250.6797   5980954306573.951   9001.609534775647   9696.948683553444   9893.439891233906   6.853518877870153e+37  1.0159597539727332e+38   1.888873593731738e+38 
    62872.234531596    3262722002463.98   4056762000144.753   5970028886116.742   9001.609534775647   9696.948683553444   9893.439891233906  6.8284409823335275e+37  1.0122473294884632e+38  1.8819845026792493e+38 
  62874.46326958912    3256750430585.99   4049337681576.875   5959133331441.234   9001.609534775647   9696.948683553444   9893.439891233906    6.80347761222427e+37   1.008551834532077e+38  1.8751267630293716e+38 
 62876.692007582235  3250795221347.8833    4041933705033.79   5948267533981.184   9001.609534775647   9696.948683553444   9893.439891233906    6.77862814081278e+37   1.004873176613529e+38  1.8683002038950335e+38 
  62878.92074557536  3244856315062.6904   4034549996341.215   5937431385666.961   9001.609534775647   9696.948683553444   9893.439891233906   6.753891945359124e+37  1.0012112638325683e+38   1.861504655476723e+38 
  62881.14948356848   3238933652317.283  4027186481660.5684   5926624778913.496   9001.609534775647   9696.948683553444   9893.439891233906   6.729268407103484e+37    9.97566004873748e+37   1.854739949047986e+38 
   62883.3782215616   3233027173967.961   4019843087494.385   5915847606627.997   9001.609534775647   9696.948683553444   9893.439891233906   6.704756911225366e+37   9.939373090008465e+37   1.848005916953741e+38 
 62885.606959554716  3227136821140.0513  4012519740677.1553  5905099762199.1455   9001.609534775647   9696.948683553444   9893.439891233906   6.680356846817812e+37   9.903250860547189e+37   1.841302392601168e+38 
  62887.83569754784   3221262535228.644   4005216368375.802   5894381139499.895   9001.609534775647   9696.948683553444   9893.439891233906   6.656067606855651e+37   9.867292464471738e+37   1.834629210451098e+38 
  62890.06443554096  3215404257895.0566  3997932898088.4463   5883691632878.642   9001.609534775647   9696.948683553444   9893.439891233906   6.631888588169769e+37   9.831497011591423e+37  1.8279862060082358e+38 
  62892.29317353408   3209561931065.958  3990669257642.4243   5873031137166.254   9001.609534775647   9696.948683553444   9893.439891233906  6.6078191914226625e+37   9.795863617336747e+37  1.8213732158198846e+38 
 62894.521911527205  3203735496930.9346  3983425375193.6396    5862399547663.07   9001.609534775647   9696.948683553444   9893.439891233906   6.583858821072996e+37   9.760391402744588e+37  1.8147900774616517e+38 
  62896.75064952033  3197924897943.1045   3976201179222.292   5851796760144.728   9001.609534775647   9696.948683553444   9893.439891233906   6.560006885353104e+37   9.725079494406842e+37  1.8082366295351382e+38 
  62898.97938751344   3192130076814.415  3968996598530.4434   5841222670853.368   9001.609534775647   9696.948683553444   9893.439891233906  6.5362627962424755e+37   9.689927024418212e+37  1.8017127116564442e+38 
 62901.208125506564   3186350976519.213   3961811562245.003   5830677176496.368   9001.609534775647   9696.948683553444   9893.439891233906   6.512625969432824e+37   9.654933130363684e+37   1.795218164451697e+38 
 62903.436863499686   3180587540286.642   3954645999812.076    5820160174250.33   9001.609534775647   9696.948683553444   9893.439891233906   6.489095824314175e+37   9.620096955257882e+37    1.78875282955008e+38 
  62905.66560149281   3174839711603.809   3947499840995.407    5809671561750.35   9001.609534775647   9696.948683553444   9893.439891233906   6.465671783935879e+37   9.585417647513565e+37  1.7823165495737272e+38 
  62907.89433948592  3169107434213.3413   3940373015877.293   5799211237088.694   9001.609534775647   9696.948683553444   9893.439891233906   6.442353274987534e+37   9.550894360898833e+37  1.7759091681319147e+38 
 62910.123077479046  3163390652111.4014   3933265454853.215   5788779098816.986   9001.609534775647   9696.948683553444   9893.439891233906   6.419139727770372e+37   9.516526254504316e+37  1.7695305298164874e+38 
  62912.35181547217  3157689309546.7075  3926177088631.8276    5778375045940.99   9001.609534775647   9696.948683553444   9893.439891233906  6.3960305761688895e+37   9.482312492701273e+37  1.7631804801918866e+38 
  62914.58055346529     3152003351017.2  3919107848234.6343   5767998977913.413   9001.609534775647   9696.948683553444   9893.439891233906     6.3730252576289e+37   9.448252245104364e+37   1.756858865787897e+38 
  62916.80929145841  3146332721273.0264  3912057664991.8867    5757650794644.99   9001.609534775647   9696.948683553444   9893.439891233906   6.350123213135287e+37   9.414344686528921e+37  1.7505655340967403e+38 
  62919.03802945153   3140677365312.373  3905026470544.5234   5747330396485.349   9001.609534775647   9696.948683553444   9893.439891233906   6.327323887179091e+37   9.380588996961824e+37    1.74430033355978e+38 
  62921.26676744465  3135037228378.1475  3898014196836.6855   5737037684232.245   9001.609534775647   9696.948683553444   9893.439891233906   6.304626727724976e+37    9.34698436152152e+37   1.738063113567533e+38 
  62923.49550543777  3129412255960.2715   3891020776117.943   5726772559125.303   9001.609534775647   9696.948683553444   9893.439891233906   6.282031186211165e+37    9.31352997042431e+37  1.7318537244487465e+38 
 62925.724243430894   3123802393793.058   3884046140942.529   5716534922842.049   9001.609534775647   9696.948683553444   9893.439891233906   6.259536717496444e+37   9.280225018944469e+37  1.7256720174622418e+38 
 62927.952981424016  3118207587852.9556   3877090224164.726   5706324677501.496   9001.609534775647   9696.948683553444   9893.439891233906   6.237142779862081e+37   9.247068707370555e+37  1.7195178447977687e+38 
  62930.18171941713  3112627784358.6035  3870152958940.6465   5696141725651.367   9001.609534775647   9696.948683553444   9893.439891233906   6.214848834965841e+37    9.21406024098396e+37  1.7133910595595424e+38 
  62932.41045741025  3107062929769.5684  3863234278724.1387   5685985970278.492   9001.609534775647   9696.948683553444   9893.439891233906   6.192654347828362e+37   9.181198830018617e+37   1.707291515767818e+38 
 62934.639195403375  3101512970784.1333  3856334117264.2373   5675857314796.693   9001.609534775647   9696.948683553444   9893.439891233906  6.1705587868032255e+37    9.14848368962197e+37  1.7012190683479497e+38 
   62936.8679333965   3095977854337.267  3849452408606.4453   5665755663046.791   9001.609534775647   9696.948683553444   9893.439891233906    6.14856162356281e+37   9.115914039825129e+37  1.6951735731237701e+38 
  62939.09667138962   3090457527600.961  3842589087090.9155   5655680919298.846   9001.609534775647   9696.948683553444   9893.439891233906   6.126662333064531e+37   9.083489105494334e+37   1.689154886816289e+38 
 62941.325409382735   3084951937983.044  3835744087347.2114   5645632988245.028   9001.609534775647   9696.948683553444   9893.439891233906   6.104860393532201e+37    9.05120811632242e+37   1.683162867029507e+38 
  62943.55414737586  3079461033123.8945   3828917344297.694    5635611774997.28   9001.609534775647   9696.948683553444   9893.439891233906   6.083155286436111e+37   9.019070306768564e+37  1.6771973722516793e+38 
  62945.78288536898   3073984760897.362   3822108793152.324   5625617185087.578   9001.609534775647   9696.948683553444   9893.439891233906   6.061546496461744e+37   8.987074916042601e+37  1.6712582618435813e+38 
   62948.0116233621   3068523069408.955  3815318369408.1855    5615649124466.36   9001.609534775647   9696.948683553444   9893.439891233906   6.040033511491686e+37   8.955221188062103e+37   1.665345396036376e+38 
  62950.24036135522  3063075906994.4146   3808546008849.925  5605707499496.8125   9001.609534775647   9696.948683553444   9893.439891233906   6.018615822587651e+37   8.923508371417661e+37   1.659458635922125e+38 
  62952.46909934834   3057643222218.097   3801791647543.672   5595792216955.969   9001.609534775647   9696.948683553444   9893.439891233906   5.997292923956144e+37   8.891935719354422e+37   1.653597843450343e+38 
  62954.69783734146  3052224963871.6157   3795055221841.621   5585903184029.448   9001.609534775647   9696.948683553444   9893.439891233906   5.976064312934831e+37   8.860502489710282e+37  1.6477628814199649e+38 
  62956.92657533458  3046821080973.4326    3788336668373.46   5576040308311.471   9001.609534775647   9696.948683553444   9893.439891233906   5.954929489971339e+37   8.829207944922048e+37   1.641953613474404e+38 
 62959.155313327705   3041431522767.848   3781635924052.493   5566203497803.773   9001.609534775647   9696.948683553444   9893.439891233906   5.933887958596323e+37    8.79805135196018e+37  1.6361699040968323e+38 
  62961.38405132083  3036056238722.2163   3774952926067.101   5556392660911.041   9001.609534775647   9696.948683553444   9893.439891233906   5.912939225400972e+37   8.767031982311001e+37  1.6304116186010913e+38 
  62963.61278931394  3030695178527.8975   3768287611884.798   5546607706439.477   9001.609534775647   9696.948683553444   9893.439891233906   5.892082800024681e+37   8.736149111949782e+37  1.6246786231287259e+38 
 62965.841527307064  3025348292097.4297  3761639919246.3105   5536848543593.907   9001.609534775647   9696.948683553444   9893.439891233906    5.87131819512201e+37   8.705402021290962e+37  1.6189707846418828e+38 
 62968.070265300186  3020015529563.3027  3755009786168.6396    5527115081976.88   9001.609534775647   9696.948683553444   9893.439891233906   5.850644926347875e+37   8.674789995182704e+37  1.6132879709174647e+38 
  62970.29900329331   3014696841278.731   3748397150938.869   5517407231587.692   9001.609534775647   9696.948683553444   9893.439891233906   5.830062512333846e+37   8.644312322848978e+37  1.6076300505429014e+38 
  62972.52774128642  3009392177812.9844   3741801952117.211   5507724902818.727   9001.609534775647   9696.948683553444   9893.439891233906   5.809570474673219e+37    8.61396829787973e+37  1.6019968929083612e+38 
 62974.756479279546   3004101489955.318   3735224128532.102    5498068006451.68   9001.609534775647   9696.948683553444   9893.439891233906    5.78916833789137e+37   8.583757218192697e+37  1.5963883682033184e+38 
  62976.98521727267   2998824728708.715   3728663619279.909   5488436453661.004   9001.609534775647   9696.948683553444   9893.439891233906   5.768855629429504e+37    8.55367838599432e+37  1.5908043474080403e+38 
  62979.21395526579   2993561845290.731  3722120363723.9814   5478830156004.325   9001.609534775647   9696.948683553444   9893.439891233906   5.748631879623538e+37   8.523731107766519e+37  1.5852447022920465e+38 
  62981.44269325891  2988312791133.6694  3715594301492.6665   5469249025427.208   9001.609534775647   9696.948683553444   9893.439891233906   5.728496621684151e+37   8.493914694222909e+37    1.57970930540534e+38 
  62983.67143125203  2983077517881.3926  3709085372478.9434   5459692974258.074   9001.609534775647   9696.948683553444   9893.439891233906   5.708449391681127e+37   8.464228460291776e+37  1.5741980300743236e+38 
  62985.90016924515  2977855977389.8013  3702593516838.3125   5450161915203.716   9001.609534775647   9696.948683553444   9893.439891233906   5.688489728515167e+37   8.434671725072927e+37  1.5687107503949456e+38 
  62988.12890723827   2972648121725.362    3696118674986.57   5440655761354.436   9001.609534775647   9696.948683553444   9893.439891233906   5.668617173899896e+37    8.40524381181761e+37  1.5632473412308878e+38 
 62990.357645231394  2967453903162.7515   3689660787600.789   5431174426173.854   9001.609534775647   9696.948683553444   9893.439891233906   5.648831272350182e+37   8.375944047903393e+37  1.5578076782045514e+38 
 62992.586383224516   2962273274185.197  3683219795614.4194   5421717823502.327   9001.609534775647   9696.948683553444   9893.439891233906   5.629131571150472e+37   8.346771764791243e+37   1.552391637693212e+38 
  62994.81512121763  2957106187482.5728  3676795640219.2837   5412285867555.609   9001.609534775647   9696.948683553444   9893.439891233906    5.60951762034764e+37   8.317726298007855e+37   1.546999096823852e+38 
  62997.04385921075   2951952595950.797   3670388262863.251   5402878472916.234   9001.609534775647   9696.948683553444   9893.439891233906   5.589988972720793e+37  8.2888069871164225e+37  1.5416299334686663e+38 
 62999.272597203875  2946812452690.3984  3663997605247.7666   5393495554540.801   9001.609534775647   9696.948683553444   9893.439891233906   5.570545183769459e+37   8.260013175687483e+37  1.5362840262363951e+38 
    63001.501335197  2941685711005.8306   3657623609326.741   5384137027749.325   9001.609534775647   9696.948683553444   9893.439891233906   5.551185811695916e+37   8.231344211268572e+37  1.5309612544738706e+38 
  63003.73007319012   2936572324404.096   3651266217307.397   5374802808230.402   9001.609534775647   9696.948683553444   9893.439891233906  5.5319104173770975e+37   8.202799445364966e+37    1.52566149825471e+38 
 63005.958811183235  2931472246594.0957  3644925371646.9297   5365492812034.583   9001.609534775647   9696.948683553444   9893.439891233906   5.512718564357918e+37   8.174378233395153e+37  1.5203846383767778e+38 
  63008.18754917636  2926385431484.4126     3638601015049.7   5356206955574.211   9001.609534775647   9696.948683553444   9893.439891233906   5.493609818820067e+37   8.146079934689901e+37  1.5151305563568841e+38 
  63010.41628716948   2921311833184.211  3632293090470.9336   5346945155622.031   9001.609534775647   9696.948683553444   9893.439891233906   5.474583749577732e+37   8.117903912439749e+37  1.5098991344273476e+38 
   63012.6450251626  2916251406000.3896   3626001541109.381   5337707329310.931   9001.609534775647   9696.948683553444   9893.439891233906   5.455639928047987e+37   8.089849533682782e+37  1.5046902555273922e+38 
  63014.87376315572   2911204104437.328   3619726310412.199   5328493394127.398   9001.609534775647   9696.948683553444   9893.439891233906   5.436777928238498e+37    8.06191616927069e+37  1.4995038033029211e+38 
  63017.10250114884   2906169883196.132  3613467342068.5957   5319303267911.472   9001.609534775647   9696.948683553444   9893.439891233906   5.417997326729414e+37    8.03410319385111e+37   1.494339662098249e+38 
  63019.33123914196   2901148697172.654   3607224580010.037   5310136868858.261   9001.609534775647   9696.948683553444   9893.439891233906   5.399297702651075e+37   8.006409985833031e+37  1.4891977169520354e+38 
  63021.55997713508   2896140501457.449  3600997968409.9956   5300994115512.646   9001.609534775647   9696.948683553444   9893.439891233906   5.380678637671171e+37   7.978835927373524e+37  1.4840778535936446e+38 
 63023.788715128205  2891145251335.1616   3594787451682.758   5291874926767.764   9001.609534775647   9696.948683553444   9893.439891233906    5.36213971597903e+37   7.951380404323711e+37  1.4789799584370905e+38 
  63026.01745312133   2886162902281.553   3588592974480.912   5282779221863.944   9001.609534775647   9696.948683553444   9893.439891233906    5.34368052426084e+37   7.924042806247875e+37  1.4739039185768685e+38 
  63028.24619111444  2881193409964.3027   3582414481694.614   5273706920388.626   9001.609534775647   9696.948683553444   9893.439891233906  5.3253006516903705e+37   7.896822526348704e+37  1.4688496217842218e+38 
 63030.474929107564   2876236730241.343   3576251918452.226    5264657942270.81   9001.609534775647   9696.948683553444   9893.439891233906   5.306999689906527e+37   7.869718961483337e+37  1.4638169565007695e+38 
 63032.703667100686   2871292819160.604   3570105230114.623   5255632207783.366   9001.609534775647   9696.948683553444   9893.439891233906   5.288777232996294e+37    7.84273151211262e+37   1.458805811835325e+38 
  63034.93240509381   2866361632957.113  3563974362278.4346   5246629637535.717   9001.609534775647   9696.948683553444   9893.439891233906    5.27063287748372e+37   7.815859582284083e+37  1.4538160775584034e+38 
  63037.16114308692   2861443128053.674   3557859260772.271   5237650152479.276   9001.609534775647   9696.948683553444   9893.439891233906   5.252566222305052e+37    7.78910257962125e+37   1.448847644098499e+38 
 63039.389881080046  2856537261060.8433  3551759871657.6543   5228693673901.688   9001.609534775647   9696.948683553444   9893.439891233906   5.234576868803241e+37   7.762459915269056e+37  1.4439004025361113e+38 
  63041.61861907317   2851643988772.786   3545676141225.178   5219760123423.113   9001.609534775647   9696.948683553444   9893.439891233906   5.216664420696398e+37   7.735931003902604e+37   1.438974244602763e+38 
  63043.84735706629   2846763268169.126  3539608015995.6895   5210849422999.095   9001.609534775647   9696.948683553444   9893.439891233906   5.198828484076772e+37   7.709515263677643e+37   1.434069062672975e+38 
  63046.07609505941    2841895056413.91  3533555442718.3975   5201961494915.693   9001.609534775647   9696.948683553444   9893.439891233906   5.181068667385712e+37   7.683212116223058e+37  1.4291847497599847e+38 
 63048.304833052534  2837039310852.6074  3527518368367.2256   5193096261788.064   9001.609534775647   9696.948683553444   9893.439891233906   5.163384581395918e+37   7.657020986609742e+37  1.4243211995147007e+38 
  63050.53357104565  2832195989012.9946   3521496740145.159   5184253646561.242   9001.609534775647   9696.948683553444   9893.439891233906    5.14577583920419e+37   7.630941303327533e+37  1.4194783062175897e+38 
  63052.76230903877   2827365048602.955  3515490505477.2627   5175433572506.265   9001.609534775647   9696.948683553444   9893.439891233906   5.128242056206579e+37   7.604972498265272e+37  1.4146559647772946e+38 
 63054.991047031894  2822546447511.0474  3509499612013.3647   5166635963218.545   9001.609534775647   9696.948683553444   9893.439891233906   5.110782850095184e+37   7.579114006681607e+37  1.4098540707247781e+38 
 63057.219785025016  2817740143803.6187   3503524007625.174   5157860742615.169   9001.609534775647   9696.948683553444   9893.439891233906   5.093397840823163e+37   7.553365267191433e+37  1.4050725202092366e+38 
  63059.44852301813   2812946095726.764  3497563640405.6396   5149107834938.214   9001.609534775647   9696.948683553444   9893.439891233906   5.076086650608086e+37   7.527725721737003e+37   1.400311209994057e+38 
  63061.67726101125   2808164261702.314  3491618458667.5586   5140377164747.329   9001.609534775647   9696.948683553444   9893.439891233906     5.0588489039056e+37   7.502194815560496e+37  1.3955700374536748e+38 
 63063.905999004375  2803394600328.7544  3485688410943.8022   5131668656919.084   9001.609534775647   9696.948683553444   9893.439891233906    5.04168422740117e+37  7.4767719971971385e+37  1.3908489005684323e+38 
   63066.1347369975   2798637070379.846   3479773445983.123   5122982236650.192   9001.609534775647   9696.948683553444   9893.439891233906   5.024592249986355e+37    7.45145671843453e+37  1.3861476979203205e+38 
  63068.36347499062  2793891630804.0312    3473873512752.17   5114317829449.719   9001.609534775647   9696.948683553444   9893.439891233906   5.007572602753637e+37   7.426248434302929e+37  1.3814663286885825e+38 
 63070.592212983734  2789158240722.6387   3467988560434.189    5105675361141.54   9001.609534775647   9696.948683553444   9893.439891233906   4.990624918972232e+37   7.401146603055414e+37  1.3768046926485542e+38 
  63072.82095097686   2784436859429.819   3462118538424.666   5097054757861.714   9001.609534775647   9696.948683553444   9893.439891233906   4.973748834084892e+37   7.376150686132007e+37  1.3721626901624155e+38 
  63075.04968896998  2779727446392.5996   3456263396333.927   5088455946054.274   9001.609534775647   9696.948683553444   9893.439891233906    4.95694398567706e+37   7.351260148149634e+37  1.3675402221815514e+38 
   63077.2784269631  2775029961247.2734  3450423083985.5723   5079878852474.377   9001.609534775647   9696.948683553444   9893.439891233906   4.940210013483149e+37   7.326474456880909e+37   1.362937190236856e+38 
  63079.50716495622   2770344363801.621  3444597551413.3447   5071323404183.873   9001.609534775647   9696.948683553444   9893.439891233906   4.923546559349008e+37   7.301793083227746e+37    1.35835349643911e+38 
  63081.73590294934  2765670614031.1216   3438786748859.161   5062789528550.117   9001.609534775647   9696.948683553444   9893.439891233906    4.90695326723624e+37   7.277215501203578e+37  1.3537890434716427e+38 
  63083.96464094246  2761008672080.6763   3432990626779.462   5054277153243.683   9001.609534775647   9696.948683553444   9893.439891233906   4.890429783200996e+37   7.252741187910463e+37  1.3492437345899564e+38 
  63086.19337893558  2756358498262.5244   3427209135832.398   5045786206238.859   9001.609534775647   9696.948683553444   9893.439891233906   4.873975755377351e+37   7.228369623519898e+37  1.3447174736147243e+38 
 63088.422116928705   2751720053054.781  3421442226888.8057   5037316615809.803   9001.609534775647   9696.948683553444   9893.439891233906   4.857590833968312e+37   7.204100291252996e+37   1.340210164929964e+38 
  63090.65085492183   2747093297102.759  3415689851021.8584   5028868310531.295   9001.609534775647   9696.948683553444   9893.439891233906   4.841274671227028e+37   7.179932677357131e+37   1.335721713479343e+38 
  63092.87959291494   2742478191215.241  3409951959511.3994   5020441219278.617   9001.609534775647   9696.948683553444   9893.439891233906    4.82502692144869e+37   7.155866271086736e+37  1.3312520247608993e+38 
 63095.108330908064  2737874696365.3237  3404228503840.1763   5012035271217.038   9001.609534775647   9696.948683553444   9893.439891233906   4.808847240952686e+37   7.131900564684692e+37   1.326801004825021e+38 
 63097.337068901186   2733282773690.599  3398519435694.7695   5003650395813.557   9001.609534775647   9696.948683553444   9893.439891233906   4.792735288065317e+37   7.108035053364099e+37  1.3223685602689284e+38 
  63099.56580689431   2728702384489.445   3392824706962.575   4995286522824.624   9001.609534775647   9696.948683553444   9893.439891233906  4.7766907231202995e+37  7.0842692352835205e+37  1.3179545982362234e+38 
  63101.79454488743  2724133490223.6016  3387144269733.8564   4986943582301.296   9001.609534775647   9696.948683553444   9893.439891233906  4.7607132084302825e+37   7.060602611528021e+37  1.3135590264082564e+38 
 63104.023282880546  2719576052513.6934   3381478076296.411   4978621504583.871   9001.609534775647   9696.948683553444   9893.439891233906   4.744802408283097e+37  7.0370346860983745e+37  1.3091817530067057e+38 
  63106.25202087367  2715030033142.4688  3375826079138.3057   4970320220302.656   9001.609534775647   9696.948683553444   9893.439891233906   4.728957988918486e+37    7.01356496587478e+37  1.3048226867843346e+38 
  63108.48075886679  2710495394050.5957   3370188230945.241   4962039660375.279   9001.609534775647   9696.948683553444   9893.439891233906   4.713179618528361e+37   6.990192960615558e+37  1.3004817370247277e+38 
  63110.70949685991  2705972097337.3853   3364564484599.428   4953779756005.335   9001.609534775647   9696.948683553444   9893.439891233906   4.697466967234635e+37   6.966918182925015e+37   1.296158813537957e+38 
 63112.938234853034   2701460105260.227   3358954793180.205   4945540438681.746   9001.609534775647   9696.948683553444   9893.439891233906   4.681819707082307e+37   6.943740148248356e+37  1.2918538266574614e+38 
  63115.16697284615  2696959380231.9067  3353359109959.8926   4937321640179.688   9001.609534775647   9696.948683553444   9893.439891233906   4.666237512015448e+37    6.92065837482946e+37  1.2875666872345914e+38 
  63117.39571083927    2692469884823.42  3347777388406.5454   4929123292551.028   9001.609534775647   9696.948683553444   9893.439891233906   4.650720057880348e+37  6.8976723837195735e+37   1.283297306639275e+38 
 63119.624448832394  2687991581759.9175  3342209582179.7905   4920945328132.782   9001.609534775647   9696.948683553444   9893.439891233906   4.635267022400404e+37   6.874781698739544e+37  1.2790455967516628e+38 
 63121.853186825516  2683524433920.5996  3336655645133.1562   4912787679539.847   9001.609534775647   9696.948683553444   9893.439891233906   4.619878085172736e+37   6.851985846474873e+37  1.2748114699630438e+38 
  63124.08192481863   2679068404339.269   3331115531308.882   4904650279665.362   9001.609534775647   9696.948683553444   9893.439891233906    4.60455292764576e+37   6.829284356243034e+37   1.270594839170115e+38 
  63126.31066281175  2674623456202.5854    3325589194941.26   4896533061677.721   9001.609534775647   9696.948683553444   9893.439891233906   4.589291233117891e+37   6.806676760085492e+37  1.2663956177713537e+38 
 63128.539400804875  2670189552848.9004   3320076590453.047   4888435959023.709   9001.609534775647   9696.948683553444   9893.439891233906    4.57409268671457e+37   6.784162592749898e+37  1.2622137196649765e+38 
    63130.768138798  2665766657769.0317   3314577672454.751   4880358905418.402   9001.609534775647   9696.948683553444   9893.439891233906   4.558956975384408e+37   6.761741391667205e+37  1.2580490592459393e+38 
  63132.99687679112  2661354734603.1187   3309092395745.674   4872301834855.842   9001.609534775647   9696.948683553444   9893.439891233906   4.543883787886441e+37   6.739412696935725e+37  1.2539015514011746e+38 
 63135.225614784234   2656953747142.236  3303620715309.7544    4864264681598.18   9001.609534775647   9696.948683553444   9893.439891233906   4.528872814771532e+37   6.717176051307253e+37  1.2497711115074667e+38 
  63137.45435277736   2652563659326.846  3298162586316.8516   4856247380175.937   9001.609534775647   9696.948683553444   9893.439891233906   4.513923748377919e+37    6.69503100016581e+37   1.245657655427387e+38 
  63139.68309077048  2648184435244.9214   3292717964122.791   4848249865391.738   9001.609534775647   9696.948683553444   9893.439891233906   4.499036282815523e+37   6.672977091504276e+37  1.2415610995070353e+38 
   63141.9118287636  2643816039133.0537   3287286804265.643   4840272072311.382   9001.609534775647   9696.948683553444   9893.439891233906    4.48421011395469e+37   6.651013875929425e+37  1.2374813605729209e+38 
  63144.14056675672  2639458435374.8657  3281869062465.7827   4832313936269.548   9001.609534775647   9696.948683553444   9893.439891233906   4.469444939418569e+37   6.629140906609973e+37  1.2334183559269904e+38 
  63146.36930474984   2635111588499.451  3276464694626.7314   4824375392864.727   9001.609534775647   9696.948683553444   9893.439891233906   4.454740458563493e+37   6.607357739298081e+37  1.2293720033456773e+38 
  63148.59804274296   2630775463182.841  3271073656832.9033  4816456377957.9795   9001.609534775647   9696.948683553444   9893.439891233906   4.440096372477358e+37   6.585663932279468e+37   1.225342221076728e+38 
  63150.82678073608  2626450024244.4663  3265695905347.1133   4808556827672.352   9001.609534775647   9696.948683553444   9893.439891233906   4.425512383959084e+37   6.564059046378059e+37  1.2213289278339274e+38 
 63153.055518729205   2622135236649.003   3260331396613.562   4800676678391.942   9001.609534775647   9696.948683553444   9893.439891233906  4.4109881975125015e+37  6.5425426449283735e+37  1.2173320427967068e+38 
  63155.28425672233  2617831065503.3984  3254980087251.9385   4792815866762.085   9001.609534775647   9696.948683553444   9893.439891233906   4.396523519336526e+37   6.521114293767239e+37  1.2133514856052344e+38 
  63157.51299471544   2613537476058.002  3249641934062.8564   4784974329684.252   9001.609534775647   9696.948683553444   9893.439891233906   4.382118057310312e+37   6.499773561212689e+37  1.2093871763579652e+38 
 63159.741732708564  2609254433706.0073  3244316894020.5273   4777152004315.611   9001.609534775647   9696.948683553444   9893.439891233906   4.367771520983492e+37   6.478520018043681e+37  1.2054390356100747e+38 
 63161.970470701686   2604981903980.366  3239004924275.5317   4769348828071.592   9001.609534775647   9696.948683553444   9893.439891233906    4.35348362156709e+37   6.457353237493682e+37  1.2015069843674361e+38 
  63164.19920869481  2600719852555.4185  3233705982154.9814     4761564738620.9   9001.609534775647   9696.948683553444   9893.439891233906   4.339254071918238e+37   6.436272795226166e+37  1.1975909440868195e+38 
  63166.42794668793  2596468245246.3647   3228420025156.724   4753799673885.759   9001.609534775647   9696.948683553444   9893.439891233906   4.325082586534267e+37   6.415278269325745e+37   1.193690836670996e+38 
 63168.656684681046   2592227048006.573   3223147010954.884   4746053572039.678   9001.609534775647   9696.948683553444   9893.439891233906   4.310968881543203e+37    6.39436924027837e+37  1.1898065844661436e+38 
  63170.88542267417    2587996226927.28   3217886897395.165   4738326371507.832   9001.609534775647   9696.948683553444   9893.439891233906   4.296912674684063e+37   6.373545290953139e+37  1.1859381102601052e+38 
  63173.11416066729  2583775748239.2217  3212639642491.6797    4730618010963.25   9001.609534775647   9696.948683553444   9893.439891233906   4.282913685306041e+37   6.352806006593967e+37    1.18208533727813e+38 
  63175.34289866041   2579565578309.813  3207405204433.4355   4722928429328.361   9001.609534775647   9696.948683553444   9893.439891233906   4.268971634353867e+37   6.332150974796406e+37   1.178248189181144e+38 
 63177.571636653534  2575365683642.0933  3202183541577.3896   4715257565774.036   9001.609534775647   9696.948683553444   9893.439891233906   4.255086244359259e+37   6.311579785499961e+37  1.1744265900611529e+38 
  63179.80037464665   2571176030876.968  3196974612447.6494   4707605359714.404   9001.609534775647   9696.948683553444   9893.439891233906  4.2412572394249302e+37   6.291092030968076e+37  1.1706204644409015e+38 
  63182.02911263977  2566996586788.6626   3191778375738.949   4699971750810.367   9001.609534775647   9696.948683553444   9893.439891233906  4.2274843452251886e+37   6.270687305771829e+37  1.1668297372700214e+38 
 63184.257850632894    2562827318286.36   3186594790312.965   4692356678964.265   9001.609534775647   9696.948683553444   9893.439891233906  4.2137672889845235e+37   6.250365206782951e+37   1.163054333921395e+38 
 63186.486588626016   2558668192415.077   3181423815196.227   4684760084322.088   9001.609534775647   9696.948683553444   9893.439891233906  4.2001057994729866e+37   6.230125333146202e+37  1.1592941801894994e+38 
  63188.71532661913   2554519176349.859  3176265409582.4473   4677181907272.732   9001.609534775647   9696.948683553444   9893.439891233906   4.186499606997904e+37   6.209967286279041e+37   1.155549202287594e+38 
  63190.94406461225  2550380237401.0737  3171119532829.7812   4669622088440.531   9001.609534775647   9696.948683553444   9893.439891233906   4.172948443390629e+37   6.189890669842996e+37  1.1518193268440344e+38 
 63193.172802605375  2546251343010.2144  3165986144459.7354   4662080568691.998   9001.609534775647   9696.948683553444   9893.439891233906   4.159452041996142e+37     6.1698950897396e+37  1.1481044809014503e+38 
   63195.4015405985  2542132460749.5186  3160865204158.7773   4654557289132.047   9001.609534775647   9696.948683553444   9893.439891233906   4.146010137668949e+37   6.149980154095395e+37  1.1444045919123628e+38 
  63197.63027859162  2538023558322.2295   3155756671773.801   4647052191100.442   9001.609534775647   9696.948683553444   9893.439891233906   4.132622466754221e+37   6.130145473237747e+37  1.1407195877372218e+38 
  63199.85901658474  2533924603562.6807   3150660507314.453   4639565216172.079   9001.609534775647   9696.948683553444   9893.439891233906    4.11928876708756e+37    6.11039065969166e+37  1.1370493966417685e+38 
  63202.08775457786  2529835564432.7354   3145576670951.809   4632096306155.498   9001.609534775647   9696.948683553444   9893.439891233906  4.1060087779764857e+37   6.090715328165284e+37  1.1333939472948052e+38 
  63204.31649257098   2525756409025.534  3140505123016.3506   4624645403095.478   9001.609534775647   9696.948683553444   9893.439891233906   4.092782240203676e+37   6.071119095523253e+37  1.1297531687642432e+38 
   63206.5452305641    2521687105559.97  3135445823997.0273    4617212449266.01   9001.609534775647   9696.948683553444   9893.439891233906  4.0796088959993724e+37   6.051601580788611e+37   1.126126990517176e+38 
  63208.77396855722   2517627622383.731   3130398734544.046   4609797387172.528   9001.609534775647   9696.948683553444   9893.439891233906   4.066488489049099e+37   6.032162405119989e+37    1.12251534241459e+38 
  63211.00270655034  2513577927971.5728  3125363815462.7725   4602400159551.926   9001.609534775647   9696.948683553444   9893.439891233906   4.053420764474585e+37   6.012801191800298e+37  1.1189181547094056e+38 
  63213.23144454346  2509537990925.3604  3120341027717.1777   4595020709367.026   9001.609534775647   9696.948683553444   9893.439891233906  4.0404054688292713e+37   5.993517566222358e+37  1.1153353580463586e+38 
  63215.46018253658  2505507779969.8076   3115330332426.291   4587658979810.493   9001.609534775647   9696.948683553444   9893.439891233906   4.027442350084151e+37   5.974311155874384e+37   1.111766883455208e+38 
 63217.688920529705   2501487263957.942  3110331690865.8496   4580314914300.728   9001.609534775647   9696.948683553444   9893.439891233906   4.014531157624959e+37   5.955181590333789e+37  1.1082126623531964e+38 
  63219.91765852283  2497476411865.5186   3105345064466.028   4572988456480.958   9001.609534775647   9696.948683553444   9893.439891233906   4.001671642237836e+37   5.936128501240865e+37  1.1046726265383839e+38 
  63222.14639651594  2493475192793.3545  3100370414810.8125   4565679550220.611   9001.609534775647   9696.948683553444   9893.439891233906  3.9888635561034155e+37   5.917151522296527e+37   1.101146708190138e+38 
 63224.375134509064   2489483575964.601  3095407703637.6704   4558388139610.061   9001.609534775647   9696.948683553444   9893.439891233906  3.9761066527869173e+37   5.898250289249512e+37   1.097634839864428e+38 
 63226.603872502186   2485501530725.446  3090456892836.9873   4551114168963.126   9001.609534775647   9696.948683553444   9893.439891233906   3.963400687228811e+37   5.879424439872363e+37  1.0941369544935336e+38 
  63228.83261049531   2481529026545.466  3085517944450.7896   4543857582815.903   9001.609534775647   9696.948683553444   9893.439891233906   3.950745415738353e+37   5.860673613960144e+37  1.0906529853816097e+38 
  63231.06134848843  2477566033013.8906   3080590820671.936   4536618325922.285   9001.609534775647   9696.948683553444   9893.439891233906  3.9381405959787846e+37   5.841997453312734e+37  1.0871828662048943e+38 
 63233.290086481546  2473612519841.9565  3075675483844.5527   4529396343257.228   9001.609534775647   9696.948683553444   9893.439891233906    3.92558598696781e+37   5.823395601720147e+37  1.0837265310061817e+38 
  63235.51882447467   2469668456861.741  3070771896461.6387   4522191580012.236   9001.609534775647   9696.948683553444   9893.439891233906  3.9130813490625735e+37   5.804867704953584e+37  1.0802839141946364e+38 
  63237.74756246779   2465733814024.799   3065880021165.589   4515003981597.008   9001.609534775647   9696.948683553444   9893.439891233906  3.9006264439524166e+37   5.786413410752767e+37  1.0768549505438784e+38 
  63239.97630046091  2461808561400.4844     3060999820747.0   4507833493635.619   9001.609534775647   9696.948683553444   9893.439891233906  3.8882210346524583e+37   5.768032368812554e+37  1.0734395751877458e+38 
 63242.205038454034  2457892669179.8164   3056131258144.209   4500680061969.016   9001.609534775647   9696.948683553444   9893.439891233906  3.8758648854900213e+37    5.74972423076504e+37  1.0700377236195638e+38 
  63244.43377644715   2453986107669.562   3051274296441.839   4493543632651.343   9001.609534775647   9696.948683553444   9893.439891233906    3.86355776210253e+37   5.731488650176263e+37   1.066649331689345e+38 
  63246.66251444027   2450088847295.329  3046428898871.2314   4486424151949.178   9001.609534775647   9696.948683553444   9893.439891233906  3.8512994314255406e+37   5.713325282531127e+37   1.063274335601263e+38 
 63248.891252433394  2446200858599.1577  3041595028809.2627   4479321566341.708   9001.609534775647   9696.948683553444   9893.439891233906   3.839089661687271e+37   5.695233785218823e+37  1.0599126719117712e+38 
 63251.119990426516   2442322112239.712  3036772649777.6523   4472235822517.824   9001.609534775647   9696.948683553444   9893.439891233906  3.8269282223971503e+37   5.677213817522552e+37  1.0565642775280685e+38 
  63253.34872841964   2438452578991.889  3031961725441.2334   4465166867377.555   9001.609534775647   9696.948683553444   9893.439891233906   3.814814884339026e+37   5.659265040607267e+37  1.0532290897038512e+38 
  63255.57746641275   2434592229745.326  3027162219609.8457   4458114648029.683   9001.609534775647   9696.948683553444   9893.439891233906   3.802749419563135e+37    5.64138711750768e+37  1.0499070460394864e+38 
 63257.806204405875   2430741035505.126    3022374096234.99   4451079111790.659   9001.609534775647   9696.948683553444   9893.439891233906  3.7907316013789996e+37   5.623579713113277e+37  1.0465980844784904e+38 
    63260.034942399  2426898967390.0737  3017597319410.6895   4444060206183.649   9001.609534775647   9696.948683553444   9893.439891233906   3.778761204347641e+37   5.605842494168377e+37  1.0433021433052295e+38 
  63262.26368039212   2423065996633.469   3012831853372.335     4437057878939.1   9001.609534775647   9696.948683553444   9893.439891233906   3.766838004271914e+37   5.588175129245354e+37   1.040019161144018e+38 
  63264.49241838524   2419242094581.427  3008077662495.1357   4430072077990.148   9001.609534775647   9696.948683553444   9893.439891233906  3.7549617781888453e+37   5.570577288741976e+37  1.0367490769554976e+38 
  63266.72115637836  2415427232692.2266  3003334711295.8906   4423102751475.629   9001.609534775647   9696.948683553444   9893.439891233906   3.743132304362838e+37   5.553048644867204e+37  1.0334918300354517e+38 
  63268.94989437148   2411621382537.221  2998602964430.4414   4416149847737.657   9001.609534775647   9696.948683553444   9893.439891233906  3.7313493622789742e+37  5.5355888716280155e+37  1.0302473600127148e+38 
   63271.1786323646  2407824515798.5435  2993882386691.9307   4409213315318.988   9001.609534775647   9696.948683553444   9893.439891233906   3.719612732634599e+37   5.518197644828123e+37  1.0270156068466298e+38 
  63273.40737035772  2404036604269.8984   2989172943013.998   4402293102965.475   9001.609534775647   9696.948683553444   9893.439891233906  3.7079221973300613e+37    5.50087464204423e+37  1.0237965108245325e+38 
  63275.63610835084    2400257619856.11  2984474598465.0625  4395389159622.2886   9001.609534775647   9696.948683553444   9893.439891233906   3.696277539459959e+37   5.483619542613988e+37  1.0205900125615578e+38 
  63277.86484634396  2396487534570.6465  2979787318252.7256  4388501434433.2095   9001.609534775647   9696.948683553444   9893.439891233906  3.6846785433132785e+37   5.466432027643845e+37  1.0173960529972127e+38 
  63280.09358433708   2392726320537.424  2975111067719.8657   4381629876741.338   9001.609534775647   9696.948683553444   9893.439891233906  3.6731249943584287e+37   5.449311779974569e+37  1.0142145733919223e+38 
 63282.322322330205   2388973949989.437  2970445812343.0586  4374774436087.1733   9001.609534775647   9696.948683553444   9893.439891233906   3.661616679235079e+37   5.432258484183675e+37  1.0110455153295399e+38 
  63284.55106032333  2385230395267.7407   2965791517738.171   4367935062208.522   9001.609534775647   9696.948683553444   9893.439891233906  3.6501533857550143e+37    5.41527182657621e+37  1.0078888207095673e+38 
  63286.77979831645  2381495628821.1245  2961148149649.8784   4361111705036.297   9001.609534775647   9696.948683553444   9893.439891233906   3.638734902886882e+37   5.398351495162725e+37  1.0047444317499224e+38 
 63289.008536309564  2377769623207.4673  2956515673961.0967   4354304314697.774   9001.609534775647   9696.948683553444   9893.439891233906   3.627361020751803e+37   5.381497179660473e+37  1.0016122909825752e+38 
 63291.237274302686  2374052351089.5215   2951894056685.023  4347512841515.4263   9001.609534775647   9696.948683553444   9893.439891233906   3.616031530617395e+37   5.364708571477584e+37   9.984923412512316e+37 
  63293.46601229581  2370343785238.1514   2947283263968.835    4340737236001.52   9001.609534775647   9696.948683553444   9893.439891233906   3.604746224886795e+37   5.347985363696331e+37   9.953845257125141e+37 
  63295.69475028893   2366643898529.709  2942683262089.9785   4333977448862.215   9001.609534775647   9696.948683553444   9893.439891233906   3.593504897099457e+37   5.331327251077718e+37   9.922887878292007e+37 
 63297.923488282046  2362952663945.1655  2938094017458.6216   4327233430996.196   9001.609534775647   9696.948683553444   9893.439891233906    3.58230734191326e+37   5.314733930039686e+37   9.892050713725675e+37 
  63300.15222627517   2359270054571.417    2933515496613.92  4320505133488.2026   9001.609534775647   9696.948683553444   9893.439891233906   3.571153355105362e+37   5.298205098646569e+37   9.861333204182002e+37 
  63302.38096426829  2355596043600.2646   2928947666225.632   4313792507616.781   9001.609534775647   9696.948683553444   9893.439891233906   3.560042733562951e+37   5.281740456605333e+37   9.830734793454509e+37 
  63304.60970226141   2351930604326.356  2924390493093.8125    4307095504845.56   9001.609534775647   9696.948683553444   9893.439891233906   3.548975275278494e+37   5.265339705249394e+37   9.800254928335648e+37 
 63306.838440254534   2348273710148.489   2919843944145.457  4300414076827.0815   9001.609534775647   9696.948683553444   9893.439891233906   3.537950779337199e+37   5.249002547535947e+37    9.76989305862833e+37 
  63309.06717824765   2344625334569.199   2915307986436.842   4293748175401.698   9001.609534775647   9696.948683553444   9893.439891233906   3.526969045916212e+37   5.232728688024943e+37   9.739648637091313e+37 
  63311.29591624077   2340985451192.223   2910782587151.825  4287097752595.1772   9001.609534775647   9696.948683553444   9893.439891233906  3.5160298762757256e+37   5.216517832878976e+37   9.709521119452852e+37 
 63313.524654233894   2337354033724.819  2906267713600.6387   4280462760614.728   9001.609534775647   9696.948683553444   9893.439891233906  3.5051330727516136e+37   5.200369689848076e+37   9.679509964379856e+37 
 63315.753392227016  2333731055974.5293  2901763333219.8896  4273843151857.2456   9001.609534775647   9696.948683553444   9893.439891233906   3.494278438745602e+37   5.184283968265641e+37   9.649614633447781e+37 
  63317.98213022014   2330116491850.714  2897269413572.4453  4267238878899.8555   9001.609534775647   9696.948683553444   9893.439891233906    3.48346577873046e+37   5.168260379028727e+37   9.619834591147226e+37 
  63320.21086821325   2326510315363.832  2892785922345.6562  4260649894502.1953   9001.609534775647   9696.948683553444   9893.439891233906   3.472694898227439e+37   5.152298634598807e+37   9.590169304848675e+37 
 63322.439606206375   2322912500624.428   2888312827352.793   4254076151605.486   9001.609534775647   9696.948683553444   9893.439891233906   3.461965603811476e+37   5.136398448985878e+37   9.560618244782035e+37 
   63324.6683441995  2319323021841.6787  2883850096529.4443   4247517603333.082   9001.609534775647   9696.948683553444   9893.439891233906  3.4512777030993763e+37   5.120559537741038e+37   9.531180884036927e+37 
  63326.89708219262  2315741853325.5845  2879397697936.3384   4240974202986.763   9001.609534775647   9696.948683553444   9893.439891233906   3.440631004747491e+37   5.104781617945409e+37    9.50185669852737e+37 
  63329.12582018574   2312168969483.908    2874955599755.33  4234445904047.5913   9001.609534775647   9696.948683553444   9893.439891233906   3.430025318438943e+37   5.089064408204997e+37    9.47264516698371e+37 
  63331.35455817886   2308604344823.744  2870523770291.8394  4227932660176.9585   9001.609534775647   9696.948683553444   9893.439891233906   3.419460454883559e+37   5.073407628637283e+37   9.443545770931596e+37 
  63333.58329617198  2305047953949.6777  2866102177972.4683  4221434425209.7383   9001.609534775647   9696.948683553444   9893.439891233906    3.40893622580836e+37   5.057811000860036e+37   9.414557994684994e+37 
   63335.8120341651   2301499771562.821   2861690791345.741  4214951153161.2275   9001.609534775647   9696.948683553444   9893.439891233906  3.3984524439525453e+37   5.042274247986794e+37    9.38568132530179e+37 
  63338.04077215822   2297959772463.243   2857289579080.095   4208482798220.544   9001.609534775647   9696.948683553444   9893.439891233906  3.3880089230613234e+37   5.026797094618364e+37    9.35691525260709e+37 
 63340.269510151345  2294427931546.1567   2852898509964.282  4202029314752.3228   9001.609534775647   9696.948683553444   9893.439891233906  3.3776054778761702e+37   5.011379266829519e+37   9.328259269140039e+37 
  63342.49824814446   2290904223803.014  2848517552906.4004   4195590657295.945   9001.609534775647   9696.948683553444   9893.439891233906   3.367241924134503e+37   4.996020492161129e+37    9.29971287016351e+37 
  63344.72698613758  2287388624322.2573  2844146676934.0967  4189166780563.6553   9001.609534775647   9696.948683553444   9893.439891233906  3.3569180785608263e+37   4.980720499613911e+37   9.271275553622636e+37 
 63346.955724130705    2283881108285.57  2839785851192.3984    4182757639440.81   9001.609534775647   9696.948683553444   9893.439891233906  3.3466337588591187e+37   4.965479019633798e+37   9.242946820153698e+37 
  63349.18446212383   2280381650971.106  2835435044945.4365  4176363188984.0303   9001.609534775647   9696.948683553444   9893.439891233906  3.3363887837104603e+37   4.950295784112672e+37   9.214726173050516e+37 
  63351.41320011695   2276890227750.559   2831094227574.003   4169983384420.812   9001.609534775647   9696.948683553444   9893.439891233906  3.3261829727635945e+37   4.935170526367093e+37   9.186613118253176e+37 
 63353.641938110064  2273406814089.8247  2826763368575.5967  4163618181150.3906   9001.609534775647   9696.948683553444   9893.439891233906  3.3160161466299416e+37   4.920102981139403e+37   9.158607164334602e+37 
 63355.870676103186   2269931385549.034   2822442437564.925   4157267534739.867   9001.609534775647   9696.948683553444   9893.439891233906   3.305888126880819e+37    4.90509288458854e+37   9.130707822491464e+37 
  63358.09941409631  2266463917780.7495  2818131404270.9995   4150931400926.112   9001.609534775647   9696.948683553444   9893.439891233906   3.295798736035625e+37  4.8901399742732375e+37   9.102914606499126e+37 
  63360.32815208943  2263004386529.1816   2813830238538.829   4144609735613.797   9001.609534775647   9696.948683553444   9893.439891233906   3.285747797562398e+37   4.875243989153207e+37    9.07522703273003e+37 
 63362.556890082546   2259552767633.055   2809538910329.086    4138302494874.72   9001.609534775647   9696.948683553444   9893.439891233906   3.275735135867618e+37    4.86040466957505e+37   9.047644620122035e+37 
  63364.78562807567   2256109037020.725  2805257389714.6416    4132009634945.47   9001.609534775647   9696.948683553444   9893.439891233906  3.2657605762914476e+37  4.8456217572638245e+37   9.020166890167731e+37 
  63367.01436606879   2252673170713.667   2800985646884.056   4125731112232.054   9001.609534775647   9696.948683553444   9893.439891233906    3.25582394510554e+37   4.830894995320498e+37   8.992793366887235e+37 
  63369.24310406191   2249245144823.146   2796723652137.076  4119466883302.9062   9001.609534775647   9696.948683553444   9893.439891233906  3.2459250695007246e+37   4.816224128203086e+37    8.96552357682721e+37 
 63371.471842055034  2245824935552.1885   2792471375887.061  4113216904890.0225   9001.609534775647   9696.948683553444   9893.439891233906  3.2360637775880657e+37   4.801608901728958e+37   8.938357049045183e+37 
  63373.70058004815  2242412519192.6255  2788228788660.0537    4106981133891.29   9001.609534775647   9696.948683553444   9893.439891233906    3.22623989838824e+37    4.78704906306072e+37    8.91129331507847e+37 
  63375.92931804127  2239007872127.6123  2783995861092.6016   4100759527364.849   9001.609534775647   9696.948683553444   9893.439891233906   3.216453261829501e+37  4.7725443607005605e+37   8.884331908951203e+37 
 63378.158056034394  2235610970828.1387  2779772563933.4814  4094552042532.5215   9001.609534775647   9696.948683553444   9893.439891233906  3.2067036987418363e+37    4.75809454447805e+37   8.857472367141156e+37 
 63380.386794027516  2232221791854.7617   2775558868040.569  4088358636777.0312   9001.609534775647   9696.948683553444   9893.439891233906   3.196991040847634e+37  4.7436993655492615e+37   8.830714228572075e+37 
  63382.61553202064   2228840311857.337   2771354744382.749  4082179267640.0947   9001.609534775647   9696.948683553444   9893.439891233906   3.187315120762175e+37   4.729358576384251e+37   8.804057034605769e+37 
  63384.84427001375   2225466507572.357  2767160164038.7896  4076013892825.9863   9001.609534775647   9696.948683553444   9893.439891233906  3.1776757719828114e+37   4.715071930754465e+37    8.77750032901324e+37 
 63387.073008006875  2222100355825.9766  2762975098196.0547   4069862470196.403   9001.609534775647   9696.948683553444   9893.439891233906  3.1680728288876555e+37  4.7008391837358995e+37   8.751043657968203e+37 
       63389.301746  2218741833529.3354   2758799518151.117   4063724957769.553   9001.609534775647   9696.948683553444   9893.439891233906   3.158506126729949e+37   4.686660091693709e+37    8.72468657003716e+37 
