       MJD  Phase    Upper     Mean    Lower   Cenwave      Filter 
 60310.476    0.0      nan      nan      nan   2083.95  swift_UVW2 
  60311.01    0.5   -9.587  -11.472  -12.149   2083.95  swift_UVW2 
 60311.544    1.0   -9.884  -12.331   -13.14   2083.95  swift_UVW2 
 60312.078    1.5  -11.463  -13.018  -13.744   2083.95  swift_UVW2 
 60312.612    2.0  -12.455  -13.537  -14.174   2083.95  swift_UVW2 
 60313.146    2.5  -13.011  -13.975  -14.535   2083.95  swift_UVW2 
  60313.68    3.0   -13.55  -14.314  -14.823   2083.95  swift_UVW2 
 60314.214    3.5  -13.958  -14.604  -15.082   2083.95  swift_UVW2 
 60314.748    4.0  -14.378  -14.875  -15.321   2083.95  swift_UVW2 
 60315.282    4.5  -14.689  -15.134  -15.525   2083.95  swift_UVW2 
 60315.816    5.0  -14.922  -15.327  -15.696   2083.95  swift_UVW2 
  60316.35    5.5  -15.161  -15.524   -15.85   2083.95  swift_UVW2 
 60316.884    6.0  -15.349  -15.706    -16.0   2083.95  swift_UVW2 
 60317.418    6.5  -15.523  -15.848  -16.132   2083.95  swift_UVW2 
 60317.952    7.0  -15.672  -15.977  -16.252   2083.95  swift_UVW2 
 60318.486    7.5  -15.834  -16.123  -16.371   2083.95  swift_UVW2 
  60319.02    8.0  -15.969  -16.245  -16.471   2083.95  swift_UVW2 
 60319.554    8.5  -16.071  -16.361  -16.577   2083.95  swift_UVW2 
 60320.088    9.0  -16.189  -16.462  -16.671   2083.95  swift_UVW2 
 60320.622    9.5  -16.299  -16.552  -16.758   2083.95  swift_UVW2 
 60321.156   10.0    -16.4  -16.643  -16.842   2083.95  swift_UVW2 
  60321.69   10.5  -16.492  -16.733  -16.921   2083.95  swift_UVW2 
 60322.224   11.0  -16.568  -16.813  -16.995   2083.95  swift_UVW2 
 60322.758   11.5   -16.64   -16.89  -17.064   2083.95  swift_UVW2 
 60323.292   12.0  -16.708  -16.957  -17.127   2083.95  swift_UVW2 
 60323.826   12.5  -16.772  -17.025   -17.19   2083.95  swift_UVW2 
  60324.36   13.0  -16.837  -17.085  -17.251   2083.95  swift_UVW2 
 60324.894   13.5    -16.9  -17.142  -17.308   2083.95  swift_UVW2 
 60325.428   14.0  -16.958    -17.2  -17.362   2083.95  swift_UVW2 
 60325.962   14.5  -17.011  -17.254  -17.411   2083.95  swift_UVW2 
 60326.496   15.0  -17.063  -17.308  -17.456   2083.95  swift_UVW2 
  60327.03   15.5  -17.113  -17.359  -17.507   2083.95  swift_UVW2 
 60327.564   16.0   -17.16  -17.404   -17.55   2083.95  swift_UVW2 
 60328.098   16.5  -17.206  -17.447   -17.59   2083.95  swift_UVW2 
 60328.632   17.0   -17.25  -17.487  -17.629   2083.95  swift_UVW2 
 60329.166   17.5  -17.293  -17.525  -17.669   2083.95  swift_UVW2 
   60329.7   18.0  -17.335  -17.563  -17.706   2083.95  swift_UVW2 
 60330.234   18.5  -17.376  -17.598  -17.742   2083.95  swift_UVW2 
 60330.768   19.0  -17.412  -17.632  -17.776   2083.95  swift_UVW2 
 60331.302   19.5  -17.448  -17.664  -17.809   2083.95  swift_UVW2 
 60331.836   20.0  -17.482  -17.694  -17.842   2083.95  swift_UVW2 
  60332.37   20.5  -17.516  -17.723  -17.873   2083.95  swift_UVW2 
 60332.904   21.0  -17.547   -17.75  -17.903   2083.95  swift_UVW2 
 60333.438   21.5  -17.578  -17.777  -17.931   2083.95  swift_UVW2 
 60333.972   22.0  -17.607  -17.803  -17.958   2083.95  swift_UVW2 
 60334.506   22.5  -17.633  -17.829  -17.984   2083.95  swift_UVW2 
  60335.04   23.0  -17.657  -17.853  -18.008   2083.95  swift_UVW2 
 60335.574   23.5  -17.681  -17.874   -18.03   2083.95  swift_UVW2 
 60336.108   24.0  -17.705  -17.894   -18.05   2083.95  swift_UVW2 
 60336.642   24.5  -17.727  -17.914  -18.069   2083.95  swift_UVW2 
 60337.176   25.0  -17.748  -17.933   -18.09   2083.95  swift_UVW2 
  60337.71   25.5  -17.769  -17.952   -18.11   2083.95  swift_UVW2 
 60338.244   26.0  -17.787   -17.97  -18.128   2083.95  swift_UVW2 
 60338.778   26.5  -17.804  -17.987  -18.146   2083.95  swift_UVW2 
 60339.312   27.0   -17.82  -18.003  -18.159   2083.95  swift_UVW2 
 60339.846   27.5  -17.836  -18.018  -18.174   2083.95  swift_UVW2 
  60340.38   28.0  -17.851  -18.032  -18.187   2083.95  swift_UVW2 
 60340.914   28.5  -17.865  -18.044  -18.201   2083.95  swift_UVW2 
 60341.448   29.0  -17.879  -18.056  -18.215   2083.95  swift_UVW2 
 60341.982   29.5  -17.893  -18.068   -18.23   2083.95  swift_UVW2 
 60342.516   30.0  -17.903  -18.081  -18.244   2083.95  swift_UVW2 
  60343.05   30.5  -17.913  -18.093  -18.257   2083.95  swift_UVW2 
 60343.584   31.0  -17.924  -18.102  -18.269   2083.95  swift_UVW2 
 60344.118   31.5  -17.934   -18.11   -18.28   2083.95  swift_UVW2 
 60344.652   32.0  -17.942   -18.12  -18.289   2083.95  swift_UVW2 
 60345.186   32.5  -17.952   -18.13  -18.298   2083.95  swift_UVW2 
  60345.72   33.0  -17.961   -18.14  -18.307   2083.95  swift_UVW2 
 60346.254   33.5  -17.969  -18.149  -18.314   2083.95  swift_UVW2 
 60346.788   34.0  -17.976  -18.158  -18.321   2083.95  swift_UVW2 
 60347.322   34.5  -17.982  -18.167  -18.327   2083.95  swift_UVW2 
 60347.856   35.0  -17.988  -18.174  -18.333   2083.95  swift_UVW2 
  60348.39   35.5  -17.993   -18.18  -18.338   2083.95  swift_UVW2 
 60348.924   36.0  -17.998  -18.186  -18.343   2083.95  swift_UVW2 
 60349.458   36.5  -18.004  -18.191  -18.348   2083.95  swift_UVW2 
 60349.992   37.0  -18.008  -18.195  -18.353   2083.95  swift_UVW2 
 60350.526   37.5  -18.011  -18.197  -18.356   2083.95  swift_UVW2 
  60351.06   38.0  -18.013  -18.199  -18.359   2083.95  swift_UVW2 
 60351.594   38.5  -18.015  -18.201  -18.362   2083.95  swift_UVW2 
 60352.128   39.0  -18.017  -18.202  -18.364   2083.95  swift_UVW2 
 60352.662   39.5  -18.018  -18.201  -18.365   2083.95  swift_UVW2 
 60353.196   40.0  -18.019  -18.201  -18.365   2083.95  swift_UVW2 
  60353.73   40.5  -18.019    -18.2  -18.365   2083.95  swift_UVW2 
 60354.264   41.0  -18.019  -18.201  -18.364   2083.95  swift_UVW2 
 60354.798   41.5  -18.019  -18.201  -18.362   2083.95  swift_UVW2 
 60355.332   42.0  -18.018    -18.2  -18.361   2083.95  swift_UVW2 
 60355.866   42.5  -18.016  -18.199  -18.358   2083.95  swift_UVW2 
   60356.4   43.0  -18.015  -18.198  -18.357   2083.95  swift_UVW2 
 60356.934   43.5  -18.013  -18.197  -18.354   2083.95  swift_UVW2 
 60357.468   44.0   -18.01  -18.194  -18.351   2083.95  swift_UVW2 
 60358.002   44.5  -18.007   -18.19  -18.348   2083.95  swift_UVW2 
 60358.536   45.0  -18.004  -18.186  -18.345   2083.95  swift_UVW2 
  60359.07   45.5    -18.0  -18.183  -18.342   2083.95  swift_UVW2 
 60359.604   46.0  -17.996  -18.179  -18.339   2083.95  swift_UVW2 
 60360.138   46.5  -17.991  -18.174  -18.335   2083.95  swift_UVW2 
 60360.672   47.0  -17.986   -18.17  -18.331   2083.95  swift_UVW2 
 60361.206   47.5  -17.981  -18.165  -18.326   2083.95  swift_UVW2 
  60361.74   48.0  -17.976   -18.16  -18.321   2083.95  swift_UVW2 
 60362.274   48.5   -17.97  -18.154  -18.315   2083.95  swift_UVW2 
 60362.808   49.0  -17.964  -18.147  -18.309   2083.95  swift_UVW2 
 60363.342   49.5  -17.958  -18.141  -18.303   2083.95  swift_UVW2 
 60363.876   50.0  -17.952  -18.134  -18.296   2083.95  swift_UVW2 
  60364.41   50.5  -17.946  -18.126  -18.289   2083.95  swift_UVW2 
 60364.944   51.0  -17.939  -18.118  -18.282   2083.95  swift_UVW2 
 60365.478   51.5  -17.932  -18.109  -18.275   2083.95  swift_UVW2 
 60366.012   52.0  -17.925    -18.1  -18.267   2083.95  swift_UVW2 
 60366.546   52.5  -17.916  -18.091  -18.259   2083.95  swift_UVW2 
  60367.08   53.0  -17.906  -18.082   -18.25   2083.95  swift_UVW2 
 60367.614   53.5  -17.897  -18.073  -18.241   2083.95  swift_UVW2 
 60368.148   54.0  -17.887  -18.063  -18.231   2083.95  swift_UVW2 
 60368.682   54.5  -17.875  -18.053  -18.222   2083.95  swift_UVW2 
 60369.216   55.0  -17.863  -18.043  -18.211   2083.95  swift_UVW2 
  60369.75   55.5  -17.851  -18.032    -18.2   2083.95  swift_UVW2 
 60370.284   56.0  -17.838  -18.021  -18.189   2083.95  swift_UVW2 
 60370.818   56.5  -17.825  -18.009  -18.177   2083.95  swift_UVW2 
 60371.352   57.0  -17.811  -17.996  -18.165   2083.95  swift_UVW2 
 60371.886   57.5  -17.798  -17.983  -18.152   2083.95  swift_UVW2 
  60372.42   58.0  -17.785   -17.97  -18.139   2083.95  swift_UVW2 
 60372.954   58.5  -17.773  -17.956  -18.125   2083.95  swift_UVW2 
 60373.488   59.0   -17.76  -17.942  -18.111   2083.95  swift_UVW2 
 60374.022   59.5  -17.747  -17.928  -18.096   2083.95  swift_UVW2 
 60374.556   60.0  -17.734  -17.913  -18.081   2083.95  swift_UVW2 
  60375.09   60.5  -17.719  -17.898  -18.066   2083.95  swift_UVW2 
 60375.624   61.0  -17.704  -17.882   -18.05   2083.95  swift_UVW2 
 60376.158   61.5  -17.688  -17.866  -18.034   2083.95  swift_UVW2 
 60376.692   62.0  -17.671   -17.85  -18.018   2083.95  swift_UVW2 
 60377.226   62.5  -17.654  -17.833  -18.002   2083.95  swift_UVW2 
  60377.76   63.0  -17.636  -17.816  -17.986   2083.95  swift_UVW2 
 60378.294   63.5  -17.618  -17.798  -17.969   2083.95  swift_UVW2 
 60378.828   64.0  -17.601   -17.78  -17.951   2083.95  swift_UVW2 
 60379.362   64.5  -17.583  -17.762  -17.934   2083.95  swift_UVW2 
 60379.896   65.0  -17.565  -17.744  -17.915   2083.95  swift_UVW2 
  60380.43   65.5  -17.546  -17.726  -17.897   2083.95  swift_UVW2 
 60380.964   66.0  -17.528  -17.707  -17.878   2083.95  swift_UVW2 
 60381.498   66.5  -17.509  -17.688  -17.859   2083.95  swift_UVW2 
 60382.032   67.0   -17.49  -17.669  -17.839   2083.95  swift_UVW2 
 60382.566   67.5  -17.469  -17.649  -17.819   2083.95  swift_UVW2 
   60383.1   68.0  -17.449  -17.628  -17.798   2083.95  swift_UVW2 
 60383.634   68.5  -17.427  -17.607  -17.777   2083.95  swift_UVW2 
 60384.168   69.0  -17.406  -17.586  -17.756   2083.95  swift_UVW2 
 60384.702   69.5  -17.384  -17.564  -17.734   2083.95  swift_UVW2 
 60385.236   70.0  -17.362  -17.542  -17.712   2083.95  swift_UVW2 
  60385.77   70.5  -17.339  -17.519  -17.689   2083.95  swift_UVW2 
 60386.304   71.0  -17.316  -17.496  -17.666   2083.95  swift_UVW2 
 60386.838   71.5  -17.293  -17.473  -17.643   2083.95  swift_UVW2 
 60387.372   72.0   -17.27   -17.45  -17.619   2083.95  swift_UVW2 
 60387.906   72.5  -17.246  -17.425  -17.596   2083.95  swift_UVW2 
  60388.44   73.0  -17.222  -17.401  -17.571   2083.95  swift_UVW2 
 60388.974   73.5  -17.197  -17.377  -17.546   2083.95  swift_UVW2 
 60389.508   74.0  -17.172  -17.352  -17.521   2083.95  swift_UVW2 
 60390.042   74.5  -17.147  -17.326  -17.495   2083.95  swift_UVW2 
 60390.576   75.0  -17.121  -17.301  -17.468   2083.95  swift_UVW2 
  60391.11   75.5  -17.096  -17.274  -17.441   2083.95  swift_UVW2 
 60391.644   76.0   -17.07  -17.247  -17.415   2083.95  swift_UVW2 
 60392.178   76.5  -17.044   -17.22  -17.388   2083.95  swift_UVW2 
 60392.712   77.0  -17.018  -17.193   -17.36   2083.95  swift_UVW2 
 60393.246   77.5  -16.991  -17.165  -17.332   2083.95  swift_UVW2 
  60393.78   78.0  -16.964  -17.137  -17.304   2083.95  swift_UVW2 
 60394.314   78.5  -16.937  -17.108  -17.275   2083.95  swift_UVW2 
 60394.848   79.0  -16.909   -17.08  -17.246   2083.95  swift_UVW2 
 60395.382   79.5   -16.88   -17.05  -17.217   2083.95  swift_UVW2 
 60395.916   80.0  -16.851   -17.02  -17.187   2083.95  swift_UVW2 
  60396.45   80.5  -16.821   -16.99  -17.157   2083.95  swift_UVW2 
 60396.984   81.0  -16.791   -16.96  -17.126   2083.95  swift_UVW2 
 60397.518   81.5  -16.761  -16.929  -17.095   2083.95  swift_UVW2 
 60398.052   82.0   -16.73  -16.898  -17.063   2083.95  swift_UVW2 
 60398.586   82.5  -16.699  -16.866  -17.032   2083.95  swift_UVW2 
  60399.12   83.0  -16.668  -16.835  -16.999   2083.95  swift_UVW2 
 60399.654   83.5  -16.636  -16.802  -16.968   2083.95  swift_UVW2 
 60400.188   84.0  -16.604   -16.77  -16.935   2083.95  swift_UVW2 
 60400.722   84.5  -16.572  -16.737  -16.902   2083.95  swift_UVW2 
 60401.256   85.0  -16.539  -16.704  -16.869   2083.95  swift_UVW2 
  60401.79   85.5  -16.506   -16.67  -16.835   2083.95  swift_UVW2 
 60402.324   86.0  -16.472  -16.636  -16.802   2083.95  swift_UVW2 
 60402.858   86.5  -16.438  -16.602  -16.768   2083.95  swift_UVW2 
 60403.392   87.0  -16.403  -16.567  -16.734   2083.95  swift_UVW2 
 60403.926   87.5  -16.368  -16.531  -16.699   2083.95  swift_UVW2 
  60404.46   88.0  -16.332  -16.497  -16.664   2083.95  swift_UVW2 
 60404.994   88.5  -16.296  -16.462  -16.629   2083.95  swift_UVW2 
 60405.528   89.0   -16.26  -16.427  -16.594   2083.95  swift_UVW2 
 60406.062   89.5  -16.223   -16.39  -16.557   2083.95  swift_UVW2 
 60406.596   90.0  -16.187  -16.353   -16.52   2083.95  swift_UVW2 
  60407.13   90.5  -16.149  -16.316  -16.482   2083.95  swift_UVW2 
 60407.664   91.0  -16.112  -16.278  -16.444   2083.95  swift_UVW2 
 60408.198   91.5  -16.075  -16.239  -16.406   2083.95  swift_UVW2 
 60408.732   92.0  -16.038    -16.2  -16.366   2083.95  swift_UVW2 
 60409.266   92.5    -16.0   -16.16  -16.329   2083.95  swift_UVW2 
   60409.8   93.0  -15.962  -16.121  -16.292   2083.95  swift_UVW2 
 60410.334   93.5  -15.923  -16.082  -16.254   2083.95  swift_UVW2 
 60410.868   94.0  -15.882  -16.044  -16.215   2083.95  swift_UVW2 
 60411.402   94.5  -15.842  -16.005  -16.177   2083.95  swift_UVW2 
 60411.936   95.0  -15.802  -15.966  -16.139   2083.95  swift_UVW2 
  60412.47   95.5  -15.761  -15.926    -16.1   2083.95  swift_UVW2 
 60413.004   96.0   -15.72  -15.885  -16.061   2083.95  swift_UVW2 
 60413.538   96.5  -15.679  -15.843   -16.02   2083.95  swift_UVW2 
 60414.072   97.0  -15.637  -15.802  -15.979   2083.95  swift_UVW2 
 60414.606   97.5  -15.596   -15.76  -15.937   2083.95  swift_UVW2 
  60415.14   98.0  -15.554  -15.719  -15.895   2083.95  swift_UVW2 
 60415.674   98.5  -15.512  -15.677  -15.852   2083.95  swift_UVW2 
 60416.208   99.0  -15.469  -15.634   -15.81   2083.95  swift_UVW2 
 60416.742   99.5  -15.427  -15.592  -15.767   2083.95  swift_UVW2 
 60417.276  100.0  -15.384  -15.549  -15.725   2083.95  swift_UVW2 
 60417.276  100.0  -15.384  -15.549  -15.725   2083.95  swift_UVW2 
 60419.412  102.0  -15.209  -15.373   -15.55   2083.95  swift_UVW2 
 60421.548  104.0  -15.032  -15.191  -15.373   2083.95  swift_UVW2 
 60423.684  106.0   -14.85  -15.009  -15.191   2083.95  swift_UVW2 
  60425.82  108.0  -14.664  -14.824  -15.005   2083.95  swift_UVW2 
 60427.956  110.0  -14.475  -14.636  -14.829   2083.95  swift_UVW2 
 60430.092  112.0  -14.306   -14.46  -14.641   2083.95  swift_UVW2 
 60432.228  114.0  -14.167  -14.309  -14.467   2083.95  swift_UVW2 
 60434.364  116.0  -14.043  -14.204  -14.382   2083.95  swift_UVW2 
   60436.5  118.0  -13.966  -14.127  -14.302   2083.95  swift_UVW2 
 60438.636  120.0  -13.895  -14.074  -14.248   2083.95  swift_UVW2 
 60440.772  122.0  -13.841   -14.02  -14.194   2083.95  swift_UVW2 
 60442.908  124.0  -13.787  -13.966   -14.14   2083.95  swift_UVW2 
 60445.044  126.0  -13.732  -13.912  -14.085   2083.95  swift_UVW2 
  60447.18  128.0  -13.678  -13.858   -14.03   2083.95  swift_UVW2 
 60449.316  130.0  -13.624  -13.804  -13.976   2083.95  swift_UVW2 
 60451.452  132.0   -13.57  -13.751  -13.921   2083.95  swift_UVW2 
 60453.588  134.0  -13.516  -13.698  -13.867   2083.95  swift_UVW2 
 60455.724  136.0  -13.462  -13.645  -13.813   2083.95  swift_UVW2 
  60457.86  138.0  -13.409  -13.592  -13.758   2083.95  swift_UVW2 
 60459.996  140.0  -13.356  -13.538  -13.705   2083.95  swift_UVW2 
 60462.132  142.0  -13.304  -13.485  -13.655   2083.95  swift_UVW2 
 60464.268  144.0  -13.251  -13.434  -13.605   2083.95  swift_UVW2 
 60466.404  146.0  -13.198  -13.384  -13.556   2083.95  swift_UVW2 
  60468.54  148.0  -13.146  -13.334  -13.507   2083.95  swift_UVW2 
 60470.676  150.0  -13.094  -13.284  -13.459   2083.95  swift_UVW2 
 60472.812  152.0  -13.044  -13.234  -13.411   2083.95  swift_UVW2 
 60474.948  154.0  -12.995  -13.186  -13.362   2083.95  swift_UVW2 
 60477.084  156.0  -12.948  -13.139  -13.312   2083.95  swift_UVW2 
  60479.22  158.0  -12.901  -13.092  -13.261   2083.95  swift_UVW2 
 60481.356  160.0  -12.852  -13.042   -13.21   2083.95  swift_UVW2 
 60483.492  162.0  -12.805  -12.996  -13.162   2083.95  swift_UVW2 
 60485.628  164.0  -12.758  -12.948  -13.114   2083.95  swift_UVW2 
 60487.764  166.0  -12.711  -12.901  -13.068   2083.95  swift_UVW2 
   60489.9  168.0  -12.666  -12.856  -13.024   2083.95  swift_UVW2 
 60492.036  170.0   -12.62  -12.812   -12.98   2083.95  swift_UVW2 
 60494.172  172.0  -12.575  -12.768  -12.937   2083.95  swift_UVW2 
 60496.308  174.0  -12.531  -12.723  -12.893   2083.95  swift_UVW2 
 60498.444  176.0  -12.487  -12.678   -12.85   2083.95  swift_UVW2 
  60500.58  178.0  -12.444  -12.634  -12.808   2083.95  swift_UVW2 
 60502.716  180.0  -12.401   -12.59  -12.766   2083.95  swift_UVW2 
 60504.852  182.0  -12.358  -12.546  -12.724   2083.95  swift_UVW2 
 60506.988  184.0  -12.316  -12.504  -12.681   2083.95  swift_UVW2 
 60509.124  186.0  -12.275  -12.463  -12.641   2083.95  swift_UVW2 
  60511.26  188.0  -12.233  -12.421    -12.6   2083.95  swift_UVW2 
 60513.396  190.0  -12.191   -12.38   -12.56   2083.95  swift_UVW2 
 60515.532  192.0  -12.149  -12.339   -12.52   2083.95  swift_UVW2 
 60517.668  194.0  -12.108    -12.3   -12.48   2083.95  swift_UVW2 
 60519.804  196.0  -12.068  -12.261  -12.441   2083.95  swift_UVW2 
  60521.94  198.0  -12.028  -12.222  -12.402   2083.95  swift_UVW2 
 60524.076  200.0   -11.99  -12.183  -12.364   2083.95  swift_UVW2 
 60526.212  202.0  -11.951  -12.145  -12.325   2083.95  swift_UVW2 
 60528.348  204.0  -11.913  -12.108  -12.286   2083.95  swift_UVW2 
 60530.484  206.0  -11.876   -12.07  -12.247   2083.95  swift_UVW2 
  60532.62  208.0  -11.838  -12.033  -12.208   2083.95  swift_UVW2 
 60534.756  210.0    -11.8  -11.996   -12.17   2083.95  swift_UVW2 
 60536.892  212.0  -11.762   -11.96  -12.132   2083.95  swift_UVW2 
 60539.028  214.0  -11.725  -11.924  -12.096   2083.95  swift_UVW2 
 60541.164  216.0  -11.689  -11.888   -12.06   2083.95  swift_UVW2 
   60543.3  218.0  -11.653  -11.851  -12.025   2083.95  swift_UVW2 
 60545.436  220.0  -11.617  -11.815   -11.99   2083.95  swift_UVW2 
 60547.572  222.0  -11.582   -11.78  -11.955   2083.95  swift_UVW2 
 60549.708  224.0  -11.547  -11.744   -11.92   2083.95  swift_UVW2 
 60551.844  226.0  -11.513  -11.709  -11.886   2083.95  swift_UVW2 
  60553.98  228.0  -11.479  -11.674  -11.852   2083.95  swift_UVW2 
 60556.116  230.0  -11.444  -11.639  -11.818   2083.95  swift_UVW2 
 60558.252  232.0   -11.41  -11.605  -11.785   2083.95  swift_UVW2 
 60560.388  234.0  -11.376  -11.571  -11.751   2083.95  swift_UVW2 
 60562.524  236.0  -11.343  -11.537  -11.718   2083.95  swift_UVW2 
  60564.66  238.0   -11.31  -11.504  -11.685   2083.95  swift_UVW2 
 60566.796  240.0  -11.278   -11.47  -11.653   2083.95  swift_UVW2 
 60568.932  242.0  -11.245  -11.437   -11.62   2083.95  swift_UVW2 
 60571.068  244.0  -11.212  -11.405  -11.588   2083.95  swift_UVW2 
 60573.204  246.0  -11.179  -11.372  -11.556   2083.95  swift_UVW2 
  60575.34  248.0  -11.147   -11.34  -11.524   2083.95  swift_UVW2 
 60577.476  250.0  -11.115  -11.308  -11.493   2083.95  swift_UVW2 
 60579.612  252.0  -11.083  -11.276  -11.462   2083.95  swift_UVW2 
 60581.748  254.0  -11.052  -11.245   -11.43   2083.95  swift_UVW2 
 60583.884  256.0   -11.02  -11.214    -11.4   2083.95  swift_UVW2 
  60586.02  258.0  -10.989  -11.184  -11.369   2083.95  swift_UVW2 
 60588.156  260.0  -10.958  -11.153  -11.338   2083.95  swift_UVW2 
 60590.292  262.0  -10.928  -11.123  -11.307   2083.95  swift_UVW2 
 60592.428  264.0  -10.897  -11.093  -11.277   2083.95  swift_UVW2 
 60594.564  266.0  -10.867  -11.064  -11.247   2083.95  swift_UVW2 
   60596.7  268.0  -10.837  -11.034  -11.217   2083.95  swift_UVW2 
 60598.836  270.0  -10.807  -11.005  -11.187   2083.95  swift_UVW2 
 60600.972  272.0  -10.778  -10.975  -11.157   2083.95  swift_UVW2 
 60603.108  274.0  -10.748  -10.946  -11.128   2083.95  swift_UVW2 
 60605.244  276.0  -10.719  -10.918  -11.098   2083.95  swift_UVW2 
  60607.38  278.0   -10.69  -10.889  -11.069   2083.95  swift_UVW2 
 60609.516  280.0  -10.661  -10.861   -11.04   2083.95  swift_UVW2 
 60611.652  282.0  -10.632  -10.832  -11.011   2083.95  swift_UVW2 
 60613.788  284.0  -10.604  -10.804  -10.982   2083.95  swift_UVW2 
 60615.924  286.0  -10.576  -10.777  -10.954   2083.95  swift_UVW2 
  60618.06  288.0  -10.548  -10.749  -10.925   2083.95  swift_UVW2 
 60620.196  290.0  -10.519  -10.721  -10.897   2083.95  swift_UVW2 
 60622.332  292.0  -10.491  -10.693  -10.869   2083.95  swift_UVW2 
 60624.468  294.0  -10.463  -10.665  -10.842   2083.95  swift_UVW2 
 60626.604  296.0  -10.435  -10.638  -10.814   2083.95  swift_UVW2 
  60628.74  298.0  -10.408   -10.61  -10.786   2083.95  swift_UVW2 
 60630.876  300.0   -10.38  -10.583  -10.759   2083.95  swift_UVW2 
 60633.012  302.0  -10.353  -10.556  -10.732   2083.95  swift_UVW2 
 60635.148  304.0  -10.326  -10.529  -10.705   2083.95  swift_UVW2 
 60637.284  306.0  -10.299  -10.503  -10.678   2083.95  swift_UVW2 
  60639.42  308.0  -10.272  -10.476  -10.652   2083.95  swift_UVW2 
 60641.556  310.0  -10.245   -10.45  -10.625   2083.95  swift_UVW2 
 60643.692  312.0  -10.219  -10.424  -10.599   2083.95  swift_UVW2 
 60645.828  314.0  -10.193  -10.399  -10.574   2083.95  swift_UVW2 
 60647.964  316.0  -10.167  -10.373  -10.548   2083.95  swift_UVW2 
   60650.1  318.0  -10.141  -10.348  -10.523   2083.95  swift_UVW2 
 60652.236  320.0  -10.116  -10.322  -10.498   2083.95  swift_UVW2 
 60654.372  322.0  -10.091  -10.297  -10.472   2083.95  swift_UVW2 
 60656.508  324.0  -10.065  -10.272  -10.448   2083.95  swift_UVW2 
 60658.644  326.0   -10.04  -10.247  -10.423   2083.95  swift_UVW2 
  60660.78  328.0  -10.015  -10.223  -10.398   2083.95  swift_UVW2 
 60662.916  330.0    -9.99  -10.199  -10.374   2083.95  swift_UVW2 
 60665.052  332.0   -9.966  -10.174  -10.349   2083.95  swift_UVW2 
 60667.188  334.0   -9.941  -10.149  -10.325   2083.95  swift_UVW2 
 60669.324  336.0   -9.917  -10.125  -10.301   2083.95  swift_UVW2 
  60671.46  338.0   -9.892  -10.101  -10.277   2083.95  swift_UVW2 
 60673.596  340.0   -9.868  -10.077  -10.253   2083.95  swift_UVW2 
 60675.732  342.0   -9.844  -10.053   -10.23   2083.95  swift_UVW2 
 60677.868  344.0    -9.82  -10.029  -10.206   2083.95  swift_UVW2 
 60680.004  346.0   -9.796  -10.005  -10.182   2083.95  swift_UVW2 
  60682.14  348.0   -9.772   -9.982  -10.159   2083.95  swift_UVW2 
 60684.276  350.0   -9.749   -9.958  -10.136   2083.95  swift_UVW2 
 60686.412  352.0   -9.725   -9.934  -10.112   2083.95  swift_UVW2 
 60688.548  354.0   -9.702   -9.911  -10.089   2083.95  swift_UVW2 
 60690.684  356.0   -9.679   -9.887  -10.066   2083.95  swift_UVW2 
  60692.82  358.0   -9.655   -9.864  -10.043   2083.95  swift_UVW2 
 60694.956  360.0   -9.632    -9.84   -10.02   2083.95  swift_UVW2 
 60697.092  362.0    -9.61   -9.817   -9.998   2083.95  swift_UVW2 
 60699.228  364.0   -9.587   -9.795   -9.975   2083.95  swift_UVW2 
 60701.364  366.0   -9.563   -9.772   -9.952   2083.95  swift_UVW2 
   60703.5  368.0    -9.54   -9.749   -9.929   2083.95  swift_UVW2 
 60705.636  370.0   -9.517   -9.727   -9.906   2083.95  swift_UVW2 
 60707.772  372.0   -9.494   -9.704   -9.884   2083.95  swift_UVW2 
 60709.908  374.0   -9.471   -9.682   -9.862   2083.95  swift_UVW2 
 60712.044  376.0   -9.449    -9.66   -9.839   2083.95  swift_UVW2 
  60714.18  378.0   -9.427   -9.638   -9.817   2083.95  swift_UVW2 
 60716.316  380.0   -9.405   -9.616   -9.795   2083.95  swift_UVW2 
 60718.452  382.0   -9.384   -9.594   -9.774   2083.95  swift_UVW2 
 60720.588  384.0   -9.362   -9.572   -9.752   2083.95  swift_UVW2 
 60722.724  386.0   -9.341   -9.551   -9.731   2083.95  swift_UVW2 
  60724.86  388.0    -9.32   -9.529   -9.709   2083.95  swift_UVW2 
 60726.996  390.0   -9.299   -9.508   -9.688   2083.95  swift_UVW2 
 60729.132  392.0   -9.278   -9.487   -9.667   2083.95  swift_UVW2 
 60731.268  394.0   -9.257   -9.466   -9.646   2083.95  swift_UVW2 
 60733.404  396.0   -9.236   -9.445   -9.625   2083.95  swift_UVW2 
  60735.54  398.0   -9.216   -9.423   -9.604   2083.95  swift_UVW2 
 60737.676  400.0   -9.195   -9.402   -9.583   2083.95  swift_UVW2 
 60739.812  402.0   -9.175   -9.381   -9.563   2083.95  swift_UVW2 
 60741.948  404.0   -9.154   -9.361   -9.542   2083.95  swift_UVW2 
 60744.084  406.0   -9.134    -9.34   -9.522   2083.95  swift_UVW2 
  60746.22  408.0   -9.113   -9.319   -9.501   2083.95  swift_UVW2 
 60748.356  410.0   -9.093   -9.299   -9.481   2083.95  swift_UVW2 
 60750.492  412.0   -9.073   -9.278   -9.461   2083.95  swift_UVW2 
 60752.628  414.0   -9.052   -9.259   -9.441   2083.95  swift_UVW2 
 60754.764  416.0   -9.032   -9.239   -9.421   2083.95  swift_UVW2 
   60756.9  418.0   -9.012   -9.219   -9.401   2083.95  swift_UVW2 
 60759.036  420.0   -8.992   -9.199   -9.381   2083.95  swift_UVW2 
 60761.172  422.0   -8.973   -9.179   -9.361   2083.95  swift_UVW2 
 60763.308  424.0   -8.953    -9.16   -9.342   2083.95  swift_UVW2 
 60765.444  426.0   -8.933   -9.141   -9.322   2083.95  swift_UVW2 
  60767.58  428.0   -8.914   -9.121   -9.303   2083.95  swift_UVW2 
 60769.716  430.0   -8.894   -9.102   -9.283   2083.95  swift_UVW2 
 60771.852  432.0   -8.875   -9.083   -9.264   2083.95  swift_UVW2 
 60773.988  434.0   -8.855   -9.064   -9.245   2083.95  swift_UVW2 
 60776.124  436.0   -8.836   -9.045   -9.226   2083.95  swift_UVW2 
  60778.26  438.0   -8.817   -9.026   -9.207   2083.95  swift_UVW2 
 60780.396  440.0   -8.798   -9.007   -9.188   2083.95  swift_UVW2 
 60782.532  442.0   -8.779   -8.988   -9.169   2083.95  swift_UVW2 
 60784.668  444.0    -8.76   -8.969   -9.151   2083.95  swift_UVW2 
 60786.804  446.0   -8.741   -8.951   -9.132   2083.95  swift_UVW2 
  60788.94  448.0   -8.722   -8.932   -9.114   2083.95  swift_UVW2 
 60791.076  450.0   -8.704   -8.913   -9.096   2083.95  swift_UVW2 
 60793.212  452.0   -8.685   -8.894   -9.078   2083.95  swift_UVW2 
 60795.348  454.0   -8.666   -8.875    -9.06   2083.95  swift_UVW2 
 60797.484  456.0   -8.647   -8.857   -9.042   2083.95  swift_UVW2 
  60799.62  458.0   -8.629   -8.838   -9.024   2083.95  swift_UVW2 
 60801.756  460.0    -8.61    -8.82   -9.006   2083.95  swift_UVW2 
 60803.892  462.0   -8.592   -8.801   -8.988   2083.95  swift_UVW2 
 60806.028  464.0   -8.573   -8.783   -8.971   2083.95  swift_UVW2 
 60808.164  466.0   -8.555   -8.764   -8.953   2083.95  swift_UVW2 
   60810.3  468.0   -8.537   -8.745   -8.935   2083.95  swift_UVW2 
 60812.436  470.0   -8.519   -8.726   -8.918   2083.95  swift_UVW2 
 60814.572  472.0     -8.5   -8.708   -8.901   2083.95  swift_UVW2 
 60816.708  474.0   -8.483    -8.69   -8.883   2083.95  swift_UVW2 
 60818.844  476.0   -8.465   -8.672   -8.866   2083.95  swift_UVW2 
  60820.98  478.0   -8.447   -8.653   -8.849   2083.95  swift_UVW2 
 60823.116  480.0   -8.429   -8.636   -8.832   2083.95  swift_UVW2 
 60825.252  482.0   -8.412   -8.618   -8.815   2083.95  swift_UVW2 
 60827.388  484.0   -8.394     -8.6   -8.798   2083.95  swift_UVW2 
 60829.524  486.0   -8.377   -8.583   -8.781   2083.95  swift_UVW2 
  60831.66  488.0   -8.359   -8.565   -8.764   2083.95  swift_UVW2 
 60833.796  490.0   -8.342   -8.548   -8.747   2083.95  swift_UVW2 
 60835.932  492.0   -8.324   -8.531    -8.73   2083.95  swift_UVW2 
 60838.068  494.0   -8.307   -8.514   -8.713   2083.95  swift_UVW2 
 60840.204  496.0    -8.29   -8.497   -8.697   2083.95  swift_UVW2 
  60842.34  498.0   -8.273    -8.48    -8.68   2083.95  swift_UVW2 
 60844.476  500.0   -8.256   -8.463   -8.664   2083.95  swift_UVW2 
 60846.612  502.0   -8.239   -8.446   -8.647   2083.95  swift_UVW2 
 60848.748  504.0   -8.223    -8.43    -8.63   2083.95  swift_UVW2 
 60850.884  506.0   -8.206   -8.413   -8.614   2083.95  swift_UVW2 
  60853.02  508.0   -8.189   -8.397   -8.597   2083.95  swift_UVW2 
 60855.156  510.0   -8.173    -8.38   -8.581   2083.95  swift_UVW2 
 60857.292  512.0   -8.156   -8.364   -8.565   2083.95  swift_UVW2 
 60859.428  514.0    -8.14   -8.348   -8.548   2083.95  swift_UVW2 
 60861.564  516.0   -8.123   -8.331   -8.532   2083.95  swift_UVW2 
   60863.7  518.0   -8.107   -8.315   -8.516   2083.95  swift_UVW2 
 60865.836  520.0   -8.091   -8.299     -8.5   2083.95  swift_UVW2 
 60867.972  522.0   -8.075   -8.283   -8.484   2083.95  swift_UVW2 
 60870.108  524.0   -8.059   -8.267   -8.468   2083.95  swift_UVW2 
 60872.244  526.0   -8.043   -8.251   -8.452   2083.95  swift_UVW2 
  60874.38  528.0   -8.027   -8.235   -8.436   2083.95  swift_UVW2 
 60876.516  530.0   -8.011   -8.219    -8.42   2083.95  swift_UVW2 
 60878.652  532.0   -7.995   -8.204   -8.404   2083.95  swift_UVW2 
 60880.788  534.0   -7.979   -8.188   -8.388   2083.95  swift_UVW2 
 60882.924  536.0   -7.963   -8.172   -8.373   2083.95  swift_UVW2 
  60885.06  538.0   -7.948   -8.157   -8.357   2083.95  swift_UVW2 
 60887.196  540.0   -7.932   -8.141   -8.342   2083.95  swift_UVW2 
 60889.332  542.0   -7.917   -8.126   -8.326   2083.95  swift_UVW2 
 60891.468  544.0   -7.901    -8.11   -8.311   2083.95  swift_UVW2 
 60893.604  546.0   -7.886   -8.095   -8.295   2083.95  swift_UVW2 
  60895.74  548.0    -7.87    -8.08    -8.28   2083.95  swift_UVW2 
 60897.876  550.0   -7.855   -8.064   -8.265   2083.95  swift_UVW2 
 60900.012  552.0    -7.84   -8.049   -8.249   2083.95  swift_UVW2 
 60902.148  554.0   -7.825   -8.034   -8.234   2083.95  swift_UVW2 
 60904.284  556.0    -7.81   -8.019   -8.219   2083.95  swift_UVW2 
  60906.42  558.0   -7.794   -8.004   -8.204   2083.95  swift_UVW2 
 60908.556  560.0   -7.779   -7.989   -8.189   2083.95  swift_UVW2 
 60910.692  562.0   -7.764   -7.974   -8.174   2083.95  swift_UVW2 
 60912.828  564.0   -7.749   -7.959   -8.159   2083.95  swift_UVW2 
 60914.964  566.0   -7.735   -7.944   -8.144   2083.95  swift_UVW2 
   60917.1  568.0    -7.72   -7.929   -8.129   2083.95  swift_UVW2 
 60919.236  570.0   -7.705   -7.914   -8.115   2083.95  swift_UVW2 
 60921.372  572.0    -7.69   -7.899     -8.1   2083.95  swift_UVW2 
 60923.508  574.0   -7.675   -7.884   -8.085   2083.95  swift_UVW2 
 60925.644  576.0   -7.661    -7.87   -8.071   2083.95  swift_UVW2 
  60927.78  578.0   -7.646   -7.855   -8.056   2083.95  swift_UVW2 
 60929.916  580.0   -7.632    -7.84   -8.042   2083.95  swift_UVW2 
 60932.052  582.0   -7.617   -7.826   -8.027   2083.95  swift_UVW2 
 60934.188  584.0   -7.603   -7.811   -8.013   2083.95  swift_UVW2 
 60936.324  586.0   -7.588   -7.797   -7.998   2083.95  swift_UVW2 
  60938.46  588.0   -7.574   -7.782   -7.984   2083.95  swift_UVW2 
 60940.596  590.0    -7.56   -7.768    -7.97   2083.95  swift_UVW2 
 60942.732  592.0   -7.545   -7.754   -7.956   2083.95  swift_UVW2 
 60944.868  594.0   -7.531   -7.739   -7.941   2083.95  swift_UVW2 
 60947.004  596.0   -7.517   -7.725   -7.927   2083.95  swift_UVW2 
  60949.14  598.0   -7.503   -7.711   -7.913   2083.95  swift_UVW2 
 60951.276  600.0   -7.489   -7.697   -7.899   2083.95  swift_UVW2 
 60953.412  602.0   -7.475   -7.683   -7.885   2083.95  swift_UVW2 
 60955.548  604.0   -7.461   -7.668   -7.871   2083.95  swift_UVW2 
 60957.684  606.0   -7.447   -7.654   -7.857   2083.95  swift_UVW2 
  60959.82  608.0   -7.433    -7.64   -7.843   2083.95  swift_UVW2 
 60961.956  610.0   -7.419   -7.627   -7.829   2083.95  swift_UVW2 
 60964.092  612.0   -7.405   -7.613   -7.816   2083.95  swift_UVW2 
 60966.228  614.0   -7.392   -7.599   -7.802   2083.95  swift_UVW2 
 60968.364  616.0   -7.378   -7.585   -7.788   2083.95  swift_UVW2 
   60970.5  618.0   -7.364   -7.571   -7.775   2083.95  swift_UVW2 
 60972.636  620.0    -7.35   -7.557   -7.761   2083.95  swift_UVW2 
 60974.772  622.0   -7.337   -7.543   -7.747   2083.95  swift_UVW2 
 60976.908  624.0   -7.323    -7.53   -7.734   2083.95  swift_UVW2 
 60979.044  626.0    -7.31   -7.516    -7.72   2083.95  swift_UVW2 
  60981.18  628.0   -7.296   -7.502   -7.707   2083.95  swift_UVW2 
 60983.316  630.0   -7.282   -7.489   -7.694   2083.95  swift_UVW2 
 60985.452  632.0   -7.269   -7.475    -7.68   2083.95  swift_UVW2 
 60987.588  634.0   -7.255   -7.462   -7.667   2083.95  swift_UVW2 
 60989.724  636.0   -7.242   -7.448   -7.654   2083.95  swift_UVW2 
  60991.86  638.0   -7.229   -7.435   -7.641   2083.95  swift_UVW2 
 60993.996  640.0   -7.215   -7.421   -7.628   2083.95  swift_UVW2 
 60996.132  642.0   -7.202   -7.408   -7.615   2083.95  swift_UVW2 
 60998.268  644.0   -7.189   -7.395   -7.602   2083.95  swift_UVW2 
 61000.404  646.0   -7.176   -7.382   -7.589   2083.95  swift_UVW2 
  61002.54  648.0   -7.162   -7.369   -7.576   2083.95  swift_UVW2 
 61004.676  650.0   -7.149   -7.356   -7.563   2083.95  swift_UVW2 
 61006.812  652.0   -7.136   -7.343    -7.55   2083.95  swift_UVW2 
 61008.948  654.0   -7.123    -7.33   -7.537   2083.95  swift_UVW2 
 61011.084  656.0    -7.11   -7.317   -7.524   2083.95  swift_UVW2 
  61013.22  658.0   -7.097   -7.304   -7.511   2083.95  swift_UVW2 
 61015.356  660.0   -7.084   -7.291   -7.499   2083.95  swift_UVW2 
 61017.492  662.0   -7.071   -7.278   -7.486   2083.95  swift_UVW2 
 61019.628  664.0   -7.059   -7.265   -7.473   2083.95  swift_UVW2 
 61021.764  666.0   -7.046   -7.253   -7.461   2083.95  swift_UVW2 
   61023.9  668.0   -7.033    -7.24   -7.448   2083.95  swift_UVW2 
 61026.036  670.0    -7.02   -7.227   -7.436   2083.95  swift_UVW2 
 61028.172  672.0   -7.008   -7.215   -7.423   2083.95  swift_UVW2 
 61030.308  674.0   -6.995   -7.202   -7.411   2083.95  swift_UVW2 
 61032.444  676.0   -6.982   -7.189   -7.398   2083.95  swift_UVW2 
  61034.58  678.0    -6.97   -7.177   -7.386   2083.95  swift_UVW2 
 61036.716  680.0   -6.957   -7.164   -7.373   2083.95  swift_UVW2 
 61038.852  682.0   -6.945   -7.152   -7.361   2083.95  swift_UVW2 
 61040.988  684.0   -6.932    -7.14   -7.349   2083.95  swift_UVW2 
 61043.124  686.0    -6.92   -7.127   -7.336   2083.95  swift_UVW2 
  61045.26  688.0   -6.907   -7.115   -7.324   2083.95  swift_UVW2 
 61047.396  690.0   -6.895   -7.103   -7.312   2083.95  swift_UVW2 
 61049.532  692.0   -6.883    -7.09     -7.3   2083.95  swift_UVW2 
 61051.668  694.0    -6.87   -7.078   -7.287   2083.95  swift_UVW2 
 61053.804  696.0   -6.858   -7.066   -7.275   2083.95  swift_UVW2 
  61055.94  698.0   -6.846   -7.054   -7.263   2083.95  swift_UVW2 
 61058.076  700.0   -6.833   -7.042   -7.251   2083.95  swift_UVW2 
 61060.212  702.0   -6.821    -7.03   -7.239   2083.95  swift_UVW2 
 61062.348  704.0   -6.809   -7.017   -7.227   2083.95  swift_UVW2 
 61064.484  706.0   -6.797   -7.005   -7.215   2083.95  swift_UVW2 
  61066.62  708.0   -6.785   -6.993   -7.203   2083.95  swift_UVW2 
 61068.756  710.0   -6.772   -6.981   -7.191   2083.95  swift_UVW2 
 61070.892  712.0    -6.76    -6.97   -7.179   2083.95  swift_UVW2 
 61073.028  714.0   -6.748   -6.958   -7.168   2083.95  swift_UVW2 
 61075.164  716.0   -6.736   -6.946   -7.156   2083.95  swift_UVW2 
   61077.3  718.0   -6.724   -6.934   -7.144   2083.95  swift_UVW2 
 61079.436  720.0   -6.712   -6.922   -7.132   2083.95  swift_UVW2 
 61081.572  722.0   -6.701    -6.91   -7.121   2083.95  swift_UVW2 
 61083.708  724.0   -6.689   -6.899   -7.109   2083.95  swift_UVW2 
 61085.844  726.0   -6.677   -6.887   -7.097   2083.95  swift_UVW2 
  61087.98  728.0   -6.665   -6.875   -7.086   2083.95  swift_UVW2 
 61090.116  730.0   -6.653   -6.864   -7.074   2083.95  swift_UVW2 
 61092.252  732.0   -6.642   -6.852   -7.063   2083.95  swift_UVW2 
 61094.388  734.0    -6.63    -6.84   -7.051   2083.95  swift_UVW2 
 61096.524  736.0   -6.618   -6.829    -7.04   2083.95  swift_UVW2 
  61098.66  738.0   -6.607   -6.817   -7.028   2083.95  swift_UVW2 
 61100.796  740.0   -6.595   -6.806   -7.017   2083.95  swift_UVW2 
 61102.932  742.0   -6.583   -6.794   -7.005   2083.95  swift_UVW2 
 61105.068  744.0   -6.572   -6.783   -6.994   2083.95  swift_UVW2 
 61107.204  746.0    -6.56   -6.772   -6.983   2083.95  swift_UVW2 
  61109.34  748.0   -6.549    -6.76   -6.972   2083.95  swift_UVW2 
 61111.476  750.0   -6.538   -6.749    -6.96   2083.95  swift_UVW2 
 61113.612  752.0   -6.526   -6.738   -6.949   2083.95  swift_UVW2 
 61115.748  754.0   -6.515   -6.727   -6.938   2083.95  swift_UVW2 
 61117.884  756.0   -6.503   -6.715   -6.927   2083.95  swift_UVW2 
  61120.02  758.0   -6.492   -6.704   -6.916   2083.95  swift_UVW2 
 61122.156  760.0   -6.481   -6.693   -6.904   2083.95  swift_UVW2 
 61124.292  762.0    -6.47   -6.682   -6.893   2083.95  swift_UVW2 
 61126.428  764.0   -6.458   -6.671   -6.882   2083.95  swift_UVW2 
 61128.564  766.0   -6.447    -6.66   -6.871   2083.95  swift_UVW2 
   61130.7  768.0   -6.436   -6.649    -6.86   2083.95  swift_UVW2 
 61132.836  770.0   -6.425   -6.638   -6.849   2083.95  swift_UVW2 
 61134.972  772.0   -6.414   -6.627   -6.838   2083.95  swift_UVW2 
 61137.108  774.0   -6.403   -6.616   -6.827   2083.95  swift_UVW2 
 61139.244  776.0   -6.392   -6.605   -6.816   2083.95  swift_UVW2 
  61141.38  778.0    -6.38   -6.595   -6.806   2083.95  swift_UVW2 
 61143.516  780.0   -6.369   -6.584   -6.795   2083.95  swift_UVW2 
 61145.652  782.0   -6.359   -6.573   -6.784   2083.95  swift_UVW2 
 61147.788  784.0   -6.348   -6.562   -6.773   2083.95  swift_UVW2 
 61149.924  786.0   -6.337   -6.551   -6.762   2083.95  swift_UVW2 
  61152.06  788.0   -6.326   -6.541   -6.752   2083.95  swift_UVW2 
 61154.196  790.0   -6.315    -6.53   -6.741   2083.95  swift_UVW2 
 61156.332  792.0   -6.304   -6.519    -6.73   2083.95  swift_UVW2 
 61158.468  794.0   -6.293   -6.509    -6.72   2083.95  swift_UVW2 
 61160.604  796.0   -6.283   -6.498   -6.709   2083.95  swift_UVW2 
  61162.74  798.0   -6.272   -6.488   -6.699   2083.95  swift_UVW2 
 61164.876  800.0   -6.261   -6.477   -6.688   2083.95  swift_UVW2 
 60310.476    0.0      nan      nan      nan   2245.03  swift_UVM2 
  60311.01    0.5   -9.819  -11.785  -12.458   2245.03  swift_UVM2 
 60311.544    1.0  -10.121  -12.609  -13.382   2245.03  swift_UVM2 
 60312.078    1.5  -11.688  -13.261  -13.989   2245.03  swift_UVM2 
 60312.612    2.0  -12.669  -13.803  -14.421   2245.03  swift_UVM2 
 60313.146    2.5  -13.255  -14.221  -14.762   2245.03  swift_UVM2 
  60313.68    3.0  -13.774  -14.571  -15.058   2245.03  swift_UVM2 
 60314.214    3.5   -14.18  -14.865  -15.317   2245.03  swift_UVM2 
 60314.748    4.0   -14.59  -15.131  -15.542   2245.03  swift_UVM2 
 60315.282    4.5  -14.948  -15.367  -15.753   2245.03  swift_UVM2 
 60315.816    5.0  -15.205  -15.584  -15.932   2245.03  swift_UVM2 
  60316.35    5.5  -15.419  -15.767  -16.094   2245.03  swift_UVM2 
 60316.884    6.0  -15.658  -15.955  -16.237   2245.03  swift_UVM2 
 60317.418    6.5  -15.834  -16.095  -16.368   2245.03  swift_UVM2 
 60317.952    7.0  -15.989  -16.232  -16.497   2245.03  swift_UVM2 
 60318.486    7.5  -16.128  -16.371  -16.614   2245.03  swift_UVM2 
  60319.02    8.0  -16.248   -16.49  -16.722   2245.03  swift_UVM2 
 60319.554    8.5  -16.379  -16.609  -16.821   2245.03  swift_UVM2 
 60320.088    9.0  -16.497  -16.719  -16.914   2245.03  swift_UVM2 
 60320.622    9.5  -16.601  -16.815  -17.001   2245.03  swift_UVM2 
 60321.156   10.0    -16.7  -16.902  -17.083   2245.03  swift_UVM2 
  60321.69   10.5  -16.796  -16.991  -17.166   2245.03  swift_UVM2 
 60322.224   11.0  -16.877  -17.071  -17.239   2245.03  swift_UVM2 
 60322.758   11.5  -16.952  -17.147  -17.314   2245.03  swift_UVM2 
 60323.292   12.0  -17.027  -17.219  -17.383   2245.03  swift_UVM2 
 60323.826   12.5  -17.105  -17.286  -17.441   2245.03  swift_UVM2 
  60324.36   13.0   -17.17  -17.348  -17.501   2245.03  swift_UVM2 
 60324.894   13.5  -17.231  -17.411  -17.561   2245.03  swift_UVM2 
 60325.428   14.0  -17.289   -17.47  -17.618   2245.03  swift_UVM2 
 60325.962   14.5  -17.346  -17.527  -17.672   2245.03  swift_UVM2 
 60326.496   15.0  -17.402  -17.578  -17.722   2245.03  swift_UVM2 
  60327.03   15.5  -17.453   -17.63  -17.766   2245.03  swift_UVM2 
 60327.564   16.0  -17.502  -17.679  -17.811   2245.03  swift_UVM2 
 60328.098   16.5  -17.548  -17.727  -17.854   2245.03  swift_UVM2 
 60328.632   17.0  -17.593  -17.773  -17.901   2245.03  swift_UVM2 
 60329.166   17.5  -17.635  -17.817  -17.945   2245.03  swift_UVM2 
   60329.7   18.0  -17.676  -17.856  -17.985   2245.03  swift_UVM2 
 60330.234   18.5  -17.716  -17.893  -18.024   2245.03  swift_UVM2 
 60330.768   19.0  -17.753   -17.93  -18.061   2245.03  swift_UVM2 
 60331.302   19.5  -17.789  -17.965  -18.096   2245.03  swift_UVM2 
 60331.836   20.0  -17.823  -17.998  -18.128   2245.03  swift_UVM2 
  60332.37   20.5  -17.856  -18.028  -18.158   2245.03  swift_UVM2 
 60332.904   21.0  -17.888  -18.058  -18.187   2245.03  swift_UVM2 
 60333.438   21.5  -17.918  -18.086  -18.216   2245.03  swift_UVM2 
 60333.972   22.0  -17.948  -18.113  -18.244   2245.03  swift_UVM2 
 60334.506   22.5  -17.976  -18.138  -18.272   2245.03  swift_UVM2 
  60335.04   23.0  -18.003  -18.162    -18.3   2245.03  swift_UVM2 
 60335.574   23.5  -18.028  -18.186  -18.328   2245.03  swift_UVM2 
 60336.108   24.0  -18.053  -18.208  -18.354   2245.03  swift_UVM2 
 60336.642   24.5  -18.076  -18.228  -18.379   2245.03  swift_UVM2 
 60337.176   25.0  -18.098  -18.247  -18.403   2245.03  swift_UVM2 
  60337.71   25.5   -18.12  -18.268  -18.427   2245.03  swift_UVM2 
 60338.244   26.0  -18.141  -18.289  -18.448   2245.03  swift_UVM2 
 60338.778   26.5  -18.162  -18.308  -18.465   2245.03  swift_UVM2 
 60339.312   27.0  -18.181  -18.325   -18.48   2245.03  swift_UVM2 
 60339.846   27.5  -18.197  -18.342  -18.494   2245.03  swift_UVM2 
  60340.38   28.0  -18.213  -18.359  -18.508   2245.03  swift_UVM2 
 60340.914   28.5  -18.229  -18.375  -18.521   2245.03  swift_UVM2 
 60341.448   29.0  -18.246  -18.389  -18.533   2245.03  swift_UVM2 
 60341.982   29.5  -18.262  -18.402  -18.548   2245.03  swift_UVM2 
 60342.516   30.0  -18.277  -18.415  -18.563   2245.03  swift_UVM2 
  60343.05   30.5   -18.29  -18.428  -18.576   2245.03  swift_UVM2 
 60343.584   31.0  -18.301  -18.442  -18.589   2245.03  swift_UVM2 
 60344.118   31.5  -18.312  -18.455  -18.602   2245.03  swift_UVM2 
 60344.652   32.0  -18.324  -18.467  -18.615   2245.03  swift_UVM2 
 60345.186   32.5  -18.336  -18.478  -18.626   2245.03  swift_UVM2 
  60345.72   33.0  -18.347  -18.488  -18.637   2245.03  swift_UVM2 
 60346.254   33.5  -18.357  -18.499  -18.647   2245.03  swift_UVM2 
 60346.788   34.0  -18.366  -18.509  -18.657   2245.03  swift_UVM2 
 60347.322   34.5  -18.374  -18.519  -18.667   2245.03  swift_UVM2 
 60347.856   35.0  -18.383  -18.529  -18.676   2245.03  swift_UVM2 
  60348.39   35.5   -18.39  -18.536  -18.684   2245.03  swift_UVM2 
 60348.924   36.0  -18.397  -18.542  -18.692   2245.03  swift_UVM2 
 60349.458   36.5  -18.403  -18.549  -18.699   2245.03  swift_UVM2 
 60349.992   37.0  -18.408  -18.554  -18.704   2245.03  swift_UVM2 
 60350.526   37.5  -18.413   -18.56  -18.709   2245.03  swift_UVM2 
  60351.06   38.0  -18.419  -18.564  -18.713   2245.03  swift_UVM2 
 60351.594   38.5  -18.425  -18.567  -18.717   2245.03  swift_UVM2 
 60352.128   39.0  -18.431   -18.57  -18.721   2245.03  swift_UVM2 
 60352.662   39.5  -18.436  -18.573  -18.725   2245.03  swift_UVM2 
 60353.196   40.0   -18.44  -18.575  -18.728   2245.03  swift_UVM2 
  60353.73   40.5  -18.444  -18.578  -18.731   2245.03  swift_UVM2 
 60354.264   41.0  -18.447   -18.58  -18.734   2245.03  swift_UVM2 
 60354.798   41.5   -18.45  -18.583  -18.735   2245.03  swift_UVM2 
 60355.332   42.0  -18.451  -18.585  -18.736   2245.03  swift_UVM2 
 60355.866   42.5  -18.452  -18.585  -18.736   2245.03  swift_UVM2 
   60356.4   43.0  -18.452  -18.585  -18.736   2245.03  swift_UVM2 
 60356.934   43.5  -18.453  -18.586  -18.735   2245.03  swift_UVM2 
 60357.468   44.0  -18.454  -18.588  -18.735   2245.03  swift_UVM2 
 60358.002   44.5  -18.454  -18.589  -18.735   2245.03  swift_UVM2 
 60358.536   45.0  -18.453  -18.588  -18.735   2245.03  swift_UVM2 
  60359.07   45.5  -18.451  -18.586  -18.734   2245.03  swift_UVM2 
 60359.604   46.0  -18.449  -18.583  -18.733   2245.03  swift_UVM2 
 60360.138   46.5  -18.446   -18.58  -18.731   2245.03  swift_UVM2 
 60360.672   47.0  -18.443  -18.576  -18.728   2245.03  swift_UVM2 
 60361.206   47.5   -18.44  -18.572  -18.725   2245.03  swift_UVM2 
  60361.74   48.0  -18.435  -18.569  -18.721   2245.03  swift_UVM2 
 60362.274   48.5  -18.429  -18.564  -18.717   2245.03  swift_UVM2 
 60362.808   49.0  -18.424   -18.56  -18.712   2245.03  swift_UVM2 
 60363.342   49.5  -18.418  -18.555  -18.707   2245.03  swift_UVM2 
 60363.876   50.0  -18.412   -18.55  -18.702   2245.03  swift_UVM2 
  60364.41   50.5  -18.407  -18.544  -18.696   2245.03  swift_UVM2 
 60364.944   51.0  -18.401  -18.539   -18.69   2245.03  swift_UVM2 
 60365.478   51.5  -18.394  -18.533  -18.684   2245.03  swift_UVM2 
 60366.012   52.0  -18.387  -18.527  -18.677   2245.03  swift_UVM2 
 60366.546   52.5   -18.38   -18.52  -18.671   2245.03  swift_UVM2 
  60367.08   53.0  -18.372  -18.513  -18.664   2245.03  swift_UVM2 
 60367.614   53.5  -18.364  -18.505  -18.657   2245.03  swift_UVM2 
 60368.148   54.0  -18.355  -18.498   -18.65   2245.03  swift_UVM2 
 60368.682   54.5  -18.346  -18.489  -18.642   2245.03  swift_UVM2 
 60369.216   55.0  -18.337  -18.481  -18.634   2245.03  swift_UVM2 
  60369.75   55.5  -18.327  -18.471  -18.626   2245.03  swift_UVM2 
 60370.284   56.0  -18.317  -18.462  -18.618   2245.03  swift_UVM2 
 60370.818   56.5  -18.307  -18.451  -18.609   2245.03  swift_UVM2 
 60371.352   57.0  -18.296  -18.441  -18.599   2245.03  swift_UVM2 
 60371.886   57.5  -18.285   -18.43  -18.588   2245.03  swift_UVM2 
  60372.42   58.0  -18.273  -18.419  -18.577   2245.03  swift_UVM2 
 60372.954   58.5  -18.262  -18.409  -18.566   2245.03  swift_UVM2 
 60373.488   59.0  -18.249  -18.397  -18.554   2245.03  swift_UVM2 
 60374.022   59.5  -18.237  -18.386  -18.542   2245.03  swift_UVM2 
 60374.556   60.0  -18.224  -18.374  -18.529   2245.03  swift_UVM2 
  60375.09   60.5  -18.211  -18.362  -18.517   2245.03  swift_UVM2 
 60375.624   61.0  -18.198  -18.349  -18.504   2245.03  swift_UVM2 
 60376.158   61.5  -18.185  -18.335  -18.491   2245.03  swift_UVM2 
 60376.692   62.0   -18.17  -18.321  -18.477   2245.03  swift_UVM2 
 60377.226   62.5  -18.155  -18.307  -18.463   2245.03  swift_UVM2 
  60377.76   63.0   -18.14  -18.292  -18.448   2245.03  swift_UVM2 
 60378.294   63.5  -18.124  -18.277  -18.433   2245.03  swift_UVM2 
 60378.828   64.0  -18.108  -18.263  -18.418   2245.03  swift_UVM2 
 60379.362   64.5  -18.092  -18.247  -18.402   2245.03  swift_UVM2 
 60379.896   65.0  -18.075  -18.231  -18.386   2245.03  swift_UVM2 
  60380.43   65.5  -18.058  -18.214   -18.37   2245.03  swift_UVM2 
 60380.964   66.0  -18.041  -18.198  -18.353   2245.03  swift_UVM2 
 60381.498   66.5  -18.023  -18.181  -18.336   2245.03  swift_UVM2 
 60382.032   67.0  -18.005  -18.163  -18.318   2245.03  swift_UVM2 
 60382.566   67.5  -17.987  -18.146    -18.3   2245.03  swift_UVM2 
   60383.1   68.0  -17.969  -18.128  -18.282   2245.03  swift_UVM2 
 60383.634   68.5   -17.95  -18.109  -18.263   2245.03  swift_UVM2 
 60384.168   69.0  -17.931   -18.09  -18.244   2245.03  swift_UVM2 
 60384.702   69.5  -17.911  -18.071  -18.225   2245.03  swift_UVM2 
 60385.236   70.0  -17.891  -18.052  -18.205   2245.03  swift_UVM2 
  60385.77   70.5  -17.871  -18.032  -18.184   2245.03  swift_UVM2 
 60386.304   71.0   -17.85  -18.011  -18.163   2245.03  swift_UVM2 
 60386.838   71.5  -17.829   -17.99  -18.142   2245.03  swift_UVM2 
 60387.372   72.0  -17.808  -17.969   -18.12   2245.03  swift_UVM2 
 60387.906   72.5  -17.786  -17.947  -18.098   2245.03  swift_UVM2 
  60388.44   73.0  -17.764  -17.925  -18.076   2245.03  swift_UVM2 
 60388.974   73.5  -17.741  -17.901  -18.054   2245.03  swift_UVM2 
 60389.508   74.0  -17.718  -17.877  -18.031   2245.03  swift_UVM2 
 60390.042   74.5  -17.694  -17.854  -18.008   2245.03  swift_UVM2 
 60390.576   75.0   -17.67   -17.83  -17.984   2245.03  swift_UVM2 
  60391.11   75.5  -17.645  -17.805  -17.959   2245.03  swift_UVM2 
 60391.644   76.0   -17.62   -17.78  -17.934   2245.03  swift_UVM2 
 60392.178   76.5  -17.595  -17.755  -17.909   2245.03  swift_UVM2 
 60392.712   77.0  -17.569  -17.729  -17.883   2245.03  swift_UVM2 
 60393.246   77.5  -17.542  -17.703  -17.857   2245.03  swift_UVM2 
  60393.78   78.0  -17.516  -17.676  -17.831   2245.03  swift_UVM2 
 60394.314   78.5  -17.489   -17.65  -17.804   2245.03  swift_UVM2 
 60394.848   79.0  -17.461  -17.622  -17.777   2245.03  swift_UVM2 
 60395.382   79.5  -17.433  -17.594  -17.751   2245.03  swift_UVM2 
 60395.916   80.0  -17.405  -17.566  -17.724   2245.03  swift_UVM2 
  60396.45   80.5  -17.376  -17.538  -17.698   2245.03  swift_UVM2 
 60396.984   81.0  -17.347  -17.509   -17.67   2245.03  swift_UVM2 
 60397.518   81.5  -17.319  -17.479  -17.642   2245.03  swift_UVM2 
 60398.052   82.0  -17.291  -17.449  -17.613   2245.03  swift_UVM2 
 60398.586   82.5  -17.262  -17.419  -17.584   2245.03  swift_UVM2 
  60399.12   83.0  -17.232  -17.388  -17.554   2245.03  swift_UVM2 
 60399.654   83.5  -17.202  -17.357  -17.525   2245.03  swift_UVM2 
 60400.188   84.0  -17.172  -17.325  -17.495   2245.03  swift_UVM2 
 60400.722   84.5   -17.14  -17.293  -17.465   2245.03  swift_UVM2 
 60401.256   85.0  -17.109  -17.261  -17.434   2245.03  swift_UVM2 
  60401.79   85.5  -17.077  -17.229  -17.402   2245.03  swift_UVM2 
 60402.324   86.0  -17.045  -17.195  -17.369   2245.03  swift_UVM2 
 60402.858   86.5  -17.012  -17.162  -17.335   2245.03  swift_UVM2 
 60403.392   87.0  -16.979   -17.13  -17.301   2245.03  swift_UVM2 
 60403.926   87.5  -16.944  -17.097  -17.267   2245.03  swift_UVM2 
  60404.46   88.0  -16.909  -17.063  -17.233   2245.03  swift_UVM2 
 60404.994   88.5  -16.873  -17.029  -17.198   2245.03  swift_UVM2 
 60405.528   89.0  -16.837  -16.994  -17.164   2245.03  swift_UVM2 
 60406.062   89.5  -16.801  -16.959  -17.128   2245.03  swift_UVM2 
 60406.596   90.0  -16.764  -16.924  -17.094   2245.03  swift_UVM2 
  60407.13   90.5  -16.727  -16.888  -17.058   2245.03  swift_UVM2 
 60407.664   91.0   -16.69  -16.851  -17.021   2245.03  swift_UVM2 
 60408.198   91.5  -16.652  -16.815  -16.985   2245.03  swift_UVM2 
 60408.732   92.0  -16.614  -16.779  -16.948   2245.03  swift_UVM2 
 60409.266   92.5  -16.577  -16.743  -16.911   2245.03  swift_UVM2 
   60409.8   93.0  -16.539  -16.706  -16.873   2245.03  swift_UVM2 
 60410.334   93.5  -16.501  -16.669  -16.835   2245.03  swift_UVM2 
 60410.868   94.0  -16.462  -16.631  -16.796   2245.03  swift_UVM2 
 60411.402   94.5  -16.423  -16.592  -16.757   2245.03  swift_UVM2 
 60411.936   95.0  -16.383  -16.553  -16.718   2245.03  swift_UVM2 
  60412.47   95.5  -16.343  -16.514  -16.678   2245.03  swift_UVM2 
 60413.004   96.0  -16.303  -16.475  -16.638   2245.03  swift_UVM2 
 60413.538   96.5  -16.262  -16.435  -16.598   2245.03  swift_UVM2 
 60414.072   97.0  -16.222  -16.394  -16.557   2245.03  swift_UVM2 
 60414.606   97.5  -16.181  -16.353  -16.516   2245.03  swift_UVM2 
  60415.14   98.0  -16.139  -16.311  -16.475   2245.03  swift_UVM2 
 60415.674   98.5  -16.097  -16.268  -16.434   2245.03  swift_UVM2 
 60416.208   99.0  -16.056  -16.227  -16.393   2245.03  swift_UVM2 
 60416.742   99.5  -16.013  -16.185  -16.351   2245.03  swift_UVM2 
 60417.276  100.0  -15.971  -16.142  -16.309   2245.03  swift_UVM2 
 60417.276  100.0  -15.971  -16.142  -16.309   2245.03  swift_UVM2 
 60419.412  102.0  -15.798  -15.969  -16.134   2245.03  swift_UVM2 
 60421.548  104.0  -15.618  -15.787  -15.957   2245.03  swift_UVM2 
 60423.684  106.0  -15.431    -15.6  -15.774   2245.03  swift_UVM2 
  60425.82  108.0  -15.232  -15.406  -15.588   2245.03  swift_UVM2 
 60427.956  110.0  -15.044  -15.209  -15.402   2245.03  swift_UVM2 
 60430.092  112.0  -14.856   -15.03  -15.208   2245.03  swift_UVM2 
 60432.228  114.0  -14.709  -14.865  -15.029   2245.03  swift_UVM2 
 60434.364  116.0  -14.586   -14.76  -14.944   2245.03  swift_UVM2 
   60436.5  118.0  -14.504  -14.675  -14.875   2245.03  swift_UVM2 
 60438.636  120.0  -14.432  -14.622  -14.822   2245.03  swift_UVM2 
 60440.772  122.0  -14.378   -14.57  -14.768   2245.03  swift_UVM2 
 60442.908  124.0  -14.324  -14.517  -14.713   2245.03  swift_UVM2 
 60445.044  126.0   -14.27  -14.463  -14.659   2245.03  swift_UVM2 
  60447.18  128.0  -14.216  -14.408  -14.604   2245.03  swift_UVM2 
 60449.316  130.0  -14.162  -14.353   -14.55   2245.03  swift_UVM2 
 60451.452  132.0  -14.108  -14.299  -14.495   2245.03  swift_UVM2 
 60453.588  134.0  -14.055  -14.247  -14.441   2245.03  swift_UVM2 
 60455.724  136.0  -14.002  -14.194  -14.386   2245.03  swift_UVM2 
  60457.86  138.0   -13.95  -14.142  -14.332   2245.03  swift_UVM2 
 60459.996  140.0  -13.899  -14.092  -14.278   2245.03  swift_UVM2 
 60462.132  142.0  -13.848   -14.04  -14.228   2245.03  swift_UVM2 
 60464.268  144.0  -13.796  -13.989  -14.177   2245.03  swift_UVM2 
 60466.404  146.0  -13.745  -13.938  -14.127   2245.03  swift_UVM2 
  60468.54  148.0  -13.693  -13.886  -14.077   2245.03  swift_UVM2 
 60470.676  150.0  -13.641  -13.836  -14.027   2245.03  swift_UVM2 
 60472.812  152.0   -13.59  -13.787  -13.977   2245.03  swift_UVM2 
 60474.948  154.0   -13.54  -13.736  -13.927   2245.03  swift_UVM2 
 60477.084  156.0  -13.492  -13.688  -13.878   2245.03  swift_UVM2 
  60479.22  158.0  -13.444  -13.641  -13.828   2245.03  swift_UVM2 
 60481.356  160.0  -13.396  -13.592  -13.778   2245.03  swift_UVM2 
 60483.492  162.0  -13.349  -13.545  -13.729   2245.03  swift_UVM2 
 60485.628  164.0  -13.302  -13.498  -13.683   2245.03  swift_UVM2 
 60487.764  166.0  -13.256  -13.451  -13.637   2245.03  swift_UVM2 
   60489.9  168.0   -13.21  -13.405   -13.59   2245.03  swift_UVM2 
 60492.036  170.0  -13.165  -13.362  -13.545   2245.03  swift_UVM2 
 60494.172  172.0   -13.12  -13.318  -13.501   2245.03  swift_UVM2 
 60496.308  174.0  -13.076  -13.274  -13.457   2245.03  swift_UVM2 
 60498.444  176.0  -13.031   -13.23  -13.414   2245.03  swift_UVM2 
  60500.58  178.0  -12.987  -13.187  -13.371   2245.03  swift_UVM2 
 60502.716  180.0  -12.943  -13.144  -13.328   2245.03  swift_UVM2 
 60504.852  182.0    -12.9  -13.102  -13.286   2245.03  swift_UVM2 
 60506.988  184.0  -12.857  -13.059  -13.243   2245.03  swift_UVM2 
 60509.124  186.0  -12.815  -13.016    -13.2   2245.03  swift_UVM2 
  60511.26  188.0  -12.773  -12.973  -13.158   2245.03  swift_UVM2 
 60513.396  190.0   -12.73  -12.931  -13.117   2245.03  swift_UVM2 
 60515.532  192.0  -12.688  -12.889  -13.077   2245.03  swift_UVM2 
 60517.668  194.0  -12.647  -12.848  -13.037   2245.03  swift_UVM2 
 60519.804  196.0  -12.606  -12.809  -12.998   2245.03  swift_UVM2 
  60521.94  198.0  -12.566   -12.77  -12.958   2245.03  swift_UVM2 
 60524.076  200.0  -12.527  -12.731  -12.919   2245.03  swift_UVM2 
 60526.212  202.0  -12.488  -12.692  -12.881   2245.03  swift_UVM2 
 60528.348  204.0  -12.449  -12.655  -12.842   2245.03  swift_UVM2 
 60530.484  206.0  -12.411  -12.618  -12.804   2245.03  swift_UVM2 
  60532.62  208.0  -12.373  -12.582  -12.767   2245.03  swift_UVM2 
 60534.756  210.0  -12.335  -12.545  -12.729   2245.03  swift_UVM2 
 60536.892  212.0  -12.297  -12.508  -12.691   2245.03  swift_UVM2 
 60539.028  214.0   -12.26  -12.472  -12.654   2245.03  swift_UVM2 
 60541.164  216.0  -12.223  -12.436  -12.617   2245.03  swift_UVM2 
   60543.3  218.0  -12.186    -12.4  -12.582   2245.03  swift_UVM2 
 60545.436  220.0   -12.15  -12.365  -12.547   2245.03  swift_UVM2 
 60547.572  222.0  -12.114   -12.33  -12.512   2245.03  swift_UVM2 
 60549.708  224.0  -12.079  -12.295  -12.478   2245.03  swift_UVM2 
 60551.844  226.0  -12.044  -12.261  -12.444   2245.03  swift_UVM2 
  60553.98  228.0  -12.009  -12.227   -12.41   2245.03  swift_UVM2 
 60556.116  230.0  -11.975  -12.192  -12.376   2245.03  swift_UVM2 
 60558.252  232.0  -11.941  -12.158  -12.343   2245.03  swift_UVM2 
 60560.388  234.0  -11.907  -12.125   -12.31   2245.03  swift_UVM2 
 60562.524  236.0  -11.873  -12.091  -12.277   2245.03  swift_UVM2 
  60564.66  238.0   -11.84  -12.058  -12.244   2245.03  swift_UVM2 
 60566.796  240.0  -11.807  -12.025  -12.212   2245.03  swift_UVM2 
 60568.932  242.0  -11.775  -11.992   -12.18   2245.03  swift_UVM2 
 60571.068  244.0  -11.742  -11.959  -12.148   2245.03  swift_UVM2 
 60573.204  246.0   -11.71  -11.927  -12.116   2245.03  swift_UVM2 
  60575.34  248.0  -11.678  -11.895  -12.084   2245.03  swift_UVM2 
 60577.476  250.0  -11.646  -11.864  -12.053   2245.03  swift_UVM2 
 60579.612  252.0  -11.614  -11.833  -12.021   2245.03  swift_UVM2 
 60581.748  254.0  -11.583  -11.802   -11.99   2245.03  swift_UVM2 
 60583.884  256.0  -11.552  -11.771   -11.96   2245.03  swift_UVM2 
  60586.02  258.0  -11.521   -11.74  -11.929   2245.03  swift_UVM2 
 60588.156  260.0   -11.49   -11.71  -11.899   2245.03  swift_UVM2 
 60590.292  262.0   -11.46   -11.68  -11.868   2245.03  swift_UVM2 
 60592.428  264.0   -11.43   -11.65  -11.838   2245.03  swift_UVM2 
 60594.564  266.0  -11.399   -11.62  -11.808   2245.03  swift_UVM2 
   60596.7  268.0   -11.37   -11.59  -11.778   2245.03  swift_UVM2 
 60598.836  270.0   -11.34  -11.561  -11.748   2245.03  swift_UVM2 
 60600.972  272.0  -11.311  -11.532  -11.719   2245.03  swift_UVM2 
 60603.108  274.0  -11.282  -11.503  -11.689   2245.03  swift_UVM2 
 60605.244  276.0  -11.253  -11.474   -11.66   2245.03  swift_UVM2 
  60607.38  278.0  -11.224  -11.445  -11.631   2245.03  swift_UVM2 
 60609.516  280.0  -11.196  -11.417  -11.602   2245.03  swift_UVM2 
 60611.652  282.0  -11.167  -11.389  -11.573   2245.03  swift_UVM2 
 60613.788  284.0  -11.139  -11.361  -11.544   2245.03  swift_UVM2 
 60615.924  286.0  -11.111  -11.333  -11.515   2245.03  swift_UVM2 
  60618.06  288.0  -11.083  -11.305  -11.487   2245.03  swift_UVM2 
 60620.196  290.0  -11.056  -11.277  -11.459   2245.03  swift_UVM2 
 60622.332  292.0  -11.028   -11.25  -11.431   2245.03  swift_UVM2 
 60624.468  294.0  -11.001  -11.223  -11.403   2245.03  swift_UVM2 
 60626.604  296.0  -10.974  -11.196  -11.376   2245.03  swift_UVM2 
  60628.74  298.0  -10.947  -11.169  -11.348   2245.03  swift_UVM2 
 60630.876  300.0   -10.92  -11.142  -11.321   2245.03  swift_UVM2 
 60633.012  302.0  -10.894  -11.115  -11.294   2245.03  swift_UVM2 
 60635.148  304.0  -10.867  -11.089  -11.267   2245.03  swift_UVM2 
 60637.284  306.0   -10.84  -11.063   -11.24   2245.03  swift_UVM2 
  60639.42  308.0  -10.814  -11.036  -11.213   2245.03  swift_UVM2 
 60641.556  310.0  -10.788   -11.01  -11.187   2245.03  swift_UVM2 
 60643.692  312.0  -10.762  -10.984   -11.16   2245.03  swift_UVM2 
 60645.828  314.0  -10.735  -10.958  -11.134   2245.03  swift_UVM2 
 60647.964  316.0  -10.709  -10.932  -11.109   2245.03  swift_UVM2 
   60650.1  318.0  -10.684  -10.907  -11.083   2245.03  swift_UVM2 
 60652.236  320.0  -10.658  -10.881  -11.058   2245.03  swift_UVM2 
 60654.372  322.0  -10.632  -10.856  -11.033   2245.03  swift_UVM2 
 60656.508  324.0  -10.607   -10.83  -11.008   2245.03  swift_UVM2 
 60658.644  326.0  -10.582  -10.805  -10.983   2245.03  swift_UVM2 
  60660.78  328.0  -10.557   -10.78  -10.958   2245.03  swift_UVM2 
 60662.916  330.0  -10.532  -10.756  -10.933   2245.03  swift_UVM2 
 60665.052  332.0  -10.507  -10.731  -10.909   2245.03  swift_UVM2 
 60667.188  334.0  -10.482  -10.707  -10.884   2245.03  swift_UVM2 
 60669.324  336.0  -10.458  -10.682   -10.86   2245.03  swift_UVM2 
  60671.46  338.0  -10.433  -10.659  -10.836   2245.03  swift_UVM2 
 60673.596  340.0  -10.409  -10.635  -10.812   2245.03  swift_UVM2 
 60675.732  342.0  -10.385  -10.611  -10.788   2245.03  swift_UVM2 
 60677.868  344.0  -10.361  -10.587  -10.764   2245.03  swift_UVM2 
 60680.004  346.0  -10.337  -10.563   -10.74   2245.03  swift_UVM2 
  60682.14  348.0  -10.314   -10.54  -10.717   2245.03  swift_UVM2 
 60684.276  350.0  -10.291  -10.516  -10.694   2245.03  swift_UVM2 
 60686.412  352.0  -10.267  -10.493   -10.67   2245.03  swift_UVM2 
 60688.548  354.0  -10.244   -10.47  -10.647   2245.03  swift_UVM2 
 60690.684  356.0  -10.221  -10.447  -10.624   2245.03  swift_UVM2 
  60692.82  358.0  -10.197  -10.425  -10.601   2245.03  swift_UVM2 
 60694.956  360.0  -10.174  -10.402  -10.578   2245.03  swift_UVM2 
 60697.092  362.0   -10.15   -10.38  -10.556   2245.03  swift_UVM2 
 60699.228  364.0  -10.127  -10.358  -10.533   2245.03  swift_UVM2 
 60701.364  366.0  -10.103  -10.335  -10.511   2245.03  swift_UVM2 
   60703.5  368.0   -10.08  -10.313  -10.488   2245.03  swift_UVM2 
 60705.636  370.0  -10.057  -10.291  -10.466   2245.03  swift_UVM2 
 60707.772  372.0  -10.034   -10.27  -10.444   2245.03  swift_UVM2 
 60709.908  374.0  -10.011  -10.248  -10.422   2245.03  swift_UVM2 
 60712.044  376.0   -9.988  -10.226    -10.4   2245.03  swift_UVM2 
  60714.18  378.0   -9.966  -10.205  -10.378   2245.03  swift_UVM2 
 60716.316  380.0   -9.944  -10.183  -10.357   2245.03  swift_UVM2 
 60718.452  382.0   -9.922  -10.162  -10.335   2245.03  swift_UVM2 
 60720.588  384.0   -9.901  -10.141  -10.314   2245.03  swift_UVM2 
 60722.724  386.0   -9.879   -10.12  -10.292   2245.03  swift_UVM2 
  60724.86  388.0   -9.858  -10.099  -10.271   2245.03  swift_UVM2 
 60726.996  390.0   -9.837  -10.078   -10.25   2245.03  swift_UVM2 
 60729.132  392.0   -9.816  -10.057  -10.229   2245.03  swift_UVM2 
 60731.268  394.0   -9.795  -10.036  -10.208   2245.03  swift_UVM2 
 60733.404  396.0   -9.774  -10.015  -10.188   2245.03  swift_UVM2 
  60735.54  398.0   -9.753   -9.994  -10.167   2245.03  swift_UVM2 
 60737.676  400.0   -9.732   -9.973  -10.146   2245.03  swift_UVM2 
 60739.812  402.0   -9.712   -9.952  -10.126   2245.03  swift_UVM2 
 60741.948  404.0   -9.691   -9.931  -10.106   2245.03  swift_UVM2 
 60744.084  406.0   -9.671    -9.91  -10.085   2245.03  swift_UVM2 
  60746.22  408.0   -9.651   -9.889  -10.065   2245.03  swift_UVM2 
 60748.356  410.0    -9.63   -9.868  -10.045   2245.03  swift_UVM2 
 60750.492  412.0    -9.61   -9.847  -10.024   2245.03  swift_UVM2 
 60752.628  414.0    -9.59   -9.827  -10.004   2245.03  swift_UVM2 
 60754.764  416.0    -9.57   -9.806   -9.984   2245.03  swift_UVM2 
   60756.9  418.0   -9.551   -9.786   -9.964   2245.03  swift_UVM2 
 60759.036  420.0   -9.531   -9.767   -9.944   2245.03  swift_UVM2 
 60761.172  422.0   -9.511   -9.747   -9.924   2245.03  swift_UVM2 
 60763.308  424.0   -9.492   -9.727   -9.904   2245.03  swift_UVM2 
 60765.444  426.0   -9.472   -9.708   -9.885   2245.03  swift_UVM2 
  60767.58  428.0   -9.453   -9.687   -9.865   2245.03  swift_UVM2 
 60769.716  430.0   -9.433   -9.667   -9.846   2245.03  swift_UVM2 
 60771.852  432.0   -9.414   -9.647   -9.827   2245.03  swift_UVM2 
 60773.988  434.0   -9.395   -9.627   -9.808   2245.03  swift_UVM2 
 60776.124  436.0   -9.375   -9.607   -9.788   2245.03  swift_UVM2 
  60778.26  438.0   -9.356   -9.588   -9.769   2245.03  swift_UVM2 
 60780.396  440.0   -9.337   -9.569    -9.75   2245.03  swift_UVM2 
 60782.532  442.0   -9.318    -9.55   -9.731   2245.03  swift_UVM2 
 60784.668  444.0   -9.299   -9.531   -9.713   2245.03  swift_UVM2 
 60786.804  446.0    -9.28   -9.512   -9.694   2245.03  swift_UVM2 
  60788.94  448.0   -9.261   -9.493   -9.675   2245.03  swift_UVM2 
 60791.076  450.0   -9.243   -9.474   -9.657   2245.03  swift_UVM2 
 60793.212  452.0   -9.224   -9.456   -9.638   2245.03  swift_UVM2 
 60795.348  454.0   -9.206   -9.437    -9.62   2245.03  swift_UVM2 
 60797.484  456.0   -9.187   -9.419   -9.601   2245.03  swift_UVM2 
  60799.62  458.0   -9.169     -9.4   -9.583   2245.03  swift_UVM2 
 60801.756  460.0    -9.15   -9.381   -9.565   2245.03  swift_UVM2 
 60803.892  462.0   -9.132   -9.363   -9.547   2245.03  swift_UVM2 
 60806.028  464.0   -9.114   -9.344   -9.529   2245.03  swift_UVM2 
 60808.164  466.0   -9.096   -9.326   -9.511   2245.03  swift_UVM2 
   60810.3  468.0   -9.078   -9.307   -9.493   2245.03  swift_UVM2 
 60812.436  470.0    -9.06   -9.289   -9.475   2245.03  swift_UVM2 
 60814.572  472.0   -9.042   -9.271   -9.457   2245.03  swift_UVM2 
 60816.708  474.0   -9.024   -9.253    -9.44   2245.03  swift_UVM2 
 60818.844  476.0   -9.007   -9.235   -9.422   2245.03  swift_UVM2 
  60820.98  478.0   -8.989   -9.217   -9.405   2245.03  swift_UVM2 
 60823.116  480.0   -8.971   -9.199   -9.387   2245.03  swift_UVM2 
 60825.252  482.0   -8.954   -9.181    -9.37   2245.03  swift_UVM2 
 60827.388  484.0   -8.936   -9.163   -9.352   2245.03  swift_UVM2 
 60829.524  486.0   -8.919   -9.145   -9.335   2245.03  swift_UVM2 
  60831.66  488.0   -8.902   -9.128   -9.318   2245.03  swift_UVM2 
 60833.796  490.0   -8.885   -9.111   -9.301   2245.03  swift_UVM2 
 60835.932  492.0   -8.867   -9.093   -9.284   2245.03  swift_UVM2 
 60838.068  494.0    -8.85   -9.076   -9.267   2245.03  swift_UVM2 
 60840.204  496.0   -8.833   -9.059    -9.25   2245.03  swift_UVM2 
  60842.34  498.0   -8.816   -9.042   -9.233   2245.03  swift_UVM2 
 60844.476  500.0   -8.799   -9.025   -9.216   2245.03  swift_UVM2 
 60846.612  502.0   -8.783   -9.008   -9.199   2245.03  swift_UVM2 
 60848.748  504.0   -8.766   -8.991   -9.183   2245.03  swift_UVM2 
 60850.884  506.0   -8.749   -8.974   -9.166   2245.03  swift_UVM2 
  60853.02  508.0   -8.732   -8.958    -9.15   2245.03  swift_UVM2 
 60855.156  510.0   -8.716   -8.941   -9.133   2245.03  swift_UVM2 
 60857.292  512.0   -8.699   -8.924   -9.117   2245.03  swift_UVM2 
 60859.428  514.0   -8.683   -8.908     -9.1   2245.03  swift_UVM2 
 60861.564  516.0   -8.666   -8.891   -9.084   2245.03  swift_UVM2 
   60863.7  518.0    -8.65   -8.875   -9.068   2245.03  swift_UVM2 
 60865.836  520.0   -8.634   -8.859   -9.052   2245.03  swift_UVM2 
 60867.972  522.0   -8.618   -8.842   -9.036   2245.03  swift_UVM2 
 60870.108  524.0   -8.601   -8.826    -9.02   2245.03  swift_UVM2 
 60872.244  526.0   -8.585    -8.81   -9.005   2245.03  swift_UVM2 
  60874.38  528.0   -8.569   -8.794   -8.989   2245.03  swift_UVM2 
 60876.516  530.0   -8.553   -8.778   -8.973   2245.03  swift_UVM2 
 60878.652  532.0   -8.537   -8.762   -8.958   2245.03  swift_UVM2 
 60880.788  534.0   -8.521   -8.746   -8.942   2245.03  swift_UVM2 
 60882.924  536.0   -8.505    -8.73   -8.927   2245.03  swift_UVM2 
  60885.06  538.0    -8.49   -8.715   -8.911   2245.03  swift_UVM2 
 60887.196  540.0   -8.474   -8.699   -8.896   2245.03  swift_UVM2 
 60889.332  542.0   -8.458   -8.684   -8.881   2245.03  swift_UVM2 
 60891.468  544.0   -8.442   -8.668   -8.865   2245.03  swift_UVM2 
 60893.604  546.0   -8.427   -8.653    -8.85   2245.03  swift_UVM2 
  60895.74  548.0   -8.411   -8.637   -8.835   2245.03  swift_UVM2 
 60897.876  550.0   -8.396   -8.622    -8.82   2245.03  swift_UVM2 
 60900.012  552.0    -8.38   -8.607   -8.805   2245.03  swift_UVM2 
 60902.148  554.0   -8.365   -8.591    -8.79   2245.03  swift_UVM2 
 60904.284  556.0    -8.35   -8.576   -8.775   2245.03  swift_UVM2 
  60906.42  558.0   -8.334   -8.561    -8.76   2245.03  swift_UVM2 
 60908.556  560.0   -8.319   -8.545   -8.745   2245.03  swift_UVM2 
 60910.692  562.0   -8.304    -8.53    -8.73   2245.03  swift_UVM2 
 60912.828  564.0   -8.289   -8.515   -8.716   2245.03  swift_UVM2 
 60914.964  566.0   -8.274     -8.5   -8.701   2245.03  swift_UVM2 
   60917.1  568.0   -8.259   -8.485   -8.686   2245.03  swift_UVM2 
 60919.236  570.0   -8.244    -8.47   -8.672   2245.03  swift_UVM2 
 60921.372  572.0   -8.229   -8.455   -8.657   2245.03  swift_UVM2 
 60923.508  574.0   -8.215    -8.44   -8.643   2245.03  swift_UVM2 
 60925.644  576.0     -8.2   -8.425   -8.628   2245.03  swift_UVM2 
  60927.78  578.0   -8.186    -8.41   -8.614   2245.03  swift_UVM2 
 60929.916  580.0   -8.171   -8.395   -8.599   2245.03  swift_UVM2 
 60932.052  582.0   -8.157    -8.38   -8.585   2245.03  swift_UVM2 
 60934.188  584.0   -8.142   -8.366   -8.571   2245.03  swift_UVM2 
 60936.324  586.0   -8.128   -8.351   -8.557   2245.03  swift_UVM2 
  60938.46  588.0   -8.114   -8.337   -8.542   2245.03  swift_UVM2 
 60940.596  590.0   -8.099   -8.322   -8.528   2245.03  swift_UVM2 
 60942.732  592.0   -8.085   -8.308   -8.514   2245.03  swift_UVM2 
 60944.868  594.0   -8.071   -8.293     -8.5   2245.03  swift_UVM2 
 60947.004  596.0   -8.057   -8.279   -8.486   2245.03  swift_UVM2 
  60949.14  598.0   -8.043   -8.264   -8.472   2245.03  swift_UVM2 
 60951.276  600.0   -8.029    -8.25   -8.458   2245.03  swift_UVM2 
 60953.412  602.0   -8.015   -8.236   -8.444   2245.03  swift_UVM2 
 60955.548  604.0   -8.001   -8.222    -8.43   2245.03  swift_UVM2 
 60957.684  606.0   -7.987   -8.208   -8.417   2245.03  swift_UVM2 
  60959.82  608.0   -7.973   -8.194   -8.403   2245.03  swift_UVM2 
 60961.956  610.0   -7.959    -8.18   -8.389   2245.03  swift_UVM2 
 60964.092  612.0   -7.945   -8.166   -8.375   2245.03  swift_UVM2 
 60966.228  614.0   -7.931   -8.152   -8.362   2245.03  swift_UVM2 
 60968.364  616.0   -7.917   -8.138   -8.348   2245.03  swift_UVM2 
   60970.5  618.0   -7.903   -8.125   -8.334   2245.03  swift_UVM2 
 60972.636  620.0   -7.889   -8.111   -8.321   2245.03  swift_UVM2 
 60974.772  622.0   -7.876   -8.098   -8.307   2245.03  swift_UVM2 
 60976.908  624.0   -7.862   -8.084   -8.294   2245.03  swift_UVM2 
 60979.044  626.0   -7.848   -8.071    -8.28   2245.03  swift_UVM2 
  60981.18  628.0   -7.835   -8.057   -8.267   2245.03  swift_UVM2 
 60983.316  630.0   -7.821   -8.044   -8.253   2245.03  swift_UVM2 
 60985.452  632.0   -7.808   -8.031    -8.24   2245.03  swift_UVM2 
 60987.588  634.0   -7.794   -8.017   -8.227   2245.03  swift_UVM2 
 60989.724  636.0   -7.781   -8.004   -8.213   2245.03  swift_UVM2 
  60991.86  638.0   -7.768   -7.991     -8.2   2245.03  swift_UVM2 
 60993.996  640.0   -7.754   -7.978   -8.187   2245.03  swift_UVM2 
 60996.132  642.0   -7.741   -7.964   -8.174   2245.03  swift_UVM2 
 60998.268  644.0   -7.728   -7.951    -8.16   2245.03  swift_UVM2 
 61000.404  646.0   -7.715   -7.938   -8.147   2245.03  swift_UVM2 
  61002.54  648.0   -7.701   -7.925   -8.134   2245.03  swift_UVM2 
 61004.676  650.0   -7.688   -7.912   -8.121   2245.03  swift_UVM2 
 61006.812  652.0   -7.675   -7.899   -8.108   2245.03  swift_UVM2 
 61008.948  654.0   -7.662   -7.886   -8.095   2245.03  swift_UVM2 
 61011.084  656.0   -7.649   -7.874   -8.082   2245.03  swift_UVM2 
  61013.22  658.0   -7.636   -7.861   -8.069   2245.03  swift_UVM2 
 61015.356  660.0   -7.623   -7.848   -8.057   2245.03  swift_UVM2 
 61017.492  662.0    -7.61   -7.835   -8.044   2245.03  swift_UVM2 
 61019.628  664.0   -7.598   -7.823   -8.031   2245.03  swift_UVM2 
 61021.764  666.0   -7.585    -7.81   -8.018   2245.03  swift_UVM2 
   61023.9  668.0   -7.572   -7.797   -8.006   2245.03  swift_UVM2 
 61026.036  670.0   -7.559   -7.785   -7.993   2245.03  swift_UVM2 
 61028.172  672.0   -7.547   -7.772    -7.98   2245.03  swift_UVM2 
 61030.308  674.0   -7.534   -7.759   -7.968   2245.03  swift_UVM2 
 61032.444  676.0   -7.521   -7.747   -7.955   2245.03  swift_UVM2 
  61034.58  678.0   -7.509   -7.735   -7.943   2245.03  swift_UVM2 
 61036.716  680.0   -7.496   -7.722    -7.93   2245.03  swift_UVM2 
 61038.852  682.0   -7.484    -7.71   -7.918   2245.03  swift_UVM2 
 61040.988  684.0   -7.471   -7.697   -7.905   2245.03  swift_UVM2 
 61043.124  686.0   -7.459   -7.685   -7.893   2245.03  swift_UVM2 
  61045.26  688.0   -7.446   -7.673   -7.881   2245.03  swift_UVM2 
 61047.396  690.0   -7.434    -7.66   -7.868   2245.03  swift_UVM2 
 61049.532  692.0   -7.422   -7.648   -7.856   2245.03  swift_UVM2 
 61051.668  694.0   -7.409   -7.636   -7.844   2245.03  swift_UVM2 
 61053.804  696.0   -7.397   -7.624   -7.832   2245.03  swift_UVM2 
  61055.94  698.0   -7.385   -7.612   -7.819   2245.03  swift_UVM2 
 61058.076  700.0   -7.373     -7.6   -7.807   2245.03  swift_UVM2 
 61060.212  702.0   -7.361   -7.588   -7.795   2245.03  swift_UVM2 
 61062.348  704.0   -7.349   -7.576   -7.783   2245.03  swift_UVM2 
 61064.484  706.0   -7.336   -7.564   -7.771   2245.03  swift_UVM2 
  61066.62  708.0   -7.324   -7.552   -7.759   2245.03  swift_UVM2 
 61068.756  710.0   -7.312    -7.54   -7.747   2245.03  swift_UVM2 
 61070.892  712.0     -7.3   -7.528   -7.735   2245.03  swift_UVM2 
 61073.028  714.0   -7.288   -7.516   -7.723   2245.03  swift_UVM2 
 61075.164  716.0   -7.277   -7.504   -7.711   2245.03  swift_UVM2 
   61077.3  718.0   -7.265   -7.492     -7.7   2245.03  swift_UVM2 
 61079.436  720.0   -7.253   -7.481   -7.688   2245.03  swift_UVM2 
 61081.572  722.0   -7.241   -7.469   -7.676   2245.03  swift_UVM2 
 61083.708  724.0   -7.229   -7.457   -7.664   2245.03  swift_UVM2 
 61085.844  726.0   -7.217   -7.446   -7.653   2245.03  swift_UVM2 
  61087.98  728.0   -7.206   -7.434   -7.641   2245.03  swift_UVM2 
 61090.116  730.0   -7.194   -7.423   -7.629   2245.03  swift_UVM2 
 61092.252  732.0   -7.182   -7.411   -7.618   2245.03  swift_UVM2 
 61094.388  734.0   -7.171     -7.4   -7.606   2245.03  swift_UVM2 
 61096.524  736.0   -7.159   -7.388   -7.594   2245.03  swift_UVM2 
  61098.66  738.0   -7.148   -7.377   -7.583   2245.03  swift_UVM2 
 61100.796  740.0   -7.136   -7.365   -7.571   2245.03  swift_UVM2 
 61102.932  742.0   -7.125   -7.354    -7.56   2245.03  swift_UVM2 
 61105.068  744.0   -7.113   -7.343   -7.549   2245.03  swift_UVM2 
 61107.204  746.0   -7.102   -7.331   -7.537   2245.03  swift_UVM2 
  61109.34  748.0    -7.09    -7.32   -7.526   2245.03  swift_UVM2 
 61111.476  750.0   -7.079   -7.309   -7.514   2245.03  swift_UVM2 
 61113.612  752.0   -7.068   -7.298   -7.503   2245.03  swift_UVM2 
 61115.748  754.0   -7.056   -7.286   -7.492   2245.03  swift_UVM2 
 61117.884  756.0   -7.045   -7.275   -7.481   2245.03  swift_UVM2 
  61120.02  758.0   -7.034   -7.264   -7.469   2245.03  swift_UVM2 
 61122.156  760.0   -7.022   -7.253   -7.458   2245.03  swift_UVM2 
 61124.292  762.0   -7.011   -7.242   -7.447   2245.03  swift_UVM2 
 61126.428  764.0     -7.0   -7.231   -7.436   2245.03  swift_UVM2 
 61128.564  766.0   -6.989    -7.22   -7.425   2245.03  swift_UVM2 
   61130.7  768.0   -6.978   -7.209   -7.414   2245.03  swift_UVM2 
 61132.836  770.0   -6.967   -7.198   -7.403   2245.03  swift_UVM2 
 61134.972  772.0   -6.956   -7.187   -7.392   2245.03  swift_UVM2 
 61137.108  774.0   -6.945   -7.176   -7.381   2245.03  swift_UVM2 
 61139.244  776.0   -6.934   -7.165    -7.37   2245.03  swift_UVM2 
  61141.38  778.0   -6.923   -7.154   -7.359   2245.03  swift_UVM2 
 61143.516  780.0   -6.912   -7.143   -7.348   2245.03  swift_UVM2 
 61145.652  782.0   -6.901   -7.133   -7.337   2245.03  swift_UVM2 
 61147.788  784.0    -6.89   -7.122   -7.326   2245.03  swift_UVM2 
 61149.924  786.0   -6.879   -7.111   -7.315   2245.03  swift_UVM2 
  61152.06  788.0   -6.868     -7.1   -7.304   2245.03  swift_UVM2 
 61154.196  790.0   -6.857    -7.09   -7.294   2245.03  swift_UVM2 
 61156.332  792.0   -6.847   -7.079   -7.283   2245.03  swift_UVM2 
 61158.468  794.0   -6.836   -7.068   -7.272   2245.03  swift_UVM2 
 61160.604  796.0   -6.825   -7.058   -7.261   2245.03  swift_UVM2 
  61162.74  798.0   -6.815   -7.047   -7.251   2245.03  swift_UVM2 
 61164.876  800.0   -6.804   -7.037    -7.24   2245.03  swift_UVM2 
 60310.476    0.0      nan      nan      nan   2681.67  swift_UVW1 
  60311.01    0.5   -9.957  -11.948  -12.634   2681.67  swift_UVW1 
 60311.544    1.0  -10.272  -12.746  -13.519   2681.67  swift_UVW1 
 60312.078    1.5  -11.793  -13.375  -14.107   2681.67  swift_UVW1 
 60312.612    2.0  -12.763  -13.908  -14.547   2681.67  swift_UVW1 
 60313.146    2.5  -13.396  -14.324  -14.899   2681.67  swift_UVW1 
  60313.68    3.0   -13.89  -14.698  -15.191   2681.67  swift_UVW1 
 60314.214    3.5  -14.316  -14.989   -15.44   2681.67  swift_UVW1 
 60314.748    4.0  -14.736  -15.257  -15.663   2681.67  swift_UVW1 
 60315.282    4.5  -15.067    -15.5  -15.863   2681.67  swift_UVW1 
 60315.816    5.0  -15.348  -15.721  -16.045   2681.67  swift_UVW1 
  60316.35    5.5  -15.592  -15.908  -16.224   2681.67  swift_UVW1 
 60316.884    6.0  -15.775  -16.082  -16.378   2681.67  swift_UVW1 
 60317.418    6.5  -15.995  -16.232  -16.511   2681.67  swift_UVW1 
 60317.952    7.0  -16.159   -16.38   -16.63   2681.67  swift_UVW1 
 60318.486    7.5  -16.315  -16.509  -16.743   2681.67  swift_UVW1 
  60319.02    8.0  -16.445  -16.632  -16.852   2681.67  swift_UVW1 
 60319.554    8.5  -16.567  -16.742  -16.952   2681.67  swift_UVW1 
 60320.088    9.0  -16.679   -16.85  -17.047   2681.67  swift_UVW1 
 60320.622    9.5  -16.782  -16.956  -17.141   2681.67  swift_UVW1 
 60321.156   10.0   -16.88  -17.053  -17.224   2681.67  swift_UVW1 
  60321.69   10.5  -16.977  -17.143  -17.307   2681.67  swift_UVW1 
 60322.224   11.0  -17.076  -17.224  -17.384   2681.67  swift_UVW1 
 60322.758   11.5  -17.159  -17.298  -17.456   2681.67  swift_UVW1 
 60323.292   12.0  -17.235  -17.374  -17.522   2681.67  swift_UVW1 
 60323.826   12.5  -17.308  -17.442   -17.59   2681.67  swift_UVW1 
  60324.36   13.0  -17.377  -17.511  -17.656   2681.67  swift_UVW1 
 60324.894   13.5  -17.439  -17.578  -17.712   2681.67  swift_UVW1 
 60325.428   14.0  -17.501  -17.637  -17.769   2681.67  swift_UVW1 
 60325.962   14.5  -17.564  -17.695  -17.826   2681.67  swift_UVW1 
 60326.496   15.0  -17.621   -17.75   -17.88   2681.67  swift_UVW1 
  60327.03   15.5  -17.674    -17.8  -17.931   2681.67  swift_UVW1 
 60327.564   16.0  -17.725  -17.853  -17.979   2681.67  swift_UVW1 
 60328.098   16.5  -17.774  -17.901  -18.024   2681.67  swift_UVW1 
 60328.632   17.0  -17.821  -17.949   -18.07   2681.67  swift_UVW1 
 60329.166   17.5  -17.863  -17.991  -18.113   2681.67  swift_UVW1 
   60329.7   18.0  -17.904  -18.034  -18.155   2681.67  swift_UVW1 
 60330.234   18.5  -17.944  -18.076  -18.196   2681.67  swift_UVW1 
 60330.768   19.0  -17.983  -18.116  -18.234   2681.67  swift_UVW1 
 60331.302   19.5  -18.021  -18.154  -18.271   2681.67  swift_UVW1 
 60331.836   20.0  -18.057  -18.188  -18.305   2681.67  swift_UVW1 
  60332.37   20.5  -18.092  -18.223  -18.337   2681.67  swift_UVW1 
 60332.904   21.0  -18.126  -18.256  -18.368   2681.67  swift_UVW1 
 60333.438   21.5  -18.159  -18.289  -18.401   2681.67  swift_UVW1 
 60333.972   22.0  -18.192   -18.32  -18.432   2681.67  swift_UVW1 
 60334.506   22.5  -18.223  -18.349  -18.459   2681.67  swift_UVW1 
  60335.04   23.0  -18.253  -18.377  -18.486   2681.67  swift_UVW1 
 60335.574   23.5  -18.281  -18.406   -18.51   2681.67  swift_UVW1 
 60336.108   24.0  -18.309  -18.431  -18.534   2681.67  swift_UVW1 
 60336.642   24.5  -18.334  -18.455  -18.559   2681.67  swift_UVW1 
 60337.176   25.0  -18.359   -18.48  -18.583   2681.67  swift_UVW1 
  60337.71   25.5  -18.385  -18.504  -18.606   2681.67  swift_UVW1 
 60338.244   26.0   -18.41  -18.527   -18.63   2681.67  swift_UVW1 
 60338.778   26.5  -18.434  -18.547  -18.654   2681.67  swift_UVW1 
 60339.312   27.0  -18.457  -18.566  -18.677   2681.67  swift_UVW1 
 60339.846   27.5  -18.477  -18.584  -18.697   2681.67  swift_UVW1 
  60340.38   28.0  -18.496  -18.602  -18.713   2681.67  swift_UVW1 
 60340.914   28.5  -18.515   -18.62  -18.729   2681.67  swift_UVW1 
 60341.448   29.0  -18.533  -18.637  -18.747   2681.67  swift_UVW1 
 60341.982   29.5   -18.55  -18.653  -18.764   2681.67  swift_UVW1 
 60342.516   30.0  -18.564  -18.667   -18.78   2681.67  swift_UVW1 
  60343.05   30.5  -18.579  -18.681  -18.797   2681.67  swift_UVW1 
 60343.584   31.0  -18.592  -18.695  -18.813   2681.67  swift_UVW1 
 60344.118   31.5  -18.606  -18.708  -18.828   2681.67  swift_UVW1 
 60344.652   32.0   -18.62  -18.722  -18.842   2681.67  swift_UVW1 
 60345.186   32.5  -18.634  -18.736  -18.855   2681.67  swift_UVW1 
  60345.72   33.0  -18.647  -18.749  -18.868   2681.67  swift_UVW1 
 60346.254   33.5   -18.66  -18.762  -18.882   2681.67  swift_UVW1 
 60346.788   34.0  -18.672  -18.774  -18.895   2681.67  swift_UVW1 
 60347.322   34.5  -18.685  -18.785  -18.907   2681.67  swift_UVW1 
 60347.856   35.0  -18.697  -18.795  -18.918   2681.67  swift_UVW1 
  60348.39   35.5  -18.707  -18.804  -18.929   2681.67  swift_UVW1 
 60348.924   36.0  -18.717  -18.814   -18.94   2681.67  swift_UVW1 
 60349.458   36.5  -18.726  -18.822  -18.949   2681.67  swift_UVW1 
 60349.992   37.0  -18.733   -18.83  -18.957   2681.67  swift_UVW1 
 60350.526   37.5   -18.74  -18.839  -18.965   2681.67  swift_UVW1 
  60351.06   38.0  -18.747  -18.847  -18.971   2681.67  swift_UVW1 
 60351.594   38.5  -18.754  -18.855  -18.977   2681.67  swift_UVW1 
 60352.128   39.0  -18.761  -18.861  -18.984   2681.67  swift_UVW1 
 60352.662   39.5  -18.767  -18.867  -18.989   2681.67  swift_UVW1 
 60353.196   40.0  -18.773  -18.873  -18.995   2681.67  swift_UVW1 
  60353.73   40.5  -18.779  -18.879  -19.001   2681.67  swift_UVW1 
 60354.264   41.0  -18.784  -18.884  -19.007   2681.67  swift_UVW1 
 60354.798   41.5  -18.789  -18.888  -19.012   2681.67  swift_UVW1 
 60355.332   42.0  -18.794  -18.892  -19.017   2681.67  swift_UVW1 
 60355.866   42.5  -18.798  -18.896   -19.02   2681.67  swift_UVW1 
   60356.4   43.0  -18.802    -18.9  -19.023   2681.67  swift_UVW1 
 60356.934   43.5  -18.805  -18.903  -19.026   2681.67  swift_UVW1 
 60357.468   44.0  -18.808  -18.905  -19.028   2681.67  swift_UVW1 
 60358.002   44.5   -18.81  -18.907   -19.03   2681.67  swift_UVW1 
 60358.536   45.0  -18.812  -18.909  -19.031   2681.67  swift_UVW1 
  60359.07   45.5  -18.814   -18.91  -19.033   2681.67  swift_UVW1 
 60359.604   46.0  -18.814  -18.911  -19.033   2681.67  swift_UVW1 
 60360.138   46.5  -18.814  -18.911  -19.034   2681.67  swift_UVW1 
 60360.672   47.0  -18.814  -18.911  -19.034   2681.67  swift_UVW1 
 60361.206   47.5  -18.813   -18.91  -19.033   2681.67  swift_UVW1 
  60361.74   48.0  -18.813   -18.91  -19.033   2681.67  swift_UVW1 
 60362.274   48.5   -18.81   -18.91  -19.032   2681.67  swift_UVW1 
 60362.808   49.0  -18.809   -18.91   -19.03   2681.67  swift_UVW1 
 60363.342   49.5  -18.808  -18.909  -19.029   2681.67  swift_UVW1 
 60363.876   50.0  -18.807  -18.908  -19.027   2681.67  swift_UVW1 
  60364.41   50.5  -18.805  -18.907  -19.024   2681.67  swift_UVW1 
 60364.944   51.0  -18.803  -18.906  -19.022   2681.67  swift_UVW1 
 60365.478   51.5  -18.801  -18.903  -19.019   2681.67  swift_UVW1 
 60366.012   52.0  -18.797    -18.9  -19.015   2681.67  swift_UVW1 
 60366.546   52.5  -18.793  -18.897  -19.011   2681.67  swift_UVW1 
  60367.08   53.0  -18.788  -18.893  -19.007   2681.67  swift_UVW1 
 60367.614   53.5  -18.782  -18.889  -19.003   2681.67  swift_UVW1 
 60368.148   54.0  -18.776  -18.884  -18.999   2681.67  swift_UVW1 
 60368.682   54.5  -18.769  -18.879  -18.995   2681.67  swift_UVW1 
 60369.216   55.0  -18.764  -18.874   -18.99   2681.67  swift_UVW1 
  60369.75   55.5  -18.758  -18.868  -18.985   2681.67  swift_UVW1 
 60370.284   56.0  -18.752  -18.862  -18.979   2681.67  swift_UVW1 
 60370.818   56.5  -18.746  -18.856  -18.972   2681.67  swift_UVW1 
 60371.352   57.0   -18.74   -18.85  -18.966   2681.67  swift_UVW1 
 60371.886   57.5  -18.732  -18.843   -18.96   2681.67  swift_UVW1 
  60372.42   58.0  -18.724  -18.835  -18.954   2681.67  swift_UVW1 
 60372.954   58.5  -18.716  -18.828  -18.947   2681.67  swift_UVW1 
 60373.488   59.0  -18.708   -18.82   -18.94   2681.67  swift_UVW1 
 60374.022   59.5  -18.699  -18.812  -18.932   2681.67  swift_UVW1 
 60374.556   60.0   -18.69  -18.804  -18.924   2681.67  swift_UVW1 
  60375.09   60.5  -18.681  -18.795  -18.916   2681.67  swift_UVW1 
 60375.624   61.0  -18.672  -18.787  -18.908   2681.67  swift_UVW1 
 60376.158   61.5  -18.662  -18.777  -18.899   2681.67  swift_UVW1 
 60376.692   62.0  -18.652  -18.768  -18.889   2681.67  swift_UVW1 
 60377.226   62.5  -18.642  -18.758  -18.879   2681.67  swift_UVW1 
  60377.76   63.0  -18.631  -18.748  -18.869   2681.67  swift_UVW1 
 60378.294   63.5   -18.62  -18.737  -18.857   2681.67  swift_UVW1 
 60378.828   64.0  -18.609  -18.726  -18.846   2681.67  swift_UVW1 
 60379.362   64.5  -18.597  -18.714  -18.834   2681.67  swift_UVW1 
 60379.896   65.0  -18.585  -18.702  -18.822   2681.67  swift_UVW1 
  60380.43   65.5  -18.572   -18.69  -18.809   2681.67  swift_UVW1 
 60380.964   66.0  -18.559  -18.678  -18.796   2681.67  swift_UVW1 
 60381.498   66.5  -18.546  -18.665  -18.784   2681.67  swift_UVW1 
 60382.032   67.0  -18.532  -18.652  -18.771   2681.67  swift_UVW1 
 60382.566   67.5  -18.518  -18.638  -18.758   2681.67  swift_UVW1 
   60383.1   68.0  -18.504  -18.624  -18.744   2681.67  swift_UVW1 
 60383.634   68.5   -18.49   -18.61  -18.731   2681.67  swift_UVW1 
 60384.168   69.0  -18.476  -18.595  -18.717   2681.67  swift_UVW1 
 60384.702   69.5  -18.461  -18.581  -18.702   2681.67  swift_UVW1 
 60385.236   70.0  -18.445  -18.565  -18.687   2681.67  swift_UVW1 
  60385.77   70.5   -18.43  -18.549  -18.671   2681.67  swift_UVW1 
 60386.304   71.0  -18.414  -18.533  -18.655   2681.67  swift_UVW1 
 60386.838   71.5  -18.398  -18.516  -18.638   2681.67  swift_UVW1 
 60387.372   72.0  -18.381    -18.5   -18.62   2681.67  swift_UVW1 
 60387.906   72.5  -18.364  -18.483  -18.602   2681.67  swift_UVW1 
  60388.44   73.0  -18.347  -18.466  -18.584   2681.67  swift_UVW1 
 60388.974   73.5   -18.33  -18.448  -18.565   2681.67  swift_UVW1 
 60389.508   74.0  -18.312   -18.43  -18.547   2681.67  swift_UVW1 
 60390.042   74.5  -18.294  -18.412  -18.528   2681.67  swift_UVW1 
 60390.576   75.0  -18.275  -18.392  -18.509   2681.67  swift_UVW1 
  60391.11   75.5  -18.256  -18.372   -18.49   2681.67  swift_UVW1 
 60391.644   76.0  -18.237  -18.352  -18.471   2681.67  swift_UVW1 
 60392.178   76.5  -18.217  -18.331  -18.451   2681.67  swift_UVW1 
 60392.712   77.0  -18.196  -18.311  -18.431   2681.67  swift_UVW1 
 60393.246   77.5  -18.175  -18.291  -18.411   2681.67  swift_UVW1 
  60393.78   78.0  -18.154   -18.27  -18.391   2681.67  swift_UVW1 
 60394.314   78.5  -18.134   -18.25   -18.37   2681.67  swift_UVW1 
 60394.848   79.0  -18.113  -18.229  -18.349   2681.67  swift_UVW1 
 60395.382   79.5  -18.091  -18.206  -18.328   2681.67  swift_UVW1 
 60395.916   80.0   -18.07  -18.184  -18.306   2681.67  swift_UVW1 
  60396.45   80.5  -18.048  -18.161  -18.285   2681.67  swift_UVW1 
 60396.984   81.0  -18.026  -18.137  -18.263   2681.67  swift_UVW1 
 60397.518   81.5  -18.003  -18.113   -18.24   2681.67  swift_UVW1 
 60398.052   82.0   -17.98  -18.089  -18.218   2681.67  swift_UVW1 
 60398.586   82.5  -17.956  -18.065  -18.195   2681.67  swift_UVW1 
  60399.12   83.0  -17.933   -18.04  -18.171   2681.67  swift_UVW1 
 60399.654   83.5  -17.909  -18.015  -18.147   2681.67  swift_UVW1 
 60400.188   84.0  -17.884   -17.99  -18.122   2681.67  swift_UVW1 
 60400.722   84.5  -17.859  -17.965  -18.097   2681.67  swift_UVW1 
 60401.256   85.0  -17.834  -17.939  -18.071   2681.67  swift_UVW1 
  60401.79   85.5  -17.808  -17.914  -18.045   2681.67  swift_UVW1 
 60402.324   86.0  -17.781  -17.887  -18.018   2681.67  swift_UVW1 
 60402.858   86.5  -17.755  -17.861  -17.991   2681.67  swift_UVW1 
 60403.392   87.0  -17.728  -17.835  -17.964   2681.67  swift_UVW1 
 60403.926   87.5  -17.701  -17.808  -17.937   2681.67  swift_UVW1 
  60404.46   88.0  -17.674   -17.78  -17.909   2681.67  swift_UVW1 
 60404.994   88.5  -17.646  -17.752  -17.881   2681.67  swift_UVW1 
 60405.528   89.0  -17.618  -17.724  -17.852   2681.67  swift_UVW1 
 60406.062   89.5   -17.59  -17.695  -17.824   2681.67  swift_UVW1 
 60406.596   90.0  -17.562  -17.667  -17.794   2681.67  swift_UVW1 
  60407.13   90.5  -17.533  -17.638  -17.765   2681.67  swift_UVW1 
 60407.664   91.0  -17.504  -17.609  -17.735   2681.67  swift_UVW1 
 60408.198   91.5  -17.474  -17.579  -17.706   2681.67  swift_UVW1 
 60408.732   92.0  -17.444  -17.549  -17.676   2681.67  swift_UVW1 
 60409.266   92.5  -17.414  -17.519  -17.646   2681.67  swift_UVW1 
   60409.8   93.0  -17.384  -17.489  -17.615   2681.67  swift_UVW1 
 60410.334   93.5  -17.353  -17.459  -17.584   2681.67  swift_UVW1 
 60410.868   94.0  -17.321  -17.428  -17.553   2681.67  swift_UVW1 
 60411.402   94.5  -17.289  -17.397  -17.521   2681.67  swift_UVW1 
 60411.936   95.0  -17.256  -17.366   -17.49   2681.67  swift_UVW1 
  60412.47   95.5  -17.223  -17.336  -17.458   2681.67  swift_UVW1 
 60413.004   96.0   -17.19  -17.305  -17.425   2681.67  swift_UVW1 
 60413.538   96.5  -17.157  -17.273  -17.393   2681.67  swift_UVW1 
 60414.072   97.0  -17.124   -17.24  -17.359   2681.67  swift_UVW1 
 60414.606   97.5  -17.091  -17.206  -17.326   2681.67  swift_UVW1 
  60415.14   98.0  -17.058  -17.173  -17.294   2681.67  swift_UVW1 
 60415.674   98.5  -17.024   -17.14  -17.261   2681.67  swift_UVW1 
 60416.208   99.0   -16.99  -17.107  -17.228   2681.67  swift_UVW1 
 60416.742   99.5  -16.956  -17.073  -17.194   2681.67  swift_UVW1 
 60417.276  100.0  -16.922  -17.039  -17.159   2681.67  swift_UVW1 
 60417.276  100.0  -16.922  -17.039  -17.159   2681.67  swift_UVW1 
 60419.412  102.0  -16.779    -16.9  -17.018   2681.67  swift_UVW1 
 60421.548  104.0  -16.631  -16.756  -16.876   2681.67  swift_UVW1 
 60423.684  106.0  -16.477  -16.606  -16.732   2681.67  swift_UVW1 
  60425.82  108.0  -16.323  -16.451  -16.582   2681.67  swift_UVW1 
 60427.956  110.0  -16.171  -16.295  -16.427   2681.67  swift_UVW1 
 60430.092  112.0  -16.014  -16.147  -16.271   2681.67  swift_UVW1 
 60432.228  114.0  -15.899   -16.01  -16.127   2681.67  swift_UVW1 
 60434.364  116.0  -15.814  -15.914  -16.054   2681.67  swift_UVW1 
   60436.5  118.0  -15.728  -15.838  -15.985   2681.67  swift_UVW1 
 60438.636  120.0  -15.669  -15.785  -15.931   2681.67  swift_UVW1 
 60440.772  122.0  -15.615  -15.732  -15.877   2681.67  swift_UVW1 
 60442.908  124.0  -15.561   -15.68  -15.823   2681.67  swift_UVW1 
 60445.044  126.0  -15.506  -15.627  -15.768   2681.67  swift_UVW1 
  60447.18  128.0  -15.451  -15.574  -15.714   2681.67  swift_UVW1 
 60449.316  130.0  -15.396  -15.521   -15.66   2681.67  swift_UVW1 
 60451.452  132.0  -15.341  -15.468  -15.606   2681.67  swift_UVW1 
 60453.588  134.0  -15.287  -15.417  -15.552   2681.67  swift_UVW1 
 60455.724  136.0  -15.232  -15.364  -15.499   2681.67  swift_UVW1 
  60457.86  138.0  -15.178  -15.314  -15.445   2681.67  swift_UVW1 
 60459.996  140.0  -15.125  -15.265  -15.392   2681.67  swift_UVW1 
 60462.132  142.0  -15.074  -15.215   -15.34   2681.67  swift_UVW1 
 60464.268  144.0  -15.023  -15.164  -15.289   2681.67  swift_UVW1 
 60466.404  146.0  -14.973  -15.113  -15.238   2681.67  swift_UVW1 
  60468.54  148.0  -14.924  -15.061  -15.187   2681.67  swift_UVW1 
 60470.676  150.0  -14.876  -15.009  -15.138   2681.67  swift_UVW1 
 60472.812  152.0  -14.828  -14.958  -15.087   2681.67  swift_UVW1 
 60474.948  154.0   -14.78  -14.906  -15.037   2681.67  swift_UVW1 
 60477.084  156.0  -14.732  -14.858  -14.989   2681.67  swift_UVW1 
  60479.22  158.0  -14.682  -14.811  -14.943   2681.67  swift_UVW1 
 60481.356  160.0  -14.631  -14.765  -14.895   2681.67  swift_UVW1 
 60483.492  162.0  -14.582  -14.719  -14.848   2681.67  swift_UVW1 
 60485.628  164.0  -14.532  -14.673  -14.802   2681.67  swift_UVW1 
 60487.764  166.0  -14.483  -14.626  -14.756   2681.67  swift_UVW1 
   60489.9  168.0  -14.436   -14.58   -14.71   2681.67  swift_UVW1 
 60492.036  170.0  -14.389  -14.535  -14.665   2681.67  swift_UVW1 
 60494.172  172.0  -14.343   -14.49   -14.62   2681.67  swift_UVW1 
 60496.308  174.0  -14.298  -14.446  -14.576   2681.67  swift_UVW1 
 60498.444  176.0  -14.254  -14.402  -14.532   2681.67  swift_UVW1 
  60500.58  178.0  -14.211  -14.357  -14.488   2681.67  swift_UVW1 
 60502.716  180.0  -14.168  -14.316  -14.445   2681.67  swift_UVW1 
 60504.852  182.0  -14.125  -14.273  -14.403   2681.67  swift_UVW1 
 60506.988  184.0  -14.082  -14.231  -14.362   2681.67  swift_UVW1 
 60509.124  186.0  -14.039   -14.19   -14.32   2681.67  swift_UVW1 
  60511.26  188.0  -13.996   -14.15  -14.278   2681.67  swift_UVW1 
 60513.396  190.0  -13.954  -14.109  -14.236   2681.67  swift_UVW1 
 60515.532  192.0  -13.911  -14.068  -14.196   2681.67  swift_UVW1 
 60517.668  194.0   -13.87  -14.028  -14.155   2681.67  swift_UVW1 
 60519.804  196.0   -13.83  -13.988  -14.115   2681.67  swift_UVW1 
  60521.94  198.0   -13.79  -13.949  -14.076   2681.67  swift_UVW1 
 60524.076  200.0   -13.75   -13.91  -14.037   2681.67  swift_UVW1 
 60526.212  202.0   -13.71  -13.871  -13.998   2681.67  swift_UVW1 
 60528.348  204.0  -13.671  -13.833  -13.959   2681.67  swift_UVW1 
 60530.484  206.0  -13.632  -13.795  -13.921   2681.67  swift_UVW1 
  60532.62  208.0  -13.593  -13.757  -13.883   2681.67  swift_UVW1 
 60534.756  210.0  -13.555  -13.721  -13.845   2681.67  swift_UVW1 
 60536.892  212.0  -13.518  -13.685  -13.808   2681.67  swift_UVW1 
 60539.028  214.0  -13.482  -13.649  -13.773   2681.67  swift_UVW1 
 60541.164  216.0  -13.446  -13.614  -13.736   2681.67  swift_UVW1 
   60543.3  218.0   -13.41  -13.579  -13.701   2681.67  swift_UVW1 
 60545.436  220.0  -13.374  -13.544  -13.665   2681.67  swift_UVW1 
 60547.572  222.0  -13.339  -13.509  -13.629   2681.67  swift_UVW1 
 60549.708  224.0  -13.303  -13.475  -13.594   2681.67  swift_UVW1 
 60551.844  226.0  -13.268  -13.441  -13.559   2681.67  swift_UVW1 
  60553.98  228.0  -13.233  -13.407  -13.525   2681.67  swift_UVW1 
 60556.116  230.0  -13.198  -13.374  -13.491   2681.67  swift_UVW1 
 60558.252  232.0  -13.164  -13.341  -13.457   2681.67  swift_UVW1 
 60560.388  234.0   -13.13  -13.307  -13.423   2681.67  swift_UVW1 
 60562.524  236.0  -13.096  -13.273   -13.39   2681.67  swift_UVW1 
  60564.66  238.0  -13.062  -13.239  -13.357   2681.67  swift_UVW1 
 60566.796  240.0  -13.029  -13.205  -13.324   2681.67  swift_UVW1 
 60568.932  242.0  -12.996  -13.171  -13.292   2681.67  swift_UVW1 
 60571.068  244.0  -12.963  -13.137  -13.259   2681.67  swift_UVW1 
 60573.204  246.0   -12.93  -13.104  -13.227   2681.67  swift_UVW1 
  60575.34  248.0  -12.898  -13.072  -13.196   2681.67  swift_UVW1 
 60577.476  250.0  -12.866   -13.04  -13.164   2681.67  swift_UVW1 
 60579.612  252.0  -12.835  -13.008  -13.133   2681.67  swift_UVW1 
 60581.748  254.0  -12.804  -12.977  -13.102   2681.67  swift_UVW1 
 60583.884  256.0  -12.774  -12.946  -13.072   2681.67  swift_UVW1 
  60586.02  258.0  -12.743  -12.915  -13.042   2681.67  swift_UVW1 
 60588.156  260.0  -12.713  -12.884  -13.011   2681.67  swift_UVW1 
 60590.292  262.0  -12.683  -12.854  -12.981   2681.67  swift_UVW1 
 60592.428  264.0  -12.652  -12.823  -12.951   2681.67  swift_UVW1 
 60594.564  266.0  -12.621  -12.794  -12.922   2681.67  swift_UVW1 
   60596.7  268.0   -12.59  -12.764  -12.892   2681.67  swift_UVW1 
 60598.836  270.0   -12.56  -12.735  -12.863   2681.67  swift_UVW1 
 60600.972  272.0   -12.53  -12.706  -12.833   2681.67  swift_UVW1 
 60603.108  274.0  -12.499  -12.677  -12.804   2681.67  swift_UVW1 
 60605.244  276.0   -12.47  -12.649  -12.776   2681.67  swift_UVW1 
  60607.38  278.0   -12.44   -12.62  -12.747   2681.67  swift_UVW1 
 60609.516  280.0  -12.411  -12.591  -12.719   2681.67  swift_UVW1 
 60611.652  282.0  -12.382  -12.563   -12.69   2681.67  swift_UVW1 
 60613.788  284.0  -12.354  -12.535  -12.662   2681.67  swift_UVW1 
 60615.924  286.0  -12.325  -12.507  -12.634   2681.67  swift_UVW1 
  60618.06  288.0  -12.296  -12.479  -12.605   2681.67  swift_UVW1 
 60620.196  290.0  -12.268  -12.451  -12.577   2681.67  swift_UVW1 
 60622.332  292.0   -12.24  -12.423  -12.549   2681.67  swift_UVW1 
 60624.468  294.0  -12.212  -12.396  -12.521   2681.67  swift_UVW1 
 60626.604  296.0  -12.184  -12.368  -12.493   2681.67  swift_UVW1 
  60628.74  298.0  -12.157  -12.341  -12.465   2681.67  swift_UVW1 
 60630.876  300.0   -12.13  -12.313  -12.438   2681.67  swift_UVW1 
 60633.012  302.0  -12.103  -12.286  -12.411   2681.67  swift_UVW1 
 60635.148  304.0  -12.076  -12.258  -12.384   2681.67  swift_UVW1 
 60637.284  306.0  -12.049  -12.231  -12.357   2681.67  swift_UVW1 
  60639.42  308.0  -12.022  -12.204  -12.331   2681.67  swift_UVW1 
 60641.556  310.0  -11.996  -12.177  -12.304   2681.67  swift_UVW1 
 60643.692  312.0  -11.969  -12.151  -12.278   2681.67  swift_UVW1 
 60645.828  314.0  -11.943  -12.125  -12.252   2681.67  swift_UVW1 
 60647.964  316.0  -11.917  -12.099  -12.227   2681.67  swift_UVW1 
   60650.1  318.0  -11.891  -12.073  -12.201   2681.67  swift_UVW1 
 60652.236  320.0  -11.865  -12.048  -12.175   2681.67  swift_UVW1 
 60654.372  322.0  -11.839  -12.022   -12.15   2681.67  swift_UVW1 
 60656.508  324.0  -11.813  -11.997  -12.125   2681.67  swift_UVW1 
 60658.644  326.0  -11.787  -11.972  -12.099   2681.67  swift_UVW1 
  60660.78  328.0  -11.761  -11.947  -12.074   2681.67  swift_UVW1 
 60662.916  330.0  -11.735  -11.922   -12.05   2681.67  swift_UVW1 
 60665.052  332.0   -11.71  -11.897  -12.025   2681.67  swift_UVW1 
 60667.188  334.0  -11.685  -11.873  -12.001   2681.67  swift_UVW1 
 60669.324  336.0   -11.66  -11.848  -11.977   2681.67  swift_UVW1 
  60671.46  338.0  -11.635  -11.824  -11.953   2681.67  swift_UVW1 
 60673.596  340.0  -11.611    -11.8  -11.929   2681.67  swift_UVW1 
 60675.732  342.0  -11.587  -11.775  -11.905   2681.67  swift_UVW1 
 60677.868  344.0  -11.563  -11.752  -11.882   2681.67  swift_UVW1 
 60680.004  346.0  -11.539  -11.728  -11.858   2681.67  swift_UVW1 
  60682.14  348.0  -11.515  -11.704  -11.835   2681.67  swift_UVW1 
 60684.276  350.0  -11.492   -11.68  -11.812   2681.67  swift_UVW1 
 60686.412  352.0  -11.468  -11.657  -11.789   2681.67  swift_UVW1 
 60688.548  354.0  -11.445  -11.634  -11.766   2681.67  swift_UVW1 
 60690.684  356.0  -11.422  -11.611  -11.743   2681.67  swift_UVW1 
  60692.82  358.0  -11.399  -11.587   -11.72   2681.67  swift_UVW1 
 60694.956  360.0  -11.376  -11.565  -11.697   2681.67  swift_UVW1 
 60697.092  362.0  -11.354  -11.542  -11.675   2681.67  swift_UVW1 
 60699.228  364.0  -11.331  -11.519  -11.653   2681.67  swift_UVW1 
 60701.364  366.0  -11.309  -11.496   -11.63   2681.67  swift_UVW1 
   60703.5  368.0  -11.286  -11.474  -11.608   2681.67  swift_UVW1 
 60705.636  370.0  -11.264  -11.452  -11.586   2681.67  swift_UVW1 
 60707.772  372.0  -11.242   -11.43  -11.564   2681.67  swift_UVW1 
 60709.908  374.0   -11.22  -11.408  -11.542   2681.67  swift_UVW1 
 60712.044  376.0  -11.198  -11.386  -11.521   2681.67  swift_UVW1 
  60714.18  378.0  -11.176  -11.365  -11.499   2681.67  swift_UVW1 
 60716.316  380.0  -11.154  -11.343  -11.477   2681.67  swift_UVW1 
 60718.452  382.0  -11.132  -11.321  -11.456   2681.67  swift_UVW1 
 60720.588  384.0   -11.11    -11.3  -11.435   2681.67  swift_UVW1 
 60722.724  386.0  -11.089  -11.278  -11.413   2681.67  swift_UVW1 
  60724.86  388.0  -11.067  -11.256  -11.392   2681.67  swift_UVW1 
 60726.996  390.0  -11.046  -11.234  -11.371   2681.67  swift_UVW1 
 60729.132  392.0  -11.024  -11.212   -11.35   2681.67  swift_UVW1 
 60731.268  394.0  -11.003   -11.19   -11.33   2681.67  swift_UVW1 
 60733.404  396.0  -10.982  -11.169  -11.309   2681.67  swift_UVW1 
  60735.54  398.0  -10.961  -11.148  -11.288   2681.67  swift_UVW1 
 60737.676  400.0   -10.94  -11.126  -11.268   2681.67  swift_UVW1 
 60739.812  402.0  -10.919  -11.106  -11.247   2681.67  swift_UVW1 
 60741.948  404.0  -10.898  -11.085  -11.227   2681.67  swift_UVW1 
 60744.084  406.0  -10.878  -11.065  -11.207   2681.67  swift_UVW1 
  60746.22  408.0  -10.857  -11.044  -11.187   2681.67  swift_UVW1 
 60748.356  410.0  -10.837  -11.024  -11.167   2681.67  swift_UVW1 
 60750.492  412.0  -10.816  -11.004  -11.147   2681.67  swift_UVW1 
 60752.628  414.0  -10.796  -10.984  -11.127   2681.67  swift_UVW1 
 60754.764  416.0  -10.776  -10.964  -11.107   2681.67  swift_UVW1 
   60756.9  418.0  -10.756  -10.944  -11.087   2681.67  swift_UVW1 
 60759.036  420.0  -10.736  -10.924  -11.068   2681.67  swift_UVW1 
 60761.172  422.0  -10.716  -10.904  -11.048   2681.67  swift_UVW1 
 60763.308  424.0  -10.696  -10.884  -11.029   2681.67  swift_UVW1 
 60765.444  426.0  -10.676  -10.865   -11.01   2681.67  swift_UVW1 
  60767.58  428.0  -10.657  -10.845   -10.99   2681.67  swift_UVW1 
 60769.716  430.0  -10.637  -10.826  -10.971   2681.67  swift_UVW1 
 60771.852  432.0  -10.618  -10.806  -10.952   2681.67  swift_UVW1 
 60773.988  434.0  -10.598  -10.787  -10.933   2681.67  swift_UVW1 
 60776.124  436.0  -10.579  -10.768  -10.914   2681.67  swift_UVW1 
  60778.26  438.0   -10.56  -10.749  -10.895   2681.67  swift_UVW1 
 60780.396  440.0  -10.541   -10.73  -10.877   2681.67  swift_UVW1 
 60782.532  442.0  -10.522  -10.711  -10.858   2681.67  swift_UVW1 
 60784.668  444.0  -10.503  -10.692  -10.839   2681.67  swift_UVW1 
 60786.804  446.0  -10.484  -10.674  -10.821   2681.67  swift_UVW1 
  60788.94  448.0  -10.465  -10.655  -10.802   2681.67  swift_UVW1 
 60791.076  450.0  -10.446  -10.636  -10.784   2681.67  swift_UVW1 
 60793.212  452.0  -10.428  -10.617  -10.766   2681.67  swift_UVW1 
 60795.348  454.0  -10.409  -10.598  -10.747   2681.67  swift_UVW1 
 60797.484  456.0  -10.391  -10.579  -10.729   2681.67  swift_UVW1 
  60799.62  458.0  -10.372   -10.56  -10.711   2681.67  swift_UVW1 
 60801.756  460.0  -10.354  -10.541  -10.693   2681.67  swift_UVW1 
 60803.892  462.0  -10.336  -10.522  -10.675   2681.67  swift_UVW1 
 60806.028  464.0  -10.318  -10.503  -10.657   2681.67  swift_UVW1 
 60808.164  466.0  -10.299  -10.485  -10.639   2681.67  swift_UVW1 
   60810.3  468.0  -10.281  -10.466  -10.622   2681.67  swift_UVW1 
 60812.436  470.0  -10.264  -10.448  -10.604   2681.67  swift_UVW1 
 60814.572  472.0  -10.246   -10.43  -10.586   2681.67  swift_UVW1 
 60816.708  474.0  -10.228  -10.413  -10.569   2681.67  swift_UVW1 
 60818.844  476.0   -10.21  -10.395  -10.551   2681.67  swift_UVW1 
  60820.98  478.0  -10.192  -10.378  -10.534   2681.67  swift_UVW1 
 60823.116  480.0  -10.175   -10.36  -10.517   2681.67  swift_UVW1 
 60825.252  482.0  -10.157  -10.343  -10.499   2681.67  swift_UVW1 
 60827.388  484.0   -10.14  -10.325  -10.482   2681.67  swift_UVW1 
 60829.524  486.0  -10.123  -10.308  -10.465   2681.67  swift_UVW1 
  60831.66  488.0  -10.105  -10.291  -10.448   2681.67  swift_UVW1 
 60833.796  490.0  -10.088  -10.274  -10.431   2681.67  swift_UVW1 
 60835.932  492.0  -10.071  -10.257  -10.414   2681.67  swift_UVW1 
 60838.068  494.0  -10.054   -10.24  -10.397   2681.67  swift_UVW1 
 60840.204  496.0  -10.037  -10.223  -10.381   2681.67  swift_UVW1 
  60842.34  498.0   -10.02  -10.206  -10.364   2681.67  swift_UVW1 
 60844.476  500.0  -10.003  -10.189  -10.347   2681.67  swift_UVW1 
 60846.612  502.0   -9.986  -10.173  -10.331   2681.67  swift_UVW1 
 60848.748  504.0   -9.969  -10.156  -10.314   2681.67  swift_UVW1 
 60850.884  506.0   -9.953  -10.139  -10.298   2681.67  swift_UVW1 
  60853.02  508.0   -9.936  -10.123  -10.281   2681.67  swift_UVW1 
 60855.156  510.0    -9.92  -10.106  -10.265   2681.67  swift_UVW1 
 60857.292  512.0   -9.903   -10.09  -10.248   2681.67  swift_UVW1 
 60859.428  514.0   -9.887  -10.074  -10.232   2681.67  swift_UVW1 
 60861.564  516.0    -9.87  -10.057  -10.215   2681.67  swift_UVW1 
   60863.7  518.0   -9.854  -10.041  -10.199   2681.67  swift_UVW1 
 60865.836  520.0   -9.838  -10.025  -10.183   2681.67  swift_UVW1 
 60867.972  522.0   -9.822  -10.009  -10.167   2681.67  swift_UVW1 
 60870.108  524.0   -9.805   -9.993  -10.151   2681.67  swift_UVW1 
 60872.244  526.0   -9.789   -9.977  -10.135   2681.67  swift_UVW1 
  60874.38  528.0   -9.773   -9.961  -10.119   2681.67  swift_UVW1 
 60876.516  530.0   -9.757   -9.945  -10.103   2681.67  swift_UVW1 
 60878.652  532.0   -9.742   -9.929  -10.087   2681.67  swift_UVW1 
 60880.788  534.0   -9.726   -9.913  -10.071   2681.67  swift_UVW1 
 60882.924  536.0    -9.71   -9.898  -10.055   2681.67  swift_UVW1 
  60885.06  538.0   -9.694   -9.882  -10.039   2681.67  swift_UVW1 
 60887.196  540.0   -9.679   -9.867  -10.023   2681.67  swift_UVW1 
 60889.332  542.0   -9.663   -9.851  -10.007   2681.67  swift_UVW1 
 60891.468  544.0   -9.647   -9.836   -9.992   2681.67  swift_UVW1 
 60893.604  546.0   -9.632    -9.82   -9.976   2681.67  swift_UVW1 
  60895.74  548.0   -9.617   -9.805   -9.961   2681.67  swift_UVW1 
 60897.876  550.0   -9.601   -9.789   -9.945   2681.67  swift_UVW1 
 60900.012  552.0   -9.586   -9.774    -9.93   2681.67  swift_UVW1 
 60902.148  554.0   -9.571   -9.759   -9.914   2681.67  swift_UVW1 
 60904.284  556.0   -9.555   -9.744   -9.899   2681.67  swift_UVW1 
  60906.42  558.0    -9.54   -9.729   -9.884   2681.67  swift_UVW1 
 60908.556  560.0   -9.525   -9.714   -9.868   2681.67  swift_UVW1 
 60910.692  562.0    -9.51   -9.699   -9.853   2681.67  swift_UVW1 
 60912.828  564.0   -9.495   -9.684   -9.838   2681.67  swift_UVW1 
 60914.964  566.0   -9.479   -9.669   -9.823   2681.67  swift_UVW1 
   60917.1  568.0   -9.464   -9.654   -9.808   2681.67  swift_UVW1 
 60919.236  570.0   -9.449   -9.639   -9.793   2681.67  swift_UVW1 
 60921.372  572.0   -9.435   -9.624   -9.778   2681.67  swift_UVW1 
 60923.508  574.0    -9.42    -9.61   -9.764   2681.67  swift_UVW1 
 60925.644  576.0   -9.405   -9.595   -9.749   2681.67  swift_UVW1 
  60927.78  578.0    -9.39   -9.581   -9.735   2681.67  swift_UVW1 
 60929.916  580.0   -9.375   -9.566    -9.72   2681.67  swift_UVW1 
 60932.052  582.0   -9.361   -9.551   -9.706   2681.67  swift_UVW1 
 60934.188  584.0   -9.346   -9.537   -9.692   2681.67  swift_UVW1 
 60936.324  586.0   -9.332   -9.523   -9.677   2681.67  swift_UVW1 
  60938.46  588.0   -9.317   -9.508   -9.663   2681.67  swift_UVW1 
 60940.596  590.0   -9.303   -9.494   -9.649   2681.67  swift_UVW1 
 60942.732  592.0   -9.288    -9.48   -9.635   2681.67  swift_UVW1 
 60944.868  594.0   -9.274   -9.465   -9.621   2681.67  swift_UVW1 
 60947.004  596.0   -9.259   -9.451   -9.607   2681.67  swift_UVW1 
  60949.14  598.0   -9.245   -9.437   -9.593   2681.67  swift_UVW1 
 60951.276  600.0   -9.231   -9.423   -9.579   2681.67  swift_UVW1 
 60953.412  602.0   -9.217   -9.408   -9.565   2681.67  swift_UVW1 
 60955.548  604.0   -9.202   -9.394   -9.551   2681.67  swift_UVW1 
 60957.684  606.0   -9.188    -9.38   -9.537   2681.67  swift_UVW1 
  60959.82  608.0   -9.174   -9.366   -9.524   2681.67  swift_UVW1 
 60961.956  610.0    -9.16   -9.352    -9.51   2681.67  swift_UVW1 
 60964.092  612.0   -9.146   -9.338   -9.496   2681.67  swift_UVW1 
 60966.228  614.0   -9.132   -9.324   -9.483   2681.67  swift_UVW1 
 60968.364  616.0   -9.119   -9.311   -9.469   2681.67  swift_UVW1 
   60970.5  618.0   -9.105   -9.297   -9.456   2681.67  swift_UVW1 
 60972.636  620.0   -9.091   -9.283   -9.442   2681.67  swift_UVW1 
 60974.772  622.0   -9.077   -9.269   -9.429   2681.67  swift_UVW1 
 60976.908  624.0   -9.064   -9.256   -9.415   2681.67  swift_UVW1 
 60979.044  626.0    -9.05   -9.242   -9.402   2681.67  swift_UVW1 
  60981.18  628.0   -9.036   -9.229   -9.388   2681.67  swift_UVW1 
 60983.316  630.0   -9.023   -9.215   -9.375   2681.67  swift_UVW1 
 60985.452  632.0   -9.009   -9.202   -9.362   2681.67  swift_UVW1 
 60987.588  634.0   -8.996   -9.188   -9.349   2681.67  swift_UVW1 
 60989.724  636.0   -8.983   -9.175   -9.336   2681.67  swift_UVW1 
  60991.86  638.0   -8.969   -9.162   -9.322   2681.67  swift_UVW1 
 60993.996  640.0   -8.956   -9.149   -9.309   2681.67  swift_UVW1 
 60996.132  642.0   -8.943   -9.135   -9.296   2681.67  swift_UVW1 
 60998.268  644.0    -8.93   -9.122   -9.283   2681.67  swift_UVW1 
 61000.404  646.0   -8.916   -9.109    -9.27   2681.67  swift_UVW1 
  61002.54  648.0   -8.903   -9.096   -9.257   2681.67  swift_UVW1 
 61004.676  650.0    -8.89   -9.083   -9.244   2681.67  swift_UVW1 
 61006.812  652.0   -8.877    -9.07   -9.232   2681.67  swift_UVW1 
 61008.948  654.0   -8.864   -9.057   -9.219   2681.67  swift_UVW1 
 61011.084  656.0   -8.851   -9.044   -9.206   2681.67  swift_UVW1 
  61013.22  658.0   -8.838   -9.031   -9.193   2681.67  swift_UVW1 
 61015.356  660.0   -8.825   -9.018    -9.18   2681.67  swift_UVW1 
 61017.492  662.0   -8.813   -9.006   -9.168   2681.67  swift_UVW1 
 61019.628  664.0     -8.8   -8.993   -9.155   2681.67  swift_UVW1 
 61021.764  666.0   -8.787    -8.98   -9.143   2681.67  swift_UVW1 
   61023.9  668.0   -8.774   -8.967    -9.13   2681.67  swift_UVW1 
 61026.036  670.0   -8.761   -8.955   -9.117   2681.67  swift_UVW1 
 61028.172  672.0   -8.748   -8.942   -9.105   2681.67  swift_UVW1 
 61030.308  674.0   -8.736   -8.929   -9.093   2681.67  swift_UVW1 
 61032.444  676.0   -8.723   -8.917    -9.08   2681.67  swift_UVW1 
  61034.58  678.0    -8.71   -8.904   -9.068   2681.67  swift_UVW1 
 61036.716  680.0   -8.698   -8.892   -9.055   2681.67  swift_UVW1 
 61038.852  682.0   -8.685   -8.879   -9.043   2681.67  swift_UVW1 
 61040.988  684.0   -8.673   -8.867   -9.031   2681.67  swift_UVW1 
 61043.124  686.0    -8.66   -8.854   -9.018   2681.67  swift_UVW1 
  61045.26  688.0   -8.647   -8.842   -9.006   2681.67  swift_UVW1 
 61047.396  690.0   -8.635   -8.829   -8.994   2681.67  swift_UVW1 
 61049.532  692.0   -8.622   -8.817   -8.982   2681.67  swift_UVW1 
 61051.668  694.0    -8.61   -8.805    -8.97   2681.67  swift_UVW1 
 61053.804  696.0   -8.597   -8.793   -8.958   2681.67  swift_UVW1 
  61055.94  698.0   -8.585    -8.78   -8.946   2681.67  swift_UVW1 
 61058.076  700.0   -8.572   -8.768   -8.934   2681.67  swift_UVW1 
 61060.212  702.0    -8.56   -8.756   -8.921   2681.67  swift_UVW1 
 61062.348  704.0   -8.548   -8.744   -8.909   2681.67  swift_UVW1 
 61064.484  706.0   -8.536   -8.732   -8.897   2681.67  swift_UVW1 
  61066.62  708.0   -8.523    -8.72   -8.886   2681.67  swift_UVW1 
 61068.756  710.0   -8.511   -8.708   -8.874   2681.67  swift_UVW1 
 61070.892  712.0   -8.499   -8.696   -8.862   2681.67  swift_UVW1 
 61073.028  714.0   -8.487   -8.684    -8.85   2681.67  swift_UVW1 
 61075.164  716.0   -8.475   -8.672   -8.838   2681.67  swift_UVW1 
   61077.3  718.0   -8.463    -8.66   -8.826   2681.67  swift_UVW1 
 61079.436  720.0   -8.451   -8.648   -8.814   2681.67  swift_UVW1 
 61081.572  722.0   -8.439   -8.636   -8.803   2681.67  swift_UVW1 
 61083.708  724.0   -8.428   -8.624   -8.791   2681.67  swift_UVW1 
 61085.844  726.0   -8.416   -8.613   -8.779   2681.67  swift_UVW1 
  61087.98  728.0   -8.404   -8.601   -8.767   2681.67  swift_UVW1 
 61090.116  730.0   -8.392   -8.589   -8.756   2681.67  swift_UVW1 
 61092.252  732.0   -8.381   -8.578   -8.744   2681.67  swift_UVW1 
 61094.388  734.0   -8.369   -8.566   -8.733   2681.67  swift_UVW1 
 61096.524  736.0   -8.358   -8.554   -8.721   2681.67  swift_UVW1 
  61098.66  738.0   -8.346   -8.543    -8.71   2681.67  swift_UVW1 
 61100.796  740.0   -8.335   -8.531   -8.698   2681.67  swift_UVW1 
 61102.932  742.0   -8.323    -8.52   -8.687   2681.67  swift_UVW1 
 61105.068  744.0   -8.312   -8.508   -8.675   2681.67  swift_UVW1 
 61107.204  746.0     -8.3   -8.497   -8.664   2681.67  swift_UVW1 
  61109.34  748.0   -8.289   -8.485   -8.653   2681.67  swift_UVW1 
 61111.476  750.0   -8.278   -8.474   -8.641   2681.67  swift_UVW1 
 61113.612  752.0   -8.266   -8.463    -8.63   2681.67  swift_UVW1 
 61115.748  754.0   -8.255   -8.451   -8.619   2681.67  swift_UVW1 
 61117.884  756.0   -8.244    -8.44   -8.607   2681.67  swift_UVW1 
  61120.02  758.0   -8.233   -8.429   -8.596   2681.67  swift_UVW1 
 61122.156  760.0   -8.221   -8.417   -8.585   2681.67  swift_UVW1 
 61124.292  762.0    -8.21   -8.406   -8.574   2681.67  swift_UVW1 
 61126.428  764.0   -8.199   -8.395   -8.563   2681.67  swift_UVW1 
 61128.564  766.0   -8.188   -8.384   -8.552   2681.67  swift_UVW1 
   61130.7  768.0   -8.177   -8.373   -8.541   2681.67  swift_UVW1 
 61132.836  770.0   -8.166   -8.362    -8.53   2681.67  swift_UVW1 
 61134.972  772.0   -8.155   -8.351   -8.519   2681.67  swift_UVW1 
 61137.108  774.0   -8.144    -8.34   -8.508   2681.67  swift_UVW1 
 61139.244  776.0   -8.133   -8.329   -8.497   2681.67  swift_UVW1 
  61141.38  778.0   -8.122   -8.318   -8.486   2681.67  swift_UVW1 
 61143.516  780.0   -8.111   -8.307   -8.476   2681.67  swift_UVW1 
 61145.652  782.0     -8.1   -8.296   -8.465   2681.67  swift_UVW1 
 61147.788  784.0    -8.09   -8.285   -8.454   2681.67  swift_UVW1 
 61149.924  786.0   -8.079   -8.275   -8.443   2681.67  swift_UVW1 
  61152.06  788.0   -8.068   -8.264   -8.433   2681.67  swift_UVW1 
 61154.196  790.0   -8.057   -8.253   -8.422   2681.67  swift_UVW1 
 61156.332  792.0   -8.047   -8.242   -8.411   2681.67  swift_UVW1 
 61158.468  794.0   -8.036   -8.231   -8.401   2681.67  swift_UVW1 
 61160.604  796.0   -8.025   -8.221    -8.39   2681.67  swift_UVW1 
  61162.74  798.0   -8.015    -8.21    -8.38   2681.67  swift_UVW1 
 61164.876  800.0   -8.004   -8.199   -8.369   2681.67  swift_UVW1 
 60310.476    0.0      nan      nan      nan   3520.88     swift_U 
  60311.01    0.5  -10.226  -12.284  -13.025   3520.88     swift_U 
 60311.544    1.0  -10.589  -12.968  -13.805   3520.88     swift_U 
 60312.078    1.5  -11.962  -13.611  -14.338   3520.88     swift_U 
 60312.612    2.0  -12.951   -14.14  -14.751   3520.88     swift_U 
 60313.146    2.5  -13.643  -14.566  -15.107   3520.88     swift_U 
  60313.68    3.0   -14.15  -14.936  -15.411   3520.88     swift_U 
 60314.214    3.5  -14.585   -15.23   -15.67   3520.88     swift_U 
 60314.748    4.0  -14.949  -15.494   -15.89   3520.88     swift_U 
 60315.282    4.5  -15.287  -15.747  -16.091   3520.88     swift_U 
 60315.816    5.0  -15.591  -15.966  -16.271   3520.88     swift_U 
  60316.35    5.5   -15.84  -16.173  -16.435   3520.88     swift_U 
 60316.884    6.0  -16.054  -16.346  -16.592   3520.88     swift_U 
 60317.418    6.5  -16.249  -16.501  -16.729   3520.88     swift_U 
 60317.952    7.0  -16.431  -16.647  -16.859   3520.88     swift_U 
 60318.486    7.5  -16.595  -16.776  -16.982   3520.88     swift_U 
  60319.02    8.0  -16.736  -16.902  -17.099   3520.88     swift_U 
 60319.554    8.5  -16.865  -17.018  -17.209   3520.88     swift_U 
 60320.088    9.0  -16.987  -17.125  -17.309   3520.88     swift_U 
 60320.622    9.5  -17.102  -17.228  -17.401   3520.88     swift_U 
 60321.156   10.0  -17.206  -17.327  -17.488   3520.88     swift_U 
  60321.69   10.5  -17.308  -17.419  -17.572   3520.88     swift_U 
 60322.224   11.0  -17.406  -17.505  -17.651   3520.88     swift_U 
 60322.758   11.5  -17.495  -17.586  -17.726   3520.88     swift_U 
 60323.292   12.0  -17.576  -17.666  -17.797   3520.88     swift_U 
 60323.826   12.5  -17.652  -17.745  -17.865   3520.88     swift_U 
  60324.36   13.0  -17.723  -17.817   -17.93   3520.88     swift_U 
 60324.894   13.5   -17.79  -17.885  -17.993   3520.88     swift_U 
 60325.428   14.0  -17.858  -17.951  -18.054   3520.88     swift_U 
 60325.962   14.5  -17.924  -18.013  -18.112   3520.88     swift_U 
 60326.496   15.0  -17.988  -18.075  -18.168   3520.88     swift_U 
  60327.03   15.5  -18.049  -18.133  -18.221   3520.88     swift_U 
 60327.564   16.0  -18.107  -18.188  -18.272   3520.88     swift_U 
 60328.098   16.5  -18.161  -18.242  -18.325   3520.88     swift_U 
 60328.632   17.0  -18.211  -18.292  -18.374   3520.88     swift_U 
 60329.166   17.5   -18.26  -18.339  -18.419   3520.88     swift_U 
   60329.7   18.0  -18.312  -18.385  -18.466   3520.88     swift_U 
 60330.234   18.5  -18.364  -18.432  -18.508   3520.88     swift_U 
 60330.768   19.0   -18.41  -18.477  -18.549   3520.88     swift_U 
 60331.302   19.5  -18.452  -18.519  -18.589   3520.88     swift_U 
 60331.836   20.0  -18.491  -18.559  -18.628   3520.88     swift_U 
  60332.37   20.5   -18.53  -18.599  -18.665   3520.88     swift_U 
 60332.904   21.0  -18.568  -18.638  -18.703   3520.88     swift_U 
 60333.438   21.5  -18.604  -18.674  -18.739   3520.88     swift_U 
 60333.972   22.0  -18.639  -18.709  -18.773   3520.88     swift_U 
 60334.506   22.5  -18.674  -18.742  -18.804   3520.88     swift_U 
  60335.04   23.0  -18.708  -18.775  -18.834   3520.88     swift_U 
 60335.574   23.5  -18.742  -18.805  -18.865   3520.88     swift_U 
 60336.108   24.0  -18.773  -18.836  -18.894   3520.88     swift_U 
 60336.642   24.5  -18.803  -18.866  -18.924   3520.88     swift_U 
 60337.176   25.0  -18.832  -18.896  -18.955   3520.88     swift_U 
  60337.71   25.5  -18.861  -18.924  -18.983   3520.88     swift_U 
 60338.244   26.0  -18.889  -18.951  -19.009   3520.88     swift_U 
 60338.778   26.5  -18.916  -18.977  -19.034   3520.88     swift_U 
 60339.312   27.0  -18.942  -19.002  -19.058   3520.88     swift_U 
 60339.846   27.5  -18.967  -19.027  -19.081   3520.88     swift_U 
  60340.38   28.0  -18.991   -19.05  -19.105   3520.88     swift_U 
 60340.914   28.5  -19.013  -19.074  -19.127   3520.88     swift_U 
 60341.448   29.0  -19.036  -19.097   -19.15   3520.88     swift_U 
 60341.982   29.5  -19.057  -19.118  -19.172   3520.88     swift_U 
 60342.516   30.0  -19.078  -19.138  -19.192   3520.88     swift_U 
  60343.05   30.5  -19.099  -19.159  -19.212   3520.88     swift_U 
 60343.584   31.0   -19.12  -19.179  -19.231   3520.88     swift_U 
 60344.118   31.5  -19.141  -19.197  -19.251   3520.88     swift_U 
 60344.652   32.0   -19.16  -19.215  -19.271   3520.88     swift_U 
 60345.186   32.5  -19.178  -19.232   -19.29   3520.88     swift_U 
  60345.72   33.0  -19.195   -19.25  -19.307   3520.88     swift_U 
 60346.254   33.5  -19.212  -19.266  -19.323   3520.88     swift_U 
 60346.788   34.0  -19.228  -19.283   -19.34   3520.88     swift_U 
 60347.322   34.5  -19.244  -19.298  -19.355   3520.88     swift_U 
 60347.856   35.0   -19.26  -19.313  -19.371   3520.88     swift_U 
  60348.39   35.5  -19.275  -19.327  -19.386   3520.88     swift_U 
 60348.924   36.0   -19.29  -19.341  -19.401   3520.88     swift_U 
 60349.458   36.5  -19.305  -19.355  -19.416   3520.88     swift_U 
 60349.992   37.0  -19.318  -19.367   -19.43   3520.88     swift_U 
 60350.526   37.5  -19.331   -19.38  -19.442   3520.88     swift_U 
  60351.06   38.0  -19.344  -19.393  -19.454   3520.88     swift_U 
 60351.594   38.5  -19.357  -19.406  -19.466   3520.88     swift_U 
 60352.128   39.0  -19.369  -19.418  -19.478   3520.88     swift_U 
 60352.662   39.5   -19.38  -19.429  -19.491   3520.88     swift_U 
 60353.196   40.0   -19.39  -19.439  -19.502   3520.88     swift_U 
  60353.73   40.5    -19.4   -19.45  -19.513   3520.88     swift_U 
 60354.264   41.0   -19.41   -19.46  -19.523   3520.88     swift_U 
 60354.798   41.5  -19.419   -19.47  -19.532   3520.88     swift_U 
 60355.332   42.0  -19.428   -19.48  -19.542   3520.88     swift_U 
 60355.866   42.5  -19.438  -19.489  -19.551   3520.88     swift_U 
   60356.4   43.0  -19.446  -19.498  -19.559   3520.88     swift_U 
 60356.934   43.5  -19.453  -19.506  -19.568   3520.88     swift_U 
 60357.468   44.0  -19.461  -19.515  -19.575   3520.88     swift_U 
 60358.002   44.5  -19.467  -19.522  -19.583   3520.88     swift_U 
 60358.536   45.0  -19.474   -19.53  -19.591   3520.88     swift_U 
  60359.07   45.5  -19.481  -19.537  -19.598   3520.88     swift_U 
 60359.604   46.0  -19.487  -19.544  -19.604   3520.88     swift_U 
 60360.138   46.5  -19.493  -19.551  -19.611   3520.88     swift_U 
 60360.672   47.0  -19.498  -19.557  -19.617   3520.88     swift_U 
 60361.206   47.5  -19.503  -19.561  -19.623   3520.88     swift_U 
  60361.74   48.0  -19.508  -19.566  -19.629   3520.88     swift_U 
 60362.274   48.5  -19.513  -19.572  -19.634   3520.88     swift_U 
 60362.808   49.0  -19.517  -19.577  -19.639   3520.88     swift_U 
 60363.342   49.5  -19.521  -19.581  -19.644   3520.88     swift_U 
 60363.876   50.0  -19.524  -19.585  -19.648   3520.88     swift_U 
  60364.41   50.5  -19.527  -19.589  -19.652   3520.88     swift_U 
 60364.944   51.0   -19.53  -19.593  -19.656   3520.88     swift_U 
 60365.478   51.5  -19.533  -19.596  -19.659   3520.88     swift_U 
 60366.012   52.0  -19.536  -19.599  -19.662   3520.88     swift_U 
 60366.546   52.5  -19.538  -19.601  -19.665   3520.88     swift_U 
  60367.08   53.0   -19.54  -19.604  -19.667   3520.88     swift_U 
 60367.614   53.5  -19.541  -19.606  -19.669   3520.88     swift_U 
 60368.148   54.0  -19.542  -19.607  -19.671   3520.88     swift_U 
 60368.682   54.5  -19.542  -19.608  -19.673   3520.88     swift_U 
 60369.216   55.0  -19.543  -19.609  -19.674   3520.88     swift_U 
  60369.75   55.5  -19.543   -19.61  -19.675   3520.88     swift_U 
 60370.284   56.0  -19.544   -19.61  -19.675   3520.88     swift_U 
 60370.818   56.5  -19.544   -19.61  -19.675   3520.88     swift_U 
 60371.352   57.0  -19.543  -19.609  -19.674   3520.88     swift_U 
 60371.886   57.5  -19.543  -19.608  -19.673   3520.88     swift_U 
  60372.42   58.0  -19.542  -19.607  -19.672   3520.88     swift_U 
 60372.954   58.5   -19.54  -19.605  -19.671   3520.88     swift_U 
 60373.488   59.0  -19.538  -19.604  -19.669   3520.88     swift_U 
 60374.022   59.5  -19.536  -19.602  -19.667   3520.88     swift_U 
 60374.556   60.0  -19.533  -19.599  -19.664   3520.88     swift_U 
  60375.09   60.5  -19.531  -19.597  -19.662   3520.88     swift_U 
 60375.624   61.0  -19.528  -19.594  -19.659   3520.88     swift_U 
 60376.158   61.5  -19.524   -19.59  -19.655   3520.88     swift_U 
 60376.692   62.0  -19.521  -19.587  -19.652   3520.88     swift_U 
 60377.226   62.5  -19.517  -19.583  -19.648   3520.88     swift_U 
  60377.76   63.0  -19.513  -19.579  -19.644   3520.88     swift_U 
 60378.294   63.5  -19.508  -19.574  -19.639   3520.88     swift_U 
 60378.828   64.0  -19.504  -19.569  -19.635   3520.88     swift_U 
 60379.362   64.5  -19.499  -19.564   -19.63   3520.88     swift_U 
 60379.896   65.0  -19.493  -19.558  -19.625   3520.88     swift_U 
  60380.43   65.5  -19.488  -19.553   -19.62   3520.88     swift_U 
 60380.964   66.0  -19.482  -19.547  -19.614   3520.88     swift_U 
 60381.498   66.5  -19.475  -19.541  -19.608   3520.88     swift_U 
 60382.032   67.0  -19.469  -19.534  -19.602   3520.88     swift_U 
 60382.566   67.5  -19.462  -19.528  -19.595   3520.88     swift_U 
   60383.1   68.0  -19.454  -19.521  -19.587   3520.88     swift_U 
 60383.634   68.5  -19.447  -19.514   -19.58   3520.88     swift_U 
 60384.168   69.0  -19.439  -19.507  -19.572   3520.88     swift_U 
 60384.702   69.5  -19.431  -19.499  -19.565   3520.88     swift_U 
 60385.236   70.0  -19.422  -19.491  -19.556   3520.88     swift_U 
  60385.77   70.5  -19.414  -19.483  -19.548   3520.88     swift_U 
 60386.304   71.0  -19.405  -19.475  -19.539   3520.88     swift_U 
 60386.838   71.5  -19.396  -19.466   -19.53   3520.88     swift_U 
 60387.372   72.0  -19.386  -19.457  -19.521   3520.88     swift_U 
 60387.906   72.5  -19.376  -19.447  -19.512   3520.88     swift_U 
  60388.44   73.0  -19.366  -19.437  -19.502   3520.88     swift_U 
 60388.974   73.5  -19.356  -19.427  -19.492   3520.88     swift_U 
 60389.508   74.0  -19.345  -19.416  -19.481   3520.88     swift_U 
 60390.042   74.5  -19.334  -19.405   -19.47   3520.88     swift_U 
 60390.576   75.0  -19.323  -19.394  -19.459   3520.88     swift_U 
  60391.11   75.5  -19.311  -19.382  -19.448   3520.88     swift_U 
 60391.644   76.0    -19.3   -19.37  -19.436   3520.88     swift_U 
 60392.178   76.5  -19.288  -19.358  -19.424   3520.88     swift_U 
 60392.712   77.0  -19.276  -19.345  -19.412   3520.88     swift_U 
 60393.246   77.5  -19.264  -19.333  -19.399   3520.88     swift_U 
  60393.78   78.0  -19.251   -19.32  -19.386   3520.88     swift_U 
 60394.314   78.5  -19.238  -19.307  -19.373   3520.88     swift_U 
 60394.848   79.0  -19.225  -19.294  -19.359   3520.88     swift_U 
 60395.382   79.5  -19.211   -19.28  -19.345   3520.88     swift_U 
 60395.916   80.0  -19.198  -19.265  -19.331   3520.88     swift_U 
  60396.45   80.5  -19.184   -19.25  -19.317   3520.88     swift_U 
 60396.984   81.0  -19.169  -19.235  -19.302   3520.88     swift_U 
 60397.518   81.5  -19.155   -19.22  -19.287   3520.88     swift_U 
 60398.052   82.0   -19.14  -19.205  -19.273   3520.88     swift_U 
 60398.586   82.5  -19.125  -19.189  -19.258   3520.88     swift_U 
  60399.12   83.0  -19.109  -19.173  -19.242   3520.88     swift_U 
 60399.654   83.5  -19.094  -19.157  -19.226   3520.88     swift_U 
 60400.188   84.0  -19.078   -19.14  -19.209   3520.88     swift_U 
 60400.722   84.5  -19.061  -19.124  -19.193   3520.88     swift_U 
 60401.256   85.0  -19.044  -19.106  -19.176   3520.88     swift_U 
  60401.79   85.5  -19.027  -19.088  -19.159   3520.88     swift_U 
 60402.324   86.0  -19.009   -19.07  -19.141   3520.88     swift_U 
 60402.858   86.5  -18.991  -19.051  -19.123   3520.88     swift_U 
 60403.392   87.0  -18.973  -19.032  -19.105   3520.88     swift_U 
 60403.926   87.5  -18.955  -19.013  -19.086   3520.88     swift_U 
  60404.46   88.0  -18.937  -18.994  -19.067   3520.88     swift_U 
 60404.994   88.5  -18.918  -18.975  -19.049   3520.88     swift_U 
 60405.528   89.0  -18.899  -18.956  -19.029   3520.88     swift_U 
 60406.062   89.5  -18.879  -18.937   -19.01   3520.88     swift_U 
 60406.596   90.0  -18.859  -18.917   -18.99   3520.88     swift_U 
  60407.13   90.5  -18.838  -18.897   -18.97   3520.88     swift_U 
 60407.664   91.0  -18.818  -18.878   -18.95   3520.88     swift_U 
 60408.198   91.5  -18.797  -18.857  -18.929   3520.88     swift_U 
 60408.732   92.0  -18.776  -18.838  -18.909   3520.88     swift_U 
 60409.266   92.5  -18.754  -18.817  -18.888   3520.88     swift_U 
   60409.8   93.0  -18.732  -18.796  -18.867   3520.88     swift_U 
 60410.334   93.5   -18.71  -18.775  -18.845   3520.88     swift_U 
 60410.868   94.0  -18.687  -18.754  -18.824   3520.88     swift_U 
 60411.402   94.5  -18.665  -18.733  -18.802   3520.88     swift_U 
 60411.936   95.0  -18.642  -18.711  -18.779   3520.88     swift_U 
  60412.47   95.5  -18.619   -18.69  -18.757   3520.88     swift_U 
 60413.004   96.0  -18.595  -18.667  -18.734   3520.88     swift_U 
 60413.538   96.5  -18.572  -18.644  -18.711   3520.88     swift_U 
 60414.072   97.0  -18.548   -18.62  -18.688   3520.88     swift_U 
 60414.606   97.5  -18.524  -18.597  -18.665   3520.88     swift_U 
  60415.14   98.0    -18.5  -18.572  -18.642   3520.88     swift_U 
 60415.674   98.5  -18.475  -18.547  -18.618   3520.88     swift_U 
 60416.208   99.0   -18.45  -18.522  -18.594   3520.88     swift_U 
 60416.742   99.5  -18.425  -18.497   -18.57   3520.88     swift_U 
 60417.276  100.0  -18.399  -18.472  -18.545   3520.88     swift_U 
 60417.276  100.0  -18.399  -18.472  -18.545   3520.88     swift_U 
 60419.412  102.0  -18.295   -18.37  -18.443   3520.88     swift_U 
 60421.548  104.0  -18.189  -18.264  -18.337   3520.88     swift_U 
 60423.684  106.0  -18.079  -18.155   -18.23   3520.88     swift_U 
  60425.82  108.0  -17.963  -18.042  -18.119   3520.88     swift_U 
 60427.956  110.0  -17.845  -17.924  -18.002   3520.88     swift_U 
 60430.092  112.0  -17.727  -17.807  -17.885   3520.88     swift_U 
 60432.228  114.0  -17.631  -17.703  -17.779   3520.88     swift_U 
 60434.364  116.0  -17.557  -17.617  -17.705   3520.88     swift_U 
   60436.5  118.0  -17.491   -17.55  -17.648   3520.88     swift_U 
 60438.636  120.0  -17.431  -17.498  -17.594   3520.88     swift_U 
 60440.772  122.0  -17.379  -17.445  -17.541   3520.88     swift_U 
 60442.908  124.0  -17.327  -17.392  -17.488   3520.88     swift_U 
 60445.044  126.0  -17.275  -17.337  -17.435   3520.88     swift_U 
  60447.18  128.0  -17.223  -17.284  -17.382   3520.88     swift_U 
 60449.316  130.0  -17.171  -17.231   -17.33   3520.88     swift_U 
 60451.452  132.0  -17.119  -17.179  -17.276   3520.88     swift_U 
 60453.588  134.0  -17.067  -17.129  -17.221   3520.88     swift_U 
 60455.724  136.0  -17.014  -17.076  -17.167   3520.88     swift_U 
  60457.86  138.0  -16.961  -17.022  -17.112   3520.88     swift_U 
 60459.996  140.0  -16.908  -16.971  -17.058   3520.88     swift_U 
 60462.132  142.0  -16.855   -16.92  -17.004   3520.88     swift_U 
 60464.268  144.0  -16.801  -16.869  -16.954   3520.88     swift_U 
 60466.404  146.0  -16.748  -16.819  -16.903   3520.88     swift_U 
  60468.54  148.0  -16.697  -16.769  -16.851   3520.88     swift_U 
 60470.676  150.0  -16.645   -16.72    -16.8   3520.88     swift_U 
 60472.812  152.0  -16.595   -16.67   -16.75   3520.88     swift_U 
 60474.948  154.0  -16.544  -16.622  -16.701   3520.88     swift_U 
 60477.084  156.0  -16.495  -16.574  -16.653   3520.88     swift_U 
  60479.22  158.0  -16.448  -16.526  -16.603   3520.88     swift_U 
 60481.356  160.0  -16.401  -16.477  -16.555   3520.88     swift_U 
 60483.492  162.0  -16.355  -16.428  -16.508   3520.88     swift_U 
 60485.628  164.0  -16.309   -16.38  -16.461   3520.88     swift_U 
 60487.764  166.0   -16.26  -16.336  -16.415   3520.88     swift_U 
   60489.9  168.0   -16.21  -16.291   -16.37   3520.88     swift_U 
 60492.036  170.0  -16.162  -16.247  -16.326   3520.88     swift_U 
 60494.172  172.0  -16.115  -16.204  -16.283   3520.88     swift_U 
 60496.308  174.0  -16.071   -16.16  -16.241   3520.88     swift_U 
 60498.444  176.0  -16.026  -16.117  -16.199   3520.88     swift_U 
  60500.58  178.0  -15.981  -16.075  -16.157   3520.88     swift_U 
 60502.716  180.0  -15.936  -16.032  -16.113   3520.88     swift_U 
 60504.852  182.0  -15.893  -15.988   -16.07   3520.88     swift_U 
 60506.988  184.0   -15.85  -15.946  -16.028   3520.88     swift_U 
 60509.124  186.0  -15.808  -15.905  -15.987   3520.88     swift_U 
  60511.26  188.0  -15.766  -15.864  -15.947   3520.88     swift_U 
 60513.396  190.0  -15.723  -15.822  -15.907   3520.88     swift_U 
 60515.532  192.0   -15.68  -15.782  -15.867   3520.88     swift_U 
 60517.668  194.0  -15.638   -15.74  -15.827   3520.88     swift_U 
 60519.804  196.0  -15.597  -15.701  -15.789   3520.88     swift_U 
  60521.94  198.0  -15.557  -15.662   -15.75   3520.88     swift_U 
 60524.076  200.0  -15.516  -15.623   -15.71   3520.88     swift_U 
 60526.212  202.0  -15.477  -15.584   -15.67   3520.88     swift_U 
 60528.348  204.0  -15.439  -15.545  -15.631   3520.88     swift_U 
 60530.484  206.0  -15.401  -15.507  -15.594   3520.88     swift_U 
  60532.62  208.0  -15.363  -15.468  -15.557   3520.88     swift_U 
 60534.756  210.0  -15.325   -15.43   -15.52   3520.88     swift_U 
 60536.892  212.0  -15.288  -15.393  -15.483   3520.88     swift_U 
 60539.028  214.0  -15.252  -15.356  -15.447   3520.88     swift_U 
 60541.164  216.0  -15.216  -15.319  -15.411   3520.88     swift_U 
   60543.3  218.0   -15.18  -15.282  -15.375   3520.88     swift_U 
 60545.436  220.0  -15.144  -15.246   -15.34   3520.88     swift_U 
 60547.572  222.0  -15.109   -15.21  -15.304   3520.88     swift_U 
 60549.708  224.0  -15.073  -15.174  -15.269   3520.88     swift_U 
 60551.844  226.0  -15.037  -15.138  -15.235   3520.88     swift_U 
  60553.98  228.0  -15.002  -15.103    -15.2   3520.88     swift_U 
 60556.116  230.0  -14.967  -15.068  -15.166   3520.88     swift_U 
 60558.252  232.0  -14.933  -15.033  -15.132   3520.88     swift_U 
 60560.388  234.0  -14.898    -15.0  -15.099   3520.88     swift_U 
 60562.524  236.0  -14.865  -14.967  -15.065   3520.88     swift_U 
  60564.66  238.0  -14.832  -14.934  -15.032   3520.88     swift_U 
 60566.796  240.0  -14.799  -14.902  -14.999   3520.88     swift_U 
 60568.932  242.0  -14.766  -14.869  -14.966   3520.88     swift_U 
 60571.068  244.0  -14.734  -14.837  -14.934   3520.88     swift_U 
 60573.204  246.0  -14.702  -14.805  -14.902   3520.88     swift_U 
  60575.34  248.0  -14.669  -14.773   -14.87   3520.88     swift_U 
 60577.476  250.0  -14.637  -14.741  -14.838   3520.88     swift_U 
 60579.612  252.0  -14.605  -14.709  -14.807   3520.88     swift_U 
 60581.748  254.0  -14.573  -14.678  -14.776   3520.88     swift_U 
 60583.884  256.0  -14.542  -14.647  -14.745   3520.88     swift_U 
  60586.02  258.0   -14.51  -14.616  -14.714   3520.88     swift_U 
 60588.156  260.0  -14.478  -14.585  -14.684   3520.88     swift_U 
 60590.292  262.0  -14.446  -14.554  -14.654   3520.88     swift_U 
 60592.428  264.0  -14.415  -14.524  -14.624   3520.88     swift_U 
 60594.564  266.0  -14.383  -14.494  -14.594   3520.88     swift_U 
   60596.7  268.0  -14.352  -14.464  -14.564   3520.88     swift_U 
 60598.836  270.0  -14.321  -14.434  -14.535   3520.88     swift_U 
 60600.972  272.0  -14.291  -14.405  -14.506   3520.88     swift_U 
 60603.108  274.0  -14.261  -14.375  -14.477   3520.88     swift_U 
 60605.244  276.0  -14.231  -14.346  -14.448   3520.88     swift_U 
  60607.38  278.0  -14.201  -14.317  -14.419   3520.88     swift_U 
 60609.516  280.0  -14.171  -14.289  -14.391   3520.88     swift_U 
 60611.652  282.0  -14.142   -14.26  -14.363   3520.88     swift_U 
 60613.788  284.0  -14.114  -14.232  -14.335   3520.88     swift_U 
 60615.924  286.0  -14.086  -14.204  -14.307   3520.88     swift_U 
  60618.06  288.0  -14.058  -14.176  -14.279   3520.88     swift_U 
 60620.196  290.0   -14.03  -14.148  -14.252   3520.88     swift_U 
 60622.332  292.0  -14.002  -14.121  -14.225   3520.88     swift_U 
 60624.468  294.0  -13.975  -14.094  -14.198   3520.88     swift_U 
 60626.604  296.0  -13.947  -14.067  -14.171   3520.88     swift_U 
  60628.74  298.0   -13.92   -14.04  -14.144   3520.88     swift_U 
 60630.876  300.0  -13.893  -14.013  -14.117   3520.88     swift_U 
 60633.012  302.0  -13.866  -13.987   -14.09   3520.88     swift_U 
 60635.148  304.0  -13.839   -13.96  -14.063   3520.88     swift_U 
 60637.284  306.0  -13.812  -13.934  -14.036   3520.88     swift_U 
  60639.42  308.0  -13.785  -13.908  -14.009   3520.88     swift_U 
 60641.556  310.0  -13.759  -13.882  -13.983   3520.88     swift_U 
 60643.692  312.0  -13.733  -13.856  -13.957   3520.88     swift_U 
 60645.828  314.0  -13.707  -13.831  -13.931   3520.88     swift_U 
 60647.964  316.0  -13.681  -13.805  -13.905   3520.88     swift_U 
   60650.1  318.0  -13.656   -13.78   -13.88   3520.88     swift_U 
 60652.236  320.0   -13.63  -13.754  -13.854   3520.88     swift_U 
 60654.372  322.0  -13.605  -13.729  -13.829   3520.88     swift_U 
 60656.508  324.0   -13.58  -13.703  -13.804   3520.88     swift_U 
 60658.644  326.0  -13.555  -13.678  -13.779   3520.88     swift_U 
  60660.78  328.0   -13.53  -13.653  -13.754   3520.88     swift_U 
 60662.916  330.0  -13.505  -13.628   -13.73   3520.88     swift_U 
 60665.052  332.0   -13.48  -13.603  -13.706   3520.88     swift_U 
 60667.188  334.0  -13.456  -13.578  -13.682   3520.88     swift_U 
 60669.324  336.0  -13.431  -13.554  -13.657   3520.88     swift_U 
  60671.46  338.0  -13.407  -13.529  -13.634   3520.88     swift_U 
 60673.596  340.0  -13.383  -13.505   -13.61   3520.88     swift_U 
 60675.732  342.0  -13.359  -13.482  -13.586   3520.88     swift_U 
 60677.868  344.0  -13.335  -13.458  -13.563   3520.88     swift_U 
 60680.004  346.0  -13.312  -13.434  -13.539   3520.88     swift_U 
  60682.14  348.0  -13.288  -13.411  -13.516   3520.88     swift_U 
 60684.276  350.0  -13.265  -13.387  -13.492   3520.88     swift_U 
 60686.412  352.0  -13.241  -13.364  -13.469   3520.88     swift_U 
 60688.548  354.0  -13.218  -13.341  -13.446   3520.88     swift_U 
 60690.684  356.0  -13.195  -13.318  -13.423   3520.88     swift_U 
  60692.82  358.0  -13.172  -13.295    -13.4   3520.88     swift_U 
 60694.956  360.0  -13.149  -13.272  -13.377   3520.88     swift_U 
 60697.092  362.0  -13.127   -13.25  -13.354   3520.88     swift_U 
 60699.228  364.0  -13.104  -13.227  -13.331   3520.88     swift_U 
 60701.364  366.0  -13.081  -13.204  -13.308   3520.88     swift_U 
   60703.5  368.0  -13.058  -13.181  -13.286   3520.88     swift_U 
 60705.636  370.0  -13.036  -13.159  -13.263   3520.88     swift_U 
 60707.772  372.0  -13.013  -13.136  -13.241   3520.88     swift_U 
 60709.908  374.0  -12.991  -13.114  -13.218   3520.88     swift_U 
 60712.044  376.0  -12.969  -13.091  -13.196   3520.88     swift_U 
  60714.18  378.0  -12.946  -13.069  -13.174   3520.88     swift_U 
 60716.316  380.0  -12.924  -13.047  -13.152   3520.88     swift_U 
 60718.452  382.0  -12.902  -13.025   -13.13   3520.88     swift_U 
 60720.588  384.0   -12.88  -13.003  -13.108   3520.88     swift_U 
 60722.724  386.0  -12.858  -12.981  -13.087   3520.88     swift_U 
  60724.86  388.0  -12.836  -12.959  -13.065   3520.88     swift_U 
 60726.996  390.0  -12.814  -12.938  -13.044   3520.88     swift_U 
 60729.132  392.0  -12.792  -12.917  -13.022   3520.88     swift_U 
 60731.268  394.0  -12.771  -12.896  -13.001   3520.88     swift_U 
 60733.404  396.0  -12.749  -12.875   -12.98   3520.88     swift_U 
  60735.54  398.0  -12.728  -12.854  -12.959   3520.88     swift_U 
 60737.676  400.0  -12.707  -12.833  -12.938   3520.88     swift_U 
 60739.812  402.0  -12.686  -12.812  -12.918   3520.88     swift_U 
 60741.948  404.0  -12.665  -12.791  -12.898   3520.88     swift_U 
 60744.084  406.0  -12.644  -12.771  -12.877   3520.88     swift_U 
  60746.22  408.0  -12.623   -12.75  -12.857   3520.88     swift_U 
 60748.356  410.0  -12.603   -12.73  -12.837   3520.88     swift_U 
 60750.492  412.0  -12.582   -12.71  -12.817   3520.88     swift_U 
 60752.628  414.0  -12.562  -12.689  -12.798   3520.88     swift_U 
 60754.764  416.0  -12.541  -12.669  -12.778   3520.88     swift_U 
   60756.9  418.0  -12.521  -12.649  -12.758   3520.88     swift_U 
 60759.036  420.0  -12.501  -12.629  -12.739   3520.88     swift_U 
 60761.172  422.0  -12.481  -12.609  -12.719   3520.88     swift_U 
 60763.308  424.0  -12.461   -12.59    -12.7   3520.88     swift_U 
 60765.444  426.0  -12.442   -12.57  -12.681   3520.88     swift_U 
  60767.58  428.0  -12.422  -12.551  -12.662   3520.88     swift_U 
 60769.716  430.0  -12.402  -12.531  -12.643   3520.88     swift_U 
 60771.852  432.0  -12.382  -12.511  -12.624   3520.88     swift_U 
 60773.988  434.0  -12.363  -12.492  -12.605   3520.88     swift_U 
 60776.124  436.0  -12.343  -12.472  -12.586   3520.88     swift_U 
  60778.26  438.0  -12.324  -12.453  -12.567   3520.88     swift_U 
 60780.396  440.0  -12.305  -12.434  -12.548   3520.88     swift_U 
 60782.532  442.0  -12.286  -12.415   -12.53   3520.88     swift_U 
 60784.668  444.0  -12.267  -12.396  -12.511   3520.88     swift_U 
 60786.804  446.0  -12.248  -12.377  -12.493   3520.88     swift_U 
  60788.94  448.0  -12.229  -12.359  -12.474   3520.88     swift_U 
 60791.076  450.0   -12.21   -12.34  -12.456   3520.88     swift_U 
 60793.212  452.0  -12.192  -12.321  -12.438   3520.88     swift_U 
 60795.348  454.0  -12.173  -12.303   -12.42   3520.88     swift_U 
 60797.484  456.0  -12.154  -12.285  -12.402   3520.88     swift_U 
  60799.62  458.0  -12.136  -12.266  -12.384   3520.88     swift_U 
 60801.756  460.0  -12.118  -12.248  -12.366   3520.88     swift_U 
 60803.892  462.0  -12.099   -12.23  -12.348   3520.88     swift_U 
 60806.028  464.0  -12.081  -12.212   -12.33   3520.88     swift_U 
 60808.164  466.0  -12.063  -12.194  -12.312   3520.88     swift_U 
   60810.3  468.0  -12.045  -12.176  -12.295   3520.88     swift_U 
 60812.436  470.0  -12.027  -12.158  -12.277   3520.88     swift_U 
 60814.572  472.0  -12.009   -12.14   -12.26   3520.88     swift_U 
 60816.708  474.0  -11.991  -12.123  -12.242   3520.88     swift_U 
 60818.844  476.0  -11.973  -12.105  -12.225   3520.88     swift_U 
  60820.98  478.0  -11.955  -12.088  -12.207   3520.88     swift_U 
 60823.116  480.0  -11.938   -12.07   -12.19   3520.88     swift_U 
 60825.252  482.0   -11.92  -12.052  -12.173   3520.88     swift_U 
 60827.388  484.0  -11.903  -12.035  -12.156   3520.88     swift_U 
 60829.524  486.0  -11.885  -12.017  -12.139   3520.88     swift_U 
  60831.66  488.0  -11.868    -12.0  -12.122   3520.88     swift_U 
 60833.796  490.0   -11.85  -11.983  -12.105   3520.88     swift_U 
 60835.932  492.0  -11.833  -11.966  -12.088   3520.88     swift_U 
 60838.068  494.0  -11.816  -11.949  -12.072   3520.88     swift_U 
 60840.204  496.0  -11.799  -11.932  -12.055   3520.88     swift_U 
  60842.34  498.0  -11.782  -11.915  -12.038   3520.88     swift_U 
 60844.476  500.0  -11.765  -11.899  -12.022   3520.88     swift_U 
 60846.612  502.0  -11.748  -11.882  -12.005   3520.88     swift_U 
 60848.748  504.0  -11.731  -11.865  -11.989   3520.88     swift_U 
 60850.884  506.0  -11.715  -11.849  -11.972   3520.88     swift_U 
  60853.02  508.0  -11.698  -11.832  -11.956   3520.88     swift_U 
 60855.156  510.0  -11.681  -11.816   -11.94   3520.88     swift_U 
 60857.292  512.0  -11.665    -11.8  -11.923   3520.88     swift_U 
 60859.428  514.0  -11.648  -11.784  -11.907   3520.88     swift_U 
 60861.564  516.0  -11.632  -11.767  -11.891   3520.88     swift_U 
   60863.7  518.0  -11.616  -11.751  -11.875   3520.88     swift_U 
 60865.836  520.0  -11.599  -11.735  -11.859   3520.88     swift_U 
 60867.972  522.0  -11.583  -11.719  -11.843   3520.88     swift_U 
 60870.108  524.0  -11.567  -11.703  -11.827   3520.88     swift_U 
 60872.244  526.0  -11.551  -11.687  -11.812   3520.88     swift_U 
  60874.38  528.0  -11.535  -11.671  -11.796   3520.88     swift_U 
 60876.516  530.0  -11.519  -11.655   -11.78   3520.88     swift_U 
 60878.652  532.0  -11.503  -11.639  -11.765   3520.88     swift_U 
 60880.788  534.0  -11.487  -11.623  -11.749   3520.88     swift_U 
 60882.924  536.0  -11.471  -11.607  -11.734   3520.88     swift_U 
  60885.06  538.0  -11.455  -11.591  -11.718   3520.88     swift_U 
 60887.196  540.0   -11.44  -11.576  -11.703   3520.88     swift_U 
 60889.332  542.0  -11.424   -11.56  -11.687   3520.88     swift_U 
 60891.468  544.0  -11.408  -11.544  -11.672   3520.88     swift_U 
 60893.604  546.0  -11.393  -11.529  -11.657   3520.88     swift_U 
  60895.74  548.0  -11.377  -11.513  -11.642   3520.88     swift_U 
 60897.876  550.0  -11.362  -11.498  -11.626   3520.88     swift_U 
 60900.012  552.0  -11.347  -11.483  -11.611   3520.88     swift_U 
 60902.148  554.0  -11.331  -11.467  -11.596   3520.88     swift_U 
 60904.284  556.0  -11.316  -11.452  -11.581   3520.88     swift_U 
  60906.42  558.0  -11.301  -11.437  -11.566   3520.88     swift_U 
 60908.556  560.0  -11.286  -11.422  -11.551   3520.88     swift_U 
 60910.692  562.0  -11.271  -11.407  -11.537   3520.88     swift_U 
 60912.828  564.0  -11.256  -11.391  -11.522   3520.88     swift_U 
 60914.964  566.0  -11.241  -11.376  -11.507   3520.88     swift_U 
   60917.1  568.0  -11.226  -11.362  -11.492   3520.88     swift_U 
 60919.236  570.0  -11.211  -11.347  -11.478   3520.88     swift_U 
 60921.372  572.0  -11.196  -11.332  -11.463   3520.88     swift_U 
 60923.508  574.0  -11.181  -11.317  -11.449   3520.88     swift_U 
 60925.644  576.0  -11.166  -11.302  -11.434   3520.88     swift_U 
  60927.78  578.0  -11.152  -11.288   -11.42   3520.88     swift_U 
 60929.916  580.0  -11.137  -11.273  -11.405   3520.88     swift_U 
 60932.052  582.0  -11.123  -11.258  -11.391   3520.88     swift_U 
 60934.188  584.0  -11.108  -11.244  -11.377   3520.88     swift_U 
 60936.324  586.0  -11.094  -11.229  -11.362   3520.88     swift_U 
  60938.46  588.0  -11.079  -11.215  -11.348   3520.88     swift_U 
 60940.596  590.0  -11.065    -11.2  -11.334   3520.88     swift_U 
 60942.732  592.0  -11.051  -11.186   -11.32   3520.88     swift_U 
 60944.868  594.0  -11.036  -11.172  -11.305   3520.88     swift_U 
 60947.004  596.0  -11.022  -11.158  -11.291   3520.88     swift_U 
  60949.14  598.0  -11.007  -11.143  -11.277   3520.88     swift_U 
 60951.276  600.0  -10.993  -11.129  -11.263   3520.88     swift_U 
 60953.412  602.0  -10.979  -11.115  -11.249   3520.88     swift_U 
 60955.548  604.0  -10.965  -11.101  -11.235   3520.88     swift_U 
 60957.684  606.0   -10.95  -11.087  -11.221   3520.88     swift_U 
  60959.82  608.0  -10.936  -11.073  -11.207   3520.88     swift_U 
 60961.956  610.0  -10.922  -11.059  -11.194   3520.88     swift_U 
 60964.092  612.0  -10.908  -11.045   -11.18   3520.88     swift_U 
 60966.228  614.0  -10.894  -11.031  -11.166   3520.88     swift_U 
 60968.364  616.0   -10.88  -11.017  -11.152   3520.88     swift_U 
   60970.5  618.0  -10.866  -11.004  -11.139   3520.88     swift_U 
 60972.636  620.0  -10.852   -10.99  -11.125   3520.88     swift_U 
 60974.772  622.0  -10.839  -10.976  -11.112   3520.88     swift_U 
 60976.908  624.0  -10.825  -10.963  -11.098   3520.88     swift_U 
 60979.044  626.0  -10.811  -10.949  -11.084   3520.88     swift_U 
  60981.18  628.0  -10.798  -10.936  -11.071   3520.88     swift_U 
 60983.316  630.0  -10.784  -10.922  -11.058   3520.88     swift_U 
 60985.452  632.0  -10.771  -10.909  -11.044   3520.88     swift_U 
 60987.588  634.0  -10.757  -10.895  -11.031   3520.88     swift_U 
 60989.724  636.0  -10.744  -10.882  -11.018   3520.88     swift_U 
  60991.86  638.0   -10.73  -10.869  -11.004   3520.88     swift_U 
 60993.996  640.0  -10.717  -10.856  -10.991   3520.88     swift_U 
 60996.132  642.0  -10.704  -10.842  -10.978   3520.88     swift_U 
 60998.268  644.0  -10.691  -10.829  -10.965   3520.88     swift_U 
 61000.404  646.0  -10.677  -10.816  -10.951   3520.88     swift_U 
  61002.54  648.0  -10.664  -10.803  -10.938   3520.88     swift_U 
 61004.676  650.0  -10.651   -10.79  -10.925   3520.88     swift_U 
 61006.812  652.0  -10.638  -10.777  -10.912   3520.88     swift_U 
 61008.948  654.0  -10.625  -10.764  -10.899   3520.88     swift_U 
 61011.084  656.0  -10.612  -10.751  -10.886   3520.88     swift_U 
  61013.22  658.0  -10.599  -10.739  -10.874   3520.88     swift_U 
 61015.356  660.0  -10.586  -10.726  -10.861   3520.88     swift_U 
 61017.492  662.0  -10.573  -10.713  -10.848   3520.88     swift_U 
 61019.628  664.0   -10.56    -10.7  -10.835   3520.88     swift_U 
 61021.764  666.0  -10.548  -10.687  -10.823   3520.88     swift_U 
   61023.9  668.0  -10.535  -10.674   -10.81   3520.88     swift_U 
 61026.036  670.0  -10.522  -10.662  -10.797   3520.88     swift_U 
 61028.172  672.0   -10.51  -10.649  -10.785   3520.88     swift_U 
 61030.308  674.0  -10.497  -10.636  -10.772   3520.88     swift_U 
 61032.444  676.0  -10.485  -10.624   -10.76   3520.88     swift_U 
  61034.58  678.0  -10.472  -10.611  -10.747   3520.88     swift_U 
 61036.716  680.0   -10.46  -10.599  -10.735   3520.88     swift_U 
 61038.852  682.0  -10.447  -10.586  -10.722   3520.88     swift_U 
 61040.988  684.0  -10.435  -10.574   -10.71   3520.88     swift_U 
 61043.124  686.0  -10.423  -10.561  -10.697   3520.88     swift_U 
  61045.26  688.0   -10.41  -10.549  -10.685   3520.88     swift_U 
 61047.396  690.0  -10.398  -10.537  -10.673   3520.88     swift_U 
 61049.532  692.0  -10.386  -10.524  -10.661   3520.88     swift_U 
 61051.668  694.0  -10.373  -10.512  -10.649   3520.88     swift_U 
 61053.804  696.0  -10.361    -10.5  -10.637   3520.88     swift_U 
  61055.94  698.0  -10.349  -10.487  -10.625   3520.88     swift_U 
 61058.076  700.0  -10.337  -10.475  -10.613   3520.88     swift_U 
 61060.212  702.0  -10.325  -10.463  -10.601   3520.88     swift_U 
 61062.348  704.0  -10.312  -10.451  -10.589   3520.88     swift_U 
 61064.484  706.0    -10.3  -10.439  -10.577   3520.88     swift_U 
  61066.62  708.0  -10.288  -10.427  -10.565   3520.88     swift_U 
 61068.756  710.0  -10.276  -10.415  -10.553   3520.88     swift_U 
 61070.892  712.0  -10.264  -10.403  -10.541   3520.88     swift_U 
 61073.028  714.0  -10.252  -10.391   -10.53   3520.88     swift_U 
 61075.164  716.0   -10.24  -10.379  -10.518   3520.88     swift_U 
   61077.3  718.0  -10.229  -10.367  -10.506   3520.88     swift_U 
 61079.436  720.0  -10.217  -10.355  -10.494   3520.88     swift_U 
 61081.572  722.0  -10.205  -10.343  -10.483   3520.88     swift_U 
 61083.708  724.0  -10.193  -10.332  -10.471   3520.88     swift_U 
 61085.844  726.0  -10.181   -10.32  -10.459   3520.88     swift_U 
  61087.98  728.0   -10.17  -10.308  -10.448   3520.88     swift_U 
 61090.116  730.0  -10.158  -10.296  -10.436   3520.88     swift_U 
 61092.252  732.0  -10.146  -10.285  -10.425   3520.88     swift_U 
 61094.388  734.0  -10.135  -10.273  -10.413   3520.88     swift_U 
 61096.524  736.0  -10.123  -10.262  -10.402   3520.88     swift_U 
  61098.66  738.0  -10.111   -10.25   -10.39   3520.88     swift_U 
 61100.796  740.0    -10.1  -10.238  -10.379   3520.88     swift_U 
 61102.932  742.0  -10.088  -10.227  -10.368   3520.88     swift_U 
 61105.068  744.0  -10.077  -10.215  -10.356   3520.88     swift_U 
 61107.204  746.0  -10.065  -10.204  -10.345   3520.88     swift_U 
  61109.34  748.0  -10.054  -10.193  -10.334   3520.88     swift_U 
 61111.476  750.0  -10.043  -10.181  -10.322   3520.88     swift_U 
 61113.612  752.0  -10.031   -10.17  -10.311   3520.88     swift_U 
 61115.748  754.0   -10.02  -10.159    -10.3   3520.88     swift_U 
 61117.884  756.0  -10.009  -10.147  -10.289   3520.88     swift_U 
  61120.02  758.0   -9.997  -10.136  -10.278   3520.88     swift_U 
 61122.156  760.0   -9.986  -10.125  -10.266   3520.88     swift_U 
 61124.292  762.0   -9.975  -10.114  -10.255   3520.88     swift_U 
 61126.428  764.0   -9.964  -10.102  -10.244   3520.88     swift_U 
 61128.564  766.0   -9.953  -10.091  -10.233   3520.88     swift_U 
   61130.7  768.0   -9.941   -10.08  -10.222   3520.88     swift_U 
 61132.836  770.0    -9.93  -10.069  -10.211   3520.88     swift_U 
 61134.972  772.0   -9.919  -10.058    -10.2   3520.88     swift_U 
 61137.108  774.0   -9.908  -10.047  -10.189   3520.88     swift_U 
 61139.244  776.0   -9.897  -10.036  -10.178   3520.88     swift_U 
  61141.38  778.0   -9.886  -10.025  -10.168   3520.88     swift_U 
 61143.516  780.0   -9.875  -10.014  -10.157   3520.88     swift_U 
 61145.652  782.0   -9.864  -10.003  -10.146   3520.88     swift_U 
 61147.788  784.0   -9.854   -9.992  -10.135   3520.88     swift_U 
 61149.924  786.0   -9.843   -9.981  -10.124   3520.88     swift_U 
  61152.06  788.0   -9.832   -9.971  -10.114   3520.88     swift_U 
 61154.196  790.0   -9.821    -9.96  -10.103   3520.88     swift_U 
 61156.332  792.0    -9.81   -9.949  -10.092   3520.88     swift_U 
 61158.468  794.0   -9.799   -9.938  -10.082   3520.88     swift_U 
 61160.604  796.0   -9.789   -9.927  -10.071   3520.88     swift_U 
  61162.74  798.0   -9.778   -9.917   -10.06   3520.88     swift_U 
 61164.876  800.0   -9.767   -9.906   -10.05   3520.88     swift_U 
 60310.476    0.0      nan      nan      nan   3551.05           U 
  60311.01    0.5   -10.23  -12.294   -13.05   3551.05           U 
 60311.544    1.0  -10.596  -12.963   -13.81   3551.05           U 
 60312.078    1.5  -11.957   -13.61  -14.342   3551.05           U 
 60312.612    2.0  -12.956   -14.14  -14.744   3551.05           U 
 60313.146    2.5  -13.663  -14.565  -15.102   3551.05           U 
  60313.68    3.0  -14.161   -14.94  -15.401   3551.05           U 
 60314.214    3.5  -14.602  -15.235  -15.668   3551.05           U 
 60314.748    4.0  -14.959  -15.506  -15.893   3551.05           U 
 60315.282    4.5   -15.28  -15.746  -16.092   3551.05           U 
 60315.816    5.0  -15.583  -15.967  -16.275   3551.05           U 
  60316.35    5.5  -15.841  -16.171  -16.442   3551.05           U 
 60316.884    6.0  -16.054  -16.348  -16.593   3551.05           U 
 60317.418    6.5  -16.247  -16.508  -16.731   3551.05           U 
 60317.952    7.0  -16.429  -16.653   -16.86   3551.05           U 
 60318.486    7.5  -16.594  -16.784  -16.981   3551.05           U 
  60319.02    8.0  -16.739  -16.906  -17.096   3551.05           U 
 60319.554    8.5  -16.874  -17.023  -17.207   3551.05           U 
 60320.088    9.0  -16.992  -17.134  -17.309   3551.05           U 
 60320.622    9.5  -17.112  -17.234  -17.404   3551.05           U 
 60321.156   10.0  -17.223  -17.331  -17.493   3551.05           U 
  60321.69   10.5   -17.32  -17.426  -17.576   3551.05           U 
 60322.224   11.0  -17.415  -17.516  -17.657   3551.05           U 
 60322.758   11.5  -17.504  -17.598  -17.733   3551.05           U 
 60323.292   12.0  -17.589  -17.673  -17.804   3551.05           U 
 60323.826   12.5  -17.667  -17.749  -17.873   3551.05           U 
  60324.36   13.0  -17.739  -17.824  -17.938   3551.05           U 
 60324.894   13.5  -17.807  -17.892  -18.001   3551.05           U 
 60325.428   14.0  -17.872  -17.959  -18.061   3551.05           U 
 60325.962   14.5  -17.935  -18.022   -18.12   3551.05           U 
 60326.496   15.0  -17.997  -18.084  -18.177   3551.05           U 
  60327.03   15.5  -18.059  -18.144  -18.231   3551.05           U 
 60327.564   16.0   -18.12  -18.201  -18.282   3551.05           U 
 60328.098   16.5  -18.176  -18.254  -18.332   3551.05           U 
 60328.632   17.0   -18.23  -18.307  -18.383   3551.05           U 
 60329.166   17.5   -18.28  -18.355   -18.43   3551.05           U 
   60329.7   18.0  -18.328  -18.402  -18.475   3551.05           U 
 60330.234   18.5  -18.377  -18.446  -18.518   3551.05           U 
 60330.768   19.0  -18.425  -18.489  -18.562   3551.05           U 
 60331.302   19.5  -18.469  -18.532  -18.602   3551.05           U 
 60331.836   20.0  -18.511  -18.574   -18.64   3551.05           U 
  60332.37   20.5  -18.552  -18.612  -18.679   3551.05           U 
 60332.904   21.0  -18.591  -18.651  -18.716   3551.05           U 
 60333.438   21.5  -18.627  -18.688   -18.75   3551.05           U 
 60333.972   22.0  -18.662  -18.724  -18.785   3551.05           U 
 60334.506   22.5  -18.697  -18.758  -18.819   3551.05           U 
  60335.04   23.0  -18.731  -18.791  -18.852   3551.05           U 
 60335.574   23.5  -18.766  -18.823  -18.883   3551.05           U 
 60336.108   24.0  -18.798  -18.854  -18.912   3551.05           U 
 60336.642   24.5  -18.829  -18.884  -18.941   3551.05           U 
 60337.176   25.0   -18.86  -18.913  -18.971   3551.05           U 
  60337.71   25.5   -18.89  -18.942    -19.0   3551.05           U 
 60338.244   26.0  -18.917   -18.97  -19.029   3551.05           U 
 60338.778   26.5  -18.944  -18.997  -19.055   3551.05           U 
 60339.312   27.0   -18.97  -19.024  -19.079   3551.05           U 
 60339.846   27.5  -18.996   -19.05  -19.103   3551.05           U 
  60340.38   28.0  -19.021  -19.074  -19.127   3551.05           U 
 60340.914   28.5  -19.046  -19.097  -19.151   3551.05           U 
 60341.448   29.0  -19.068   -19.12  -19.174   3551.05           U 
 60341.982   29.5  -19.091  -19.142  -19.195   3551.05           U 
 60342.516   30.0  -19.112  -19.163  -19.216   3551.05           U 
  60343.05   30.5  -19.133  -19.185  -19.236   3551.05           U 
 60343.584   31.0  -19.153  -19.205  -19.256   3551.05           U 
 60344.118   31.5  -19.173  -19.225  -19.275   3551.05           U 
 60344.652   32.0  -19.192  -19.244  -19.294   3551.05           U 
 60345.186   32.5  -19.212  -19.262  -19.312   3551.05           U 
  60345.72   33.0   -19.23  -19.279  -19.329   3551.05           U 
 60346.254   33.5  -19.248  -19.297  -19.347   3551.05           U 
 60346.788   34.0  -19.265  -19.313  -19.364   3551.05           U 
 60347.322   34.5  -19.282   -19.33  -19.381   3551.05           U 
 60347.856   35.0  -19.297  -19.346  -19.397   3551.05           U 
  60348.39   35.5  -19.312   -19.36  -19.413   3551.05           U 
 60348.924   36.0  -19.327  -19.375  -19.428   3551.05           U 
 60349.458   36.5  -19.341  -19.389  -19.443   3551.05           U 
 60349.992   37.0  -19.356  -19.402  -19.457   3551.05           U 
 60350.526   37.5   -19.37  -19.415   -19.47   3551.05           U 
  60351.06   38.0  -19.383  -19.428  -19.482   3551.05           U 
 60351.594   38.5  -19.395  -19.441  -19.495   3551.05           U 
 60352.128   39.0  -19.408  -19.452  -19.506   3551.05           U 
 60352.662   39.5   -19.42  -19.464  -19.518   3551.05           U 
 60353.196   40.0  -19.431  -19.476  -19.531   3551.05           U 
  60353.73   40.5  -19.441  -19.487  -19.543   3551.05           U 
 60354.264   41.0  -19.452  -19.497  -19.554   3551.05           U 
 60354.798   41.5  -19.461  -19.508  -19.564   3551.05           U 
 60355.332   42.0  -19.471  -19.519  -19.574   3551.05           U 
 60355.866   42.5  -19.481  -19.528  -19.584   3551.05           U 
   60356.4   43.0  -19.491  -19.538  -19.593   3551.05           U 
 60356.934   43.5  -19.499  -19.548  -19.602   3551.05           U 
 60357.468   44.0  -19.507  -19.557   -19.61   3551.05           U 
 60358.002   44.5  -19.514  -19.565  -19.619   3551.05           U 
 60358.536   45.0  -19.521  -19.573  -19.627   3551.05           U 
  60359.07   45.5  -19.528  -19.581  -19.635   3551.05           U 
 60359.604   46.0  -19.535  -19.588  -19.643   3551.05           U 
 60360.138   46.5  -19.541  -19.594   -19.65   3551.05           U 
 60360.672   47.0  -19.548  -19.601  -19.657   3551.05           U 
 60361.206   47.5  -19.553  -19.607  -19.664   3551.05           U 
  60361.74   48.0  -19.559  -19.613   -19.67   3551.05           U 
 60362.274   48.5  -19.564  -19.619  -19.676   3551.05           U 
 60362.808   49.0  -19.568  -19.625  -19.681   3551.05           U 
 60363.342   49.5  -19.573  -19.629  -19.686   3551.05           U 
 60363.876   50.0  -19.577  -19.634  -19.691   3551.05           U 
  60364.41   50.5  -19.581  -19.639  -19.695   3551.05           U 
 60364.944   51.0  -19.585  -19.642  -19.699   3551.05           U 
 60365.478   51.5  -19.588  -19.646  -19.703   3551.05           U 
 60366.012   52.0  -19.591  -19.649  -19.707   3551.05           U 
 60366.546   52.5  -19.593  -19.652   -19.71   3551.05           U 
  60367.08   53.0  -19.596  -19.655  -19.713   3551.05           U 
 60367.614   53.5  -19.598  -19.657  -19.716   3551.05           U 
 60368.148   54.0    -19.6  -19.659  -19.718   3551.05           U 
 60368.682   54.5  -19.602  -19.661   -19.72   3551.05           U 
 60369.216   55.0  -19.603  -19.662  -19.721   3551.05           U 
  60369.75   55.5  -19.604  -19.664  -19.723   3551.05           U 
 60370.284   56.0  -19.605  -19.664  -19.723   3551.05           U 
 60370.818   56.5  -19.605  -19.665  -19.724   3551.05           U 
 60371.352   57.0  -19.606  -19.665  -19.724   3551.05           U 
 60371.886   57.5  -19.606  -19.665  -19.723   3551.05           U 
  60372.42   58.0  -19.605  -19.664  -19.723   3551.05           U 
 60372.954   58.5  -19.604  -19.663  -19.722   3551.05           U 
 60373.488   59.0  -19.604  -19.662  -19.721   3551.05           U 
 60374.022   59.5  -19.603  -19.661  -19.719   3551.05           U 
 60374.556   60.0  -19.601  -19.659  -19.718   3551.05           U 
  60375.09   60.5  -19.599  -19.657  -19.716   3551.05           U 
 60375.624   61.0  -19.597  -19.656  -19.714   3551.05           U 
 60376.158   61.5  -19.595  -19.653  -19.712   3551.05           U 
 60376.692   62.0  -19.592   -19.65  -19.709   3551.05           U 
 60377.226   62.5  -19.588  -19.647  -19.707   3551.05           U 
  60377.76   63.0  -19.585  -19.644  -19.703   3551.05           U 
 60378.294   63.5  -19.581   -19.64    -19.7   3551.05           U 
 60378.828   64.0  -19.576  -19.636  -19.696   3551.05           U 
 60379.362   64.5  -19.572  -19.633  -19.693   3551.05           U 
 60379.896   65.0  -19.567  -19.628  -19.688   3551.05           U 
  60380.43   65.5  -19.563  -19.624  -19.684   3551.05           U 
 60380.964   66.0  -19.558  -19.619  -19.679   3551.05           U 
 60381.498   66.5  -19.553  -19.614  -19.674   3551.05           U 
 60382.032   67.0  -19.547  -19.609  -19.669   3551.05           U 
 60382.566   67.5  -19.541  -19.603  -19.663   3551.05           U 
   60383.1   68.0  -19.535  -19.596  -19.657   3551.05           U 
 60383.634   68.5  -19.528   -19.59   -19.65   3551.05           U 
 60384.168   69.0  -19.521  -19.583  -19.644   3551.05           U 
 60384.702   69.5  -19.514  -19.576  -19.636   3551.05           U 
 60385.236   70.0  -19.507  -19.568  -19.629   3551.05           U 
  60385.77   70.5  -19.499  -19.561  -19.621   3551.05           U 
 60386.304   71.0  -19.491  -19.553  -19.613   3551.05           U 
 60386.838   71.5  -19.483  -19.545  -19.604   3551.05           U 
 60387.372   72.0  -19.475  -19.537  -19.595   3551.05           U 
 60387.906   72.5  -19.466  -19.528  -19.587   3551.05           U 
  60388.44   73.0  -19.456  -19.519  -19.578   3551.05           U 
 60388.974   73.5  -19.446   -19.51  -19.569   3551.05           U 
 60389.508   74.0  -19.436    -19.5  -19.559   3551.05           U 
 60390.042   74.5  -19.426  -19.491  -19.549   3551.05           U 
 60390.576   75.0  -19.416  -19.481  -19.539   3551.05           U 
  60391.11   75.5  -19.405   -19.47  -19.528   3551.05           U 
 60391.644   76.0  -19.394   -19.46  -19.518   3551.05           U 
 60392.178   76.5  -19.382  -19.449  -19.506   3551.05           U 
 60392.712   77.0   -19.37  -19.437  -19.495   3551.05           U 
 60393.246   77.5  -19.359  -19.426  -19.483   3551.05           U 
  60393.78   78.0  -19.347  -19.413  -19.471   3551.05           U 
 60394.314   78.5  -19.335  -19.401  -19.459   3551.05           U 
 60394.848   79.0  -19.323  -19.388  -19.447   3551.05           U 
 60395.382   79.5   -19.31  -19.376  -19.434   3551.05           U 
 60395.916   80.0  -19.297  -19.363  -19.421   3551.05           U 
  60396.45   80.5  -19.284  -19.349  -19.407   3551.05           U 
 60396.984   81.0  -19.271  -19.335  -19.394   3551.05           U 
 60397.518   81.5  -19.257   -19.32   -19.38   3551.05           U 
 60398.052   82.0  -19.244  -19.306  -19.366   3551.05           U 
 60398.586   82.5   -19.23   -19.29  -19.351   3551.05           U 
  60399.12   83.0  -19.215  -19.275  -19.336   3551.05           U 
 60399.654   83.5    -19.2   -19.26  -19.322   3551.05           U 
 60400.188   84.0  -19.185  -19.244  -19.306   3551.05           U 
 60400.722   84.5   -19.17  -19.228  -19.291   3551.05           U 
 60401.256   85.0  -19.155  -19.212  -19.275   3551.05           U 
  60401.79   85.5  -19.139  -19.195  -19.259   3551.05           U 
 60402.324   86.0  -19.122  -19.178  -19.243   3551.05           U 
 60402.858   86.5  -19.106   -19.16  -19.226   3551.05           U 
 60403.392   87.0  -19.088  -19.143   -19.21   3551.05           U 
 60403.926   87.5  -19.071  -19.125  -19.193   3551.05           U 
  60404.46   88.0  -19.054  -19.107  -19.175   3551.05           U 
 60404.994   88.5  -19.036  -19.089  -19.158   3551.05           U 
 60405.528   89.0  -19.017  -19.071   -19.14   3551.05           U 
 60406.062   89.5  -18.999  -19.053  -19.122   3551.05           U 
 60406.596   90.0   -18.98  -19.035  -19.104   3551.05           U 
  60407.13   90.5   -18.96  -19.016  -19.085   3551.05           U 
 60407.664   91.0  -18.941  -18.998  -19.065   3551.05           U 
 60408.198   91.5  -18.922  -18.979  -19.045   3551.05           U 
 60408.732   92.0  -18.902  -18.961  -19.025   3551.05           U 
 60409.266   92.5  -18.882  -18.943  -19.005   3551.05           U 
   60409.8   93.0  -18.862  -18.924  -18.985   3551.05           U 
 60410.334   93.5  -18.841  -18.904  -18.965   3551.05           U 
 60410.868   94.0   -18.82  -18.884  -18.945   3551.05           U 
 60411.402   94.5  -18.798  -18.863  -18.924   3551.05           U 
 60411.936   95.0  -18.777  -18.842  -18.903   3551.05           U 
  60412.47   95.5  -18.755   -18.82  -18.882   3551.05           U 
 60413.004   96.0  -18.733  -18.797   -18.86   3551.05           U 
 60413.538   96.5  -18.711  -18.775  -18.838   3551.05           U 
 60414.072   97.0  -18.689  -18.752  -18.816   3551.05           U 
 60414.606   97.5  -18.666   -18.73  -18.795   3551.05           U 
  60415.14   98.0  -18.643  -18.707  -18.773   3551.05           U 
 60415.674   98.5  -18.619  -18.684  -18.751   3551.05           U 
 60416.208   99.0  -18.596  -18.661  -18.728   3551.05           U 
 60416.742   99.5  -18.572  -18.637  -18.705   3551.05           U 
 60417.276  100.0  -18.548  -18.614  -18.682   3551.05           U 
 60417.276  100.0  -18.548  -18.614  -18.682   3551.05           U 
 60419.412  102.0  -18.448  -18.518  -18.585   3551.05           U 
 60421.548  104.0  -18.347  -18.417  -18.484   3551.05           U 
 60423.684  106.0  -18.242  -18.312   -18.38   3551.05           U 
  60425.82  108.0  -18.131  -18.203  -18.275   3551.05           U 
 60427.956  110.0  -18.019  -18.092  -18.166   3551.05           U 
 60430.092  112.0  -17.907  -17.982  -18.053   3551.05           U 
 60432.228  114.0  -17.813   -17.88  -17.951   3551.05           U 
 60434.364  116.0  -17.742  -17.798  -17.878   3551.05           U 
   60436.5  118.0  -17.679  -17.732   -17.82   3551.05           U 
 60438.636  120.0  -17.617  -17.679  -17.766   3551.05           U 
 60440.772  122.0  -17.565  -17.627  -17.712   3551.05           U 
 60442.908  124.0  -17.513  -17.573  -17.658   3551.05           U 
 60445.044  126.0  -17.461   -17.52  -17.605   3551.05           U 
  60447.18  128.0  -17.408  -17.467  -17.552   3551.05           U 
 60449.316  130.0  -17.356  -17.414  -17.499   3551.05           U 
 60451.452  132.0  -17.305  -17.361  -17.445   3551.05           U 
 60453.588  134.0  -17.253  -17.309  -17.392   3551.05           U 
 60455.724  136.0    -17.2  -17.257  -17.337   3551.05           U 
  60457.86  138.0  -17.145  -17.204  -17.283   3551.05           U 
 60459.996  140.0  -17.091  -17.151  -17.229   3551.05           U 
 60462.132  142.0  -17.039    -17.1  -17.177   3551.05           U 
 60464.268  144.0  -16.987   -17.05  -17.125   3551.05           U 
 60466.404  146.0  -16.935    -17.0  -17.073   3551.05           U 
  60468.54  148.0  -16.884  -16.951  -17.024   3551.05           U 
 60470.676  150.0  -16.833  -16.902  -16.973   3551.05           U 
 60472.812  152.0  -16.782  -16.852  -16.924   3551.05           U 
 60474.948  154.0  -16.732  -16.803  -16.877   3551.05           U 
 60477.084  156.0  -16.682  -16.755  -16.827   3551.05           U 
  60479.22  158.0  -16.634  -16.706  -16.776   3551.05           U 
 60481.356  160.0  -16.587  -16.655  -16.728   3551.05           U 
 60483.492  162.0  -16.541  -16.606   -16.68   3551.05           U 
 60485.628  164.0  -16.494  -16.561  -16.635   3551.05           U 
 60487.764  166.0  -16.446  -16.516  -16.591   3551.05           U 
   60489.9  168.0  -16.398  -16.471  -16.547   3551.05           U 
 60492.036  170.0   -16.35  -16.427  -16.503   3551.05           U 
 60494.172  172.0  -16.302  -16.383  -16.461   3551.05           U 
 60496.308  174.0  -16.256  -16.341  -16.417   3551.05           U 
 60498.444  176.0   -16.21  -16.297  -16.372   3551.05           U 
  60500.58  178.0  -16.166  -16.254   -16.33   3551.05           U 
 60502.716  180.0  -16.122  -16.212  -16.288   3551.05           U 
 60504.852  182.0  -16.078   -16.17  -16.245   3551.05           U 
 60506.988  184.0  -16.035  -16.128  -16.204   3551.05           U 
 60509.124  186.0  -15.992  -16.087  -16.164   3551.05           U 
  60511.26  188.0  -15.949  -16.045  -16.122   3551.05           U 
 60513.396  190.0  -15.907  -16.003  -16.082   3551.05           U 
 60515.532  192.0  -15.866  -15.961  -16.041   3551.05           U 
 60517.668  194.0  -15.825  -15.921    -16.0   3551.05           U 
 60519.804  196.0  -15.784  -15.881  -15.959   3551.05           U 
  60521.94  198.0  -15.744   -15.84   -15.92   3551.05           U 
 60524.076  200.0  -15.705    -15.8  -15.882   3551.05           U 
 60526.212  202.0  -15.666   -15.76  -15.844   3551.05           U 
 60528.348  204.0  -15.628   -15.72  -15.806   3551.05           U 
 60530.484  206.0  -15.589  -15.681  -15.768   3551.05           U 
  60532.62  208.0  -15.551  -15.643  -15.731   3551.05           U 
 60534.756  210.0  -15.514  -15.605  -15.694   3551.05           U 
 60536.892  212.0  -15.477  -15.568  -15.657   3551.05           U 
 60539.028  214.0  -15.441  -15.531   -15.62   3551.05           U 
 60541.164  216.0  -15.404  -15.494  -15.584   3551.05           U 
   60543.3  218.0  -15.368  -15.458  -15.548   3551.05           U 
 60545.436  220.0  -15.331  -15.421  -15.513   3551.05           U 
 60547.572  222.0  -15.295  -15.385  -15.478   3551.05           U 
 60549.708  224.0   -15.26  -15.351  -15.443   3551.05           U 
 60551.844  226.0  -15.225  -15.317  -15.408   3551.05           U 
  60553.98  228.0   -15.19  -15.282  -15.374   3551.05           U 
 60556.116  230.0  -15.155  -15.248   -15.34   3551.05           U 
 60558.252  232.0  -15.121  -15.214  -15.306   3551.05           U 
 60560.388  234.0  -15.087   -15.18  -15.272   3551.05           U 
 60562.524  236.0  -15.053  -15.147  -15.239   3551.05           U 
  60564.66  238.0   -15.02  -15.114  -15.206   3551.05           U 
 60566.796  240.0  -14.987  -15.082  -15.173   3551.05           U 
 60568.932  242.0  -14.953   -15.05  -15.141   3551.05           U 
 60571.068  244.0   -14.92  -15.018   -15.11   3551.05           U 
 60573.204  246.0  -14.887  -14.986  -15.078   3551.05           U 
  60575.34  248.0  -14.854  -14.954  -15.047   3551.05           U 
 60577.476  250.0  -14.821  -14.923  -15.016   3551.05           U 
 60579.612  252.0  -14.788  -14.892  -14.985   3551.05           U 
 60581.748  254.0  -14.756  -14.861  -14.954   3551.05           U 
 60583.884  256.0  -14.724   -14.83  -14.924   3551.05           U 
  60586.02  258.0  -14.693    -14.8  -14.894   3551.05           U 
 60588.156  260.0  -14.662   -14.77  -14.863   3551.05           U 
 60590.292  262.0  -14.631   -14.74  -14.834   3551.05           U 
 60592.428  264.0    -14.6   -14.71  -14.804   3551.05           U 
 60594.564  266.0   -14.57   -14.68  -14.774   3551.05           U 
   60596.7  268.0   -14.54   -14.65  -14.745   3551.05           U 
 60598.836  270.0   -14.51  -14.621  -14.716   3551.05           U 
 60600.972  272.0  -14.479  -14.591  -14.687   3551.05           U 
 60603.108  274.0  -14.449  -14.562  -14.658   3551.05           U 
 60605.244  276.0  -14.419  -14.533  -14.629   3551.05           U 
  60607.38  278.0   -14.39  -14.504  -14.601   3551.05           U 
 60609.516  280.0  -14.361  -14.476  -14.572   3551.05           U 
 60611.652  282.0  -14.332  -14.447  -14.544   3551.05           U 
 60613.788  284.0  -14.304  -14.419  -14.516   3551.05           U 
 60615.924  286.0  -14.275   -14.39  -14.488   3551.05           U 
  60618.06  288.0  -14.248  -14.362   -14.46   3551.05           U 
 60620.196  290.0   -14.22  -14.334  -14.432   3551.05           U 
 60622.332  292.0  -14.192  -14.306  -14.405   3551.05           U 
 60624.468  294.0  -14.165  -14.278  -14.378   3551.05           U 
 60626.604  296.0  -14.137  -14.251  -14.351   3551.05           U 
  60628.74  298.0   -14.11  -14.224  -14.324   3551.05           U 
 60630.876  300.0  -14.083  -14.196  -14.296   3551.05           U 
 60633.012  302.0  -14.056  -14.169  -14.269   3551.05           U 
 60635.148  304.0  -14.029  -14.143  -14.243   3551.05           U 
 60637.284  306.0  -14.002  -14.116  -14.216   3551.05           U 
  60639.42  308.0  -13.976  -14.089  -14.189   3551.05           U 
 60641.556  310.0   -13.95  -14.063  -14.163   3551.05           U 
 60643.692  312.0  -13.923  -14.037  -14.137   3551.05           U 
 60645.828  314.0  -13.898  -14.011  -14.111   3551.05           U 
 60647.964  316.0  -13.872  -13.985  -14.084   3551.05           U 
   60650.1  318.0  -13.846  -13.959  -14.058   3551.05           U 
 60652.236  320.0  -13.821  -13.933  -14.033   3551.05           U 
 60654.372  322.0  -13.796  -13.907  -14.008   3551.05           U 
 60656.508  324.0  -13.771  -13.882  -13.983   3551.05           U 
 60658.644  326.0  -13.746  -13.856  -13.958   3551.05           U 
  60660.78  328.0  -13.721   -13.83  -13.934   3551.05           U 
 60662.916  330.0  -13.696  -13.805  -13.909   3551.05           U 
 60665.052  332.0  -13.671   -13.78  -13.884   3551.05           U 
 60667.188  334.0  -13.647  -13.755   -13.86   3551.05           U 
 60669.324  336.0  -13.623   -13.73  -13.835   3551.05           U 
  60671.46  338.0  -13.599  -13.705  -13.811   3551.05           U 
 60673.596  340.0  -13.575  -13.681  -13.786   3551.05           U 
 60675.732  342.0   -13.55  -13.657  -13.762   3551.05           U 
 60677.868  344.0  -13.526  -13.633  -13.738   3551.05           U 
 60680.004  346.0  -13.502  -13.609  -13.714   3551.05           U 
  60682.14  348.0  -13.478  -13.585   -13.69   3551.05           U 
 60684.276  350.0  -13.454  -13.562  -13.667   3551.05           U 
 60686.412  352.0   -13.43  -13.539  -13.643   3551.05           U 
 60688.548  354.0  -13.407  -13.516   -13.62   3551.05           U 
 60690.684  356.0  -13.383  -13.493  -13.596   3551.05           U 
  60692.82  358.0   -13.36   -13.47  -13.573   3551.05           U 
 60694.956  360.0  -13.336  -13.447   -13.55   3551.05           U 
 60697.092  362.0  -13.313  -13.425  -13.527   3551.05           U 
 60699.228  364.0  -13.289  -13.402  -13.504   3551.05           U 
 60701.364  366.0  -13.266   -13.38  -13.482   3551.05           U 
   60703.5  368.0  -13.243  -13.358  -13.459   3551.05           U 
 60705.636  370.0   -13.22  -13.335  -13.436   3551.05           U 
 60707.772  372.0  -13.198  -13.313  -13.414   3551.05           U 
 60709.908  374.0  -13.175  -13.292  -13.393   3551.05           U 
 60712.044  376.0  -13.153  -13.269  -13.371   3551.05           U 
  60714.18  378.0  -13.131  -13.247  -13.349   3551.05           U 
 60716.316  380.0  -13.108  -13.225  -13.328   3551.05           U 
 60718.452  382.0  -13.086  -13.204  -13.306   3551.05           U 
 60720.588  384.0  -13.065  -13.182  -13.285   3551.05           U 
 60722.724  386.0  -13.043   -13.16  -13.264   3551.05           U 
  60724.86  388.0  -13.021  -13.138  -13.243   3551.05           U 
 60726.996  390.0  -12.999  -13.116  -13.222   3551.05           U 
 60729.132  392.0  -12.978  -13.095  -13.201   3551.05           U 
 60731.268  394.0  -12.956  -13.073   -13.18   3551.05           U 
 60733.404  396.0  -12.935  -13.052  -13.159   3551.05           U 
  60735.54  398.0  -12.914  -13.031  -13.138   3551.05           U 
 60737.676  400.0  -12.893   -13.01  -13.118   3551.05           U 
 60739.812  402.0  -12.872   -12.99  -13.097   3551.05           U 
 60741.948  404.0  -12.851  -12.969  -13.077   3551.05           U 
 60744.084  406.0  -12.831  -12.949  -13.057   3551.05           U 
  60746.22  408.0   -12.81  -12.928  -13.037   3551.05           U 
 60748.356  410.0   -12.79  -12.908  -13.017   3551.05           U 
 60750.492  412.0  -12.769  -12.888  -12.997   3551.05           U 
 60752.628  414.0  -12.749  -12.868  -12.977   3551.05           U 
 60754.764  416.0  -12.729  -12.848  -12.957   3551.05           U 
   60756.9  418.0  -12.709  -12.828  -12.938   3551.05           U 
 60759.036  420.0  -12.689  -12.809  -12.918   3551.05           U 
 60761.172  422.0  -12.669  -12.789  -12.899   3551.05           U 
 60763.308  424.0  -12.649  -12.769   -12.88   3551.05           U 
 60765.444  426.0  -12.629   -12.75   -12.86   3551.05           U 
  60767.58  428.0  -12.609  -12.731  -12.841   3551.05           U 
 60769.716  430.0   -12.59  -12.711  -12.822   3551.05           U 
 60771.852  432.0   -12.57  -12.692  -12.803   3551.05           U 
 60773.988  434.0  -12.551  -12.673  -12.784   3551.05           U 
 60776.124  436.0  -12.531  -12.654  -12.765   3551.05           U 
  60778.26  438.0  -12.512  -12.635  -12.747   3551.05           U 
 60780.396  440.0  -12.493  -12.616  -12.728   3551.05           U 
 60782.532  442.0  -12.474  -12.597  -12.709   3551.05           U 
 60784.668  444.0  -12.455  -12.578  -12.691   3551.05           U 
 60786.804  446.0  -12.436  -12.559  -12.672   3551.05           U 
  60788.94  448.0  -12.417  -12.541  -12.654   3551.05           U 
 60791.076  450.0  -12.398  -12.522  -12.636   3551.05           U 
 60793.212  452.0  -12.379  -12.503  -12.617   3551.05           U 
 60795.348  454.0  -12.361  -12.485  -12.599   3551.05           U 
 60797.484  456.0  -12.342  -12.467  -12.581   3551.05           U 
  60799.62  458.0  -12.324  -12.449  -12.563   3551.05           U 
 60801.756  460.0  -12.305   -12.43  -12.545   3551.05           U 
 60803.892  462.0  -12.287  -12.412  -12.527   3551.05           U 
 60806.028  464.0  -12.269  -12.394   -12.51   3551.05           U 
 60808.164  466.0   -12.25  -12.376  -12.492   3551.05           U 
   60810.3  468.0  -12.232  -12.358  -12.474   3551.05           U 
 60812.436  470.0  -12.214  -12.341  -12.457   3551.05           U 
 60814.572  472.0  -12.196  -12.323  -12.439   3551.05           U 
 60816.708  474.0  -12.178  -12.305  -12.422   3551.05           U 
 60818.844  476.0  -12.161  -12.288  -12.404   3551.05           U 
  60820.98  478.0  -12.143   -12.27  -12.387   3551.05           U 
 60823.116  480.0  -12.125  -12.253   -12.37   3551.05           U 
 60825.252  482.0  -12.108  -12.235  -12.353   3551.05           U 
 60827.388  484.0   -12.09  -12.218  -12.336   3551.05           U 
 60829.524  486.0  -12.073    -12.2  -12.319   3551.05           U 
  60831.66  488.0  -12.055  -12.182  -12.302   3551.05           U 
 60833.796  490.0  -12.038  -12.164  -12.285   3551.05           U 
 60835.932  492.0  -12.021  -12.147  -12.268   3551.05           U 
 60838.068  494.0  -12.003   -12.13  -12.251   3551.05           U 
 60840.204  496.0  -11.986  -12.113  -12.234   3551.05           U 
  60842.34  498.0  -11.969  -12.096  -12.218   3551.05           U 
 60844.476  500.0  -11.952  -12.079  -12.201   3551.05           U 
 60846.612  502.0  -11.935  -12.062  -12.185   3551.05           U 
 60848.748  504.0  -11.919  -12.045  -12.168   3551.05           U 
 60850.884  506.0  -11.902  -12.029  -12.152   3551.05           U 
  60853.02  508.0  -11.885  -12.012  -12.135   3551.05           U 
 60855.156  510.0  -11.868  -11.996  -12.119   3551.05           U 
 60857.292  512.0  -11.852  -11.979  -12.103   3551.05           U 
 60859.428  514.0  -11.835  -11.963  -12.087   3551.05           U 
 60861.564  516.0  -11.819  -11.946   -12.07   3551.05           U 
   60863.7  518.0  -11.802   -11.93  -12.054   3551.05           U 
 60865.836  520.0  -11.786  -11.913  -12.038   3551.05           U 
 60867.972  522.0   -11.77  -11.897  -12.022   3551.05           U 
 60870.108  524.0  -11.753  -11.881  -12.006   3551.05           U 
 60872.244  526.0  -11.737  -11.865  -11.991   3551.05           U 
  60874.38  528.0  -11.721  -11.849  -11.975   3551.05           U 
 60876.516  530.0  -11.705  -11.833  -11.959   3551.05           U 
 60878.652  532.0  -11.689  -11.817  -11.943   3551.05           U 
 60880.788  534.0  -11.673  -11.801  -11.928   3551.05           U 
 60882.924  536.0  -11.657  -11.785  -11.912   3551.05           U 
  60885.06  538.0  -11.642   -11.77  -11.897   3551.05           U 
 60887.196  540.0  -11.626  -11.754  -11.881   3551.05           U 
 60889.332  542.0   -11.61  -11.739  -11.866   3551.05           U 
 60891.468  544.0  -11.594  -11.723  -11.851   3551.05           U 
 60893.604  546.0  -11.578  -11.708  -11.835   3551.05           U 
  60895.74  548.0  -11.563  -11.692   -11.82   3551.05           U 
 60897.876  550.0  -11.547  -11.677  -11.805   3551.05           U 
 60900.012  552.0  -11.531  -11.662  -11.789   3551.05           U 
 60902.148  554.0  -11.516  -11.647  -11.774   3551.05           U 
 60904.284  556.0  -11.501  -11.632  -11.759   3551.05           U 
  60906.42  558.0  -11.486  -11.617  -11.744   3551.05           U 
 60908.556  560.0   -11.47  -11.602  -11.729   3551.05           U 
 60910.692  562.0  -11.455  -11.587  -11.714   3551.05           U 
 60912.828  564.0   -11.44  -11.572  -11.699   3551.05           U 
 60914.964  566.0  -11.426  -11.557  -11.684   3551.05           U 
   60917.1  568.0  -11.411  -11.542   -11.67   3551.05           U 
 60919.236  570.0  -11.396  -11.527  -11.655   3551.05           U 
 60921.372  572.0  -11.381  -11.512   -11.64   3551.05           U 
 60923.508  574.0  -11.366  -11.498  -11.626   3551.05           U 
 60925.644  576.0  -11.352  -11.483  -11.612   3551.05           U 
  60927.78  578.0  -11.337  -11.469  -11.597   3551.05           U 
 60929.916  580.0  -11.322  -11.454  -11.583   3551.05           U 
 60932.052  582.0  -11.308   -11.44  -11.568   3551.05           U 
 60934.188  584.0  -11.293  -11.425  -11.554   3551.05           U 
 60936.324  586.0  -11.279  -11.411   -11.54   3551.05           U 
  60938.46  588.0  -11.265  -11.396  -11.526   3551.05           U 
 60940.596  590.0   -11.25  -11.382  -11.511   3551.05           U 
 60942.732  592.0  -11.236  -11.368  -11.497   3551.05           U 
 60944.868  594.0  -11.221  -11.354  -11.483   3551.05           U 
 60947.004  596.0  -11.207   -11.34  -11.469   3551.05           U 
  60949.14  598.0  -11.193  -11.325  -11.455   3551.05           U 
 60951.276  600.0  -11.179  -11.311  -11.441   3551.05           U 
 60953.412  602.0  -11.164  -11.297  -11.427   3551.05           U 
 60955.548  604.0   -11.15  -11.283  -11.413   3551.05           U 
 60957.684  606.0  -11.136  -11.269  -11.399   3551.05           U 
  60959.82  608.0  -11.122  -11.255  -11.385   3551.05           U 
 60961.956  610.0  -11.108  -11.241  -11.371   3551.05           U 
 60964.092  612.0  -11.094  -11.227  -11.357   3551.05           U 
 60966.228  614.0   -11.08  -11.213  -11.344   3551.05           U 
 60968.364  616.0  -11.066  -11.199   -11.33   3551.05           U 
   60970.5  618.0  -11.052  -11.186  -11.316   3551.05           U 
 60972.636  620.0  -11.039  -11.172  -11.303   3551.05           U 
 60974.772  622.0  -11.025  -11.158  -11.289   3551.05           U 
 60976.908  624.0  -11.011  -11.145  -11.276   3551.05           U 
 60979.044  626.0  -10.997  -11.131  -11.262   3551.05           U 
  60981.18  628.0  -10.984  -11.118  -11.249   3551.05           U 
 60983.316  630.0   -10.97  -11.104  -11.236   3551.05           U 
 60985.452  632.0  -10.957  -11.091  -11.222   3551.05           U 
 60987.588  634.0  -10.943  -11.077  -11.209   3551.05           U 
 60989.724  636.0   -10.93  -11.064  -11.196   3551.05           U 
  60991.86  638.0  -10.916   -11.05  -11.182   3551.05           U 
 60993.996  640.0  -10.903  -11.037  -11.169   3551.05           U 
 60996.132  642.0   -10.89  -11.024  -11.156   3551.05           U 
 60998.268  644.0  -10.876  -11.011  -11.143   3551.05           U 
 61000.404  646.0  -10.863  -10.997   -11.13   3551.05           U 
  61002.54  648.0   -10.85  -10.984  -11.117   3551.05           U 
 61004.676  650.0  -10.837  -10.971  -11.104   3551.05           U 
 61006.812  652.0  -10.824  -10.958  -11.091   3551.05           U 
 61008.948  654.0  -10.811  -10.945  -11.078   3551.05           U 
 61011.084  656.0  -10.798  -10.932  -11.065   3551.05           U 
  61013.22  658.0  -10.785  -10.919  -11.052   3551.05           U 
 61015.356  660.0  -10.772  -10.906  -11.039   3551.05           U 
 61017.492  662.0  -10.759  -10.893  -11.026   3551.05           U 
 61019.628  664.0  -10.746   -10.88  -11.014   3551.05           U 
 61021.764  666.0  -10.733  -10.868  -11.001   3551.05           U 
   61023.9  668.0   -10.72  -10.855  -10.988   3551.05           U 
 61026.036  670.0  -10.707  -10.842  -10.976   3551.05           U 
 61028.172  672.0  -10.695  -10.829  -10.963   3551.05           U 
 61030.308  674.0  -10.682  -10.817   -10.95   3551.05           U 
 61032.444  676.0  -10.669  -10.804  -10.938   3551.05           U 
  61034.58  678.0  -10.657  -10.792  -10.926   3551.05           U 
 61036.716  680.0  -10.644  -10.779  -10.913   3551.05           U 
 61038.852  682.0  -10.632  -10.767  -10.901   3551.05           U 
 61040.988  684.0  -10.619  -10.754  -10.889   3551.05           U 
 61043.124  686.0  -10.607  -10.742  -10.876   3551.05           U 
  61045.26  688.0  -10.595  -10.729  -10.864   3551.05           U 
 61047.396  690.0  -10.582  -10.717  -10.852   3551.05           U 
 61049.532  692.0   -10.57  -10.705   -10.84   3551.05           U 
 61051.668  694.0  -10.558  -10.692  -10.828   3551.05           U 
 61053.804  696.0  -10.546   -10.68  -10.816   3551.05           U 
  61055.94  698.0  -10.533  -10.668  -10.804   3551.05           U 
 61058.076  700.0  -10.521  -10.656  -10.792   3551.05           U 
 61060.212  702.0  -10.509  -10.644   -10.78   3551.05           U 
 61062.348  704.0  -10.497  -10.631  -10.768   3551.05           U 
 61064.484  706.0  -10.485  -10.619  -10.756   3551.05           U 
  61066.62  708.0  -10.473  -10.607  -10.744   3551.05           U 
 61068.756  710.0  -10.461  -10.595  -10.732   3551.05           U 
 61070.892  712.0  -10.449  -10.583   -10.72   3551.05           U 
 61073.028  714.0  -10.437  -10.571  -10.709   3551.05           U 
 61075.164  716.0  -10.425  -10.559  -10.697   3551.05           U 
   61077.3  718.0  -10.413  -10.548  -10.685   3551.05           U 
 61079.436  720.0  -10.401  -10.536  -10.673   3551.05           U 
 61081.572  722.0   -10.39  -10.524  -10.662   3551.05           U 
 61083.708  724.0  -10.378  -10.512   -10.65   3551.05           U 
 61085.844  726.0  -10.366    -10.5  -10.639   3551.05           U 
  61087.98  728.0  -10.354  -10.489  -10.627   3551.05           U 
 61090.116  730.0  -10.343  -10.477  -10.615   3551.05           U 
 61092.252  732.0  -10.331  -10.465  -10.604   3551.05           U 
 61094.388  734.0   -10.32  -10.454  -10.593   3551.05           U 
 61096.524  736.0  -10.308  -10.442  -10.581   3551.05           U 
  61098.66  738.0  -10.296   -10.43   -10.57   3551.05           U 
 61100.796  740.0  -10.285  -10.419  -10.558   3551.05           U 
 61102.932  742.0  -10.273  -10.407  -10.547   3551.05           U 
 61105.068  744.0  -10.262  -10.396  -10.536   3551.05           U 
 61107.204  746.0  -10.251  -10.384  -10.524   3551.05           U 
  61109.34  748.0  -10.239  -10.373  -10.513   3551.05           U 
 61111.476  750.0  -10.228  -10.362  -10.502   3551.05           U 
 61113.612  752.0  -10.216   -10.35  -10.491   3551.05           U 
 61115.748  754.0  -10.205  -10.339   -10.48   3551.05           U 
 61117.884  756.0  -10.194  -10.328  -10.468   3551.05           U 
  61120.02  758.0  -10.183  -10.316  -10.457   3551.05           U 
 61122.156  760.0  -10.171  -10.305  -10.446   3551.05           U 
 61124.292  762.0   -10.16  -10.294  -10.435   3551.05           U 
 61126.428  764.0  -10.149  -10.283  -10.424   3551.05           U 
 61128.564  766.0  -10.138  -10.272  -10.413   3551.05           U 
   61130.7  768.0  -10.127  -10.261  -10.402   3551.05           U 
 61132.836  770.0  -10.116   -10.25  -10.391   3551.05           U 
 61134.972  772.0  -10.105  -10.239   -10.38   3551.05           U 
 61137.108  774.0  -10.094  -10.228  -10.369   3551.05           U 
 61139.244  776.0  -10.083  -10.217  -10.359   3551.05           U 
  61141.38  778.0  -10.072  -10.206  -10.348   3551.05           U 
 61143.516  780.0  -10.061  -10.195  -10.337   3551.05           U 
 61145.652  782.0   -10.05  -10.184  -10.326   3551.05           U 
 61147.788  784.0  -10.039  -10.174  -10.315   3551.05           U 
 61149.924  786.0  -10.028  -10.163  -10.305   3551.05           U 
  61152.06  788.0  -10.017  -10.152  -10.294   3551.05           U 
 61154.196  790.0  -10.007  -10.141  -10.283   3551.05           U 
 61156.332  792.0   -9.996   -10.13  -10.273   3551.05           U 
 61158.468  794.0   -9.985   -10.12  -10.262   3551.05           U 
 61160.604  796.0   -9.975  -10.109  -10.251   3551.05           U 
  61162.74  798.0   -9.964  -10.098  -10.241   3551.05           U 
 61164.876  800.0   -9.953  -10.088   -10.23   3551.05           U 
 60310.476    0.0      nan      nan      nan   3608.04           u 
  60311.01    0.5  -10.231  -12.293  -13.045   3608.04           u 
 60311.544    1.0  -10.596  -12.966   -13.81   3608.04           u 
 60312.078    1.5   -11.96  -13.612  -14.342   3608.04           u 
 60312.612    2.0  -12.956  -14.142  -14.747   3608.04           u 
 60313.146    2.5  -13.664  -14.567  -15.105   3608.04           u 
  60313.68    3.0  -14.161  -14.941  -15.405   3608.04           u 
 60314.214    3.5  -14.602  -15.236   -15.67   3608.04           u 
 60314.748    4.0  -14.955  -15.503  -15.894   3608.04           u 
 60315.282    4.5  -15.283  -15.748  -16.094   3608.04           u 
 60315.816    5.0  -15.586  -15.968  -16.277   3608.04           u 
  60316.35    5.5  -15.842  -16.173  -16.442   3608.04           u 
 60316.884    6.0  -16.056   -16.35  -16.595   3608.04           u 
 60317.418    6.5  -16.249  -16.508  -16.731   3608.04           u 
 60317.952    7.0  -16.431  -16.653  -16.862   3608.04           u 
 60318.486    7.5  -16.596  -16.784  -16.983   3608.04           u 
  60319.02    8.0  -16.739  -16.907  -17.098   3608.04           u 
 60319.554    8.5  -16.874  -17.025   -17.21   3608.04           u 
 60320.088    9.0  -16.993  -17.134  -17.312   3608.04           u 
 60320.622    9.5  -17.113  -17.233  -17.405   3608.04           u 
 60321.156   10.0   -17.22  -17.332  -17.494   3608.04           u 
  60321.69   10.5  -17.317  -17.427  -17.576   3608.04           u 
 60322.224   11.0  -17.415  -17.517  -17.658   3608.04           u 
 60322.758   11.5  -17.503  -17.596  -17.733   3608.04           u 
 60323.292   12.0  -17.588  -17.672  -17.804   3608.04           u 
 60323.826   12.5  -17.665  -17.748  -17.872   3608.04           u 
  60324.36   13.0  -17.737  -17.824  -17.938   3608.04           u 
 60324.894   13.5  -17.805  -17.893    -18.0   3608.04           u 
 60325.428   14.0   -17.87  -17.958  -18.061   3608.04           u 
 60325.962   14.5  -17.933  -18.022   -18.12   3608.04           u 
 60326.496   15.0  -17.997  -18.084  -18.177   3608.04           u 
  60327.03   15.5  -18.059  -18.144   -18.23   3608.04           u 
 60327.564   16.0  -18.119    -18.2  -18.281   3608.04           u 
 60328.098   16.5  -18.175  -18.253  -18.332   3608.04           u 
 60328.632   17.0  -18.227  -18.306  -18.381   3608.04           u 
 60329.166   17.5  -18.276  -18.353   -18.43   3608.04           u 
   60329.7   18.0  -18.325    -18.4  -18.473   3608.04           u 
 60330.234   18.5  -18.375  -18.443  -18.519   3608.04           u 
 60330.768   19.0  -18.424  -18.488   -18.56   3608.04           u 
 60331.302   19.5  -18.467  -18.532    -18.6   3608.04           u 
 60331.836   20.0  -18.509  -18.572  -18.639   3608.04           u 
  60332.37   20.5  -18.549   -18.61  -18.678   3608.04           u 
 60332.904   21.0  -18.587   -18.65  -18.714   3608.04           u 
 60333.438   21.5  -18.623  -18.687  -18.749   3608.04           u 
 60333.972   22.0  -18.658  -18.723  -18.784   3608.04           u 
 60334.506   22.5  -18.693  -18.757  -18.818   3608.04           u 
  60335.04   23.0  -18.728  -18.789   -18.85   3608.04           u 
 60335.574   23.5  -18.762  -18.821   -18.88   3608.04           u 
 60336.108   24.0  -18.794  -18.851  -18.909   3608.04           u 
 60336.642   24.5  -18.825  -18.881  -18.939   3608.04           u 
 60337.176   25.0  -18.855  -18.911  -18.968   3608.04           u 
  60337.71   25.5  -18.884  -18.939  -18.998   3608.04           u 
 60338.244   26.0  -18.911  -18.967  -19.027   3608.04           u 
 60338.778   26.5  -18.938  -18.994  -19.052   3608.04           u 
 60339.312   27.0  -18.964  -19.021  -19.076   3608.04           u 
 60339.846   27.5   -18.99  -19.047    -19.1   3608.04           u 
  60340.38   28.0  -19.016   -19.07  -19.123   3608.04           u 
 60340.914   28.5   -19.04  -19.093  -19.147   3608.04           u 
 60341.448   29.0  -19.064  -19.116   -19.17   3608.04           u 
 60341.982   29.5  -19.085  -19.138  -19.191   3608.04           u 
 60342.516   30.0  -19.106   -19.16  -19.212   3608.04           u 
  60343.05   30.5  -19.127  -19.181  -19.232   3608.04           u 
 60343.584   31.0  -19.147  -19.201  -19.252   3608.04           u 
 60344.118   31.5  -19.167  -19.221  -19.271   3608.04           u 
 60344.652   32.0  -19.186  -19.239  -19.289   3608.04           u 
 60345.186   32.5  -19.205  -19.257  -19.307   3608.04           u 
  60345.72   33.0  -19.223  -19.274  -19.325   3608.04           u 
 60346.254   33.5  -19.241  -19.291  -19.342   3608.04           u 
 60346.788   34.0  -19.259  -19.308  -19.359   3608.04           u 
 60347.322   34.5  -19.275  -19.324  -19.376   3608.04           u 
 60347.856   35.0  -19.289  -19.339  -19.392   3608.04           u 
  60348.39   35.5  -19.304  -19.354  -19.408   3608.04           u 
 60348.924   36.0  -19.319  -19.369  -19.423   3608.04           u 
 60349.458   36.5  -19.334  -19.383  -19.437   3608.04           u 
 60349.992   37.0  -19.349  -19.396  -19.452   3608.04           u 
 60350.526   37.5  -19.362  -19.408  -19.465   3608.04           u 
  60351.06   38.0  -19.375  -19.421  -19.478   3608.04           u 
 60351.594   38.5  -19.388  -19.434   -19.49   3608.04           u 
 60352.128   39.0    -19.4  -19.445  -19.501   3608.04           u 
 60352.662   39.5  -19.412  -19.458  -19.513   3608.04           u 
 60353.196   40.0  -19.422  -19.469  -19.526   3608.04           u 
  60353.73   40.5  -19.433   -19.48  -19.537   3608.04           u 
 60354.264   41.0  -19.443   -19.49  -19.548   3608.04           u 
 60354.798   41.5  -19.453  -19.501  -19.558   3608.04           u 
 60355.332   42.0  -19.462  -19.512  -19.568   3608.04           u 
 60355.866   42.5  -19.472  -19.521  -19.578   3608.04           u 
   60356.4   43.0  -19.481  -19.531  -19.587   3608.04           u 
 60356.934   43.5  -19.489  -19.539  -19.595   3608.04           u 
 60357.468   44.0  -19.497  -19.548  -19.604   3608.04           u 
 60358.002   44.5  -19.504  -19.556  -19.612   3608.04           u 
 60358.536   45.0  -19.511  -19.564   -19.62   3608.04           u 
  60359.07   45.5  -19.518  -19.572  -19.627   3608.04           u 
 60359.604   46.0  -19.525  -19.579  -19.635   3608.04           u 
 60360.138   46.5  -19.531  -19.586  -19.642   3608.04           u 
 60360.672   47.0  -19.537  -19.592  -19.649   3608.04           u 
 60361.206   47.5  -19.543  -19.599  -19.655   3608.04           u 
  60361.74   48.0  -19.548  -19.605  -19.662   3608.04           u 
 60362.274   48.5  -19.553   -19.61  -19.668   3608.04           u 
 60362.808   49.0  -19.557  -19.614  -19.673   3608.04           u 
 60363.342   49.5  -19.562  -19.619  -19.678   3608.04           u 
 60363.876   50.0  -19.566  -19.624  -19.682   3608.04           u 
  60364.41   50.5  -19.569  -19.628  -19.687   3608.04           u 
 60364.944   51.0  -19.573  -19.632   -19.69   3608.04           u 
 60365.478   51.5  -19.576  -19.635  -19.694   3608.04           u 
 60366.012   52.0  -19.579  -19.638  -19.698   3608.04           u 
 60366.546   52.5  -19.582   -19.64  -19.701   3608.04           u 
  60367.08   53.0  -19.584  -19.643  -19.704   3608.04           u 
 60367.614   53.5  -19.586  -19.645  -19.706   3608.04           u 
 60368.148   54.0  -19.588  -19.647  -19.708   3608.04           u 
 60368.682   54.5  -19.589  -19.649   -19.71   3608.04           u 
 60369.216   55.0   -19.59   -19.65  -19.711   3608.04           u 
  60369.75   55.5  -19.591  -19.651  -19.712   3608.04           u 
 60370.284   56.0  -19.591  -19.652  -19.713   3608.04           u 
 60370.818   56.5  -19.592  -19.652  -19.713   3608.04           u 
 60371.352   57.0  -19.592  -19.652  -19.713   3608.04           u 
 60371.886   57.5  -19.592  -19.652  -19.713   3608.04           u 
  60372.42   58.0  -19.592  -19.651  -19.712   3608.04           u 
 60372.954   58.5   -19.59   -19.65  -19.711   3608.04           u 
 60373.488   59.0  -19.589  -19.649   -19.71   3608.04           u 
 60374.022   59.5  -19.588  -19.648  -19.708   3608.04           u 
 60374.556   60.0  -19.586  -19.646  -19.706   3608.04           u 
  60375.09   60.5  -19.584  -19.644  -19.704   3608.04           u 
 60375.624   61.0  -19.582  -19.641  -19.702   3608.04           u 
 60376.158   61.5  -19.579  -19.639    -19.7   3608.04           u 
 60376.692   62.0  -19.576  -19.636  -19.697   3608.04           u 
 60377.226   62.5  -19.572  -19.632  -19.694   3608.04           u 
  60377.76   63.0  -19.568  -19.628   -19.69   3608.04           u 
 60378.294   63.5  -19.564  -19.624  -19.687   3608.04           u 
 60378.828   64.0   -19.56   -19.62  -19.683   3608.04           u 
 60379.362   64.5  -19.555  -19.616  -19.679   3608.04           u 
 60379.896   65.0  -19.551  -19.611  -19.675   3608.04           u 
  60380.43   65.5  -19.546  -19.606   -19.67   3608.04           u 
 60380.964   66.0   -19.54  -19.601  -19.665   3608.04           u 
 60381.498   66.5  -19.534  -19.596   -19.66   3608.04           u 
 60382.032   67.0  -19.528   -19.59  -19.654   3608.04           u 
 60382.566   67.5  -19.522  -19.584  -19.648   3608.04           u 
   60383.1   68.0  -19.515  -19.578  -19.641   3608.04           u 
 60383.634   68.5  -19.509  -19.572  -19.634   3608.04           u 
 60384.168   69.0  -19.501  -19.565  -19.627   3608.04           u 
 60384.702   69.5  -19.494  -19.558  -19.619   3608.04           u 
 60385.236   70.0  -19.486   -19.55  -19.612   3608.04           u 
  60385.77   70.5  -19.479  -19.543  -19.603   3608.04           u 
 60386.304   71.0   -19.47  -19.535  -19.595   3608.04           u 
 60386.838   71.5  -19.462  -19.527  -19.587   3608.04           u 
 60387.372   72.0  -19.453  -19.518  -19.578   3608.04           u 
 60387.906   72.5  -19.444  -19.509  -19.569   3608.04           u 
  60388.44   73.0  -19.434  -19.499   -19.56   3608.04           u 
 60388.974   73.5  -19.424   -19.49  -19.551   3608.04           u 
 60389.508   74.0  -19.414   -19.48  -19.541   3608.04           u 
 60390.042   74.5  -19.404   -19.47  -19.531   3608.04           u 
 60390.576   75.0  -19.393   -19.46   -19.52   3608.04           u 
  60391.11   75.5  -19.382  -19.449  -19.509   3608.04           u 
 60391.644   76.0   -19.37  -19.439  -19.498   3608.04           u 
 60392.178   76.5  -19.359  -19.427  -19.487   3608.04           u 
 60392.712   77.0  -19.347  -19.416  -19.475   3608.04           u 
 60393.246   77.5  -19.335  -19.403  -19.463   3608.04           u 
  60393.78   78.0  -19.323  -19.391  -19.451   3608.04           u 
 60394.314   78.5  -19.311  -19.378  -19.439   3608.04           u 
 60394.848   79.0  -19.299  -19.365  -19.426   3608.04           u 
 60395.382   79.5  -19.286  -19.352  -19.412   3608.04           u 
 60395.916   80.0  -19.273  -19.339  -19.399   3608.04           u 
  60396.45   80.5   -19.26  -19.325  -19.386   3608.04           u 
 60396.984   81.0  -19.246   -19.31  -19.372   3608.04           u 
 60397.518   81.5  -19.232  -19.296  -19.358   3608.04           u 
 60398.052   82.0  -19.218  -19.281  -19.343   3608.04           u 
 60398.586   82.5  -19.203  -19.265  -19.328   3608.04           u 
  60399.12   83.0  -19.189   -19.25  -19.314   3608.04           u 
 60399.654   83.5  -19.174  -19.234  -19.298   3608.04           u 
 60400.188   84.0  -19.159  -19.218  -19.282   3608.04           u 
 60400.722   84.5  -19.143  -19.202  -19.266   3608.04           u 
 60401.256   85.0  -19.127  -19.185  -19.251   3608.04           u 
  60401.79   85.5  -19.111  -19.168  -19.235   3608.04           u 
 60402.324   86.0  -19.094   -19.15  -19.218   3608.04           u 
 60402.858   86.5  -19.077  -19.132  -19.201   3608.04           u 
 60403.392   87.0  -19.059  -19.114  -19.184   3608.04           u 
 60403.926   87.5  -19.042  -19.096  -19.167   3608.04           u 
  60404.46   88.0  -19.024  -19.078  -19.149   3608.04           u 
 60404.994   88.5  -19.006   -19.06  -19.131   3608.04           u 
 60405.528   89.0  -18.987  -19.042  -19.113   3608.04           u 
 60406.062   89.5  -18.968  -19.023  -19.094   3608.04           u 
 60406.596   90.0  -18.949  -19.005  -19.074   3608.04           u 
  60407.13   90.5  -18.929  -18.986  -19.055   3608.04           u 
 60407.664   91.0  -18.909  -18.967  -19.035   3608.04           u 
 60408.198   91.5  -18.889  -18.948  -19.015   3608.04           u 
 60408.732   92.0   -18.87  -18.929  -18.995   3608.04           u 
 60409.266   92.5  -18.849   -18.91  -18.975   3608.04           u 
   60409.8   93.0  -18.828   -18.89  -18.955   3608.04           u 
 60410.334   93.5  -18.807   -18.87  -18.935   3608.04           u 
 60410.868   94.0  -18.785  -18.849  -18.914   3608.04           u 
 60411.402   94.5  -18.763  -18.828  -18.893   3608.04           u 
 60411.936   95.0  -18.741  -18.806  -18.871   3608.04           u 
  60412.47   95.5  -18.719  -18.784   -18.85   3608.04           u 
 60413.004   96.0  -18.697  -18.762  -18.828   3608.04           u 
 60413.538   96.5  -18.674   -18.74  -18.805   3608.04           u 
 60414.072   97.0  -18.652  -18.717  -18.783   3608.04           u 
 60414.606   97.5  -18.629  -18.694  -18.761   3608.04           u 
  60415.14   98.0  -18.605  -18.671  -18.739   3608.04           u 
 60415.674   98.5  -18.581  -18.648  -18.716   3608.04           u 
 60416.208   99.0  -18.557  -18.624  -18.693   3608.04           u 
 60416.742   99.5  -18.533    -18.6   -18.67   3608.04           u 
 60417.276  100.0  -18.508  -18.576  -18.646   3608.04           u 
 60417.276  100.0  -18.508  -18.576  -18.646   3608.04           u 
 60419.412  102.0  -18.408  -18.478  -18.548   3608.04           u 
 60421.548  104.0  -18.304  -18.376  -18.445   3608.04           u 
 60423.684  106.0  -18.198  -18.269  -18.339   3608.04           u 
  60425.82  108.0  -18.085  -18.159  -18.232   3608.04           u 
 60427.956  110.0   -17.97  -18.045  -18.122   3608.04           u 
 60430.092  112.0  -17.856  -17.932  -18.007   3608.04           u 
 60432.228  114.0  -17.761  -17.831  -17.903   3608.04           u 
 60434.364  116.0   -17.69  -17.748   -17.83   3608.04           u 
   60436.5  118.0  -17.626  -17.681  -17.772   3608.04           u 
 60438.636  120.0  -17.565  -17.628  -17.719   3608.04           u 
 60440.772  122.0  -17.513  -17.575  -17.665   3608.04           u 
 60442.908  124.0  -17.461  -17.522  -17.611   3608.04           u 
 60445.044  126.0  -17.409  -17.469  -17.558   3608.04           u 
  60447.18  128.0  -17.356  -17.415  -17.505   3608.04           u 
 60449.316  130.0  -17.304  -17.362  -17.452   3608.04           u 
 60451.452  132.0  -17.252   -17.31  -17.399   3608.04           u 
 60453.588  134.0    -17.2  -17.259  -17.345   3608.04           u 
 60455.724  136.0  -17.147  -17.207   -17.29   3608.04           u 
  60457.86  138.0  -17.094  -17.153  -17.236   3608.04           u 
 60459.996  140.0   -17.04  -17.101  -17.182   3608.04           u 
 60462.132  142.0  -16.986  -17.049  -17.129   3608.04           u 
 60464.268  144.0  -16.934  -16.998  -17.078   3608.04           u 
 60466.404  146.0  -16.882  -16.949  -17.026   3608.04           u 
  60468.54  148.0   -16.83    -16.9  -16.975   3608.04           u 
 60470.676  150.0  -16.779  -16.851  -16.925   3608.04           u 
 60472.812  152.0  -16.729  -16.801  -16.875   3608.04           u 
 60474.948  154.0  -16.678  -16.753  -16.828   3608.04           u 
 60477.084  156.0  -16.628  -16.705  -16.779   3608.04           u 
  60479.22  158.0   -16.58  -16.656  -16.728   3608.04           u 
 60481.356  160.0  -16.534  -16.605   -16.68   3608.04           u 
 60483.492  162.0  -16.488  -16.556  -16.632   3608.04           u 
 60485.628  164.0  -16.442   -16.51  -16.586   3608.04           u 
 60487.764  166.0  -16.392  -16.466  -16.541   3608.04           u 
   60489.9  168.0  -16.343  -16.421  -16.497   3608.04           u 
 60492.036  170.0  -16.297  -16.377  -16.453   3608.04           u 
 60494.172  172.0  -16.251  -16.334  -16.411   3608.04           u 
 60496.308  174.0  -16.204  -16.291   -16.37   3608.04           u 
 60498.444  176.0  -16.158  -16.249  -16.326   3608.04           u 
  60500.58  178.0  -16.113  -16.204  -16.281   3608.04           u 
 60502.716  180.0  -16.069   -16.16  -16.239   3608.04           u 
 60504.852  182.0  -16.026  -16.118  -16.197   3608.04           u 
 60506.988  184.0  -15.984  -16.077  -16.154   3608.04           u 
 60509.124  186.0  -15.941  -16.035  -16.114   3608.04           u 
  60511.26  188.0  -15.897  -15.995  -16.074   3608.04           u 
 60513.396  190.0  -15.853  -15.953  -16.033   3608.04           u 
 60515.532  192.0  -15.812  -15.911  -15.994   3608.04           u 
 60517.668  194.0  -15.771   -15.87  -15.953   3608.04           u 
 60519.804  196.0  -15.731   -15.83  -15.913   3608.04           u 
  60521.94  198.0   -15.69  -15.791  -15.872   3608.04           u 
 60524.076  200.0  -15.651   -15.75  -15.833   3608.04           u 
 60526.212  202.0  -15.613   -15.71  -15.795   3608.04           u 
 60528.348  204.0  -15.575  -15.671  -15.757   3608.04           u 
 60530.484  206.0  -15.536  -15.633   -15.72   3608.04           u 
  60532.62  208.0  -15.498  -15.594  -15.682   3608.04           u 
 60534.756  210.0  -15.461  -15.556  -15.645   3608.04           u 
 60536.892  212.0  -15.424  -15.519  -15.609   3608.04           u 
 60539.028  214.0  -15.387  -15.482  -15.572   3608.04           u 
 60541.164  216.0  -15.351  -15.445  -15.536   3608.04           u 
   60543.3  218.0  -15.315  -15.409    -15.5   3608.04           u 
 60545.436  220.0  -15.279  -15.372  -15.465   3608.04           u 
 60547.572  222.0  -15.243  -15.336   -15.43   3608.04           u 
 60549.708  224.0  -15.207  -15.301  -15.395   3608.04           u 
 60551.844  226.0  -15.173  -15.265   -15.36   3608.04           u 
  60553.98  228.0  -15.138  -15.231  -15.326   3608.04           u 
 60556.116  230.0  -15.103  -15.198  -15.291   3608.04           u 
 60558.252  232.0  -15.069  -15.164  -15.258   3608.04           u 
 60560.388  234.0  -15.035  -15.131  -15.224   3608.04           u 
 60562.524  236.0  -15.001  -15.097  -15.191   3608.04           u 
  60564.66  238.0  -14.968  -15.064  -15.157   3608.04           u 
 60566.796  240.0  -14.934  -15.031  -15.125   3608.04           u 
 60568.932  242.0  -14.901  -14.998  -15.092   3608.04           u 
 60571.068  244.0  -14.869  -14.965   -15.06   3608.04           u 
 60573.204  246.0  -14.836  -14.933  -15.028   3608.04           u 
  60575.34  248.0  -14.803  -14.901  -14.996   3608.04           u 
 60577.476  250.0   -14.77  -14.869  -14.965   3608.04           u 
 60579.612  252.0  -14.738  -14.838  -14.934   3608.04           u 
 60581.748  254.0  -14.705  -14.807  -14.903   3608.04           u 
 60583.884  256.0  -14.673  -14.776  -14.872   3608.04           u 
  60586.02  258.0  -14.641  -14.746  -14.842   3608.04           u 
 60588.156  260.0   -14.61  -14.716  -14.812   3608.04           u 
 60590.292  262.0  -14.578  -14.685  -14.782   3608.04           u 
 60592.428  264.0  -14.547  -14.656  -14.753   3608.04           u 
 60594.564  266.0  -14.517  -14.626  -14.723   3608.04           u 
   60596.7  268.0  -14.486  -14.597  -14.694   3608.04           u 
 60598.836  270.0  -14.456  -14.567  -14.665   3608.04           u 
 60600.972  272.0  -14.426  -14.538  -14.636   3608.04           u 
 60603.108  274.0  -14.396  -14.509  -14.607   3608.04           u 
 60605.244  276.0  -14.367  -14.481  -14.579   3608.04           u 
  60607.38  278.0  -14.337  -14.452   -14.55   3608.04           u 
 60609.516  280.0  -14.307  -14.424  -14.522   3608.04           u 
 60611.652  282.0  -14.279  -14.396  -14.494   3608.04           u 
 60613.788  284.0   -14.25  -14.368  -14.465   3608.04           u 
 60615.924  286.0  -14.222   -14.34  -14.438   3608.04           u 
  60618.06  288.0  -14.194  -14.312   -14.41   3608.04           u 
 60620.196  290.0  -14.166  -14.284  -14.382   3608.04           u 
 60622.332  292.0  -14.138  -14.256  -14.355   3608.04           u 
 60624.468  294.0  -14.111  -14.229  -14.327   3608.04           u 
 60626.604  296.0  -14.084  -14.202    -14.3   3608.04           u 
  60628.74  298.0  -14.057  -14.175  -14.273   3608.04           u 
 60630.876  300.0   -14.03  -14.148  -14.246   3608.04           u 
 60633.012  302.0  -14.003  -14.121  -14.219   3608.04           u 
 60635.148  304.0  -13.976  -14.094  -14.192   3608.04           u 
 60637.284  306.0  -13.949  -14.067  -14.165   3608.04           u 
  60639.42  308.0  -13.923  -14.041  -14.138   3608.04           u 
 60641.556  310.0  -13.897  -14.014  -14.112   3608.04           u 
 60643.692  312.0   -13.87  -13.988  -14.086   3608.04           u 
 60645.828  314.0  -13.844  -13.962  -14.059   3608.04           u 
 60647.964  316.0  -13.818  -13.936  -14.034   3608.04           u 
   60650.1  318.0  -13.793   -13.91  -14.009   3608.04           u 
 60652.236  320.0  -13.767  -13.884  -13.983   3608.04           u 
 60654.372  322.0  -13.742  -13.859  -13.958   3608.04           u 
 60656.508  324.0  -13.717  -13.833  -13.934   3608.04           u 
 60658.644  326.0  -13.692  -13.808  -13.909   3608.04           u 
  60660.78  328.0  -13.667  -13.783  -13.884   3608.04           u 
 60662.916  330.0  -13.642  -13.758   -13.86   3608.04           u 
 60665.052  332.0  -13.618  -13.733  -13.836   3608.04           u 
 60667.188  334.0  -13.593  -13.708  -13.811   3608.04           u 
 60669.324  336.0  -13.569  -13.683  -13.787   3608.04           u 
  60671.46  338.0  -13.545  -13.658  -13.763   3608.04           u 
 60673.596  340.0  -13.521  -13.634  -13.739   3608.04           u 
 60675.732  342.0  -13.497   -13.61  -13.715   3608.04           u 
 60677.868  344.0  -13.473  -13.585  -13.691   3608.04           u 
 60680.004  346.0  -13.449  -13.562  -13.667   3608.04           u 
  60682.14  348.0  -13.425  -13.538  -13.643   3608.04           u 
 60684.276  350.0  -13.402  -13.514  -13.619   3608.04           u 
 60686.412  352.0  -13.378  -13.491  -13.596   3608.04           u 
 60688.548  354.0  -13.354  -13.467  -13.572   3608.04           u 
 60690.684  356.0  -13.331  -13.444  -13.549   3608.04           u 
  60692.82  358.0  -13.308  -13.421  -13.526   3608.04           u 
 60694.956  360.0  -13.285  -13.398  -13.503   3608.04           u 
 60697.092  362.0  -13.262  -13.375   -13.48   3608.04           u 
 60699.228  364.0  -13.239  -13.352  -13.457   3608.04           u 
 60701.364  366.0  -13.215  -13.329  -13.434   3608.04           u 
   60703.5  368.0  -13.192  -13.307  -13.412   3608.04           u 
 60705.636  370.0  -13.169  -13.284  -13.389   3608.04           u 
 60707.772  372.0  -13.146  -13.262  -13.367   3608.04           u 
 60709.908  374.0  -13.123   -13.24  -13.344   3608.04           u 
 60712.044  376.0  -13.101  -13.218  -13.322   3608.04           u 
  60714.18  378.0  -13.078  -13.196    -13.3   3608.04           u 
 60716.316  380.0  -13.056  -13.174  -13.278   3608.04           u 
 60718.452  382.0  -13.034  -13.152  -13.256   3608.04           u 
 60720.588  384.0  -13.012   -13.13  -13.235   3608.04           u 
 60722.724  386.0   -12.99  -13.108  -13.213   3608.04           u 
  60724.86  388.0  -12.969  -13.087  -13.192   3608.04           u 
 60726.996  390.0  -12.947  -13.066  -13.171   3608.04           u 
 60729.132  392.0  -12.926  -13.045   -13.15   3608.04           u 
 60731.268  394.0  -12.904  -13.024  -13.129   3608.04           u 
 60733.404  396.0  -12.883  -13.003  -13.109   3608.04           u 
  60735.54  398.0  -12.862  -12.982  -13.088   3608.04           u 
 60737.676  400.0   -12.84  -12.961  -13.068   3608.04           u 
 60739.812  402.0  -12.819   -12.94  -13.047   3608.04           u 
 60741.948  404.0  -12.799  -12.919  -13.027   3608.04           u 
 60744.084  406.0  -12.778  -12.899  -13.007   3608.04           u 
  60746.22  408.0  -12.757  -12.878  -12.987   3608.04           u 
 60748.356  410.0  -12.737  -12.858  -12.967   3608.04           u 
 60750.492  412.0  -12.717  -12.838  -12.947   3608.04           u 
 60752.628  414.0  -12.696  -12.818  -12.927   3608.04           u 
 60754.764  416.0  -12.676  -12.798  -12.908   3608.04           u 
   60756.9  418.0  -12.656  -12.778  -12.888   3608.04           u 
 60759.036  420.0  -12.636  -12.758  -12.868   3608.04           u 
 60761.172  422.0  -12.616  -12.739  -12.849   3608.04           u 
 60763.308  424.0  -12.596  -12.719   -12.83   3608.04           u 
 60765.444  426.0  -12.577    -12.7   -12.81   3608.04           u 
  60767.58  428.0  -12.557   -12.68  -12.791   3608.04           u 
 60769.716  430.0  -12.538  -12.661  -12.772   3608.04           u 
 60771.852  432.0  -12.518  -12.642  -12.753   3608.04           u 
 60773.988  434.0  -12.499  -12.623  -12.734   3608.04           u 
 60776.124  436.0  -12.479  -12.604  -12.715   3608.04           u 
  60778.26  438.0   -12.46  -12.585  -12.696   3608.04           u 
 60780.396  440.0  -12.441  -12.566  -12.678   3608.04           u 
 60782.532  442.0  -12.422  -12.547  -12.659   3608.04           u 
 60784.668  444.0  -12.403  -12.528  -12.641   3608.04           u 
 60786.804  446.0  -12.384  -12.509  -12.622   3608.04           u 
  60788.94  448.0  -12.365  -12.491  -12.604   3608.04           u 
 60791.076  450.0  -12.346  -12.472  -12.586   3608.04           u 
 60793.212  452.0  -12.327  -12.453  -12.567   3608.04           u 
 60795.348  454.0  -12.309  -12.435  -12.549   3608.04           u 
 60797.484  456.0   -12.29  -12.416  -12.531   3608.04           u 
  60799.62  458.0  -12.272  -12.398  -12.513   3608.04           u 
 60801.756  460.0  -12.253   -12.38  -12.495   3608.04           u 
 60803.892  462.0  -12.235  -12.362  -12.477   3608.04           u 
 60806.028  464.0  -12.217  -12.344  -12.459   3608.04           u 
 60808.164  466.0  -12.199  -12.326  -12.442   3608.04           u 
   60810.3  468.0   -12.18  -12.308  -12.424   3608.04           u 
 60812.436  470.0  -12.162   -12.29  -12.407   3608.04           u 
 60814.572  472.0  -12.145  -12.273  -12.389   3608.04           u 
 60816.708  474.0  -12.127  -12.255  -12.372   3608.04           u 
 60818.844  476.0  -12.109  -12.237  -12.354   3608.04           u 
  60820.98  478.0  -12.091   -12.22  -12.337   3608.04           u 
 60823.116  480.0  -12.073  -12.202   -12.32   3608.04           u 
 60825.252  482.0  -12.056  -12.184  -12.303   3608.04           u 
 60827.388  484.0  -12.038  -12.166  -12.286   3608.04           u 
 60829.524  486.0  -12.021  -12.149  -12.268   3608.04           u 
  60831.66  488.0  -12.004  -12.132  -12.252   3608.04           u 
 60833.796  490.0  -11.986  -12.115  -12.235   3608.04           u 
 60835.932  492.0  -11.969  -12.097  -12.218   3608.04           u 
 60838.068  494.0  -11.952   -12.08  -12.201   3608.04           u 
 60840.204  496.0  -11.935  -12.063  -12.184   3608.04           u 
  60842.34  498.0  -11.918  -12.046  -12.168   3608.04           u 
 60844.476  500.0  -11.901  -12.029  -12.151   3608.04           u 
 60846.612  502.0  -11.884  -12.012  -12.135   3608.04           u 
 60848.748  504.0  -11.867  -11.996  -12.118   3608.04           u 
 60850.884  506.0   -11.85  -11.979  -12.102   3608.04           u 
  60853.02  508.0  -11.833  -11.962  -12.085   3608.04           u 
 60855.156  510.0  -11.817  -11.946  -12.069   3608.04           u 
 60857.292  512.0    -11.8  -11.929  -12.053   3608.04           u 
 60859.428  514.0  -11.784  -11.913  -12.037   3608.04           u 
 60861.564  516.0  -11.767  -11.896  -12.021   3608.04           u 
   60863.7  518.0  -11.751   -11.88  -12.005   3608.04           u 
 60865.836  520.0  -11.734  -11.864  -11.989   3608.04           u 
 60867.972  522.0  -11.718  -11.847  -11.973   3608.04           u 
 60870.108  524.0  -11.702  -11.831  -11.957   3608.04           u 
 60872.244  526.0  -11.686  -11.815  -11.941   3608.04           u 
  60874.38  528.0   -11.67  -11.799  -11.925   3608.04           u 
 60876.516  530.0  -11.654  -11.783   -11.91   3608.04           u 
 60878.652  532.0  -11.638  -11.767  -11.894   3608.04           u 
 60880.788  534.0  -11.622  -11.751  -11.878   3608.04           u 
 60882.924  536.0  -11.606  -11.736  -11.863   3608.04           u 
  60885.06  538.0   -11.59   -11.72  -11.847   3608.04           u 
 60887.196  540.0  -11.574  -11.704  -11.832   3608.04           u 
 60889.332  542.0  -11.559  -11.688  -11.817   3608.04           u 
 60891.468  544.0  -11.543  -11.673  -11.801   3608.04           u 
 60893.604  546.0  -11.527  -11.657  -11.786   3608.04           u 
  60895.74  548.0  -11.512  -11.642  -11.771   3608.04           u 
 60897.876  550.0  -11.497  -11.626  -11.755   3608.04           u 
 60900.012  552.0  -11.481  -11.611   -11.74   3608.04           u 
 60902.148  554.0  -11.466  -11.596  -11.725   3608.04           u 
 60904.284  556.0  -11.451  -11.581   -11.71   3608.04           u 
  60906.42  558.0  -11.435  -11.565  -11.695   3608.04           u 
 60908.556  560.0   -11.42   -11.55   -11.68   3608.04           u 
 60910.692  562.0  -11.404  -11.535  -11.665   3608.04           u 
 60912.828  564.0  -11.389   -11.52  -11.651   3608.04           u 
 60914.964  566.0  -11.374  -11.505  -11.636   3608.04           u 
   60917.1  568.0  -11.359   -11.49  -11.621   3608.04           u 
 60919.236  570.0  -11.344  -11.475  -11.607   3608.04           u 
 60921.372  572.0  -11.329  -11.461  -11.592   3608.04           u 
 60923.508  574.0  -11.314  -11.446  -11.577   3608.04           u 
 60925.644  576.0  -11.299  -11.431  -11.563   3608.04           u 
  60927.78  578.0  -11.284  -11.417  -11.548   3608.04           u 
 60929.916  580.0   -11.27  -11.402  -11.534   3608.04           u 
 60932.052  582.0  -11.255  -11.388  -11.519   3608.04           u 
 60934.188  584.0   -11.24  -11.373  -11.504   3608.04           u 
 60936.324  586.0  -11.226  -11.359   -11.49   3608.04           u 
  60938.46  588.0  -11.212  -11.345  -11.475   3608.04           u 
 60940.596  590.0  -11.197  -11.331  -11.461   3608.04           u 
 60942.732  592.0  -11.183  -11.316  -11.447   3608.04           u 
 60944.868  594.0  -11.169  -11.302  -11.433   3608.04           u 
 60947.004  596.0  -11.154  -11.288  -11.419   3608.04           u 
  60949.14  598.0   -11.14  -11.274  -11.405   3608.04           u 
 60951.276  600.0  -11.126   -11.26  -11.391   3608.04           u 
 60953.412  602.0  -11.112  -11.246  -11.377   3608.04           u 
 60955.548  604.0  -11.098  -11.232  -11.363   3608.04           u 
 60957.684  606.0  -11.084  -11.218  -11.349   3608.04           u 
  60959.82  608.0   -11.07  -11.204  -11.335   3608.04           u 
 60961.956  610.0  -11.056   -11.19  -11.321   3608.04           u 
 60964.092  612.0  -11.043  -11.176  -11.308   3608.04           u 
 60966.228  614.0  -11.029  -11.163  -11.294   3608.04           u 
 60968.364  616.0  -11.015  -11.149   -11.28   3608.04           u 
   60970.5  618.0  -11.001  -11.135  -11.267   3608.04           u 
 60972.636  620.0  -10.987  -11.121  -11.253   3608.04           u 
 60974.772  622.0  -10.973  -11.108   -11.24   3608.04           u 
 60976.908  624.0   -10.96  -11.094  -11.226   3608.04           u 
 60979.044  626.0  -10.946  -11.081  -11.213   3608.04           u 
  60981.18  628.0  -10.932  -11.067  -11.199   3608.04           u 
 60983.316  630.0  -10.919  -11.054  -11.186   3608.04           u 
 60985.452  632.0  -10.905   -11.04  -11.172   3608.04           u 
 60987.588  634.0  -10.892  -11.027  -11.159   3608.04           u 
 60989.724  636.0  -10.878  -11.013  -11.146   3608.04           u 
  60991.86  638.0  -10.865    -11.0  -11.133   3608.04           u 
 60993.996  640.0  -10.851  -10.987  -11.119   3608.04           u 
 60996.132  642.0  -10.838  -10.973  -11.106   3608.04           u 
 60998.268  644.0  -10.825   -10.96  -11.093   3608.04           u 
 61000.404  646.0  -10.812  -10.947   -11.08   3608.04           u 
  61002.54  648.0  -10.798  -10.934  -11.067   3608.04           u 
 61004.676  650.0  -10.785  -10.921  -11.054   3608.04           u 
 61006.812  652.0  -10.772  -10.908  -11.041   3608.04           u 
 61008.948  654.0  -10.759  -10.895  -11.028   3608.04           u 
 61011.084  656.0  -10.746  -10.882  -11.015   3608.04           u 
  61013.22  658.0  -10.733  -10.869  -11.003   3608.04           u 
 61015.356  660.0   -10.72  -10.856   -10.99   3608.04           u 
 61017.492  662.0  -10.707  -10.843  -10.977   3608.04           u 
 61019.628  664.0  -10.694   -10.83  -10.964   3608.04           u 
 61021.764  666.0  -10.681  -10.817  -10.952   3608.04           u 
   61023.9  668.0  -10.668  -10.804  -10.939   3608.04           u 
 61026.036  670.0  -10.656  -10.792  -10.926   3608.04           u 
 61028.172  672.0  -10.643  -10.779  -10.914   3608.04           u 
 61030.308  674.0   -10.63  -10.766  -10.901   3608.04           u 
 61032.444  676.0  -10.617  -10.754  -10.888   3608.04           u 
  61034.58  678.0  -10.605  -10.741  -10.876   3608.04           u 
 61036.716  680.0  -10.592  -10.729  -10.864   3608.04           u 
 61038.852  682.0   -10.58  -10.716  -10.851   3608.04           u 
 61040.988  684.0  -10.567  -10.704  -10.839   3608.04           u 
 61043.124  686.0  -10.555  -10.691  -10.827   3608.04           u 
  61045.26  688.0  -10.542  -10.679  -10.815   3608.04           u 
 61047.396  690.0   -10.53  -10.666  -10.802   3608.04           u 
 61049.532  692.0  -10.517  -10.654   -10.79   3608.04           u 
 61051.668  694.0  -10.505  -10.642  -10.778   3608.04           u 
 61053.804  696.0  -10.493   -10.63  -10.766   3608.04           u 
  61055.94  698.0   -10.48  -10.617  -10.754   3608.04           u 
 61058.076  700.0  -10.468  -10.605  -10.742   3608.04           u 
 61060.212  702.0  -10.456  -10.593   -10.73   3608.04           u 
 61062.348  704.0  -10.444  -10.581  -10.718   3608.04           u 
 61064.484  706.0  -10.432  -10.569  -10.706   3608.04           u 
  61066.62  708.0   -10.42  -10.557  -10.694   3608.04           u 
 61068.756  710.0  -10.408  -10.545  -10.683   3608.04           u 
 61070.892  712.0  -10.395  -10.533  -10.671   3608.04           u 
 61073.028  714.0  -10.383  -10.521  -10.659   3608.04           u 
 61075.164  716.0  -10.372  -10.509  -10.647   3608.04           u 
   61077.3  718.0   -10.36  -10.497  -10.635   3608.04           u 
 61079.436  720.0  -10.348  -10.485  -10.624   3608.04           u 
 61081.572  722.0  -10.336  -10.473  -10.612   3608.04           u 
 61083.708  724.0  -10.324  -10.462  -10.601   3608.04           u 
 61085.844  726.0  -10.312   -10.45  -10.589   3608.04           u 
  61087.98  728.0    -10.3  -10.438  -10.577   3608.04           u 
 61090.116  730.0  -10.289  -10.426  -10.566   3608.04           u 
 61092.252  732.0  -10.277  -10.415  -10.554   3608.04           u 
 61094.388  734.0  -10.265  -10.403  -10.543   3608.04           u 
 61096.524  736.0  -10.254  -10.392  -10.531   3608.04           u 
  61098.66  738.0  -10.242   -10.38   -10.52   3608.04           u 
 61100.796  740.0  -10.231  -10.368  -10.509   3608.04           u 
 61102.932  742.0  -10.219  -10.357  -10.497   3608.04           u 
 61105.068  744.0  -10.208  -10.345  -10.486   3608.04           u 
 61107.204  746.0  -10.196  -10.334  -10.475   3608.04           u 
  61109.34  748.0  -10.185  -10.323  -10.463   3608.04           u 
 61111.476  750.0  -10.173  -10.311  -10.452   3608.04           u 
 61113.612  752.0  -10.162    -10.3  -10.441   3608.04           u 
 61115.748  754.0  -10.151  -10.288   -10.43   3608.04           u 
 61117.884  756.0  -10.139  -10.277  -10.419   3608.04           u 
  61120.02  758.0  -10.128  -10.266  -10.408   3608.04           u 
 61122.156  760.0  -10.117  -10.255  -10.396   3608.04           u 
 61124.292  762.0  -10.105  -10.243  -10.385   3608.04           u 
 61126.428  764.0  -10.094  -10.232  -10.374   3608.04           u 
 61128.564  766.0  -10.083  -10.221  -10.363   3608.04           u 
   61130.7  768.0  -10.072   -10.21  -10.352   3608.04           u 
 61132.836  770.0  -10.061  -10.199  -10.341   3608.04           u 
 61134.972  772.0   -10.05  -10.188  -10.331   3608.04           u 
 61137.108  774.0  -10.039  -10.177   -10.32   3608.04           u 
 61139.244  776.0  -10.028  -10.166  -10.309   3608.04           u 
  61141.38  778.0  -10.017  -10.155  -10.298   3608.04           u 
 61143.516  780.0  -10.006  -10.144  -10.287   3608.04           u 
 61145.652  782.0   -9.995  -10.133  -10.276   3608.04           u 
 61147.788  784.0   -9.984  -10.122  -10.266   3608.04           u 
 61149.924  786.0   -9.973  -10.111  -10.255   3608.04           u 
  61152.06  788.0   -9.962    -10.1  -10.244   3608.04           u 
 61154.196  790.0   -9.952   -10.09  -10.233   3608.04           u 
 61156.332  792.0   -9.941  -10.079  -10.223   3608.04           u 
 61158.468  794.0    -9.93  -10.068  -10.212   3608.04           u 
 61160.604  796.0   -9.919  -10.058  -10.202   3608.04           u 
  61162.74  798.0   -9.909  -10.047  -10.191   3608.04           u 
 61164.876  800.0   -9.898  -10.036   -10.18   3608.04           u 
 60310.476    0.0      nan      nan      nan   4345.28     swift_B 
  60311.01    0.5  -10.187  -12.262  -13.069   4345.28     swift_B 
 60311.544    1.0  -10.572  -12.888  -13.767   4345.28     swift_B 
 60312.078    1.5  -11.982  -13.563  -14.294   4345.28     swift_B 
 60312.612    2.0  -12.921   -14.08  -14.702   4345.28     swift_B 
 60313.146    2.5  -13.554  -14.487  -15.036   4345.28     swift_B 
  60313.68    3.0  -14.124  -14.875  -15.346   4345.28     swift_B 
 60314.214    3.5   -14.55  -15.191  -15.603   4345.28     swift_B 
 60314.748    4.0  -14.923  -15.465  -15.827   4345.28     swift_B 
 60315.282    4.5  -15.226  -15.709  -16.033   4345.28     swift_B 
 60315.816    5.0  -15.523  -15.923  -16.221   4345.28     swift_B 
  60316.35    5.5  -15.785  -16.115  -16.388   4345.28     swift_B 
 60316.884    6.0  -16.006  -16.295  -16.544   4345.28     swift_B 
 60317.418    6.5  -16.204   -16.46  -16.688   4345.28     swift_B 
 60317.952    7.0  -16.383   -16.62  -16.819   4345.28     swift_B 
 60318.486    7.5  -16.543  -16.761  -16.939   4345.28     swift_B 
  60319.02    8.0  -16.691  -16.885  -17.052   4345.28     swift_B 
 60319.554    8.5  -16.829    -17.0  -17.157   4345.28     swift_B 
 60320.088    9.0  -16.957  -17.108  -17.259   4345.28     swift_B 
 60320.622    9.5  -17.072  -17.211  -17.355   4345.28     swift_B 
 60321.156   10.0  -17.185  -17.309  -17.448   4345.28     swift_B 
  60321.69   10.5  -17.287  -17.404  -17.535   4345.28     swift_B 
 60322.224   11.0  -17.384   -17.49  -17.617   4345.28     swift_B 
 60322.758   11.5  -17.477  -17.575  -17.695   4345.28     swift_B 
 60323.292   12.0  -17.566  -17.656  -17.772   4345.28     swift_B 
 60323.826   12.5  -17.651   -17.73  -17.844   4345.28     swift_B 
  60324.36   13.0  -17.729  -17.801  -17.912   4345.28     swift_B 
 60324.894   13.5  -17.804  -17.871  -17.978   4345.28     swift_B 
 60325.428   14.0  -17.875  -17.939   -18.04   4345.28     swift_B 
 60325.962   14.5  -17.943  -18.003    -18.1   4345.28     swift_B 
 60326.496   15.0  -18.007  -18.063  -18.157   4345.28     swift_B 
  60327.03   15.5  -18.068  -18.122  -18.213   4345.28     swift_B 
 60327.564   16.0  -18.126  -18.179  -18.266   4345.28     swift_B 
 60328.098   16.5  -18.183  -18.236  -18.317   4345.28     swift_B 
 60328.632   17.0  -18.236   -18.29  -18.366   4345.28     swift_B 
 60329.166   17.5  -18.288  -18.341  -18.414   4345.28     swift_B 
   60329.7   18.0  -18.337   -18.39   -18.46   4345.28     swift_B 
 60330.234   18.5  -18.385  -18.438  -18.505   4345.28     swift_B 
 60330.768   19.0  -18.432  -18.486  -18.549   4345.28     swift_B 
 60331.302   19.5  -18.479  -18.532  -18.591   4345.28     swift_B 
 60331.836   20.0  -18.525  -18.575  -18.632   4345.28     swift_B 
  60332.37   20.5  -18.568  -18.616  -18.671   4345.28     swift_B 
 60332.904   21.0   -18.61  -18.657   -18.71   4345.28     swift_B 
 60333.438   21.5   -18.65  -18.696  -18.748   4345.28     swift_B 
 60333.972   22.0  -18.689  -18.735  -18.785   4345.28     swift_B 
 60334.506   22.5  -18.725  -18.771   -18.82   4345.28     swift_B 
  60335.04   23.0  -18.763  -18.806  -18.853   4345.28     swift_B 
 60335.574   23.5  -18.798   -18.84  -18.889   4345.28     swift_B 
 60336.108   24.0  -18.832  -18.873  -18.921   4345.28     swift_B 
 60336.642   24.5  -18.865  -18.904  -18.952   4345.28     swift_B 
 60337.176   25.0  -18.897  -18.935  -18.983   4345.28     swift_B 
  60337.71   25.5  -18.928  -18.965  -19.013   4345.28     swift_B 
 60338.244   26.0  -18.958  -18.995  -19.043   4345.28     swift_B 
 60338.778   26.5  -18.988  -19.024  -19.071   4345.28     swift_B 
 60339.312   27.0  -19.016  -19.053  -19.098   4345.28     swift_B 
 60339.846   27.5  -19.043  -19.081  -19.124   4345.28     swift_B 
  60340.38   28.0  -19.071  -19.108   -19.15   4345.28     swift_B 
 60340.914   28.5  -19.098  -19.135  -19.177   4345.28     swift_B 
 60341.448   29.0  -19.123   -19.16  -19.201   4345.28     swift_B 
 60341.982   29.5  -19.148  -19.184  -19.224   4345.28     swift_B 
 60342.516   30.0  -19.173  -19.208  -19.248   4345.28     swift_B 
  60343.05   30.5  -19.197  -19.231  -19.271   4345.28     swift_B 
 60343.584   31.0   -19.22  -19.253  -19.294   4345.28     swift_B 
 60344.118   31.5  -19.243  -19.275  -19.316   4345.28     swift_B 
 60344.652   32.0  -19.265  -19.297  -19.338   4345.28     swift_B 
 60345.186   32.5  -19.286  -19.317  -19.358   4345.28     swift_B 
  60345.72   33.0  -19.307  -19.337  -19.378   4345.28     swift_B 
 60346.254   33.5  -19.327  -19.358  -19.396   4345.28     swift_B 
 60346.788   34.0  -19.347  -19.377  -19.415   4345.28     swift_B 
 60347.322   34.5  -19.366  -19.395  -19.433   4345.28     swift_B 
 60347.856   35.0  -19.385  -19.413  -19.451   4345.28     swift_B 
  60348.39   35.5  -19.403  -19.431  -19.468   4345.28     swift_B 
 60348.924   36.0   -19.42  -19.448  -19.486   4345.28     swift_B 
 60349.458   36.5  -19.437  -19.464  -19.503   4345.28     swift_B 
 60349.992   37.0  -19.453   -19.48  -19.519   4345.28     swift_B 
 60350.526   37.5  -19.468  -19.496  -19.535   4345.28     swift_B 
  60351.06   38.0  -19.484  -19.511  -19.551   4345.28     swift_B 
 60351.594   38.5  -19.499  -19.526  -19.565   4345.28     swift_B 
 60352.128   39.0  -19.514  -19.541  -19.579   4345.28     swift_B 
 60352.662   39.5   -19.53  -19.555  -19.593   4345.28     swift_B 
 60353.196   40.0  -19.544  -19.569  -19.607   4345.28     swift_B 
  60353.73   40.5  -19.558  -19.583   -19.62   4345.28     swift_B 
 60354.264   41.0   -19.57  -19.596  -19.633   4345.28     swift_B 
 60354.798   41.5  -19.582  -19.609  -19.645   4345.28     swift_B 
 60355.332   42.0  -19.594  -19.622  -19.657   4345.28     swift_B 
 60355.866   42.5  -19.606  -19.634   -19.67   4345.28     swift_B 
   60356.4   43.0  -19.618  -19.646  -19.681   4345.28     swift_B 
 60356.934   43.5  -19.629  -19.657  -19.692   4345.28     swift_B 
 60357.468   44.0  -19.639  -19.668  -19.703   4345.28     swift_B 
 60358.002   44.5  -19.648  -19.678  -19.713   4345.28     swift_B 
 60358.536   45.0  -19.658  -19.688  -19.723   4345.28     swift_B 
  60359.07   45.5  -19.668  -19.698  -19.733   4345.28     swift_B 
 60359.604   46.0  -19.678  -19.707  -19.742   4345.28     swift_B 
 60360.138   46.5  -19.687  -19.716  -19.751   4345.28     swift_B 
 60360.672   47.0  -19.695  -19.725  -19.761   4345.28     swift_B 
 60361.206   47.5  -19.703  -19.734  -19.769   4345.28     swift_B 
  60361.74   48.0  -19.711  -19.743  -19.778   4345.28     swift_B 
 60362.274   48.5  -19.719  -19.751  -19.786   4345.28     swift_B 
 60362.808   49.0  -19.726  -19.758  -19.794   4345.28     swift_B 
 60363.342   49.5  -19.733  -19.766  -19.801   4345.28     swift_B 
 60363.876   50.0   -19.74  -19.773  -19.809   4345.28     swift_B 
  60364.41   50.5  -19.747   -19.78  -19.816   4345.28     swift_B 
 60364.944   51.0  -19.752  -19.787  -19.823   4345.28     swift_B 
 60365.478   51.5  -19.757  -19.793  -19.829   4345.28     swift_B 
 60366.012   52.0  -19.763  -19.799  -19.835   4345.28     swift_B 
 60366.546   52.5  -19.768  -19.804  -19.841   4345.28     swift_B 
  60367.08   53.0  -19.772   -19.81  -19.847   4345.28     swift_B 
 60367.614   53.5  -19.777  -19.815  -19.852   4345.28     swift_B 
 60368.148   54.0  -19.781   -19.82  -19.857   4345.28     swift_B 
 60368.682   54.5  -19.786  -19.825  -19.862   4345.28     swift_B 
 60369.216   55.0   -19.79  -19.829  -19.867   4345.28     swift_B 
  60369.75   55.5  -19.793  -19.833  -19.871   4345.28     swift_B 
 60370.284   56.0  -19.797  -19.837  -19.875   4345.28     swift_B 
 60370.818   56.5    -19.8   -19.84  -19.878   4345.28     swift_B 
 60371.352   57.0  -19.803  -19.843  -19.882   4345.28     swift_B 
 60371.886   57.5  -19.806  -19.846  -19.884   4345.28     swift_B 
  60372.42   58.0  -19.809  -19.848  -19.887   4345.28     swift_B 
 60372.954   58.5  -19.812   -19.85  -19.889   4345.28     swift_B 
 60373.488   59.0  -19.814  -19.852  -19.891   4345.28     swift_B 
 60374.022   59.5  -19.815  -19.854  -19.893   4345.28     swift_B 
 60374.556   60.0  -19.816  -19.856  -19.894   4345.28     swift_B 
  60375.09   60.5  -19.817  -19.857  -19.895   4345.28     swift_B 
 60375.624   61.0  -19.818  -19.858  -19.897   4345.28     swift_B 
 60376.158   61.5  -19.819  -19.859  -19.897   4345.28     swift_B 
 60376.692   62.0  -19.819  -19.859  -19.898   4345.28     swift_B 
 60377.226   62.5   -19.82  -19.859  -19.898   4345.28     swift_B 
  60377.76   63.0   -19.82  -19.858  -19.897   4345.28     swift_B 
 60378.294   63.5  -19.819  -19.858  -19.897   4345.28     swift_B 
 60378.828   64.0  -19.818  -19.857  -19.896   4345.28     swift_B 
 60379.362   64.5  -19.817  -19.856  -19.895   4345.28     swift_B 
 60379.896   65.0  -19.816  -19.854  -19.894   4345.28     swift_B 
  60380.43   65.5  -19.815  -19.853  -19.892   4345.28     swift_B 
 60380.964   66.0  -19.813  -19.851   -19.89   4345.28     swift_B 
 60381.498   66.5  -19.811  -19.849  -19.888   4345.28     swift_B 
 60382.032   67.0  -19.809  -19.847  -19.886   4345.28     swift_B 
 60382.566   67.5  -19.806  -19.845  -19.884   4345.28     swift_B 
   60383.1   68.0  -19.803  -19.843  -19.881   4345.28     swift_B 
 60383.634   68.5    -19.8   -19.84  -19.878   4345.28     swift_B 
 60384.168   69.0  -19.797  -19.838  -19.875   4345.28     swift_B 
 60384.702   69.5  -19.793  -19.834  -19.872   4345.28     swift_B 
 60385.236   70.0   -19.79  -19.831  -19.868   4345.28     swift_B 
  60385.77   70.5  -19.786  -19.826  -19.864   4345.28     swift_B 
 60386.304   71.0  -19.783  -19.822   -19.86   4345.28     swift_B 
 60386.838   71.5  -19.778  -19.818  -19.855   4345.28     swift_B 
 60387.372   72.0  -19.773  -19.813  -19.851   4345.28     swift_B 
 60387.906   72.5  -19.769  -19.809  -19.846   4345.28     swift_B 
  60388.44   73.0  -19.763  -19.804   -19.84   4345.28     swift_B 
 60388.974   73.5  -19.758  -19.798  -19.835   4345.28     swift_B 
 60389.508   74.0  -19.752  -19.793  -19.829   4345.28     swift_B 
 60390.042   74.5  -19.746  -19.788  -19.823   4345.28     swift_B 
 60390.576   75.0  -19.738  -19.782  -19.817   4345.28     swift_B 
  60391.11   75.5  -19.731  -19.775   -19.81   4345.28     swift_B 
 60391.644   76.0  -19.724  -19.768  -19.803   4345.28     swift_B 
 60392.178   76.5  -19.717  -19.761  -19.796   4345.28     swift_B 
 60392.712   77.0   -19.71  -19.754  -19.788   4345.28     swift_B 
 60393.246   77.5  -19.702  -19.746  -19.781   4345.28     swift_B 
  60393.78   78.0  -19.694  -19.738  -19.773   4345.28     swift_B 
 60394.314   78.5  -19.687   -19.73  -19.765   4345.28     swift_B 
 60394.848   79.0  -19.679  -19.721  -19.757   4345.28     swift_B 
 60395.382   79.5   -19.67  -19.712  -19.749   4345.28     swift_B 
 60395.916   80.0  -19.662  -19.704   -19.74   4345.28     swift_B 
  60396.45   80.5  -19.653  -19.695  -19.731   4345.28     swift_B 
 60396.984   81.0  -19.644  -19.685  -19.721   4345.28     swift_B 
 60397.518   81.5  -19.634  -19.676  -19.711   4345.28     swift_B 
 60398.052   82.0  -19.625  -19.667  -19.701   4345.28     swift_B 
 60398.586   82.5  -19.615  -19.657   -19.69   4345.28     swift_B 
  60399.12   83.0  -19.605  -19.646   -19.68   4345.28     swift_B 
 60399.654   83.5  -19.594  -19.635   -19.67   4345.28     swift_B 
 60400.188   84.0  -19.584  -19.624   -19.66   4345.28     swift_B 
 60400.722   84.5  -19.572  -19.612  -19.649   4345.28     swift_B 
 60401.256   85.0   -19.56  -19.601  -19.638   4345.28     swift_B 
  60401.79   85.5  -19.548  -19.589  -19.626   4345.28     swift_B 
 60402.324   86.0  -19.536  -19.577  -19.614   4345.28     swift_B 
 60402.858   86.5  -19.524  -19.565  -19.602   4345.28     swift_B 
 60403.392   87.0  -19.511  -19.553   -19.59   4345.28     swift_B 
 60403.926   87.5  -19.499  -19.541  -19.578   4345.28     swift_B 
  60404.46   88.0  -19.486  -19.528  -19.567   4345.28     swift_B 
 60404.994   88.5  -19.474  -19.515  -19.555   4345.28     swift_B 
 60405.528   89.0   -19.46  -19.501  -19.542   4345.28     swift_B 
 60406.062   89.5  -19.447  -19.488  -19.528   4345.28     swift_B 
 60406.596   90.0  -19.433  -19.475  -19.515   4345.28     swift_B 
  60407.13   90.5  -19.419   -19.46  -19.502   4345.28     swift_B 
 60407.664   91.0  -19.405  -19.446  -19.488   4345.28     swift_B 
 60408.198   91.5  -19.391  -19.431  -19.474   4345.28     swift_B 
 60408.732   92.0  -19.376  -19.416   -19.46   4345.28     swift_B 
 60409.266   92.5  -19.361  -19.401  -19.446   4345.28     swift_B 
   60409.8   93.0  -19.346  -19.386  -19.431   4345.28     swift_B 
 60410.334   93.5  -19.331  -19.371  -19.417   4345.28     swift_B 
 60410.868   94.0  -19.316  -19.356  -19.402   4345.28     swift_B 
 60411.402   94.5    -19.3  -19.341  -19.387   4345.28     swift_B 
 60411.936   95.0  -19.284  -19.325  -19.372   4345.28     swift_B 
  60412.47   95.5  -19.268  -19.308  -19.356   4345.28     swift_B 
 60413.004   96.0  -19.252  -19.292   -19.34   4345.28     swift_B 
 60413.538   96.5  -19.235  -19.276  -19.324   4345.28     swift_B 
 60414.072   97.0  -19.218  -19.259  -19.308   4345.28     swift_B 
 60414.606   97.5  -19.202  -19.243  -19.291   4345.28     swift_B 
  60415.14   98.0  -19.184  -19.226  -19.274   4345.28     swift_B 
 60415.674   98.5  -19.167  -19.208  -19.257   4345.28     swift_B 
 60416.208   99.0  -19.149  -19.191   -19.24   4345.28     swift_B 
 60416.742   99.5  -19.132  -19.173  -19.222   4345.28     swift_B 
 60417.276  100.0  -19.114  -19.155  -19.204   4345.28     swift_B 
 60417.276  100.0  -19.114  -19.155  -19.204   4345.28     swift_B 
 60419.412  102.0  -19.039   -19.08  -19.131   4345.28     swift_B 
 60421.548  104.0  -18.959  -19.002  -19.055   4345.28     swift_B 
 60423.684  106.0  -18.878  -18.922  -18.975   4345.28     swift_B 
  60425.82  108.0  -18.793  -18.839  -18.894   4345.28     swift_B 
 60427.956  110.0  -18.706  -18.754  -18.807   4345.28     swift_B 
 60430.092  112.0  -18.621  -18.666  -18.719   4345.28     swift_B 
 60432.228  114.0  -18.546  -18.585  -18.638   4345.28     swift_B 
 60434.364  116.0  -18.479  -18.519  -18.563   4345.28     swift_B 
   60436.5  118.0  -18.424  -18.457  -18.508   4345.28     swift_B 
 60438.636  120.0  -18.366  -18.404  -18.454   4345.28     swift_B 
 60440.772  122.0  -18.313  -18.351    -18.4   4345.28     swift_B 
 60442.908  124.0   -18.26  -18.298  -18.347   4345.28     swift_B 
 60445.044  126.0  -18.206  -18.245  -18.293   4345.28     swift_B 
  60447.18  128.0  -18.153  -18.193  -18.239   4345.28     swift_B 
 60449.316  130.0  -18.101  -18.141  -18.184   4345.28     swift_B 
 60451.452  132.0   -18.05  -18.089   -18.13   4345.28     swift_B 
 60453.588  134.0  -17.996  -18.037  -18.076   4345.28     swift_B 
 60455.724  136.0  -17.945  -17.986  -18.024   4345.28     swift_B 
  60457.86  138.0  -17.894  -17.934  -17.974   4345.28     swift_B 
 60459.996  140.0  -17.842  -17.882  -17.924   4345.28     swift_B 
 60462.132  142.0   -17.79   -17.83  -17.874   4345.28     swift_B 
 60464.268  144.0  -17.737  -17.778  -17.821   4345.28     swift_B 
 60466.404  146.0  -17.686  -17.728  -17.769   4345.28     swift_B 
  60468.54  148.0  -17.634  -17.677   -17.72   4345.28     swift_B 
 60470.676  150.0  -17.582  -17.626  -17.671   4345.28     swift_B 
 60472.812  152.0  -17.531  -17.577  -17.622   4345.28     swift_B 
 60474.948  154.0  -17.482  -17.527  -17.572   4345.28     swift_B 
 60477.084  156.0  -17.433  -17.478  -17.523   4345.28     swift_B 
  60479.22  158.0  -17.385  -17.431  -17.475   4345.28     swift_B 
 60481.356  160.0  -17.335  -17.383  -17.428   4345.28     swift_B 
 60483.492  162.0  -17.287  -17.336  -17.381   4345.28     swift_B 
 60485.628  164.0  -17.238  -17.289  -17.335   4345.28     swift_B 
 60487.764  166.0   -17.19  -17.244  -17.289   4345.28     swift_B 
   60489.9  168.0   -17.14  -17.198  -17.245   4345.28     swift_B 
 60492.036  170.0  -17.093  -17.152  -17.202   4345.28     swift_B 
 60494.172  172.0  -17.047  -17.107  -17.158   4345.28     swift_B 
 60496.308  174.0  -17.002  -17.062  -17.114   4345.28     swift_B 
 60498.444  176.0  -16.957  -17.018  -17.071   4345.28     swift_B 
  60500.58  178.0  -16.913  -16.974  -17.027   4345.28     swift_B 
 60502.716  180.0   -16.87  -16.932  -16.984   4345.28     swift_B 
 60504.852  182.0  -16.828  -16.889  -16.942   4345.28     swift_B 
 60506.988  184.0  -16.785  -16.847  -16.901   4345.28     swift_B 
 60509.124  186.0  -16.743  -16.805   -16.86   4345.28     swift_B 
  60511.26  188.0    -16.7  -16.764   -16.82   4345.28     swift_B 
 60513.396  190.0  -16.658  -16.723   -16.78   4345.28     swift_B 
 60515.532  192.0  -16.617  -16.683  -16.741   4345.28     swift_B 
 60517.668  194.0  -16.576  -16.643  -16.702   4345.28     swift_B 
 60519.804  196.0  -16.535  -16.604  -16.663   4345.28     swift_B 
  60521.94  198.0  -16.494  -16.565  -16.625   4345.28     swift_B 
 60524.076  200.0  -16.454  -16.527  -16.587   4345.28     swift_B 
 60526.212  202.0  -16.414  -16.489  -16.549   4345.28     swift_B 
 60528.348  204.0  -16.375  -16.451  -16.511   4345.28     swift_B 
 60530.484  206.0  -16.337  -16.414  -16.474   4345.28     swift_B 
  60532.62  208.0  -16.299  -16.375  -16.437   4345.28     swift_B 
 60534.756  210.0  -16.261  -16.338  -16.401   4345.28     swift_B 
 60536.892  212.0  -16.223  -16.301  -16.365   4345.28     swift_B 
 60539.028  214.0  -16.185  -16.264  -16.329   4345.28     swift_B 
 60541.164  216.0  -16.148  -16.228  -16.293   4345.28     swift_B 
   60543.3  218.0   -16.11  -16.191  -16.258   4345.28     swift_B 
 60545.436  220.0  -16.073  -16.155  -16.223   4345.28     swift_B 
 60547.572  222.0  -16.036   -16.12  -16.188   4345.28     swift_B 
 60549.708  224.0  -15.999  -16.084  -16.153   4345.28     swift_B 
 60551.844  226.0  -15.964  -16.049  -16.118   4345.28     swift_B 
  60553.98  228.0  -15.929  -16.014  -16.084   4345.28     swift_B 
 60556.116  230.0  -15.894   -15.98   -16.05   4345.28     swift_B 
 60558.252  232.0   -15.86  -15.946  -16.017   4345.28     swift_B 
 60560.388  234.0  -15.825  -15.912  -15.983   4345.28     swift_B 
 60562.524  236.0  -15.791  -15.878   -15.95   4345.28     swift_B 
  60564.66  238.0  -15.757  -15.845  -15.918   4345.28     swift_B 
 60566.796  240.0  -15.723  -15.812  -15.885   4345.28     swift_B 
 60568.932  242.0   -15.69  -15.779  -15.853   4345.28     swift_B 
 60571.068  244.0  -15.657  -15.746  -15.821   4345.28     swift_B 
 60573.204  246.0  -15.624  -15.714  -15.789   4345.28     swift_B 
  60575.34  248.0  -15.591  -15.682  -15.757   4345.28     swift_B 
 60577.476  250.0  -15.559   -15.65  -15.726   4345.28     swift_B 
 60579.612  252.0  -15.527  -15.618  -15.695   4345.28     swift_B 
 60581.748  254.0  -15.495  -15.586  -15.664   4345.28     swift_B 
 60583.884  256.0  -15.463  -15.555  -15.634   4345.28     swift_B 
  60586.02  258.0  -15.431  -15.524  -15.603   4345.28     swift_B 
 60588.156  260.0    -15.4  -15.493  -15.573   4345.28     swift_B 
 60590.292  262.0  -15.368  -15.462  -15.544   4345.28     swift_B 
 60592.428  264.0  -15.337  -15.432  -15.514   4345.28     swift_B 
 60594.564  266.0  -15.306  -15.401  -15.484   4345.28     swift_B 
   60596.7  268.0  -15.276  -15.371  -15.455   4345.28     swift_B 
 60598.836  270.0  -15.247  -15.341  -15.425   4345.28     swift_B 
 60600.972  272.0  -15.217  -15.312  -15.396   4345.28     swift_B 
 60603.108  274.0  -15.187  -15.282  -15.367   4345.28     swift_B 
 60605.244  276.0  -15.158  -15.253  -15.339   4345.28     swift_B 
  60607.38  278.0  -15.129  -15.224   -15.31   4345.28     swift_B 
 60609.516  280.0  -15.099  -15.195  -15.281   4345.28     swift_B 
 60611.652  282.0   -15.07  -15.167  -15.253   4345.28     swift_B 
 60613.788  284.0  -15.041  -15.138  -15.225   4345.28     swift_B 
 60615.924  286.0  -15.012   -15.11  -15.197   4345.28     swift_B 
  60618.06  288.0  -14.984  -15.082  -15.169   4345.28     swift_B 
 60620.196  290.0  -14.956  -15.053  -15.142   4345.28     swift_B 
 60622.332  292.0  -14.928  -15.026  -15.114   4345.28     swift_B 
 60624.468  294.0    -14.9  -14.998  -15.087   4345.28     swift_B 
 60626.604  296.0  -14.873   -14.97   -15.06   4345.28     swift_B 
  60628.74  298.0  -14.845  -14.943  -15.033   4345.28     swift_B 
 60630.876  300.0  -14.818  -14.916  -15.006   4345.28     swift_B 
 60633.012  302.0   -14.79  -14.889  -14.979   4345.28     swift_B 
 60635.148  304.0  -14.763  -14.862  -14.953   4345.28     swift_B 
 60637.284  306.0  -14.736  -14.836  -14.926   4345.28     swift_B 
  60639.42  308.0   -14.71  -14.809    -14.9   4345.28     swift_B 
 60641.556  310.0  -14.683  -14.783  -14.874   4345.28     swift_B 
 60643.692  312.0  -14.657  -14.757  -14.848   4345.28     swift_B 
 60645.828  314.0  -14.631  -14.731  -14.823   4345.28     swift_B 
 60647.964  316.0  -14.605  -14.705  -14.797   4345.28     swift_B 
   60650.1  318.0  -14.579  -14.679  -14.772   4345.28     swift_B 
 60652.236  320.0  -14.554  -14.654  -14.746   4345.28     swift_B 
 60654.372  322.0  -14.528  -14.628  -14.721   4345.28     swift_B 
 60656.508  324.0  -14.502  -14.603  -14.696   4345.28     swift_B 
 60658.644  326.0  -14.477  -14.578  -14.671   4345.28     swift_B 
  60660.78  328.0  -14.452  -14.553  -14.647   4345.28     swift_B 
 60662.916  330.0  -14.427  -14.528  -14.622   4345.28     swift_B 
 60665.052  332.0  -14.402  -14.503  -14.598   4345.28     swift_B 
 60667.188  334.0  -14.377  -14.479  -14.573   4345.28     swift_B 
 60669.324  336.0  -14.352  -14.454  -14.549   4345.28     swift_B 
  60671.46  338.0  -14.328   -14.43  -14.525   4345.28     swift_B 
 60673.596  340.0  -14.304  -14.406    -14.5   4345.28     swift_B 
 60675.732  342.0   -14.28  -14.382  -14.477   4345.28     swift_B 
 60677.868  344.0  -14.255  -14.358  -14.453   4345.28     swift_B 
 60680.004  346.0  -14.231  -14.334   -14.43   4345.28     swift_B 
  60682.14  348.0  -14.207   -14.31  -14.406   4345.28     swift_B 
 60684.276  350.0  -14.183  -14.287  -14.383   4345.28     swift_B 
 60686.412  352.0  -14.159  -14.263   -14.36   4345.28     swift_B 
 60688.548  354.0  -14.135   -14.24  -14.337   4345.28     swift_B 
 60690.684  356.0  -14.112  -14.217  -14.315   4345.28     swift_B 
  60692.82  358.0  -14.088  -14.194  -14.292   4345.28     swift_B 
 60694.956  360.0  -14.065  -14.171  -14.269   4345.28     swift_B 
 60697.092  362.0  -14.042  -14.148  -14.247   4345.28     swift_B 
 60699.228  364.0  -14.018  -14.125  -14.225   4345.28     swift_B 
 60701.364  366.0  -13.995  -14.102  -14.203   4345.28     swift_B 
   60703.5  368.0  -13.973  -14.079   -14.18   4345.28     swift_B 
 60705.636  370.0   -13.95  -14.056  -14.158   4345.28     swift_B 
 60707.772  372.0  -13.928  -14.034  -14.137   4345.28     swift_B 
 60709.908  374.0  -13.906  -14.011  -14.115   4345.28     swift_B 
 60712.044  376.0  -13.884  -13.989  -14.093   4345.28     swift_B 
  60714.18  378.0  -13.862  -13.967  -14.072   4345.28     swift_B 
 60716.316  380.0   -13.84  -13.945   -14.05   4345.28     swift_B 
 60718.452  382.0  -13.818  -13.923  -14.029   4345.28     swift_B 
 60720.588  384.0  -13.797  -13.902  -14.008   4345.28     swift_B 
 60722.724  386.0  -13.775   -13.88  -13.986   4345.28     swift_B 
  60724.86  388.0  -13.754  -13.859  -13.965   4345.28     swift_B 
 60726.996  390.0  -13.732  -13.837  -13.944   4345.28     swift_B 
 60729.132  392.0  -13.711  -13.816  -13.924   4345.28     swift_B 
 60731.268  394.0   -13.69  -13.795  -13.903   4345.28     swift_B 
 60733.404  396.0  -13.669  -13.774  -13.882   4345.28     swift_B 
  60735.54  398.0  -13.647  -13.753  -13.862   4345.28     swift_B 
 60737.676  400.0  -13.627  -13.732  -13.841   4345.28     swift_B 
 60739.812  402.0  -13.606  -13.711  -13.821   4345.28     swift_B 
 60741.948  404.0  -13.585  -13.691    -13.8   4345.28     swift_B 
 60744.084  406.0  -13.564   -13.67   -13.78   4345.28     swift_B 
  60746.22  408.0  -13.544   -13.65   -13.76   4345.28     swift_B 
 60748.356  410.0  -13.523  -13.629   -13.74   4345.28     swift_B 
 60750.492  412.0  -13.503  -13.609   -13.72   4345.28     swift_B 
 60752.628  414.0  -13.483  -13.589    -13.7   4345.28     swift_B 
 60754.764  416.0  -13.463  -13.569  -13.681   4345.28     swift_B 
   60756.9  418.0  -13.443  -13.549  -13.661   4345.28     swift_B 
 60759.036  420.0  -13.423  -13.529  -13.641   4345.28     swift_B 
 60761.172  422.0  -13.403  -13.509  -13.622   4345.28     swift_B 
 60763.308  424.0  -13.383  -13.489  -13.602   4345.28     swift_B 
 60765.444  426.0  -13.363   -13.47  -13.583   4345.28     swift_B 
  60767.58  428.0  -13.344   -13.45  -13.563   4345.28     swift_B 
 60769.716  430.0  -13.324  -13.431  -13.544   4345.28     swift_B 
 60771.852  432.0  -13.305  -13.412  -13.525   4345.28     swift_B 
 60773.988  434.0  -13.286  -13.393  -13.505   4345.28     swift_B 
 60776.124  436.0  -13.266  -13.374  -13.486   4345.28     swift_B 
  60778.26  438.0  -13.247  -13.355  -13.467   4345.28     swift_B 
 60780.396  440.0  -13.228  -13.336  -13.448   4345.28     swift_B 
 60782.532  442.0  -13.209  -13.317   -13.43   4345.28     swift_B 
 60784.668  444.0   -13.19  -13.299  -13.411   4345.28     swift_B 
 60786.804  446.0  -13.171   -13.28  -13.392   4345.28     swift_B 
  60788.94  448.0  -13.153  -13.261  -13.374   4345.28     swift_B 
 60791.076  450.0  -13.134  -13.243  -13.356   4345.28     swift_B 
 60793.212  452.0  -13.115  -13.224  -13.337   4345.28     swift_B 
 60795.348  454.0  -13.097  -13.206  -13.319   4345.28     swift_B 
 60797.484  456.0  -13.078  -13.188  -13.301   4345.28     swift_B 
  60799.62  458.0   -13.06   -13.17  -13.283   4345.28     swift_B 
 60801.756  460.0  -13.042  -13.151  -13.265   4345.28     swift_B 
 60803.892  462.0  -13.023  -13.133  -13.248   4345.28     swift_B 
 60806.028  464.0  -13.005  -13.115   -13.23   4345.28     swift_B 
 60808.164  466.0  -12.987  -13.098  -13.212   4345.28     swift_B 
   60810.3  468.0  -12.969   -13.08  -13.195   4345.28     swift_B 
 60812.436  470.0  -12.951  -13.062  -13.177   4345.28     swift_B 
 60814.572  472.0  -12.934  -13.044   -13.16   4345.28     swift_B 
 60816.708  474.0  -12.916  -13.027  -13.142   4345.28     swift_B 
 60818.844  476.0  -12.898  -13.009  -13.125   4345.28     swift_B 
  60820.98  478.0   -12.88  -12.992  -13.108   4345.28     swift_B 
 60823.116  480.0  -12.863  -12.974   -13.09   4345.28     swift_B 
 60825.252  482.0  -12.845  -12.957  -13.073   4345.28     swift_B 
 60827.388  484.0  -12.828   -12.94  -13.056   4345.28     swift_B 
 60829.524  486.0  -12.811  -12.923  -13.039   4345.28     swift_B 
  60831.66  488.0  -12.793  -12.905  -13.022   4345.28     swift_B 
 60833.796  490.0  -12.776  -12.888  -13.005   4345.28     swift_B 
 60835.932  492.0  -12.759  -12.871  -12.988   4345.28     swift_B 
 60838.068  494.0  -12.742  -12.854  -12.971   4345.28     swift_B 
 60840.204  496.0  -12.725  -12.838  -12.954   4345.28     swift_B 
  60842.34  498.0  -12.708  -12.821  -12.937   4345.28     swift_B 
 60844.476  500.0  -12.691  -12.804   -12.92   4345.28     swift_B 
 60846.612  502.0  -12.674  -12.787  -12.903   4345.28     swift_B 
 60848.748  504.0  -12.658   -12.77  -12.886   4345.28     swift_B 
 60850.884  506.0  -12.641  -12.753   -12.87   4345.28     swift_B 
  60853.02  508.0  -12.624  -12.736  -12.853   4345.28     swift_B 
 60855.156  510.0  -12.608   -12.72  -12.837   4345.28     swift_B 
 60857.292  512.0  -12.591  -12.703   -12.82   4345.28     swift_B 
 60859.428  514.0  -12.575  -12.687  -12.804   4345.28     swift_B 
 60861.564  516.0  -12.558  -12.671  -12.788   4345.28     swift_B 
   60863.7  518.0  -12.542  -12.655  -12.772   4345.28     swift_B 
 60865.836  520.0  -12.526  -12.638  -12.756   4345.28     swift_B 
 60867.972  522.0   -12.51  -12.622   -12.74   4345.28     swift_B 
 60870.108  524.0  -12.494  -12.606  -12.724   4345.28     swift_B 
 60872.244  526.0  -12.477   -12.59  -12.709   4345.28     swift_B 
  60874.38  528.0  -12.462  -12.574  -12.693   4345.28     swift_B 
 60876.516  530.0  -12.446  -12.558  -12.677   4345.28     swift_B 
 60878.652  532.0   -12.43  -12.542  -12.661   4345.28     swift_B 
 60880.788  534.0  -12.414  -12.526  -12.646   4345.28     swift_B 
 60882.924  536.0  -12.398   -12.51   -12.63   4345.28     swift_B 
  60885.06  538.0  -12.382  -12.495  -12.615   4345.28     swift_B 
 60887.196  540.0  -12.367  -12.479  -12.599   4345.28     swift_B 
 60889.332  542.0  -12.351  -12.463  -12.584   4345.28     swift_B 
 60891.468  544.0  -12.336  -12.448  -12.569   4345.28     swift_B 
 60893.604  546.0   -12.32  -12.432  -12.554   4345.28     swift_B 
  60895.74  548.0  -12.305  -12.417  -12.538   4345.28     swift_B 
 60897.876  550.0  -12.289  -12.402  -12.523   4345.28     swift_B 
 60900.012  552.0  -12.274  -12.387  -12.508   4345.28     swift_B 
 60902.148  554.0  -12.259  -12.371  -12.493   4345.28     swift_B 
 60904.284  556.0  -12.244  -12.356  -12.478   4345.28     swift_B 
  60906.42  558.0  -12.229  -12.341  -12.463   4345.28     swift_B 
 60908.556  560.0  -12.213  -12.326  -12.448   4345.28     swift_B 
 60910.692  562.0  -12.198  -12.311  -12.434   4345.28     swift_B 
 60912.828  564.0  -12.183  -12.297  -12.419   4345.28     swift_B 
 60914.964  566.0  -12.168  -12.282  -12.404   4345.28     swift_B 
   60917.1  568.0  -12.154  -12.267   -12.39   4345.28     swift_B 
 60919.236  570.0  -12.139  -12.252  -12.375   4345.28     swift_B 
 60921.372  572.0  -12.124  -12.238   -12.36   4345.28     swift_B 
 60923.508  574.0  -12.109  -12.223  -12.346   4345.28     swift_B 
 60925.644  576.0  -12.095  -12.208  -12.331   4345.28     swift_B 
  60927.78  578.0   -12.08  -12.194  -12.317   4345.28     swift_B 
 60929.916  580.0  -12.065  -12.179  -12.303   4345.28     swift_B 
 60932.052  582.0  -12.051  -12.165  -12.288   4345.28     swift_B 
 60934.188  584.0  -12.036   -12.15  -12.274   4345.28     swift_B 
 60936.324  586.0  -12.022  -12.136   -12.26   4345.28     swift_B 
  60938.46  588.0  -12.007  -12.122  -12.246   4345.28     swift_B 
 60940.596  590.0  -11.993  -12.108  -12.232   4345.28     swift_B 
 60942.732  592.0  -11.979  -12.093  -12.218   4345.28     swift_B 
 60944.868  594.0  -11.964  -12.079  -12.204   4345.28     swift_B 
 60947.004  596.0   -11.95  -12.065   -12.19   4345.28     swift_B 
  60949.14  598.0  -11.936  -12.051  -12.176   4345.28     swift_B 
 60951.276  600.0  -11.922  -12.037  -12.162   4345.28     swift_B 
 60953.412  602.0  -11.908  -12.023  -12.148   4345.28     swift_B 
 60955.548  604.0  -11.894  -12.009  -12.134   4345.28     swift_B 
 60957.684  606.0   -11.88  -11.995   -12.12   4345.28     swift_B 
  60959.82  608.0  -11.866  -11.981  -12.106   4345.28     swift_B 
 60961.956  610.0  -11.852  -11.967  -12.093   4345.28     swift_B 
 60964.092  612.0  -11.838  -11.954  -12.079   4345.28     swift_B 
 60966.228  614.0  -11.824   -11.94  -12.066   4345.28     swift_B 
 60968.364  616.0  -11.811  -11.926  -12.052   4345.28     swift_B 
   60970.5  618.0  -11.797  -11.912  -12.038   4345.28     swift_B 
 60972.636  620.0  -11.783  -11.899  -12.025   4345.28     swift_B 
 60974.772  622.0   -11.77  -11.885  -12.012   4345.28     swift_B 
 60976.908  624.0  -11.756  -11.872  -11.998   4345.28     swift_B 
 60979.044  626.0  -11.743  -11.858  -11.985   4345.28     swift_B 
  60981.18  628.0  -11.729  -11.845  -11.971   4345.28     swift_B 
 60983.316  630.0  -11.716  -11.831  -11.958   4345.28     swift_B 
 60985.452  632.0  -11.702  -11.818  -11.945   4345.28     swift_B 
 60987.588  634.0  -11.689  -11.804  -11.932   4345.28     swift_B 
 60989.724  636.0  -11.675  -11.791  -11.919   4345.28     swift_B 
  60991.86  638.0  -11.662  -11.778  -11.905   4345.28     swift_B 
 60993.996  640.0  -11.648  -11.764  -11.892   4345.28     swift_B 
 60996.132  642.0  -11.635  -11.751  -11.879   4345.28     swift_B 
 60998.268  644.0  -11.622  -11.738  -11.866   4345.28     swift_B 
 61000.404  646.0  -11.609  -11.725  -11.853   4345.28     swift_B 
  61002.54  648.0  -11.595  -11.712   -11.84   4345.28     swift_B 
 61004.676  650.0  -11.582  -11.699  -11.827   4345.28     swift_B 
 61006.812  652.0  -11.569  -11.686  -11.815   4345.28     swift_B 
 61008.948  654.0  -11.556  -11.673  -11.802   4345.28     swift_B 
 61011.084  656.0  -11.543   -11.66  -11.789   4345.28     swift_B 
  61013.22  658.0   -11.53  -11.647  -11.776   4345.28     swift_B 
 61015.356  660.0  -11.517  -11.634  -11.763   4345.28     swift_B 
 61017.492  662.0  -11.504  -11.621  -11.751   4345.28     swift_B 
 61019.628  664.0  -11.491  -11.609  -11.738   4345.28     swift_B 
 61021.764  666.0  -11.478  -11.596  -11.725   4345.28     swift_B 
   61023.9  668.0  -11.465  -11.583  -11.713   4345.28     swift_B 
 61026.036  670.0  -11.452  -11.571    -11.7   4345.28     swift_B 
 61028.172  672.0   -11.44  -11.558  -11.688   4345.28     swift_B 
 61030.308  674.0  -11.427  -11.545  -11.675   4345.28     swift_B 
 61032.444  676.0  -11.414  -11.533  -11.663   4345.28     swift_B 
  61034.58  678.0  -11.402   -11.52   -11.65   4345.28     swift_B 
 61036.716  680.0  -11.389  -11.508  -11.638   4345.28     swift_B 
 61038.852  682.0  -11.376  -11.495  -11.626   4345.28     swift_B 
 61040.988  684.0  -11.364  -11.483  -11.613   4345.28     swift_B 
 61043.124  686.0  -11.351  -11.471  -11.601   4345.28     swift_B 
  61045.26  688.0  -11.339  -11.458  -11.589   4345.28     swift_B 
 61047.396  690.0  -11.326  -11.446  -11.577   4345.28     swift_B 
 61049.532  692.0  -11.314  -11.434  -11.565   4345.28     swift_B 
 61051.668  694.0  -11.302  -11.421  -11.552   4345.28     swift_B 
 61053.804  696.0  -11.289  -11.409   -11.54   4345.28     swift_B 
  61055.94  698.0  -11.277  -11.397  -11.528   4345.28     swift_B 
 61058.076  700.0  -11.265  -11.385  -11.516   4345.28     swift_B 
 61060.212  702.0  -11.253  -11.373  -11.504   4345.28     swift_B 
 61062.348  704.0   -11.24  -11.361  -11.492   4345.28     swift_B 
 61064.484  706.0  -11.228  -11.349   -11.48   4345.28     swift_B 
  61066.62  708.0  -11.216  -11.337  -11.468   4345.28     swift_B 
 61068.756  710.0  -11.204  -11.325  -11.457   4345.28     swift_B 
 61070.892  712.0  -11.192  -11.313  -11.445   4345.28     swift_B 
 61073.028  714.0   -11.18  -11.301  -11.433   4345.28     swift_B 
 61075.164  716.0  -11.168  -11.289  -11.421   4345.28     swift_B 
   61077.3  718.0  -11.156  -11.277  -11.409   4345.28     swift_B 
 61079.436  720.0  -11.144  -11.265  -11.398   4345.28     swift_B 
 61081.572  722.0  -11.132  -11.254  -11.386   4345.28     swift_B 
 61083.708  724.0   -11.12  -11.242  -11.374   4345.28     swift_B 
 61085.844  726.0  -11.109   -11.23  -11.363   4345.28     swift_B 
  61087.98  728.0  -11.097  -11.218  -11.351   4345.28     swift_B 
 61090.116  730.0  -11.085  -11.207   -11.34   4345.28     swift_B 
 61092.252  732.0  -11.074  -11.195  -11.328   4345.28     swift_B 
 61094.388  734.0  -11.062  -11.184  -11.317   4345.28     swift_B 
 61096.524  736.0   -11.05  -11.172  -11.305   4345.28     swift_B 
  61098.66  738.0  -11.039  -11.161  -11.294   4345.28     swift_B 
 61100.796  740.0  -11.027  -11.149  -11.282   4345.28     swift_B 
 61102.932  742.0  -11.016  -11.138  -11.271   4345.28     swift_B 
 61105.068  744.0  -11.004  -11.126  -11.259   4345.28     swift_B 
 61107.204  746.0  -10.993  -11.115  -11.248   4345.28     swift_B 
  61109.34  748.0  -10.981  -11.103  -11.237   4345.28     swift_B 
 61111.476  750.0   -10.97  -11.092  -11.226   4345.28     swift_B 
 61113.612  752.0  -10.958  -11.081  -11.214   4345.28     swift_B 
 61115.748  754.0  -10.947  -11.069  -11.203   4345.28     swift_B 
 61117.884  756.0  -10.936  -11.058  -11.192   4345.28     swift_B 
  61120.02  758.0  -10.924  -11.047  -11.181   4345.28     swift_B 
 61122.156  760.0  -10.913  -11.036   -11.17   4345.28     swift_B 
 61124.292  762.0  -10.902  -11.025  -11.159   4345.28     swift_B 
 61126.428  764.0  -10.891  -11.014  -11.148   4345.28     swift_B 
 61128.564  766.0   -10.88  -11.002  -11.137   4345.28     swift_B 
   61130.7  768.0  -10.869  -10.991  -11.126   4345.28     swift_B 
 61132.836  770.0  -10.857   -10.98  -11.115   4345.28     swift_B 
 61134.972  772.0  -10.846  -10.969  -11.104   4345.28     swift_B 
 61137.108  774.0  -10.835  -10.958  -11.093   4345.28     swift_B 
 61139.244  776.0  -10.824  -10.947  -11.082   4345.28     swift_B 
  61141.38  778.0  -10.813  -10.936  -11.071   4345.28     swift_B 
 61143.516  780.0  -10.802  -10.925   -11.06   4345.28     swift_B 
 61145.652  782.0  -10.791  -10.915  -11.049   4345.28     swift_B 
 61147.788  784.0   -10.78  -10.904  -11.038   4345.28     swift_B 
 61149.924  786.0   -10.77  -10.893  -11.028   4345.28     swift_B 
  61152.06  788.0  -10.759  -10.882  -11.017   4345.28     swift_B 
 61154.196  790.0  -10.748  -10.871  -11.006   4345.28     swift_B 
 61156.332  792.0  -10.737  -10.861  -10.996   4345.28     swift_B 
 61158.468  794.0  -10.726   -10.85  -10.985   4345.28     swift_B 
 61160.604  796.0  -10.716  -10.839  -10.974   4345.28     swift_B 
  61162.74  798.0  -10.705  -10.828  -10.964   4345.28     swift_B 
 61164.876  800.0  -10.694  -10.818  -10.953   4345.28     swift_B 
 60310.476    0.0      nan      nan      nan   4369.53           B 
  60311.01    0.5  -10.182  -12.258  -13.066   4369.53           B 
 60311.544    1.0  -10.567  -12.883  -13.762   4369.53           B 
 60312.078    1.5  -11.977  -13.558   -14.29   4369.53           B 
 60312.612    2.0  -12.916  -14.074  -14.698   4369.53           B 
 60313.146    2.5  -13.548  -14.481   -15.03   4369.53           B 
  60313.68    3.0  -14.119   -14.87  -15.341   4369.53           B 
 60314.214    3.5  -14.544  -15.186  -15.599   4369.53           B 
 60314.748    4.0  -14.919   -15.46  -15.822   4369.53           B 
 60315.282    4.5  -15.221  -15.704  -16.027   4369.53           B 
 60315.816    5.0  -15.517  -15.917  -16.215   4369.53           B 
  60316.35    5.5  -15.779   -16.11  -16.383   4369.53           B 
 60316.884    6.0  -16.001  -16.289  -16.539   4369.53           B 
 60317.418    6.5  -16.198  -16.454  -16.682   4369.53           B 
 60317.952    7.0  -16.377  -16.615  -16.814   4369.53           B 
 60318.486    7.5  -16.538  -16.756  -16.935   4369.53           B 
  60319.02    8.0  -16.686   -16.88  -17.047   4369.53           B 
 60319.554    8.5  -16.823  -16.996  -17.152   4369.53           B 
 60320.088    9.0  -16.952  -17.104  -17.254   4369.53           B 
 60320.622    9.5  -17.068  -17.206   -17.35   4369.53           B 
 60321.156   10.0   -17.18  -17.304  -17.443   4369.53           B 
  60321.69   10.5  -17.282  -17.399   -17.53   4369.53           B 
 60322.224   11.0   -17.38  -17.486  -17.612   4369.53           B 
 60322.758   11.5  -17.472   -17.57  -17.691   4369.53           B 
 60323.292   12.0  -17.561  -17.652  -17.767   4369.53           B 
 60323.826   12.5  -17.646  -17.727  -17.839   4369.53           B 
  60324.36   13.0  -17.725  -17.799  -17.908   4369.53           B 
 60324.894   13.5  -17.799  -17.869  -17.973   4369.53           B 
 60325.428   14.0  -17.871  -17.935  -18.036   4369.53           B 
 60325.962   14.5  -17.939  -17.999  -18.096   4369.53           B 
 60326.496   15.0  -18.004   -18.06  -18.153   4369.53           B 
  60327.03   15.5  -18.064  -18.118  -18.209   4369.53           B 
 60327.564   16.0  -18.122  -18.175  -18.262   4369.53           B 
 60328.098   16.5  -18.179  -18.232  -18.313   4369.53           B 
 60328.632   17.0  -18.232  -18.285  -18.362   4369.53           B 
 60329.166   17.5  -18.284  -18.337   -18.41   4369.53           B 
   60329.7   18.0  -18.334  -18.386  -18.457   4369.53           B 
 60330.234   18.5  -18.382  -18.435  -18.501   4369.53           B 
 60330.768   19.0  -18.429  -18.482  -18.546   4369.53           B 
 60331.302   19.5  -18.475  -18.528  -18.588   4369.53           B 
 60331.836   20.0  -18.521  -18.571  -18.628   4369.53           B 
  60332.37   20.5  -18.565  -18.613  -18.668   4369.53           B 
 60332.904   21.0  -18.607  -18.653  -18.706   4369.53           B 
 60333.438   21.5  -18.646  -18.693  -18.744   4369.53           B 
 60333.972   22.0  -18.685  -18.731  -18.781   4369.53           B 
 60334.506   22.5  -18.724  -18.768  -18.816   4369.53           B 
  60335.04   23.0  -18.761  -18.802   -18.85   4369.53           B 
 60335.574   23.5  -18.796  -18.837  -18.885   4369.53           B 
 60336.108   24.0   -18.83  -18.869  -18.918   4369.53           B 
 60336.642   24.5  -18.862  -18.901  -18.949   4369.53           B 
 60337.176   25.0  -18.894  -18.932  -18.979   4369.53           B 
  60337.71   25.5  -18.926  -18.962   -19.01   4369.53           B 
 60338.244   26.0  -18.956  -18.992  -19.039   4369.53           B 
 60338.778   26.5  -18.985  -19.021  -19.068   4369.53           B 
 60339.312   27.0  -19.013   -19.05  -19.095   4369.53           B 
 60339.846   27.5  -19.041  -19.078  -19.121   4369.53           B 
  60340.38   28.0  -19.068  -19.106  -19.147   4369.53           B 
 60340.914   28.5  -19.095  -19.132  -19.174   4369.53           B 
 60341.448   29.0  -19.121  -19.157  -19.198   4369.53           B 
 60341.982   29.5  -19.146  -19.182  -19.222   4369.53           B 
 60342.516   30.0  -19.171  -19.205  -19.245   4369.53           B 
  60343.05   30.5  -19.195  -19.229  -19.269   4369.53           B 
 60343.584   31.0  -19.218  -19.251  -19.292   4369.53           B 
 60344.118   31.5  -19.241  -19.273  -19.314   4369.53           B 
 60344.652   32.0  -19.263  -19.295  -19.336   4369.53           B 
 60345.186   32.5  -19.284  -19.315  -19.356   4369.53           B 
  60345.72   33.0  -19.305  -19.336  -19.375   4369.53           B 
 60346.254   33.5  -19.326  -19.356  -19.395   4369.53           B 
 60346.788   34.0  -19.345  -19.375  -19.414   4369.53           B 
 60347.322   34.5  -19.365  -19.393  -19.432   4369.53           B 
 60347.856   35.0  -19.384  -19.412  -19.449   4369.53           B 
  60348.39   35.5  -19.402  -19.429  -19.467   4369.53           B 
 60348.924   36.0  -19.419  -19.446  -19.483   4369.53           B 
 60349.458   36.5  -19.436  -19.462    -19.5   4369.53           B 
 60349.992   37.0  -19.452  -19.479  -19.517   4369.53           B 
 60350.526   37.5  -19.467  -19.495  -19.533   4369.53           B 
  60351.06   38.0  -19.483   -19.51  -19.549   4369.53           B 
 60351.594   38.5  -19.498  -19.525  -19.563   4369.53           B 
 60352.128   39.0  -19.513   -19.54  -19.577   4369.53           B 
 60352.662   39.5  -19.529  -19.554  -19.592   4369.53           B 
 60353.196   40.0  -19.544  -19.568  -19.606   4369.53           B 
  60353.73   40.5  -19.557  -19.582  -19.619   4369.53           B 
 60354.264   41.0   -19.57  -19.596  -19.632   4369.53           B 
 60354.798   41.5  -19.582  -19.608  -19.644   4369.53           B 
 60355.332   42.0  -19.594  -19.621  -19.657   4369.53           B 
 60355.866   42.5  -19.606  -19.633  -19.669   4369.53           B 
   60356.4   43.0  -19.618  -19.645   -19.68   4369.53           B 
 60356.934   43.5  -19.629  -19.656  -19.691   4369.53           B 
 60357.468   44.0  -19.639  -19.667  -19.702   4369.53           B 
 60358.002   44.5  -19.649  -19.678  -19.712   4369.53           B 
 60358.536   45.0  -19.658  -19.687  -19.722   4369.53           B 
  60359.07   45.5  -19.668  -19.697  -19.732   4369.53           B 
 60359.604   46.0  -19.678  -19.707  -19.742   4369.53           B 
 60360.138   46.5  -19.687  -19.716  -19.751   4369.53           B 
 60360.672   47.0  -19.696  -19.725  -19.761   4369.53           B 
 60361.206   47.5  -19.704  -19.734  -19.769   4369.53           B 
  60361.74   48.0  -19.712  -19.743  -19.778   4369.53           B 
 60362.274   48.5  -19.719  -19.751  -19.786   4369.53           B 
 60362.808   49.0  -19.727  -19.759  -19.794   4369.53           B 
 60363.342   49.5  -19.734  -19.766  -19.802   4369.53           B 
 60363.876   50.0  -19.741  -19.774  -19.809   4369.53           B 
  60364.41   50.5  -19.748  -19.781  -19.816   4369.53           B 
 60364.944   51.0  -19.754  -19.787  -19.823   4369.53           B 
 60365.478   51.5   -19.76  -19.794   -19.83   4369.53           B 
 60366.012   52.0  -19.765    -19.8  -19.836   4369.53           B 
 60366.546   52.5   -19.77  -19.805  -19.841   4369.53           B 
  60367.08   53.0  -19.775  -19.811  -19.847   4369.53           B 
 60367.614   53.5   -19.78  -19.816  -19.853   4369.53           B 
 60368.148   54.0  -19.784  -19.821  -19.858   4369.53           B 
 60368.682   54.5  -19.788  -19.826  -19.863   4369.53           B 
 60369.216   55.0  -19.792   -19.83  -19.868   4369.53           B 
  60369.75   55.5  -19.795  -19.834  -19.872   4369.53           B 
 60370.284   56.0  -19.799  -19.838  -19.876   4369.53           B 
 60370.818   56.5  -19.802  -19.842   -19.88   4369.53           B 
 60371.352   57.0  -19.805  -19.845  -19.883   4369.53           B 
 60371.886   57.5  -19.809  -19.848  -19.886   4369.53           B 
  60372.42   58.0  -19.812   -19.85  -19.888   4369.53           B 
 60372.954   58.5  -19.814  -19.852  -19.891   4369.53           B 
 60373.488   59.0  -19.816  -19.855  -19.893   4369.53           B 
 60374.022   59.5  -19.818  -19.856  -19.895   4369.53           B 
 60374.556   60.0  -19.819  -19.858  -19.896   4369.53           B 
  60375.09   60.5   -19.82  -19.859  -19.898   4369.53           B 
 60375.624   61.0  -19.821   -19.86  -19.899   4369.53           B 
 60376.158   61.5  -19.822   -19.86    -19.9   4369.53           B 
 60376.692   62.0  -19.822  -19.861    -19.9   4369.53           B 
 60377.226   62.5  -19.823  -19.861    -19.9   4369.53           B 
  60377.76   63.0  -19.823  -19.861    -19.9   4369.53           B 
 60378.294   63.5  -19.823  -19.861  -19.899   4369.53           B 
 60378.828   64.0  -19.822   -19.86  -19.898   4369.53           B 
 60379.362   64.5  -19.821  -19.859  -19.898   4369.53           B 
 60379.896   65.0   -19.82  -19.858  -19.897   4369.53           B 
  60380.43   65.5  -19.819  -19.856  -19.895   4369.53           B 
 60380.964   66.0  -19.818  -19.855  -19.894   4369.53           B 
 60381.498   66.5  -19.816  -19.853  -19.892   4369.53           B 
 60382.032   67.0  -19.814  -19.851  -19.889   4369.53           B 
 60382.566   67.5  -19.811  -19.849  -19.887   4369.53           B 
   60383.1   68.0  -19.809  -19.847  -19.884   4369.53           B 
 60383.634   68.5  -19.806  -19.844  -19.882   4369.53           B 
 60384.168   69.0  -19.802  -19.841  -19.879   4369.53           B 
 60384.702   69.5  -19.799  -19.839  -19.875   4369.53           B 
 60385.236   70.0  -19.795  -19.835  -19.872   4369.53           B 
  60385.77   70.5  -19.792  -19.831  -19.868   4369.53           B 
 60386.304   71.0  -19.788  -19.827  -19.864   4369.53           B 
 60386.838   71.5  -19.784  -19.823   -19.86   4369.53           B 
 60387.372   72.0   -19.78  -19.819  -19.855   4369.53           B 
 60387.906   72.5  -19.775  -19.814   -19.85   4369.53           B 
  60388.44   73.0  -19.769  -19.809  -19.845   4369.53           B 
 60388.974   73.5  -19.764  -19.804   -19.84   4369.53           B 
 60389.508   74.0  -19.758  -19.799  -19.834   4369.53           B 
 60390.042   74.5  -19.752  -19.794  -19.828   4369.53           B 
 60390.576   75.0  -19.746  -19.788  -19.822   4369.53           B 
  60391.11   75.5  -19.738  -19.782  -19.815   4369.53           B 
 60391.644   76.0  -19.731  -19.775  -19.809   4369.53           B 
 60392.178   76.5  -19.724  -19.768  -19.801   4369.53           B 
 60392.712   77.0  -19.717  -19.761  -19.794   4369.53           B 
 60393.246   77.5   -19.71  -19.753  -19.787   4369.53           B 
  60393.78   78.0  -19.702  -19.745  -19.779   4369.53           B 
 60394.314   78.5  -19.695  -19.737  -19.771   4369.53           B 
 60394.848   79.0  -19.687  -19.729  -19.763   4369.53           B 
 60395.382   79.5  -19.679  -19.721  -19.755   4369.53           B 
 60395.916   80.0   -19.67  -19.712  -19.747   4369.53           B 
  60396.45   80.5  -19.661  -19.703  -19.738   4369.53           B 
 60396.984   81.0  -19.652  -19.693  -19.728   4369.53           B 
 60397.518   81.5  -19.643  -19.684  -19.719   4369.53           B 
 60398.052   82.0  -19.634  -19.675  -19.709   4369.53           B 
 60398.586   82.5  -19.624  -19.665  -19.698   4369.53           B 
  60399.12   83.0  -19.613  -19.655  -19.688   4369.53           B 
 60399.654   83.5  -19.603  -19.644  -19.678   4369.53           B 
 60400.188   84.0  -19.593  -19.633  -19.668   4369.53           B 
 60400.722   84.5  -19.581  -19.622  -19.658   4369.53           B 
 60401.256   85.0   -19.57   -19.61  -19.647   4369.53           B 
  60401.79   85.5  -19.558  -19.599  -19.635   4369.53           B 
 60402.324   86.0  -19.546  -19.587  -19.623   4369.53           B 
 60402.858   86.5  -19.535  -19.575  -19.611   4369.53           B 
 60403.392   87.0  -19.522  -19.563  -19.599   4369.53           B 
 60403.926   87.5   -19.51  -19.551  -19.588   4369.53           B 
  60404.46   88.0  -19.498  -19.539  -19.576   4369.53           B 
 60404.994   88.5  -19.485  -19.526  -19.565   4369.53           B 
 60405.528   89.0  -19.472  -19.513  -19.552   4369.53           B 
 60406.062   89.5  -19.458  -19.499  -19.539   4369.53           B 
 60406.596   90.0  -19.445  -19.486  -19.526   4369.53           B 
  60407.13   90.5  -19.431  -19.472  -19.512   4369.53           B 
 60407.664   91.0  -19.418  -19.458  -19.499   4369.53           B 
 60408.198   91.5  -19.403  -19.443  -19.485   4369.53           B 
 60408.732   92.0  -19.389  -19.429  -19.471   4369.53           B 
 60409.266   92.5  -19.374  -19.414  -19.457   4369.53           B 
   60409.8   93.0   -19.36  -19.399  -19.443   4369.53           B 
 60410.334   93.5  -19.345  -19.384  -19.428   4369.53           B 
 60410.868   94.0   -19.33  -19.369  -19.414   4369.53           B 
 60411.402   94.5  -19.314  -19.354  -19.399   4369.53           B 
 60411.936   95.0  -19.299  -19.338  -19.384   4369.53           B 
  60412.47   95.5  -19.283  -19.322  -19.369   4369.53           B 
 60413.004   96.0  -19.267  -19.306  -19.354   4369.53           B 
 60413.538   96.5   -19.25   -19.29  -19.338   4369.53           B 
 60414.072   97.0  -19.234  -19.274  -19.322   4369.53           B 
 60414.606   97.5  -19.217  -19.257  -19.306   4369.53           B 
  60415.14   98.0    -19.2  -19.241  -19.289   4369.53           B 
 60415.674   98.5  -19.183  -19.224  -19.272   4369.53           B 
 60416.208   99.0  -19.166  -19.206  -19.255   4369.53           B 
 60416.742   99.5  -19.148  -19.189  -19.238   4369.53           B 
 60417.276  100.0  -19.131  -19.171   -19.22   4369.53           B 
 60417.276  100.0  -19.131  -19.171   -19.22   4369.53           B 
 60419.412  102.0  -19.058  -19.098  -19.148   4369.53           B 
 60421.548  104.0  -18.979  -19.021  -19.073   4369.53           B 
 60423.684  106.0  -18.899  -18.941  -18.994   4369.53           B 
  60425.82  108.0  -18.815  -18.859  -18.913   4369.53           B 
 60427.956  110.0  -18.729  -18.776  -18.828   4369.53           B 
 60430.092  112.0  -18.647  -18.689  -18.741   4369.53           B 
 60432.228  114.0  -18.572   -18.61  -18.663   4369.53           B 
 60434.364  116.0  -18.505  -18.544  -18.587   4369.53           B 
   60436.5  118.0   -18.45  -18.483  -18.531   4369.53           B 
 60438.636  120.0  -18.392  -18.429  -18.477   4369.53           B 
 60440.772  122.0  -18.339  -18.376  -18.423   4369.53           B 
 60442.908  124.0  -18.287  -18.324   -18.37   4369.53           B 
 60445.044  126.0  -18.233  -18.272  -18.316   4369.53           B 
  60447.18  128.0   -18.18  -18.219  -18.262   4369.53           B 
 60449.316  130.0  -18.128  -18.167  -18.207   4369.53           B 
 60451.452  132.0  -18.078  -18.115  -18.153   4369.53           B 
 60453.588  134.0  -18.025  -18.063    -18.1   4369.53           B 
 60455.724  136.0  -17.972  -18.012  -18.048   4369.53           B 
  60457.86  138.0  -17.919   -17.96  -17.998   4369.53           B 
 60459.996  140.0  -17.866  -17.908  -17.948   4369.53           B 
 60462.132  142.0  -17.816  -17.857  -17.897   4369.53           B 
 60464.268  144.0  -17.764  -17.805  -17.844   4369.53           B 
 60466.404  146.0  -17.711  -17.754  -17.794   4369.53           B 
  60468.54  148.0  -17.659  -17.703  -17.746   4369.53           B 
 60470.676  150.0  -17.608  -17.652  -17.696   4369.53           B 
 60472.812  152.0  -17.558  -17.602  -17.647   4369.53           B 
 60474.948  154.0  -17.509  -17.552  -17.597   4369.53           B 
 60477.084  156.0   -17.46  -17.503  -17.547   4369.53           B 
  60479.22  158.0  -17.411  -17.456  -17.499   4369.53           B 
 60481.356  160.0  -17.361  -17.408  -17.452   4369.53           B 
 60483.492  162.0  -17.312  -17.361  -17.404   4369.53           B 
 60485.628  164.0  -17.264  -17.314  -17.359   4369.53           B 
 60487.764  166.0  -17.215  -17.269  -17.314   4369.53           B 
   60489.9  168.0  -17.166  -17.223   -17.27   4369.53           B 
 60492.036  170.0  -17.119  -17.177  -17.227   4369.53           B 
 60494.172  172.0  -17.073  -17.133  -17.182   4369.53           B 
 60496.308  174.0  -17.029  -17.088  -17.138   4369.53           B 
 60498.444  176.0  -16.984  -17.044  -17.094   4369.53           B 
  60500.58  178.0  -16.941  -17.001  -17.051   4369.53           B 
 60502.716  180.0  -16.897  -16.958  -17.008   4369.53           B 
 60504.852  182.0  -16.854  -16.916  -16.966   4369.53           B 
 60506.988  184.0  -16.811  -16.873  -16.925   4369.53           B 
 60509.124  186.0  -16.768  -16.831  -16.885   4369.53           B 
  60511.26  188.0  -16.725   -16.79  -16.845   4369.53           B 
 60513.396  190.0  -16.683  -16.749  -16.805   4369.53           B 
 60515.532  192.0  -16.642  -16.709  -16.765   4369.53           B 
 60517.668  194.0  -16.601  -16.669  -16.726   4369.53           B 
 60519.804  196.0  -16.561   -16.63  -16.687   4369.53           B 
  60521.94  198.0  -16.521  -16.591  -16.649   4369.53           B 
 60524.076  200.0  -16.481  -16.553  -16.611   4369.53           B 
 60526.212  202.0  -16.441  -16.514  -16.574   4369.53           B 
 60528.348  204.0  -16.402  -16.476  -16.536   4369.53           B 
 60530.484  206.0  -16.363  -16.439  -16.499   4369.53           B 
  60532.62  208.0  -16.324  -16.401  -16.463   4369.53           B 
 60534.756  210.0  -16.286  -16.363  -16.426   4369.53           B 
 60536.892  212.0  -16.248  -16.326   -16.39   4369.53           B 
 60539.028  214.0   -16.21  -16.289  -16.353   4369.53           B 
 60541.164  216.0  -16.172  -16.252  -16.318   4369.53           B 
   60543.3  218.0  -16.134  -16.216  -16.282   4369.53           B 
 60545.436  220.0  -16.097   -16.18  -16.247   4369.53           B 
 60547.572  222.0  -16.061  -16.144  -16.212   4369.53           B 
 60549.708  224.0  -16.026  -16.109  -16.177   4369.53           B 
 60551.844  226.0   -15.99  -16.074  -16.143   4369.53           B 
  60553.98  228.0  -15.956  -16.039  -16.109   4369.53           B 
 60556.116  230.0  -15.921  -16.005  -16.076   4369.53           B 
 60558.252  232.0  -15.886  -15.971  -16.042   4369.53           B 
 60560.388  234.0  -15.852  -15.937  -16.009   4369.53           B 
 60562.524  236.0  -15.817  -15.903  -15.976   4369.53           B 
  60564.66  238.0  -15.783  -15.869  -15.943   4369.53           B 
 60566.796  240.0   -15.75  -15.836  -15.911   4369.53           B 
 60568.932  242.0  -15.716  -15.803  -15.879   4369.53           B 
 60571.068  244.0  -15.683   -15.77  -15.847   4369.53           B 
 60573.204  246.0   -15.65  -15.738  -15.815   4369.53           B 
  60575.34  248.0  -15.618  -15.706  -15.784   4369.53           B 
 60577.476  250.0  -15.585  -15.674  -15.753   4369.53           B 
 60579.612  252.0  -15.553  -15.642  -15.721   4369.53           B 
 60581.748  254.0  -15.521   -15.61   -15.69   4369.53           B 
 60583.884  256.0  -15.489  -15.579   -15.66   4369.53           B 
  60586.02  258.0  -15.458  -15.548  -15.629   4369.53           B 
 60588.156  260.0  -15.427  -15.517  -15.598   4369.53           B 
 60590.292  262.0  -15.396  -15.486  -15.568   4369.53           B 
 60592.428  264.0  -15.365  -15.456  -15.538   4369.53           B 
 60594.564  266.0  -15.334  -15.425  -15.508   4369.53           B 
   60596.7  268.0  -15.304  -15.396  -15.479   4369.53           B 
 60598.836  270.0  -15.273  -15.365  -15.449   4369.53           B 
 60600.972  272.0  -15.243  -15.336   -15.42   4369.53           B 
 60603.108  274.0  -15.213  -15.306  -15.391   4369.53           B 
 60605.244  276.0  -15.184  -15.277  -15.362   4369.53           B 
  60607.38  278.0  -15.155  -15.248  -15.333   4369.53           B 
 60609.516  280.0  -15.125  -15.219  -15.305   4369.53           B 
 60611.652  282.0  -15.096   -15.19  -15.276   4369.53           B 
 60613.788  284.0  -15.067  -15.161  -15.248   4369.53           B 
 60615.924  286.0  -15.038  -15.133   -15.22   4369.53           B 
  60618.06  288.0   -15.01  -15.105  -15.192   4369.53           B 
 60620.196  290.0  -14.982  -15.077  -15.165   4369.53           B 
 60622.332  292.0  -14.954  -15.049  -15.137   4369.53           B 
 60624.468  294.0  -14.926  -15.022   -15.11   4369.53           B 
 60626.604  296.0  -14.898  -14.994  -15.083   4369.53           B 
  60628.74  298.0  -14.871  -14.967  -15.056   4369.53           B 
 60630.876  300.0  -14.844   -14.94  -15.029   4369.53           B 
 60633.012  302.0  -14.816  -14.913  -15.003   4369.53           B 
 60635.148  304.0  -14.789  -14.886  -14.977   4369.53           B 
 60637.284  306.0  -14.763  -14.859  -14.951   4369.53           B 
  60639.42  308.0  -14.736  -14.833  -14.925   4369.53           B 
 60641.556  310.0   -14.71  -14.806  -14.899   4369.53           B 
 60643.692  312.0  -14.684   -14.78  -14.873   4369.53           B 
 60645.828  314.0  -14.658  -14.754  -14.848   4369.53           B 
 60647.964  316.0  -14.632  -14.728  -14.822   4369.53           B 
   60650.1  318.0  -14.606  -14.702  -14.797   4369.53           B 
 60652.236  320.0   -14.58  -14.677  -14.772   4369.53           B 
 60654.372  322.0  -14.554  -14.652  -14.747   4369.53           B 
 60656.508  324.0  -14.528  -14.626  -14.721   4369.53           B 
 60658.644  326.0  -14.503  -14.601  -14.696   4369.53           B 
  60660.78  328.0  -14.478  -14.577  -14.671   4369.53           B 
 60662.916  330.0  -14.453  -14.552  -14.646   4369.53           B 
 60665.052  332.0  -14.428  -14.527  -14.622   4369.53           B 
 60667.188  334.0  -14.403  -14.503  -14.598   4369.53           B 
 60669.324  336.0  -14.379  -14.478  -14.574   4369.53           B 
  60671.46  338.0  -14.354  -14.454   -14.55   4369.53           B 
 60673.596  340.0   -14.33   -14.43  -14.526   4369.53           B 
 60675.732  342.0  -14.305  -14.406  -14.503   4369.53           B 
 60677.868  344.0  -14.281  -14.382  -14.479   4369.53           B 
 60680.004  346.0  -14.257  -14.358  -14.455   4369.53           B 
  60682.14  348.0  -14.233  -14.335  -14.432   4369.53           B 
 60684.276  350.0  -14.209  -14.311  -14.408   4369.53           B 
 60686.412  352.0  -14.185  -14.287  -14.385   4369.53           B 
 60688.548  354.0  -14.161  -14.264  -14.363   4369.53           B 
 60690.684  356.0  -14.138   -14.24   -14.34   4369.53           B 
  60692.82  358.0  -14.114  -14.217  -14.317   4369.53           B 
 60694.956  360.0  -14.091  -14.194  -14.295   4369.53           B 
 60697.092  362.0  -14.068  -14.171  -14.272   4369.53           B 
 60699.228  364.0  -14.045  -14.148   -14.25   4369.53           B 
 60701.364  366.0  -14.022  -14.126  -14.228   4369.53           B 
   60703.5  368.0  -13.999  -14.103  -14.206   4369.53           B 
 60705.636  370.0  -13.976   -14.08  -14.184   4369.53           B 
 60707.772  372.0  -13.954  -14.058  -14.162   4369.53           B 
 60709.908  374.0  -13.932  -14.036   -14.14   4369.53           B 
 60712.044  376.0   -13.91  -14.013  -14.119   4369.53           B 
  60714.18  378.0  -13.888  -13.991  -14.097   4369.53           B 
 60716.316  380.0  -13.866   -13.97  -14.076   4369.53           B 
 60718.452  382.0  -13.844  -13.948  -14.054   4369.53           B 
 60720.588  384.0  -13.822  -13.926  -14.033   4369.53           B 
 60722.724  386.0  -13.801  -13.904  -14.012   4369.53           B 
  60724.86  388.0  -13.779  -13.883  -13.991   4369.53           B 
 60726.996  390.0  -13.758  -13.862   -13.97   4369.53           B 
 60729.132  392.0  -13.737   -13.84  -13.949   4369.53           B 
 60731.268  394.0  -13.715  -13.819  -13.928   4369.53           B 
 60733.404  396.0  -13.694  -13.798  -13.908   4369.53           B 
  60735.54  398.0  -13.673  -13.777  -13.887   4369.53           B 
 60737.676  400.0  -13.653  -13.756  -13.867   4369.53           B 
 60739.812  402.0  -13.632  -13.735  -13.846   4369.53           B 
 60741.948  404.0  -13.611  -13.715  -13.826   4369.53           B 
 60744.084  406.0  -13.591  -13.694  -13.806   4369.53           B 
  60746.22  408.0   -13.57  -13.673  -13.786   4369.53           B 
 60748.356  410.0   -13.55  -13.653  -13.766   4369.53           B 
 60750.492  412.0   -13.53  -13.633  -13.746   4369.53           B 
 60752.628  414.0  -13.509  -13.613  -13.726   4369.53           B 
 60754.764  416.0  -13.489  -13.593  -13.706   4369.53           B 
   60756.9  418.0  -13.469  -13.573  -13.686   4369.53           B 
 60759.036  420.0  -13.449  -13.554  -13.666   4369.53           B 
 60761.172  422.0  -13.429  -13.534  -13.647   4369.53           B 
 60763.308  424.0   -13.41  -13.514  -13.627   4369.53           B 
 60765.444  426.0   -13.39  -13.495  -13.608   4369.53           B 
  60767.58  428.0   -13.37  -13.476  -13.588   4369.53           B 
 60769.716  430.0  -13.351  -13.456  -13.569   4369.53           B 
 60771.852  432.0  -13.332  -13.437   -13.55   4369.53           B 
 60773.988  434.0  -13.312  -13.418  -13.531   4369.53           B 
 60776.124  436.0  -13.293  -13.399  -13.511   4369.53           B 
  60778.26  438.0  -13.274   -13.38  -13.492   4369.53           B 
 60780.396  440.0  -13.255  -13.361  -13.474   4369.53           B 
 60782.532  442.0  -13.236  -13.342  -13.455   4369.53           B 
 60784.668  444.0  -13.217  -13.323  -13.436   4369.53           B 
 60786.804  446.0  -13.198  -13.305  -13.418   4369.53           B 
  60788.94  448.0  -13.179  -13.286  -13.399   4369.53           B 
 60791.076  450.0  -13.161  -13.268  -13.381   4369.53           B 
 60793.212  452.0  -13.142  -13.249  -13.363   4369.53           B 
 60795.348  454.0  -13.124  -13.231  -13.345   4369.53           B 
 60797.484  456.0  -13.105  -13.213  -13.327   4369.53           B 
  60799.62  458.0  -13.087  -13.194  -13.309   4369.53           B 
 60801.756  460.0  -13.068  -13.176  -13.291   4369.53           B 
 60803.892  462.0   -13.05  -13.158  -13.273   4369.53           B 
 60806.028  464.0  -13.032   -13.14  -13.255   4369.53           B 
 60808.164  466.0  -13.014  -13.122  -13.238   4369.53           B 
   60810.3  468.0  -12.996  -13.105   -13.22   4369.53           B 
 60812.436  470.0  -12.978  -13.087  -13.203   4369.53           B 
 60814.572  472.0   -12.96  -13.069  -13.185   4369.53           B 
 60816.708  474.0  -12.943  -13.052  -13.168   4369.53           B 
 60818.844  476.0  -12.925  -13.034   -13.15   4369.53           B 
  60820.98  478.0  -12.907  -13.017  -13.133   4369.53           B 
 60823.116  480.0   -12.89  -12.999  -13.115   4369.53           B 
 60825.252  482.0  -12.872  -12.982  -13.098   4369.53           B 
 60827.388  484.0  -12.855  -12.965   -13.08   4369.53           B 
 60829.524  486.0  -12.837  -12.948  -13.063   4369.53           B 
  60831.66  488.0   -12.82   -12.93  -13.046   4369.53           B 
 60833.796  490.0  -12.803  -12.913  -13.028   4369.53           B 
 60835.932  492.0  -12.786  -12.896  -13.012   4369.53           B 
 60838.068  494.0  -12.769  -12.879  -12.995   4369.53           B 
 60840.204  496.0  -12.752  -12.863  -12.978   4369.53           B 
  60842.34  498.0  -12.735  -12.846  -12.961   4369.53           B 
 60844.476  500.0  -12.718  -12.829  -12.945   4369.53           B 
 60846.612  502.0  -12.701  -12.812  -12.928   4369.53           B 
 60848.748  504.0  -12.684  -12.795  -12.912   4369.53           B 
 60850.884  506.0  -12.668  -12.778  -12.896   4369.53           B 
  60853.02  508.0  -12.651  -12.761  -12.879   4369.53           B 
 60855.156  510.0  -12.634  -12.744  -12.863   4369.53           B 
 60857.292  512.0  -12.618  -12.728  -12.847   4369.53           B 
 60859.428  514.0  -12.602  -12.712  -12.831   4369.53           B 
 60861.564  516.0  -12.585  -12.696  -12.814   4369.53           B 
   60863.7  518.0  -12.569  -12.679  -12.798   4369.53           B 
 60865.836  520.0  -12.553  -12.663  -12.782   4369.53           B 
 60867.972  522.0  -12.536  -12.647  -12.767   4369.53           B 
 60870.108  524.0   -12.52  -12.631  -12.751   4369.53           B 
 60872.244  526.0  -12.504  -12.615  -12.735   4369.53           B 
  60874.38  528.0  -12.488  -12.599  -12.719   4369.53           B 
 60876.516  530.0  -12.472  -12.583  -12.703   4369.53           B 
 60878.652  532.0  -12.456  -12.567  -12.688   4369.53           B 
 60880.788  534.0  -12.441  -12.552  -12.672   4369.53           B 
 60882.924  536.0  -12.425  -12.536  -12.657   4369.53           B 
  60885.06  538.0  -12.409  -12.521  -12.641   4369.53           B 
 60887.196  540.0  -12.394  -12.505  -12.626   4369.53           B 
 60889.332  542.0  -12.378   -12.49  -12.611   4369.53           B 
 60891.468  544.0  -12.362  -12.474  -12.595   4369.53           B 
 60893.604  546.0  -12.347  -12.459   -12.58   4369.53           B 
  60895.74  548.0  -12.332  -12.444  -12.565   4369.53           B 
 60897.876  550.0  -12.316  -12.429   -12.55   4369.53           B 
 60900.012  552.0  -12.301  -12.413  -12.535   4369.53           B 
 60902.148  554.0  -12.286  -12.398   -12.52   4369.53           B 
 60904.284  556.0   -12.27  -12.383  -12.505   4369.53           B 
  60906.42  558.0  -12.255  -12.368   -12.49   4369.53           B 
 60908.556  560.0   -12.24  -12.353  -12.475   4369.53           B 
 60910.692  562.0  -12.225  -12.338   -12.46   4369.53           B 
 60912.828  564.0   -12.21  -12.324  -12.446   4369.53           B 
 60914.964  566.0  -12.195  -12.309  -12.431   4369.53           B 
   60917.1  568.0   -12.18  -12.294  -12.416   4369.53           B 
 60919.236  570.0  -12.166  -12.279  -12.402   4369.53           B 
 60921.372  572.0  -12.151  -12.265  -12.387   4369.53           B 
 60923.508  574.0  -12.136   -12.25  -12.373   4369.53           B 
 60925.644  576.0  -12.121  -12.235  -12.358   4369.53           B 
  60927.78  578.0  -12.107  -12.221  -12.344   4369.53           B 
 60929.916  580.0  -12.092  -12.206  -12.329   4369.53           B 
 60932.052  582.0  -12.078  -12.192  -12.315   4369.53           B 
 60934.188  584.0  -12.063  -12.177  -12.301   4369.53           B 
 60936.324  586.0  -12.049  -12.163  -12.287   4369.53           B 
  60938.46  588.0  -12.034  -12.149  -12.272   4369.53           B 
 60940.596  590.0   -12.02  -12.134  -12.258   4369.53           B 
 60942.732  592.0  -12.006   -12.12  -12.244   4369.53           B 
 60944.868  594.0  -11.991  -12.106   -12.23   4369.53           B 
 60947.004  596.0  -11.977  -12.092  -12.216   4369.53           B 
  60949.14  598.0  -11.963  -12.078  -12.202   4369.53           B 
 60951.276  600.0  -11.949  -12.063  -12.188   4369.53           B 
 60953.412  602.0  -11.934  -12.049  -12.174   4369.53           B 
 60955.548  604.0   -11.92  -12.035  -12.161   4369.53           B 
 60957.684  606.0  -11.906  -12.021  -12.147   4369.53           B 
  60959.82  608.0  -11.892  -12.007  -12.133   4369.53           B 
 60961.956  610.0  -11.878  -11.993  -12.119   4369.53           B 
 60964.092  612.0  -11.864  -11.979  -12.106   4369.53           B 
 60966.228  614.0   -11.85  -11.965  -12.092   4369.53           B 
 60968.364  616.0  -11.836  -11.951  -12.078   4369.53           B 
   60970.5  618.0  -11.822  -11.938  -12.065   4369.53           B 
 60972.636  620.0  -11.808  -11.924  -12.051   4369.53           B 
 60974.772  622.0  -11.795   -11.91  -12.038   4369.53           B 
 60976.908  624.0  -11.781  -11.896  -12.025   4369.53           B 
 60979.044  626.0  -11.767  -11.883  -12.011   4369.53           B 
  60981.18  628.0  -11.753  -11.869  -11.998   4369.53           B 
 60983.316  630.0   -11.74  -11.856  -11.985   4369.53           B 
 60985.452  632.0  -11.726  -11.842  -11.971   4369.53           B 
 60987.588  634.0  -11.713  -11.829  -11.958   4369.53           B 
 60989.724  636.0  -11.699  -11.815  -11.945   4369.53           B 
  60991.86  638.0  -11.686  -11.802  -11.932   4369.53           B 
 60993.996  640.0  -11.672  -11.789  -11.919   4369.53           B 
 60996.132  642.0  -11.659  -11.776  -11.906   4369.53           B 
 60998.268  644.0  -11.646  -11.763  -11.893   4369.53           B 
 61000.404  646.0  -11.632  -11.749   -11.88   4369.53           B 
  61002.54  648.0  -11.619  -11.736  -11.867   4369.53           B 
 61004.676  650.0  -11.606  -11.723  -11.854   4369.53           B 
 61006.812  652.0  -11.593   -11.71  -11.841   4369.53           B 
 61008.948  654.0   -11.58  -11.697  -11.828   4369.53           B 
 61011.084  656.0  -11.567  -11.685  -11.815   4369.53           B 
  61013.22  658.0  -11.554  -11.672  -11.802   4369.53           B 
 61015.356  660.0  -11.541  -11.659   -11.79   4369.53           B 
 61017.492  662.0  -11.528  -11.646  -11.777   4369.53           B 
 61019.628  664.0  -11.515  -11.633  -11.764   4369.53           B 
 61021.764  666.0  -11.502   -11.62  -11.752   4369.53           B 
   61023.9  668.0  -11.489  -11.608  -11.739   4369.53           B 
 61026.036  670.0  -11.477  -11.595  -11.726   4369.53           B 
 61028.172  672.0  -11.464  -11.582  -11.714   4369.53           B 
 61030.308  674.0  -11.451   -11.57  -11.701   4369.53           B 
 61032.444  676.0  -11.438  -11.557  -11.689   4369.53           B 
  61034.58  678.0  -11.426  -11.545  -11.677   4369.53           B 
 61036.716  680.0  -11.413  -11.532  -11.664   4369.53           B 
 61038.852  682.0  -11.401   -11.52  -11.652   4369.53           B 
 61040.988  684.0  -11.388  -11.507   -11.64   4369.53           B 
 61043.124  686.0  -11.376  -11.495  -11.627   4369.53           B 
  61045.26  688.0  -11.363  -11.483  -11.615   4369.53           B 
 61047.396  690.0  -11.351   -11.47  -11.603   4369.53           B 
 61049.532  692.0  -11.339  -11.458  -11.591   4369.53           B 
 61051.668  694.0  -11.326  -11.446  -11.579   4369.53           B 
 61053.804  696.0  -11.314  -11.434  -11.567   4369.53           B 
  61055.94  698.0  -11.302  -11.422  -11.554   4369.53           B 
 61058.076  700.0   -11.29  -11.409  -11.542   4369.53           B 
 61060.212  702.0  -11.277  -11.397   -11.53   4369.53           B 
 61062.348  704.0  -11.265  -11.385  -11.518   4369.53           B 
 61064.484  706.0  -11.253  -11.373  -11.507   4369.53           B 
  61066.62  708.0  -11.241  -11.361  -11.495   4369.53           B 
 61068.756  710.0  -11.229  -11.349  -11.483   4369.53           B 
 61070.892  712.0  -11.217  -11.337  -11.471   4369.53           B 
 61073.028  714.0  -11.205  -11.325  -11.459   4369.53           B 
 61075.164  716.0  -11.193  -11.314  -11.447   4369.53           B 
   61077.3  718.0  -11.181  -11.302  -11.436   4369.53           B 
 61079.436  720.0   -11.17   -11.29  -11.424   4369.53           B 
 61081.572  722.0  -11.158  -11.278  -11.412   4369.53           B 
 61083.708  724.0  -11.146  -11.266  -11.401   4369.53           B 
 61085.844  726.0  -11.134  -11.255  -11.389   4369.53           B 
  61087.98  728.0  -11.123  -11.243  -11.377   4369.53           B 
 61090.116  730.0  -11.111  -11.231  -11.366   4369.53           B 
 61092.252  732.0  -11.099   -11.22  -11.354   4369.53           B 
 61094.388  734.0  -11.088  -11.208  -11.343   4369.53           B 
 61096.524  736.0  -11.076  -11.197  -11.331   4369.53           B 
  61098.66  738.0  -11.065  -11.185   -11.32   4369.53           B 
 61100.796  740.0  -11.053  -11.174  -11.308   4369.53           B 
 61102.932  742.0  -11.042  -11.162  -11.297   4369.53           B 
 61105.068  744.0   -11.03  -11.151  -11.286   4369.53           B 
 61107.204  746.0  -11.019  -11.139  -11.274   4369.53           B 
  61109.34  748.0  -11.007  -11.128  -11.263   4369.53           B 
 61111.476  750.0  -10.996  -11.117  -11.252   4369.53           B 
 61113.612  752.0  -10.985  -11.105  -11.241   4369.53           B 
 61115.748  754.0  -10.973  -11.094  -11.229   4369.53           B 
 61117.884  756.0  -10.962  -11.083  -11.218   4369.53           B 
  61120.02  758.0  -10.951  -11.071  -11.207   4369.53           B 
 61122.156  760.0   -10.94   -11.06  -11.196   4369.53           B 
 61124.292  762.0  -10.928  -11.049  -11.185   4369.53           B 
 61126.428  764.0  -10.917  -11.038  -11.174   4369.53           B 
 61128.564  766.0  -10.906  -11.027  -11.163   4369.53           B 
   61130.7  768.0  -10.895  -11.015  -11.152   4369.53           B 
 61132.836  770.0  -10.884  -11.004  -11.141   4369.53           B 
 61134.972  772.0  -10.873  -10.993   -11.13   4369.53           B 
 61137.108  774.0  -10.862  -10.982  -11.119   4369.53           B 
 61139.244  776.0  -10.851  -10.971  -11.108   4369.53           B 
  61141.38  778.0   -10.84   -10.96  -11.097   4369.53           B 
 61143.516  780.0  -10.829  -10.949  -11.086   4369.53           B 
 61145.652  782.0  -10.818  -10.938  -11.076   4369.53           B 
 61147.788  784.0  -10.807  -10.927  -11.065   4369.53           B 
 61149.924  786.0  -10.796  -10.916  -11.054   4369.53           B 
  61152.06  788.0  -10.785  -10.905  -11.043   4369.53           B 
 61154.196  790.0  -10.775  -10.895  -11.033   4369.53           B 
 61156.332  792.0  -10.764  -10.884  -11.022   4369.53           B 
 61158.468  794.0  -10.753  -10.873  -11.011   4369.53           B 
 61160.604  796.0  -10.742  -10.862  -11.001   4369.53           B 
  61162.74  798.0  -10.732  -10.851   -10.99   4369.53           B 
 61164.876  800.0  -10.721  -10.841   -10.98   4369.53           B 
 60310.476    0.0      nan      nan      nan   4671.78           g 
  60311.01    0.5  -10.147  -12.224  -13.047   4671.78           g 
 60311.544    1.0  -10.538  -12.838  -13.727   4671.78           g 
 60312.078    1.5  -11.961  -13.522  -14.253   4671.78           g 
 60312.612    2.0  -12.879  -14.026  -14.673   4671.78           g 
 60313.146    2.5  -13.502  -14.435  -14.998   4671.78           g 
  60313.68    3.0  -14.086  -14.823  -15.297   4671.78           g 
 60314.214    3.5  -14.501   -15.15  -15.566   4671.78           g 
 60314.748    4.0  -14.887  -15.425  -15.788   4671.78           g 
 60315.282    4.5   -15.19  -15.673  -15.993   4671.78           g 
 60315.816    5.0  -15.466  -15.881   -16.18   4671.78           g 
  60316.35    5.5  -15.729  -16.075  -16.346   4671.78           g 
 60316.884    6.0  -15.959   -16.25  -16.498   4671.78           g 
 60317.418    6.5  -16.156  -16.417  -16.644   4671.78           g 
 60317.952    7.0  -16.337  -16.573  -16.779   4671.78           g 
 60318.486    7.5  -16.501  -16.718  -16.898   4671.78           g 
  60319.02    8.0  -16.652  -16.845  -17.011   4671.78           g 
 60319.554    8.5  -16.791  -16.964  -17.119   4671.78           g 
 60320.088    9.0   -16.92  -17.074  -17.219   4671.78           g 
 60320.622    9.5   -17.04  -17.175  -17.318   4671.78           g 
 60321.156   10.0  -17.149  -17.273   -17.41   4671.78           g 
  60321.69   10.5   -17.25  -17.369  -17.496   4671.78           g 
 60322.224   11.0  -17.351  -17.457  -17.582   4671.78           g 
 60322.758   11.5  -17.443   -17.54  -17.662   4671.78           g 
 60323.292   12.0  -17.529   -17.62  -17.737   4671.78           g 
 60323.826   12.5  -17.615  -17.697  -17.808   4671.78           g 
  60324.36   13.0  -17.695  -17.772  -17.877   4671.78           g 
 60324.894   13.5  -17.771  -17.841  -17.945   4671.78           g 
 60325.428   14.0  -17.843  -17.909  -18.008   4671.78           g 
 60325.962   14.5  -17.912  -17.973  -18.067   4671.78           g 
 60326.496   15.0  -17.978  -18.035  -18.125   4671.78           g 
  60327.03   15.5  -18.041  -18.094  -18.181   4671.78           g 
 60327.564   16.0    -18.1  -18.151  -18.236   4671.78           g 
 60328.098   16.5  -18.158  -18.206  -18.288   4671.78           g 
 60328.632   17.0  -18.211  -18.259  -18.339   4671.78           g 
 60329.166   17.5  -18.263  -18.311  -18.388   4671.78           g 
   60329.7   18.0  -18.314  -18.363  -18.435   4671.78           g 
 60330.234   18.5  -18.362  -18.413  -18.481   4671.78           g 
 60330.768   19.0  -18.409  -18.461  -18.525   4671.78           g 
 60331.302   19.5  -18.458  -18.506  -18.568   4671.78           g 
 60331.836   20.0  -18.503  -18.549  -18.609   4671.78           g 
  60332.37   20.5  -18.546  -18.593   -18.65   4671.78           g 
 60332.904   21.0  -18.587  -18.633  -18.689   4671.78           g 
 60333.438   21.5  -18.626  -18.673  -18.726   4671.78           g 
 60333.972   22.0  -18.665  -18.711  -18.762   4671.78           g 
 60334.506   22.5  -18.703  -18.748  -18.798   4671.78           g 
  60335.04   23.0  -18.741  -18.784  -18.832   4671.78           g 
 60335.574   23.5  -18.778  -18.819  -18.866   4671.78           g 
 60336.108   24.0  -18.814  -18.853  -18.899   4671.78           g 
 60336.642   24.5  -18.849  -18.887   -18.93   4671.78           g 
 60337.176   25.0  -18.882  -18.918  -18.961   4671.78           g 
  60337.71   25.5  -18.914  -18.949  -18.992   4671.78           g 
 60338.244   26.0  -18.945  -18.979  -19.023   4671.78           g 
 60338.778   26.5  -18.974  -19.009   -19.05   4671.78           g 
 60339.312   27.0  -19.003  -19.038  -19.078   4671.78           g 
 60339.846   27.5  -19.031  -19.066  -19.105   4671.78           g 
  60340.38   28.0  -19.058  -19.093  -19.132   4671.78           g 
 60340.914   28.5  -19.085   -19.12  -19.159   4671.78           g 
 60341.448   29.0  -19.112  -19.146  -19.186   4671.78           g 
 60341.982   29.5  -19.137  -19.171   -19.21   4671.78           g 
 60342.516   30.0  -19.163  -19.196  -19.233   4671.78           g 
  60343.05   30.5  -19.187   -19.22  -19.257   4671.78           g 
 60343.584   31.0  -19.211  -19.244   -19.28   4671.78           g 
 60344.118   31.5  -19.235  -19.266  -19.303   4671.78           g 
 60344.652   32.0  -19.258  -19.288  -19.324   4671.78           g 
 60345.186   32.5   -19.28   -19.31  -19.345   4671.78           g 
  60345.72   33.0  -19.302  -19.331  -19.365   4671.78           g 
 60346.254   33.5  -19.323  -19.351  -19.385   4671.78           g 
 60346.788   34.0  -19.343  -19.371  -19.405   4671.78           g 
 60347.322   34.5  -19.364   -19.39  -19.424   4671.78           g 
 60347.856   35.0  -19.384  -19.409  -19.442   4671.78           g 
  60348.39   35.5  -19.403  -19.426  -19.461   4671.78           g 
 60348.924   36.0   -19.42  -19.444  -19.478   4671.78           g 
 60349.458   36.5  -19.438  -19.462  -19.495   4671.78           g 
 60349.992   37.0  -19.455  -19.478  -19.512   4671.78           g 
 60350.526   37.5  -19.471  -19.495  -19.529   4671.78           g 
  60351.06   38.0  -19.487  -19.511  -19.546   4671.78           g 
 60351.594   38.5  -19.503  -19.527  -19.561   4671.78           g 
 60352.128   39.0  -19.519  -19.542  -19.577   4671.78           g 
 60352.662   39.5  -19.533  -19.557  -19.591   4671.78           g 
 60353.196   40.0  -19.548  -19.571  -19.605   4671.78           g 
  60353.73   40.5  -19.562  -19.586  -19.619   4671.78           g 
 60354.264   41.0  -19.576  -19.601  -19.632   4671.78           g 
 60354.798   41.5  -19.589  -19.615  -19.646   4671.78           g 
 60355.332   42.0  -19.602  -19.627   -19.66   4671.78           g 
 60355.866   42.5  -19.615   -19.64  -19.672   4671.78           g 
   60356.4   43.0  -19.627  -19.651  -19.684   4671.78           g 
 60356.934   43.5  -19.639  -19.662  -19.696   4671.78           g 
 60357.468   44.0   -19.65  -19.674  -19.707   4671.78           g 
 60358.002   44.5   -19.66  -19.686  -19.719   4671.78           g 
 60358.536   45.0  -19.671  -19.697   -19.73   4671.78           g 
  60359.07   45.5  -19.683  -19.708  -19.741   4671.78           g 
 60359.604   46.0  -19.694  -19.718  -19.752   4671.78           g 
 60360.138   46.5  -19.703  -19.729  -19.762   4671.78           g 
 60360.672   47.0  -19.712  -19.738  -19.772   4671.78           g 
 60361.206   47.5  -19.721  -19.748  -19.782   4671.78           g 
  60361.74   48.0  -19.729  -19.758  -19.791   4671.78           g 
 60362.274   48.5  -19.738  -19.767  -19.799   4671.78           g 
 60362.808   49.0  -19.746  -19.775  -19.808   4671.78           g 
 60363.342   49.5  -19.754  -19.783  -19.816   4671.78           g 
 60363.876   50.0  -19.761  -19.791  -19.824   4671.78           g 
  60364.41   50.5  -19.768  -19.799  -19.831   4671.78           g 
 60364.944   51.0  -19.776  -19.806  -19.839   4671.78           g 
 60365.478   51.5  -19.783  -19.813  -19.846   4671.78           g 
 60366.012   52.0  -19.789  -19.819  -19.853   4671.78           g 
 60366.546   52.5  -19.795  -19.826   -19.86   4671.78           g 
  60367.08   53.0  -19.801  -19.832  -19.866   4671.78           g 
 60367.614   53.5  -19.807  -19.838  -19.873   4671.78           g 
 60368.148   54.0  -19.812  -19.844  -19.879   4671.78           g 
 60368.682   54.5  -19.817  -19.849  -19.885   4671.78           g 
 60369.216   55.0  -19.822  -19.854   -19.89   4671.78           g 
  60369.75   55.5  -19.827  -19.859  -19.895   4671.78           g 
 60370.284   56.0  -19.831  -19.864  -19.899   4671.78           g 
 60370.818   56.5  -19.836  -19.869  -19.904   4671.78           g 
 60371.352   57.0   -19.84  -19.873  -19.908   4671.78           g 
 60371.886   57.5  -19.844  -19.877  -19.911   4671.78           g 
  60372.42   58.0  -19.847   -19.88  -19.915   4671.78           g 
 60372.954   58.5  -19.851  -19.883  -19.918   4671.78           g 
 60373.488   59.0  -19.854  -19.886  -19.921   4671.78           g 
 60374.022   59.5  -19.857  -19.889  -19.924   4671.78           g 
 60374.556   60.0  -19.859  -19.891  -19.927   4671.78           g 
  60375.09   60.5  -19.861  -19.894  -19.929   4671.78           g 
 60375.624   61.0  -19.863  -19.896  -19.931   4671.78           g 
 60376.158   61.5  -19.864  -19.898  -19.933   4671.78           g 
 60376.692   62.0  -19.866  -19.899  -19.934   4671.78           g 
 60377.226   62.5  -19.867    -19.9  -19.935   4671.78           g 
  60377.76   63.0  -19.868  -19.901  -19.936   4671.78           g 
 60378.294   63.5   -19.87  -19.902  -19.936   4671.78           g 
 60378.828   64.0   -19.87  -19.902  -19.936   4671.78           g 
 60379.362   64.5  -19.871  -19.903  -19.936   4671.78           g 
 60379.896   65.0  -19.871  -19.903  -19.936   4671.78           g 
  60380.43   65.5  -19.871  -19.903  -19.936   4671.78           g 
 60380.964   66.0  -19.871  -19.902  -19.935   4671.78           g 
 60381.498   66.5   -19.87  -19.902  -19.934   4671.78           g 
 60382.032   67.0  -19.869  -19.901  -19.933   4671.78           g 
 60382.566   67.5  -19.868    -19.9  -19.931   4671.78           g 
   60383.1   68.0  -19.867  -19.898  -19.929   4671.78           g 
 60383.634   68.5  -19.864  -19.896  -19.927   4671.78           g 
 60384.168   69.0  -19.862  -19.894  -19.925   4671.78           g 
 60384.702   69.5  -19.859  -19.892  -19.923   4671.78           g 
 60385.236   70.0  -19.857   -19.89   -19.92   4671.78           g 
  60385.77   70.5  -19.854  -19.888  -19.917   4671.78           g 
 60386.304   71.0  -19.851  -19.885  -19.914   4671.78           g 
 60386.838   71.5  -19.847  -19.882  -19.911   4671.78           g 
 60387.372   72.0  -19.844  -19.878  -19.907   4671.78           g 
 60387.906   72.5   -19.84  -19.875  -19.903   4671.78           g 
  60388.44   73.0  -19.836   -19.87  -19.899   4671.78           g 
 60388.974   73.5  -19.832  -19.866  -19.894   4671.78           g 
 60389.508   74.0  -19.827  -19.861  -19.889   4671.78           g 
 60390.042   74.5  -19.822  -19.857  -19.884   4671.78           g 
 60390.576   75.0  -19.817  -19.851  -19.879   4671.78           g 
  60391.11   75.5  -19.812  -19.846  -19.874   4671.78           g 
 60391.644   76.0  -19.807   -19.84  -19.868   4671.78           g 
 60392.178   76.5  -19.801  -19.834  -19.862   4671.78           g 
 60392.712   77.0  -19.795  -19.828  -19.856   4671.78           g 
 60393.246   77.5  -19.789  -19.822   -19.85   4671.78           g 
  60393.78   78.0  -19.782  -19.816  -19.844   4671.78           g 
 60394.314   78.5  -19.775   -19.81  -19.837   4671.78           g 
 60394.848   79.0  -19.768  -19.803  -19.831   4671.78           g 
 60395.382   79.5   -19.76  -19.796  -19.824   4671.78           g 
 60395.916   80.0  -19.752  -19.789  -19.817   4671.78           g 
  60396.45   80.5  -19.744  -19.781  -19.809   4671.78           g 
 60396.984   81.0  -19.736  -19.773  -19.802   4671.78           g 
 60397.518   81.5  -19.728  -19.765  -19.794   4671.78           g 
 60398.052   82.0   -19.72  -19.756  -19.786   4671.78           g 
 60398.586   82.5  -19.712  -19.747  -19.778   4671.78           g 
  60399.12   83.0  -19.703  -19.739   -19.77   4671.78           g 
 60399.654   83.5  -19.693   -19.73  -19.761   4671.78           g 
 60400.188   84.0  -19.684   -19.72  -19.751   4671.78           g 
 60400.722   84.5  -19.674  -19.711  -19.741   4671.78           g 
 60401.256   85.0  -19.664  -19.701  -19.731   4671.78           g 
  60401.79   85.5  -19.655  -19.691  -19.721   4671.78           g 
 60402.324   86.0  -19.645  -19.682   -19.71   4671.78           g 
 60402.858   86.5  -19.635  -19.672    -19.7   4671.78           g 
 60403.392   87.0  -19.625  -19.661   -19.69   4671.78           g 
 60403.926   87.5  -19.614   -19.65   -19.68   4671.78           g 
  60404.46   88.0  -19.602  -19.639  -19.669   4671.78           g 
 60404.994   88.5  -19.591  -19.627  -19.659   4671.78           g 
 60405.528   89.0   -19.58  -19.615  -19.648   4671.78           g 
 60406.062   89.5  -19.568  -19.603  -19.637   4671.78           g 
 60406.596   90.0  -19.556  -19.591  -19.625   4671.78           g 
  60407.13   90.5  -19.544  -19.579  -19.614   4671.78           g 
 60407.664   91.0  -19.532  -19.566  -19.602   4671.78           g 
 60408.198   91.5  -19.519  -19.554  -19.589   4671.78           g 
 60408.732   92.0  -19.507  -19.542  -19.576   4671.78           g 
 60409.266   92.5  -19.494  -19.529  -19.563   4671.78           g 
   60409.8   93.0  -19.481  -19.515   -19.55   4671.78           g 
 60410.334   93.5  -19.468  -19.502  -19.537   4671.78           g 
 60410.868   94.0  -19.454  -19.488  -19.523   4671.78           g 
 60411.402   94.5   -19.44  -19.474   -19.51   4671.78           g 
 60411.936   95.0  -19.426   -19.46  -19.496   4671.78           g 
  60412.47   95.5  -19.412  -19.446  -19.482   4671.78           g 
 60413.004   96.0  -19.398  -19.431  -19.469   4671.78           g 
 60413.538   96.5  -19.383  -19.416  -19.455   4671.78           g 
 60414.072   97.0  -19.368  -19.401   -19.44   4671.78           g 
 60414.606   97.5  -19.354  -19.386  -19.426   4671.78           g 
  60415.14   98.0  -19.338  -19.371   -19.41   4671.78           g 
 60415.674   98.5  -19.323  -19.356  -19.396   4671.78           g 
 60416.208   99.0  -19.307   -19.34  -19.381   4671.78           g 
 60416.742   99.5  -19.292  -19.324  -19.366   4671.78           g 
 60417.276  100.0  -19.276  -19.308  -19.351   4671.78           g 
 60417.276  100.0  -19.276  -19.308  -19.351   4671.78           g 
 60419.412  102.0   -19.21  -19.241  -19.286   4671.78           g 
 60421.548  104.0  -19.139  -19.172  -19.219   4671.78           g 
 60423.684  106.0  -19.066    -19.1  -19.148   4671.78           g 
  60425.82  108.0  -18.991  -19.024  -19.074   4671.78           g 
 60427.956  110.0  -18.912  -18.948  -18.997   4671.78           g 
 60430.092  112.0  -18.836  -18.871  -18.917   4671.78           g 
 60432.228  114.0  -18.767  -18.796  -18.847   4671.78           g 
 60434.364  116.0  -18.702  -18.734  -18.773   4671.78           g 
   60436.5  118.0  -18.646  -18.677  -18.715   4671.78           g 
 60438.636  120.0   -18.59  -18.623  -18.661   4671.78           g 
 60440.772  122.0  -18.538   -18.57  -18.606   4671.78           g 
 60442.908  124.0  -18.485  -18.518  -18.553   4671.78           g 
 60445.044  126.0  -18.433  -18.466    -18.5   4671.78           g 
  60447.18  128.0   -18.38  -18.413  -18.445   4671.78           g 
 60449.316  130.0  -18.327  -18.361   -18.39   4671.78           g 
 60451.452  132.0  -18.274  -18.308  -18.338   4671.78           g 
 60453.588  134.0  -18.222  -18.256  -18.287   4671.78           g 
 60455.724  136.0   -18.17  -18.205  -18.235   4671.78           g 
  60457.86  138.0  -18.117  -18.153  -18.183   4671.78           g 
 60459.996  140.0  -18.064  -18.101  -18.133   4671.78           g 
 60462.132  142.0  -18.012  -18.049  -18.082   4671.78           g 
 60464.268  144.0   -17.96  -17.997   -18.03   4671.78           g 
 60466.404  146.0  -17.909  -17.946   -17.98   4671.78           g 
  60468.54  148.0  -17.859  -17.894  -17.929   4671.78           g 
 60470.676  150.0  -17.809  -17.843   -17.88   4671.78           g 
 60472.812  152.0  -17.759  -17.792  -17.832   4671.78           g 
 60474.948  154.0  -17.708  -17.743  -17.783   4671.78           g 
 60477.084  156.0  -17.656  -17.694  -17.736   4671.78           g 
  60479.22  158.0  -17.606  -17.646  -17.689   4671.78           g 
 60481.356  160.0  -17.558  -17.598  -17.642   4671.78           g 
 60483.492  162.0  -17.509  -17.551  -17.594   4671.78           g 
 60485.628  164.0   -17.46  -17.505  -17.547   4671.78           g 
 60487.764  166.0  -17.412  -17.459  -17.503   4671.78           g 
   60489.9  168.0  -17.365  -17.412  -17.458   4671.78           g 
 60492.036  170.0  -17.319  -17.367  -17.413   4671.78           g 
 60494.172  172.0  -17.273  -17.322   -17.37   4671.78           g 
 60496.308  174.0  -17.228  -17.278  -17.326   4671.78           g 
 60498.444  176.0  -17.182  -17.234  -17.283   4671.78           g 
  60500.58  178.0  -17.138   -17.19   -17.24   4671.78           g 
 60502.716  180.0  -17.093  -17.148  -17.197   4671.78           g 
 60504.852  182.0  -17.048  -17.105  -17.155   4671.78           g 
 60506.988  184.0  -17.005  -17.063  -17.113   4671.78           g 
 60509.124  186.0  -16.962   -17.02  -17.072   4671.78           g 
  60511.26  188.0  -16.919  -16.979  -17.032   4671.78           g 
 60513.396  190.0  -16.877  -16.938  -16.992   4671.78           g 
 60515.532  192.0  -16.835  -16.897  -16.952   4671.78           g 
 60517.668  194.0  -16.794  -16.857  -16.913   4671.78           g 
 60519.804  196.0  -16.753  -16.817  -16.875   4671.78           g 
  60521.94  198.0  -16.713  -16.778  -16.837   4671.78           g 
 60524.076  200.0  -16.673  -16.739  -16.799   4671.78           g 
 60526.212  202.0  -16.633    -16.7  -16.761   4671.78           g 
 60528.348  204.0  -16.593  -16.661  -16.724   4671.78           g 
 60530.484  206.0  -16.555  -16.623  -16.687   4671.78           g 
  60532.62  208.0  -16.517  -16.584   -16.65   4671.78           g 
 60534.756  210.0  -16.479  -16.547  -16.613   4671.78           g 
 60536.892  212.0  -16.442   -16.51  -16.577   4671.78           g 
 60539.028  214.0  -16.405  -16.473  -16.541   4671.78           g 
 60541.164  216.0  -16.369  -16.436  -16.506   4671.78           g 
   60543.3  218.0  -16.332    -16.4  -16.471   4671.78           g 
 60545.436  220.0  -16.297  -16.364  -16.435   4671.78           g 
 60547.572  222.0   -16.26  -16.329  -16.401   4671.78           g 
 60549.708  224.0  -16.224  -16.293  -16.366   4671.78           g 
 60551.844  226.0  -16.188  -16.258  -16.332   4671.78           g 
  60553.98  228.0  -16.153  -16.224  -16.298   4671.78           g 
 60556.116  230.0  -16.118  -16.189  -16.264   4671.78           g 
 60558.252  232.0  -16.083  -16.155  -16.231   4671.78           g 
 60560.388  234.0  -16.048  -16.121  -16.198   4671.78           g 
 60562.524  236.0  -16.014  -16.088  -16.165   4671.78           g 
  60564.66  238.0   -15.98  -16.054  -16.132   4671.78           g 
 60566.796  240.0  -15.947  -16.021  -16.099   4671.78           g 
 60568.932  242.0  -15.913  -15.989  -16.067   4671.78           g 
 60571.068  244.0   -15.88  -15.956  -16.035   4671.78           g 
 60573.204  246.0  -15.847  -15.924  -16.003   4671.78           g 
  60575.34  248.0  -15.815  -15.891  -15.972   4671.78           g 
 60577.476  250.0  -15.782  -15.859   -15.94   4671.78           g 
 60579.612  252.0   -15.75  -15.827  -15.909   4671.78           g 
 60581.748  254.0  -15.718  -15.796  -15.878   4671.78           g 
 60583.884  256.0  -15.687  -15.764  -15.848   4671.78           g 
  60586.02  258.0  -15.655  -15.733  -15.818   4671.78           g 
 60588.156  260.0  -15.624  -15.702  -15.788   4671.78           g 
 60590.292  262.0  -15.593  -15.672  -15.758   4671.78           g 
 60592.428  264.0  -15.563  -15.641  -15.728   4671.78           g 
 60594.564  266.0  -15.532  -15.611  -15.699   4671.78           g 
   60596.7  268.0  -15.502  -15.581  -15.669   4671.78           g 
 60598.836  270.0  -15.472  -15.552   -15.64   4671.78           g 
 60600.972  272.0  -15.442  -15.522  -15.611   4671.78           g 
 60603.108  274.0  -15.412  -15.493  -15.583   4671.78           g 
 60605.244  276.0  -15.383  -15.463  -15.553   4671.78           g 
  60607.38  278.0  -15.354  -15.435  -15.525   4671.78           g 
 60609.516  280.0  -15.324  -15.406  -15.496   4671.78           g 
 60611.652  282.0  -15.295  -15.377  -15.468   4671.78           g 
 60613.788  284.0  -15.266  -15.348   -15.44   4671.78           g 
 60615.924  286.0  -15.237   -15.32  -15.412   4671.78           g 
  60618.06  288.0  -15.209  -15.292  -15.385   4671.78           g 
 60620.196  290.0  -15.181  -15.264  -15.358   4671.78           g 
 60622.332  292.0  -15.152  -15.236   -15.33   4671.78           g 
 60624.468  294.0  -15.124  -15.209  -15.303   4671.78           g 
 60626.604  296.0  -15.096  -15.181  -15.277   4671.78           g 
  60628.74  298.0  -15.068  -15.154   -15.25   4671.78           g 
 60630.876  300.0  -15.041  -15.127  -15.223   4671.78           g 
 60633.012  302.0  -15.013    -15.1  -15.197   4671.78           g 
 60635.148  304.0  -14.986  -15.073  -15.171   4671.78           g 
 60637.284  306.0  -14.959  -15.047  -15.145   4671.78           g 
  60639.42  308.0  -14.932   -15.02  -15.119   4671.78           g 
 60641.556  310.0  -14.906  -14.994  -15.093   4671.78           g 
 60643.692  312.0  -14.879  -14.968  -15.068   4671.78           g 
 60645.828  314.0  -14.853  -14.942  -15.042   4671.78           g 
 60647.964  316.0  -14.827  -14.916  -15.017   4671.78           g 
   60650.1  318.0  -14.801   -14.89  -14.992   4671.78           g 
 60652.236  320.0  -14.775  -14.865  -14.967   4671.78           g 
 60654.372  322.0  -14.749   -14.84  -14.942   4671.78           g 
 60656.508  324.0  -14.724  -14.815  -14.917   4671.78           g 
 60658.644  326.0  -14.698   -14.79  -14.892   4671.78           g 
  60660.78  328.0  -14.673  -14.765  -14.868   4671.78           g 
 60662.916  330.0  -14.648   -14.74  -14.844   4671.78           g 
 60665.052  332.0  -14.623  -14.715  -14.819   4671.78           g 
 60667.188  334.0  -14.598  -14.691  -14.795   4671.78           g 
 60669.324  336.0  -14.574  -14.666  -14.771   4671.78           g 
  60671.46  338.0  -14.549  -14.642  -14.748   4671.78           g 
 60673.596  340.0  -14.525  -14.618  -14.724   4671.78           g 
 60675.732  342.0  -14.501  -14.594    -14.7   4671.78           g 
 60677.868  344.0  -14.477   -14.57  -14.675   4671.78           g 
 60680.004  346.0  -14.453  -14.547  -14.651   4671.78           g 
  60682.14  348.0  -14.429  -14.523  -14.627   4671.78           g 
 60684.276  350.0  -14.405    -14.5  -14.603   4671.78           g 
 60686.412  352.0  -14.382  -14.477  -14.579   4671.78           g 
 60688.548  354.0  -14.358  -14.454  -14.555   4671.78           g 
 60690.684  356.0  -14.334  -14.431  -14.532   4671.78           g 
  60692.82  358.0  -14.311  -14.408  -14.509   4671.78           g 
 60694.956  360.0  -14.288  -14.385  -14.487   4671.78           g 
 60697.092  362.0  -14.265  -14.363  -14.464   4671.78           g 
 60699.228  364.0  -14.242   -14.34  -14.442   4671.78           g 
 60701.364  366.0  -14.219  -14.318   -14.42   4671.78           g 
   60703.5  368.0  -14.197  -14.295  -14.398   4671.78           g 
 60705.636  370.0  -14.174  -14.272  -14.376   4671.78           g 
 60707.772  372.0  -14.152   -14.25  -14.354   4671.78           g 
 60709.908  374.0   -14.13  -14.228  -14.332   4671.78           g 
 60712.044  376.0  -14.108  -14.205   -14.31   4671.78           g 
  60714.18  378.0  -14.086  -14.184  -14.288   4671.78           g 
 60716.316  380.0  -14.064  -14.162  -14.267   4671.78           g 
 60718.452  382.0  -14.042  -14.141  -14.245   4671.78           g 
 60720.588  384.0   -14.02  -14.119  -14.224   4671.78           g 
 60722.724  386.0  -13.998  -14.098  -14.203   4671.78           g 
  60724.86  388.0  -13.977  -14.077  -14.182   4671.78           g 
 60726.996  390.0  -13.955  -14.056  -14.161   4671.78           g 
 60729.132  392.0  -13.934  -14.035   -14.14   4671.78           g 
 60731.268  394.0  -13.913  -14.014  -14.119   4671.78           g 
 60733.404  396.0  -13.892  -13.993  -14.098   4671.78           g 
  60735.54  398.0  -13.871  -13.972  -14.077   4671.78           g 
 60737.676  400.0   -13.85  -13.952  -14.057   4671.78           g 
 60739.812  402.0  -13.829  -13.931  -14.036   4671.78           g 
 60741.948  404.0  -13.808  -13.911  -14.016   4671.78           g 
 60744.084  406.0  -13.787   -13.89  -13.995   4671.78           g 
  60746.22  408.0  -13.767   -13.87  -13.975   4671.78           g 
 60748.356  410.0  -13.747   -13.85  -13.955   4671.78           g 
 60750.492  412.0  -13.726   -13.83  -13.934   4671.78           g 
 60752.628  414.0  -13.706   -13.81  -13.914   4671.78           g 
 60754.764  416.0  -13.686   -13.79  -13.894   4671.78           g 
   60756.9  418.0  -13.666   -13.77  -13.875   4671.78           g 
 60759.036  420.0  -13.646  -13.751  -13.855   4671.78           g 
 60761.172  422.0  -13.626  -13.731  -13.836   4671.78           g 
 60763.308  424.0  -13.606  -13.712  -13.817   4671.78           g 
 60765.444  426.0  -13.586  -13.692  -13.797   4671.78           g 
  60767.58  428.0  -13.567  -13.673  -13.778   4671.78           g 
 60769.716  430.0  -13.547  -13.654  -13.759   4671.78           g 
 60771.852  432.0  -13.528  -13.634  -13.741   4671.78           g 
 60773.988  434.0  -13.509  -13.615  -13.722   4671.78           g 
 60776.124  436.0  -13.489  -13.596  -13.703   4671.78           g 
  60778.26  438.0   -13.47  -13.577  -13.684   4671.78           g 
 60780.396  440.0  -13.451  -13.558  -13.666   4671.78           g 
 60782.532  442.0  -13.432  -13.539  -13.647   4671.78           g 
 60784.668  444.0  -13.413  -13.521  -13.629   4671.78           g 
 60786.804  446.0  -13.394  -13.502   -13.61   4671.78           g 
  60788.94  448.0  -13.376  -13.483  -13.592   4671.78           g 
 60791.076  450.0  -13.357  -13.465  -13.574   4671.78           g 
 60793.212  452.0  -13.338  -13.447  -13.556   4671.78           g 
 60795.348  454.0   -13.32  -13.428  -13.538   4671.78           g 
 60797.484  456.0  -13.301   -13.41   -13.52   4671.78           g 
  60799.62  458.0  -13.283  -13.391  -13.502   4671.78           g 
 60801.756  460.0  -13.265  -13.373  -13.484   4671.78           g 
 60803.892  462.0  -13.246  -13.355  -13.466   4671.78           g 
 60806.028  464.0  -13.228  -13.337  -13.448   4671.78           g 
 60808.164  466.0   -13.21  -13.319  -13.431   4671.78           g 
   60810.3  468.0  -13.192  -13.301  -13.413   4671.78           g 
 60812.436  470.0  -13.174  -13.283  -13.396   4671.78           g 
 60814.572  472.0  -13.156  -13.265  -13.378   4671.78           g 
 60816.708  474.0  -13.139  -13.247  -13.361   4671.78           g 
 60818.844  476.0  -13.121  -13.229  -13.343   4671.78           g 
  60820.98  478.0  -13.103  -13.212  -13.326   4671.78           g 
 60823.116  480.0  -13.085  -13.194  -13.309   4671.78           g 
 60825.252  482.0  -13.067  -13.177  -13.292   4671.78           g 
 60827.388  484.0   -13.05  -13.159  -13.275   4671.78           g 
 60829.524  486.0  -13.032  -13.142  -13.258   4671.78           g 
  60831.66  488.0  -13.015  -13.124  -13.241   4671.78           g 
 60833.796  490.0  -12.997  -13.107  -13.224   4671.78           g 
 60835.932  492.0   -12.98   -13.09  -13.207   4671.78           g 
 60838.068  494.0  -12.963  -13.073  -13.191   4671.78           g 
 60840.204  496.0  -12.946  -13.055  -13.174   4671.78           g 
  60842.34  498.0  -12.928  -13.038  -13.157   4671.78           g 
 60844.476  500.0  -12.911  -13.021  -13.141   4671.78           g 
 60846.612  502.0  -12.894  -13.004  -13.124   4671.78           g 
 60848.748  504.0  -12.878  -12.987  -13.108   4671.78           g 
 60850.884  506.0  -12.861   -12.97  -13.091   4671.78           g 
  60853.02  508.0  -12.844  -12.953  -13.075   4671.78           g 
 60855.156  510.0  -12.827  -12.936  -13.058   4671.78           g 
 60857.292  512.0  -12.811   -12.92  -13.042   4671.78           g 
 60859.428  514.0  -12.794  -12.903  -13.026   4671.78           g 
 60861.564  516.0  -12.777  -12.886   -13.01   4671.78           g 
   60863.7  518.0  -12.761   -12.87  -12.993   4671.78           g 
 60865.836  520.0  -12.745  -12.853  -12.977   4671.78           g 
 60867.972  522.0  -12.729  -12.836  -12.961   4671.78           g 
 60870.108  524.0  -12.713   -12.82  -12.945   4671.78           g 
 60872.244  526.0  -12.696  -12.803  -12.929   4671.78           g 
  60874.38  528.0   -12.68  -12.787  -12.914   4671.78           g 
 60876.516  530.0  -12.665  -12.771  -12.898   4671.78           g 
 60878.652  532.0  -12.649  -12.755  -12.882   4671.78           g 
 60880.788  534.0  -12.633   -12.74  -12.866   4671.78           g 
 60882.924  536.0  -12.617  -12.724  -12.851   4671.78           g 
  60885.06  538.0  -12.601  -12.708  -12.835   4671.78           g 
 60887.196  540.0  -12.586  -12.692   -12.82   4671.78           g 
 60889.332  542.0   -12.57  -12.676  -12.804   4671.78           g 
 60891.468  544.0  -12.554   -12.66  -12.789   4671.78           g 
 60893.604  546.0  -12.539  -12.645  -12.774   4671.78           g 
  60895.74  548.0  -12.523  -12.629  -12.758   4671.78           g 
 60897.876  550.0  -12.508  -12.614  -12.743   4671.78           g 
 60900.012  552.0  -12.493  -12.598  -12.728   4671.78           g 
 60902.148  554.0  -12.477  -12.582  -12.713   4671.78           g 
 60904.284  556.0  -12.462  -12.567  -12.698   4671.78           g 
  60906.42  558.0  -12.447  -12.552  -12.683   4671.78           g 
 60908.556  560.0  -12.432  -12.536  -12.668   4671.78           g 
 60910.692  562.0  -12.417  -12.521  -12.653   4671.78           g 
 60912.828  564.0  -12.402  -12.506  -12.638   4671.78           g 
 60914.964  566.0  -12.387  -12.491  -12.623   4671.78           g 
   60917.1  568.0  -12.372  -12.476  -12.608   4671.78           g 
 60919.236  570.0  -12.357  -12.461  -12.594   4671.78           g 
 60921.372  572.0  -12.342  -12.446  -12.579   4671.78           g 
 60923.508  574.0  -12.327  -12.431  -12.565   4671.78           g 
 60925.644  576.0  -12.313  -12.416   -12.55   4671.78           g 
  60927.78  578.0  -12.298  -12.402  -12.536   4671.78           g 
 60929.916  580.0  -12.283  -12.387  -12.521   4671.78           g 
 60932.052  582.0  -12.269  -12.372  -12.507   4671.78           g 
 60934.188  584.0  -12.254  -12.358  -12.493   4671.78           g 
 60936.324  586.0  -12.239  -12.344  -12.478   4671.78           g 
  60938.46  588.0  -12.225  -12.329  -12.464   4671.78           g 
 60940.596  590.0  -12.211  -12.315   -12.45   4671.78           g 
 60942.732  592.0  -12.196  -12.301  -12.436   4671.78           g 
 60944.868  594.0  -12.182  -12.286  -12.422   4671.78           g 
 60947.004  596.0  -12.168  -12.272  -12.408   4671.78           g 
  60949.14  598.0  -12.153  -12.258  -12.394   4671.78           g 
 60951.276  600.0  -12.139  -12.243   -12.38   4671.78           g 
 60953.412  602.0  -12.125  -12.229  -12.366   4671.78           g 
 60955.548  604.0  -12.111  -12.215  -12.352   4671.78           g 
 60957.684  606.0  -12.097  -12.201  -12.338   4671.78           g 
  60959.82  608.0  -12.083  -12.187  -12.325   4671.78           g 
 60961.956  610.0  -12.069  -12.173  -12.311   4671.78           g 
 60964.092  612.0  -12.055  -12.159  -12.297   4671.78           g 
 60966.228  614.0  -12.041  -12.146  -12.283   4671.78           g 
 60968.364  616.0  -12.027  -12.132   -12.27   4671.78           g 
   60970.5  618.0  -12.014  -12.118  -12.256   4671.78           g 
 60972.636  620.0    -12.0  -12.105  -12.243   4671.78           g 
 60974.772  622.0  -11.986  -12.091  -12.229   4671.78           g 
 60976.908  624.0  -11.973  -12.077  -12.216   4671.78           g 
 60979.044  626.0  -11.959  -12.064  -12.203   4671.78           g 
  60981.18  628.0  -11.946   -12.05  -12.189   4671.78           g 
 60983.316  630.0  -11.932  -12.037  -12.176   4671.78           g 
 60985.452  632.0  -11.919  -12.024  -12.163   4671.78           g 
 60987.588  634.0  -11.905   -12.01  -12.149   4671.78           g 
 60989.724  636.0  -11.892  -11.997  -12.136   4671.78           g 
  60991.86  638.0  -11.878  -11.984  -12.123   4671.78           g 
 60993.996  640.0  -11.865   -11.97   -12.11   4671.78           g 
 60996.132  642.0  -11.852  -11.957  -12.097   4671.78           g 
 60998.268  644.0  -11.839  -11.944  -12.084   4671.78           g 
 61000.404  646.0  -11.826  -11.931  -12.071   4671.78           g 
  61002.54  648.0  -11.812  -11.918  -12.058   4671.78           g 
 61004.676  650.0  -11.799  -11.905  -12.045   4671.78           g 
 61006.812  652.0  -11.786  -11.892  -12.032   4671.78           g 
 61008.948  654.0  -11.773  -11.879  -12.019   4671.78           g 
 61011.084  656.0   -11.76  -11.866  -12.007   4671.78           g 
  61013.22  658.0  -11.747  -11.853  -11.994   4671.78           g 
 61015.356  660.0  -11.734   -11.84  -11.981   4671.78           g 
 61017.492  662.0  -11.721  -11.827  -11.968   4671.78           g 
 61019.628  664.0  -11.708  -11.815  -11.956   4671.78           g 
 61021.764  666.0  -11.696  -11.802  -11.943   4671.78           g 
   61023.9  668.0  -11.683  -11.789  -11.931   4671.78           g 
 61026.036  670.0   -11.67  -11.777  -11.918   4671.78           g 
 61028.172  672.0  -11.657  -11.764  -11.906   4671.78           g 
 61030.308  674.0  -11.645  -11.751  -11.893   4671.78           g 
 61032.444  676.0  -11.632  -11.739  -11.881   4671.78           g 
  61034.58  678.0  -11.619  -11.726  -11.868   4671.78           g 
 61036.716  680.0  -11.607  -11.714  -11.856   4671.78           g 
 61038.852  682.0  -11.594  -11.701  -11.844   4671.78           g 
 61040.988  684.0  -11.582  -11.689  -11.831   4671.78           g 
 61043.124  686.0  -11.569  -11.677  -11.819   4671.78           g 
  61045.26  688.0  -11.557  -11.664  -11.807   4671.78           g 
 61047.396  690.0  -11.545  -11.652  -11.795   4671.78           g 
 61049.532  692.0  -11.532   -11.64  -11.782   4671.78           g 
 61051.668  694.0   -11.52  -11.627   -11.77   4671.78           g 
 61053.804  696.0  -11.508  -11.615  -11.758   4671.78           g 
  61055.94  698.0  -11.496  -11.603  -11.746   4671.78           g 
 61058.076  700.0  -11.483  -11.591  -11.734   4671.78           g 
 61060.212  702.0  -11.471  -11.579  -11.722   4671.78           g 
 61062.348  704.0  -11.459  -11.567   -11.71   4671.78           g 
 61064.484  706.0  -11.447  -11.555  -11.698   4671.78           g 
  61066.62  708.0  -11.435  -11.543  -11.686   4671.78           g 
 61068.756  710.0  -11.423  -11.531  -11.675   4671.78           g 
 61070.892  712.0  -11.411  -11.519  -11.663   4671.78           g 
 61073.028  714.0  -11.399  -11.507  -11.651   4671.78           g 
 61075.164  716.0  -11.387  -11.495  -11.639   4671.78           g 
   61077.3  718.0  -11.375  -11.483  -11.628   4671.78           g 
 61079.436  720.0  -11.363  -11.471  -11.616   4671.78           g 
 61081.572  722.0  -11.351   -11.46  -11.604   4671.78           g 
 61083.708  724.0  -11.339  -11.448  -11.593   4671.78           g 
 61085.844  726.0  -11.328  -11.436  -11.581   4671.78           g 
  61087.98  728.0  -11.316  -11.425  -11.569   4671.78           g 
 61090.116  730.0  -11.304  -11.413  -11.558   4671.78           g 
 61092.252  732.0  -11.293  -11.401  -11.546   4671.78           g 
 61094.388  734.0  -11.281   -11.39  -11.535   4671.78           g 
 61096.524  736.0  -11.269  -11.378  -11.523   4671.78           g 
  61098.66  738.0  -11.258  -11.367  -11.512   4671.78           g 
 61100.796  740.0  -11.246  -11.355  -11.501   4671.78           g 
 61102.932  742.0  -11.235  -11.344  -11.489   4671.78           g 
 61105.068  744.0  -11.223  -11.332  -11.478   4671.78           g 
 61107.204  746.0  -11.212  -11.321  -11.467   4671.78           g 
  61109.34  748.0    -11.2   -11.31  -11.455   4671.78           g 
 61111.476  750.0  -11.189  -11.298  -11.444   4671.78           g 
 61113.612  752.0  -11.177  -11.287  -11.433   4671.78           g 
 61115.748  754.0  -11.166  -11.276  -11.421   4671.78           g 
 61117.884  756.0  -11.155  -11.264   -11.41   4671.78           g 
  61120.02  758.0  -11.143  -11.253  -11.399   4671.78           g 
 61122.156  760.0  -11.132  -11.242  -11.388   4671.78           g 
 61124.292  762.0  -11.121  -11.231  -11.377   4671.78           g 
 61126.428  764.0   -11.11   -11.22  -11.366   4671.78           g 
 61128.564  766.0  -11.099  -11.209  -11.355   4671.78           g 
   61130.7  768.0  -11.087  -11.197  -11.344   4671.78           g 
 61132.836  770.0  -11.076  -11.186  -11.333   4671.78           g 
 61134.972  772.0  -11.065  -11.175  -11.322   4671.78           g 
 61137.108  774.0  -11.054  -11.164  -11.311   4671.78           g 
 61139.244  776.0  -11.043  -11.153    -11.3   4671.78           g 
  61141.38  778.0  -11.032  -11.143  -11.289   4671.78           g 
 61143.516  780.0  -11.021  -11.132  -11.278   4671.78           g 
 61145.652  782.0   -11.01  -11.121  -11.267   4671.78           g 
 61147.788  784.0  -10.999   -11.11  -11.257   4671.78           g 
 61149.924  786.0  -10.988  -11.099  -11.246   4671.78           g 
  61152.06  788.0  -10.978  -11.088  -11.235   4671.78           g 
 61154.196  790.0  -10.967  -11.077  -11.224   4671.78           g 
 61156.332  792.0  -10.956  -11.067  -11.214   4671.78           g 
 61158.468  794.0  -10.945  -11.056  -11.203   4671.78           g 
 61160.604  796.0  -10.934  -11.045  -11.192   4671.78           g 
  61162.74  798.0  -10.924  -11.035  -11.182   4671.78           g 
 61164.876  800.0  -10.913  -11.024  -11.171   4671.78           g 
 60310.476    0.0      nan      nan      nan   5411.45     swift_V 
  60311.01    0.5  -10.035  -12.118  -12.979   5411.45     swift_V 
 60311.544    1.0  -10.442  -12.713  -13.626   5411.45     swift_V 
 60312.078    1.5  -11.858  -13.411  -14.156   5411.45     swift_V 
 60312.612    2.0  -12.748  -13.892   -14.57   5411.45     swift_V 
 60313.146    2.5  -13.395  -14.323  -14.903   5411.45     swift_V 
  60313.68    3.0  -13.968  -14.702  -15.183   5411.45     swift_V 
 60314.214    3.5  -14.376   -15.03  -15.439   5411.45     swift_V 
 60314.748    4.0  -14.774  -15.317  -15.677   5411.45     swift_V 
 60315.282    4.5   -15.09  -15.562   -15.88   5411.45     swift_V 
 60315.816    5.0  -15.355  -15.776  -16.065   5411.45     swift_V 
  60316.35    5.5  -15.592  -15.976  -16.235   5411.45     swift_V 
 60316.884    6.0  -15.819  -16.153   -16.39   5411.45     swift_V 
 60317.418    6.5  -16.026  -16.315  -16.533   5411.45     swift_V 
 60317.952    7.0  -16.213  -16.463  -16.666   5411.45     swift_V 
 60318.486    7.5  -16.381  -16.603  -16.795   5411.45     swift_V 
  60319.02    8.0  -16.535  -16.736  -16.909   5411.45     swift_V 
 60319.554    8.5  -16.674  -16.854  -17.018   5411.45     swift_V 
 60320.088    9.0  -16.803  -16.965  -17.122   5411.45     swift_V 
 60320.622    9.5  -16.923  -17.072  -17.219   5411.45     swift_V 
 60321.156   10.0  -17.036  -17.175  -17.311   5411.45     swift_V 
  60321.69   10.5  -17.144  -17.272  -17.398   5411.45     swift_V 
 60322.224   11.0  -17.246  -17.361   -17.48   5411.45     swift_V 
 60322.758   11.5  -17.341  -17.444   -17.56   5411.45     swift_V 
 60323.292   12.0  -17.426  -17.524  -17.637   5411.45     swift_V 
 60323.826   12.5  -17.516    -17.6  -17.712   5411.45     swift_V 
  60324.36   13.0  -17.597  -17.674  -17.781   5411.45     swift_V 
 60324.894   13.5  -17.673  -17.744  -17.847   5411.45     swift_V 
 60325.428   14.0  -17.745  -17.814  -17.911   5411.45     swift_V 
 60325.962   14.5  -17.815  -17.881  -17.975   5411.45     swift_V 
 60326.496   15.0  -17.882  -17.945  -18.034   5411.45     swift_V 
  60327.03   15.5  -17.947  -18.006   -18.09   5411.45     swift_V 
 60327.564   16.0  -18.008  -18.065  -18.146   5411.45     swift_V 
 60328.098   16.5  -18.067   -18.12  -18.199   5411.45     swift_V 
 60328.632   17.0  -18.123  -18.175  -18.249   5411.45     swift_V 
 60329.166   17.5  -18.178  -18.228  -18.298   5411.45     swift_V 
   60329.7   18.0  -18.231  -18.279  -18.347   5411.45     swift_V 
 60330.234   18.5  -18.282  -18.329  -18.394   5411.45     swift_V 
 60330.768   19.0  -18.331  -18.378   -18.44   5411.45     swift_V 
 60331.302   19.5  -18.379  -18.424  -18.483   5411.45     swift_V 
 60331.836   20.0  -18.424  -18.468  -18.526   5411.45     swift_V 
  60332.37   20.5  -18.469  -18.512  -18.567   5411.45     swift_V 
 60332.904   21.0  -18.512  -18.554  -18.607   5411.45     swift_V 
 60333.438   21.5  -18.554  -18.595  -18.646   5411.45     swift_V 
 60333.972   22.0  -18.595  -18.635  -18.685   5411.45     swift_V 
 60334.506   22.5  -18.635  -18.674  -18.722   5411.45     swift_V 
  60335.04   23.0  -18.674  -18.711  -18.758   5411.45     swift_V 
 60335.574   23.5  -18.712  -18.749  -18.792   5411.45     swift_V 
 60336.108   24.0  -18.748  -18.785  -18.827   5411.45     swift_V 
 60336.642   24.5  -18.783  -18.819  -18.861   5411.45     swift_V 
 60337.176   25.0  -18.817  -18.852  -18.894   5411.45     swift_V 
  60337.71   25.5   -18.85  -18.885  -18.926   5411.45     swift_V 
 60338.244   26.0  -18.882  -18.917  -18.957   5411.45     swift_V 
 60338.778   26.5  -18.915  -18.948  -18.986   5411.45     swift_V 
 60339.312   27.0  -18.945  -18.977  -19.016   5411.45     swift_V 
 60339.846   27.5  -18.976  -19.006  -19.045   5411.45     swift_V 
  60340.38   28.0  -19.005  -19.035  -19.073   5411.45     swift_V 
 60340.914   28.5  -19.034  -19.063    -19.1   5411.45     swift_V 
 60341.448   29.0  -19.062   -19.09  -19.127   5411.45     swift_V 
 60341.982   29.5  -19.088  -19.116  -19.153   5411.45     swift_V 
 60342.516   30.0  -19.114  -19.142  -19.179   5411.45     swift_V 
  60343.05   30.5  -19.141  -19.168  -19.203   5411.45     swift_V 
 60343.584   31.0  -19.166  -19.192  -19.226   5411.45     swift_V 
 60344.118   31.5  -19.191  -19.216  -19.249   5411.45     swift_V 
 60344.652   32.0  -19.214  -19.239  -19.271   5411.45     swift_V 
 60345.186   32.5  -19.237  -19.262  -19.294   5411.45     swift_V 
  60345.72   33.0   -19.26  -19.284  -19.316   5411.45     swift_V 
 60346.254   33.5  -19.282  -19.306  -19.337   5411.45     swift_V 
 60346.788   34.0  -19.304  -19.327  -19.358   5411.45     swift_V 
 60347.322   34.5  -19.324  -19.348  -19.379   5411.45     swift_V 
 60347.856   35.0  -19.345  -19.369  -19.399   5411.45     swift_V 
  60348.39   35.5  -19.364  -19.389  -19.418   5411.45     swift_V 
 60348.924   36.0  -19.384  -19.408  -19.438   5411.45     swift_V 
 60349.458   36.5  -19.403  -19.427  -19.456   5411.45     swift_V 
 60349.992   37.0  -19.421  -19.445  -19.474   5411.45     swift_V 
 60350.526   37.5  -19.439  -19.462  -19.492   5411.45     swift_V 
  60351.06   38.0  -19.457  -19.479  -19.509   5411.45     swift_V 
 60351.594   38.5  -19.474  -19.497  -19.526   5411.45     swift_V 
 60352.128   39.0  -19.491  -19.514  -19.543   5411.45     swift_V 
 60352.662   39.5  -19.507   -19.53  -19.559   5411.45     swift_V 
 60353.196   40.0  -19.524  -19.546  -19.574   5411.45     swift_V 
  60353.73   40.5   -19.54  -19.562   -19.59   5411.45     swift_V 
 60354.264   41.0  -19.555  -19.577  -19.606   5411.45     swift_V 
 60354.798   41.5   -19.57  -19.592  -19.621   5411.45     swift_V 
 60355.332   42.0  -19.584  -19.606  -19.636   5411.45     swift_V 
 60355.866   42.5  -19.598   -19.62   -19.65   5411.45     swift_V 
   60356.4   43.0  -19.612  -19.634  -19.665   5411.45     swift_V 
 60356.934   43.5  -19.626  -19.648  -19.679   5411.45     swift_V 
 60357.468   44.0  -19.639  -19.661  -19.693   5411.45     swift_V 
 60358.002   44.5  -19.653  -19.674  -19.706   5411.45     swift_V 
 60358.536   45.0  -19.666  -19.686  -19.719   5411.45     swift_V 
  60359.07   45.5  -19.678  -19.699  -19.731   5411.45     swift_V 
 60359.604   46.0   -19.69  -19.711  -19.742   5411.45     swift_V 
 60360.138   46.5  -19.701  -19.722  -19.754   5411.45     swift_V 
 60360.672   47.0  -19.712  -19.733  -19.765   5411.45     swift_V 
 60361.206   47.5  -19.724  -19.744  -19.776   5411.45     swift_V 
  60361.74   48.0  -19.735  -19.755  -19.787   5411.45     swift_V 
 60362.274   48.5  -19.746  -19.766  -19.798   5411.45     swift_V 
 60362.808   49.0  -19.757  -19.776  -19.808   5411.45     swift_V 
 60363.342   49.5  -19.766  -19.786  -19.818   5411.45     swift_V 
 60363.876   50.0  -19.776  -19.795  -19.828   5411.45     swift_V 
  60364.41   50.5  -19.785  -19.804  -19.838   5411.45     swift_V 
 60364.944   51.0  -19.794  -19.813  -19.847   5411.45     swift_V 
 60365.478   51.5  -19.802  -19.822  -19.856   5411.45     swift_V 
 60366.012   52.0   -19.81  -19.831  -19.864   5411.45     swift_V 
 60366.546   52.5  -19.819  -19.839  -19.872   5411.45     swift_V 
  60367.08   53.0  -19.826  -19.846   -19.88   5411.45     swift_V 
 60367.614   53.5  -19.834  -19.854  -19.888   5411.45     swift_V 
 60368.148   54.0  -19.841  -19.861  -19.895   5411.45     swift_V 
 60368.682   54.5  -19.848  -19.868  -19.902   5411.45     swift_V 
 60369.216   55.0  -19.855  -19.875  -19.909   5411.45     swift_V 
  60369.75   55.5  -19.861  -19.882  -19.915   5411.45     swift_V 
 60370.284   56.0  -19.868  -19.888  -19.921   5411.45     swift_V 
 60370.818   56.5  -19.874  -19.894  -19.927   5411.45     swift_V 
 60371.352   57.0  -19.879    -19.9  -19.933   5411.45     swift_V 
 60371.886   57.5  -19.884  -19.905  -19.939   5411.45     swift_V 
  60372.42   58.0  -19.889   -19.91  -19.944   5411.45     swift_V 
 60372.954   58.5  -19.894  -19.916  -19.949   5411.45     swift_V 
 60373.488   59.0  -19.899  -19.921  -19.954   5411.45     swift_V 
 60374.022   59.5  -19.904  -19.925  -19.959   5411.45     swift_V 
 60374.556   60.0  -19.909   -19.93  -19.963   5411.45     swift_V 
  60375.09   60.5  -19.913  -19.934  -19.967   5411.45     swift_V 
 60375.624   61.0  -19.917  -19.939  -19.971   5411.45     swift_V 
 60376.158   61.5   -19.92  -19.942  -19.975   5411.45     swift_V 
 60376.692   62.0  -19.924  -19.946  -19.978   5411.45     swift_V 
 60377.226   62.5  -19.927   -19.95  -19.982   5411.45     swift_V 
  60377.76   63.0   -19.93  -19.953  -19.984   5411.45     swift_V 
 60378.294   63.5  -19.933  -19.955  -19.987   5411.45     swift_V 
 60378.828   64.0  -19.936  -19.958  -19.989   5411.45     swift_V 
 60379.362   64.5  -19.938   -19.96   -19.99   5411.45     swift_V 
 60379.896   65.0   -19.94  -19.962  -19.992   5411.45     swift_V 
  60380.43   65.5  -19.942  -19.964  -19.993   5411.45     swift_V 
 60380.964   66.0  -19.943  -19.966  -19.994   5411.45     swift_V 
 60381.498   66.5  -19.945  -19.967  -19.995   5411.45     swift_V 
 60382.032   67.0  -19.946  -19.968  -19.996   5411.45     swift_V 
 60382.566   67.5  -19.946  -19.968  -19.997   5411.45     swift_V 
   60383.1   68.0  -19.947  -19.969  -19.997   5411.45     swift_V 
 60383.634   68.5  -19.947  -19.969  -19.997   5411.45     swift_V 
 60384.168   69.0  -19.947  -19.969  -19.997   5411.45     swift_V 
 60384.702   69.5  -19.947  -19.969  -19.997   5411.45     swift_V 
 60385.236   70.0  -19.946  -19.969  -19.996   5411.45     swift_V 
  60385.77   70.5  -19.946  -19.968  -19.995   5411.45     swift_V 
 60386.304   71.0  -19.945  -19.967  -19.994   5411.45     swift_V 
 60386.838   71.5  -19.944  -19.966  -19.993   5411.45     swift_V 
 60387.372   72.0  -19.943  -19.965  -19.991   5411.45     swift_V 
 60387.906   72.5  -19.941  -19.963   -19.99   5411.45     swift_V 
  60388.44   73.0   -19.94  -19.961  -19.988   5411.45     swift_V 
 60388.974   73.5  -19.938  -19.959  -19.986   5411.45     swift_V 
 60389.508   74.0  -19.936  -19.957  -19.984   5411.45     swift_V 
 60390.042   74.5  -19.934  -19.955  -19.981   5411.45     swift_V 
 60390.576   75.0  -19.931  -19.952  -19.978   5411.45     swift_V 
  60391.11   75.5  -19.928  -19.949  -19.975   5411.45     swift_V 
 60391.644   76.0  -19.925  -19.946  -19.971   5411.45     swift_V 
 60392.178   76.5  -19.922  -19.943  -19.968   5411.45     swift_V 
 60392.712   77.0  -19.919  -19.939  -19.964   5411.45     swift_V 
 60393.246   77.5  -19.915  -19.936  -19.961   5411.45     swift_V 
  60393.78   78.0  -19.912  -19.932  -19.957   5411.45     swift_V 
 60394.314   78.5  -19.907  -19.928  -19.953   5411.45     swift_V 
 60394.848   79.0  -19.903  -19.924  -19.949   5411.45     swift_V 
 60395.382   79.5  -19.898  -19.919  -19.945   5411.45     swift_V 
 60395.916   80.0  -19.893  -19.915  -19.941   5411.45     swift_V 
  60396.45   80.5  -19.888   -19.91  -19.936   5411.45     swift_V 
 60396.984   81.0  -19.883  -19.905  -19.931   5411.45     swift_V 
 60397.518   81.5  -19.878    -19.9  -19.925   5411.45     swift_V 
 60398.052   82.0  -19.873  -19.894   -19.92   5411.45     swift_V 
 60398.586   82.5  -19.867  -19.888  -19.913   5411.45     swift_V 
  60399.12   83.0  -19.861  -19.882  -19.907   5411.45     swift_V 
 60399.654   83.5  -19.855  -19.876  -19.901   5411.45     swift_V 
 60400.188   84.0  -19.849   -19.87  -19.895   5411.45     swift_V 
 60400.722   84.5  -19.842  -19.863  -19.888   5411.45     swift_V 
 60401.256   85.0  -19.836  -19.856  -19.882   5411.45     swift_V 
  60401.79   85.5  -19.829  -19.849  -19.875   5411.45     swift_V 
 60402.324   86.0  -19.822  -19.842  -19.867   5411.45     swift_V 
 60402.858   86.5  -19.814  -19.834   -19.86   5411.45     swift_V 
 60403.392   87.0  -19.806  -19.826  -19.853   5411.45     swift_V 
 60403.926   87.5  -19.799  -19.818  -19.845   5411.45     swift_V 
  60404.46   88.0   -19.79  -19.811  -19.837   5411.45     swift_V 
 60404.994   88.5  -19.782  -19.802  -19.828   5411.45     swift_V 
 60405.528   89.0  -19.773  -19.794   -19.82   5411.45     swift_V 
 60406.062   89.5  -19.764  -19.785  -19.811   5411.45     swift_V 
 60406.596   90.0  -19.756  -19.776  -19.802   5411.45     swift_V 
  60407.13   90.5  -19.747  -19.767  -19.793   5411.45     swift_V 
 60407.664   91.0  -19.738  -19.758  -19.784   5411.45     swift_V 
 60408.198   91.5  -19.728  -19.749  -19.775   5411.45     swift_V 
 60408.732   92.0  -19.719  -19.739  -19.765   5411.45     swift_V 
 60409.266   92.5  -19.709  -19.729  -19.756   5411.45     swift_V 
   60409.8   93.0  -19.699  -19.719  -19.746   5411.45     swift_V 
 60410.334   93.5  -19.689  -19.709  -19.736   5411.45     swift_V 
 60410.868   94.0  -19.679  -19.698  -19.726   5411.45     swift_V 
 60411.402   94.5  -19.668  -19.688  -19.716   5411.45     swift_V 
 60411.936   95.0  -19.658  -19.678  -19.706   5411.45     swift_V 
  60412.47   95.5  -19.647  -19.667  -19.695   5411.45     swift_V 
 60413.004   96.0  -19.635  -19.655  -19.684   5411.45     swift_V 
 60413.538   96.5  -19.624  -19.644  -19.673   5411.45     swift_V 
 60414.072   97.0  -19.612  -19.633  -19.662   5411.45     swift_V 
 60414.606   97.5  -19.601  -19.621   -19.65   5411.45     swift_V 
  60415.14   98.0  -19.589  -19.609  -19.639   5411.45     swift_V 
 60415.674   98.5  -19.577  -19.597  -19.627   5411.45     swift_V 
 60416.208   99.0  -19.564  -19.585  -19.615   5411.45     swift_V 
 60416.742   99.5  -19.552  -19.572  -19.603   5411.45     swift_V 
 60417.276  100.0  -19.539  -19.559  -19.591   5411.45     swift_V 
 60417.276  100.0  -19.539  -19.559  -19.591   5411.45     swift_V 
 60419.412  102.0  -19.486  -19.508   -19.54   5411.45     swift_V 
 60421.548  104.0   -19.43  -19.454  -19.487   5411.45     swift_V 
 60423.684  106.0  -19.372  -19.397  -19.431   5411.45     swift_V 
  60425.82  108.0  -19.309  -19.335   -19.37   5411.45     swift_V 
 60427.956  110.0  -19.247  -19.272  -19.309   5411.45     swift_V 
 60430.092  112.0  -19.183  -19.208  -19.245   5411.45     swift_V 
 60432.228  114.0  -19.122  -19.146   -19.18   5411.45     swift_V 
 60434.364  116.0  -19.067  -19.086  -19.118   5411.45     swift_V 
   60436.5  118.0  -19.012  -19.033  -19.062   5411.45     swift_V 
 60438.636  120.0  -18.957   -18.98  -19.009   5411.45     swift_V 
 60440.772  122.0  -18.905  -18.927  -18.956   5411.45     swift_V 
 60442.908  124.0  -18.852  -18.875  -18.904   5411.45     swift_V 
 60445.044  126.0  -18.799  -18.822   -18.85   5411.45     swift_V 
  60447.18  128.0  -18.747  -18.769  -18.796   5411.45     swift_V 
 60449.316  130.0  -18.694  -18.717  -18.743   5411.45     swift_V 
 60451.452  132.0  -18.642  -18.664   -18.69   5411.45     swift_V 
 60453.588  134.0  -18.589  -18.611  -18.639   5411.45     swift_V 
 60455.724  136.0  -18.536  -18.558  -18.588   5411.45     swift_V 
  60457.86  138.0  -18.483  -18.506  -18.535   5411.45     swift_V 
 60459.996  140.0   -18.43  -18.453  -18.482   5411.45     swift_V 
 60462.132  142.0  -18.378  -18.402   -18.43   5411.45     swift_V 
 60464.268  144.0  -18.327   -18.35  -18.379   5411.45     swift_V 
 60466.404  146.0  -18.275  -18.299   -18.33   5411.45     swift_V 
  60468.54  148.0  -18.225  -18.248  -18.281   5411.45     swift_V 
 60470.676  150.0  -18.174  -18.198  -18.233   5411.45     swift_V 
 60472.812  152.0  -18.124  -18.148  -18.185   5411.45     swift_V 
 60474.948  154.0  -18.075  -18.099  -18.138   5411.45     swift_V 
 60477.084  156.0  -18.025   -18.05  -18.091   5411.45     swift_V 
  60479.22  158.0  -17.975  -18.002  -18.045   5411.45     swift_V 
 60481.356  160.0  -17.926  -17.954  -17.999   5411.45     swift_V 
 60483.492  162.0  -17.877  -17.906  -17.953   5411.45     swift_V 
 60485.628  164.0  -17.829  -17.858  -17.906   5411.45     swift_V 
 60487.764  166.0  -17.781  -17.812  -17.862   5411.45     swift_V 
   60489.9  168.0  -17.733  -17.765  -17.816   5411.45     swift_V 
 60492.036  170.0  -17.687  -17.718  -17.771   5411.45     swift_V 
 60494.172  172.0   -17.64  -17.673  -17.728   5411.45     swift_V 
 60496.308  174.0  -17.593  -17.629  -17.684   5411.45     swift_V 
 60498.444  176.0  -17.546  -17.586  -17.642   5411.45     swift_V 
  60500.58  178.0    -17.5  -17.544    -17.6   5411.45     swift_V 
 60502.716  180.0  -17.455    -17.5  -17.559   5411.45     swift_V 
 60504.852  182.0  -17.412  -17.458  -17.518   5411.45     swift_V 
 60506.988  184.0  -17.369  -17.416  -17.478   5411.45     swift_V 
 60509.124  186.0  -17.327  -17.374  -17.437   5411.45     swift_V 
  60511.26  188.0  -17.285  -17.333  -17.397   5411.45     swift_V 
 60513.396  190.0  -17.243  -17.292  -17.358   5411.45     swift_V 
 60515.532  192.0  -17.202  -17.252  -17.318   5411.45     swift_V 
 60517.668  194.0  -17.161  -17.212  -17.279   5411.45     swift_V 
 60519.804  196.0   -17.12  -17.172  -17.241   5411.45     swift_V 
  60521.94  198.0   -17.08  -17.132  -17.202   5411.45     swift_V 
 60524.076  200.0  -17.041  -17.093  -17.163   5411.45     swift_V 
 60526.212  202.0  -17.002  -17.054  -17.123   5411.45     swift_V 
 60528.348  204.0  -16.963  -17.016  -17.086   5411.45     swift_V 
 60530.484  206.0  -16.924  -16.979  -17.049   5411.45     swift_V 
  60532.62  208.0  -16.885  -16.941  -17.012   5411.45     swift_V 
 60534.756  210.0  -16.847  -16.905  -16.975   5411.45     swift_V 
 60536.892  212.0  -16.808  -16.868  -16.939   5411.45     swift_V 
 60539.028  214.0  -16.771  -16.831  -16.903   5411.45     swift_V 
 60541.164  216.0  -16.734  -16.794  -16.867   5411.45     swift_V 
   60543.3  218.0  -16.698  -16.758  -16.832   5411.45     swift_V 
 60545.436  220.0  -16.662  -16.721  -16.797   5411.45     swift_V 
 60547.572  222.0  -16.626  -16.685  -16.762   5411.45     swift_V 
 60549.708  224.0   -16.59   -16.65  -16.728   5411.45     swift_V 
 60551.844  226.0  -16.555  -16.615  -16.694   5411.45     swift_V 
  60553.98  228.0  -16.519  -16.581   -16.66   5411.45     swift_V 
 60556.116  230.0  -16.484  -16.547  -16.627   5411.45     swift_V 
 60558.252  232.0   -16.45  -16.513  -16.594   5411.45     swift_V 
 60560.388  234.0  -16.415  -16.479  -16.561   5411.45     swift_V 
 60562.524  236.0  -16.381  -16.445  -16.528   5411.45     swift_V 
  60564.66  238.0  -16.348  -16.412  -16.495   5411.45     swift_V 
 60566.796  240.0  -16.314  -16.379  -16.463   5411.45     swift_V 
 60568.932  242.0  -16.281  -16.347  -16.431   5411.45     swift_V 
 60571.068  244.0  -16.248  -16.314  -16.399   5411.45     swift_V 
 60573.204  246.0  -16.215  -16.282  -16.367   5411.45     swift_V 
  60575.34  248.0  -16.182   -16.25  -16.336   5411.45     swift_V 
 60577.476  250.0   -16.15  -16.218  -16.305   5411.45     swift_V 
 60579.612  252.0  -16.118  -16.187  -16.274   5411.45     swift_V 
 60581.748  254.0  -16.086  -16.155  -16.243   5411.45     swift_V 
 60583.884  256.0  -16.054  -16.124  -16.212   5411.45     swift_V 
  60586.02  258.0  -16.022  -16.093  -16.182   5411.45     swift_V 
 60588.156  260.0  -15.991  -16.063  -16.151   5411.45     swift_V 
 60590.292  262.0   -15.96  -16.032  -16.121   5411.45     swift_V 
 60592.428  264.0  -15.929  -16.002  -16.091   5411.45     swift_V 
 60594.564  266.0  -15.898  -15.972  -16.061   5411.45     swift_V 
   60596.7  268.0  -15.867  -15.942  -16.032   5411.45     swift_V 
 60598.836  270.0  -15.837  -15.912  -16.002   5411.45     swift_V 
 60600.972  272.0  -15.807  -15.883  -15.973   5411.45     swift_V 
 60603.108  274.0  -15.777  -15.854  -15.944   5411.45     swift_V 
 60605.244  276.0  -15.746  -15.825  -15.915   5411.45     swift_V 
  60607.38  278.0  -15.716  -15.796  -15.886   5411.45     swift_V 
 60609.516  280.0  -15.686  -15.767  -15.857   5411.45     swift_V 
 60611.652  282.0  -15.656  -15.739  -15.829   5411.45     swift_V 
 60613.788  284.0  -15.627  -15.711    -15.8   5411.45     swift_V 
 60615.924  286.0  -15.598  -15.683  -15.772   5411.45     swift_V 
  60618.06  288.0   -15.57  -15.655  -15.744   5411.45     swift_V 
 60620.196  290.0  -15.542  -15.627  -15.717   5411.45     swift_V 
 60622.332  292.0  -15.513  -15.599  -15.689   5411.45     swift_V 
 60624.468  294.0  -15.486  -15.572  -15.662   5411.45     swift_V 
 60626.604  296.0  -15.458  -15.545  -15.635   5411.45     swift_V 
  60628.74  298.0  -15.431  -15.518  -15.609   5411.45     swift_V 
 60630.876  300.0  -15.403  -15.491  -15.583   5411.45     swift_V 
 60633.012  302.0  -15.376  -15.464  -15.556   5411.45     swift_V 
 60635.148  304.0  -15.348  -15.438   -15.53   5411.45     swift_V 
 60637.284  306.0  -15.321  -15.411  -15.504   5411.45     swift_V 
  60639.42  308.0  -15.294  -15.385  -15.478   5411.45     swift_V 
 60641.556  310.0  -15.267  -15.359  -15.452   5411.45     swift_V 
 60643.692  312.0   -15.24  -15.333  -15.427   5411.45     swift_V 
 60645.828  314.0  -15.213  -15.307  -15.401   5411.45     swift_V 
 60647.964  316.0  -15.187  -15.281  -15.375   5411.45     swift_V 
   60650.1  318.0  -15.161  -15.256   -15.35   5411.45     swift_V 
 60652.236  320.0  -15.135   -15.23  -15.325   5411.45     swift_V 
 60654.372  322.0  -15.109  -15.205  -15.299   5411.45     swift_V 
 60656.508  324.0  -15.084   -15.18  -15.274   5411.45     swift_V 
 60658.644  326.0  -15.058  -15.154   -15.25   5411.45     swift_V 
  60660.78  328.0  -15.033   -15.13  -15.225   5411.45     swift_V 
 60662.916  330.0  -15.008  -15.105  -15.201   5411.45     swift_V 
 60665.052  332.0  -14.983  -15.081  -15.177   5411.45     swift_V 
 60667.188  334.0  -14.959  -15.056  -15.153   5411.45     swift_V 
 60669.324  336.0  -14.934  -15.032  -15.129   5411.45     swift_V 
  60671.46  338.0   -14.91  -15.008  -15.105   5411.45     swift_V 
 60673.596  340.0  -14.885  -14.984  -15.082   5411.45     swift_V 
 60675.732  342.0  -14.861   -14.96  -15.058   5411.45     swift_V 
 60677.868  344.0  -14.837  -14.936  -15.035   5411.45     swift_V 
 60680.004  346.0  -14.813  -14.913  -15.011   5411.45     swift_V 
  60682.14  348.0  -14.789  -14.889  -14.988   5411.45     swift_V 
 60684.276  350.0  -14.766  -14.865  -14.964   5411.45     swift_V 
 60686.412  352.0  -14.742  -14.841  -14.941   5411.45     swift_V 
 60688.548  354.0  -14.719  -14.818  -14.918   5411.45     swift_V 
 60690.684  356.0  -14.696  -14.795  -14.894   5411.45     swift_V 
  60692.82  358.0  -14.673  -14.771  -14.871   5411.45     swift_V 
 60694.956  360.0  -14.649  -14.748  -14.847   5411.45     swift_V 
 60697.092  362.0  -14.627  -14.725  -14.824   5411.45     swift_V 
 60699.228  364.0  -14.604  -14.702    -14.8   5411.45     swift_V 
 60701.364  366.0  -14.581  -14.679  -14.777   5411.45     swift_V 
   60703.5  368.0  -14.558  -14.657  -14.754   5411.45     swift_V 
 60705.636  370.0  -14.535  -14.634  -14.731   5411.45     swift_V 
 60707.772  372.0  -14.512  -14.612  -14.709   5411.45     swift_V 
 60709.908  374.0   -14.49  -14.589  -14.687   5411.45     swift_V 
 60712.044  376.0  -14.467  -14.567  -14.666   5411.45     swift_V 
  60714.18  378.0  -14.445  -14.545  -14.644   5411.45     swift_V 
 60716.316  380.0  -14.423  -14.523  -14.622   5411.45     swift_V 
 60718.452  382.0  -14.401  -14.501  -14.601   5411.45     swift_V 
 60720.588  384.0  -14.379   -14.48   -14.58   5411.45     swift_V 
 60722.724  386.0  -14.357  -14.458  -14.559   5411.45     swift_V 
  60724.86  388.0  -14.335  -14.437  -14.538   5411.45     swift_V 
 60726.996  390.0  -14.314  -14.415  -14.517   5411.45     swift_V 
 60729.132  392.0  -14.292  -14.394  -14.496   5411.45     swift_V 
 60731.268  394.0  -14.271  -14.373  -14.475   5411.45     swift_V 
 60733.404  396.0   -14.25  -14.351  -14.454   5411.45     swift_V 
  60735.54  398.0  -14.229   -14.33  -14.434   5411.45     swift_V 
 60737.676  400.0  -14.208   -14.31  -14.413   5411.45     swift_V 
 60739.812  402.0  -14.187  -14.289  -14.393   5411.45     swift_V 
 60741.948  404.0  -14.166  -14.268  -14.372   5411.45     swift_V 
 60744.084  406.0  -14.145  -14.247  -14.352   5411.45     swift_V 
  60746.22  408.0  -14.125  -14.227  -14.332   5411.45     swift_V 
 60748.356  410.0  -14.105  -14.207  -14.312   5411.45     swift_V 
 60750.492  412.0  -14.084  -14.187  -14.292   5411.45     swift_V 
 60752.628  414.0  -14.064  -14.167  -14.272   5411.45     swift_V 
 60754.764  416.0  -14.044  -14.147  -14.252   5411.45     swift_V 
   60756.9  418.0  -14.024  -14.127  -14.232   5411.45     swift_V 
 60759.036  420.0  -14.004  -14.107  -14.212   5411.45     swift_V 
 60761.172  422.0  -13.984  -14.087  -14.193   5411.45     swift_V 
 60763.308  424.0  -13.964  -14.068  -14.173   5411.45     swift_V 
 60765.444  426.0  -13.944  -14.048  -14.154   5411.45     swift_V 
  60767.58  428.0  -13.925  -14.029  -14.134   5411.45     swift_V 
 60769.716  430.0  -13.905   -14.01  -14.115   5411.45     swift_V 
 60771.852  432.0  -13.886   -13.99  -14.096   5411.45     swift_V 
 60773.988  434.0  -13.866  -13.971  -14.077   5411.45     swift_V 
 60776.124  436.0  -13.847  -13.952  -14.057   5411.45     swift_V 
  60778.26  438.0  -13.827  -13.933  -14.038   5411.45     swift_V 
 60780.396  440.0  -13.808  -13.914   -14.02   5411.45     swift_V 
 60782.532  442.0  -13.789  -13.895  -14.001   5411.45     swift_V 
 60784.668  444.0   -13.77  -13.876  -13.982   5411.45     swift_V 
 60786.804  446.0  -13.751  -13.858  -13.963   5411.45     swift_V 
  60788.94  448.0  -13.732  -13.839  -13.945   5411.45     swift_V 
 60791.076  450.0  -13.713   -13.82  -13.926   5411.45     swift_V 
 60793.212  452.0  -13.695  -13.802  -13.908   5411.45     swift_V 
 60795.348  454.0  -13.676  -13.783  -13.889   5411.45     swift_V 
 60797.484  456.0  -13.658  -13.765  -13.871   5411.45     swift_V 
  60799.62  458.0  -13.639  -13.746  -13.853   5411.45     swift_V 
 60801.756  460.0  -13.621  -13.728  -13.835   5411.45     swift_V 
 60803.892  462.0  -13.602   -13.71  -13.817   5411.45     swift_V 
 60806.028  464.0  -13.584  -13.692    -13.8   5411.45     swift_V 
 60808.164  466.0  -13.566  -13.674  -13.782   5411.45     swift_V 
   60810.3  468.0  -13.548  -13.656  -13.764   5411.45     swift_V 
 60812.436  470.0   -13.53  -13.638  -13.747   5411.45     swift_V 
 60814.572  472.0  -13.512   -13.62  -13.729   5411.45     swift_V 
 60816.708  474.0  -13.494  -13.602  -13.712   5411.45     swift_V 
 60818.844  476.0  -13.476  -13.584  -13.695   5411.45     swift_V 
  60820.98  478.0  -13.458  -13.567  -13.677   5411.45     swift_V 
 60823.116  480.0  -13.441  -13.549   -13.66   5411.45     swift_V 
 60825.252  482.0  -13.423  -13.532  -13.643   5411.45     swift_V 
 60827.388  484.0  -13.406  -13.515  -13.626   5411.45     swift_V 
 60829.524  486.0  -13.388  -13.498  -13.609   5411.45     swift_V 
  60831.66  488.0  -13.371   -13.48  -13.592   5411.45     swift_V 
 60833.796  490.0  -13.353  -13.463  -13.575   5411.45     swift_V 
 60835.932  492.0  -13.336  -13.446  -13.559   5411.45     swift_V 
 60838.068  494.0  -13.319  -13.429  -13.542   5411.45     swift_V 
 60840.204  496.0  -13.302  -13.412  -13.525   5411.45     swift_V 
  60842.34  498.0  -13.285  -13.396  -13.509   5411.45     swift_V 
 60844.476  500.0  -13.268  -13.379  -13.492   5411.45     swift_V 
 60846.612  502.0  -13.251  -13.362  -13.476   5411.45     swift_V 
 60848.748  504.0  -13.234  -13.345  -13.459   5411.45     swift_V 
 60850.884  506.0  -13.217  -13.329  -13.443   5411.45     swift_V 
  60853.02  508.0    -13.2  -13.312  -13.427   5411.45     swift_V 
 60855.156  510.0  -13.184  -13.296  -13.411   5411.45     swift_V 
 60857.292  512.0  -13.167  -13.279  -13.394   5411.45     swift_V 
 60859.428  514.0  -13.151  -13.263  -13.378   5411.45     swift_V 
 60861.564  516.0  -13.134  -13.247  -13.362   5411.45     swift_V 
   60863.7  518.0  -13.118   -13.23  -13.346   5411.45     swift_V 
 60865.836  520.0  -13.101  -13.214   -13.33   5411.45     swift_V 
 60867.972  522.0  -13.085  -13.198  -13.314   5411.45     swift_V 
 60870.108  524.0  -13.069  -13.182  -13.299   5411.45     swift_V 
 60872.244  526.0  -13.053  -13.166  -13.283   5411.45     swift_V 
  60874.38  528.0  -13.037   -13.15  -13.267   5411.45     swift_V 
 60876.516  530.0  -13.021  -13.133  -13.252   5411.45     swift_V 
 60878.652  532.0  -13.005  -13.117  -13.236   5411.45     swift_V 
 60880.788  534.0  -12.989  -13.101  -13.221   5411.45     swift_V 
 60882.924  536.0  -12.973  -13.085  -13.205   5411.45     swift_V 
  60885.06  538.0  -12.957  -13.069   -13.19   5411.45     swift_V 
 60887.196  540.0  -12.941  -13.053  -13.174   5411.45     swift_V 
 60889.332  542.0  -12.925  -13.037  -13.159   5411.45     swift_V 
 60891.468  544.0   -12.91  -13.021  -13.144   5411.45     swift_V 
 60893.604  546.0  -12.894  -13.005  -13.129   5411.45     swift_V 
  60895.74  548.0  -12.879  -12.989  -13.113   5411.45     swift_V 
 60897.876  550.0  -12.863  -12.974  -13.098   5411.45     swift_V 
 60900.012  552.0  -12.848  -12.959  -13.083   5411.45     swift_V 
 60902.148  554.0  -12.832  -12.944  -13.068   5411.45     swift_V 
 60904.284  556.0  -12.817  -12.929  -13.053   5411.45     swift_V 
  60906.42  558.0  -12.802  -12.914  -13.038   5411.45     swift_V 
 60908.556  560.0  -12.787  -12.899  -13.024   5411.45     swift_V 
 60910.692  562.0  -12.772  -12.884  -13.009   5411.45     swift_V 
 60912.828  564.0  -12.757  -12.869  -12.994   5411.45     swift_V 
 60914.964  566.0  -12.741  -12.854  -12.979   5411.45     swift_V 
   60917.1  568.0  -12.726  -12.839  -12.965   5411.45     swift_V 
 60919.236  570.0  -12.712  -12.824   -12.95   5411.45     swift_V 
 60921.372  572.0  -12.697   -12.81  -12.936   5411.45     swift_V 
 60923.508  574.0  -12.682  -12.795  -12.921   5411.45     swift_V 
 60925.644  576.0  -12.667  -12.781  -12.907   5411.45     swift_V 
  60927.78  578.0  -12.652  -12.766  -12.892   5411.45     swift_V 
 60929.916  580.0  -12.638  -12.752  -12.878   5411.45     swift_V 
 60932.052  582.0  -12.623  -12.737  -12.864   5411.45     swift_V 
 60934.188  584.0  -12.608  -12.723  -12.849   5411.45     swift_V 
 60936.324  586.0  -12.594  -12.708  -12.835   5411.45     swift_V 
  60938.46  588.0  -12.579  -12.694  -12.821   5411.45     swift_V 
 60940.596  590.0  -12.565   -12.68  -12.807   5411.45     swift_V 
 60942.732  592.0  -12.551  -12.666  -12.793   5411.45     swift_V 
 60944.868  594.0  -12.536  -12.651  -12.779   5411.45     swift_V 
 60947.004  596.0  -12.522  -12.637  -12.765   5411.45     swift_V 
  60949.14  598.0  -12.508  -12.623  -12.751   5411.45     swift_V 
 60951.276  600.0  -12.493  -12.609  -12.737   5411.45     swift_V 
 60953.412  602.0  -12.479  -12.595  -12.723   5411.45     swift_V 
 60955.548  604.0  -12.465  -12.581  -12.709   5411.45     swift_V 
 60957.684  606.0  -12.451  -12.567  -12.696   5411.45     swift_V 
  60959.82  608.0  -12.437  -12.553  -12.682   5411.45     swift_V 
 60961.956  610.0  -12.423   -12.54  -12.668   5411.45     swift_V 
 60964.092  612.0  -12.409  -12.526  -12.655   5411.45     swift_V 
 60966.228  614.0  -12.395  -12.512  -12.641   5411.45     swift_V 
 60968.364  616.0  -12.381  -12.499  -12.627   5411.45     swift_V 
   60970.5  618.0  -12.368  -12.485  -12.614   5411.45     swift_V 
 60972.636  620.0  -12.354  -12.471    -12.6   5411.45     swift_V 
 60974.772  622.0   -12.34  -12.458  -12.587   5411.45     swift_V 
 60976.908  624.0  -12.326  -12.444  -12.574   5411.45     swift_V 
 60979.044  626.0  -12.313  -12.431   -12.56   5411.45     swift_V 
  60981.18  628.0  -12.299  -12.417  -12.547   5411.45     swift_V 
 60983.316  630.0  -12.286  -12.404  -12.534   5411.45     swift_V 
 60985.452  632.0  -12.272  -12.391  -12.521   5411.45     swift_V 
 60987.588  634.0  -12.258  -12.377  -12.507   5411.45     swift_V 
 60989.724  636.0  -12.245  -12.364  -12.494   5411.45     swift_V 
  60991.86  638.0  -12.232  -12.351  -12.481   5411.45     swift_V 
 60993.996  640.0  -12.218  -12.338  -12.468   5411.45     swift_V 
 60996.132  642.0  -12.205  -12.324  -12.455   5411.45     swift_V 
 60998.268  644.0  -12.192  -12.311  -12.442   5411.45     swift_V 
 61000.404  646.0  -12.178  -12.298  -12.429   5411.45     swift_V 
  61002.54  648.0  -12.165  -12.285  -12.416   5411.45     swift_V 
 61004.676  650.0  -12.152  -12.272  -12.403   5411.45     swift_V 
 61006.812  652.0  -12.139  -12.259  -12.391   5411.45     swift_V 
 61008.948  654.0  -12.126  -12.246  -12.378   5411.45     swift_V 
 61011.084  656.0  -12.113  -12.233  -12.365   5411.45     swift_V 
  61013.22  658.0  -12.099   -12.22  -12.352   5411.45     swift_V 
 61015.356  660.0  -12.086  -12.208   -12.34   5411.45     swift_V 
 61017.492  662.0  -12.074  -12.195  -12.327   5411.45     swift_V 
 61019.628  664.0  -12.061  -12.182  -12.314   5411.45     swift_V 
 61021.764  666.0  -12.048  -12.169  -12.302   5411.45     swift_V 
   61023.9  668.0  -12.035  -12.157  -12.289   5411.45     swift_V 
 61026.036  670.0  -12.022  -12.144  -12.277   5411.45     swift_V 
 61028.172  672.0  -12.009  -12.132  -12.264   5411.45     swift_V 
 61030.308  674.0  -11.997  -12.119  -12.252   5411.45     swift_V 
 61032.444  676.0  -11.984  -12.106  -12.239   5411.45     swift_V 
  61034.58  678.0  -11.972  -12.094  -12.227   5411.45     swift_V 
 61036.716  680.0  -11.959  -12.082  -12.215   5411.45     swift_V 
 61038.852  682.0  -11.946  -12.069  -12.202   5411.45     swift_V 
 61040.988  684.0  -11.934  -12.057   -12.19   5411.45     swift_V 
 61043.124  686.0  -11.921  -12.044  -12.178   5411.45     swift_V 
  61045.26  688.0  -11.909  -12.032  -12.166   5411.45     swift_V 
 61047.396  690.0  -11.897   -12.02  -12.153   5411.45     swift_V 
 61049.532  692.0  -11.884  -12.008  -12.141   5411.45     swift_V 
 61051.668  694.0  -11.872  -11.995  -12.129   5411.45     swift_V 
 61053.804  696.0   -11.86  -11.983  -12.117   5411.45     swift_V 
  61055.94  698.0  -11.847  -11.971  -12.105   5411.45     swift_V 
 61058.076  700.0  -11.835  -11.959  -12.093   5411.45     swift_V 
 61060.212  702.0  -11.823  -11.947  -12.081   5411.45     swift_V 
 61062.348  704.0  -11.811  -11.935  -12.069   5411.45     swift_V 
 61064.484  706.0  -11.799  -11.923  -12.057   5411.45     swift_V 
  61066.62  708.0  -11.787  -11.911  -12.045   5411.45     swift_V 
 61068.756  710.0  -11.774  -11.899  -12.033   5411.45     swift_V 
 61070.892  712.0  -11.762  -11.887  -12.021   5411.45     swift_V 
 61073.028  714.0   -11.75  -11.875   -12.01   5411.45     swift_V 
 61075.164  716.0  -11.738  -11.863  -11.998   5411.45     swift_V 
   61077.3  718.0  -11.726  -11.852  -11.986   5411.45     swift_V 
 61079.436  720.0  -11.715   -11.84  -11.975   5411.45     swift_V 
 61081.572  722.0  -11.703  -11.828  -11.963   5411.45     swift_V 
 61083.708  724.0  -11.691  -11.816  -11.951   5411.45     swift_V 
 61085.844  726.0  -11.679  -11.805   -11.94   5411.45     swift_V 
  61087.98  728.0  -11.667  -11.793  -11.928   5411.45     swift_V 
 61090.116  730.0  -11.655  -11.782  -11.917   5411.45     swift_V 
 61092.252  732.0  -11.644   -11.77  -11.905   5411.45     swift_V 
 61094.388  734.0  -11.632  -11.758  -11.894   5411.45     swift_V 
 61096.524  736.0   -11.62  -11.747  -11.882   5411.45     swift_V 
  61098.66  738.0  -11.609  -11.735  -11.871   5411.45     swift_V 
 61100.796  740.0  -11.597  -11.724  -11.859   5411.45     swift_V 
 61102.932  742.0  -11.585  -11.713  -11.848   5411.45     swift_V 
 61105.068  744.0  -11.574  -11.701  -11.837   5411.45     swift_V 
 61107.204  746.0  -11.562   -11.69  -11.825   5411.45     swift_V 
  61109.34  748.0  -11.551  -11.678  -11.814   5411.45     swift_V 
 61111.476  750.0  -11.539  -11.667  -11.803   5411.45     swift_V 
 61113.612  752.0  -11.528  -11.656  -11.792   5411.45     swift_V 
 61115.748  754.0  -11.517  -11.645   -11.78   5411.45     swift_V 
 61117.884  756.0  -11.505  -11.633  -11.769   5411.45     swift_V 
  61120.02  758.0  -11.494  -11.622  -11.758   5411.45     swift_V 
 61122.156  760.0  -11.483  -11.611  -11.747   5411.45     swift_V 
 61124.292  762.0  -11.471    -11.6  -11.736   5411.45     swift_V 
 61126.428  764.0   -11.46  -11.589  -11.725   5411.45     swift_V 
 61128.564  766.0  -11.449  -11.578  -11.714   5411.45     swift_V 
   61130.7  768.0  -11.438  -11.567  -11.703   5411.45     swift_V 
 61132.836  770.0  -11.427  -11.556  -11.692   5411.45     swift_V 
 61134.972  772.0  -11.415  -11.545  -11.681   5411.45     swift_V 
 61137.108  774.0  -11.404  -11.534   -11.67   5411.45     swift_V 
 61139.244  776.0  -11.393  -11.523  -11.659   5411.45     swift_V 
  61141.38  778.0  -11.382  -11.512  -11.648   5411.45     swift_V 
 61143.516  780.0  -11.371  -11.501  -11.638   5411.45     swift_V 
 61145.652  782.0   -11.36   -11.49  -11.627   5411.45     swift_V 
 61147.788  784.0  -11.349  -11.479  -11.616   5411.45     swift_V 
 61149.924  786.0  -11.338  -11.469  -11.605   5411.45     swift_V 
  61152.06  788.0  -11.328  -11.458  -11.595   5411.45     swift_V 
 61154.196  790.0  -11.317  -11.447  -11.584   5411.45     swift_V 
 61156.332  792.0  -11.306  -11.436  -11.573   5411.45     swift_V 
 61158.468  794.0  -11.295  -11.426  -11.563   5411.45     swift_V 
 61160.604  796.0  -11.284  -11.415  -11.552   5411.45     swift_V 
  61162.74  798.0  -11.274  -11.404  -11.541   5411.45     swift_V 
 61164.876  800.0  -11.263  -11.394  -11.531   5411.45     swift_V 
 60310.476    0.0      nan      nan      nan   5467.57           V 
  60311.01    0.5  -10.026   -12.11  -12.972   5467.57           V 
 60311.544    1.0  -10.433  -12.704  -13.618   5467.57           V 
 60312.078    1.5  -11.849  -13.403  -14.148   5467.57           V 
 60312.612    2.0  -12.739  -13.882  -14.561   5467.57           V 
 60313.146    2.5  -13.387  -14.314  -14.895   5467.57           V 
  60313.68    3.0  -13.959  -14.693  -15.174   5467.57           V 
 60314.214    3.5  -14.367  -15.021   -15.43   5467.57           V 
 60314.748    4.0  -14.766  -15.308  -15.667   5467.57           V 
 60315.282    4.5  -15.082  -15.554  -15.871   5467.57           V 
 60315.816    5.0  -15.347  -15.768  -16.056   5467.57           V 
  60316.35    5.5  -15.583  -15.967  -16.226   5467.57           V 
 60316.884    6.0   -15.81  -16.144  -16.381   5467.57           V 
 60317.418    6.5  -16.017  -16.307  -16.524   5467.57           V 
 60317.952    7.0  -16.204  -16.454  -16.657   5467.57           V 
 60318.486    7.5  -16.372  -16.593  -16.786   5467.57           V 
  60319.02    8.0  -16.526  -16.728    -16.9   5467.57           V 
 60319.554    8.5  -16.665  -16.845  -17.009   5467.57           V 
 60320.088    9.0  -16.794  -16.956  -17.114   5467.57           V 
 60320.622    9.5  -16.914  -17.064   -17.21   5467.57           V 
 60321.156   10.0  -17.027  -17.167  -17.302   5467.57           V 
  60321.69   10.5  -17.136  -17.263  -17.389   5467.57           V 
 60322.224   11.0  -17.238  -17.353  -17.471   5467.57           V 
 60322.758   11.5  -17.333  -17.436  -17.551   5467.57           V 
 60323.292   12.0  -17.417  -17.515  -17.629   5467.57           V 
 60323.826   12.5  -17.507  -17.592  -17.704   5467.57           V 
  60324.36   13.0  -17.588  -17.665  -17.773   5467.57           V 
 60324.894   13.5  -17.664  -17.736  -17.838   5467.57           V 
 60325.428   14.0  -17.736  -17.806  -17.902   5467.57           V 
 60325.962   14.5  -17.807  -17.873  -17.966   5467.57           V 
 60326.496   15.0  -17.874  -17.937  -18.026   5467.57           V 
  60327.03   15.5  -17.938  -17.998  -18.082   5467.57           V 
 60327.564   16.0    -18.0  -18.056  -18.138   5467.57           V 
 60328.098   16.5  -18.059  -18.112  -18.191   5467.57           V 
 60328.632   17.0  -18.115  -18.167  -18.241   5467.57           V 
 60329.166   17.5   -18.17   -18.22   -18.29   5467.57           V 
   60329.7   18.0  -18.223  -18.271  -18.339   5467.57           V 
 60330.234   18.5  -18.274  -18.321  -18.387   5467.57           V 
 60330.768   19.0  -18.323   -18.37  -18.432   5467.57           V 
 60331.302   19.5  -18.371  -18.416  -18.475   5467.57           V 
 60331.836   20.0  -18.417  -18.461  -18.518   5467.57           V 
  60332.37   20.5  -18.462  -18.504  -18.559   5467.57           V 
 60332.904   21.0  -18.504  -18.547  -18.599   5467.57           V 
 60333.438   21.5  -18.546  -18.588  -18.639   5467.57           V 
 60333.972   22.0  -18.587  -18.627  -18.677   5467.57           V 
 60334.506   22.5  -18.627  -18.667  -18.714   5467.57           V 
  60335.04   23.0  -18.666  -18.704   -18.75   5467.57           V 
 60335.574   23.5  -18.704  -18.741  -18.785   5467.57           V 
 60336.108   24.0  -18.741  -18.777  -18.819   5467.57           V 
 60336.642   24.5  -18.776  -18.812  -18.854   5467.57           V 
 60337.176   25.0  -18.809  -18.845  -18.887   5467.57           V 
  60337.71   25.5  -18.842  -18.878  -18.918   5467.57           V 
 60338.244   26.0  -18.875   -18.91  -18.949   5467.57           V 
 60338.778   26.5  -18.908  -18.941  -18.979   5467.57           V 
 60339.312   27.0  -18.938   -18.97  -19.009   5467.57           V 
 60339.846   27.5  -18.968  -18.999  -19.038   5467.57           V 
  60340.38   28.0  -18.998  -19.028  -19.066   5467.57           V 
 60340.914   28.5  -19.027  -19.056  -19.093   5467.57           V 
 60341.448   29.0  -19.055  -19.083   -19.12   5467.57           V 
 60341.982   29.5  -19.082  -19.109  -19.147   5467.57           V 
 60342.516   30.0  -19.108  -19.135  -19.172   5467.57           V 
  60343.05   30.5  -19.134  -19.161  -19.196   5467.57           V 
 60343.584   31.0  -19.159  -19.186   -19.22   5467.57           V 
 60344.118   31.5  -19.184  -19.209  -19.242   5467.57           V 
 60344.652   32.0  -19.208  -19.232  -19.265   5467.57           V 
 60345.186   32.5  -19.231  -19.255  -19.287   5467.57           V 
  60345.72   33.0  -19.253  -19.278  -19.309   5467.57           V 
 60346.254   33.5  -19.276    -19.3  -19.331   5467.57           V 
 60346.788   34.0  -19.297  -19.321  -19.352   5467.57           V 
 60347.322   34.5  -19.318  -19.342  -19.373   5467.57           V 
 60347.856   35.0  -19.339  -19.363  -19.393   5467.57           V 
  60348.39   35.5  -19.359  -19.383  -19.412   5467.57           V 
 60348.924   36.0  -19.378  -19.402  -19.431   5467.57           V 
 60349.458   36.5  -19.397   -19.42   -19.45   5467.57           V 
 60349.992   37.0  -19.416  -19.438  -19.468   5467.57           V 
 60350.526   37.5  -19.434  -19.456  -19.486   5467.57           V 
  60351.06   38.0  -19.452  -19.473  -19.503   5467.57           V 
 60351.594   38.5  -19.469  -19.491   -19.52   5467.57           V 
 60352.128   39.0  -19.486  -19.508  -19.537   5467.57           V 
 60352.662   39.5  -19.502  -19.525  -19.553   5467.57           V 
 60353.196   40.0  -19.518  -19.541  -19.568   5467.57           V 
  60353.73   40.5  -19.534  -19.556  -19.584   5467.57           V 
 60354.264   41.0  -19.549  -19.572  -19.601   5467.57           V 
 60354.798   41.5  -19.564  -19.586  -19.616   5467.57           V 
 60355.332   42.0  -19.579    -19.6   -19.63   5467.57           V 
 60355.866   42.5  -19.593  -19.615  -19.645   5467.57           V 
   60356.4   43.0  -19.607  -19.629  -19.659   5467.57           V 
 60356.934   43.5  -19.621  -19.642  -19.673   5467.57           V 
 60357.468   44.0  -19.634  -19.656  -19.687   5467.57           V 
 60358.002   44.5  -19.647  -19.669    -19.7   5467.57           V 
 60358.536   45.0   -19.66  -19.681  -19.712   5467.57           V 
  60359.07   45.5  -19.673  -19.694  -19.724   5467.57           V 
 60359.604   46.0  -19.685  -19.705  -19.736   5467.57           V 
 60360.138   46.5  -19.696  -19.717  -19.748   5467.57           V 
 60360.672   47.0  -19.708  -19.728  -19.759   5467.57           V 
 60361.206   47.5  -19.719  -19.739  -19.771   5467.57           V 
  60361.74   48.0  -19.731   -19.75  -19.782   5467.57           V 
 60362.274   48.5  -19.742  -19.761  -19.793   5467.57           V 
 60362.808   49.0  -19.752  -19.771  -19.803   5467.57           V 
 60363.342   49.5  -19.762  -19.781  -19.813   5467.57           V 
 60363.876   50.0  -19.771  -19.791  -19.823   5467.57           V 
  60364.41   50.5  -19.781    -19.8  -19.833   5467.57           V 
 60364.944   51.0   -19.79  -19.809  -19.842   5467.57           V 
 60365.478   51.5  -19.798  -19.818  -19.851   5467.57           V 
 60366.012   52.0  -19.806  -19.826   -19.86   5467.57           V 
 60366.546   52.5  -19.815  -19.834  -19.868   5467.57           V 
  60367.08   53.0  -19.823  -19.842  -19.876   5467.57           V 
 60367.614   53.5   -19.83  -19.849  -19.884   5467.57           V 
 60368.148   54.0  -19.838  -19.857  -19.891   5467.57           V 
 60368.682   54.5  -19.845  -19.864  -19.899   5467.57           V 
 60369.216   55.0  -19.851  -19.871  -19.906   5467.57           V 
  60369.75   55.5  -19.858  -19.877  -19.912   5467.57           V 
 60370.284   56.0  -19.865  -19.884  -19.918   5467.57           V 
 60370.818   56.5   -19.87   -19.89  -19.924   5467.57           V 
 60371.352   57.0  -19.876  -19.896   -19.93   5467.57           V 
 60371.886   57.5  -19.881  -19.901  -19.935   5467.57           V 
  60372.42   58.0  -19.886  -19.907   -19.94   5467.57           V 
 60372.954   58.5  -19.891  -19.912  -19.945   5467.57           V 
 60373.488   59.0  -19.896  -19.917   -19.95   5467.57           V 
 60374.022   59.5  -19.901  -19.922  -19.955   5467.57           V 
 60374.556   60.0  -19.906  -19.927   -19.96   5467.57           V 
  60375.09   60.5   -19.91  -19.932  -19.964   5467.57           V 
 60375.624   61.0  -19.914  -19.936  -19.968   5467.57           V 
 60376.158   61.5  -19.918   -19.94  -19.972   5467.57           V 
 60376.692   62.0  -19.922  -19.944  -19.975   5467.57           V 
 60377.226   62.5  -19.925  -19.947  -19.978   5467.57           V 
  60377.76   63.0  -19.928   -19.95  -19.981   5467.57           V 
 60378.294   63.5  -19.931  -19.953  -19.984   5467.57           V 
 60378.828   64.0  -19.934  -19.956  -19.986   5467.57           V 
 60379.362   64.5  -19.936  -19.958  -19.988   5467.57           V 
 60379.896   65.0  -19.938   -19.96  -19.989   5467.57           V 
  60380.43   65.5   -19.94  -19.962  -19.991   5467.57           V 
 60380.964   66.0  -19.941  -19.964  -19.992   5467.57           V 
 60381.498   66.5  -19.943  -19.965  -19.993   5467.57           V 
 60382.032   67.0  -19.944  -19.966  -19.994   5467.57           V 
 60382.566   67.5  -19.945  -19.967  -19.994   5467.57           V 
   60383.1   68.0  -19.945  -19.967  -19.995   5467.57           V 
 60383.634   68.5  -19.946  -19.967  -19.995   5467.57           V 
 60384.168   69.0  -19.946  -19.968  -19.995   5467.57           V 
 60384.702   69.5  -19.946  -19.968  -19.995   5467.57           V 
 60385.236   70.0  -19.945  -19.967  -19.994   5467.57           V 
  60385.77   70.5  -19.945  -19.967  -19.994   5467.57           V 
 60386.304   71.0  -19.945  -19.966  -19.993   5467.57           V 
 60386.838   71.5  -19.944  -19.965  -19.991   5467.57           V 
 60387.372   72.0  -19.943  -19.964   -19.99   5467.57           V 
 60387.906   72.5  -19.941  -19.962  -19.988   5467.57           V 
  60388.44   73.0   -19.94  -19.961  -19.987   5467.57           V 
 60388.974   73.5  -19.938  -19.959  -19.985   5467.57           V 
 60389.508   74.0  -19.935  -19.957  -19.982   5467.57           V 
 60390.042   74.5  -19.933  -19.954   -19.98   5467.57           V 
 60390.576   75.0  -19.931  -19.952  -19.977   5467.57           V 
  60391.11   75.5  -19.928  -19.949  -19.974   5467.57           V 
 60391.644   76.0  -19.925  -19.946   -19.97   5467.57           V 
 60392.178   76.5  -19.922  -19.943  -19.967   5467.57           V 
 60392.712   77.0  -19.919  -19.939  -19.964   5467.57           V 
 60393.246   77.5  -19.915  -19.936  -19.961   5467.57           V 
  60393.78   78.0  -19.912  -19.932  -19.957   5467.57           V 
 60394.314   78.5  -19.908  -19.929  -19.953   5467.57           V 
 60394.848   79.0  -19.904  -19.925   -19.95   5467.57           V 
 60395.382   79.5  -19.899   -19.92  -19.946   5467.57           V 
 60395.916   80.0  -19.895  -19.916  -19.942   5467.57           V 
  60396.45   80.5   -19.89  -19.911  -19.937   5467.57           V 
 60396.984   81.0  -19.885  -19.906  -19.933   5467.57           V 
 60397.518   81.5   -19.88  -19.901  -19.928   5467.57           V 
 60398.052   82.0  -19.875  -19.895  -19.922   5467.57           V 
 60398.586   82.5  -19.869   -19.89  -19.916   5467.57           V 
  60399.12   83.0  -19.863  -19.884  -19.909   5467.57           V 
 60399.654   83.5  -19.857  -19.878  -19.903   5467.57           V 
 60400.188   84.0  -19.851  -19.871  -19.896   5467.57           V 
 60400.722   84.5  -19.845  -19.866   -19.89   5467.57           V 
 60401.256   85.0  -19.838  -19.859  -19.883   5467.57           V 
  60401.79   85.5  -19.832  -19.852  -19.876   5467.57           V 
 60402.324   86.0  -19.825  -19.845  -19.869   5467.57           V 
 60402.858   86.5  -19.817  -19.837  -19.862   5467.57           V 
 60403.392   87.0   -19.81  -19.829  -19.855   5467.57           V 
 60403.926   87.5  -19.802  -19.821  -19.848   5467.57           V 
  60404.46   88.0  -19.794  -19.814   -19.84   5467.57           V 
 60404.994   88.5  -19.786  -19.805  -19.832   5467.57           V 
 60405.528   89.0  -19.778  -19.797  -19.823   5467.57           V 
 60406.062   89.5  -19.769  -19.789  -19.815   5467.57           V 
 60406.596   90.0   -19.76  -19.781  -19.806   5467.57           V 
  60407.13   90.5  -19.752  -19.772  -19.797   5467.57           V 
 60407.664   91.0  -19.743  -19.763  -19.788   5467.57           V 
 60408.198   91.5  -19.733  -19.753  -19.779   5467.57           V 
 60408.732   92.0  -19.724  -19.744   -19.77   5467.57           V 
 60409.266   92.5  -19.714  -19.734   -19.76   5467.57           V 
   60409.8   93.0  -19.704  -19.724   -19.75   5467.57           V 
 60410.334   93.5  -19.694  -19.714  -19.741   5467.57           V 
 60410.868   94.0  -19.684  -19.704  -19.731   5467.57           V 
 60411.402   94.5  -19.674  -19.694  -19.721   5467.57           V 
 60411.936   95.0  -19.663  -19.683  -19.711   5467.57           V 
  60412.47   95.5  -19.653  -19.673  -19.701   5467.57           V 
 60413.004   96.0  -19.642  -19.661   -19.69   5467.57           V 
 60413.538   96.5  -19.631   -19.65  -19.679   5467.57           V 
 60414.072   97.0  -19.619  -19.639  -19.668   5467.57           V 
 60414.606   97.5  -19.607  -19.628  -19.657   5467.57           V 
  60415.14   98.0  -19.596  -19.616  -19.645   5467.57           V 
 60415.674   98.5  -19.584  -19.604  -19.634   5467.57           V 
 60416.208   99.0  -19.571  -19.592  -19.622   5467.57           V 
 60416.742   99.5  -19.559   -19.58   -19.61   5467.57           V 
 60417.276  100.0  -19.546  -19.568  -19.598   5467.57           V 
 60417.276  100.0  -19.546  -19.568  -19.598   5467.57           V 
 60419.412  102.0  -19.495  -19.517  -19.549   5467.57           V 
 60421.548  104.0  -19.441  -19.464  -19.497   5467.57           V 
 60423.684  106.0  -19.382  -19.408  -19.442   5467.57           V 
  60425.82  108.0  -19.322  -19.348  -19.382   5467.57           V 
 60427.956  110.0  -19.259  -19.285  -19.321   5467.57           V 
 60430.092  112.0  -19.197  -19.222  -19.259   5467.57           V 
 60432.228  114.0  -19.137  -19.161  -19.194   5467.57           V 
 60434.364  116.0  -19.082  -19.102  -19.133   5467.57           V 
   60436.5  118.0  -19.027  -19.049  -19.077   5467.57           V 
 60438.636  120.0  -18.973  -18.996  -19.024   5467.57           V 
 60440.772  122.0   -18.92  -18.942  -18.971   5467.57           V 
 60442.908  124.0  -18.867   -18.89  -18.917   5467.57           V 
 60445.044  126.0  -18.816  -18.837  -18.863   5467.57           V 
  60447.18  128.0  -18.763  -18.785   -18.81   5467.57           V 
 60449.316  130.0   -18.71  -18.731  -18.757   5467.57           V 
 60451.452  132.0  -18.657  -18.678  -18.705   5467.57           V 
 60453.588  134.0  -18.604  -18.626  -18.653   5467.57           V 
 60455.724  136.0  -18.551  -18.574  -18.602   5467.57           V 
  60457.86  138.0  -18.499   -18.52  -18.551   5467.57           V 
 60459.996  140.0  -18.446  -18.468  -18.499   5467.57           V 
 60462.132  142.0  -18.395  -18.417  -18.445   5467.57           V 
 60464.268  144.0  -18.343  -18.366  -18.394   5467.57           V 
 60466.404  146.0  -18.292  -18.314  -18.345   5467.57           V 
  60468.54  148.0  -18.242  -18.263  -18.297   5467.57           V 
 60470.676  150.0  -18.191  -18.214  -18.248   5467.57           V 
 60472.812  152.0   -18.14  -18.163  -18.201   5467.57           V 
 60474.948  154.0  -18.089  -18.115  -18.153   5467.57           V 
 60477.084  156.0  -18.039  -18.065  -18.106   5467.57           V 
  60479.22  158.0   -17.99  -18.017   -18.06   5467.57           V 
 60481.356  160.0  -17.941  -17.969  -18.014   5467.57           V 
 60483.492  162.0  -17.893   -17.92  -17.968   5467.57           V 
 60485.628  164.0  -17.844  -17.874  -17.922   5467.57           V 
 60487.764  166.0  -17.797  -17.827  -17.877   5467.57           V 
   60489.9  168.0   -17.75  -17.781  -17.831   5467.57           V 
 60492.036  170.0  -17.702  -17.734  -17.786   5467.57           V 
 60494.172  172.0  -17.655  -17.688  -17.743   5467.57           V 
 60496.308  174.0  -17.608  -17.644  -17.699   5467.57           V 
 60498.444  176.0  -17.561    -17.6  -17.657   5467.57           V 
  60500.58  178.0  -17.516  -17.557  -17.615   5467.57           V 
 60502.716  180.0  -17.472  -17.514  -17.575   5467.57           V 
 60504.852  182.0  -17.428  -17.472  -17.534   5467.57           V 
 60506.988  184.0  -17.385   -17.43  -17.493   5467.57           V 
 60509.124  186.0  -17.342  -17.389  -17.453   5467.57           V 
  60511.26  188.0    -17.3  -17.348  -17.413   5467.57           V 
 60513.396  190.0  -17.258  -17.307  -17.374   5467.57           V 
 60515.532  192.0  -17.217  -17.266  -17.334   5467.57           V 
 60517.668  194.0  -17.176  -17.226  -17.295   5467.57           V 
 60519.804  196.0  -17.135  -17.186  -17.255   5467.57           V 
  60521.94  198.0  -17.095  -17.146  -17.215   5467.57           V 
 60524.076  200.0  -17.056  -17.107  -17.175   5467.57           V 
 60526.212  202.0  -17.016  -17.068  -17.137   5467.57           V 
 60528.348  204.0  -16.978  -17.031    -17.1   5467.57           V 
 60530.484  206.0  -16.938  -16.993  -17.063   5467.57           V 
  60532.62  208.0    -16.9  -16.956  -17.026   5467.57           V 
 60534.756  210.0  -16.862  -16.919  -16.989   5467.57           V 
 60536.892  212.0  -16.824  -16.882  -16.953   5467.57           V 
 60539.028  214.0  -16.787  -16.845  -16.918   5467.57           V 
 60541.164  216.0  -16.751  -16.809  -16.883   5467.57           V 
   60543.3  218.0  -16.714  -16.773  -16.848   5467.57           V 
 60545.436  220.0  -16.678  -16.737  -16.813   5467.57           V 
 60547.572  222.0  -16.642  -16.702  -16.778   5467.57           V 
 60549.708  224.0  -16.606  -16.666  -16.744   5467.57           V 
 60551.844  226.0   -16.57  -16.631   -16.71   5467.57           V 
  60553.98  228.0  -16.535  -16.596  -16.676   5467.57           V 
 60556.116  230.0    -16.5  -16.562  -16.643   5467.57           V 
 60558.252  232.0  -16.466  -16.528   -16.61   5467.57           V 
 60560.388  234.0  -16.431  -16.494  -16.577   5467.57           V 
 60562.524  236.0  -16.397  -16.461  -16.544   5467.57           V 
  60564.66  238.0  -16.363  -16.427  -16.511   5467.57           V 
 60566.796  240.0   -16.33  -16.394  -16.479   5467.57           V 
 60568.932  242.0  -16.296  -16.362  -16.447   5467.57           V 
 60571.068  244.0  -16.263  -16.329  -16.415   5467.57           V 
 60573.204  246.0   -16.23  -16.297  -16.383   5467.57           V 
  60575.34  248.0  -16.198  -16.265  -16.352   5467.57           V 
 60577.476  250.0  -16.165  -16.233  -16.321   5467.57           V 
 60579.612  252.0  -16.133  -16.202   -16.29   5467.57           V 
 60581.748  254.0  -16.101   -16.17  -16.259   5467.57           V 
 60583.884  256.0  -16.069  -16.139  -16.228   5467.57           V 
  60586.02  258.0  -16.038  -16.108  -16.198   5467.57           V 
 60588.156  260.0  -16.006  -16.078  -16.167   5467.57           V 
 60590.292  262.0  -15.975  -16.047  -16.137   5467.57           V 
 60592.428  264.0  -15.944  -16.017  -16.107   5467.57           V 
 60594.564  266.0  -15.913  -15.987  -16.077   5467.57           V 
   60596.7  268.0  -15.882  -15.957  -16.047   5467.57           V 
 60598.836  270.0  -15.852  -15.928  -16.018   5467.57           V 
 60600.972  272.0  -15.822  -15.898  -15.988   5467.57           V 
 60603.108  274.0  -15.792  -15.869  -15.959   5467.57           V 
 60605.244  276.0  -15.762   -15.84  -15.929   5467.57           V 
  60607.38  278.0  -15.732  -15.811  -15.901   5467.57           V 
 60609.516  280.0  -15.702  -15.782  -15.873   5467.57           V 
 60611.652  282.0  -15.672  -15.754  -15.844   5467.57           V 
 60613.788  284.0  -15.643  -15.726  -15.816   5467.57           V 
 60615.924  286.0  -15.614  -15.698  -15.788   5467.57           V 
  60618.06  288.0  -15.586   -15.67  -15.761   5467.57           V 
 60620.196  290.0  -15.557  -15.642  -15.733   5467.57           V 
 60622.332  292.0  -15.529  -15.614  -15.706   5467.57           V 
 60624.468  294.0    -15.5  -15.587  -15.679   5467.57           V 
 60626.604  296.0  -15.473   -15.56  -15.652   5467.57           V 
  60628.74  298.0  -15.445  -15.533  -15.626   5467.57           V 
 60630.876  300.0  -15.417  -15.506  -15.599   5467.57           V 
 60633.012  302.0   -15.39  -15.479  -15.573   5467.57           V 
 60635.148  304.0  -15.363  -15.452  -15.546   5467.57           V 
 60637.284  306.0  -15.336  -15.426   -15.52   5467.57           V 
  60639.42  308.0  -15.309    -15.4  -15.494   5467.57           V 
 60641.556  310.0  -15.281  -15.374  -15.468   5467.57           V 
 60643.692  312.0  -15.254  -15.348  -15.442   5467.57           V 
 60645.828  314.0  -15.228  -15.322  -15.416   5467.57           V 
 60647.964  316.0  -15.202  -15.296  -15.391   5467.57           V 
   60650.1  318.0  -15.176   -15.27  -15.365   5467.57           V 
 60652.236  320.0   -15.15  -15.245   -15.34   5467.57           V 
 60654.372  322.0  -15.124   -15.22  -15.315   5467.57           V 
 60656.508  324.0  -15.099  -15.195   -15.29   5467.57           V 
 60658.644  326.0  -15.074   -15.17  -15.265   5467.57           V 
  60660.78  328.0  -15.048  -15.145   -15.24   5467.57           V 
 60662.916  330.0  -15.023   -15.12  -15.216   5467.57           V 
 60665.052  332.0  -14.999  -15.096  -15.191   5467.57           V 
 60667.188  334.0  -14.974  -15.071  -15.167   5467.57           V 
 60669.324  336.0  -14.949  -15.047  -15.143   5467.57           V 
  60671.46  338.0  -14.925  -15.023  -15.119   5467.57           V 
 60673.596  340.0  -14.901  -14.999  -15.095   5467.57           V 
 60675.732  342.0  -14.876  -14.975  -15.071   5467.57           V 
 60677.868  344.0  -14.852  -14.951  -15.048   5467.57           V 
 60680.004  346.0  -14.828  -14.927  -15.024   5467.57           V 
  60682.14  348.0  -14.805  -14.904  -15.001   5467.57           V 
 60684.276  350.0  -14.781   -14.88  -14.978   5467.57           V 
 60686.412  352.0  -14.758  -14.856  -14.955   5467.57           V 
 60688.548  354.0  -14.734  -14.833  -14.932   5467.57           V 
 60690.684  356.0  -14.711   -14.81  -14.909   5467.57           V 
  60692.82  358.0  -14.688  -14.787  -14.886   5467.57           V 
 60694.956  360.0  -14.665  -14.764  -14.862   5467.57           V 
 60697.092  362.0  -14.642  -14.741  -14.839   5467.57           V 
 60699.228  364.0  -14.619  -14.719  -14.815   5467.57           V 
 60701.364  366.0  -14.596  -14.696  -14.792   5467.57           V 
   60703.5  368.0  -14.573  -14.674  -14.768   5467.57           V 
 60705.636  370.0   -14.55  -14.651  -14.745   5467.57           V 
 60707.772  372.0  -14.528  -14.629  -14.724   5467.57           V 
 60709.908  374.0  -14.505  -14.607  -14.702   5467.57           V 
 60712.044  376.0  -14.483  -14.584   -14.68   5467.57           V 
  60714.18  378.0   -14.46  -14.562  -14.658   5467.57           V 
 60716.316  380.0  -14.438   -14.54  -14.637   5467.57           V 
 60718.452  382.0  -14.416  -14.518  -14.615   5467.57           V 
 60720.588  384.0  -14.394  -14.497  -14.594   5467.57           V 
 60722.724  386.0  -14.372  -14.475  -14.573   5467.57           V 
  60724.86  388.0   -14.35  -14.454  -14.552   5467.57           V 
 60726.996  390.0  -14.329  -14.432  -14.531   5467.57           V 
 60729.132  392.0  -14.307  -14.411   -14.51   5467.57           V 
 60731.268  394.0  -14.286   -14.39  -14.489   5467.57           V 
 60733.404  396.0  -14.265  -14.369  -14.469   5467.57           V 
  60735.54  398.0  -14.243  -14.347  -14.448   5467.57           V 
 60737.676  400.0  -14.222  -14.327  -14.427   5467.57           V 
 60739.812  402.0  -14.201  -14.306  -14.407   5467.57           V 
 60741.948  404.0  -14.181  -14.285  -14.386   5467.57           V 
 60744.084  406.0   -14.16  -14.264  -14.366   5467.57           V 
  60746.22  408.0  -14.139  -14.244  -14.346   5467.57           V 
 60748.356  410.0  -14.119  -14.223  -14.325   5467.57           V 
 60750.492  412.0  -14.099  -14.203  -14.305   5467.57           V 
 60752.628  414.0  -14.078  -14.183  -14.285   5467.57           V 
 60754.764  416.0  -14.058  -14.163  -14.265   5467.57           V 
   60756.9  418.0  -14.038  -14.143  -14.246   5467.57           V 
 60759.036  420.0  -14.018  -14.123  -14.226   5467.57           V 
 60761.172  422.0  -13.998  -14.103  -14.206   5467.57           V 
 60763.308  424.0  -13.979  -14.083  -14.187   5467.57           V 
 60765.444  426.0  -13.959  -14.064  -14.167   5467.57           V 
  60767.58  428.0  -13.939  -14.044  -14.148   5467.57           V 
 60769.716  430.0   -13.92  -14.025  -14.128   5467.57           V 
 60771.852  432.0    -13.9  -14.006  -14.109   5467.57           V 
 60773.988  434.0  -13.881  -13.987   -14.09   5467.57           V 
 60776.124  436.0  -13.862  -13.967  -14.071   5467.57           V 
  60778.26  438.0  -13.843  -13.948  -14.052   5467.57           V 
 60780.396  440.0  -13.824  -13.929  -14.033   5467.57           V 
 60782.532  442.0  -13.805   -13.91  -14.014   5467.57           V 
 60784.668  444.0  -13.786  -13.891  -13.996   5467.57           V 
 60786.804  446.0  -13.767  -13.873  -13.978   5467.57           V 
  60788.94  448.0  -13.748  -13.854  -13.959   5467.57           V 
 60791.076  450.0  -13.729  -13.835  -13.941   5467.57           V 
 60793.212  452.0   -13.71  -13.817  -13.923   5467.57           V 
 60795.348  454.0  -13.692  -13.798  -13.905   5467.57           V 
 60797.484  456.0  -13.673   -13.78  -13.887   5467.57           V 
  60799.62  458.0  -13.655  -13.761  -13.869   5467.57           V 
 60801.756  460.0  -13.636  -13.743  -13.851   5467.57           V 
 60803.892  462.0  -13.618  -13.725  -13.833   5467.57           V 
 60806.028  464.0    -13.6  -13.707  -13.815   5467.57           V 
 60808.164  466.0  -13.582  -13.689  -13.798   5467.57           V 
   60810.3  468.0  -13.563  -13.671   -13.78   5467.57           V 
 60812.436  470.0  -13.545  -13.653  -13.763   5467.57           V 
 60814.572  472.0  -13.527  -13.635  -13.745   5467.57           V 
 60816.708  474.0   -13.51  -13.617  -13.728   5467.57           V 
 60818.844  476.0  -13.492    -13.6   -13.71   5467.57           V 
  60820.98  478.0  -13.474  -13.582  -13.693   5467.57           V 
 60823.116  480.0  -13.456  -13.565  -13.676   5467.57           V 
 60825.252  482.0  -13.439  -13.548  -13.659   5467.57           V 
 60827.388  484.0  -13.421   -13.53  -13.642   5467.57           V 
 60829.524  486.0  -13.404  -13.513  -13.625   5467.57           V 
  60831.66  488.0  -13.386  -13.496  -13.608   5467.57           V 
 60833.796  490.0  -13.369  -13.479  -13.591   5467.57           V 
 60835.932  492.0  -13.352  -13.462  -13.574   5467.57           V 
 60838.068  494.0  -13.335  -13.445  -13.558   5467.57           V 
 60840.204  496.0  -13.317  -13.428  -13.541   5467.57           V 
  60842.34  498.0    -13.3  -13.411  -13.525   5467.57           V 
 60844.476  500.0  -13.283  -13.394  -13.508   5467.57           V 
 60846.612  502.0  -13.267  -13.378  -13.492   5467.57           V 
 60848.748  504.0   -13.25  -13.361  -13.475   5467.57           V 
 60850.884  506.0  -13.233  -13.344  -13.459   5467.57           V 
  60853.02  508.0  -13.216  -13.328  -13.443   5467.57           V 
 60855.156  510.0  -13.199  -13.311  -13.426   5467.57           V 
 60857.292  512.0  -13.183  -13.295   -13.41   5467.57           V 
 60859.428  514.0  -13.166  -13.278  -13.394   5467.57           V 
 60861.564  516.0   -13.15  -13.262  -13.378   5467.57           V 
   60863.7  518.0  -13.133  -13.246  -13.362   5467.57           V 
 60865.836  520.0  -13.117   -13.23  -13.346   5467.57           V 
 60867.972  522.0  -13.101  -13.214   -13.33   5467.57           V 
 60870.108  524.0  -13.085  -13.198  -13.314   5467.57           V 
 60872.244  526.0  -13.068  -13.182  -13.299   5467.57           V 
  60874.38  528.0  -13.052  -13.166  -13.283   5467.57           V 
 60876.516  530.0  -13.036   -13.15  -13.267   5467.57           V 
 60878.652  532.0   -13.02  -13.133  -13.252   5467.57           V 
 60880.788  534.0  -13.004  -13.117  -13.236   5467.57           V 
 60882.924  536.0  -12.988  -13.101  -13.221   5467.57           V 
  60885.06  538.0  -12.973  -13.085  -13.205   5467.57           V 
 60887.196  540.0  -12.957  -13.069   -13.19   5467.57           V 
 60889.332  542.0  -12.941  -13.053  -13.175   5467.57           V 
 60891.468  544.0  -12.925  -13.037  -13.159   5467.57           V 
 60893.604  546.0   -12.91  -13.022  -13.144   5467.57           V 
  60895.74  548.0  -12.894  -13.006  -13.129   5467.57           V 
 60897.876  550.0  -12.879  -12.991  -13.114   5467.57           V 
 60900.012  552.0  -12.863  -12.976  -13.099   5467.57           V 
 60902.148  554.0  -12.848  -12.961  -13.084   5467.57           V 
 60904.284  556.0  -12.833  -12.946  -13.069   5467.57           V 
  60906.42  558.0  -12.817  -12.931  -13.054   5467.57           V 
 60908.556  560.0  -12.802  -12.916  -13.039   5467.57           V 
 60910.692  562.0  -12.787  -12.901  -13.025   5467.57           V 
 60912.828  564.0  -12.772  -12.886   -13.01   5467.57           V 
 60914.964  566.0  -12.757  -12.871  -12.995   5467.57           V 
   60917.1  568.0  -12.742  -12.856   -12.98   5467.57           V 
 60919.236  570.0  -12.727  -12.841  -12.966   5467.57           V 
 60921.372  572.0  -12.712  -12.827  -12.951   5467.57           V 
 60923.508  574.0  -12.697  -12.812  -12.937   5467.57           V 
 60925.644  576.0  -12.682  -12.797  -12.922   5467.57           V 
  60927.78  578.0  -12.668  -12.783  -12.908   5467.57           V 
 60929.916  580.0  -12.653  -12.768  -12.894   5467.57           V 
 60932.052  582.0  -12.638  -12.754  -12.879   5467.57           V 
 60934.188  584.0  -12.624  -12.739  -12.865   5467.57           V 
 60936.324  586.0  -12.609  -12.725  -12.851   5467.57           V 
  60938.46  588.0  -12.595   -12.71  -12.837   5467.57           V 
 60940.596  590.0   -12.58  -12.696  -12.823   5467.57           V 
 60942.732  592.0  -12.566  -12.682  -12.809   5467.57           V 
 60944.868  594.0  -12.551  -12.668  -12.794   5467.57           V 
 60947.004  596.0  -12.537  -12.654   -12.78   5467.57           V 
  60949.14  598.0  -12.523  -12.639  -12.767   5467.57           V 
 60951.276  600.0  -12.509  -12.625  -12.753   5467.57           V 
 60953.412  602.0  -12.495  -12.611  -12.739   5467.57           V 
 60955.548  604.0   -12.48  -12.597  -12.725   5467.57           V 
 60957.684  606.0  -12.466  -12.583  -12.711   5467.57           V 
  60959.82  608.0  -12.452   -12.57  -12.697   5467.57           V 
 60961.956  610.0  -12.438  -12.556  -12.684   5467.57           V 
 60964.092  612.0  -12.424  -12.542   -12.67   5467.57           V 
 60966.228  614.0  -12.411  -12.528  -12.656   5467.57           V 
 60968.364  616.0  -12.397  -12.514  -12.643   5467.57           V 
   60970.5  618.0  -12.383  -12.501  -12.629   5467.57           V 
 60972.636  620.0  -12.369  -12.487  -12.616   5467.57           V 
 60974.772  622.0  -12.355  -12.474  -12.602   5467.57           V 
 60976.908  624.0  -12.342   -12.46  -12.589   5467.57           V 
 60979.044  626.0  -12.328  -12.447  -12.576   5467.57           V 
  60981.18  628.0  -12.315  -12.433  -12.562   5467.57           V 
 60983.316  630.0  -12.301   -12.42  -12.549   5467.57           V 
 60985.452  632.0  -12.288  -12.406  -12.536   5467.57           V 
 60987.588  634.0  -12.274  -12.393  -12.523   5467.57           V 
 60989.724  636.0  -12.261   -12.38   -12.51   5467.57           V 
  60991.86  638.0  -12.247  -12.366  -12.496   5467.57           V 
 60993.996  640.0  -12.234  -12.353  -12.483   5467.57           V 
 60996.132  642.0  -12.221   -12.34   -12.47   5467.57           V 
 60998.268  644.0  -12.207  -12.327  -12.457   5467.57           V 
 61000.404  646.0  -12.194  -12.314  -12.444   5467.57           V 
  61002.54  648.0  -12.181  -12.301  -12.431   5467.57           V 
 61004.676  650.0  -12.168  -12.288  -12.419   5467.57           V 
 61006.812  652.0  -12.155  -12.275  -12.406   5467.57           V 
 61008.948  654.0  -12.142  -12.262  -12.393   5467.57           V 
 61011.084  656.0  -12.128  -12.249   -12.38   5467.57           V 
  61013.22  658.0  -12.115  -12.236  -12.367   5467.57           V 
 61015.356  660.0  -12.102  -12.223  -12.355   5467.57           V 
 61017.492  662.0  -12.089  -12.211  -12.342   5467.57           V 
 61019.628  664.0  -12.076  -12.198  -12.329   5467.57           V 
 61021.764  666.0  -12.063  -12.185  -12.317   5467.57           V 
   61023.9  668.0  -12.051  -12.173  -12.304   5467.57           V 
 61026.036  670.0  -12.038   -12.16  -12.292   5467.57           V 
 61028.172  672.0  -12.025  -12.147  -12.279   5467.57           V 
 61030.308  674.0  -12.012  -12.135  -12.267   5467.57           V 
 61032.444  676.0  -11.999  -12.122  -12.254   5467.57           V 
  61034.58  678.0  -11.987   -12.11  -12.242   5467.57           V 
 61036.716  680.0  -11.974  -12.097   -12.23   5467.57           V 
 61038.852  682.0  -11.961  -12.085  -12.217   5467.57           V 
 61040.988  684.0  -11.949  -12.073  -12.205   5467.57           V 
 61043.124  686.0  -11.936   -12.06  -12.193   5467.57           V 
  61045.26  688.0  -11.924  -12.048  -12.181   5467.57           V 
 61047.396  690.0  -11.911  -12.036  -12.169   5467.57           V 
 61049.532  692.0  -11.899  -12.023  -12.157   5467.57           V 
 61051.668  694.0  -11.887  -12.011  -12.144   5467.57           V 
 61053.804  696.0  -11.874  -11.999  -12.132   5467.57           V 
  61055.94  698.0  -11.862  -11.987   -12.12   5467.57           V 
 61058.076  700.0   -11.85  -11.975  -12.108   5467.57           V 
 61060.212  702.0  -11.837  -11.963  -12.096   5467.57           V 
 61062.348  704.0  -11.825  -11.951  -12.084   5467.57           V 
 61064.484  706.0  -11.813  -11.939  -12.073   5467.57           V 
  61066.62  708.0  -11.801  -11.927  -12.061   5467.57           V 
 61068.756  710.0  -11.789  -11.915  -12.049   5467.57           V 
 61070.892  712.0  -11.777  -11.903  -12.037   5467.57           V 
 61073.028  714.0  -11.765  -11.891  -12.025   5467.57           V 
 61075.164  716.0  -11.753  -11.879  -12.014   5467.57           V 
   61077.3  718.0  -11.741  -11.867  -12.002   5467.57           V 
 61079.436  720.0   -11.73  -11.856   -11.99   5467.57           V 
 61081.572  722.0  -11.718  -11.844  -11.978   5467.57           V 
 61083.708  724.0  -11.706  -11.832  -11.967   5467.57           V 
 61085.844  726.0  -11.694  -11.821  -11.955   5467.57           V 
  61087.98  728.0  -11.682  -11.809  -11.944   5467.57           V 
 61090.116  730.0  -11.671  -11.797  -11.932   5467.57           V 
 61092.252  732.0  -11.659  -11.786  -11.921   5467.57           V 
 61094.388  734.0  -11.648  -11.774  -11.909   5467.57           V 
 61096.524  736.0  -11.636  -11.763  -11.898   5467.57           V 
  61098.66  738.0  -11.624  -11.751  -11.886   5467.57           V 
 61100.796  740.0  -11.613   -11.74  -11.875   5467.57           V 
 61102.932  742.0  -11.601  -11.728  -11.864   5467.57           V 
 61105.068  744.0   -11.59  -11.717  -11.852   5467.57           V 
 61107.204  746.0  -11.578  -11.706  -11.841   5467.57           V 
  61109.34  748.0  -11.567  -11.694   -11.83   5467.57           V 
 61111.476  750.0  -11.556  -11.683  -11.818   5467.57           V 
 61113.612  752.0  -11.544  -11.672  -11.807   5467.57           V 
 61115.748  754.0  -11.533   -11.66  -11.796   5467.57           V 
 61117.884  756.0  -11.522  -11.649  -11.785   5467.57           V 
  61120.02  758.0   -11.51  -11.638  -11.774   5467.57           V 
 61122.156  760.0  -11.499  -11.627  -11.763   5467.57           V 
 61124.292  762.0  -11.488  -11.616  -11.752   5467.57           V 
 61126.428  764.0  -11.477  -11.605  -11.741   5467.57           V 
 61128.564  766.0  -11.466  -11.594   -11.73   5467.57           V 
   61130.7  768.0  -11.455  -11.582  -11.719   5467.57           V 
 61132.836  770.0  -11.443  -11.571  -11.708   5467.57           V 
 61134.972  772.0  -11.432   -11.56  -11.697   5467.57           V 
 61137.108  774.0  -11.421   -11.55  -11.686   5467.57           V 
 61139.244  776.0   -11.41  -11.539  -11.675   5467.57           V 
  61141.38  778.0  -11.399  -11.528  -11.664   5467.57           V 
 61143.516  780.0  -11.388  -11.517  -11.653   5467.57           V 
 61145.652  782.0  -11.377  -11.506  -11.642   5467.57           V 
 61147.788  784.0  -11.367  -11.495  -11.632   5467.57           V 
 61149.924  786.0  -11.356  -11.484  -11.621   5467.57           V 
  61152.06  788.0  -11.345  -11.474   -11.61   5467.57           V 
 61154.196  790.0  -11.334  -11.463    -11.6   5467.57           V 
 61156.332  792.0  -11.323  -11.452  -11.589   5467.57           V 
 61158.468  794.0  -11.313  -11.441  -11.578   5467.57           V 
 61160.604  796.0  -11.302  -11.431  -11.568   5467.57           V 
  61162.74  798.0  -11.291   -11.42  -11.557   5467.57           V 
 61164.876  800.0   -11.28  -11.409  -11.547   5467.57           V 
 60310.476    0.0      nan      nan      nan   6141.12           r 
  60311.01    0.5   -9.908  -11.999  -12.889   6141.12           r 
 60311.544    1.0  -10.328  -12.578  -13.513   6141.12           r 
 60312.078    1.5  -11.727  -13.288  -14.045   6141.12           r 
 60312.612    2.0  -12.612  -13.763  -14.449   6141.12           r 
 60313.146    2.5  -13.275  -14.199   -14.79   6141.12           r 
  60313.68    3.0  -13.833  -14.583  -15.063   6141.12           r 
 60314.214    3.5  -14.244  -14.902  -15.313   6141.12           r 
 60314.748    4.0  -14.652  -15.192  -15.546   6141.12           r 
 60315.282    4.5   -14.97  -15.432  -15.755   6141.12           r 
 60315.816    5.0  -15.239  -15.653  -15.938   6141.12           r 
  60316.35    5.5  -15.475  -15.853  -16.109   6141.12           r 
 60316.884    6.0  -15.687  -16.029  -16.266   6141.12           r 
 60317.418    6.5  -15.885  -16.191   -16.41   6141.12           r 
 60317.952    7.0  -16.073  -16.339  -16.543   6141.12           r 
 60318.486    7.5  -16.243  -16.476  -16.668   6141.12           r 
  60319.02    8.0  -16.401  -16.608  -16.787   6141.12           r 
 60319.554    8.5  -16.544  -16.731  -16.897   6141.12           r 
 60320.088    9.0  -16.677  -16.844  -17.003   6141.12           r 
 60320.622    9.5  -16.801  -16.948  -17.102   6141.12           r 
 60321.156   10.0  -16.917  -17.048  -17.196   6141.12           r 
  60321.69   10.5  -17.025  -17.144  -17.284   6141.12           r 
 60322.224   11.0  -17.125  -17.238  -17.367   6141.12           r 
 60322.758   11.5  -17.219  -17.328  -17.448   6141.12           r 
 60323.292   12.0  -17.308  -17.412  -17.524   6141.12           r 
 60323.826   12.5  -17.395   -17.49  -17.596   6141.12           r 
  60324.36   13.0  -17.477  -17.563  -17.665   6141.12           r 
 60324.894   13.5  -17.555  -17.632  -17.732   6141.12           r 
 60325.428   14.0  -17.628  -17.699  -17.798   6141.12           r 
 60325.962   14.5    -17.7  -17.765   -17.86   6141.12           r 
 60326.496   15.0  -17.768  -17.829  -17.921   6141.12           r 
  60327.03   15.5  -17.833  -17.893  -17.979   6141.12           r 
 60327.564   16.0  -17.895  -17.954  -18.036   6141.12           r 
 60328.098   16.5  -17.955  -18.011   -18.09   6141.12           r 
 60328.632   17.0  -18.012  -18.068  -18.142   6141.12           r 
 60329.166   17.5  -18.067  -18.122  -18.193   6141.12           r 
   60329.7   18.0  -18.121  -18.175  -18.242   6141.12           r 
 60330.234   18.5  -18.174  -18.226   -18.29   6141.12           r 
 60330.768   19.0  -18.226  -18.274  -18.335   6141.12           r 
 60331.302   19.5  -18.273  -18.321  -18.379   6141.12           r 
 60331.836   20.0  -18.319  -18.367  -18.423   6141.12           r 
  60332.37   20.5  -18.364  -18.411  -18.464   6141.12           r 
 60332.904   21.0  -18.409  -18.454  -18.504   6141.12           r 
 60333.438   21.5  -18.453  -18.496  -18.544   6141.12           r 
 60333.972   22.0  -18.496  -18.536  -18.583   6141.12           r 
 60334.506   22.5  -18.536  -18.575  -18.621   6141.12           r 
  60335.04   23.0  -18.574  -18.614  -18.658   6141.12           r 
 60335.574   23.5  -18.612  -18.651  -18.695   6141.12           r 
 60336.108   24.0  -18.649  -18.687  -18.729   6141.12           r 
 60336.642   24.5  -18.685  -18.723  -18.764   6141.12           r 
 60337.176   25.0   -18.72  -18.757  -18.798   6141.12           r 
  60337.71   25.5  -18.754   -18.79   -18.83   6141.12           r 
 60338.244   26.0  -18.787  -18.823  -18.864   6141.12           r 
 60338.778   26.5   -18.82  -18.854  -18.897   6141.12           r 
 60339.312   27.0  -18.852  -18.886  -18.928   6141.12           r 
 60339.846   27.5  -18.884  -18.917  -18.957   6141.12           r 
  60340.38   28.0  -18.915  -18.946  -18.984   6141.12           r 
 60340.914   28.5  -18.944  -18.974  -19.012   6141.12           r 
 60341.448   29.0  -18.972  -19.001  -19.039   6141.12           r 
 60341.982   29.5    -19.0  -19.028  -19.068   6141.12           r 
 60342.516   30.0  -19.027  -19.055  -19.094   6141.12           r 
  60343.05   30.5  -19.053  -19.081  -19.119   6141.12           r 
 60343.584   31.0  -19.079  -19.107  -19.144   6141.12           r 
 60344.118   31.5  -19.105  -19.132  -19.168   6141.12           r 
 60344.652   32.0  -19.131  -19.156  -19.192   6141.12           r 
 60345.186   32.5  -19.156  -19.179  -19.215   6141.12           r 
  60345.72   33.0   -19.18  -19.203  -19.238   6141.12           r 
 60346.254   33.5  -19.202  -19.226   -19.26   6141.12           r 
 60346.788   34.0  -19.225  -19.248  -19.282   6141.12           r 
 60347.322   34.5  -19.246   -19.27  -19.303   6141.12           r 
 60347.856   35.0  -19.268  -19.291  -19.324   6141.12           r 
  60348.39   35.5  -19.288  -19.312  -19.343   6141.12           r 
 60348.924   36.0  -19.309  -19.332  -19.362   6141.12           r 
 60349.458   36.5  -19.328  -19.352  -19.381   6141.12           r 
 60349.992   37.0  -19.349  -19.371    -19.4   6141.12           r 
 60350.526   37.5  -19.368   -19.39  -19.418   6141.12           r 
  60351.06   38.0  -19.387  -19.408  -19.437   6141.12           r 
 60351.594   38.5  -19.405  -19.426  -19.454   6141.12           r 
 60352.128   39.0  -19.423  -19.444  -19.472   6141.12           r 
 60352.662   39.5   -19.44  -19.461  -19.488   6141.12           r 
 60353.196   40.0  -19.458  -19.477  -19.505   6141.12           r 
  60353.73   40.5  -19.474  -19.493  -19.522   6141.12           r 
 60354.264   41.0   -19.49  -19.509  -19.538   6141.12           r 
 60354.798   41.5  -19.507  -19.525  -19.555   6141.12           r 
 60355.332   42.0  -19.522   -19.54  -19.571   6141.12           r 
 60355.866   42.5  -19.538  -19.555  -19.587   6141.12           r 
   60356.4   43.0  -19.553  -19.571  -19.602   6141.12           r 
 60356.934   43.5  -19.568  -19.585  -19.617   6141.12           r 
 60357.468   44.0  -19.582  -19.599  -19.631   6141.12           r 
 60358.002   44.5  -19.595  -19.613  -19.645   6141.12           r 
 60358.536   45.0  -19.609  -19.627  -19.658   6141.12           r 
  60359.07   45.5  -19.622   -19.64  -19.671   6141.12           r 
 60359.604   46.0  -19.635  -19.653  -19.684   6141.12           r 
 60360.138   46.5  -19.647  -19.665  -19.697   6141.12           r 
 60360.672   47.0  -19.659  -19.678  -19.709   6141.12           r 
 60361.206   47.5  -19.671  -19.691  -19.722   6141.12           r 
  60361.74   48.0  -19.683  -19.702  -19.734   6141.12           r 
 60362.274   48.5  -19.695  -19.714  -19.746   6141.12           r 
 60362.808   49.0  -19.706  -19.725  -19.757   6141.12           r 
 60363.342   49.5  -19.717  -19.736  -19.768   6141.12           r 
 60363.876   50.0  -19.728  -19.747  -19.778   6141.12           r 
  60364.41   50.5  -19.738  -19.757  -19.789   6141.12           r 
 60364.944   51.0  -19.748  -19.767  -19.799   6141.12           r 
 60365.478   51.5  -19.758  -19.777  -19.809   6141.12           r 
 60366.012   52.0  -19.768  -19.786  -19.819   6141.12           r 
 60366.546   52.5  -19.778  -19.796  -19.828   6141.12           r 
  60367.08   53.0  -19.787  -19.805  -19.837   6141.12           r 
 60367.614   53.5  -19.796  -19.814  -19.846   6141.12           r 
 60368.148   54.0  -19.804  -19.822  -19.854   6141.12           r 
 60368.682   54.5  -19.813  -19.831  -19.862   6141.12           r 
 60369.216   55.0  -19.821  -19.839   -19.87   6141.12           r 
  60369.75   55.5  -19.829  -19.847  -19.878   6141.12           r 
 60370.284   56.0  -19.836  -19.855  -19.885   6141.12           r 
 60370.818   56.5  -19.844  -19.862  -19.893   6141.12           r 
 60371.352   57.0  -19.851  -19.869    -19.9   6141.12           r 
 60371.886   57.5  -19.858  -19.876  -19.907   6141.12           r 
  60372.42   58.0  -19.865  -19.882  -19.913   6141.12           r 
 60372.954   58.5  -19.871  -19.889  -19.919   6141.12           r 
 60373.488   59.0  -19.877  -19.895  -19.926   6141.12           r 
 60374.022   59.5  -19.883    -19.9  -19.932   6141.12           r 
 60374.556   60.0  -19.888  -19.906  -19.937   6141.12           r 
  60375.09   60.5  -19.893  -19.911  -19.942   6141.12           r 
 60375.624   61.0  -19.898  -19.916  -19.947   6141.12           r 
 60376.158   61.5  -19.903  -19.921  -19.952   6141.12           r 
 60376.692   62.0  -19.907  -19.926  -19.957   6141.12           r 
 60377.226   62.5  -19.912   -19.93  -19.961   6141.12           r 
  60377.76   63.0  -19.916  -19.934  -19.966   6141.12           r 
 60378.294   63.5   -19.92  -19.939   -19.97   6141.12           r 
 60378.828   64.0  -19.923  -19.943  -19.974   6141.12           r 
 60379.362   64.5  -19.927  -19.946  -19.977   6141.12           r 
 60379.896   65.0   -19.93  -19.949   -19.98   6141.12           r 
  60380.43   65.5  -19.933  -19.952  -19.983   6141.12           r 
 60380.964   66.0  -19.936  -19.955  -19.985   6141.12           r 
 60381.498   66.5  -19.939  -19.958  -19.988   6141.12           r 
 60382.032   67.0  -19.941   -19.96   -19.99   6141.12           r 
 60382.566   67.5  -19.943  -19.963  -19.992   6141.12           r 
   60383.1   68.0  -19.946  -19.965  -19.993   6141.12           r 
 60383.634   68.5  -19.948  -19.967  -19.995   6141.12           r 
 60384.168   69.0  -19.949  -19.968  -19.997   6141.12           r 
 60384.702   69.5  -19.951   -19.97  -19.998   6141.12           r 
 60385.236   70.0  -19.952  -19.971  -19.999   6141.12           r 
  60385.77   70.5  -19.953  -19.972    -20.0   6141.12           r 
 60386.304   71.0  -19.954  -19.973  -20.001   6141.12           r 
 60386.838   71.5  -19.954  -19.973  -20.001   6141.12           r 
 60387.372   72.0  -19.955  -19.974  -20.001   6141.12           r 
 60387.906   72.5  -19.955  -19.974  -20.001   6141.12           r 
  60388.44   73.0  -19.955  -19.975  -20.001   6141.12           r 
 60388.974   73.5  -19.955  -19.975    -20.0   6141.12           r 
 60389.508   74.0  -19.954  -19.975  -19.999   6141.12           r 
 60390.042   74.5  -19.954  -19.974  -19.998   6141.12           r 
 60390.576   75.0  -19.953  -19.973  -19.996   6141.12           r 
  60391.11   75.5  -19.952  -19.972  -19.995   6141.12           r 
 60391.644   76.0   -19.95  -19.971  -19.994   6141.12           r 
 60392.178   76.5  -19.949  -19.969  -19.992   6141.12           r 
 60392.712   77.0  -19.947  -19.967   -19.99   6141.12           r 
 60393.246   77.5  -19.945  -19.965  -19.988   6141.12           r 
  60393.78   78.0  -19.943  -19.963  -19.986   6141.12           r 
 60394.314   78.5  -19.941  -19.961  -19.984   6141.12           r 
 60394.848   79.0  -19.938  -19.959  -19.981   6141.12           r 
 60395.382   79.5  -19.936  -19.957  -19.979   6141.12           r 
 60395.916   80.0  -19.933  -19.954  -19.976   6141.12           r 
  60396.45   80.5  -19.931  -19.951  -19.974   6141.12           r 
 60396.984   81.0  -19.928  -19.948  -19.971   6141.12           r 
 60397.518   81.5  -19.925  -19.944  -19.968   6141.12           r 
 60398.052   82.0  -19.921   -19.94  -19.964   6141.12           r 
 60398.586   82.5  -19.917  -19.936  -19.961   6141.12           r 
  60399.12   83.0  -19.913  -19.931  -19.957   6141.12           r 
 60399.654   83.5  -19.909  -19.927  -19.953   6141.12           r 
 60400.188   84.0  -19.905  -19.923  -19.949   6141.12           r 
 60400.722   84.5    -19.9  -19.919  -19.945   6141.12           r 
 60401.256   85.0  -19.896  -19.914   -19.94   6141.12           r 
  60401.79   85.5  -19.891  -19.909  -19.935   6141.12           r 
 60402.324   86.0  -19.886  -19.903   -19.93   6141.12           r 
 60402.858   86.5  -19.881  -19.898  -19.924   6141.12           r 
 60403.392   87.0  -19.876  -19.892  -19.918   6141.12           r 
 60403.926   87.5   -19.87  -19.886  -19.912   6141.12           r 
  60404.46   88.0  -19.864   -19.88  -19.906   6141.12           r 
 60404.994   88.5  -19.858  -19.874    -19.9   6141.12           r 
 60405.528   89.0  -19.852  -19.868  -19.894   6141.12           r 
 60406.062   89.5  -19.845  -19.861  -19.888   6141.12           r 
 60406.596   90.0  -19.838  -19.855  -19.882   6141.12           r 
  60407.13   90.5  -19.832  -19.848  -19.875   6141.12           r 
 60407.664   91.0  -19.825  -19.841  -19.868   6141.12           r 
 60408.198   91.5  -19.818  -19.833   -19.86   6141.12           r 
 60408.732   92.0  -19.811  -19.826  -19.853   6141.12           r 
 60409.266   92.5  -19.804  -19.818  -19.845   6141.12           r 
   60409.8   93.0  -19.796   -19.81  -19.837   6141.12           r 
 60410.334   93.5  -19.788  -19.802  -19.829   6141.12           r 
 60410.868   94.0  -19.779  -19.795  -19.821   6141.12           r 
 60411.402   94.5  -19.771  -19.787  -19.813   6141.12           r 
 60411.936   95.0  -19.762  -19.778  -19.805   6141.12           r 
  60412.47   95.5  -19.754   -19.77  -19.797   6141.12           r 
 60413.004   96.0  -19.745  -19.761  -19.788   6141.12           r 
 60413.538   96.5  -19.736  -19.753  -19.779   6141.12           r 
 60414.072   97.0  -19.727  -19.744   -19.77   6141.12           r 
 60414.606   97.5  -19.718  -19.734  -19.761   6141.12           r 
  60415.14   98.0  -19.709  -19.725  -19.752   6141.12           r 
 60415.674   98.5    -19.7  -19.715  -19.743   6141.12           r 
 60416.208   99.0   -19.69  -19.706  -19.733   6141.12           r 
 60416.742   99.5   -19.68  -19.696  -19.724   6141.12           r 
 60417.276  100.0   -19.67  -19.686  -19.714   6141.12           r 
 60417.276  100.0   -19.67  -19.686  -19.714   6141.12           r 
 60419.412  102.0  -19.627  -19.645  -19.673   6141.12           r 
 60421.548  104.0  -19.581  -19.601  -19.629   6141.12           r 
 60423.684  106.0  -19.533  -19.555  -19.584   6141.12           r 
  60425.82  108.0  -19.483  -19.505  -19.537   6141.12           r 
 60427.956  110.0  -19.431  -19.454  -19.486   6141.12           r 
 60430.092  112.0  -19.378  -19.401  -19.432   6141.12           r 
 60432.228  114.0  -19.326  -19.346  -19.375   6141.12           r 
 60434.364  116.0  -19.273  -19.292   -19.32   6141.12           r 
   60436.5  118.0  -19.217   -19.24  -19.269   6141.12           r 
 60438.636  120.0  -19.165  -19.187  -19.216   6141.12           r 
 60440.772  122.0  -19.112  -19.135  -19.163   6141.12           r 
 60442.908  124.0  -19.059  -19.082   -19.11   6141.12           r 
 60445.044  126.0  -19.006  -19.029  -19.057   6141.12           r 
  60447.18  128.0  -18.953  -18.976  -19.003   6141.12           r 
 60449.316  130.0  -18.901  -18.922   -18.95   6141.12           r 
 60451.452  132.0  -18.848  -18.869  -18.899   6141.12           r 
 60453.588  134.0  -18.794  -18.816  -18.848   6141.12           r 
 60455.724  136.0  -18.742  -18.763  -18.797   6141.12           r 
  60457.86  138.0  -18.689  -18.711  -18.746   6141.12           r 
 60459.996  140.0  -18.636  -18.658  -18.695   6141.12           r 
 60462.132  142.0  -18.584  -18.606  -18.642   6141.12           r 
 60464.268  144.0  -18.532  -18.555  -18.591   6141.12           r 
 60466.404  146.0  -18.482  -18.505   -18.54   6141.12           r 
  60468.54  148.0   -18.43  -18.455   -18.49   6141.12           r 
 60470.676  150.0  -18.379  -18.405  -18.442   6141.12           r 
 60472.812  152.0  -18.329  -18.355  -18.393   6141.12           r 
 60474.948  154.0  -18.279  -18.304  -18.345   6141.12           r 
 60477.084  156.0   -18.23  -18.256  -18.297   6141.12           r 
  60479.22  158.0  -18.179  -18.207  -18.249   6141.12           r 
 60481.356  160.0  -18.129  -18.159  -18.204   6141.12           r 
 60483.492  162.0   -18.08  -18.111  -18.158   6141.12           r 
 60485.628  164.0  -18.033  -18.064  -18.112   6141.12           r 
 60487.764  166.0  -17.986  -18.017  -18.067   6141.12           r 
   60489.9  168.0  -17.938  -17.971  -18.021   6141.12           r 
 60492.036  170.0  -17.892  -17.925  -17.977   6141.12           r 
 60494.172  172.0  -17.847   -17.88  -17.933   6141.12           r 
 60496.308  174.0    -17.8  -17.836  -17.889   6141.12           r 
 60498.444  176.0  -17.754  -17.792  -17.845   6141.12           r 
  60500.58  178.0  -17.708  -17.749  -17.802   6141.12           r 
 60502.716  180.0  -17.663  -17.706   -17.76   6141.12           r 
 60504.852  182.0  -17.619  -17.663  -17.719   6141.12           r 
 60506.988  184.0  -17.576   -17.62  -17.678   6141.12           r 
 60509.124  186.0  -17.532  -17.578  -17.638   6141.12           r 
  60511.26  188.0  -17.491  -17.536  -17.597   6141.12           r 
 60513.396  190.0  -17.448  -17.496  -17.557   6141.12           r 
 60515.532  192.0  -17.406  -17.455  -17.517   6141.12           r 
 60517.668  194.0  -17.365  -17.415  -17.479   6141.12           r 
 60519.804  196.0  -17.324  -17.376   -17.44   6141.12           r 
  60521.94  198.0  -17.283  -17.336  -17.403   6141.12           r 
 60524.076  200.0  -17.243  -17.297  -17.365   6141.12           r 
 60526.212  202.0  -17.204  -17.258  -17.328   6141.12           r 
 60528.348  204.0  -17.165   -17.22  -17.291   6141.12           r 
 60530.484  206.0  -17.126  -17.182  -17.254   6141.12           r 
  60532.62  208.0  -17.086  -17.145  -17.218   6141.12           r 
 60534.756  210.0  -17.048  -17.108  -17.182   6141.12           r 
 60536.892  212.0  -17.009  -17.071  -17.146   6141.12           r 
 60539.028  214.0  -16.971  -17.035   -17.11   6141.12           r 
 60541.164  216.0  -16.934  -16.999  -17.075   6141.12           r 
   60543.3  218.0  -16.898  -16.963  -17.039   6141.12           r 
 60545.436  220.0  -16.861  -16.927  -17.003   6141.12           r 
 60547.572  222.0  -16.825  -16.892  -16.968   6141.12           r 
 60549.708  224.0   -16.79  -16.857  -16.933   6141.12           r 
 60551.844  226.0  -16.754  -16.822  -16.899   6141.12           r 
  60553.98  228.0  -16.719  -16.787  -16.866   6141.12           r 
 60556.116  230.0  -16.684  -16.752  -16.833   6141.12           r 
 60558.252  232.0   -16.65  -16.718    -16.8   6141.12           r 
 60560.388  234.0  -16.616  -16.684  -16.767   6141.12           r 
 60562.524  236.0  -16.582  -16.651  -16.735   6141.12           r 
  60564.66  238.0  -16.548  -16.618  -16.702   6141.12           r 
 60566.796  240.0  -16.515  -16.585   -16.67   6141.12           r 
 60568.932  242.0  -16.482  -16.552  -16.638   6141.12           r 
 60571.068  244.0  -16.449   -16.52  -16.607   6141.12           r 
 60573.204  246.0  -16.416  -16.488  -16.575   6141.12           r 
  60575.34  248.0  -16.384  -16.455  -16.544   6141.12           r 
 60577.476  250.0  -16.351  -16.423  -16.513   6141.12           r 
 60579.612  252.0  -16.319  -16.392  -16.482   6141.12           r 
 60581.748  254.0  -16.288   -16.36  -16.452   6141.12           r 
 60583.884  256.0  -16.256  -16.329  -16.421   6141.12           r 
  60586.02  258.0  -16.225  -16.298   -16.39   6141.12           r 
 60588.156  260.0  -16.194  -16.267   -16.36   6141.12           r 
 60590.292  262.0  -16.163  -16.237  -16.329   6141.12           r 
 60592.428  264.0  -16.132  -16.206  -16.299   6141.12           r 
 60594.564  266.0  -16.102  -16.176  -16.269   6141.12           r 
   60596.7  268.0  -16.072  -16.146  -16.239   6141.12           r 
 60598.836  270.0  -16.042  -16.117   -16.21   6141.12           r 
 60600.972  272.0  -16.012  -16.087   -16.18   6141.12           r 
 60603.108  274.0  -15.982  -16.057  -16.151   6141.12           r 
 60605.244  276.0  -15.952  -16.028  -16.122   6141.12           r 
  60607.38  278.0  -15.922  -15.998  -16.093   6141.12           r 
 60609.516  280.0  -15.893   -15.97  -16.064   6141.12           r 
 60611.652  282.0  -15.863  -15.941  -16.036   6141.12           r 
 60613.788  284.0  -15.835  -15.913  -16.008   6141.12           r 
 60615.924  286.0  -15.806  -15.885  -15.979   6141.12           r 
  60618.06  288.0  -15.777  -15.857  -15.952   6141.12           r 
 60620.196  290.0  -15.749  -15.829  -15.924   6141.12           r 
 60622.332  292.0   -15.72  -15.801  -15.896   6141.12           r 
 60624.468  294.0  -15.692  -15.774  -15.869   6141.12           r 
 60626.604  296.0  -15.664  -15.747  -15.841   6141.12           r 
  60628.74  298.0  -15.636   -15.72  -15.814   6141.12           r 
 60630.876  300.0  -15.609  -15.693  -15.787   6141.12           r 
 60633.012  302.0  -15.582  -15.666   -15.76   6141.12           r 
 60635.148  304.0  -15.555  -15.639  -15.733   6141.12           r 
 60637.284  306.0  -15.528  -15.612  -15.707   6141.12           r 
  60639.42  308.0  -15.502  -15.586   -15.68   6141.12           r 
 60641.556  310.0  -15.475   -15.56  -15.654   6141.12           r 
 60643.692  312.0  -15.449  -15.534  -15.628   6141.12           r 
 60645.828  314.0  -15.423  -15.508  -15.602   6141.12           r 
 60647.964  316.0  -15.397  -15.482  -15.576   6141.12           r 
   60650.1  318.0  -15.371  -15.456   -15.55   6141.12           r 
 60652.236  320.0  -15.346  -15.431  -15.525   6141.12           r 
 60654.372  322.0   -15.32  -15.406  -15.499   6141.12           r 
 60656.508  324.0  -15.294   -15.38  -15.474   6141.12           r 
 60658.644  326.0  -15.268  -15.355  -15.449   6141.12           r 
  60660.78  328.0  -15.243  -15.331  -15.424   6141.12           r 
 60662.916  330.0  -15.217  -15.306  -15.399   6141.12           r 
 60665.052  332.0  -15.192  -15.281  -15.375   6141.12           r 
 60667.188  334.0  -15.167  -15.257   -15.35   6141.12           r 
 60669.324  336.0  -15.142  -15.232  -15.326   6141.12           r 
  60671.46  338.0  -15.117  -15.208  -15.302   6141.12           r 
 60673.596  340.0  -15.093  -15.184  -15.279   6141.12           r 
 60675.732  342.0  -15.068   -15.16  -15.255   6141.12           r 
 60677.868  344.0  -15.043  -15.137  -15.231   6141.12           r 
 60680.004  346.0  -15.019  -15.113  -15.208   6141.12           r 
  60682.14  348.0  -14.995  -15.089  -15.185   6141.12           r 
 60684.276  350.0  -14.971  -15.066  -15.162   6141.12           r 
 60686.412  352.0  -14.947  -15.043  -15.139   6141.12           r 
 60688.548  354.0  -14.923   -15.02  -15.116   6141.12           r 
 60690.684  356.0    -14.9  -14.996  -15.093   6141.12           r 
  60692.82  358.0  -14.876  -14.973   -15.07   6141.12           r 
 60694.956  360.0  -14.853  -14.951  -15.048   6141.12           r 
 60697.092  362.0   -14.83  -14.928  -15.025   6141.12           r 
 60699.228  364.0  -14.807  -14.905  -15.003   6141.12           r 
 60701.364  366.0  -14.785  -14.883   -14.98   6141.12           r 
   60703.5  368.0  -14.762   -14.86  -14.958   6141.12           r 
 60705.636  370.0  -14.739  -14.838  -14.936   6141.12           r 
 60707.772  372.0  -14.717  -14.816  -14.914   6141.12           r 
 60709.908  374.0  -14.695  -14.793  -14.892   6141.12           r 
 60712.044  376.0  -14.673  -14.772  -14.869   6141.12           r 
  60714.18  378.0   -14.65   -14.75  -14.846   6141.12           r 
 60716.316  380.0  -14.629  -14.728  -14.824   6141.12           r 
 60718.452  382.0  -14.607  -14.707  -14.803   6141.12           r 
 60720.588  384.0  -14.585  -14.685  -14.781   6141.12           r 
 60722.724  386.0  -14.563  -14.664   -14.76   6141.12           r 
  60724.86  388.0  -14.541  -14.643  -14.739   6141.12           r 
 60726.996  390.0  -14.519  -14.622  -14.718   6141.12           r 
 60729.132  392.0  -14.498  -14.601  -14.697   6141.12           r 
 60731.268  394.0  -14.476   -14.58  -14.676   6141.12           r 
 60733.404  396.0  -14.455  -14.559  -14.655   6141.12           r 
  60735.54  398.0  -14.433  -14.538  -14.635   6141.12           r 
 60737.676  400.0  -14.412  -14.518  -14.614   6141.12           r 
 60739.812  402.0  -14.391  -14.497  -14.593   6141.12           r 
 60741.948  404.0   -14.37  -14.477  -14.573   6141.12           r 
 60744.084  406.0  -14.349  -14.457  -14.553   6141.12           r 
  60746.22  408.0  -14.328  -14.436  -14.532   6141.12           r 
 60748.356  410.0  -14.308  -14.416  -14.512   6141.12           r 
 60750.492  412.0  -14.287  -14.396  -14.492   6141.12           r 
 60752.628  414.0  -14.266  -14.376  -14.472   6141.12           r 
 60754.764  416.0  -14.246  -14.356  -14.452   6141.12           r 
   60756.9  418.0  -14.226  -14.336  -14.433   6141.12           r 
 60759.036  420.0  -14.205  -14.316  -14.413   6141.12           r 
 60761.172  422.0  -14.185  -14.297  -14.394   6141.12           r 
 60763.308  424.0  -14.165  -14.277  -14.374   6141.12           r 
 60765.444  426.0  -14.145  -14.257  -14.355   6141.12           r 
  60767.58  428.0  -14.125  -14.238  -14.336   6141.12           r 
 60769.716  430.0  -14.105  -14.218  -14.317   6141.12           r 
 60771.852  432.0  -14.086  -14.199  -14.298   6141.12           r 
 60773.988  434.0  -14.066  -14.179  -14.279   6141.12           r 
 60776.124  436.0  -14.046   -14.16   -14.26   6141.12           r 
  60778.26  438.0  -14.027  -14.142  -14.241   6141.12           r 
 60780.396  440.0  -14.007  -14.123  -14.223   6141.12           r 
 60782.532  442.0  -13.988  -14.104  -14.204   6141.12           r 
 60784.668  444.0  -13.969  -14.085  -14.186   6141.12           r 
 60786.804  446.0   -13.95  -14.067  -14.167   6141.12           r 
  60788.94  448.0  -13.931  -14.048  -14.149   6141.12           r 
 60791.076  450.0  -13.912   -14.03   -14.13   6141.12           r 
 60793.212  452.0  -13.893  -14.011  -14.112   6141.12           r 
 60795.348  454.0  -13.875  -13.993  -14.094   6141.12           r 
 60797.484  456.0  -13.856  -13.975  -14.076   6141.12           r 
  60799.62  458.0  -13.838  -13.957  -14.058   6141.12           r 
 60801.756  460.0  -13.819  -13.938   -14.04   6141.12           r 
 60803.892  462.0  -13.801   -13.92  -14.022   6141.12           r 
 60806.028  464.0  -13.783  -13.903  -14.005   6141.12           r 
 60808.164  466.0  -13.765  -13.885  -13.987   6141.12           r 
   60810.3  468.0  -13.747  -13.867  -13.969   6141.12           r 
 60812.436  470.0  -13.729  -13.849  -13.952   6141.12           r 
 60814.572  472.0  -13.711  -13.832  -13.934   6141.12           r 
 60816.708  474.0  -13.693  -13.814  -13.917   6141.12           r 
 60818.844  476.0  -13.676  -13.796  -13.899   6141.12           r 
  60820.98  478.0  -13.658  -13.779  -13.882   6141.12           r 
 60823.116  480.0  -13.641  -13.762  -13.865   6141.12           r 
 60825.252  482.0  -13.623  -13.744  -13.848   6141.12           r 
 60827.388  484.0  -13.606  -13.727  -13.831   6141.12           r 
 60829.524  486.0  -13.588   -13.71  -13.814   6141.12           r 
  60831.66  488.0  -13.571  -13.693  -13.797   6141.12           r 
 60833.796  490.0  -13.554  -13.676   -13.78   6141.12           r 
 60835.932  492.0  -13.537  -13.659  -13.763   6141.12           r 
 60838.068  494.0   -13.52  -13.642  -13.746   6141.12           r 
 60840.204  496.0  -13.503  -13.625   -13.73   6141.12           r 
  60842.34  498.0  -13.486  -13.609  -13.713   6141.12           r 
 60844.476  500.0  -13.469  -13.592  -13.696   6141.12           r 
 60846.612  502.0  -13.452  -13.575   -13.68   6141.12           r 
 60848.748  504.0  -13.435  -13.559  -13.663   6141.12           r 
 60850.884  506.0  -13.418  -13.542  -13.647   6141.12           r 
  60853.02  508.0  -13.402  -13.526  -13.631   6141.12           r 
 60855.156  510.0  -13.385  -13.509  -13.615   6141.12           r 
 60857.292  512.0  -13.369  -13.493  -13.598   6141.12           r 
 60859.428  514.0  -13.352  -13.477  -13.582   6141.12           r 
 60861.564  516.0  -13.336   -13.46  -13.566   6141.12           r 
   60863.7  518.0   -13.32  -13.444   -13.55   6141.12           r 
 60865.836  520.0  -13.303  -13.428  -13.534   6141.12           r 
 60867.972  522.0  -13.287  -13.412  -13.518   6141.12           r 
 60870.108  524.0  -13.271  -13.396  -13.502   6141.12           r 
 60872.244  526.0  -13.255  -13.379  -13.487   6141.12           r 
  60874.38  528.0  -13.239  -13.363  -13.471   6141.12           r 
 60876.516  530.0  -13.223  -13.347  -13.455   6141.12           r 
 60878.652  532.0  -13.207   -13.33   -13.44   6141.12           r 
 60880.788  534.0  -13.191  -13.314  -13.424   6141.12           r 
 60882.924  536.0  -13.175  -13.298  -13.409   6141.12           r 
  60885.06  538.0   -13.16  -13.282  -13.393   6141.12           r 
 60887.196  540.0  -13.144  -13.266  -13.378   6141.12           r 
 60889.332  542.0  -13.128   -13.25  -13.362   6141.12           r 
 60891.468  544.0  -13.113  -13.234  -13.347   6141.12           r 
 60893.604  546.0  -13.097  -13.219  -13.332   6141.12           r 
  60895.74  548.0  -13.082  -13.204  -13.317   6141.12           r 
 60897.876  550.0  -13.066  -13.188  -13.302   6141.12           r 
 60900.012  552.0  -13.051  -13.173  -13.286   6141.12           r 
 60902.148  554.0  -13.036  -13.158  -13.271   6141.12           r 
 60904.284  556.0   -13.02  -13.143  -13.256   6141.12           r 
  60906.42  558.0  -13.005  -13.127  -13.242   6141.12           r 
 60908.556  560.0   -12.99  -13.112  -13.227   6141.12           r 
 60910.692  562.0  -12.975  -13.097  -13.212   6141.12           r 
 60912.828  564.0   -12.96  -13.082  -13.197   6141.12           r 
 60914.964  566.0  -12.944  -13.067  -13.182   6141.12           r 
   60917.1  568.0  -12.929  -13.052  -13.168   6141.12           r 
 60919.236  570.0  -12.914  -13.038  -13.153   6141.12           r 
 60921.372  572.0  -12.899  -13.023  -13.138   6141.12           r 
 60923.508  574.0  -12.884  -13.008  -13.124   6141.12           r 
 60925.644  576.0  -12.869  -12.993  -13.109   6141.12           r 
  60927.78  578.0  -12.854  -12.979  -13.095   6141.12           r 
 60929.916  580.0   -12.84  -12.964  -13.081   6141.12           r 
 60932.052  582.0  -12.825  -12.949  -13.066   6141.12           r 
 60934.188  584.0   -12.81  -12.935  -13.052   6141.12           r 
 60936.324  586.0  -12.795  -12.921  -13.038   6141.12           r 
  60938.46  588.0  -12.781  -12.906  -13.024   6141.12           r 
 60940.596  590.0  -12.766  -12.892  -13.009   6141.12           r 
 60942.732  592.0  -12.752  -12.877  -12.995   6141.12           r 
 60944.868  594.0  -12.737  -12.863  -12.981   6141.12           r 
 60947.004  596.0  -12.723  -12.849  -12.967   6141.12           r 
  60949.14  598.0  -12.708  -12.835  -12.953   6141.12           r 
 60951.276  600.0  -12.694  -12.821  -12.939   6141.12           r 
 60953.412  602.0   -12.68  -12.807  -12.926   6141.12           r 
 60955.548  604.0  -12.666  -12.793  -12.912   6141.12           r 
 60957.684  606.0  -12.652  -12.779  -12.898   6141.12           r 
  60959.82  608.0  -12.637  -12.765  -12.884   6141.12           r 
 60961.956  610.0  -12.623  -12.751   -12.87   6141.12           r 
 60964.092  612.0  -12.609  -12.737  -12.857   6141.12           r 
 60966.228  614.0  -12.595  -12.723  -12.843   6141.12           r 
 60968.364  616.0  -12.582  -12.709   -12.83   6141.12           r 
   60970.5  618.0  -12.568  -12.696  -12.816   6141.12           r 
 60972.636  620.0  -12.554  -12.682  -12.803   6141.12           r 
 60974.772  622.0   -12.54  -12.669  -12.789   6141.12           r 
 60976.908  624.0  -12.526  -12.655  -12.776   6141.12           r 
 60979.044  626.0  -12.512  -12.642  -12.762   6141.12           r 
  60981.18  628.0  -12.499  -12.628  -12.749   6141.12           r 
 60983.316  630.0  -12.485  -12.615  -12.736   6141.12           r 
 60985.452  632.0  -12.471  -12.601  -12.722   6141.12           r 
 60987.588  634.0  -12.457  -12.588  -12.709   6141.12           r 
 60989.724  636.0  -12.444  -12.575  -12.696   6141.12           r 
  60991.86  638.0   -12.43  -12.562  -12.683   6141.12           r 
 60993.996  640.0  -12.417  -12.549   -12.67   6141.12           r 
 60996.132  642.0  -12.404  -12.535  -12.656   6141.12           r 
 60998.268  644.0   -12.39  -12.522  -12.643   6141.12           r 
 61000.404  646.0  -12.377  -12.509   -12.63   6141.12           r 
  61002.54  648.0  -12.364  -12.496  -12.617   6141.12           r 
 61004.676  650.0   -12.35  -12.483  -12.605   6141.12           r 
 61006.812  652.0  -12.337   -12.47  -12.592   6141.12           r 
 61008.948  654.0  -12.324  -12.457  -12.579   6141.12           r 
 61011.084  656.0  -12.311  -12.444  -12.566   6141.12           r 
  61013.22  658.0  -12.298  -12.431  -12.553   6141.12           r 
 61015.356  660.0  -12.285  -12.418  -12.541   6141.12           r 
 61017.492  662.0  -12.272  -12.406  -12.528   6141.12           r 
 61019.628  664.0  -12.259  -12.393  -12.515   6141.12           r 
 61021.764  666.0  -12.246   -12.38  -12.503   6141.12           r 
   61023.9  668.0  -12.234  -12.367   -12.49   6141.12           r 
 61026.036  670.0  -12.221  -12.354  -12.477   6141.12           r 
 61028.172  672.0  -12.208  -12.342  -12.465   6141.12           r 
 61030.308  674.0  -12.195  -12.329  -12.452   6141.12           r 
 61032.444  676.0  -12.183  -12.317   -12.44   6141.12           r 
  61034.58  678.0   -12.17  -12.304  -12.428   6141.12           r 
 61036.716  680.0  -12.158  -12.292  -12.415   6141.12           r 
 61038.852  682.0  -12.145  -12.279  -12.403   6141.12           r 
 61040.988  684.0  -12.133  -12.267  -12.391   6141.12           r 
 61043.124  686.0   -12.12  -12.254  -12.378   6141.12           r 
  61045.26  688.0  -12.108  -12.242  -12.366   6141.12           r 
 61047.396  690.0  -12.095  -12.229  -12.354   6141.12           r 
 61049.532  692.0  -12.083  -12.217  -12.342   6141.12           r 
 61051.668  694.0  -12.071  -12.205   -12.33   6141.12           r 
 61053.804  696.0  -12.059  -12.193  -12.317   6141.12           r 
  61055.94  698.0  -12.046  -12.181  -12.305   6141.12           r 
 61058.076  700.0  -12.034  -12.169  -12.293   6141.12           r 
 61060.212  702.0  -12.022  -12.157  -12.281   6141.12           r 
 61062.348  704.0   -12.01  -12.145  -12.269   6141.12           r 
 61064.484  706.0  -11.998  -12.133  -12.257   6141.12           r 
  61066.62  708.0  -11.986  -12.121  -12.246   6141.12           r 
 61068.756  710.0  -11.974  -12.109  -12.234   6141.12           r 
 61070.892  712.0  -11.962  -12.097  -12.222   6141.12           r 
 61073.028  714.0   -11.95  -12.085   -12.21   6141.12           r 
 61075.164  716.0  -11.938  -12.073  -12.198   6141.12           r 
   61077.3  718.0  -11.926  -12.061  -12.187   6141.12           r 
 61079.436  720.0  -11.914   -12.05  -12.175   6141.12           r 
 61081.572  722.0  -11.902  -12.038  -12.163   6141.12           r 
 61083.708  724.0   -11.89  -12.026  -12.152   6141.12           r 
 61085.844  726.0  -11.879  -12.015   -12.14   6141.12           r 
  61087.98  728.0  -11.867  -12.003  -12.128   6141.12           r 
 61090.116  730.0  -11.855  -11.991  -12.117   6141.12           r 
 61092.252  732.0  -11.843   -11.98  -12.105   6141.12           r 
 61094.388  734.0  -11.832  -11.968  -12.094   6141.12           r 
 61096.524  736.0   -11.82  -11.957  -12.082   6141.12           r 
  61098.66  738.0  -11.809  -11.945  -12.071   6141.12           r 
 61100.796  740.0  -11.797  -11.934   -12.06   6141.12           r 
 61102.932  742.0  -11.785  -11.922  -12.048   6141.12           r 
 61105.068  744.0  -11.774  -11.911  -12.037   6141.12           r 
 61107.204  746.0  -11.763    -11.9  -12.026   6141.12           r 
  61109.34  748.0  -11.751  -11.888  -12.014   6141.12           r 
 61111.476  750.0   -11.74  -11.877  -12.003   6141.12           r 
 61113.612  752.0  -11.728  -11.866  -11.992   6141.12           r 
 61115.748  754.0  -11.717  -11.855  -11.981   6141.12           r 
 61117.884  756.0  -11.706  -11.843  -11.969   6141.12           r 
  61120.02  758.0  -11.694  -11.832  -11.958   6141.12           r 
 61122.156  760.0  -11.683  -11.821  -11.947   6141.12           r 
 61124.292  762.0  -11.672   -11.81  -11.936   6141.12           r 
 61126.428  764.0  -11.661  -11.799  -11.925   6141.12           r 
 61128.564  766.0   -11.65  -11.788  -11.914   6141.12           r 
   61130.7  768.0  -11.638  -11.777  -11.903   6141.12           r 
 61132.836  770.0  -11.627  -11.766  -11.892   6141.12           r 
 61134.972  772.0  -11.616  -11.755  -11.881   6141.12           r 
 61137.108  774.0  -11.605  -11.744   -11.87   6141.12           r 
 61139.244  776.0  -11.594  -11.733  -11.859   6141.12           r 
  61141.38  778.0  -11.583  -11.722  -11.849   6141.12           r 
 61143.516  780.0  -11.572  -11.711  -11.838   6141.12           r 
 61145.652  782.0  -11.561    -11.7  -11.827   6141.12           r 
 61147.788  784.0   -11.55  -11.689  -11.816   6141.12           r 
 61149.924  786.0   -11.54  -11.679  -11.805   6141.12           r 
  61152.06  788.0  -11.529  -11.668  -11.795   6141.12           r 
 61154.196  790.0  -11.518  -11.657  -11.784   6141.12           r 
 61156.332  792.0  -11.507  -11.646  -11.773   6141.12           r 
 61158.468  794.0  -11.496  -11.636  -11.763   6141.12           r 
 61160.604  796.0  -11.486  -11.625  -11.752   6141.12           r 
  61162.74  798.0  -11.475  -11.614  -11.741   6141.12           r 
 61164.876  800.0  -11.464  -11.604  -11.731   6141.12           r 
 60310.476    0.0      nan      nan      nan   6695.83           R 
  60311.01    0.5   -9.854  -11.947  -12.846   6695.83           R 
 60311.544    1.0  -10.278  -12.522  -13.467   6695.83           R 
 60312.078    1.5  -11.672  -13.235  -13.996   6695.83           R 
 60312.612    2.0  -12.555  -13.713  -14.396   6695.83           R 
 60313.146    2.5  -13.222  -14.147  -14.738   6695.83           R 
  60313.68    3.0  -13.775  -14.529  -15.011   6695.83           R 
 60314.214    3.5  -14.189   -14.85   -15.26   6695.83           R 
 60314.748    4.0  -14.598  -15.137  -15.493   6695.83           R 
 60315.282    4.5  -14.917  -15.378  -15.699   6695.83           R 
 60315.816    5.0  -15.188  -15.597  -15.885   6695.83           R 
  60316.35    5.5  -15.424  -15.797  -16.056   6695.83           R 
 60316.884    6.0  -15.635  -15.976  -16.213   6695.83           R 
 60317.418    6.5  -15.831  -16.138  -16.357   6695.83           R 
 60317.952    7.0  -16.016  -16.286  -16.491   6695.83           R 
 60318.486    7.5  -16.188  -16.423  -16.615   6695.83           R 
  60319.02    8.0  -16.345  -16.553  -16.734   6695.83           R 
 60319.554    8.5  -16.491  -16.679  -16.845   6695.83           R 
 60320.088    9.0  -16.624  -16.792  -16.951   6695.83           R 
 60320.622    9.5  -16.747  -16.897  -17.051   6695.83           R 
 60321.156   10.0  -16.863  -16.995  -17.145   6695.83           R 
  60321.69   10.5   -16.97  -17.091  -17.232   6695.83           R 
 60322.224   11.0   -17.07  -17.183  -17.316   6695.83           R 
 60322.758   11.5  -17.165  -17.272  -17.397   6695.83           R 
 60323.292   12.0  -17.256  -17.357  -17.474   6695.83           R 
 60323.826   12.5  -17.341  -17.439  -17.547   6695.83           R 
  60324.36   13.0  -17.424  -17.513  -17.617   6695.83           R 
 60324.894   13.5  -17.503  -17.582  -17.684   6695.83           R 
 60325.428   14.0  -17.577  -17.649  -17.749   6695.83           R 
 60325.962   14.5  -17.649  -17.714  -17.811   6695.83           R 
 60326.496   15.0  -17.717  -17.778  -17.871   6695.83           R 
  60327.03   15.5  -17.783  -17.842  -17.931   6695.83           R 
 60327.564   16.0  -17.845  -17.904  -17.987   6695.83           R 
 60328.098   16.5  -17.904  -17.963  -18.042   6695.83           R 
 60328.632   17.0  -17.963  -18.021  -18.095   6695.83           R 
 60329.166   17.5  -18.018  -18.074  -18.145   6695.83           R 
   60329.7   18.0  -18.073  -18.127  -18.194   6695.83           R 
 60330.234   18.5  -18.126  -18.178  -18.242   6695.83           R 
 60330.768   19.0  -18.177  -18.228  -18.288   6695.83           R 
 60331.302   19.5  -18.225  -18.275  -18.332   6695.83           R 
 60331.836   20.0  -18.272  -18.321  -18.375   6695.83           R 
  60332.37   20.5  -18.318  -18.365  -18.416   6695.83           R 
 60332.904   21.0  -18.362  -18.408  -18.459   6695.83           R 
 60333.438   21.5  -18.405   -18.45    -18.5   6695.83           R 
 60333.972   22.0  -18.447   -18.49   -18.54   6695.83           R 
 60334.506   22.5  -18.487   -18.53  -18.578   6695.83           R 
  60335.04   23.0  -18.527  -18.568  -18.615   6695.83           R 
 60335.574   23.5  -18.566  -18.606  -18.651   6695.83           R 
 60336.108   24.0  -18.604  -18.643  -18.686   6695.83           R 
 60336.642   24.5  -18.641  -18.678   -18.72   6695.83           R 
 60337.176   25.0  -18.676  -18.712  -18.753   6695.83           R 
  60337.71   25.5  -18.711  -18.746  -18.787   6695.83           R 
 60338.244   26.0  -18.744  -18.778   -18.82   6695.83           R 
 60338.778   26.5  -18.777   -18.81  -18.852   6695.83           R 
 60339.312   27.0  -18.809  -18.842  -18.884   6695.83           R 
 60339.846   27.5   -18.84  -18.872  -18.913   6695.83           R 
  60340.38   28.0  -18.871  -18.902  -18.942   6695.83           R 
 60340.914   28.5  -18.901  -18.931   -18.97   6695.83           R 
 60341.448   29.0   -18.93  -18.959  -18.997   6695.83           R 
 60341.982   29.5  -18.958  -18.987  -19.025   6695.83           R 
 60342.516   30.0  -18.985  -19.013  -19.052   6695.83           R 
  60343.05   30.5  -19.011  -19.039  -19.078   6695.83           R 
 60343.584   31.0  -19.038  -19.064  -19.103   6695.83           R 
 60344.118   31.5  -19.064  -19.089  -19.127   6695.83           R 
 60344.652   32.0  -19.089  -19.114  -19.151   6695.83           R 
 60345.186   32.5  -19.114  -19.138  -19.175   6695.83           R 
  60345.72   33.0  -19.139  -19.162  -19.198   6695.83           R 
 60346.254   33.5  -19.162  -19.185   -19.22   6695.83           R 
 60346.788   34.0  -19.183  -19.207  -19.242   6695.83           R 
 60347.322   34.5  -19.205   -19.23  -19.263   6695.83           R 
 60347.856   35.0  -19.227  -19.251  -19.284   6695.83           R 
  60348.39   35.5  -19.249  -19.272  -19.303   6695.83           R 
 60348.924   36.0   -19.27  -19.293  -19.323   6695.83           R 
 60349.458   36.5  -19.291  -19.313  -19.342   6695.83           R 
 60349.992   37.0  -19.311  -19.332  -19.362   6695.83           R 
 60350.526   37.5  -19.332  -19.352   -19.38   6695.83           R 
  60351.06   38.0  -19.351  -19.371  -19.399   6695.83           R 
 60351.594   38.5  -19.369   -19.39  -19.417   6695.83           R 
 60352.128   39.0  -19.387  -19.407  -19.434   6695.83           R 
 60352.662   39.5  -19.405  -19.425  -19.451   6695.83           R 
 60353.196   40.0  -19.422  -19.442  -19.468   6695.83           R 
  60353.73   40.5  -19.439  -19.458  -19.485   6695.83           R 
 60354.264   41.0  -19.455  -19.474  -19.503   6695.83           R 
 60354.798   41.5  -19.471   -19.49  -19.519   6695.83           R 
 60355.332   42.0  -19.487  -19.506  -19.536   6695.83           R 
 60355.866   42.5  -19.503  -19.521  -19.552   6695.83           R 
   60356.4   43.0  -19.518  -19.536  -19.567   6695.83           R 
 60356.934   43.5  -19.533  -19.551  -19.582   6695.83           R 
 60357.468   44.0  -19.548  -19.566  -19.596   6695.83           R 
 60358.002   44.5  -19.561   -19.58   -19.61   6695.83           R 
 60358.536   45.0  -19.575  -19.594  -19.625   6695.83           R 
  60359.07   45.5  -19.588  -19.608  -19.639   6695.83           R 
 60359.604   46.0  -19.602  -19.621  -19.653   6695.83           R 
 60360.138   46.5  -19.615  -19.634  -19.666   6695.83           R 
 60360.672   47.0  -19.627  -19.646  -19.679   6695.83           R 
 60361.206   47.5   -19.64  -19.658  -19.691   6695.83           R 
  60361.74   48.0  -19.652   -19.67  -19.704   6695.83           R 
 60362.274   48.5  -19.663  -19.683  -19.716   6695.83           R 
 60362.808   49.0  -19.675  -19.694  -19.728   6695.83           R 
 60363.342   49.5  -19.686  -19.706  -19.739   6695.83           R 
 60363.876   50.0  -19.698  -19.717   -19.75   6695.83           R 
  60364.41   50.5  -19.708  -19.728  -19.761   6695.83           R 
 60364.944   51.0  -19.719  -19.738  -19.771   6695.83           R 
 60365.478   51.5  -19.729  -19.748  -19.781   6695.83           R 
 60366.012   52.0  -19.739  -19.758  -19.791   6695.83           R 
 60366.546   52.5  -19.749  -19.768    -19.8   6695.83           R 
  60367.08   53.0  -19.758  -19.777   -19.81   6695.83           R 
 60367.614   53.5  -19.767  -19.787  -19.819   6695.83           R 
 60368.148   54.0  -19.776  -19.796  -19.827   6695.83           R 
 60368.682   54.5  -19.785  -19.805  -19.836   6695.83           R 
 60369.216   55.0  -19.793  -19.813  -19.844   6695.83           R 
  60369.75   55.5  -19.801  -19.821  -19.853   6695.83           R 
 60370.284   56.0  -19.809  -19.829  -19.861   6695.83           R 
 60370.818   56.5  -19.817  -19.837  -19.868   6695.83           R 
 60371.352   57.0  -19.825  -19.845  -19.876   6695.83           R 
 60371.886   57.5  -19.832  -19.852  -19.883   6695.83           R 
  60372.42   58.0  -19.839  -19.859   -19.89   6695.83           R 
 60372.954   58.5  -19.846  -19.865  -19.896   6695.83           R 
 60373.488   59.0  -19.852  -19.872  -19.902   6695.83           R 
 60374.022   59.5  -19.858  -19.878  -19.909   6695.83           R 
 60374.556   60.0  -19.864  -19.883  -19.914   6695.83           R 
  60375.09   60.5   -19.87  -19.889   -19.92   6695.83           R 
 60375.624   61.0  -19.876  -19.894  -19.925   6695.83           R 
 60376.158   61.5  -19.881    -19.9  -19.931   6695.83           R 
 60376.692   62.0  -19.886  -19.905  -19.936   6695.83           R 
 60377.226   62.5  -19.891   -19.91  -19.941   6695.83           R 
  60377.76   63.0  -19.896  -19.914  -19.946   6695.83           R 
 60378.294   63.5    -19.9  -19.919   -19.95   6695.83           R 
 60378.828   64.0  -19.904  -19.923  -19.954   6695.83           R 
 60379.362   64.5  -19.908  -19.927  -19.958   6695.83           R 
 60379.896   65.0  -19.912   -19.93  -19.961   6695.83           R 
  60380.43   65.5  -19.915  -19.933  -19.965   6695.83           R 
 60380.964   66.0  -19.919  -19.936  -19.968   6695.83           R 
 60381.498   66.5  -19.922   -19.94  -19.971   6695.83           R 
 60382.032   67.0  -19.925  -19.943  -19.974   6695.83           R 
 60382.566   67.5  -19.928  -19.946  -19.977   6695.83           R 
   60383.1   68.0   -19.93  -19.948   -19.98   6695.83           R 
 60383.634   68.5  -19.932  -19.951  -19.982   6695.83           R 
 60384.168   69.0  -19.934  -19.953  -19.984   6695.83           R 
 60384.702   69.5  -19.936  -19.955  -19.986   6695.83           R 
 60385.236   70.0  -19.938  -19.957  -19.988   6695.83           R 
  60385.77   70.5  -19.939  -19.959  -19.989   6695.83           R 
 60386.304   71.0   -19.94   -19.96   -19.99   6695.83           R 
 60386.838   71.5  -19.941   -19.96   -19.99   6695.83           R 
 60387.372   72.0  -19.941  -19.961  -19.991   6695.83           R 
 60387.906   72.5  -19.942  -19.962  -19.991   6695.83           R 
  60388.44   73.0  -19.942  -19.962  -19.991   6695.83           R 
 60388.974   73.5  -19.943  -19.963  -19.991   6695.83           R 
 60389.508   74.0  -19.943  -19.963   -19.99   6695.83           R 
 60390.042   74.5  -19.943  -19.963   -19.99   6695.83           R 
 60390.576   75.0  -19.943  -19.963   -19.99   6695.83           R 
  60391.11   75.5  -19.943  -19.963  -19.989   6695.83           R 
 60391.644   76.0  -19.942  -19.963  -19.988   6695.83           R 
 60392.178   76.5  -19.941  -19.962  -19.987   6695.83           R 
 60392.712   77.0   -19.94  -19.961  -19.986   6695.83           R 
 60393.246   77.5  -19.939   -19.96  -19.984   6695.83           R 
  60393.78   78.0  -19.938  -19.958  -19.983   6695.83           R 
 60394.314   78.5  -19.936  -19.956  -19.981   6695.83           R 
 60394.848   79.0  -19.934  -19.954  -19.979   6695.83           R 
 60395.382   79.5  -19.932  -19.952  -19.977   6695.83           R 
 60395.916   80.0   -19.93  -19.949  -19.975   6695.83           R 
  60396.45   80.5  -19.928  -19.946  -19.972   6695.83           R 
 60396.984   81.0  -19.925  -19.943   -19.97   6695.83           R 
 60397.518   81.5  -19.922  -19.941  -19.967   6695.83           R 
 60398.052   82.0   -19.92  -19.938  -19.964   6695.83           R 
 60398.586   82.5  -19.917  -19.935  -19.961   6695.83           R 
  60399.12   83.0  -19.914  -19.931  -19.958   6695.83           R 
 60399.654   83.5   -19.91  -19.927  -19.955   6695.83           R 
 60400.188   84.0  -19.906  -19.924  -19.951   6695.83           R 
 60400.722   84.5  -19.902   -19.92  -19.947   6695.83           R 
 60401.256   85.0  -19.898  -19.916  -19.944   6695.83           R 
  60401.79   85.5  -19.893  -19.911  -19.939   6695.83           R 
 60402.324   86.0  -19.889  -19.906  -19.935   6695.83           R 
 60402.858   86.5  -19.884  -19.902   -19.93   6695.83           R 
 60403.392   87.0  -19.879  -19.897  -19.925   6695.83           R 
 60403.926   87.5  -19.874  -19.892   -19.92   6695.83           R 
  60404.46   88.0  -19.868  -19.887  -19.914   6695.83           R 
 60404.994   88.5  -19.863  -19.881  -19.908   6695.83           R 
 60405.528   89.0  -19.857  -19.876  -19.903   6695.83           R 
 60406.062   89.5  -19.852   -19.87  -19.897   6695.83           R 
 60406.596   90.0  -19.846  -19.864  -19.892   6695.83           R 
  60407.13   90.5   -19.84  -19.858  -19.885   6695.83           R 
 60407.664   91.0  -19.834  -19.852  -19.879   6695.83           R 
 60408.198   91.5  -19.827  -19.846  -19.872   6695.83           R 
 60408.732   92.0   -19.82  -19.839  -19.866   6695.83           R 
 60409.266   92.5  -19.813  -19.832  -19.859   6695.83           R 
   60409.8   93.0  -19.806  -19.825  -19.852   6695.83           R 
 60410.334   93.5  -19.799  -19.818  -19.844   6695.83           R 
 60410.868   94.0  -19.792  -19.811  -19.837   6695.83           R 
 60411.402   94.5  -19.785  -19.804   -19.83   6695.83           R 
 60411.936   95.0  -19.779  -19.797  -19.822   6695.83           R 
  60412.47   95.5  -19.771  -19.789  -19.815   6695.83           R 
 60413.004   96.0  -19.764  -19.781  -19.807   6695.83           R 
 60413.538   96.5  -19.756  -19.773    -19.8   6695.83           R 
 60414.072   97.0  -19.748  -19.765  -19.792   6695.83           R 
 60414.606   97.5   -19.74  -19.756  -19.784   6695.83           R 
  60415.14   98.0  -19.731  -19.748  -19.775   6695.83           R 
 60415.674   98.5  -19.723  -19.739  -19.767   6695.83           R 
 60416.208   99.0  -19.713  -19.731  -19.758   6695.83           R 
 60416.742   99.5  -19.704  -19.722  -19.749   6695.83           R 
 60417.276  100.0  -19.695  -19.713   -19.74   6695.83           R 
 60417.276  100.0  -19.695  -19.713   -19.74   6695.83           R 
 60419.412  102.0  -19.655  -19.675  -19.703   6695.83           R 
 60421.548  104.0  -19.614  -19.634  -19.663   6695.83           R 
 60423.684  106.0  -19.571  -19.592  -19.622   6695.83           R 
  60425.82  108.0  -19.527  -19.546  -19.576   6695.83           R 
 60427.956  110.0  -19.479  -19.498  -19.529   6695.83           R 
 60430.092  112.0  -19.428  -19.448  -19.481   6695.83           R 
 60432.228  114.0  -19.377  -19.397   -19.43   6695.83           R 
 60434.364  116.0  -19.323  -19.345  -19.376   6695.83           R 
   60436.5  118.0  -19.268  -19.293  -19.324   6695.83           R 
 60438.636  120.0  -19.216   -19.24  -19.271   6695.83           R 
 60440.772  122.0  -19.164  -19.187  -19.217   6695.83           R 
 60442.908  124.0  -19.111  -19.135  -19.162   6695.83           R 
 60445.044  126.0  -19.058  -19.082   -19.11   6695.83           R 
  60447.18  128.0  -19.004  -19.029  -19.059   6695.83           R 
 60449.316  130.0  -18.954  -18.975  -19.008   6695.83           R 
 60451.452  132.0  -18.901  -18.923  -18.956   6695.83           R 
 60453.588  134.0  -18.847   -18.87  -18.906   6695.83           R 
 60455.724  136.0  -18.793  -18.817  -18.854   6695.83           R 
  60457.86  138.0   -18.74  -18.764  -18.802   6695.83           R 
 60459.996  140.0  -18.687  -18.712   -18.75   6695.83           R 
 60462.132  142.0  -18.634   -18.66  -18.699   6695.83           R 
 60464.268  144.0  -18.582  -18.608  -18.648   6695.83           R 
 60466.404  146.0   -18.53  -18.558  -18.596   6695.83           R 
  60468.54  148.0   -18.48  -18.508  -18.544   6695.83           R 
 60470.676  150.0   -18.43  -18.458  -18.495   6695.83           R 
 60472.812  152.0   -18.38  -18.409  -18.447   6695.83           R 
 60474.948  154.0   -18.33   -18.36  -18.399   6695.83           R 
 60477.084  156.0   -18.28  -18.311  -18.352   6695.83           R 
  60479.22  158.0   -18.23  -18.263  -18.304   6695.83           R 
 60481.356  160.0  -18.181  -18.214  -18.257   6695.83           R 
 60483.492  162.0  -18.132  -18.166  -18.211   6695.83           R 
 60485.628  164.0  -18.084  -18.119  -18.164   6695.83           R 
 60487.764  166.0  -18.036  -18.072  -18.118   6695.83           R 
   60489.9  168.0  -17.989  -18.025  -18.073   6695.83           R 
 60492.036  170.0  -17.943   -17.98  -18.029   6695.83           R 
 60494.172  172.0  -17.897  -17.935  -17.986   6695.83           R 
 60496.308  174.0  -17.851  -17.891  -17.942   6695.83           R 
 60498.444  176.0  -17.805  -17.847  -17.898   6695.83           R 
  60500.58  178.0  -17.759  -17.804  -17.856   6695.83           R 
 60502.716  180.0  -17.715   -17.76  -17.813   6695.83           R 
 60504.852  182.0   -17.67  -17.717  -17.772   6695.83           R 
 60506.988  184.0  -17.627  -17.674  -17.732   6695.83           R 
 60509.124  186.0  -17.581  -17.632  -17.692   6695.83           R 
  60511.26  188.0  -17.537  -17.591  -17.652   6695.83           R 
 60513.396  190.0  -17.495   -17.55  -17.613   6695.83           R 
 60515.532  192.0  -17.454  -17.509  -17.574   6695.83           R 
 60517.668  194.0  -17.414  -17.469  -17.535   6695.83           R 
 60519.804  196.0  -17.374   -17.43  -17.496   6695.83           R 
  60521.94  198.0  -17.333  -17.391  -17.457   6695.83           R 
 60524.076  200.0  -17.293  -17.352  -17.419   6695.83           R 
 60526.212  202.0  -17.254  -17.314  -17.381   6695.83           R 
 60528.348  204.0  -17.216  -17.276  -17.343   6695.83           R 
 60530.484  206.0  -17.178  -17.238  -17.305   6695.83           R 
  60532.62  208.0  -17.139    -17.2  -17.269   6695.83           R 
 60534.756  210.0  -17.102  -17.162  -17.233   6695.83           R 
 60536.892  212.0  -17.064  -17.125  -17.198   6695.83           R 
 60539.028  214.0  -17.026  -17.089  -17.162   6695.83           R 
 60541.164  216.0  -16.989  -17.053  -17.127   6695.83           R 
   60543.3  218.0  -16.953  -17.017  -17.092   6695.83           R 
 60545.436  220.0  -16.916  -16.982  -17.058   6695.83           R 
 60547.572  222.0   -16.88  -16.946  -17.023   6695.83           R 
 60549.708  224.0  -16.844  -16.911  -16.989   6695.83           R 
 60551.844  226.0  -16.809  -16.876  -16.955   6695.83           R 
  60553.98  228.0  -16.773  -16.842  -16.921   6695.83           R 
 60556.116  230.0  -16.738  -16.807  -16.888   6695.83           R 
 60558.252  232.0  -16.704  -16.773  -16.854   6695.83           R 
 60560.388  234.0  -16.669  -16.739  -16.821   6695.83           R 
 60562.524  236.0  -16.635  -16.706  -16.788   6695.83           R 
  60564.66  238.0  -16.601  -16.672  -16.756   6695.83           R 
 60566.796  240.0  -16.568  -16.639  -16.724   6695.83           R 
 60568.932  242.0  -16.534  -16.606  -16.691   6695.83           R 
 60571.068  244.0  -16.501  -16.574  -16.659   6695.83           R 
 60573.204  246.0  -16.468  -16.542  -16.628   6695.83           R 
  60575.34  248.0  -16.436   -16.51  -16.596   6695.83           R 
 60577.476  250.0  -16.403  -16.478  -16.565   6695.83           R 
 60579.612  252.0  -16.371  -16.446  -16.533   6695.83           R 
 60581.748  254.0  -16.339  -16.415  -16.502   6695.83           R 
 60583.884  256.0  -16.308  -16.384  -16.471   6695.83           R 
  60586.02  258.0  -16.276  -16.353   -16.44   6695.83           R 
 60588.156  260.0  -16.245  -16.322   -16.41   6695.83           R 
 60590.292  262.0  -16.214  -16.292  -16.379   6695.83           R 
 60592.428  264.0  -16.184  -16.262  -16.349   6695.83           R 
 60594.564  266.0  -16.153  -16.232  -16.319   6695.83           R 
   60596.7  268.0  -16.123  -16.202  -16.289   6695.83           R 
 60598.836  270.0  -16.093  -16.172   -16.26   6695.83           R 
 60600.972  272.0  -16.063  -16.143   -16.23   6695.83           R 
 60603.108  274.0  -16.033  -16.114  -16.201   6695.83           R 
 60605.244  276.0  -16.004  -16.085  -16.172   6695.83           R 
  60607.38  278.0  -15.974  -16.056  -16.143   6695.83           R 
 60609.516  280.0  -15.945  -16.027  -16.115   6695.83           R 
 60611.652  282.0  -15.916  -15.998  -16.086   6695.83           R 
 60613.788  284.0  -15.887   -15.97  -16.058   6695.83           R 
 60615.924  286.0  -15.858  -15.941   -16.03   6695.83           R 
  60618.06  288.0   -15.83  -15.913  -16.002   6695.83           R 
 60620.196  290.0  -15.801  -15.885  -15.974   6695.83           R 
 60622.332  292.0  -15.773  -15.857  -15.946   6695.83           R 
 60624.468  294.0  -15.745  -15.829  -15.919   6695.83           R 
 60626.604  296.0  -15.717  -15.801  -15.892   6695.83           R 
  60628.74  298.0  -15.689  -15.774  -15.865   6695.83           R 
 60630.876  300.0  -15.661  -15.747  -15.838   6695.83           R 
 60633.012  302.0  -15.634   -15.72  -15.811   6695.83           R 
 60635.148  304.0  -15.607  -15.693  -15.784   6695.83           R 
 60637.284  306.0  -15.581  -15.667  -15.758   6695.83           R 
  60639.42  308.0  -15.554   -15.64  -15.731   6695.83           R 
 60641.556  310.0  -15.528  -15.614  -15.705   6695.83           R 
 60643.692  312.0  -15.502  -15.588  -15.679   6695.83           R 
 60645.828  314.0  -15.475  -15.562  -15.653   6695.83           R 
 60647.964  316.0  -15.449  -15.536  -15.628   6695.83           R 
   60650.1  318.0  -15.424   -15.51  -15.602   6695.83           R 
 60652.236  320.0  -15.398  -15.485  -15.577   6695.83           R 
 60654.372  322.0  -15.372  -15.459  -15.552   6695.83           R 
 60656.508  324.0  -15.347  -15.434  -15.527   6695.83           R 
 60658.644  326.0  -15.322  -15.409  -15.503   6695.83           R 
  60660.78  328.0  -15.296  -15.384  -15.478   6695.83           R 
 60662.916  330.0  -15.272  -15.359  -15.454   6695.83           R 
 60665.052  332.0  -15.246  -15.334  -15.429   6695.83           R 
 60667.188  334.0  -15.221  -15.309  -15.405   6695.83           R 
 60669.324  336.0  -15.196  -15.285  -15.381   6695.83           R 
  60671.46  338.0  -15.171  -15.261  -15.357   6695.83           R 
 60673.596  340.0  -15.146  -15.237  -15.333   6695.83           R 
 60675.732  342.0  -15.122  -15.213   -15.31   6695.83           R 
 60677.868  344.0  -15.097  -15.189  -15.286   6695.83           R 
 60680.004  346.0  -15.073  -15.165  -15.263   6695.83           R 
  60682.14  348.0  -15.049  -15.141  -15.239   6695.83           R 
 60684.276  350.0  -15.025  -15.118  -15.216   6695.83           R 
 60686.412  352.0  -15.001  -15.095  -15.193   6695.83           R 
 60688.548  354.0  -14.977  -15.071   -15.17   6695.83           R 
 60690.684  356.0  -14.953  -15.048  -15.148   6695.83           R 
  60692.82  358.0  -14.929  -15.025  -15.125   6695.83           R 
 60694.956  360.0  -14.906  -15.002  -15.102   6695.83           R 
 60697.092  362.0  -14.882   -14.98   -15.08   6695.83           R 
 60699.228  364.0  -14.859  -14.957  -15.057   6695.83           R 
 60701.364  366.0  -14.836  -14.934  -15.035   6695.83           R 
   60703.5  368.0  -14.813  -14.911  -15.013   6695.83           R 
 60705.636  370.0  -14.791  -14.889  -14.991   6695.83           R 
 60707.772  372.0  -14.768  -14.866  -14.969   6695.83           R 
 60709.908  374.0  -14.746  -14.844  -14.947   6695.83           R 
 60712.044  376.0  -14.724  -14.822  -14.924   6695.83           R 
  60714.18  378.0  -14.702    -14.8  -14.902   6695.83           R 
 60716.316  380.0   -14.68  -14.779   -14.88   6695.83           R 
 60718.452  382.0  -14.658  -14.757  -14.858   6695.83           R 
 60720.588  384.0  -14.636  -14.736  -14.837   6695.83           R 
 60722.724  386.0  -14.614  -14.715  -14.816   6695.83           R 
  60724.86  388.0  -14.593  -14.693  -14.794   6695.83           R 
 60726.996  390.0  -14.571  -14.672  -14.773   6695.83           R 
 60729.132  392.0   -14.55  -14.651  -14.752   6695.83           R 
 60731.268  394.0  -14.529   -14.63  -14.732   6695.83           R 
 60733.404  396.0  -14.508  -14.609  -14.711   6695.83           R 
  60735.54  398.0  -14.487  -14.589   -14.69   6695.83           R 
 60737.676  400.0  -14.466  -14.568   -14.67   6695.83           R 
 60739.812  402.0  -14.444  -14.548  -14.649   6695.83           R 
 60741.948  404.0  -14.423  -14.527  -14.629   6695.83           R 
 60744.084  406.0  -14.403  -14.507  -14.608   6695.83           R 
  60746.22  408.0  -14.382  -14.487  -14.588   6695.83           R 
 60748.356  410.0  -14.361  -14.466  -14.568   6695.83           R 
 60750.492  412.0   -14.34  -14.446  -14.548   6695.83           R 
 60752.628  414.0   -14.32  -14.426  -14.528   6695.83           R 
 60754.764  416.0  -14.299  -14.407  -14.508   6695.83           R 
   60756.9  418.0  -14.279  -14.387  -14.488   6695.83           R 
 60759.036  420.0  -14.259  -14.367  -14.468   6695.83           R 
 60761.172  422.0  -14.238  -14.347  -14.448   6695.83           R 
 60763.308  424.0  -14.218  -14.327  -14.429   6695.83           R 
 60765.444  426.0  -14.198  -14.308  -14.409   6695.83           R 
  60767.58  428.0  -14.178  -14.288   -14.39   6695.83           R 
 60769.716  430.0  -14.159  -14.269   -14.37   6695.83           R 
 60771.852  432.0  -14.139   -14.25  -14.351   6695.83           R 
 60773.988  434.0  -14.119  -14.231  -14.332   6695.83           R 
 60776.124  436.0    -14.1  -14.212  -14.313   6695.83           R 
  60778.26  438.0   -14.08  -14.193  -14.294   6695.83           R 
 60780.396  440.0  -14.061  -14.174  -14.275   6695.83           R 
 60782.532  442.0  -14.041  -14.155  -14.256   6695.83           R 
 60784.668  444.0  -14.022  -14.137  -14.237   6695.83           R 
 60786.804  446.0  -14.003  -14.118  -14.219   6695.83           R 
  60788.94  448.0  -13.984    -14.1    -14.2   6695.83           R 
 60791.076  450.0  -13.965  -14.081  -14.182   6695.83           R 
 60793.212  452.0  -13.946  -14.063  -14.163   6695.83           R 
 60795.348  454.0  -13.927  -14.044  -14.145   6695.83           R 
 60797.484  456.0  -13.909  -14.026  -14.127   6695.83           R 
  60799.62  458.0   -13.89  -14.008  -14.108   6695.83           R 
 60801.756  460.0  -13.871   -13.99   -14.09   6695.83           R 
 60803.892  462.0  -13.853  -13.972  -14.072   6695.83           R 
 60806.028  464.0  -13.834  -13.954  -14.055   6695.83           R 
 60808.164  466.0  -13.816  -13.936  -14.037   6695.83           R 
   60810.3  468.0  -13.798  -13.918  -14.019   6695.83           R 
 60812.436  470.0   -13.78    -13.9  -14.002   6695.83           R 
 60814.572  472.0  -13.762  -13.883  -13.984   6695.83           R 
 60816.708  474.0  -13.744  -13.865  -13.967   6695.83           R 
 60818.844  476.0  -13.726  -13.847  -13.949   6695.83           R 
  60820.98  478.0  -13.708   -13.83  -13.932   6695.83           R 
 60823.116  480.0   -13.69  -13.813  -13.915   6695.83           R 
 60825.252  482.0  -13.673  -13.795  -13.898   6695.83           R 
 60827.388  484.0  -13.655  -13.778  -13.881   6695.83           R 
 60829.524  486.0  -13.638  -13.761  -13.864   6695.83           R 
  60831.66  488.0  -13.621  -13.744  -13.847   6695.83           R 
 60833.796  490.0  -13.604  -13.727   -13.83   6695.83           R 
 60835.932  492.0  -13.586   -13.71  -13.813   6695.83           R 
 60838.068  494.0  -13.569  -13.693  -13.796   6695.83           R 
 60840.204  496.0  -13.552  -13.676   -13.78   6695.83           R 
  60842.34  498.0  -13.534  -13.659  -13.763   6695.83           R 
 60844.476  500.0  -13.517  -13.643  -13.746   6695.83           R 
 60846.612  502.0    -13.5  -13.626   -13.73   6695.83           R 
 60848.748  504.0  -13.483   -13.61  -13.714   6695.83           R 
 60850.884  506.0  -13.466  -13.593  -13.697   6695.83           R 
  60853.02  508.0   -13.45  -13.577  -13.681   6695.83           R 
 60855.156  510.0  -13.433   -13.56  -13.665   6695.83           R 
 60857.292  512.0  -13.416  -13.544  -13.648   6695.83           R 
 60859.428  514.0    -13.4  -13.528  -13.632   6695.83           R 
 60861.564  516.0  -13.383  -13.511  -13.616   6695.83           R 
   60863.7  518.0  -13.367  -13.495    -13.6   6695.83           R 
 60865.836  520.0   -13.35  -13.479  -13.584   6695.83           R 
 60867.972  522.0  -13.334  -13.463  -13.568   6695.83           R 
 60870.108  524.0  -13.318  -13.447  -13.552   6695.83           R 
 60872.244  526.0  -13.301  -13.431  -13.536   6695.83           R 
  60874.38  528.0  -13.285  -13.415   -13.52   6695.83           R 
 60876.516  530.0  -13.269  -13.399  -13.505   6695.83           R 
 60878.652  532.0  -13.253  -13.384  -13.489   6695.83           R 
 60880.788  534.0  -13.238  -13.368  -13.473   6695.83           R 
 60882.924  536.0  -13.222  -13.352  -13.458   6695.83           R 
  60885.06  538.0  -13.206  -13.336  -13.442   6695.83           R 
 60887.196  540.0   -13.19  -13.319  -13.427   6695.83           R 
 60889.332  542.0  -13.175  -13.304  -13.412   6695.83           R 
 60891.468  544.0  -13.159  -13.288  -13.396   6695.83           R 
 60893.604  546.0  -13.143  -13.273  -13.381   6695.83           R 
  60895.74  548.0  -13.128  -13.257  -13.366   6695.83           R 
 60897.876  550.0  -13.113  -13.242   -13.35   6695.83           R 
 60900.012  552.0  -13.097  -13.227  -13.335   6695.83           R 
 60902.148  554.0  -13.082  -13.211   -13.32   6695.83           R 
 60904.284  556.0  -13.067  -13.196  -13.305   6695.83           R 
  60906.42  558.0  -13.051  -13.181   -13.29   6695.83           R 
 60908.556  560.0  -13.036  -13.166  -13.275   6695.83           R 
 60910.692  562.0  -13.021  -13.151   -13.26   6695.83           R 
 60912.828  564.0  -13.006  -13.136  -13.245   6695.83           R 
 60914.964  566.0  -12.991  -13.122  -13.231   6695.83           R 
   60917.1  568.0  -12.976  -13.107  -13.216   6695.83           R 
 60919.236  570.0  -12.961  -13.092  -13.201   6695.83           R 
 60921.372  572.0  -12.946  -13.077  -13.186   6695.83           R 
 60923.508  574.0  -12.931  -13.063  -13.172   6695.83           R 
 60925.644  576.0  -12.917  -13.048  -13.157   6695.83           R 
  60927.78  578.0  -12.902  -13.034  -13.143   6695.83           R 
 60929.916  580.0  -12.887  -13.019  -13.128   6695.83           R 
 60932.052  582.0  -12.873  -13.005  -13.114   6695.83           R 
 60934.188  584.0  -12.858   -12.99    -13.1   6695.83           R 
 60936.324  586.0  -12.844  -12.976  -13.085   6695.83           R 
  60938.46  588.0  -12.829  -12.962  -13.071   6695.83           R 
 60940.596  590.0  -12.815  -12.947  -13.057   6695.83           R 
 60942.732  592.0    -12.8  -12.933  -13.043   6695.83           R 
 60944.868  594.0  -12.786  -12.919  -13.028   6695.83           R 
 60947.004  596.0  -12.772  -12.905  -13.014   6695.83           R 
  60949.14  598.0  -12.758  -12.891    -13.0   6695.83           R 
 60951.276  600.0  -12.743  -12.877  -12.986   6695.83           R 
 60953.412  602.0  -12.729  -12.863  -12.972   6695.83           R 
 60955.548  604.0  -12.715  -12.849  -12.958   6695.83           R 
 60957.684  606.0  -12.701  -12.835  -12.945   6695.83           R 
  60959.82  608.0  -12.687  -12.821  -12.931   6695.83           R 
 60961.956  610.0  -12.673  -12.808  -12.917   6695.83           R 
 60964.092  612.0  -12.659  -12.794  -12.903   6695.83           R 
 60966.228  614.0  -12.645   -12.78   -12.89   6695.83           R 
 60968.364  616.0  -12.631  -12.766  -12.876   6695.83           R 
   60970.5  618.0  -12.617  -12.753  -12.862   6695.83           R 
 60972.636  620.0  -12.603  -12.739  -12.849   6695.83           R 
 60974.772  622.0  -12.589  -12.726  -12.835   6695.83           R 
 60976.908  624.0  -12.576  -12.712  -12.822   6695.83           R 
 60979.044  626.0  -12.562  -12.699  -12.808   6695.83           R 
  60981.18  628.0  -12.548  -12.685  -12.795   6695.83           R 
 60983.316  630.0  -12.535  -12.672  -12.782   6695.83           R 
 60985.452  632.0  -12.521  -12.659  -12.768   6695.83           R 
 60987.588  634.0  -12.507  -12.645  -12.755   6695.83           R 
 60989.724  636.0  -12.494  -12.632  -12.742   6695.83           R 
  60991.86  638.0  -12.481  -12.619  -12.729   6695.83           R 
 60993.996  640.0  -12.467  -12.606  -12.715   6695.83           R 
 60996.132  642.0  -12.454  -12.593  -12.702   6695.83           R 
 60998.268  644.0   -12.44   -12.58  -12.689   6695.83           R 
 61000.404  646.0  -12.427  -12.566  -12.676   6695.83           R 
  61002.54  648.0  -12.414  -12.553  -12.663   6695.83           R 
 61004.676  650.0  -12.401   -12.54   -12.65   6695.83           R 
 61006.812  652.0  -12.388  -12.528  -12.637   6695.83           R 
 61008.948  654.0  -12.375  -12.515  -12.624   6695.83           R 
 61011.084  656.0  -12.362  -12.502  -12.612   6695.83           R 
  61013.22  658.0  -12.349  -12.489  -12.599   6695.83           R 
 61015.356  660.0  -12.336  -12.476  -12.586   6695.83           R 
 61017.492  662.0  -12.323  -12.463  -12.573   6695.83           R 
 61019.628  664.0   -12.31   -12.45  -12.561   6695.83           R 
 61021.764  666.0  -12.297  -12.438  -12.548   6695.83           R 
   61023.9  668.0  -12.284  -12.425  -12.535   6695.83           R 
 61026.036  670.0  -12.272  -12.412  -12.523   6695.83           R 
 61028.172  672.0  -12.259    -12.4   -12.51   6695.83           R 
 61030.308  674.0  -12.246  -12.387  -12.498   6695.83           R 
 61032.444  676.0  -12.234  -12.375  -12.485   6695.83           R 
  61034.58  678.0  -12.221  -12.362  -12.473   6695.83           R 
 61036.716  680.0  -12.209   -12.35   -12.46   6695.83           R 
 61038.852  682.0  -12.196  -12.337  -12.448   6695.83           R 
 61040.988  684.0  -12.184  -12.325  -12.436   6695.83           R 
 61043.124  686.0  -12.171  -12.312  -12.423   6695.83           R 
  61045.26  688.0  -12.159    -12.3  -12.411   6695.83           R 
 61047.396  690.0  -12.147  -12.288  -12.399   6695.83           R 
 61049.532  692.0  -12.134  -12.275  -12.387   6695.83           R 
 61051.668  694.0  -12.122  -12.263  -12.374   6695.83           R 
 61053.804  696.0   -12.11  -12.251  -12.362   6695.83           R 
  61055.94  698.0  -12.098  -12.239   -12.35   6695.83           R 
 61058.076  700.0  -12.085  -12.226  -12.338   6695.83           R 
 61060.212  702.0  -12.073  -12.214  -12.326   6695.83           R 
 61062.348  704.0  -12.061  -12.202  -12.314   6695.83           R 
 61064.484  706.0  -12.049   -12.19  -12.302   6695.83           R 
  61066.62  708.0  -12.037  -12.178   -12.29   6695.83           R 
 61068.756  710.0  -12.025  -12.166  -12.278   6695.83           R 
 61070.892  712.0  -12.013  -12.154  -12.266   6695.83           R 
 61073.028  714.0  -12.001  -12.142  -12.254   6695.83           R 
 61075.164  716.0  -11.989  -12.131  -12.242   6695.83           R 
   61077.3  718.0  -11.978  -12.119  -12.231   6695.83           R 
 61079.436  720.0  -11.966  -12.107  -12.219   6695.83           R 
 61081.572  722.0  -11.954  -12.095  -12.207   6695.83           R 
 61083.708  724.0  -11.942  -12.084  -12.195   6695.83           R 
 61085.844  726.0   -11.93  -12.072  -12.184   6695.83           R 
  61087.98  728.0  -11.919   -12.06  -12.172   6695.83           R 
 61090.116  730.0  -11.907  -12.049  -12.161   6695.83           R 
 61092.252  732.0  -11.895  -12.037  -12.149   6695.83           R 
 61094.388  734.0  -11.884  -12.026  -12.138   6695.83           R 
 61096.524  736.0  -11.872  -12.014  -12.126   6695.83           R 
  61098.66  738.0  -11.861  -12.003  -12.115   6695.83           R 
 61100.796  740.0  -11.849  -11.991  -12.103   6695.83           R 
 61102.932  742.0  -11.838   -11.98  -12.092   6695.83           R 
 61105.068  744.0  -11.826  -11.968  -12.081   6695.83           R 
 61107.204  746.0  -11.815  -11.957  -12.069   6695.83           R 
  61109.34  748.0  -11.803  -11.946  -12.058   6695.83           R 
 61111.476  750.0  -11.792  -11.934  -12.047   6695.83           R 
 61113.612  752.0  -11.781  -11.923  -12.036   6695.83           R 
 61115.748  754.0  -11.769  -11.912  -12.025   6695.83           R 
 61117.884  756.0  -11.758  -11.901  -12.013   6695.83           R 
  61120.02  758.0  -11.747  -11.889  -12.002   6695.83           R 
 61122.156  760.0  -11.735  -11.878  -11.991   6695.83           R 
 61124.292  762.0  -11.724  -11.867   -11.98   6695.83           R 
 61126.428  764.0  -11.713  -11.856  -11.969   6695.83           R 
 61128.564  766.0  -11.702  -11.845  -11.958   6695.83           R 
   61130.7  768.0  -11.691  -11.834  -11.947   6695.83           R 
 61132.836  770.0   -11.68  -11.823  -11.936   6695.83           R 
 61134.972  772.0  -11.669  -11.812  -11.925   6695.83           R 
 61137.108  774.0  -11.658  -11.801  -11.914   6695.83           R 
 61139.244  776.0  -11.647   -11.79  -11.903   6695.83           R 
  61141.38  778.0  -11.636  -11.779  -11.893   6695.83           R 
 61143.516  780.0  -11.625  -11.768  -11.882   6695.83           R 
 61145.652  782.0  -11.614  -11.757  -11.871   6695.83           R 
 61147.788  784.0  -11.603  -11.747   -11.86   6695.83           R 
 61149.924  786.0  -11.592  -11.736   -11.85   6695.83           R 
  61152.06  788.0  -11.581  -11.725  -11.839   6695.83           R 
 61154.196  790.0   -11.57  -11.714  -11.828   6695.83           R 
 61156.332  792.0   -11.56  -11.704  -11.818   6695.83           R 
 61158.468  794.0  -11.549  -11.693  -11.807   6695.83           R 
 61160.604  796.0  -11.538  -11.682  -11.796   6695.83           R 
  61162.74  798.0  -11.528  -11.672  -11.786   6695.83           R 
 61164.876  800.0  -11.517  -11.661  -11.775   6695.83           R 
 60310.476    0.0      nan      nan      nan   7457.89           i 
  60311.01    0.5   -9.675  -11.775  -12.689   7457.89           i 
 60311.544    1.0  -10.112  -12.335  -13.313   7457.89           i 
 60312.078    1.5  -11.489   -13.06  -13.821   7457.89           i 
 60312.612    2.0  -12.366  -13.544   -14.22   7457.89           i 
 60313.146    2.5  -13.037  -13.976  -14.562   7457.89           i 
  60313.68    3.0  -13.584   -14.35  -14.834   7457.89           i 
 60314.214    3.5  -14.005  -14.676   -15.08   7457.89           i 
 60314.748    4.0  -14.415   -14.96  -15.315   7457.89           i 
 60315.282    4.5  -14.743  -15.202  -15.524   7457.89           i 
 60315.816    5.0  -15.019  -15.418  -15.713   7457.89           i 
  60316.35    5.5  -15.256  -15.616  -15.878   7457.89           i 
 60316.884    6.0  -15.468  -15.796  -16.036   7457.89           i 
 60317.418    6.5   -15.66  -15.958  -16.182   7457.89           i 
 60317.952    7.0  -15.841  -16.109  -16.316   7457.89           i 
 60318.486    7.5  -16.009   -16.25  -16.442   7457.89           i 
  60319.02    8.0  -16.169  -16.381  -16.562   7457.89           i 
 60319.554    8.5  -16.316  -16.503  -16.669   7457.89           i 
 60320.088    9.0  -16.449  -16.617  -16.777   7457.89           i 
 60320.622    9.5  -16.571  -16.724  -16.876   7457.89           i 
 60321.156   10.0  -16.684  -16.824  -16.971   7457.89           i 
  60321.69   10.5   -16.79  -16.919  -17.064   7457.89           i 
 60322.224   11.0  -16.891  -17.009  -17.149   7457.89           i 
 60322.758   11.5  -16.987  -17.097  -17.228   7457.89           i 
 60323.292   12.0  -17.079  -17.181  -17.306   7457.89           i 
 60323.826   12.5  -17.167  -17.264  -17.381   7457.89           i 
  60324.36   13.0   -17.25  -17.339  -17.453   7457.89           i 
 60324.894   13.5   -17.33  -17.413  -17.522   7457.89           i 
 60325.428   14.0  -17.408  -17.484  -17.587   7457.89           i 
 60325.962   14.5  -17.481  -17.552  -17.649   7457.89           i 
 60326.496   15.0   -17.55  -17.619   -17.71   7457.89           i 
  60327.03   15.5  -17.617  -17.681  -17.768   7457.89           i 
 60327.564   16.0  -17.681  -17.742  -17.825   7457.89           i 
 60328.098   16.5  -17.742  -17.802  -17.881   7457.89           i 
 60328.632   17.0  -17.802  -17.859  -17.936   7457.89           i 
 60329.166   17.5  -17.858  -17.915  -17.989   7457.89           i 
   60329.7   18.0  -17.912  -17.968   -18.04   7457.89           i 
 60330.234   18.5  -17.967  -18.018  -18.089   7457.89           i 
 60330.768   19.0  -18.019  -18.069  -18.136   7457.89           i 
 60331.302   19.5  -18.068  -18.118  -18.181   7457.89           i 
 60331.836   20.0  -18.117  -18.165  -18.225   7457.89           i 
  60332.37   20.5  -18.164   -18.21  -18.268   7457.89           i 
 60332.904   21.0  -18.208  -18.254  -18.312   7457.89           i 
 60333.438   21.5  -18.252  -18.295  -18.353   7457.89           i 
 60333.972   22.0  -18.294  -18.336  -18.393   7457.89           i 
 60334.506   22.5  -18.337  -18.376  -18.432   7457.89           i 
  60335.04   23.0  -18.378  -18.416   -18.47   7457.89           i 
 60335.574   23.5  -18.416  -18.454  -18.507   7457.89           i 
 60336.108   24.0  -18.454  -18.491  -18.543   7457.89           i 
 60336.642   24.5  -18.491  -18.528  -18.578   7457.89           i 
 60337.176   25.0  -18.528  -18.563  -18.613   7457.89           i 
  60337.71   25.5  -18.563  -18.596  -18.647   7457.89           i 
 60338.244   26.0  -18.599  -18.629   -18.68   7457.89           i 
 60338.778   26.5  -18.632  -18.662  -18.712   7457.89           i 
 60339.312   27.0  -18.665  -18.694  -18.742   7457.89           i 
 60339.846   27.5  -18.696  -18.726  -18.772   7457.89           i 
  60340.38   28.0  -18.727  -18.757  -18.801   7457.89           i 
 60340.914   28.5  -18.757  -18.788   -18.83   7457.89           i 
 60341.448   29.0  -18.787  -18.818  -18.857   7457.89           i 
 60341.982   29.5  -18.818  -18.847  -18.886   7457.89           i 
 60342.516   30.0  -18.847  -18.874  -18.912   7457.89           i 
  60343.05   30.5  -18.874  -18.901  -18.938   7457.89           i 
 60343.584   31.0  -18.901  -18.927  -18.964   7457.89           i 
 60344.118   31.5  -18.927  -18.952   -18.99   7457.89           i 
 60344.652   32.0  -18.952  -18.978  -19.014   7457.89           i 
 60345.186   32.5  -18.977  -19.003  -19.037   7457.89           i 
  60345.72   33.0  -19.002  -19.027  -19.061   7457.89           i 
 60346.254   33.5  -19.026  -19.051  -19.085   7457.89           i 
 60346.788   34.0   -19.05  -19.074  -19.109   7457.89           i 
 60347.322   34.5  -19.073  -19.096  -19.131   7457.89           i 
 60347.856   35.0  -19.096  -19.119  -19.153   7457.89           i 
  60348.39   35.5  -19.118  -19.142  -19.175   7457.89           i 
 60348.924   36.0  -19.139  -19.164  -19.196   7457.89           i 
 60349.458   36.5   -19.16  -19.185  -19.217   7457.89           i 
 60349.992   37.0  -19.181  -19.205  -19.238   7457.89           i 
 60350.526   37.5  -19.202  -19.225  -19.257   7457.89           i 
  60351.06   38.0  -19.221  -19.245  -19.276   7457.89           i 
 60351.594   38.5  -19.241  -19.264  -19.295   7457.89           i 
 60352.128   39.0   -19.26  -19.283  -19.313   7457.89           i 
 60352.662   39.5  -19.279  -19.302  -19.331   7457.89           i 
 60353.196   40.0  -19.298  -19.319   -19.35   7457.89           i 
  60353.73   40.5  -19.316  -19.337  -19.368   7457.89           i 
 60354.264   41.0  -19.333  -19.355  -19.386   7457.89           i 
 60354.798   41.5  -19.349  -19.373  -19.403   7457.89           i 
 60355.332   42.0  -19.365   -19.39   -19.42   7457.89           i 
 60355.866   42.5  -19.382  -19.406  -19.437   7457.89           i 
   60356.4   43.0  -19.399  -19.422  -19.453   7457.89           i 
 60356.934   43.5  -19.415  -19.437   -19.47   7457.89           i 
 60357.468   44.0  -19.431  -19.453  -19.486   7457.89           i 
 60358.002   44.5  -19.447  -19.468  -19.501   7457.89           i 
 60358.536   45.0  -19.461  -19.483  -19.516   7457.89           i 
  60359.07   45.5  -19.476  -19.497  -19.531   7457.89           i 
 60359.604   46.0   -19.49  -19.512  -19.546   7457.89           i 
 60360.138   46.5  -19.504  -19.526   -19.56   7457.89           i 
 60360.672   47.0  -19.518  -19.539  -19.574   7457.89           i 
 60361.206   47.5  -19.532  -19.552  -19.587   7457.89           i 
  60361.74   48.0  -19.545  -19.565  -19.601   7457.89           i 
 60362.274   48.5  -19.558  -19.578  -19.614   7457.89           i 
 60362.808   49.0   -19.57   -19.59  -19.627   7457.89           i 
 60363.342   49.5  -19.582  -19.603  -19.639   7457.89           i 
 60363.876   50.0  -19.594  -19.615  -19.651   7457.89           i 
  60364.41   50.5  -19.606  -19.626  -19.663   7457.89           i 
 60364.944   51.0  -19.618  -19.638  -19.675   7457.89           i 
 60365.478   51.5  -19.629  -19.649  -19.686   7457.89           i 
 60366.012   52.0   -19.64   -19.66  -19.697   7457.89           i 
 60366.546   52.5  -19.651  -19.671  -19.708   7457.89           i 
  60367.08   53.0  -19.661  -19.682  -19.719   7457.89           i 
 60367.614   53.5  -19.672  -19.692  -19.729   7457.89           i 
 60368.148   54.0  -19.682  -19.702  -19.739   7457.89           i 
 60368.682   54.5  -19.692  -19.711  -19.749   7457.89           i 
 60369.216   55.0  -19.701  -19.721  -19.758   7457.89           i 
  60369.75   55.5   -19.71   -19.73  -19.768   7457.89           i 
 60370.284   56.0   -19.72   -19.74  -19.777   7457.89           i 
 60370.818   56.5  -19.728  -19.748  -19.785   7457.89           i 
 60371.352   57.0  -19.737  -19.757  -19.794   7457.89           i 
 60371.886   57.5  -19.745  -19.765  -19.803   7457.89           i 
  60372.42   58.0  -19.753  -19.773  -19.811   7457.89           i 
 60372.954   58.5  -19.761  -19.782  -19.819   7457.89           i 
 60373.488   59.0  -19.768  -19.789  -19.827   7457.89           i 
 60374.022   59.5  -19.775  -19.797  -19.835   7457.89           i 
 60374.556   60.0  -19.782  -19.804  -19.842   7457.89           i 
  60375.09   60.5  -19.789  -19.811  -19.849   7457.89           i 
 60375.624   61.0  -19.796  -19.818  -19.855   7457.89           i 
 60376.158   61.5  -19.803  -19.824  -19.862   7457.89           i 
 60376.692   62.0   -19.81  -19.831  -19.868   7457.89           i 
 60377.226   62.5  -19.816  -19.836  -19.874   7457.89           i 
  60377.76   63.0  -19.822  -19.842   -19.88   7457.89           i 
 60378.294   63.5  -19.827  -19.848  -19.885   7457.89           i 
 60378.828   64.0  -19.833  -19.853   -19.89   7457.89           i 
 60379.362   64.5  -19.838  -19.858  -19.895   7457.89           i 
 60379.896   65.0  -19.843  -19.863    -19.9   7457.89           i 
  60380.43   65.5  -19.848  -19.868  -19.905   7457.89           i 
 60380.964   66.0  -19.853  -19.872  -19.909   7457.89           i 
 60381.498   66.5  -19.857  -19.877  -19.914   7457.89           i 
 60382.032   67.0  -19.862  -19.881  -19.919   7457.89           i 
 60382.566   67.5  -19.866  -19.885  -19.923   7457.89           i 
   60383.1   68.0   -19.87   -19.89  -19.927   7457.89           i 
 60383.634   68.5  -19.874  -19.894  -19.931   7457.89           i 
 60384.168   69.0  -19.877  -19.897  -19.934   7457.89           i 
 60384.702   69.5   -19.88  -19.901  -19.938   7457.89           i 
 60385.236   70.0  -19.884  -19.904  -19.941   7457.89           i 
  60385.77   70.5  -19.887  -19.907  -19.943   7457.89           i 
 60386.304   71.0   -19.89   -19.91  -19.945   7457.89           i 
 60386.838   71.5  -19.892  -19.913  -19.947   7457.89           i 
 60387.372   72.0  -19.894  -19.915  -19.949   7457.89           i 
 60387.906   72.5  -19.896  -19.917  -19.951   7457.89           i 
  60388.44   73.0  -19.898  -19.919  -19.953   7457.89           i 
 60388.974   73.5    -19.9  -19.921  -19.955   7457.89           i 
 60389.508   74.0  -19.902  -19.923  -19.956   7457.89           i 
 60390.042   74.5  -19.903  -19.924  -19.958   7457.89           i 
 60390.576   75.0  -19.905  -19.926  -19.959   7457.89           i 
  60391.11   75.5  -19.905  -19.927   -19.96   7457.89           i 
 60391.644   76.0  -19.906  -19.928  -19.961   7457.89           i 
 60392.178   76.5  -19.906  -19.929  -19.961   7457.89           i 
 60392.712   77.0  -19.907   -19.93  -19.962   7457.89           i 
 60393.246   77.5  -19.907  -19.931  -19.962   7457.89           i 
  60393.78   78.0  -19.907  -19.931  -19.962   7457.89           i 
 60394.314   78.5  -19.906  -19.931  -19.962   7457.89           i 
 60394.848   79.0  -19.906  -19.931  -19.962   7457.89           i 
 60395.382   79.5  -19.905   -19.93  -19.962   7457.89           i 
 60395.916   80.0  -19.905   -19.93  -19.961   7457.89           i 
  60396.45   80.5  -19.904  -19.929   -19.96   7457.89           i 
 60396.984   81.0  -19.904  -19.928   -19.96   7457.89           i 
 60397.518   81.5  -19.903  -19.927  -19.959   7457.89           i 
 60398.052   82.0  -19.902  -19.926  -19.957   7457.89           i 
 60398.586   82.5  -19.901  -19.924  -19.956   7457.89           i 
  60399.12   83.0  -19.899  -19.923  -19.955   7457.89           i 
 60399.654   83.5  -19.898  -19.921  -19.953   7457.89           i 
 60400.188   84.0  -19.896  -19.919  -19.951   7457.89           i 
 60400.722   84.5  -19.894  -19.917  -19.949   7457.89           i 
 60401.256   85.0  -19.892  -19.915  -19.947   7457.89           i 
  60401.79   85.5  -19.889  -19.912  -19.945   7457.89           i 
 60402.324   86.0  -19.886   -19.91  -19.943   7457.89           i 
 60402.858   86.5  -19.883  -19.907  -19.941   7457.89           i 
 60403.392   87.0   -19.88  -19.904  -19.938   7457.89           i 
 60403.926   87.5  -19.876  -19.901  -19.935   7457.89           i 
  60404.46   88.0  -19.873  -19.898  -19.932   7457.89           i 
 60404.994   88.5   -19.87  -19.895  -19.928   7457.89           i 
 60405.528   89.0  -19.866  -19.892  -19.924   7457.89           i 
 60406.062   89.5  -19.862  -19.888  -19.921   7457.89           i 
 60406.596   90.0  -19.858  -19.884  -19.916   7457.89           i 
  60407.13   90.5  -19.854   -19.88  -19.912   7457.89           i 
 60407.664   91.0   -19.85  -19.876  -19.908   7457.89           i 
 60408.198   91.5  -19.846  -19.872  -19.904   7457.89           i 
 60408.732   92.0  -19.841  -19.868  -19.899   7457.89           i 
 60409.266   92.5  -19.836  -19.863  -19.895   7457.89           i 
   60409.8   93.0  -19.832  -19.858   -19.89   7457.89           i 
 60410.334   93.5  -19.827  -19.853  -19.885   7457.89           i 
 60410.868   94.0  -19.822  -19.848   -19.88   7457.89           i 
 60411.402   94.5  -19.817  -19.843  -19.874   7457.89           i 
 60411.936   95.0  -19.811  -19.837  -19.869   7457.89           i 
  60412.47   95.5  -19.805  -19.831  -19.864   7457.89           i 
 60413.004   96.0    -19.8  -19.826  -19.858   7457.89           i 
 60413.538   96.5  -19.794   -19.82  -19.852   7457.89           i 
 60414.072   97.0  -19.788  -19.815  -19.846   7457.89           i 
 60414.606   97.5  -19.781  -19.809  -19.841   7457.89           i 
  60415.14   98.0  -19.775  -19.803  -19.835   7457.89           i 
 60415.674   98.5  -19.768  -19.796  -19.829   7457.89           i 
 60416.208   99.0  -19.762   -19.79  -19.822   7457.89           i 
 60416.742   99.5  -19.755  -19.783  -19.816   7457.89           i 
 60417.276  100.0  -19.748  -19.776  -19.809   7457.89           i 
 60417.276  100.0  -19.748  -19.776  -19.809   7457.89           i 
 60419.412  102.0  -19.719  -19.748  -19.781   7457.89           i 
 60421.548  104.0  -19.688  -19.717   -19.75   7457.89           i 
 60423.684  106.0  -19.656  -19.684  -19.716   7457.89           i 
  60425.82  108.0  -19.621  -19.649  -19.681   7457.89           i 
 60427.956  110.0  -19.584  -19.612  -19.645   7457.89           i 
 60430.092  112.0  -19.543  -19.572  -19.605   7457.89           i 
 60432.228  114.0  -19.498  -19.528  -19.561   7457.89           i 
 60434.364  116.0   -19.45  -19.481  -19.514   7457.89           i 
   60436.5  118.0  -19.397  -19.431  -19.467   7457.89           i 
 60438.636  120.0  -19.346   -19.38  -19.415   7457.89           i 
 60440.772  122.0  -19.293  -19.327  -19.362   7457.89           i 
 60442.908  124.0   -19.24  -19.274  -19.309   7457.89           i 
 60445.044  126.0  -19.187  -19.221  -19.256   7457.89           i 
  60447.18  128.0  -19.134  -19.168  -19.204   7457.89           i 
 60449.316  130.0  -19.081  -19.115  -19.153   7457.89           i 
 60451.452  132.0  -19.027  -19.062  -19.101   7457.89           i 
 60453.588  134.0  -18.973  -19.009  -19.049   7457.89           i 
 60455.724  136.0   -18.92  -18.955  -18.997   7457.89           i 
  60457.86  138.0  -18.866  -18.902  -18.948   7457.89           i 
 60459.996  140.0  -18.813  -18.851  -18.897   7457.89           i 
 60462.132  142.0  -18.761  -18.799  -18.845   7457.89           i 
 60464.268  144.0  -18.709  -18.747  -18.792   7457.89           i 
 60466.404  146.0  -18.658  -18.697  -18.738   7457.89           i 
  60468.54  148.0  -18.607  -18.646  -18.685   7457.89           i 
 60470.676  150.0  -18.555  -18.595  -18.636   7457.89           i 
 60472.812  152.0  -18.506  -18.546  -18.587   7457.89           i 
 60474.948  154.0  -18.456  -18.496  -18.539   7457.89           i 
 60477.084  156.0  -18.407  -18.448   -18.49   7457.89           i 
  60479.22  158.0  -18.357  -18.398  -18.441   7457.89           i 
 60481.356  160.0  -18.309  -18.349  -18.394   7457.89           i 
 60483.492  162.0  -18.261  -18.302  -18.348   7457.89           i 
 60485.628  164.0  -18.211  -18.256  -18.303   7457.89           i 
 60487.764  166.0  -18.163   -18.21  -18.256   7457.89           i 
   60489.9  168.0  -18.117  -18.163  -18.211   7457.89           i 
 60492.036  170.0  -18.069  -18.117  -18.168   7457.89           i 
 60494.172  172.0  -18.022  -18.072  -18.125   7457.89           i 
 60496.308  174.0  -17.976  -18.027  -18.082   7457.89           i 
 60498.444  176.0  -17.931  -17.983   -18.04   7457.89           i 
  60500.58  178.0  -17.886   -17.94  -17.996   7457.89           i 
 60502.716  180.0  -17.842  -17.897  -17.954   7457.89           i 
 60504.852  182.0  -17.799  -17.854  -17.911   7457.89           i 
 60506.988  184.0  -17.755  -17.812   -17.87   7457.89           i 
 60509.124  186.0  -17.713   -17.77  -17.829   7457.89           i 
  60511.26  188.0   -17.67  -17.729  -17.787   7457.89           i 
 60513.396  190.0  -17.628  -17.688  -17.746   7457.89           i 
 60515.532  192.0  -17.587  -17.647  -17.705   7457.89           i 
 60517.668  194.0  -17.546  -17.607  -17.667   7457.89           i 
 60519.804  196.0  -17.504  -17.567  -17.629   7457.89           i 
  60521.94  198.0  -17.463  -17.528  -17.591   7457.89           i 
 60524.076  200.0  -17.423  -17.489  -17.552   7457.89           i 
 60526.212  202.0  -17.384   -17.45  -17.514   7457.89           i 
 60528.348  204.0  -17.345  -17.411  -17.477   7457.89           i 
 60530.484  206.0  -17.307  -17.373  -17.439   7457.89           i 
  60532.62  208.0  -17.269  -17.335  -17.403   7457.89           i 
 60534.756  210.0  -17.231  -17.298  -17.366   7457.89           i 
 60536.892  212.0  -17.194  -17.262   -17.33   7457.89           i 
 60539.028  214.0  -17.156  -17.225  -17.295   7457.89           i 
 60541.164  216.0  -17.119  -17.189  -17.259   7457.89           i 
   60543.3  218.0  -17.083  -17.153  -17.224   7457.89           i 
 60545.436  220.0  -17.046  -17.117  -17.189   7457.89           i 
 60547.572  222.0   -17.01  -17.082  -17.155   7457.89           i 
 60549.708  224.0  -16.975  -17.047   -17.12   7457.89           i 
 60551.844  226.0  -16.939  -17.012  -17.085   7457.89           i 
  60553.98  228.0  -16.903  -16.978  -17.051   7457.89           i 
 60556.116  230.0  -16.868  -16.944  -17.017   7457.89           i 
 60558.252  232.0  -16.833   -16.91  -16.983   7457.89           i 
 60560.388  234.0  -16.799  -16.876   -16.95   7457.89           i 
 60562.524  236.0  -16.765  -16.843  -16.916   7457.89           i 
  60564.66  238.0  -16.731   -16.81  -16.883   7457.89           i 
 60566.796  240.0  -16.698  -16.777  -16.851   7457.89           i 
 60568.932  242.0  -16.664  -16.744  -16.818   7457.89           i 
 60571.068  244.0  -16.632  -16.712  -16.786   7457.89           i 
 60573.204  246.0  -16.599  -16.679  -16.754   7457.89           i 
  60575.34  248.0  -16.566  -16.647  -16.722   7457.89           i 
 60577.476  250.0  -16.534  -16.616  -16.691   7457.89           i 
 60579.612  252.0  -16.502  -16.584   -16.66   7457.89           i 
 60581.748  254.0   -16.47  -16.553  -16.629   7457.89           i 
 60583.884  256.0  -16.439  -16.522  -16.598   7457.89           i 
  60586.02  258.0  -16.407  -16.491  -16.567   7457.89           i 
 60588.156  260.0  -16.376   -16.46  -16.536   7457.89           i 
 60590.292  262.0  -16.345   -16.43  -16.505   7457.89           i 
 60592.428  264.0  -16.314  -16.399  -16.475   7457.89           i 
 60594.564  266.0  -16.283  -16.369  -16.445   7457.89           i 
   60596.7  268.0  -16.252  -16.339  -16.415   7457.89           i 
 60598.836  270.0  -16.222   -16.31  -16.385   7457.89           i 
 60600.972  272.0  -16.192   -16.28  -16.356   7457.89           i 
 60603.108  274.0  -16.162  -16.251  -16.326   7457.89           i 
 60605.244  276.0  -16.132  -16.222  -16.297   7457.89           i 
  60607.38  278.0  -16.103  -16.193  -16.268   7457.89           i 
 60609.516  280.0  -16.073  -16.164  -16.239   7457.89           i 
 60611.652  282.0  -16.044  -16.136  -16.211   7457.89           i 
 60613.788  284.0  -16.016  -16.108  -16.183   7457.89           i 
 60615.924  286.0  -15.987  -16.079  -16.154   7457.89           i 
  60618.06  288.0  -15.958  -16.052  -16.126   7457.89           i 
 60620.196  290.0   -15.93  -16.024  -16.098   7457.89           i 
 60622.332  292.0  -15.902  -15.996  -16.071   7457.89           i 
 60624.468  294.0  -15.874  -15.969  -16.043   7457.89           i 
 60626.604  296.0  -15.846  -15.941  -16.016   7457.89           i 
  60628.74  298.0  -15.819  -15.914  -15.989   7457.89           i 
 60630.876  300.0  -15.791  -15.888  -15.962   7457.89           i 
 60633.012  302.0  -15.764  -15.861  -15.936   7457.89           i 
 60635.148  304.0  -15.736  -15.835  -15.909   7457.89           i 
 60637.284  306.0  -15.709  -15.808  -15.883   7457.89           i 
  60639.42  308.0  -15.682  -15.782  -15.857   7457.89           i 
 60641.556  310.0  -15.655  -15.756  -15.831   7457.89           i 
 60643.692  312.0  -15.628   -15.73  -15.805   7457.89           i 
 60645.828  314.0  -15.602  -15.704  -15.779   7457.89           i 
 60647.964  316.0  -15.576  -15.678  -15.753   7457.89           i 
   60650.1  318.0  -15.549  -15.653  -15.728   7457.89           i 
 60652.236  320.0  -15.523  -15.627  -15.703   7457.89           i 
 60654.372  322.0  -15.497  -15.602  -15.678   7457.89           i 
 60656.508  324.0  -15.471  -15.577  -15.653   7457.89           i 
 60658.644  326.0  -15.445  -15.552  -15.628   7457.89           i 
  60660.78  328.0   -15.42  -15.527  -15.603   7457.89           i 
 60662.916  330.0  -15.394  -15.503  -15.579   7457.89           i 
 60665.052  332.0  -15.369  -15.478  -15.555   7457.89           i 
 60667.188  334.0  -15.344  -15.454   -15.53   7457.89           i 
 60669.324  336.0   -15.32  -15.429  -15.506   7457.89           i 
  60671.46  338.0  -15.295  -15.405  -15.482   7457.89           i 
 60673.596  340.0  -15.271  -15.381  -15.458   7457.89           i 
 60675.732  342.0  -15.246  -15.356  -15.434   7457.89           i 
 60677.868  344.0  -15.222  -15.332  -15.411   7457.89           i 
 60680.004  346.0  -15.198  -15.308  -15.387   7457.89           i 
  60682.14  348.0  -15.175  -15.284  -15.364   7457.89           i 
 60684.276  350.0  -15.151  -15.261  -15.341   7457.89           i 
 60686.412  352.0  -15.128  -15.237  -15.317   7457.89           i 
 60688.548  354.0  -15.104  -15.213  -15.294   7457.89           i 
 60690.684  356.0  -15.081   -15.19  -15.271   7457.89           i 
  60692.82  358.0  -15.058  -15.167  -15.249   7457.89           i 
 60694.956  360.0  -15.035  -15.144  -15.226   7457.89           i 
 60697.092  362.0  -15.012  -15.121  -15.203   7457.89           i 
 60699.228  364.0  -14.989  -15.098  -15.181   7457.89           i 
 60701.364  366.0  -14.967  -15.076  -15.159   7457.89           i 
   60703.5  368.0  -14.944  -15.053  -15.137   7457.89           i 
 60705.636  370.0  -14.921  -15.031  -15.115   7457.89           i 
 60707.772  372.0  -14.898  -15.008  -15.093   7457.89           i 
 60709.908  374.0  -14.875  -14.986  -15.071   7457.89           i 
 60712.044  376.0  -14.852  -14.964  -15.049   7457.89           i 
  60714.18  378.0  -14.829  -14.942  -15.028   7457.89           i 
 60716.316  380.0  -14.807   -14.92  -15.006   7457.89           i 
 60718.452  382.0  -14.785  -14.898  -14.985   7457.89           i 
 60720.588  384.0  -14.763  -14.876  -14.964   7457.89           i 
 60722.724  386.0  -14.741  -14.855  -14.942   7457.89           i 
  60724.86  388.0  -14.719  -14.833  -14.921   7457.89           i 
 60726.996  390.0  -14.697  -14.812    -14.9   7457.89           i 
 60729.132  392.0  -14.675   -14.79  -14.878   7457.89           i 
 60731.268  394.0  -14.654  -14.769  -14.857   7457.89           i 
 60733.404  396.0  -14.632  -14.748  -14.836   7457.89           i 
  60735.54  398.0  -14.612  -14.727  -14.815   7457.89           i 
 60737.676  400.0  -14.591  -14.706  -14.793   7457.89           i 
 60739.812  402.0   -14.57  -14.685  -14.772   7457.89           i 
 60741.948  404.0  -14.549  -14.665  -14.751   7457.89           i 
 60744.084  406.0  -14.529  -14.644  -14.731   7457.89           i 
  60746.22  408.0  -14.508  -14.624  -14.711   7457.89           i 
 60748.356  410.0  -14.488  -14.603  -14.691   7457.89           i 
 60750.492  412.0  -14.467  -14.583  -14.671   7457.89           i 
 60752.628  414.0  -14.447  -14.563  -14.651   7457.89           i 
 60754.764  416.0  -14.427  -14.543  -14.631   7457.89           i 
   60756.9  418.0  -14.407  -14.522  -14.611   7457.89           i 
 60759.036  420.0  -14.387  -14.503  -14.592   7457.89           i 
 60761.172  422.0  -14.367  -14.483  -14.572   7457.89           i 
 60763.308  424.0  -14.347  -14.463  -14.553   7457.89           i 
 60765.444  426.0  -14.328  -14.443  -14.533   7457.89           i 
  60767.58  428.0  -14.308  -14.424  -14.514   7457.89           i 
 60769.716  430.0  -14.289  -14.404  -14.495   7457.89           i 
 60771.852  432.0  -14.269  -14.385  -14.476   7457.89           i 
 60773.988  434.0   -14.25  -14.365  -14.457   7457.89           i 
 60776.124  436.0  -14.231  -14.346  -14.439   7457.89           i 
  60778.26  438.0  -14.211  -14.327   -14.42   7457.89           i 
 60780.396  440.0  -14.192  -14.308  -14.401   7457.89           i 
 60782.532  442.0  -14.173  -14.289  -14.383   7457.89           i 
 60784.668  444.0  -14.154   -14.27  -14.364   7457.89           i 
 60786.804  446.0  -14.136  -14.251  -14.346   7457.89           i 
  60788.94  448.0  -14.117  -14.232  -14.327   7457.89           i 
 60791.076  450.0  -14.098  -14.214  -14.309   7457.89           i 
 60793.212  452.0   -14.08  -14.196  -14.291   7457.89           i 
 60795.348  454.0  -14.061  -14.177  -14.273   7457.89           i 
 60797.484  456.0  -14.043  -14.159  -14.255   7457.89           i 
  60799.62  458.0  -14.024  -14.141  -14.237   7457.89           i 
 60801.756  460.0  -14.006  -14.123  -14.219   7457.89           i 
 60803.892  462.0  -13.987  -14.105  -14.201   7457.89           i 
 60806.028  464.0  -13.969  -14.087  -14.183   7457.89           i 
 60808.164  466.0  -13.951  -14.069  -14.165   7457.89           i 
   60810.3  468.0  -13.932  -14.051  -14.148   7457.89           i 
 60812.436  470.0  -13.914  -14.033   -14.13   7457.89           i 
 60814.572  472.0  -13.896  -14.015  -14.113   7457.89           i 
 60816.708  474.0  -13.878  -13.998  -14.095   7457.89           i 
 60818.844  476.0  -13.861   -13.98  -14.078   7457.89           i 
  60820.98  478.0  -13.843  -13.963  -14.061   7457.89           i 
 60823.116  480.0  -13.825  -13.945  -14.043   7457.89           i 
 60825.252  482.0  -13.807  -13.928  -14.026   7457.89           i 
 60827.388  484.0   -13.79  -13.911  -14.009   7457.89           i 
 60829.524  486.0  -13.772  -13.893  -13.992   7457.89           i 
  60831.66  488.0  -13.755  -13.876  -13.975   7457.89           i 
 60833.796  490.0  -13.737  -13.859  -13.958   7457.89           i 
 60835.932  492.0   -13.72  -13.842  -13.942   7457.89           i 
 60838.068  494.0  -13.703  -13.825  -13.925   7457.89           i 
 60840.204  496.0  -13.686  -13.808  -13.908   7457.89           i 
  60842.34  498.0  -13.669  -13.791  -13.891   7457.89           i 
 60844.476  500.0  -13.652  -13.775  -13.875   7457.89           i 
 60846.612  502.0  -13.635  -13.758  -13.858   7457.89           i 
 60848.748  504.0  -13.618  -13.741  -13.842   7457.89           i 
 60850.884  506.0  -13.601  -13.725  -13.825   7457.89           i 
  60853.02  508.0  -13.584  -13.708  -13.809   7457.89           i 
 60855.156  510.0  -13.567  -13.692  -13.792   7457.89           i 
 60857.292  512.0   -13.55  -13.675  -13.776   7457.89           i 
 60859.428  514.0  -13.534  -13.659   -13.76   7457.89           i 
 60861.564  516.0  -13.517  -13.643  -13.744   7457.89           i 
   60863.7  518.0    -13.5  -13.626  -13.727   7457.89           i 
 60865.836  520.0  -13.484   -13.61  -13.711   7457.89           i 
 60867.972  522.0  -13.468  -13.594  -13.695   7457.89           i 
 60870.108  524.0  -13.451  -13.578  -13.679   7457.89           i 
 60872.244  526.0  -13.435  -13.562  -13.664   7457.89           i 
  60874.38  528.0  -13.419  -13.546  -13.648   7457.89           i 
 60876.516  530.0  -13.402   -13.53  -13.632   7457.89           i 
 60878.652  532.0  -13.386  -13.514  -13.616   7457.89           i 
 60880.788  534.0   -13.37  -13.499    -13.6   7457.89           i 
 60882.924  536.0  -13.354  -13.483  -13.585   7457.89           i 
  60885.06  538.0  -13.338  -13.467  -13.569   7457.89           i 
 60887.196  540.0  -13.322  -13.452  -13.553   7457.89           i 
 60889.332  542.0  -13.306  -13.436  -13.538   7457.89           i 
 60891.468  544.0  -13.291  -13.421  -13.522   7457.89           i 
 60893.604  546.0  -13.275  -13.405  -13.507   7457.89           i 
  60895.74  548.0  -13.259   -13.39  -13.492   7457.89           i 
 60897.876  550.0  -13.244  -13.375  -13.477   7457.89           i 
 60900.012  552.0  -13.228  -13.359  -13.462   7457.89           i 
 60902.148  554.0  -13.213  -13.344  -13.447   7457.89           i 
 60904.284  556.0  -13.198  -13.329  -13.432   7457.89           i 
  60906.42  558.0  -13.182  -13.314  -13.417   7457.89           i 
 60908.556  560.0  -13.167  -13.298  -13.402   7457.89           i 
 60910.692  562.0  -13.152  -13.283  -13.387   7457.89           i 
 60912.828  564.0  -13.137  -13.268  -13.372   7457.89           i 
 60914.964  566.0  -13.122  -13.253  -13.358   7457.89           i 
   60917.1  568.0  -13.107  -13.238  -13.343   7457.89           i 
 60919.236  570.0  -13.092  -13.223  -13.328   7457.89           i 
 60921.372  572.0  -13.077  -13.209  -13.314   7457.89           i 
 60923.508  574.0  -13.063  -13.194  -13.299   7457.89           i 
 60925.644  576.0  -13.048  -13.179  -13.285   7457.89           i 
  60927.78  578.0  -13.033  -13.165   -13.27   7457.89           i 
 60929.916  580.0  -13.019  -13.151  -13.256   7457.89           i 
 60932.052  582.0  -13.004  -13.136  -13.242   7457.89           i 
 60934.188  584.0  -12.989  -13.122  -13.227   7457.89           i 
 60936.324  586.0  -12.975  -13.107  -13.213   7457.89           i 
  60938.46  588.0   -12.96  -13.093  -13.199   7457.89           i 
 60940.596  590.0  -12.946  -13.079  -13.185   7457.89           i 
 60942.732  592.0  -12.931  -13.065  -13.171   7457.89           i 
 60944.868  594.0  -12.917  -13.051  -13.157   7457.89           i 
 60947.004  596.0  -12.902  -13.036  -13.143   7457.89           i 
  60949.14  598.0  -12.888  -13.022  -13.129   7457.89           i 
 60951.276  600.0  -12.874  -13.008  -13.115   7457.89           i 
 60953.412  602.0   -12.86  -12.994  -13.101   7457.89           i 
 60955.548  604.0  -12.846  -12.981  -13.087   7457.89           i 
 60957.684  606.0  -12.831  -12.967  -13.073   7457.89           i 
  60959.82  608.0  -12.817  -12.953  -13.059   7457.89           i 
 60961.956  610.0  -12.803  -12.939  -13.045   7457.89           i 
 60964.092  612.0  -12.789  -12.925  -13.032   7457.89           i 
 60966.228  614.0  -12.775  -12.912  -13.018   7457.89           i 
 60968.364  616.0  -12.761  -12.898  -13.005   7457.89           i 
   60970.5  618.0  -12.747  -12.884  -12.991   7457.89           i 
 60972.636  620.0  -12.733  -12.871  -12.977   7457.89           i 
 60974.772  622.0   -12.72  -12.857  -12.964   7457.89           i 
 60976.908  624.0  -12.706  -12.844   -12.95   7457.89           i 
 60979.044  626.0  -12.692   -12.83  -12.937   7457.89           i 
  60981.18  628.0  -12.679  -12.817  -12.924   7457.89           i 
 60983.316  630.0  -12.665  -12.804   -12.91   7457.89           i 
 60985.452  632.0  -12.652   -12.79  -12.897   7457.89           i 
 60987.588  634.0  -12.638  -12.777  -12.884   7457.89           i 
 60989.724  636.0  -12.625  -12.764  -12.871   7457.89           i 
  60991.86  638.0  -12.611   -12.75  -12.858   7457.89           i 
 60993.996  640.0  -12.598  -12.737  -12.844   7457.89           i 
 60996.132  642.0  -12.585  -12.724  -12.831   7457.89           i 
 60998.268  644.0  -12.571  -12.711  -12.818   7457.89           i 
 61000.404  646.0  -12.558  -12.698  -12.805   7457.89           i 
  61002.54  648.0  -12.545  -12.685  -12.792   7457.89           i 
 61004.676  650.0  -12.532  -12.672  -12.779   7457.89           i 
 61006.812  652.0  -12.519  -12.659  -12.767   7457.89           i 
 61008.948  654.0  -12.506  -12.646  -12.754   7457.89           i 
 61011.084  656.0  -12.493  -12.633  -12.741   7457.89           i 
  61013.22  658.0   -12.48  -12.621  -12.728   7457.89           i 
 61015.356  660.0  -12.467  -12.608  -12.715   7457.89           i 
 61017.492  662.0  -12.454  -12.595  -12.703   7457.89           i 
 61019.628  664.0  -12.441  -12.582   -12.69   7457.89           i 
 61021.764  666.0  -12.428   -12.57  -12.677   7457.89           i 
   61023.9  668.0  -12.415  -12.557  -12.665   7457.89           i 
 61026.036  670.0  -12.403  -12.545  -12.652   7457.89           i 
 61028.172  672.0   -12.39  -12.532   -12.64   7457.89           i 
 61030.308  674.0  -12.377  -12.519  -12.627   7457.89           i 
 61032.444  676.0  -12.365  -12.507  -12.615   7457.89           i 
  61034.58  678.0  -12.352  -12.495  -12.602   7457.89           i 
 61036.716  680.0   -12.34  -12.482   -12.59   7457.89           i 
 61038.852  682.0  -12.327   -12.47  -12.577   7457.89           i 
 61040.988  684.0  -12.315  -12.457  -12.565   7457.89           i 
 61043.124  686.0  -12.302  -12.445  -12.553   7457.89           i 
  61045.26  688.0   -12.29  -12.433  -12.541   7457.89           i 
 61047.396  690.0  -12.277  -12.421  -12.528   7457.89           i 
 61049.532  692.0  -12.265  -12.408  -12.516   7457.89           i 
 61051.668  694.0  -12.253  -12.396  -12.504   7457.89           i 
 61053.804  696.0  -12.241  -12.384  -12.492   7457.89           i 
  61055.94  698.0  -12.228  -12.372   -12.48   7457.89           i 
 61058.076  700.0  -12.216   -12.36  -12.468   7457.89           i 
 61060.212  702.0  -12.204  -12.348  -12.456   7457.89           i 
 61062.348  704.0  -12.192  -12.336  -12.444   7457.89           i 
 61064.484  706.0   -12.18  -12.324  -12.432   7457.89           i 
  61066.62  708.0  -12.168  -12.312   -12.42   7457.89           i 
 61068.756  710.0  -12.156    -12.3  -12.408   7457.89           i 
 61070.892  712.0  -12.144  -12.288  -12.396   7457.89           i 
 61073.028  714.0  -12.132  -12.276  -12.384   7457.89           i 
 61075.164  716.0   -12.12  -12.265  -12.373   7457.89           i 
   61077.3  718.0  -12.108  -12.253  -12.361   7457.89           i 
 61079.436  720.0  -12.096  -12.241  -12.349   7457.89           i 
 61081.572  722.0  -12.084  -12.229  -12.338   7457.89           i 
 61083.708  724.0  -12.073  -12.218  -12.326   7457.89           i 
 61085.844  726.0  -12.061  -12.206  -12.314   7457.89           i 
  61087.98  728.0  -12.049  -12.194  -12.303   7457.89           i 
 61090.116  730.0  -12.037  -12.183  -12.291   7457.89           i 
 61092.252  732.0  -12.026  -12.171   -12.28   7457.89           i 
 61094.388  734.0  -12.014   -12.16  -12.268   7457.89           i 
 61096.524  736.0  -12.003  -12.148  -12.257   7457.89           i 
  61098.66  738.0  -11.991  -12.137  -12.245   7457.89           i 
 61100.796  740.0  -11.979  -12.125  -12.234   7457.89           i 
 61102.932  742.0  -11.968  -12.114  -12.222   7457.89           i 
 61105.068  744.0  -11.957  -12.103  -12.211   7457.89           i 
 61107.204  746.0  -11.945  -12.091    -12.2   7457.89           i 
  61109.34  748.0  -11.934   -12.08  -12.188   7457.89           i 
 61111.476  750.0  -11.922  -12.069  -12.177   7457.89           i 
 61113.612  752.0  -11.911  -12.057  -12.166   7457.89           i 
 61115.748  754.0    -11.9  -12.046  -12.155   7457.89           i 
 61117.884  756.0  -11.888  -12.035  -12.144   7457.89           i 
  61120.02  758.0  -11.877  -12.024  -12.132   7457.89           i 
 61122.156  760.0  -11.866  -12.013  -12.121   7457.89           i 
 61124.292  762.0  -11.855  -12.001   -12.11   7457.89           i 
 61126.428  764.0  -11.843   -11.99  -12.099   7457.89           i 
 61128.564  766.0  -11.832  -11.979  -12.088   7457.89           i 
   61130.7  768.0  -11.821  -11.968  -12.077   7457.89           i 
 61132.836  770.0   -11.81  -11.957  -12.066   7457.89           i 
 61134.972  772.0  -11.799  -11.946  -12.055   7457.89           i 
 61137.108  774.0  -11.788  -11.935  -12.044   7457.89           i 
 61139.244  776.0  -11.777  -11.924  -12.033   7457.89           i 
  61141.38  778.0  -11.766  -11.913  -12.022   7457.89           i 
 61143.516  780.0  -11.755  -11.902  -12.012   7457.89           i 
 61145.652  782.0  -11.744  -11.892  -12.001   7457.89           i 
 61147.788  784.0  -11.733  -11.881   -11.99   7457.89           i 
 61149.924  786.0  -11.722   -11.87  -11.979   7457.89           i 
  61152.06  788.0  -11.712  -11.859  -11.969   7457.89           i 
 61154.196  790.0  -11.701  -11.848  -11.958   7457.89           i 
 61156.332  792.0   -11.69  -11.838  -11.947   7457.89           i 
 61158.468  794.0  -11.679  -11.827  -11.937   7457.89           i 
 61160.604  796.0  -11.668  -11.816  -11.926   7457.89           i 
  61162.74  798.0  -11.658  -11.806  -11.915   7457.89           i 
 61164.876  800.0  -11.647  -11.795  -11.905   7457.89           i 
 60310.476    0.0      nan      nan      nan   8568.89           I 
  60311.01    0.5   -9.581  -11.684  -12.604   8568.89           I 
 60311.544    1.0  -10.023  -12.238  -13.226   8568.89           I 
 60312.078    1.5  -11.394  -12.968  -13.726   8568.89           I 
 60312.612    2.0  -12.268  -13.454  -14.127   8568.89           I 
 60313.146    2.5   -12.94  -13.885  -14.468   8568.89           I 
  60313.68    3.0  -13.484  -14.258  -14.741   8568.89           I 
 60314.214    3.5  -13.909  -14.583  -14.985   8568.89           I 
 60314.748    4.0  -14.319  -14.868   -15.22   8568.89           I 
 60315.282    4.5  -14.651   -15.11   -15.43   8568.89           I 
 60315.816    5.0  -14.927  -15.328   -15.62   8568.89           I 
  60316.35    5.5  -15.167  -15.524  -15.788   8568.89           I 
 60316.884    6.0  -15.379  -15.704  -15.943   8568.89           I 
 60317.418    6.5  -15.571  -15.867  -16.089   8568.89           I 
 60317.952    7.0   -15.75  -16.017  -16.224   8568.89           I 
 60318.486    7.5  -15.917  -16.157  -16.352   8568.89           I 
  60319.02    8.0  -16.079  -16.287   -16.47   8568.89           I 
 60319.554    8.5  -16.223  -16.411  -16.578   8568.89           I 
 60320.088    9.0  -16.355  -16.524  -16.683   8568.89           I 
 60320.622    9.5  -16.476  -16.633  -16.783   8568.89           I 
 60321.156   10.0  -16.591  -16.735  -16.882   8568.89           I 
  60321.69   10.5  -16.699   -16.83  -16.975   8568.89           I 
 60322.224   11.0  -16.799  -16.921  -17.059   8568.89           I 
 60322.758   11.5  -16.894  -17.008  -17.139   8568.89           I 
 60323.292   12.0  -16.987  -17.092  -17.218   8568.89           I 
 60323.826   12.5  -17.074  -17.172  -17.293   8568.89           I 
  60324.36   13.0  -17.159   -17.25  -17.365   8568.89           I 
 60324.894   13.5  -17.239  -17.325  -17.435   8568.89           I 
 60325.428   14.0  -17.317  -17.396    -17.5   8568.89           I 
 60325.962   14.5   -17.39  -17.465  -17.562   8568.89           I 
 60326.496   15.0   -17.46  -17.532  -17.624   8568.89           I 
  60327.03   15.5  -17.527  -17.595  -17.682   8568.89           I 
 60327.564   16.0  -17.593  -17.657   -17.74   8568.89           I 
 60328.098   16.5  -17.655  -17.715  -17.795   8568.89           I 
 60328.632   17.0  -17.715  -17.773  -17.848   8568.89           I 
 60329.166   17.5  -17.774  -17.828  -17.903   8568.89           I 
   60329.7   18.0  -17.829  -17.882  -17.954   8568.89           I 
 60330.234   18.5  -17.881  -17.934  -18.003   8568.89           I 
 60330.768   19.0  -17.932  -17.985  -18.051   8568.89           I 
 60331.302   19.5  -17.982  -18.033  -18.097   8568.89           I 
 60331.836   20.0  -18.032   -18.08  -18.141   8568.89           I 
  60332.37   20.5  -18.079  -18.125  -18.185   8568.89           I 
 60332.904   21.0  -18.123  -18.168  -18.227   8568.89           I 
 60333.438   21.5  -18.167  -18.211  -18.269   8568.89           I 
 60333.972   22.0   -18.21  -18.252  -18.309   8568.89           I 
 60334.506   22.5  -18.251  -18.293  -18.348   8568.89           I 
  60335.04   23.0  -18.292  -18.332  -18.387   8568.89           I 
 60335.574   23.5  -18.333  -18.371  -18.425   8568.89           I 
 60336.108   24.0  -18.372  -18.408  -18.462   8568.89           I 
 60336.642   24.5   -18.41  -18.444  -18.499   8568.89           I 
 60337.176   25.0  -18.447   -18.48  -18.534   8568.89           I 
  60337.71   25.5  -18.482  -18.514  -18.567   8568.89           I 
 60338.244   26.0  -18.517  -18.548  -18.601   8568.89           I 
 60338.778   26.5   -18.55  -18.581  -18.633   8568.89           I 
 60339.312   27.0  -18.583  -18.613  -18.664   8568.89           I 
 60339.846   27.5  -18.614  -18.646  -18.694   8568.89           I 
  60340.38   28.0  -18.645  -18.677  -18.724   8568.89           I 
 60340.914   28.5  -18.676  -18.708  -18.753   8568.89           I 
 60341.448   29.0  -18.707  -18.737  -18.781   8568.89           I 
 60341.982   29.5  -18.737  -18.766  -18.809   8568.89           I 
 60342.516   30.0  -18.765  -18.794  -18.835   8568.89           I 
  60343.05   30.5  -18.793  -18.821  -18.862   8568.89           I 
 60343.584   31.0   -18.82  -18.849  -18.887   8568.89           I 
 60344.118   31.5  -18.847  -18.875  -18.913   8568.89           I 
 60344.652   32.0  -18.874    -18.9  -18.939   8568.89           I 
 60345.186   32.5  -18.899  -18.925  -18.964   8568.89           I 
  60345.72   33.0  -18.924  -18.949  -18.988   8568.89           I 
 60346.254   33.5  -18.949  -18.973  -19.011   8568.89           I 
 60346.788   34.0  -18.973  -18.997  -19.035   8568.89           I 
 60347.322   34.5  -18.995   -19.02  -19.057   8568.89           I 
 60347.856   35.0  -19.018  -19.043   -19.08   8568.89           I 
  60348.39   35.5  -19.041  -19.066  -19.101   8568.89           I 
 60348.924   36.0  -19.062  -19.088  -19.123   8568.89           I 
 60349.458   36.5  -19.084  -19.109  -19.144   8568.89           I 
 60349.992   37.0  -19.105   -19.13  -19.164   8568.89           I 
 60350.526   37.5  -19.126  -19.151  -19.184   8568.89           I 
  60351.06   38.0  -19.147  -19.171  -19.203   8568.89           I 
 60351.594   38.5  -19.167   -19.19  -19.223   8568.89           I 
 60352.128   39.0  -19.186   -19.21  -19.242   8568.89           I 
 60352.662   39.5  -19.205  -19.229   -19.26   8568.89           I 
 60353.196   40.0  -19.224  -19.248  -19.278   8568.89           I 
  60353.73   40.5  -19.243  -19.266  -19.297   8568.89           I 
 60354.264   41.0  -19.261  -19.284  -19.314   8568.89           I 
 60354.798   41.5  -19.278  -19.301  -19.332   8568.89           I 
 60355.332   42.0  -19.296  -19.319  -19.349   8568.89           I 
 60355.866   42.5  -19.313  -19.336  -19.366   8568.89           I 
   60356.4   43.0   -19.33  -19.352  -19.383   8568.89           I 
 60356.934   43.5  -19.347  -19.368    -19.4   8568.89           I 
 60357.468   44.0  -19.362  -19.384  -19.416   8568.89           I 
 60358.002   44.5  -19.378  -19.399  -19.432   8568.89           I 
 60358.536   45.0  -19.393  -19.414  -19.448   8568.89           I 
  60359.07   45.5  -19.408  -19.429  -19.463   8568.89           I 
 60359.604   46.0  -19.422  -19.444  -19.478   8568.89           I 
 60360.138   46.5  -19.436  -19.458  -19.493   8568.89           I 
 60360.672   47.0   -19.45  -19.472  -19.508   8568.89           I 
 60361.206   47.5  -19.464  -19.486  -19.521   8568.89           I 
  60361.74   48.0  -19.478    -19.5  -19.535   8568.89           I 
 60362.274   48.5  -19.491  -19.513  -19.548   8568.89           I 
 60362.808   49.0  -19.504  -19.526   -19.56   8568.89           I 
 60363.342   49.5  -19.517  -19.538  -19.573   8568.89           I 
 60363.876   50.0   -19.53  -19.551  -19.586   8568.89           I 
  60364.41   50.5  -19.542  -19.563  -19.598   8568.89           I 
 60364.944   51.0  -19.554  -19.575   -19.61   8568.89           I 
 60365.478   51.5  -19.566  -19.586  -19.622   8568.89           I 
 60366.012   52.0  -19.577  -19.598  -19.633   8568.89           I 
 60366.546   52.5  -19.588  -19.609  -19.645   8568.89           I 
  60367.08   53.0  -19.599   -19.62  -19.657   8568.89           I 
 60367.614   53.5   -19.61  -19.631  -19.668   8568.89           I 
 60368.148   54.0  -19.621  -19.641  -19.679   8568.89           I 
 60368.682   54.5  -19.631  -19.651   -19.69   8568.89           I 
 60369.216   55.0  -19.641  -19.661    -19.7   8568.89           I 
  60369.75   55.5  -19.651  -19.671   -19.71   8568.89           I 
 60370.284   56.0   -19.66   -19.68   -19.72   8568.89           I 
 60370.818   56.5   -19.67  -19.689   -19.73   8568.89           I 
 60371.352   57.0  -19.679  -19.698   -19.74   8568.89           I 
 60371.886   57.5  -19.687  -19.706  -19.748   8568.89           I 
  60372.42   58.0  -19.696  -19.715  -19.757   8568.89           I 
 60372.954   58.5  -19.704  -19.723  -19.765   8568.89           I 
 60373.488   59.0  -19.712  -19.731  -19.773   8568.89           I 
 60374.022   59.5   -19.72  -19.739  -19.781   8568.89           I 
 60374.556   60.0  -19.727  -19.747  -19.789   8568.89           I 
  60375.09   60.5  -19.734  -19.754  -19.796   8568.89           I 
 60375.624   61.0  -19.741  -19.762  -19.803   8568.89           I 
 60376.158   61.5  -19.747  -19.769   -19.81   8568.89           I 
 60376.692   62.0  -19.754  -19.776  -19.817   8568.89           I 
 60377.226   62.5   -19.76  -19.783  -19.823   8568.89           I 
  60377.76   63.0  -19.767   -19.79  -19.829   8568.89           I 
 60378.294   63.5  -19.773  -19.796  -19.835   8568.89           I 
 60378.828   64.0  -19.779  -19.802  -19.841   8568.89           I 
 60379.362   64.5  -19.785  -19.808  -19.846   8568.89           I 
 60379.896   65.0   -19.79  -19.814  -19.851   8568.89           I 
  60380.43   65.5  -19.796  -19.819  -19.856   8568.89           I 
 60380.964   66.0  -19.801  -19.824  -19.862   8568.89           I 
 60381.498   66.5  -19.806  -19.829  -19.867   8568.89           I 
 60382.032   67.0  -19.811  -19.834  -19.872   8568.89           I 
 60382.566   67.5  -19.816  -19.838  -19.876   8568.89           I 
   60383.1   68.0   -19.82  -19.843  -19.881   8568.89           I 
 60383.634   68.5  -19.825  -19.847  -19.885   8568.89           I 
 60384.168   69.0  -19.829  -19.851  -19.889   8568.89           I 
 60384.702   69.5  -19.833  -19.855  -19.893   8568.89           I 
 60385.236   70.0  -19.837  -19.859  -19.897   8568.89           I 
  60385.77   70.5  -19.841  -19.863    -19.9   8568.89           I 
 60386.304   71.0  -19.844  -19.867  -19.903   8568.89           I 
 60386.838   71.5  -19.848   -19.87  -19.906   8568.89           I 
 60387.372   72.0  -19.851  -19.873  -19.909   8568.89           I 
 60387.906   72.5  -19.854  -19.876  -19.911   8568.89           I 
  60388.44   73.0  -19.856  -19.879  -19.914   8568.89           I 
 60388.974   73.5  -19.858  -19.881  -19.916   8568.89           I 
 60389.508   74.0   -19.86  -19.884  -19.918   8568.89           I 
 60390.042   74.5  -19.862  -19.886   -19.92   8568.89           I 
 60390.576   75.0  -19.863  -19.888  -19.922   8568.89           I 
  60391.11   75.5  -19.865   -19.89  -19.924   8568.89           I 
 60391.644   76.0  -19.866  -19.891  -19.925   8568.89           I 
 60392.178   76.5  -19.867  -19.893  -19.927   8568.89           I 
 60392.712   77.0  -19.868  -19.894  -19.928   8568.89           I 
 60393.246   77.5  -19.869  -19.896  -19.929   8568.89           I 
  60393.78   78.0  -19.869  -19.897   -19.93   8568.89           I 
 60394.314   78.5  -19.869  -19.898  -19.931   8568.89           I 
 60394.848   79.0   -19.87  -19.899  -19.931   8568.89           I 
 60395.382   79.5   -19.87  -19.899  -19.932   8568.89           I 
 60395.916   80.0   -19.87    -19.9  -19.932   8568.89           I 
  60396.45   80.5   -19.87    -19.9  -19.932   8568.89           I 
 60396.984   81.0   -19.87    -19.9  -19.932   8568.89           I 
 60397.518   81.5   -19.87  -19.899  -19.932   8568.89           I 
 60398.052   82.0   -19.87  -19.899  -19.932   8568.89           I 
 60398.586   82.5  -19.869  -19.898  -19.932   8568.89           I 
  60399.12   83.0  -19.869  -19.897  -19.931   8568.89           I 
 60399.654   83.5  -19.868  -19.896  -19.931   8568.89           I 
 60400.188   84.0  -19.867  -19.895  -19.929   8568.89           I 
 60400.722   84.5  -19.866  -19.894  -19.928   8568.89           I 
 60401.256   85.0  -19.864  -19.893  -19.927   8568.89           I 
  60401.79   85.5  -19.863  -19.891  -19.925   8568.89           I 
 60402.324   86.0  -19.861  -19.889  -19.923   8568.89           I 
 60402.858   86.5  -19.859  -19.887  -19.921   8568.89           I 
 60403.392   87.0  -19.856  -19.885  -19.919   8568.89           I 
 60403.926   87.5  -19.854  -19.883  -19.916   8568.89           I 
  60404.46   88.0  -19.852  -19.881  -19.914   8568.89           I 
 60404.994   88.5  -19.849  -19.878  -19.912   8568.89           I 
 60405.528   89.0  -19.846  -19.876   -19.91   8568.89           I 
 60406.062   89.5  -19.844  -19.874  -19.907   8568.89           I 
 60406.596   90.0  -19.841  -19.871  -19.904   8568.89           I 
  60407.13   90.5  -19.838  -19.868  -19.901   8568.89           I 
 60407.664   91.0  -19.834  -19.865  -19.897   8568.89           I 
 60408.198   91.5   -19.83  -19.861  -19.893   8568.89           I 
 60408.732   92.0  -19.827  -19.857  -19.889   8568.89           I 
 60409.266   92.5  -19.823  -19.854  -19.886   8568.89           I 
   60409.8   93.0  -19.819   -19.85  -19.882   8568.89           I 
 60410.334   93.5  -19.815  -19.846  -19.878   8568.89           I 
 60410.868   94.0   -19.81  -19.842  -19.874   8568.89           I 
 60411.402   94.5  -19.806  -19.837   -19.87   8568.89           I 
 60411.936   95.0  -19.801  -19.833  -19.866   8568.89           I 
  60412.47   95.5  -19.797  -19.828  -19.861   8568.89           I 
 60413.004   96.0  -19.792  -19.823  -19.856   8568.89           I 
 60413.538   96.5  -19.787  -19.818  -19.851   8568.89           I 
 60414.072   97.0  -19.782  -19.813  -19.846   8568.89           I 
 60414.606   97.5  -19.777  -19.807  -19.841   8568.89           I 
  60415.14   98.0  -19.771  -19.802  -19.836   8568.89           I 
 60415.674   98.5  -19.766  -19.796   -19.83   8568.89           I 
 60416.208   99.0   -19.76  -19.791  -19.824   8568.89           I 
 60416.742   99.5  -19.754  -19.785  -19.818   8568.89           I 
 60417.276  100.0  -19.748  -19.779  -19.812   8568.89           I 
 60417.276  100.0  -19.748  -19.779  -19.812   8568.89           I 
 60419.412  102.0  -19.723  -19.754  -19.789   8568.89           I 
 60421.548  104.0  -19.696  -19.727  -19.762   8568.89           I 
 60423.684  106.0  -19.668  -19.699  -19.733   8568.89           I 
  60425.82  108.0  -19.637  -19.669  -19.703   8568.89           I 
 60427.956  110.0  -19.604  -19.635   -19.67   8568.89           I 
 60430.092  112.0  -19.566    -19.6  -19.635   8568.89           I 
 60432.228  114.0  -19.528   -19.56  -19.596   8568.89           I 
 60434.364  116.0   -19.48  -19.515  -19.549   8568.89           I 
   60436.5  118.0  -19.427  -19.464  -19.501   8568.89           I 
 60438.636  120.0  -19.376  -19.413  -19.451   8568.89           I 
 60440.772  122.0  -19.323  -19.361  -19.399   8568.89           I 
 60442.908  124.0  -19.271  -19.309  -19.347   8568.89           I 
 60445.044  126.0  -19.217  -19.256  -19.293   8568.89           I 
  60447.18  128.0  -19.163  -19.204  -19.241   8568.89           I 
 60449.316  130.0  -19.109  -19.149  -19.189   8568.89           I 
 60451.452  132.0  -19.055  -19.096  -19.134   8568.89           I 
 60453.588  134.0    -19.0  -19.043  -19.081   8568.89           I 
 60455.724  136.0  -18.947   -18.99  -19.029   8568.89           I 
  60457.86  138.0  -18.894  -18.937  -18.979   8568.89           I 
 60459.996  140.0  -18.843  -18.885  -18.928   8568.89           I 
 60462.132  142.0  -18.791  -18.833  -18.876   8568.89           I 
 60464.268  144.0  -18.739  -18.781  -18.824   8568.89           I 
 60466.404  146.0  -18.688  -18.731  -18.772   8568.89           I 
  60468.54  148.0  -18.636   -18.68  -18.722   8568.89           I 
 60470.676  150.0  -18.586  -18.629   -18.67   8568.89           I 
 60472.812  152.0  -18.536   -18.58  -18.621   8568.89           I 
 60474.948  154.0  -18.486  -18.531  -18.573   8568.89           I 
 60477.084  156.0  -18.436  -18.483  -18.525   8568.89           I 
  60479.22  158.0  -18.388  -18.435  -18.475   8568.89           I 
 60481.356  160.0   -18.34  -18.387  -18.428   8568.89           I 
 60483.492  162.0  -18.293  -18.338  -18.381   8568.89           I 
 60485.628  164.0  -18.244  -18.291  -18.336   8568.89           I 
 60487.764  166.0  -18.196  -18.244  -18.291   8568.89           I 
   60489.9  168.0  -18.147  -18.198  -18.246   8568.89           I 
 60492.036  170.0    -18.1  -18.151  -18.201   8568.89           I 
 60494.172  172.0  -18.055  -18.106  -18.158   8568.89           I 
 60496.308  174.0  -18.009  -18.061  -18.116   8568.89           I 
 60498.444  176.0  -17.962  -18.017  -18.074   8568.89           I 
  60500.58  178.0  -17.915  -17.973  -18.032   8568.89           I 
 60502.716  180.0   -17.87  -17.931  -17.991   8568.89           I 
 60504.852  182.0  -17.827  -17.888  -17.948   8568.89           I 
 60506.988  184.0  -17.784  -17.845  -17.906   8568.89           I 
 60509.124  186.0  -17.741  -17.802  -17.865   8568.89           I 
  60511.26  188.0  -17.699   -17.76  -17.824   8568.89           I 
 60513.396  190.0  -17.657  -17.719  -17.781   8568.89           I 
 60515.532  192.0  -17.616  -17.679   -17.74   8568.89           I 
 60517.668  194.0  -17.575  -17.639    -17.7   8568.89           I 
 60519.804  196.0  -17.535    -17.6  -17.661   8568.89           I 
  60521.94  198.0  -17.495  -17.561  -17.622   8568.89           I 
 60524.076  200.0  -17.456  -17.522  -17.584   8568.89           I 
 60526.212  202.0  -17.416  -17.483  -17.547   8568.89           I 
 60528.348  204.0  -17.376  -17.445  -17.509   8568.89           I 
 60530.484  206.0  -17.338  -17.407  -17.471   8568.89           I 
  60532.62  208.0  -17.299  -17.369  -17.434   8568.89           I 
 60534.756  210.0  -17.261  -17.332  -17.397   8568.89           I 
 60536.892  212.0  -17.223  -17.295  -17.361   8568.89           I 
 60539.028  214.0  -17.185  -17.258  -17.326   8568.89           I 
 60541.164  216.0  -17.148  -17.222   -17.29   8568.89           I 
   60543.3  218.0  -17.111  -17.186  -17.255   8568.89           I 
 60545.436  220.0  -17.074  -17.151   -17.22   8568.89           I 
 60547.572  222.0  -17.038  -17.115  -17.186   8568.89           I 
 60549.708  224.0  -17.002   -17.08  -17.151   8568.89           I 
 60551.844  226.0  -16.966  -17.046  -17.117   8568.89           I 
  60553.98  228.0  -16.931  -17.012  -17.083   8568.89           I 
 60556.116  230.0  -16.896  -16.978  -17.049   8568.89           I 
 60558.252  232.0  -16.861  -16.944  -17.016   8568.89           I 
 60560.388  234.0  -16.827  -16.911  -16.982   8568.89           I 
 60562.524  236.0  -16.793  -16.878  -16.949   8568.89           I 
  60564.66  238.0   -16.76  -16.845  -16.916   8568.89           I 
 60566.796  240.0  -16.726  -16.812  -16.884   8568.89           I 
 60568.932  242.0  -16.693   -16.78  -16.851   8568.89           I 
 60571.068  244.0   -16.66  -16.748  -16.819   8568.89           I 
 60573.204  246.0  -16.628  -16.716  -16.787   8568.89           I 
  60575.34  248.0  -16.596  -16.684  -16.755   8568.89           I 
 60577.476  250.0  -16.564  -16.653  -16.724   8568.89           I 
 60579.612  252.0  -16.532  -16.621  -16.692   8568.89           I 
 60581.748  254.0    -16.5   -16.59  -16.661   8568.89           I 
 60583.884  256.0  -16.469  -16.559   -16.63   8568.89           I 
  60586.02  258.0  -16.437  -16.528  -16.599   8568.89           I 
 60588.156  260.0  -16.406  -16.498  -16.568   8568.89           I 
 60590.292  262.0  -16.375  -16.467  -16.538   8568.89           I 
 60592.428  264.0  -16.344  -16.437  -16.508   8568.89           I 
 60594.564  266.0  -16.313  -16.407  -16.478   8568.89           I 
   60596.7  268.0  -16.283  -16.377  -16.448   8568.89           I 
 60598.836  270.0  -16.252  -16.348  -16.419   8568.89           I 
 60600.972  272.0  -16.222  -16.318   -16.39   8568.89           I 
 60603.108  274.0  -16.193  -16.289  -16.361   8568.89           I 
 60605.244  276.0  -16.163   -16.26  -16.332   8568.89           I 
  60607.38  278.0  -16.134  -16.231  -16.303   8568.89           I 
 60609.516  280.0  -16.104  -16.202  -16.275   8568.89           I 
 60611.652  282.0  -16.075  -16.173  -16.247   8568.89           I 
 60613.788  284.0  -16.046  -16.144  -16.218   8568.89           I 
 60615.924  286.0  -16.018  -16.116   -16.19   8568.89           I 
  60618.06  288.0  -15.989  -16.088  -16.162   8568.89           I 
 60620.196  290.0  -15.961   -16.06  -16.135   8568.89           I 
 60622.332  292.0  -15.933  -16.032  -16.107   8568.89           I 
 60624.468  294.0  -15.905  -16.004   -16.08   8568.89           I 
 60626.604  296.0  -15.877  -15.977  -16.053   8568.89           I 
  60628.74  298.0  -15.849  -15.949  -16.027   8568.89           I 
 60630.876  300.0  -15.822  -15.921    -16.0   8568.89           I 
 60633.012  302.0  -15.795  -15.894  -15.974   8568.89           I 
 60635.148  304.0  -15.767  -15.867  -15.947   8568.89           I 
 60637.284  306.0   -15.74   -15.84  -15.921   8568.89           I 
  60639.42  308.0  -15.713  -15.814  -15.895   8568.89           I 
 60641.556  310.0  -15.686  -15.787  -15.869   8568.89           I 
 60643.692  312.0  -15.659  -15.761  -15.843   8568.89           I 
 60645.828  314.0  -15.632  -15.735  -15.817   8568.89           I 
 60647.964  316.0  -15.606  -15.709  -15.791   8568.89           I 
   60650.1  318.0   -15.58  -15.684  -15.765   8568.89           I 
 60652.236  320.0  -15.554  -15.658   -15.74   8568.89           I 
 60654.372  322.0  -15.528  -15.633  -15.715   8568.89           I 
 60656.508  324.0  -15.502  -15.608   -15.69   8568.89           I 
 60658.644  326.0  -15.476  -15.583  -15.665   8568.89           I 
  60660.78  328.0   -15.45  -15.558   -15.64   8568.89           I 
 60662.916  330.0  -15.424  -15.533  -15.616   8568.89           I 
 60665.052  332.0  -15.399  -15.509  -15.591   8568.89           I 
 60667.188  334.0  -15.373  -15.484  -15.567   8568.89           I 
 60669.324  336.0  -15.348   -15.46  -15.543   8568.89           I 
  60671.46  338.0  -15.323  -15.436  -15.519   8568.89           I 
 60673.596  340.0  -15.297  -15.412  -15.495   8568.89           I 
 60675.732  342.0  -15.273  -15.388  -15.471   8568.89           I 
 60677.868  344.0  -15.248  -15.364  -15.447   8568.89           I 
 60680.004  346.0  -15.224  -15.341  -15.424   8568.89           I 
  60682.14  348.0    -15.2  -15.317    -15.4   8568.89           I 
 60684.276  350.0  -15.176  -15.294  -15.377   8568.89           I 
 60686.412  352.0  -15.153  -15.271  -15.354   8568.89           I 
 60688.548  354.0  -15.129  -15.248  -15.331   8568.89           I 
 60690.684  356.0  -15.105  -15.225  -15.308   8568.89           I 
  60692.82  358.0  -15.081  -15.202  -15.285   8568.89           I 
 60694.956  360.0  -15.058  -15.179  -15.262   8568.89           I 
 60697.092  362.0  -15.035  -15.157   -15.24   8568.89           I 
 60699.228  364.0  -15.012  -15.134  -15.217   8568.89           I 
 60701.364  366.0  -14.989  -15.112  -15.195   8568.89           I 
   60703.5  368.0  -14.967  -15.089  -15.173   8568.89           I 
 60705.636  370.0  -14.945  -15.066  -15.151   8568.89           I 
 60707.772  372.0  -14.923  -15.044  -15.128   8568.89           I 
 60709.908  374.0  -14.901  -15.021  -15.107   8568.89           I 
 60712.044  376.0  -14.879  -14.999  -15.085   8568.89           I 
  60714.18  378.0  -14.857  -14.977  -15.063   8568.89           I 
 60716.316  380.0  -14.835  -14.955  -15.041   8568.89           I 
 60718.452  382.0  -14.813  -14.933   -15.02   8568.89           I 
 60720.588  384.0  -14.792  -14.911  -14.999   8568.89           I 
 60722.724  386.0   -14.77  -14.889  -14.977   8568.89           I 
  60724.86  388.0  -14.749  -14.867  -14.956   8568.89           I 
 60726.996  390.0  -14.728  -14.845  -14.935   8568.89           I 
 60729.132  392.0  -14.707  -14.824  -14.914   8568.89           I 
 60731.268  394.0  -14.685  -14.803  -14.893   8568.89           I 
 60733.404  396.0  -14.663  -14.782  -14.872   8568.89           I 
  60735.54  398.0  -14.641  -14.761  -14.851   8568.89           I 
 60737.676  400.0   -14.62   -14.74  -14.829   8568.89           I 
 60739.812  402.0  -14.599  -14.719  -14.808   8568.89           I 
 60741.948  404.0  -14.578  -14.699  -14.787   8568.89           I 
 60744.084  406.0  -14.557  -14.678  -14.765   8568.89           I 
  60746.22  408.0  -14.536  -14.657  -14.745   8568.89           I 
 60748.356  410.0  -14.515  -14.637  -14.725   8568.89           I 
 60750.492  412.0  -14.495  -14.616  -14.705   8568.89           I 
 60752.628  414.0  -14.475  -14.596  -14.685   8568.89           I 
 60754.764  416.0  -14.455  -14.576  -14.665   8568.89           I 
   60756.9  418.0  -14.435  -14.555  -14.646   8568.89           I 
 60759.036  420.0  -14.415  -14.535  -14.626   8568.89           I 
 60761.172  422.0  -14.395  -14.515  -14.607   8568.89           I 
 60763.308  424.0  -14.375  -14.495  -14.587   8568.89           I 
 60765.444  426.0  -14.355  -14.476  -14.568   8568.89           I 
  60767.58  428.0  -14.336  -14.456  -14.549   8568.89           I 
 60769.716  430.0  -14.316  -14.436   -14.53   8568.89           I 
 60771.852  432.0  -14.297  -14.416   -14.51   8568.89           I 
 60773.988  434.0  -14.278  -14.397  -14.491   8568.89           I 
 60776.124  436.0  -14.258  -14.378  -14.473   8568.89           I 
  60778.26  438.0  -14.239  -14.359  -14.454   8568.89           I 
 60780.396  440.0   -14.22  -14.339  -14.435   8568.89           I 
 60782.532  442.0  -14.201   -14.32  -14.416   8568.89           I 
 60784.668  444.0  -14.182  -14.302  -14.398   8568.89           I 
 60786.804  446.0  -14.163  -14.283  -14.379   8568.89           I 
  60788.94  448.0  -14.145  -14.264  -14.361   8568.89           I 
 60791.076  450.0  -14.126  -14.245  -14.342   8568.89           I 
 60793.212  452.0  -14.107  -14.227  -14.324   8568.89           I 
 60795.348  454.0  -14.088  -14.208  -14.306   8568.89           I 
 60797.484  456.0   -14.07   -14.19  -14.288   8568.89           I 
  60799.62  458.0  -14.051  -14.171   -14.27   8568.89           I 
 60801.756  460.0  -14.033  -14.153  -14.252   8568.89           I 
 60803.892  462.0  -14.014  -14.135  -14.234   8568.89           I 
 60806.028  464.0  -13.996  -14.117  -14.216   8568.89           I 
 60808.164  466.0  -13.978  -14.099  -14.198   8568.89           I 
   60810.3  468.0   -13.96  -14.081  -14.181   8568.89           I 
 60812.436  470.0  -13.942  -14.063  -14.163   8568.89           I 
 60814.572  472.0  -13.924  -14.045  -14.145   8568.89           I 
 60816.708  474.0  -13.906  -14.027  -14.128   8568.89           I 
 60818.844  476.0  -13.888   -14.01   -14.11   8568.89           I 
  60820.98  478.0   -13.87  -13.992  -14.093   8568.89           I 
 60823.116  480.0  -13.852  -13.975  -14.076   8568.89           I 
 60825.252  482.0  -13.835  -13.957  -14.059   8568.89           I 
 60827.388  484.0  -13.817   -13.94  -14.042   8568.89           I 
 60829.524  486.0    -13.8  -13.922  -14.025   8568.89           I 
  60831.66  488.0  -13.782  -13.905  -14.008   8568.89           I 
 60833.796  490.0  -13.765  -13.888  -13.991   8568.89           I 
 60835.932  492.0  -13.747  -13.871  -13.974   8568.89           I 
 60838.068  494.0   -13.73  -13.854  -13.957   8568.89           I 
 60840.204  496.0  -13.713  -13.837   -13.94   8568.89           I 
  60842.34  498.0  -13.696  -13.821  -13.924   8568.89           I 
 60844.476  500.0  -13.679  -13.804  -13.907   8568.89           I 
 60846.612  502.0  -13.662  -13.787   -13.89   8568.89           I 
 60848.748  504.0  -13.645  -13.771  -13.874   8568.89           I 
 60850.884  506.0  -13.628  -13.754  -13.857   8568.89           I 
  60853.02  508.0  -13.611  -13.738  -13.841   8568.89           I 
 60855.156  510.0  -13.595  -13.721  -13.825   8568.89           I 
 60857.292  512.0  -13.578  -13.705  -13.809   8568.89           I 
 60859.428  514.0  -13.562  -13.689  -13.793   8568.89           I 
 60861.564  516.0  -13.545  -13.672  -13.776   8568.89           I 
   60863.7  518.0  -13.529  -13.656   -13.76   8568.89           I 
 60865.836  520.0  -13.512   -13.64  -13.744   8568.89           I 
 60867.972  522.0  -13.496  -13.624  -13.729   8568.89           I 
 60870.108  524.0   -13.48  -13.608  -13.713   8568.89           I 
 60872.244  526.0  -13.464  -13.592  -13.697   8568.89           I 
  60874.38  528.0  -13.448  -13.576  -13.681   8568.89           I 
 60876.516  530.0  -13.431  -13.561  -13.666   8568.89           I 
 60878.652  532.0  -13.416  -13.545   -13.65   8568.89           I 
 60880.788  534.0    -13.4  -13.529  -13.634   8568.89           I 
 60882.924  536.0  -13.384  -13.513  -13.619   8568.89           I 
  60885.06  538.0  -13.368  -13.498  -13.603   8568.89           I 
 60887.196  540.0  -13.352  -13.482  -13.588   8568.89           I 
 60889.332  542.0  -13.336  -13.467  -13.572   8568.89           I 
 60891.468  544.0  -13.321  -13.451  -13.557   8568.89           I 
 60893.604  546.0  -13.305  -13.436  -13.542   8568.89           I 
  60895.74  548.0   -13.29  -13.421  -13.526   8568.89           I 
 60897.876  550.0  -13.274  -13.406  -13.511   8568.89           I 
 60900.012  552.0  -13.259   -13.39  -13.496   8568.89           I 
 60902.148  554.0  -13.243  -13.375  -13.481   8568.89           I 
 60904.284  556.0  -13.228   -13.36  -13.466   8568.89           I 
  60906.42  558.0  -13.213  -13.345  -13.451   8568.89           I 
 60908.556  560.0  -13.198   -13.33  -13.436   8568.89           I 
 60910.692  562.0  -13.183  -13.315  -13.421   8568.89           I 
 60912.828  564.0  -13.168    -13.3  -13.406   8568.89           I 
 60914.964  566.0  -13.153  -13.285  -13.391   8568.89           I 
   60917.1  568.0  -13.138  -13.271  -13.376   8568.89           I 
 60919.236  570.0  -13.123  -13.256  -13.361   8568.89           I 
 60921.372  572.0  -13.108  -13.241  -13.346   8568.89           I 
 60923.508  574.0  -13.093  -13.225  -13.332   8568.89           I 
 60925.644  576.0  -13.078   -13.21  -13.317   8568.89           I 
  60927.78  578.0  -13.063  -13.196  -13.302   8568.89           I 
 60929.916  580.0  -13.048  -13.181  -13.288   8568.89           I 
 60932.052  582.0  -13.034  -13.167  -13.273   8568.89           I 
 60934.188  584.0  -13.019  -13.152  -13.259   8568.89           I 
 60936.324  586.0  -13.004  -13.138  -13.244   8568.89           I 
  60938.46  588.0   -12.99  -13.124   -13.23   8568.89           I 
 60940.596  590.0  -12.975   -13.11  -13.216   8568.89           I 
 60942.732  592.0  -12.961  -13.095  -13.201   8568.89           I 
 60944.868  594.0  -12.946  -13.081  -13.187   8568.89           I 
 60947.004  596.0  -12.932  -13.067  -13.173   8568.89           I 
  60949.14  598.0  -12.918  -13.053  -13.159   8568.89           I 
 60951.276  600.0  -12.904  -13.039  -13.145   8568.89           I 
 60953.412  602.0  -12.889  -13.025  -13.131   8568.89           I 
 60955.548  604.0  -12.875  -13.011  -13.117   8568.89           I 
 60957.684  606.0  -12.861  -12.997  -13.103   8568.89           I 
  60959.82  608.0  -12.847  -12.983  -13.089   8568.89           I 
 60961.956  610.0  -12.832   -12.97  -13.076   8568.89           I 
 60964.092  612.0  -12.818  -12.956  -13.062   8568.89           I 
 60966.228  614.0  -12.804  -12.942  -13.048   8568.89           I 
 60968.364  616.0   -12.79  -12.928  -13.035   8568.89           I 
   60970.5  618.0  -12.776  -12.915  -13.021   8568.89           I 
 60972.636  620.0  -12.763  -12.901  -13.007   8568.89           I 
 60974.772  622.0  -12.749  -12.888  -12.994   8568.89           I 
 60976.908  624.0  -12.735  -12.874  -12.981   8568.89           I 
 60979.044  626.0  -12.722  -12.861  -12.967   8568.89           I 
  60981.18  628.0  -12.708  -12.847  -12.954   8568.89           I 
 60983.316  630.0  -12.694  -12.834   -12.94   8568.89           I 
 60985.452  632.0  -12.681  -12.821  -12.927   8568.89           I 
 60987.588  634.0  -12.667  -12.807  -12.914   8568.89           I 
 60989.724  636.0  -12.654  -12.794  -12.901   8568.89           I 
  60991.86  638.0  -12.641  -12.781  -12.888   8568.89           I 
 60993.996  640.0  -12.627  -12.768  -12.875   8568.89           I 
 60996.132  642.0  -12.614  -12.755  -12.861   8568.89           I 
 60998.268  644.0  -12.601  -12.742  -12.848   8568.89           I 
 61000.404  646.0  -12.588  -12.728  -12.835   8568.89           I 
  61002.54  648.0  -12.574  -12.715  -12.822   8568.89           I 
 61004.676  650.0  -12.561  -12.703   -12.81   8568.89           I 
 61006.812  652.0  -12.548   -12.69  -12.797   8568.89           I 
 61008.948  654.0  -12.535  -12.677  -12.784   8568.89           I 
 61011.084  656.0  -12.522  -12.664  -12.771   8568.89           I 
  61013.22  658.0  -12.509  -12.651  -12.758   8568.89           I 
 61015.356  660.0  -12.496  -12.638  -12.746   8568.89           I 
 61017.492  662.0  -12.483  -12.625  -12.733   8568.89           I 
 61019.628  664.0   -12.47  -12.613   -12.72   8568.89           I 
 61021.764  666.0  -12.458    -12.6  -12.708   8568.89           I 
   61023.9  668.0  -12.445  -12.587  -12.695   8568.89           I 
 61026.036  670.0  -12.432  -12.575  -12.682   8568.89           I 
 61028.172  672.0  -12.419  -12.562   -12.67   8568.89           I 
 61030.308  674.0  -12.407   -12.55  -12.657   8568.89           I 
 61032.444  676.0  -12.394  -12.537  -12.645   8568.89           I 
  61034.58  678.0  -12.381  -12.525  -12.633   8568.89           I 
 61036.716  680.0  -12.369  -12.512   -12.62   8568.89           I 
 61038.852  682.0  -12.356    -12.5  -12.608   8568.89           I 
 61040.988  684.0  -12.344  -12.488  -12.596   8568.89           I 
 61043.124  686.0  -12.331  -12.475  -12.583   8568.89           I 
  61045.26  688.0  -12.319  -12.463  -12.571   8568.89           I 
 61047.396  690.0  -12.307  -12.451  -12.559   8568.89           I 
 61049.532  692.0  -12.294  -12.439  -12.547   8568.89           I 
 61051.668  694.0  -12.282  -12.427  -12.535   8568.89           I 
 61053.804  696.0   -12.27  -12.414  -12.522   8568.89           I 
  61055.94  698.0  -12.258  -12.402   -12.51   8568.89           I 
 61058.076  700.0  -12.245   -12.39  -12.498   8568.89           I 
 61060.212  702.0  -12.233  -12.378  -12.486   8568.89           I 
 61062.348  704.0  -12.221  -12.366  -12.474   8568.89           I 
 61064.484  706.0  -12.209  -12.354  -12.462   8568.89           I 
  61066.62  708.0  -12.197  -12.342   -12.45   8568.89           I 
 61068.756  710.0  -12.185   -12.33  -12.439   8568.89           I 
 61070.892  712.0  -12.173  -12.319  -12.427   8568.89           I 
 61073.028  714.0  -12.161  -12.307  -12.415   8568.89           I 
 61075.164  716.0  -12.149  -12.295  -12.403   8568.89           I 
   61077.3  718.0  -12.137  -12.283  -12.391   8568.89           I 
 61079.436  720.0  -12.125  -12.271   -12.38   8568.89           I 
 61081.572  722.0  -12.114   -12.26  -12.368   8568.89           I 
 61083.708  724.0  -12.102  -12.248  -12.356   8568.89           I 
 61085.844  726.0   -12.09  -12.236  -12.345   8568.89           I 
  61087.98  728.0  -12.078  -12.225  -12.333   8568.89           I 
 61090.116  730.0  -12.067  -12.213  -12.322   8568.89           I 
 61092.252  732.0  -12.055  -12.201   -12.31   8568.89           I 
 61094.388  734.0  -12.043   -12.19  -12.298   8568.89           I 
 61096.524  736.0  -12.032  -12.178  -12.287   8568.89           I 
  61098.66  738.0   -12.02  -12.167  -12.276   8568.89           I 
 61100.796  740.0  -12.009  -12.155  -12.264   8568.89           I 
 61102.932  742.0  -11.997  -12.144  -12.253   8568.89           I 
 61105.068  744.0  -11.986  -12.133  -12.241   8568.89           I 
 61107.204  746.0  -11.974  -12.121   -12.23   8568.89           I 
  61109.34  748.0  -11.963   -12.11  -12.219   8568.89           I 
 61111.476  750.0  -11.952  -12.098  -12.208   8568.89           I 
 61113.612  752.0   -11.94  -12.087  -12.196   8568.89           I 
 61115.748  754.0  -11.929  -12.076  -12.185   8568.89           I 
 61117.884  756.0  -11.918  -12.065  -12.174   8568.89           I 
  61120.02  758.0  -11.906  -12.053  -12.163   8568.89           I 
 61122.156  760.0  -11.895  -12.042  -12.152   8568.89           I 
 61124.292  762.0  -11.884  -12.031  -12.141   8568.89           I 
 61126.428  764.0  -11.873   -12.02  -12.129   8568.89           I 
 61128.564  766.0  -11.862  -12.009  -12.118   8568.89           I 
   61130.7  768.0   -11.85  -11.998  -12.107   8568.89           I 
 61132.836  770.0  -11.839  -11.987  -12.096   8568.89           I 
 61134.972  772.0  -11.828  -11.976  -12.086   8568.89           I 
 61137.108  774.0  -11.817  -11.965  -12.075   8568.89           I 
 61139.244  776.0  -11.806  -11.954  -12.064   8568.89           I 
  61141.38  778.0  -11.795  -11.943  -12.053   8568.89           I 
 61143.516  780.0  -11.784  -11.932  -12.042   8568.89           I 
 61145.652  782.0  -11.773  -11.921  -12.031   8568.89           I 
 61147.788  784.0  -11.763   -11.91   -12.02   8568.89           I 
 61149.924  786.0  -11.752  -11.899   -12.01   8568.89           I 
  61152.06  788.0  -11.741  -11.889  -11.999   8568.89           I 
 61154.196  790.0   -11.73  -11.878  -11.988   8568.89           I 
 61156.332  792.0  -11.719  -11.867  -11.977   8568.89           I 
 61158.468  794.0  -11.708  -11.856  -11.967   8568.89           I 
 61160.604  796.0  -11.698  -11.846  -11.956   8568.89           I 
  61162.74  798.0  -11.687  -11.835  -11.946   8568.89           I 
 61164.876  800.0  -11.676  -11.825  -11.935   8568.89           I 
 60310.476    0.0      nan      nan      nan   8922.78           z 
  60311.01    0.5   -9.429  -11.537  -12.465   8922.78           z 
 60311.544    1.0   -9.879  -12.083   -13.08   8922.78           z 
 60312.078    1.5   -11.24  -12.818  -13.575   8922.78           z 
 60312.612    2.0  -12.111  -13.306  -13.977   8922.78           z 
 60313.146    2.5  -12.785  -13.742  -14.317   8922.78           z 
  60313.68    3.0  -13.323  -14.112  -14.591   8922.78           z 
 60314.214    3.5  -13.756  -14.432  -14.834   8922.78           z 
 60314.748    4.0  -14.166  -14.718  -15.068   8922.78           z 
 60315.282    4.5  -14.503  -14.962  -15.278   8922.78           z 
 60315.816    5.0  -14.779  -15.182  -15.468   8922.78           z 
  60316.35    5.5   -15.02  -15.379  -15.641   8922.78           z 
 60316.884    6.0  -15.234  -15.557  -15.793   8922.78           z 
 60317.418    6.5  -15.426   -15.72   -15.94   8922.78           z 
 60317.952    7.0  -15.604  -15.871  -16.076   8922.78           z 
 60318.486    7.5   -15.77  -16.011  -16.203   8922.78           z 
  60319.02    8.0   -15.93  -16.141  -16.319   8922.78           z 
 60319.554    8.5  -16.074  -16.263  -16.429   8922.78           z 
 60320.088    9.0  -16.203  -16.376  -16.534   8922.78           z 
 60320.622    9.5  -16.324  -16.485  -16.635   8922.78           z 
 60321.156   10.0  -16.438  -16.588  -16.739   8922.78           z 
  60321.69   10.5  -16.548  -16.683   -16.83   8922.78           z 
 60322.224   11.0  -16.652  -16.775  -16.914   8922.78           z 
 60322.758   11.5   -16.75  -16.863  -16.995   8922.78           z 
 60323.292   12.0  -16.842  -16.946  -17.075   8922.78           z 
 60323.826   12.5  -16.928  -17.026   -17.15   8922.78           z 
  60324.36   13.0  -17.013  -17.103  -17.222   8922.78           z 
 60324.894   13.5  -17.092  -17.178  -17.292   8922.78           z 
 60325.428   14.0   -17.17  -17.252  -17.358   8922.78           z 
 60325.962   14.5  -17.243  -17.324  -17.421   8922.78           z 
 60326.496   15.0  -17.315  -17.391  -17.483   8922.78           z 
  60327.03   15.5  -17.383  -17.456  -17.541   8922.78           z 
 60327.564   16.0  -17.449  -17.518  -17.598   8922.78           z 
 60328.098   16.5  -17.512  -17.578  -17.654   8922.78           z 
 60328.632   17.0  -17.573  -17.634  -17.708   8922.78           z 
 60329.166   17.5  -17.631  -17.689   -17.76   8922.78           z 
   60329.7   18.0  -17.685  -17.743  -17.812   8922.78           z 
 60330.234   18.5   -17.74  -17.795  -17.864   8922.78           z 
 60330.768   19.0  -17.793  -17.846  -17.912   8922.78           z 
 60331.302   19.5  -17.845  -17.894  -17.959   8922.78           z 
 60331.836   20.0  -17.896  -17.941  -18.005   8922.78           z 
  60332.37   20.5  -17.942  -17.987  -18.049   8922.78           z 
 60332.904   21.0  -17.986  -18.031  -18.091   8922.78           z 
 60333.438   21.5  -18.029  -18.074  -18.133   8922.78           z 
 60333.972   22.0  -18.072  -18.116  -18.173   8922.78           z 
 60334.506   22.5  -18.114  -18.156  -18.214   8922.78           z 
  60335.04   23.0  -18.156  -18.196  -18.253   8922.78           z 
 60335.574   23.5  -18.196  -18.235  -18.292   8922.78           z 
 60336.108   24.0  -18.236  -18.273  -18.328   8922.78           z 
 60336.642   24.5  -18.274   -18.31  -18.364   8922.78           z 
 60337.176   25.0  -18.311  -18.346  -18.398   8922.78           z 
  60337.71   25.5  -18.346  -18.381  -18.434   8922.78           z 
 60338.244   26.0  -18.382  -18.415  -18.468   8922.78           z 
 60338.778   26.5  -18.416   -18.45  -18.501   8922.78           z 
 60339.312   27.0  -18.449  -18.483  -18.533   8922.78           z 
 60339.846   27.5  -18.481  -18.514  -18.563   8922.78           z 
  60340.38   28.0  -18.512  -18.546  -18.592   8922.78           z 
 60340.914   28.5  -18.544  -18.576  -18.621   8922.78           z 
 60341.448   29.0  -18.574  -18.606   -18.65   8922.78           z 
 60341.982   29.5  -18.604  -18.636  -18.678   8922.78           z 
 60342.516   30.0  -18.634  -18.664  -18.706   8922.78           z 
  60343.05   30.5  -18.663  -18.693  -18.733   8922.78           z 
 60343.584   31.0  -18.692   -18.72   -18.76   8922.78           z 
 60344.118   31.5  -18.719  -18.747  -18.786   8922.78           z 
 60344.652   32.0  -18.745  -18.773  -18.812   8922.78           z 
 60345.186   32.5  -18.771  -18.798  -18.838   8922.78           z 
  60345.72   33.0  -18.796  -18.823  -18.862   8922.78           z 
 60346.254   33.5   -18.82  -18.847  -18.887   8922.78           z 
 60346.788   34.0  -18.845  -18.871   -18.91   8922.78           z 
 60347.322   34.5  -18.869  -18.895  -18.934   8922.78           z 
 60347.856   35.0  -18.892  -18.918  -18.956   8922.78           z 
  60348.39   35.5  -18.915   -18.94  -18.978   8922.78           z 
 60348.924   36.0  -18.938  -18.963    -19.0   8922.78           z 
 60349.458   36.5   -18.96  -18.985  -19.022   8922.78           z 
 60349.992   37.0  -18.981  -19.007  -19.043   8922.78           z 
 60350.526   37.5  -19.002  -19.028  -19.064   8922.78           z 
  60351.06   38.0  -19.023  -19.049  -19.085   8922.78           z 
 60351.594   38.5  -19.043   -19.07  -19.105   8922.78           z 
 60352.128   39.0  -19.063   -19.09  -19.123   8922.78           z 
 60352.662   39.5  -19.083  -19.109  -19.142   8922.78           z 
 60353.196   40.0  -19.103  -19.128   -19.16   8922.78           z 
  60353.73   40.5  -19.122  -19.146  -19.178   8922.78           z 
 60354.264   41.0  -19.141  -19.165  -19.197   8922.78           z 
 60354.798   41.5  -19.159  -19.184  -19.215   8922.78           z 
 60355.332   42.0  -19.176  -19.202  -19.233   8922.78           z 
 60355.866   42.5  -19.193  -19.219  -19.251   8922.78           z 
   60356.4   43.0   -19.21  -19.236  -19.267   8922.78           z 
 60356.934   43.5  -19.227  -19.252  -19.284   8922.78           z 
 60357.468   44.0  -19.243  -19.268  -19.301   8922.78           z 
 60358.002   44.5  -19.259  -19.284  -19.317   8922.78           z 
 60358.536   45.0  -19.275    -19.3  -19.333   8922.78           z 
  60359.07   45.5   -19.29  -19.315  -19.349   8922.78           z 
 60359.604   46.0  -19.306   -19.33  -19.365   8922.78           z 
 60360.138   46.5  -19.321  -19.345  -19.381   8922.78           z 
 60360.672   47.0  -19.336  -19.359  -19.395   8922.78           z 
 60361.206   47.5   -19.35  -19.374   -19.41   8922.78           z 
  60361.74   48.0  -19.364  -19.388  -19.424   8922.78           z 
 60362.274   48.5  -19.378  -19.402  -19.438   8922.78           z 
 60362.808   49.0  -19.391  -19.416  -19.452   8922.78           z 
 60363.342   49.5  -19.405  -19.429  -19.465   8922.78           z 
 60363.876   50.0  -19.418  -19.442  -19.478   8922.78           z 
  60364.41   50.5   -19.43  -19.455  -19.491   8922.78           z 
 60364.944   51.0  -19.443  -19.468  -19.503   8922.78           z 
 60365.478   51.5  -19.455   -19.48  -19.515   8922.78           z 
 60366.012   52.0  -19.468  -19.492  -19.527   8922.78           z 
 60366.546   52.5   -19.48  -19.504  -19.539   8922.78           z 
  60367.08   53.0  -19.492  -19.515  -19.551   8922.78           z 
 60367.614   53.5  -19.503  -19.526  -19.562   8922.78           z 
 60368.148   54.0  -19.514  -19.537  -19.573   8922.78           z 
 60368.682   54.5  -19.525  -19.548  -19.584   8922.78           z 
 60369.216   55.0  -19.535  -19.559  -19.595   8922.78           z 
  60369.75   55.5  -19.546  -19.569  -19.606   8922.78           z 
 60370.284   56.0  -19.556  -19.579  -19.616   8922.78           z 
 60370.818   56.5  -19.565  -19.589  -19.627   8922.78           z 
 60371.352   57.0  -19.574  -19.599  -19.637   8922.78           z 
 60371.886   57.5  -19.583  -19.609  -19.646   8922.78           z 
  60372.42   58.0  -19.592  -19.618  -19.656   8922.78           z 
 60372.954   58.5  -19.602  -19.628  -19.665   8922.78           z 
 60373.488   59.0   -19.61  -19.636  -19.673   8922.78           z 
 60374.022   59.5  -19.619  -19.645  -19.681   8922.78           z 
 60374.556   60.0  -19.627  -19.653   -19.69   8922.78           z 
  60375.09   60.5  -19.635  -19.661  -19.698   8922.78           z 
 60375.624   61.0  -19.643  -19.669  -19.705   8922.78           z 
 60376.158   61.5  -19.651  -19.677  -19.713   8922.78           z 
 60376.692   62.0  -19.658  -19.684   -19.72   8922.78           z 
 60377.226   62.5  -19.666  -19.692  -19.727   8922.78           z 
  60377.76   63.0  -19.672  -19.699  -19.735   8922.78           z 
 60378.294   63.5  -19.679  -19.706  -19.742   8922.78           z 
 60378.828   64.0  -19.686  -19.713  -19.748   8922.78           z 
 60379.362   64.5  -19.692  -19.719  -19.755   8922.78           z 
 60379.896   65.0  -19.699  -19.725  -19.762   8922.78           z 
  60380.43   65.5  -19.705  -19.732  -19.768   8922.78           z 
 60380.964   66.0  -19.711  -19.737  -19.774   8922.78           z 
 60381.498   66.5  -19.717  -19.742   -19.78   8922.78           z 
 60382.032   67.0  -19.723  -19.748  -19.786   8922.78           z 
 60382.566   67.5  -19.729  -19.753  -19.791   8922.78           z 
   60383.1   68.0  -19.734  -19.759  -19.797   8922.78           z 
 60383.634   68.5  -19.739  -19.764  -19.802   8922.78           z 
 60384.168   69.0  -19.744  -19.769  -19.807   8922.78           z 
 60384.702   69.5  -19.748  -19.774  -19.812   8922.78           z 
 60385.236   70.0  -19.753  -19.779  -19.816   8922.78           z 
  60385.77   70.5  -19.757  -19.783   -19.82   8922.78           z 
 60386.304   71.0  -19.761  -19.788  -19.824   8922.78           z 
 60386.838   71.5  -19.765  -19.792  -19.828   8922.78           z 
 60387.372   72.0  -19.768  -19.796  -19.831   8922.78           z 
 60387.906   72.5  -19.772  -19.799  -19.835   8922.78           z 
  60388.44   73.0  -19.775  -19.803  -19.839   8922.78           z 
 60388.974   73.5  -19.778  -19.807  -19.843   8922.78           z 
 60389.508   74.0   -19.78   -19.81  -19.846   8922.78           z 
 60390.042   74.5  -19.783  -19.813  -19.849   8922.78           z 
 60390.576   75.0  -19.785  -19.816  -19.852   8922.78           z 
  60391.11   75.5  -19.788  -19.819  -19.855   8922.78           z 
 60391.644   76.0   -19.79  -19.821  -19.857   8922.78           z 
 60392.178   76.5  -19.792  -19.824   -19.86   8922.78           z 
 60392.712   77.0  -19.794  -19.826  -19.862   8922.78           z 
 60393.246   77.5  -19.796  -19.827  -19.864   8922.78           z 
  60393.78   78.0  -19.797  -19.829  -19.866   8922.78           z 
 60394.314   78.5  -19.799  -19.831  -19.868   8922.78           z 
 60394.848   79.0    -19.8  -19.832  -19.869   8922.78           z 
 60395.382   79.5  -19.801  -19.834   -19.87   8922.78           z 
 60395.916   80.0  -19.802  -19.835  -19.871   8922.78           z 
  60396.45   80.5  -19.803  -19.836  -19.872   8922.78           z 
 60396.984   81.0  -19.804  -19.837  -19.873   8922.78           z 
 60397.518   81.5  -19.805  -19.838  -19.873   8922.78           z 
 60398.052   82.0  -19.805  -19.838  -19.874   8922.78           z 
 60398.586   82.5  -19.805  -19.839  -19.874   8922.78           z 
  60399.12   83.0  -19.806  -19.839  -19.874   8922.78           z 
 60399.654   83.5  -19.806  -19.839  -19.874   8922.78           z 
 60400.188   84.0  -19.805  -19.839  -19.874   8922.78           z 
 60400.722   84.5  -19.805  -19.839  -19.874   8922.78           z 
 60401.256   85.0  -19.804  -19.839  -19.874   8922.78           z 
  60401.79   85.5  -19.804  -19.839  -19.873   8922.78           z 
 60402.324   86.0  -19.803  -19.838  -19.873   8922.78           z 
 60402.858   86.5  -19.802  -19.837  -19.871   8922.78           z 
 60403.392   87.0  -19.801  -19.837  -19.871   8922.78           z 
 60403.926   87.5    -19.8  -19.836   -19.87   8922.78           z 
  60404.46   88.0  -19.799  -19.834  -19.869   8922.78           z 
 60404.994   88.5  -19.798  -19.833  -19.868   8922.78           z 
 60405.528   89.0  -19.796  -19.832  -19.866   8922.78           z 
 60406.062   89.5  -19.795   -19.83  -19.865   8922.78           z 
 60406.596   90.0  -19.793  -19.828  -19.863   8922.78           z 
  60407.13   90.5  -19.791  -19.827  -19.861   8922.78           z 
 60407.664   91.0  -19.789  -19.825  -19.859   8922.78           z 
 60408.198   91.5  -19.787  -19.822  -19.856   8922.78           z 
 60408.732   92.0  -19.785   -19.82  -19.853   8922.78           z 
 60409.266   92.5  -19.782  -19.817  -19.851   8922.78           z 
   60409.8   93.0   -19.78  -19.814  -19.848   8922.78           z 
 60410.334   93.5  -19.777  -19.811  -19.845   8922.78           z 
 60410.868   94.0  -19.774  -19.808  -19.842   8922.78           z 
 60411.402   94.5   -19.77  -19.805  -19.839   8922.78           z 
 60411.936   95.0  -19.767  -19.802  -19.836   8922.78           z 
  60412.47   95.5  -19.763  -19.799  -19.833   8922.78           z 
 60413.004   96.0   -19.76  -19.795   -19.83   8922.78           z 
 60413.538   96.5  -19.756  -19.792  -19.826   8922.78           z 
 60414.072   97.0  -19.752  -19.788  -19.822   8922.78           z 
 60414.606   97.5  -19.748  -19.784  -19.819   8922.78           z 
  60415.14   98.0  -19.744   -19.78  -19.815   8922.78           z 
 60415.674   98.5   -19.74  -19.776  -19.811   8922.78           z 
 60416.208   99.0  -19.735  -19.771  -19.806   8922.78           z 
 60416.742   99.5  -19.731  -19.767  -19.802   8922.78           z 
 60417.276  100.0  -19.726  -19.762  -19.798   8922.78           z 
 60417.276  100.0  -19.726  -19.762  -19.798   8922.78           z 
 60419.412  102.0  -19.707  -19.742  -19.779   8922.78           z 
 60421.548  104.0  -19.686   -19.72  -19.758   8922.78           z 
 60423.684  106.0  -19.662  -19.698  -19.734   8922.78           z 
  60425.82  108.0  -19.636  -19.674  -19.709   8922.78           z 
 60427.956  110.0  -19.609  -19.647  -19.683   8922.78           z 
 60430.092  112.0  -19.579  -19.617  -19.652   8922.78           z 
 60432.228  114.0  -19.543   -19.58  -19.621   8922.78           z 
 60434.364  116.0  -19.498  -19.541  -19.577   8922.78           z 
   60436.5  118.0  -19.446   -19.49  -19.531   8922.78           z 
 60438.636  120.0  -19.394  -19.438   -19.48   8922.78           z 
 60440.772  122.0   -19.34  -19.385  -19.429   8922.78           z 
 60442.908  124.0  -19.287  -19.333  -19.377   8922.78           z 
 60445.044  126.0  -19.233   -19.28  -19.323   8922.78           z 
  60447.18  128.0  -19.178  -19.226   -19.27   8922.78           z 
 60449.316  130.0  -19.124  -19.173  -19.217   8922.78           z 
 60451.452  132.0  -19.071  -19.119  -19.164   8922.78           z 
 60453.588  134.0  -19.018  -19.066   -19.11   8922.78           z 
 60455.724  136.0  -18.965  -19.014  -19.058   8922.78           z 
  60457.86  138.0  -18.912  -18.961  -19.007   8922.78           z 
 60459.996  140.0  -18.859  -18.909  -18.955   8922.78           z 
 60462.132  142.0  -18.807  -18.857  -18.903   8922.78           z 
 60464.268  144.0  -18.755  -18.805  -18.852   8922.78           z 
 60466.404  146.0  -18.704  -18.756    -18.8   8922.78           z 
  60468.54  148.0  -18.654  -18.706   -18.75   8922.78           z 
 60470.676  150.0  -18.605  -18.655    -18.7   8922.78           z 
 60472.812  152.0  -18.555  -18.605  -18.648   8922.78           z 
 60474.948  154.0  -18.506  -18.556  -18.601   8922.78           z 
 60477.084  156.0  -18.457  -18.508  -18.554   8922.78           z 
  60479.22  158.0  -18.408   -18.46  -18.507   8922.78           z 
 60481.356  160.0  -18.358  -18.413   -18.46   8922.78           z 
 60483.492  162.0  -18.308  -18.367  -18.413   8922.78           z 
 60485.628  164.0   -18.26   -18.32  -18.367   8922.78           z 
 60487.764  166.0  -18.213  -18.272  -18.321   8922.78           z 
   60489.9  168.0  -18.166  -18.225  -18.275   8922.78           z 
 60492.036  170.0  -18.118  -18.178  -18.231   8922.78           z 
 60494.172  172.0  -18.072  -18.131  -18.188   8922.78           z 
 60496.308  174.0  -18.024  -18.085  -18.145   8922.78           z 
 60498.444  176.0  -17.979  -18.042  -18.102   8922.78           z 
  60500.58  178.0  -17.935  -17.999   -18.06   8922.78           z 
 60502.716  180.0  -17.891  -17.955  -18.017   8922.78           z 
 60504.852  182.0  -17.846  -17.912  -17.975   8922.78           z 
 60506.988  184.0  -17.802  -17.869  -17.933   8922.78           z 
 60509.124  186.0  -17.759  -17.827  -17.893   8922.78           z 
  60511.26  188.0  -17.717  -17.785  -17.853   8922.78           z 
 60513.396  190.0  -17.674  -17.742  -17.812   8922.78           z 
 60515.532  192.0  -17.631    -17.7  -17.772   8922.78           z 
 60517.668  194.0   -17.59   -17.66  -17.731   8922.78           z 
 60519.804  196.0  -17.549   -17.62  -17.692   8922.78           z 
  60521.94  198.0  -17.509  -17.582  -17.653   8922.78           z 
 60524.076  200.0   -17.47  -17.543  -17.613   8922.78           z 
 60526.212  202.0   -17.43  -17.504  -17.573   8922.78           z 
 60528.348  204.0  -17.392  -17.466  -17.535   8922.78           z 
 60530.484  206.0  -17.353  -17.428  -17.498   8922.78           z 
  60532.62  208.0  -17.315   -17.39  -17.461   8922.78           z 
 60534.756  210.0  -17.277  -17.352  -17.425   8922.78           z 
 60536.892  212.0   -17.24  -17.314  -17.388   8922.78           z 
 60539.028  214.0  -17.203  -17.277  -17.352   8922.78           z 
 60541.164  216.0  -17.165  -17.241  -17.316   8922.78           z 
   60543.3  218.0  -17.128  -17.205   -17.28   8922.78           z 
 60545.436  220.0  -17.091   -17.17  -17.245   8922.78           z 
 60547.572  222.0  -17.055  -17.135   -17.21   8922.78           z 
 60549.708  224.0  -17.019  -17.101  -17.175   8922.78           z 
 60551.844  226.0  -16.983  -17.067   -17.14   8922.78           z 
  60553.98  228.0  -16.948  -17.032  -17.106   8922.78           z 
 60556.116  230.0  -16.913  -16.998  -17.072   8922.78           z 
 60558.252  232.0  -16.879  -16.964  -17.038   8922.78           z 
 60560.388  234.0  -16.845  -16.931  -17.004   8922.78           z 
 60562.524  236.0  -16.811  -16.898  -16.971   8922.78           z 
  60564.66  238.0  -16.777  -16.865  -16.938   8922.78           z 
 60566.796  240.0  -16.744  -16.832  -16.905   8922.78           z 
 60568.932  242.0  -16.711  -16.799  -16.872   8922.78           z 
 60571.068  244.0  -16.678  -16.766   -16.84   8922.78           z 
 60573.204  246.0  -16.646  -16.734  -16.808   8922.78           z 
  60575.34  248.0  -16.613  -16.702  -16.776   8922.78           z 
 60577.476  250.0  -16.581   -16.67  -16.745   8922.78           z 
 60579.612  252.0  -16.549  -16.638  -16.714   8922.78           z 
 60581.748  254.0  -16.518  -16.607  -16.683   8922.78           z 
 60583.884  256.0  -16.486  -16.575  -16.652   8922.78           z 
  60586.02  258.0  -16.455  -16.544  -16.622   8922.78           z 
 60588.156  260.0  -16.424  -16.514  -16.592   8922.78           z 
 60590.292  262.0  -16.393  -16.483  -16.562   8922.78           z 
 60592.428  264.0  -16.362  -16.453  -16.532   8922.78           z 
 60594.564  266.0  -16.332  -16.423  -16.502   8922.78           z 
   60596.7  268.0  -16.302  -16.394  -16.473   8922.78           z 
 60598.836  270.0  -16.272  -16.364  -16.444   8922.78           z 
 60600.972  272.0  -16.242  -16.335  -16.415   8922.78           z 
 60603.108  274.0  -16.212  -16.305  -16.386   8922.78           z 
 60605.244  276.0  -16.183  -16.276  -16.357   8922.78           z 
  60607.38  278.0  -16.154  -16.248  -16.329   8922.78           z 
 60609.516  280.0  -16.125  -16.219    -16.3   8922.78           z 
 60611.652  282.0  -16.096  -16.191  -16.272   8922.78           z 
 60613.788  284.0  -16.068  -16.162  -16.244   8922.78           z 
 60615.924  286.0   -16.04  -16.134  -16.217   8922.78           z 
  60618.06  288.0  -16.011  -16.106  -16.189   8922.78           z 
 60620.196  290.0  -15.983  -16.078  -16.162   8922.78           z 
 60622.332  292.0  -15.954  -16.051  -16.134   8922.78           z 
 60624.468  294.0  -15.926  -16.024  -16.107   8922.78           z 
 60626.604  296.0  -15.898  -15.996   -16.08   8922.78           z 
  60628.74  298.0   -15.87  -15.969  -16.054   8922.78           z 
 60630.876  300.0  -15.842  -15.942  -16.027   8922.78           z 
 60633.012  302.0  -15.815  -15.916  -16.001   8922.78           z 
 60635.148  304.0  -15.787  -15.889  -15.974   8922.78           z 
 60637.284  306.0   -15.76  -15.862  -15.949   8922.78           z 
  60639.42  308.0  -15.733  -15.836  -15.923   8922.78           z 
 60641.556  310.0  -15.706   -15.81  -15.897   8922.78           z 
 60643.692  312.0  -15.679  -15.784  -15.871   8922.78           z 
 60645.828  314.0  -15.652  -15.758  -15.846   8922.78           z 
 60647.964  316.0  -15.626  -15.733   -15.82   8922.78           z 
   60650.1  318.0    -15.6  -15.707  -15.795   8922.78           z 
 60652.236  320.0  -15.574  -15.682   -15.77   8922.78           z 
 60654.372  322.0  -15.548  -15.656  -15.745   8922.78           z 
 60656.508  324.0  -15.522  -15.631   -15.72   8922.78           z 
 60658.644  326.0  -15.496  -15.606  -15.695   8922.78           z 
  60660.78  328.0  -15.471  -15.581  -15.671   8922.78           z 
 60662.916  330.0  -15.445  -15.557  -15.646   8922.78           z 
 60665.052  332.0   -15.42  -15.532  -15.622   8922.78           z 
 60667.188  334.0  -15.395  -15.508  -15.597   8922.78           z 
 60669.324  336.0   -15.37  -15.483  -15.573   8922.78           z 
  60671.46  338.0  -15.345  -15.459  -15.549   8922.78           z 
 60673.596  340.0   -15.32  -15.435  -15.525   8922.78           z 
 60675.732  342.0  -15.296  -15.411  -15.501   8922.78           z 
 60677.868  344.0  -15.271  -15.388  -15.477   8922.78           z 
 60680.004  346.0  -15.246  -15.364  -15.453   8922.78           z 
  60682.14  348.0  -15.221   -15.34   -15.43   8922.78           z 
 60684.276  350.0  -15.197  -15.317  -15.406   8922.78           z 
 60686.412  352.0  -15.172  -15.293  -15.383   8922.78           z 
 60688.548  354.0  -15.148   -15.27   -15.36   8922.78           z 
 60690.684  356.0  -15.123  -15.246  -15.336   8922.78           z 
  60692.82  358.0  -15.099  -15.223  -15.313   8922.78           z 
 60694.956  360.0  -15.075    -15.2   -15.29   8922.78           z 
 60697.092  362.0  -15.051  -15.177  -15.267   8922.78           z 
 60699.228  364.0  -15.029  -15.154  -15.245   8922.78           z 
 60701.364  366.0  -15.006  -15.131  -15.222   8922.78           z 
   60703.5  368.0  -14.983  -15.109    -15.2   8922.78           z 
 60705.636  370.0  -14.961  -15.087  -15.178   8922.78           z 
 60707.772  372.0  -14.939  -15.065  -15.156   8922.78           z 
 60709.908  374.0  -14.916  -15.043  -15.134   8922.78           z 
 60712.044  376.0  -14.894  -15.021  -15.112   8922.78           z 
  60714.18  378.0  -14.872  -14.999   -15.09   8922.78           z 
 60716.316  380.0  -14.851  -14.977  -15.068   8922.78           z 
 60718.452  382.0  -14.828  -14.955  -15.047   8922.78           z 
 60720.588  384.0  -14.806  -14.934  -15.025   8922.78           z 
 60722.724  386.0  -14.784  -14.912  -15.004   8922.78           z 
  60724.86  388.0  -14.763  -14.891  -14.983   8922.78           z 
 60726.996  390.0  -14.741  -14.869  -14.962   8922.78           z 
 60729.132  392.0  -14.719  -14.848  -14.941   8922.78           z 
 60731.268  394.0  -14.698  -14.827   -14.92   8922.78           z 
 60733.404  396.0  -14.677  -14.806  -14.898   8922.78           z 
  60735.54  398.0  -14.656  -14.786  -14.877   8922.78           z 
 60737.676  400.0  -14.635  -14.765  -14.856   8922.78           z 
 60739.812  402.0  -14.614  -14.745  -14.835   8922.78           z 
 60741.948  404.0  -14.594  -14.724  -14.814   8922.78           z 
 60744.084  406.0  -14.573  -14.704  -14.794   8922.78           z 
  60746.22  408.0  -14.553  -14.684  -14.773   8922.78           z 
 60748.356  410.0  -14.532  -14.664  -14.753   8922.78           z 
 60750.492  412.0  -14.512  -14.644  -14.733   8922.78           z 
 60752.628  414.0  -14.492  -14.624  -14.713   8922.78           z 
 60754.764  416.0  -14.471  -14.604  -14.693   8922.78           z 
   60756.9  418.0  -14.451  -14.584  -14.673   8922.78           z 
 60759.036  420.0  -14.431  -14.564  -14.653   8922.78           z 
 60761.172  422.0  -14.412  -14.545  -14.634   8922.78           z 
 60763.308  424.0  -14.392  -14.525  -14.614   8922.78           z 
 60765.444  426.0  -14.372  -14.506  -14.595   8922.78           z 
  60767.58  428.0  -14.352  -14.486  -14.575   8922.78           z 
 60769.716  430.0  -14.332  -14.467  -14.556   8922.78           z 
 60771.852  432.0  -14.312  -14.448  -14.537   8922.78           z 
 60773.988  434.0  -14.292  -14.429  -14.518   8922.78           z 
 60776.124  436.0  -14.273  -14.409  -14.499   8922.78           z 
  60778.26  438.0  -14.253  -14.391   -14.48   8922.78           z 
 60780.396  440.0  -14.234  -14.372  -14.462   8922.78           z 
 60782.532  442.0  -14.215  -14.353  -14.443   8922.78           z 
 60784.668  444.0  -14.196  -14.334  -14.424   8922.78           z 
 60786.804  446.0  -14.177  -14.315  -14.406   8922.78           z 
  60788.94  448.0  -14.158  -14.296  -14.387   8922.78           z 
 60791.076  450.0  -14.139  -14.278  -14.369   8922.78           z 
 60793.212  452.0  -14.121  -14.259  -14.351   8922.78           z 
 60795.348  454.0  -14.102   -14.24  -14.333   8922.78           z 
 60797.484  456.0  -14.083  -14.222  -14.314   8922.78           z 
  60799.62  458.0  -14.065  -14.203  -14.296   8922.78           z 
 60801.756  460.0  -14.047  -14.185  -14.278   8922.78           z 
 60803.892  462.0  -14.028  -14.167  -14.261   8922.78           z 
 60806.028  464.0   -14.01  -14.149  -14.243   8922.78           z 
 60808.164  466.0  -13.992   -14.13  -14.225   8922.78           z 
   60810.3  468.0  -13.974  -14.112  -14.207   8922.78           z 
 60812.436  470.0  -13.956  -14.094   -14.19   8922.78           z 
 60814.572  472.0  -13.938  -14.077  -14.172   8922.78           z 
 60816.708  474.0   -13.92  -14.059  -14.155   8922.78           z 
 60818.844  476.0  -13.903  -14.041  -14.137   8922.78           z 
  60820.98  478.0  -13.885  -14.023   -14.12   8922.78           z 
 60823.116  480.0  -13.868  -14.006  -14.103   8922.78           z 
 60825.252  482.0   -13.85  -13.988  -14.086   8922.78           z 
 60827.388  484.0  -13.833  -13.971  -14.068   8922.78           z 
 60829.524  486.0  -13.816  -13.953  -14.051   8922.78           z 
  60831.66  488.0  -13.798  -13.936  -14.034   8922.78           z 
 60833.796  490.0  -13.781  -13.919  -14.018   8922.78           z 
 60835.932  492.0  -13.764  -13.901  -14.001   8922.78           z 
 60838.068  494.0  -13.747  -13.884  -13.984   8922.78           z 
 60840.204  496.0   -13.73  -13.867  -13.967   8922.78           z 
  60842.34  498.0  -13.713   -13.85   -13.95   8922.78           z 
 60844.476  500.0  -13.696  -13.834  -13.934   8922.78           z 
 60846.612  502.0   -13.68  -13.817  -13.917   8922.78           z 
 60848.748  504.0  -13.663    -13.8  -13.901   8922.78           z 
 60850.884  506.0  -13.646  -13.783  -13.884   8922.78           z 
  60853.02  508.0   -13.63  -13.766  -13.868   8922.78           z 
 60855.156  510.0  -13.613   -13.75  -13.852   8922.78           z 
 60857.292  512.0  -13.597  -13.733  -13.836   8922.78           z 
 60859.428  514.0   -13.58  -13.716  -13.819   8922.78           z 
 60861.564  516.0  -13.564    -13.7  -13.803   8922.78           z 
   60863.7  518.0  -13.547  -13.684  -13.787   8922.78           z 
 60865.836  520.0  -13.531  -13.667  -13.771   8922.78           z 
 60867.972  522.0  -13.515  -13.651  -13.755   8922.78           z 
 60870.108  524.0  -13.499  -13.635  -13.739   8922.78           z 
 60872.244  526.0  -13.483  -13.619  -13.724   8922.78           z 
  60874.38  528.0  -13.467  -13.603  -13.708   8922.78           z 
 60876.516  530.0  -13.451  -13.587  -13.692   8922.78           z 
 60878.652  532.0  -13.435  -13.571  -13.677   8922.78           z 
 60880.788  534.0  -13.419  -13.555  -13.661   8922.78           z 
 60882.924  536.0  -13.403  -13.539  -13.645   8922.78           z 
  60885.06  538.0  -13.387  -13.523   -13.63   8922.78           z 
 60887.196  540.0  -13.372  -13.508  -13.614   8922.78           z 
 60889.332  542.0  -13.356  -13.492  -13.599   8922.78           z 
 60891.468  544.0  -13.341  -13.476  -13.584   8922.78           z 
 60893.604  546.0  -13.325  -13.461  -13.568   8922.78           z 
  60895.74  548.0   -13.31  -13.445  -13.553   8922.78           z 
 60897.876  550.0  -13.294   -13.43  -13.538   8922.78           z 
 60900.012  552.0  -13.279  -13.414  -13.523   8922.78           z 
 60902.148  554.0  -13.263  -13.399  -13.508   8922.78           z 
 60904.284  556.0  -13.248  -13.384  -13.493   8922.78           z 
  60906.42  558.0  -13.233  -13.369  -13.478   8922.78           z 
 60908.556  560.0  -13.218  -13.353  -13.463   8922.78           z 
 60910.692  562.0  -13.202  -13.338  -13.448   8922.78           z 
 60912.828  564.0  -13.187  -13.323  -13.433   8922.78           z 
 60914.964  566.0  -13.172  -13.308  -13.418   8922.78           z 
   60917.1  568.0  -13.157  -13.293  -13.404   8922.78           z 
 60919.236  570.0  -13.142  -13.278  -13.389   8922.78           z 
 60921.372  572.0  -13.127  -13.263  -13.374   8922.78           z 
 60923.508  574.0  -13.112  -13.249   -13.36   8922.78           z 
 60925.644  576.0  -13.097  -13.234  -13.345   8922.78           z 
  60927.78  578.0  -13.082  -13.219   -13.33   8922.78           z 
 60929.916  580.0  -13.067  -13.205  -13.316   8922.78           z 
 60932.052  582.0  -13.053   -13.19  -13.301   8922.78           z 
 60934.188  584.0  -13.038  -13.175  -13.287   8922.78           z 
 60936.324  586.0  -13.023   -13.16  -13.273   8922.78           z 
  60938.46  588.0  -13.009  -13.145  -13.259   8922.78           z 
 60940.596  590.0  -12.994  -13.131  -13.244   8922.78           z 
 60942.732  592.0   -12.98  -13.117   -13.23   8922.78           z 
 60944.868  594.0  -12.965  -13.102  -13.216   8922.78           z 
 60947.004  596.0  -12.951  -13.088  -13.202   8922.78           z 
  60949.14  598.0  -12.936  -13.074  -13.188   8922.78           z 
 60951.276  600.0  -12.922   -13.06  -13.174   8922.78           z 
 60953.412  602.0  -12.908  -13.046   -13.16   8922.78           z 
 60955.548  604.0  -12.894  -13.032  -13.146   8922.78           z 
 60957.684  606.0   -12.88  -13.018  -13.133   8922.78           z 
  60959.82  608.0  -12.866  -13.004  -13.119   8922.78           z 
 60961.956  610.0  -12.852   -12.99  -13.105   8922.78           z 
 60964.092  612.0  -12.839  -12.976  -13.091   8922.78           z 
 60966.228  614.0  -12.825  -12.962  -13.078   8922.78           z 
 60968.364  616.0  -12.811  -12.949  -13.064   8922.78           z 
   60970.5  618.0  -12.797  -12.935   -13.05   8922.78           z 
 60972.636  620.0  -12.784  -12.921  -13.037   8922.78           z 
 60974.772  622.0   -12.77  -12.908  -13.023   8922.78           z 
 60976.908  624.0  -12.756  -12.894   -13.01   8922.78           z 
 60979.044  626.0  -12.743   -12.88  -12.997   8922.78           z 
  60981.18  628.0  -12.729  -12.867  -12.983   8922.78           z 
 60983.316  630.0  -12.716  -12.853   -12.97   8922.78           z 
 60985.452  632.0  -12.702   -12.84  -12.957   8922.78           z 
 60987.588  634.0  -12.689  -12.827  -12.943   8922.78           z 
 60989.724  636.0  -12.676  -12.813   -12.93   8922.78           z 
  60991.86  638.0  -12.662    -12.8  -12.917   8922.78           z 
 60993.996  640.0  -12.649  -12.787  -12.904   8922.78           z 
 60996.132  642.0  -12.636  -12.774  -12.891   8922.78           z 
 60998.268  644.0  -12.623  -12.761  -12.878   8922.78           z 
 61000.404  646.0   -12.61  -12.747  -12.865   8922.78           z 
  61002.54  648.0  -12.596  -12.734  -12.852   8922.78           z 
 61004.676  650.0  -12.583  -12.721  -12.839   8922.78           z 
 61006.812  652.0   -12.57  -12.708  -12.826   8922.78           z 
 61008.948  654.0  -12.557  -12.695  -12.813   8922.78           z 
 61011.084  656.0  -12.544  -12.683    -12.8   8922.78           z 
  61013.22  658.0  -12.532   -12.67  -12.788   8922.78           z 
 61015.356  660.0  -12.519  -12.657  -12.775   8922.78           z 
 61017.492  662.0  -12.506  -12.644  -12.762   8922.78           z 
 61019.628  664.0  -12.493  -12.631  -12.749   8922.78           z 
 61021.764  666.0   -12.48  -12.619  -12.737   8922.78           z 
   61023.9  668.0  -12.468  -12.606  -12.724   8922.78           z 
 61026.036  670.0  -12.455  -12.593  -12.712   8922.78           z 
 61028.172  672.0  -12.442  -12.581  -12.699   8922.78           z 
 61030.308  674.0   -12.43  -12.568  -12.687   8922.78           z 
 61032.444  676.0  -12.417  -12.556  -12.674   8922.78           z 
  61034.58  678.0  -12.404  -12.543  -12.662   8922.78           z 
 61036.716  680.0  -12.392  -12.531  -12.649   8922.78           z 
 61038.852  682.0  -12.379  -12.518  -12.637   8922.78           z 
 61040.988  684.0  -12.367  -12.506  -12.625   8922.78           z 
 61043.124  686.0  -12.354  -12.494  -12.612   8922.78           z 
  61045.26  688.0  -12.342  -12.481    -12.6   8922.78           z 
 61047.396  690.0  -12.329  -12.469  -12.588   8922.78           z 
 61049.532  692.0  -12.317  -12.457  -12.576   8922.78           z 
 61051.668  694.0  -12.304  -12.444  -12.564   8922.78           z 
 61053.804  696.0  -12.292  -12.432  -12.552   8922.78           z 
  61055.94  698.0   -12.28   -12.42   -12.54   8922.78           z 
 61058.076  700.0  -12.268  -12.408  -12.528   8922.78           z 
 61060.212  702.0  -12.255  -12.396  -12.516   8922.78           z 
 61062.348  704.0  -12.243  -12.384  -12.504   8922.78           z 
 61064.484  706.0  -12.231  -12.372  -12.492   8922.78           z 
  61066.62  708.0  -12.219   -12.36   -12.48   8922.78           z 
 61068.756  710.0  -12.207  -12.348  -12.468   8922.78           z 
 61070.892  712.0  -12.195  -12.336  -12.456   8922.78           z 
 61073.028  714.0  -12.183  -12.325  -12.444   8922.78           z 
 61075.164  716.0  -12.171  -12.313  -12.432   8922.78           z 
   61077.3  718.0  -12.159  -12.301  -12.421   8922.78           z 
 61079.436  720.0  -12.147  -12.289  -12.409   8922.78           z 
 61081.572  722.0  -12.135  -12.278  -12.397   8922.78           z 
 61083.708  724.0  -12.124  -12.266  -12.386   8922.78           z 
 61085.844  726.0  -12.112  -12.254  -12.374   8922.78           z 
  61087.98  728.0    -12.1  -12.243  -12.362   8922.78           z 
 61090.116  730.0  -12.088  -12.231  -12.351   8922.78           z 
 61092.252  732.0  -12.077   -12.22  -12.339   8922.78           z 
 61094.388  734.0  -12.065  -12.208  -12.328   8922.78           z 
 61096.524  736.0  -12.053  -12.197  -12.316   8922.78           z 
  61098.66  738.0  -12.042  -12.185  -12.305   8922.78           z 
 61100.796  740.0   -12.03  -12.174  -12.294   8922.78           z 
 61102.932  742.0  -12.019  -12.162  -12.282   8922.78           z 
 61105.068  744.0  -12.007  -12.151  -12.271   8922.78           z 
 61107.204  746.0  -11.996   -12.14  -12.259   8922.78           z 
  61109.34  748.0  -11.984  -12.128  -12.248   8922.78           z 
 61111.476  750.0  -11.973  -12.117  -12.237   8922.78           z 
 61113.612  752.0  -11.961  -12.106  -12.226   8922.78           z 
 61115.748  754.0   -11.95  -12.095  -12.215   8922.78           z 
 61117.884  756.0  -11.939  -12.083  -12.203   8922.78           z 
  61120.02  758.0  -11.927  -12.072  -12.192   8922.78           z 
 61122.156  760.0  -11.916  -12.061  -12.181   8922.78           z 
 61124.292  762.0  -11.905   -12.05   -12.17   8922.78           z 
 61126.428  764.0  -11.894  -12.039  -12.159   8922.78           z 
 61128.564  766.0  -11.883  -12.028  -12.148   8922.78           z 
   61130.7  768.0  -11.871  -12.017  -12.137   8922.78           z 
 61132.836  770.0   -11.86  -12.006  -12.126   8922.78           z 
 61134.972  772.0  -11.849  -11.995  -12.115   8922.78           z 
 61137.108  774.0  -11.838  -11.984  -12.104   8922.78           z 
 61139.244  776.0  -11.827  -11.973  -12.093   8922.78           z 
  61141.38  778.0  -11.816  -11.962  -12.082   8922.78           z 
 61143.516  780.0  -11.805  -11.951  -12.071   8922.78           z 
 61145.652  782.0  -11.794   -11.94  -12.061   8922.78           z 
 61147.788  784.0  -11.783   -11.93   -12.05   8922.78           z 
 61149.924  786.0  -11.772  -11.919  -12.039   8922.78           z 
  61152.06  788.0  -11.761  -11.908  -12.028   8922.78           z 
 61154.196  790.0  -11.751  -11.897  -12.018   8922.78           z 
 61156.332  792.0   -11.74  -11.887  -12.007   8922.78           z 
 61158.468  794.0  -11.729  -11.876  -11.996   8922.78           z 
 61160.604  796.0  -11.718  -11.865  -11.986   8922.78           z 
  61162.74  798.0  -11.708  -11.855  -11.975   8922.78           z 
 61164.876  800.0  -11.697  -11.844  -11.965   8922.78           z 
 60310.476    0.0      nan      nan      nan    9613.6           y 
  60311.01    0.5   -9.312  -11.422  -12.355    9613.6           y 
 60311.544    1.0   -9.767  -11.966  -12.966    9613.6           y 
 60312.078    1.5  -11.111  -12.699  -13.457    9613.6           y 
 60312.612    2.0   -11.99   -13.19  -13.861    9613.6           y 
 60313.146    2.5  -12.665  -13.625    -14.2    9613.6           y 
  60313.68    3.0  -13.199  -13.995  -14.475    9613.6           y 
 60314.214    3.5  -13.637  -14.317  -14.718    9613.6           y 
 60314.748    4.0  -14.047  -14.601   -14.95    9613.6           y 
 60315.282    4.5  -14.381  -14.846   -15.16    9613.6           y 
 60315.816    5.0  -14.664  -15.064  -15.351    9613.6           y 
  60316.35    5.5  -14.905  -15.263  -15.524    9613.6           y 
 60316.884    6.0  -15.121  -15.441   -15.68    9613.6           y 
 60317.418    6.5  -15.314  -15.602  -15.824    9613.6           y 
 60317.952    7.0  -15.489  -15.754  -15.959    9613.6           y 
 60318.486    7.5  -15.658  -15.895  -16.087    9613.6           y 
  60319.02    8.0  -15.813  -16.025  -16.204    9613.6           y 
 60319.554    8.5  -15.955  -16.147  -16.315    9613.6           y 
 60320.088    9.0  -16.085   -16.26  -16.421    9613.6           y 
 60320.622    9.5  -16.206  -16.367  -16.521    9613.6           y 
 60321.156   10.0   -16.32  -16.474  -16.622    9613.6           y 
  60321.69   10.5  -16.429   -16.57  -16.716    9613.6           y 
 60322.224   11.0  -16.534   -16.66  -16.801    9613.6           y 
 60322.758   11.5  -16.634  -16.746  -16.882    9613.6           y 
 60323.292   12.0  -16.729  -16.829  -16.962    9613.6           y 
 60323.826   12.5  -16.815   -16.91  -17.038    9613.6           y 
  60324.36   13.0    -16.9  -16.989  -17.111    9613.6           y 
 60324.894   13.5  -16.979  -17.066  -17.182    9613.6           y 
 60325.428   14.0  -17.055  -17.143  -17.247    9613.6           y 
 60325.962   14.5  -17.131  -17.215   -17.31    9613.6           y 
 60326.496   15.0  -17.201  -17.282   -17.37    9613.6           y 
  60327.03   15.5   -17.27  -17.347  -17.429    9613.6           y 
 60327.564   16.0  -17.335  -17.407  -17.487    9613.6           y 
 60328.098   16.5  -17.399  -17.467  -17.543    9613.6           y 
 60328.632   17.0   -17.46  -17.524  -17.599    9613.6           y 
 60329.166   17.5  -17.518   -17.58  -17.653    9613.6           y 
   60329.7   18.0  -17.574  -17.633  -17.705    9613.6           y 
 60330.234   18.5   -17.63  -17.686  -17.755    9613.6           y 
 60330.768   19.0  -17.682  -17.737  -17.804    9613.6           y 
 60331.302   19.5  -17.735  -17.784  -17.852    9613.6           y 
 60331.836   20.0  -17.783  -17.832  -17.898    9613.6           y 
  60332.37   20.5   -17.83  -17.878  -17.942    9613.6           y 
 60332.904   21.0  -17.874  -17.922  -17.984    9613.6           y 
 60333.438   21.5  -17.919  -17.965  -18.026    9613.6           y 
 60333.972   22.0  -17.963  -18.007  -18.068    9613.6           y 
 60334.506   22.5  -18.006  -18.049  -18.109    9613.6           y 
  60335.04   23.0  -18.047  -18.089  -18.147    9613.6           y 
 60335.574   23.5  -18.087  -18.129  -18.184    9613.6           y 
 60336.108   24.0  -18.126  -18.166  -18.221    9613.6           y 
 60336.642   24.5  -18.165  -18.204  -18.257    9613.6           y 
 60337.176   25.0  -18.202   -18.24  -18.293    9613.6           y 
  60337.71   25.5  -18.238  -18.275  -18.329    9613.6           y 
 60338.244   26.0  -18.274  -18.309  -18.363    9613.6           y 
 60338.778   26.5  -18.308  -18.343  -18.395    9613.6           y 
 60339.312   27.0  -18.342  -18.377  -18.427    9613.6           y 
 60339.846   27.5  -18.374   -18.41  -18.458    9613.6           y 
  60340.38   28.0  -18.406  -18.442  -18.487    9613.6           y 
 60340.914   28.5  -18.437  -18.472  -18.516    9613.6           y 
 60341.448   29.0  -18.468  -18.503  -18.546    9613.6           y 
 60341.982   29.5  -18.497  -18.533  -18.575    9613.6           y 
 60342.516   30.0  -18.528  -18.562  -18.603    9613.6           y 
  60343.05   30.5  -18.558  -18.591   -18.63    9613.6           y 
 60343.584   31.0  -18.587  -18.618  -18.658    9613.6           y 
 60344.118   31.5  -18.614  -18.645  -18.684    9613.6           y 
 60344.652   32.0   -18.64  -18.672  -18.711    9613.6           y 
 60345.186   32.5  -18.667  -18.697  -18.736    9613.6           y 
  60345.72   33.0  -18.694  -18.723   -18.76    9613.6           y 
 60346.254   33.5  -18.719  -18.747  -18.785    9613.6           y 
 60346.788   34.0  -18.743  -18.771   -18.81    9613.6           y 
 60347.322   34.5  -18.767  -18.795  -18.834    9613.6           y 
 60347.856   35.0  -18.791  -18.818  -18.857    9613.6           y 
  60348.39   35.5  -18.814   -18.84   -18.88    9613.6           y 
 60348.924   36.0  -18.836  -18.863  -18.902    9613.6           y 
 60349.458   36.5  -18.859  -18.886  -18.925    9613.6           y 
 60349.992   37.0  -18.881  -18.907  -18.947    9613.6           y 
 60350.526   37.5  -18.903  -18.929  -18.968    9613.6           y 
  60351.06   38.0  -18.924   -18.95  -18.988    9613.6           y 
 60351.594   38.5  -18.945   -18.97  -19.007    9613.6           y 
 60352.128   39.0  -18.965   -18.99  -19.026    9613.6           y 
 60352.662   39.5  -18.985  -19.011  -19.045    9613.6           y 
 60353.196   40.0  -19.005   -19.03  -19.065    9613.6           y 
  60353.73   40.5  -19.024  -19.048  -19.084    9613.6           y 
 60354.264   41.0  -19.043  -19.067  -19.103    9613.6           y 
 60354.798   41.5  -19.062  -19.086  -19.122    9613.6           y 
 60355.332   42.0   -19.08  -19.104   -19.14    9613.6           y 
 60355.866   42.5  -19.098  -19.122  -19.158    9613.6           y 
   60356.4   43.0  -19.115   -19.14  -19.175    9613.6           y 
 60356.934   43.5  -19.132  -19.157  -19.192    9613.6           y 
 60357.468   44.0  -19.149  -19.173  -19.209    9613.6           y 
 60358.002   44.5  -19.165  -19.189  -19.226    9613.6           y 
 60358.536   45.0  -19.181  -19.206  -19.242    9613.6           y 
  60359.07   45.5  -19.197  -19.222  -19.258    9613.6           y 
 60359.604   46.0  -19.212  -19.238  -19.274    9613.6           y 
 60360.138   46.5  -19.227  -19.253  -19.289    9613.6           y 
 60360.672   47.0  -19.242  -19.268  -19.304    9613.6           y 
 60361.206   47.5  -19.257  -19.283  -19.318    9613.6           y 
  60361.74   48.0  -19.272  -19.297  -19.333    9613.6           y 
 60362.274   48.5  -19.286  -19.312  -19.347    9613.6           y 
 60362.808   49.0    -19.3  -19.326  -19.361    9613.6           y 
 60363.342   49.5  -19.314   -19.34  -19.374    9613.6           y 
 60363.876   50.0  -19.327  -19.353  -19.388    9613.6           y 
  60364.41   50.5   -19.34  -19.366  -19.401    9613.6           y 
 60364.944   51.0  -19.353  -19.379  -19.413    9613.6           y 
 60365.478   51.5  -19.366  -19.392  -19.426    9613.6           y 
 60366.012   52.0  -19.378  -19.405  -19.438    9613.6           y 
 60366.546   52.5  -19.391  -19.417  -19.451    9613.6           y 
  60367.08   53.0  -19.402  -19.429  -19.463    9613.6           y 
 60367.614   53.5  -19.414  -19.441  -19.475    9613.6           y 
 60368.148   54.0  -19.425  -19.452  -19.487    9613.6           y 
 60368.682   54.5  -19.436  -19.463  -19.498    9613.6           y 
 60369.216   55.0  -19.446  -19.474   -19.51    9613.6           y 
  60369.75   55.5  -19.457  -19.485  -19.521    9613.6           y 
 60370.284   56.0  -19.467  -19.496  -19.532    9613.6           y 
 60370.818   56.5  -19.477  -19.507  -19.542    9613.6           y 
 60371.352   57.0  -19.487  -19.517  -19.553    9613.6           y 
 60371.886   57.5  -19.497  -19.527  -19.563    9613.6           y 
  60372.42   58.0  -19.507  -19.536  -19.573    9613.6           y 
 60372.954   58.5  -19.517  -19.546  -19.583    9613.6           y 
 60373.488   59.0  -19.526  -19.555  -19.592    9613.6           y 
 60374.022   59.5  -19.535  -19.564  -19.601    9613.6           y 
 60374.556   60.0  -19.543  -19.573   -19.61    9613.6           y 
  60375.09   60.5  -19.552  -19.582  -19.619    9613.6           y 
 60375.624   61.0   -19.56   -19.59  -19.628    9613.6           y 
 60376.158   61.5  -19.569  -19.598  -19.636    9613.6           y 
 60376.692   62.0  -19.577  -19.606  -19.644    9613.6           y 
 60377.226   62.5  -19.585  -19.614  -19.652    9613.6           y 
  60377.76   63.0  -19.592  -19.621   -19.66    9613.6           y 
 60378.294   63.5    -19.6  -19.629  -19.668    9613.6           y 
 60378.828   64.0  -19.607  -19.636  -19.675    9613.6           y 
 60379.362   64.5  -19.614  -19.643  -19.682    9613.6           y 
 60379.896   65.0  -19.621   -19.65  -19.689    9613.6           y 
  60380.43   65.5  -19.627  -19.657  -19.696    9613.6           y 
 60380.964   66.0  -19.633  -19.663  -19.703    9613.6           y 
 60381.498   66.5  -19.639  -19.669  -19.709    9613.6           y 
 60382.032   67.0  -19.645  -19.675  -19.716    9613.6           y 
 60382.566   67.5  -19.651  -19.681  -19.722    9613.6           y 
   60383.1   68.0  -19.657  -19.687  -19.727    9613.6           y 
 60383.634   68.5  -19.662  -19.692  -19.733    9613.6           y 
 60384.168   69.0  -19.667  -19.698  -19.738    9613.6           y 
 60384.702   69.5  -19.672  -19.703  -19.743    9613.6           y 
 60385.236   70.0  -19.677  -19.708  -19.748    9613.6           y 
  60385.77   70.5  -19.682  -19.713  -19.752    9613.6           y 
 60386.304   71.0  -19.686  -19.718  -19.757    9613.6           y 
 60386.838   71.5  -19.691  -19.722  -19.762    9613.6           y 
 60387.372   72.0  -19.695  -19.726  -19.767    9613.6           y 
 60387.906   72.5  -19.699  -19.731  -19.771    9613.6           y 
  60388.44   73.0  -19.704  -19.735  -19.776    9613.6           y 
 60388.974   73.5  -19.707  -19.739   -19.78    9613.6           y 
 60389.508   74.0   -19.71  -19.743  -19.784    9613.6           y 
 60390.042   74.5  -19.713  -19.746  -19.787    9613.6           y 
 60390.576   75.0  -19.716   -19.75  -19.791    9613.6           y 
  60391.11   75.5  -19.719  -19.754  -19.794    9613.6           y 
 60391.644   76.0  -19.721  -19.757  -19.797    9613.6           y 
 60392.178   76.5  -19.724   -19.76    -19.8    9613.6           y 
 60392.712   77.0  -19.726  -19.763  -19.803    9613.6           y 
 60393.246   77.5  -19.729  -19.765  -19.805    9613.6           y 
  60393.78   78.0  -19.731  -19.768  -19.808    9613.6           y 
 60394.314   78.5  -19.733   -19.77   -19.81    9613.6           y 
 60394.848   79.0  -19.735  -19.772  -19.812    9613.6           y 
 60395.382   79.5  -19.737  -19.774  -19.814    9613.6           y 
 60395.916   80.0  -19.738  -19.776  -19.815    9613.6           y 
  60396.45   80.5   -19.74  -19.778  -19.817    9613.6           y 
 60396.984   81.0  -19.742  -19.779  -19.818    9613.6           y 
 60397.518   81.5  -19.743  -19.781  -19.819    9613.6           y 
 60398.052   82.0  -19.745  -19.782   -19.82    9613.6           y 
 60398.586   82.5  -19.746  -19.784  -19.821    9613.6           y 
  60399.12   83.0  -19.747  -19.785  -19.822    9613.6           y 
 60399.654   83.5  -19.748  -19.786  -19.823    9613.6           y 
 60400.188   84.0  -19.748  -19.787  -19.823    9613.6           y 
 60400.722   84.5  -19.749  -19.788  -19.823    9613.6           y 
 60401.256   85.0  -19.749  -19.788  -19.823    9613.6           y 
  60401.79   85.5   -19.75  -19.788  -19.823    9613.6           y 
 60402.324   86.0   -19.75  -19.789  -19.823    9613.6           y 
 60402.858   86.5   -19.75  -19.789  -19.823    9613.6           y 
 60403.392   87.0   -19.75  -19.788  -19.823    9613.6           y 
 60403.926   87.5  -19.749  -19.788  -19.823    9613.6           y 
  60404.46   88.0  -19.749  -19.787  -19.823    9613.6           y 
 60404.994   88.5  -19.748  -19.787  -19.822    9613.6           y 
 60405.528   89.0  -19.747  -19.786  -19.822    9613.6           y 
 60406.062   89.5  -19.746  -19.785  -19.821    9613.6           y 
 60406.596   90.0  -19.745  -19.784   -19.82    9613.6           y 
  60407.13   90.5  -19.744  -19.783  -19.819    9613.6           y 
 60407.664   91.0  -19.743  -19.782  -19.818    9613.6           y 
 60408.198   91.5  -19.742   -19.78  -19.816    9613.6           y 
 60408.732   92.0   -19.74  -19.778  -19.815    9613.6           y 
 60409.266   92.5  -19.738  -19.777  -19.813    9613.6           y 
   60409.8   93.0  -19.737  -19.775  -19.812    9613.6           y 
 60410.334   93.5  -19.735  -19.772   -19.81    9613.6           y 
 60410.868   94.0  -19.733   -19.77  -19.807    9613.6           y 
 60411.402   94.5  -19.731  -19.768  -19.805    9613.6           y 
 60411.936   95.0  -19.728  -19.765  -19.803    9613.6           y 
  60412.47   95.5  -19.725  -19.762    -19.8    9613.6           y 
 60413.004   96.0  -19.722   -19.76  -19.797    9613.6           y 
 60413.538   96.5  -19.719  -19.757  -19.795    9613.6           y 
 60414.072   97.0  -19.716  -19.754  -19.792    9613.6           y 
 60414.606   97.5  -19.713  -19.751  -19.789    9613.6           y 
  60415.14   98.0  -19.709  -19.747  -19.786    9613.6           y 
 60415.674   98.5  -19.706  -19.744  -19.783    9613.6           y 
 60416.208   99.0  -19.703  -19.741  -19.779    9613.6           y 
 60416.742   99.5  -19.699  -19.737  -19.776    9613.6           y 
 60417.276  100.0  -19.696  -19.734  -19.772    9613.6           y 
 60417.276  100.0  -19.696  -19.734  -19.772    9613.6           y 
 60419.412  102.0   -19.68  -19.718  -19.757    9613.6           y 
 60421.548  104.0  -19.662    -19.7   -19.74    9613.6           y 
 60423.684  106.0  -19.643  -19.681  -19.721    9613.6           y 
  60425.82  108.0  -19.622   -19.66  -19.701    9613.6           y 
 60427.956  110.0  -19.599  -19.636  -19.678    9613.6           y 
 60430.092  112.0  -19.572  -19.612   -19.65    9613.6           y 
 60432.228  114.0   -19.54  -19.579  -19.621    9613.6           y 
 60434.364  116.0  -19.494  -19.539  -19.579    9613.6           y 
   60436.5  118.0  -19.444   -19.49  -19.535    9613.6           y 
 60438.636  120.0   -19.39  -19.438  -19.484    9613.6           y 
 60440.772  122.0  -19.337  -19.385  -19.432    9613.6           y 
 60442.908  124.0  -19.282  -19.332  -19.379    9613.6           y 
 60445.044  126.0  -19.228  -19.279  -19.326    9613.6           y 
  60447.18  128.0  -19.175  -19.226  -19.274    9613.6           y 
 60449.316  130.0  -19.121  -19.173  -19.222    9613.6           y 
 60451.452  132.0  -19.068   -19.12  -19.169    9613.6           y 
 60453.588  134.0  -19.014  -19.067  -19.116    9613.6           y 
 60455.724  136.0  -18.959  -19.014  -19.062    9613.6           y 
  60457.86  138.0  -18.905  -18.961  -19.012    9613.6           y 
 60459.996  140.0  -18.853  -18.908  -18.961    9613.6           y 
 60462.132  142.0  -18.801  -18.856  -18.908    9613.6           y 
 60464.268  144.0  -18.749  -18.804  -18.857    9613.6           y 
 60466.404  146.0  -18.696  -18.754  -18.807    9613.6           y 
  60468.54  148.0  -18.647  -18.706  -18.757    9613.6           y 
 60470.676  150.0  -18.597  -18.654  -18.705    9613.6           y 
 60472.812  152.0  -18.548  -18.605  -18.656    9613.6           y 
 60474.948  154.0    -18.5  -18.556  -18.608    9613.6           y 
 60477.084  156.0  -18.451  -18.508  -18.558    9613.6           y 
  60479.22  158.0  -18.401  -18.459  -18.509    9613.6           y 
 60481.356  160.0  -18.353  -18.411  -18.464    9613.6           y 
 60483.492  162.0  -18.305  -18.364  -18.419    9613.6           y 
 60485.628  164.0  -18.259  -18.318  -18.373    9613.6           y 
 60487.764  166.0   -18.21  -18.272  -18.327    9613.6           y 
   60489.9  168.0  -18.162  -18.226  -18.281    9613.6           y 
 60492.036  170.0  -18.115  -18.179  -18.238    9613.6           y 
 60494.172  172.0  -18.068  -18.133  -18.194    9613.6           y 
 60496.308  174.0  -18.022  -18.087   -18.15    9613.6           y 
 60498.444  176.0  -17.975  -18.042  -18.106    9613.6           y 
  60500.58  178.0  -17.929    -18.0  -18.063    9613.6           y 
 60502.716  180.0  -17.886  -17.957   -18.02    9613.6           y 
 60504.852  182.0  -17.844  -17.914  -17.978    9613.6           y 
 60506.988  184.0  -17.802  -17.871  -17.936    9613.6           y 
 60509.124  186.0  -17.758  -17.828  -17.896    9613.6           y 
  60511.26  188.0  -17.715  -17.785  -17.854    9613.6           y 
 60513.396  190.0  -17.671  -17.744  -17.814    9613.6           y 
 60515.532  192.0  -17.628  -17.702  -17.774    9613.6           y 
 60517.668  194.0  -17.586  -17.662  -17.734    9613.6           y 
 60519.804  196.0  -17.545  -17.621  -17.695    9613.6           y 
  60521.94  198.0  -17.505  -17.582  -17.657    9613.6           y 
 60524.076  200.0  -17.466  -17.544  -17.618    9613.6           y 
 60526.212  202.0  -17.426  -17.505  -17.579    9613.6           y 
 60528.348  204.0  -17.386  -17.466   -17.54    9613.6           y 
 60530.484  206.0  -17.346  -17.428  -17.503    9613.6           y 
  60532.62  208.0  -17.308   -17.39  -17.465    9613.6           y 
 60534.756  210.0  -17.271  -17.353  -17.427    9613.6           y 
 60536.892  212.0  -17.233  -17.317  -17.389    9613.6           y 
 60539.028  214.0  -17.196  -17.279  -17.353    9613.6           y 
 60541.164  216.0  -17.159  -17.242  -17.317    9613.6           y 
   60543.3  218.0  -17.123  -17.205  -17.281    9613.6           y 
 60545.436  220.0  -17.087  -17.169  -17.246    9613.6           y 
 60547.572  222.0  -17.051  -17.134  -17.211    9613.6           y 
 60549.708  224.0  -17.015  -17.099  -17.176    9613.6           y 
 60551.844  226.0  -16.979  -17.065  -17.142    9613.6           y 
  60553.98  228.0  -16.944   -17.03  -17.108    9613.6           y 
 60556.116  230.0  -16.908  -16.996  -17.074    9613.6           y 
 60558.252  232.0  -16.873  -16.962  -17.041    9613.6           y 
 60560.388  234.0  -16.839  -16.928  -17.008    9613.6           y 
 60562.524  236.0  -16.804  -16.894  -16.975    9613.6           y 
  60564.66  238.0   -16.77   -16.86  -16.942    9613.6           y 
 60566.796  240.0  -16.737  -16.827  -16.909    9613.6           y 
 60568.932  242.0  -16.703  -16.793  -16.877    9613.6           y 
 60571.068  244.0  -16.671  -16.761  -16.844    9613.6           y 
 60573.204  246.0  -16.638  -16.729  -16.812    9613.6           y 
  60575.34  248.0  -16.606  -16.696   -16.78    9613.6           y 
 60577.476  250.0  -16.574  -16.665  -16.749    9613.6           y 
 60579.612  252.0  -16.542  -16.633  -16.718    9613.6           y 
 60581.748  254.0   -16.51  -16.601  -16.687    9613.6           y 
 60583.884  256.0  -16.478   -16.57  -16.656    9613.6           y 
  60586.02  258.0  -16.447  -16.539  -16.626    9613.6           y 
 60588.156  260.0  -16.416  -16.508  -16.596    9613.6           y 
 60590.292  262.0  -16.385  -16.478  -16.566    9613.6           y 
 60592.428  264.0  -16.355  -16.447  -16.536    9613.6           y 
 60594.564  266.0  -16.324  -16.417  -16.506    9613.6           y 
   60596.7  268.0  -16.294  -16.388  -16.477    9613.6           y 
 60598.836  270.0  -16.264  -16.358  -16.448    9613.6           y 
 60600.972  272.0  -16.234  -16.329  -16.419    9613.6           y 
 60603.108  274.0  -16.205    -16.3   -16.39    9613.6           y 
 60605.244  276.0  -16.176  -16.271  -16.361    9613.6           y 
  60607.38  278.0  -16.146  -16.242  -16.333    9613.6           y 
 60609.516  280.0  -16.118  -16.213  -16.304    9613.6           y 
 60611.652  282.0  -16.089  -16.185  -16.276    9613.6           y 
 60613.788  284.0   -16.06  -16.157  -16.248    9613.6           y 
 60615.924  286.0  -16.032  -16.128   -16.22    9613.6           y 
  60618.06  288.0  -16.004    -16.1  -16.193    9613.6           y 
 60620.196  290.0  -15.976  -16.073  -16.165    9613.6           y 
 60622.332  292.0  -15.948  -16.045  -16.138    9613.6           y 
 60624.468  294.0   -15.92  -16.018  -16.111    9613.6           y 
 60626.604  296.0  -15.893   -15.99  -16.084    9613.6           y 
  60628.74  298.0  -15.866  -15.963  -16.057    9613.6           y 
 60630.876  300.0  -15.839  -15.936   -16.03    9613.6           y 
 60633.012  302.0  -15.812   -15.91  -16.004    9613.6           y 
 60635.148  304.0  -15.785  -15.883  -15.977    9613.6           y 
 60637.284  306.0  -15.758  -15.856  -15.951    9613.6           y 
  60639.42  308.0  -15.732   -15.83  -15.925    9613.6           y 
 60641.556  310.0  -15.705  -15.804  -15.899    9613.6           y 
 60643.692  312.0  -15.679  -15.778  -15.873    9613.6           y 
 60645.828  314.0  -15.653  -15.752  -15.848    9613.6           y 
 60647.964  316.0  -15.626  -15.726  -15.822    9613.6           y 
   60650.1  318.0    -15.6  -15.701  -15.797    9613.6           y 
 60652.236  320.0  -15.573  -15.675  -15.772    9613.6           y 
 60654.372  322.0  -15.547   -15.65  -15.747    9613.6           y 
 60656.508  324.0  -15.521  -15.625  -15.723    9613.6           y 
 60658.644  326.0  -15.496    -15.6  -15.698    9613.6           y 
  60660.78  328.0   -15.47  -15.575  -15.674    9613.6           y 
 60662.916  330.0  -15.444   -15.55   -15.65    9613.6           y 
 60665.052  332.0  -15.419  -15.525  -15.625    9613.6           y 
 60667.188  334.0  -15.394  -15.501  -15.601    9613.6           y 
 60669.324  336.0  -15.369  -15.476  -15.578    9613.6           y 
  60671.46  338.0  -15.344  -15.452  -15.554    9613.6           y 
 60673.596  340.0  -15.319  -15.428   -15.53    9613.6           y 
 60675.732  342.0  -15.294  -15.404  -15.506    9613.6           y 
 60677.868  344.0   -15.27   -15.38  -15.483    9613.6           y 
 60680.004  346.0  -15.245  -15.357  -15.459    9613.6           y 
  60682.14  348.0  -15.221  -15.333  -15.436    9613.6           y 
 60684.276  350.0  -15.197   -15.31  -15.413    9613.6           y 
 60686.412  352.0  -15.173  -15.287   -15.39    9613.6           y 
 60688.548  354.0  -15.149  -15.264  -15.367    9613.6           y 
 60690.684  356.0  -15.125   -15.24  -15.344    9613.6           y 
  60692.82  358.0  -15.101  -15.218  -15.321    9613.6           y 
 60694.956  360.0  -15.077  -15.195  -15.298    9613.6           y 
 60697.092  362.0  -15.053  -15.172  -15.275    9613.6           y 
 60699.228  364.0  -15.029   -15.15  -15.252    9613.6           y 
 60701.364  366.0  -15.006  -15.127   -15.23    9613.6           y 
   60703.5  368.0  -14.983  -15.105  -15.207    9613.6           y 
 60705.636  370.0   -14.96  -15.083  -15.185    9613.6           y 
 60707.772  372.0  -14.937   -15.06  -15.162    9613.6           y 
 60709.908  374.0  -14.915  -15.038   -15.14    9613.6           y 
 60712.044  376.0  -14.893  -15.016  -15.118    9613.6           y 
  60714.18  378.0   -14.87  -14.994  -15.096    9613.6           y 
 60716.316  380.0  -14.848  -14.972  -15.074    9613.6           y 
 60718.452  382.0  -14.826   -14.95  -15.052    9613.6           y 
 60720.588  384.0  -14.804  -14.928  -15.031    9613.6           y 
 60722.724  386.0  -14.782  -14.906  -15.009    9613.6           y 
  60724.86  388.0   -14.76  -14.885  -14.988    9613.6           y 
 60726.996  390.0  -14.739  -14.863  -14.967    9613.6           y 
 60729.132  392.0  -14.717  -14.842  -14.946    9613.6           y 
 60731.268  394.0  -14.695  -14.821  -14.925    9613.6           y 
 60733.404  396.0  -14.673    -14.8  -14.903    9613.6           y 
  60735.54  398.0  -14.652  -14.779  -14.881    9613.6           y 
 60737.676  400.0  -14.631  -14.758   -14.86    9613.6           y 
 60739.812  402.0   -14.61  -14.738   -14.84    9613.6           y 
 60741.948  404.0  -14.589  -14.717  -14.819    9613.6           y 
 60744.084  406.0  -14.568  -14.697  -14.799    9613.6           y 
  60746.22  408.0  -14.547  -14.676  -14.779    9613.6           y 
 60748.356  410.0  -14.526  -14.656  -14.759    9613.6           y 
 60750.492  412.0  -14.506  -14.636  -14.739    9613.6           y 
 60752.628  414.0  -14.485  -14.616  -14.719    9613.6           y 
 60754.764  416.0  -14.465  -14.596  -14.699    9613.6           y 
   60756.9  418.0  -14.445  -14.576  -14.679    9613.6           y 
 60759.036  420.0  -14.425  -14.556  -14.659    9613.6           y 
 60761.172  422.0  -14.405  -14.536   -14.64    9613.6           y 
 60763.308  424.0  -14.385  -14.516   -14.62    9613.6           y 
 60765.444  426.0  -14.365  -14.497  -14.601    9613.6           y 
  60767.58  428.0  -14.345  -14.477  -14.581    9613.6           y 
 60769.716  430.0  -14.325  -14.458  -14.562    9613.6           y 
 60771.852  432.0  -14.306  -14.439  -14.543    9613.6           y 
 60773.988  434.0  -14.286  -14.419  -14.524    9613.6           y 
 60776.124  436.0  -14.267    -14.4  -14.505    9613.6           y 
  60778.26  438.0  -14.248  -14.381  -14.486    9613.6           y 
 60780.396  440.0  -14.228  -14.362  -14.467    9613.6           y 
 60782.532  442.0  -14.209  -14.343  -14.448    9613.6           y 
 60784.668  444.0   -14.19  -14.324  -14.429    9613.6           y 
 60786.804  446.0  -14.171  -14.305  -14.411    9613.6           y 
  60788.94  448.0  -14.152  -14.286  -14.392    9613.6           y 
 60791.076  450.0  -14.134  -14.268  -14.374    9613.6           y 
 60793.212  452.0  -14.115  -14.249  -14.355    9613.6           y 
 60795.348  454.0  -14.096  -14.231  -14.337    9613.6           y 
 60797.484  456.0  -14.077  -14.213  -14.319    9613.6           y 
  60799.62  458.0  -14.058  -14.194    -14.3    9613.6           y 
 60801.756  460.0  -14.039  -14.176  -14.282    9613.6           y 
 60803.892  462.0  -14.021  -14.158  -14.264    9613.6           y 
 60806.028  464.0  -14.003   -14.14  -14.246    9613.6           y 
 60808.164  466.0  -13.985  -14.122  -14.228    9613.6           y 
   60810.3  468.0  -13.967  -14.105  -14.211    9613.6           y 
 60812.436  470.0  -13.949  -14.087  -14.193    9613.6           y 
 60814.572  472.0  -13.931  -14.069  -14.175    9613.6           y 
 60816.708  474.0  -13.913  -14.052  -14.157    9613.6           y 
 60818.844  476.0  -13.895  -14.034   -14.14    9613.6           y 
  60820.98  478.0  -13.878  -14.017  -14.122    9613.6           y 
 60823.116  480.0   -13.86  -13.999  -14.105    9613.6           y 
 60825.252  482.0  -13.843  -13.982  -14.088    9613.6           y 
 60827.388  484.0  -13.825  -13.965  -14.071    9613.6           y 
 60829.524  486.0  -13.808  -13.948  -14.054    9613.6           y 
  60831.66  488.0  -13.791   -13.93  -14.037    9613.6           y 
 60833.796  490.0  -13.773  -13.913   -14.02    9613.6           y 
 60835.932  492.0  -13.756  -13.896  -14.003    9613.6           y 
 60838.068  494.0  -13.739  -13.879  -13.986    9613.6           y 
 60840.204  496.0  -13.722  -13.863  -13.969    9613.6           y 
  60842.34  498.0  -13.705  -13.846  -13.953    9613.6           y 
 60844.476  500.0  -13.689  -13.829  -13.936    9613.6           y 
 60846.612  502.0  -13.672  -13.812   -13.92    9613.6           y 
 60848.748  504.0  -13.655  -13.796  -13.903    9613.6           y 
 60850.884  506.0  -13.638  -13.779  -13.887    9613.6           y 
  60853.02  508.0  -13.622  -13.763   -13.87    9613.6           y 
 60855.156  510.0  -13.605  -13.746  -13.854    9613.6           y 
 60857.292  512.0  -13.589   -13.73  -13.838    9613.6           y 
 60859.428  514.0  -13.572  -13.714  -13.822    9613.6           y 
 60861.564  516.0  -13.556  -13.698  -13.805    9613.6           y 
   60863.7  518.0   -13.54  -13.681  -13.789    9613.6           y 
 60865.836  520.0  -13.523  -13.665  -13.773    9613.6           y 
 60867.972  522.0  -13.507  -13.649  -13.758    9613.6           y 
 60870.108  524.0  -13.491  -13.633  -13.742    9613.6           y 
 60872.244  526.0  -13.475  -13.617  -13.726    9613.6           y 
  60874.38  528.0  -13.459  -13.601   -13.71    9613.6           y 
 60876.516  530.0  -13.443  -13.586  -13.694    9613.6           y 
 60878.652  532.0  -13.427   -13.57  -13.679    9613.6           y 
 60880.788  534.0  -13.412  -13.554  -13.663    9613.6           y 
 60882.924  536.0  -13.396  -13.539  -13.648    9613.6           y 
  60885.06  538.0   -13.38  -13.523  -13.632    9613.6           y 
 60887.196  540.0  -13.365  -13.507  -13.617    9613.6           y 
 60889.332  542.0  -13.349  -13.492  -13.601    9613.6           y 
 60891.468  544.0  -13.333  -13.477  -13.586    9613.6           y 
 60893.604  546.0  -13.318  -13.461  -13.571    9613.6           y 
  60895.74  548.0  -13.303  -13.446  -13.555    9613.6           y 
 60897.876  550.0  -13.287  -13.431   -13.54    9613.6           y 
 60900.012  552.0  -13.272  -13.415  -13.525    9613.6           y 
 60902.148  554.0  -13.257    -13.4   -13.51    9613.6           y 
 60904.284  556.0  -13.241  -13.385  -13.495    9613.6           y 
  60906.42  558.0  -13.226   -13.37   -13.48    9613.6           y 
 60908.556  560.0  -13.211  -13.355  -13.465    9613.6           y 
 60910.692  562.0  -13.196   -13.34   -13.45    9613.6           y 
 60912.828  564.0  -13.181  -13.325  -13.436    9613.6           y 
 60914.964  566.0  -13.166   -13.31  -13.421    9613.6           y 
   60917.1  568.0  -13.151  -13.296  -13.406    9613.6           y 
 60919.236  570.0  -13.136  -13.281  -13.392    9613.6           y 
 60921.372  572.0  -13.122  -13.266  -13.377    9613.6           y 
 60923.508  574.0  -13.107  -13.252  -13.362    9613.6           y 
 60925.644  576.0  -13.092  -13.237  -13.348    9613.6           y 
  60927.78  578.0  -13.078  -13.222  -13.333    9613.6           y 
 60929.916  580.0  -13.063  -13.208  -13.318    9613.6           y 
 60932.052  582.0  -13.048  -13.193  -13.304    9613.6           y 
 60934.188  584.0  -13.034  -13.178  -13.289    9613.6           y 
 60936.324  586.0  -13.019  -13.163  -13.275    9613.6           y 
  60938.46  588.0  -13.005  -13.149  -13.261    9613.6           y 
 60940.596  590.0  -12.991  -13.134  -13.246    9613.6           y 
 60942.732  592.0  -12.976  -13.119  -13.232    9613.6           y 
 60944.868  594.0  -12.962  -13.105  -13.218    9613.6           y 
 60947.004  596.0  -12.947   -13.09  -13.204    9613.6           y 
  60949.14  598.0  -12.933  -13.076   -13.19    9613.6           y 
 60951.276  600.0  -12.919  -13.061  -13.176    9613.6           y 
 60953.412  602.0  -12.904  -13.047  -13.161    9613.6           y 
 60955.548  604.0   -12.89  -13.033  -13.148    9613.6           y 
 60957.684  606.0  -12.876  -13.019  -13.134    9613.6           y 
  60959.82  608.0  -12.862  -13.005   -13.12    9613.6           y 
 60961.956  610.0  -12.849  -12.991  -13.106    9613.6           y 
 60964.092  612.0  -12.835  -12.977  -13.093    9613.6           y 
 60966.228  614.0  -12.821  -12.964  -13.079    9613.6           y 
 60968.364  616.0  -12.807   -12.95  -13.065    9613.6           y 
   60970.5  618.0  -12.794  -12.936  -13.052    9613.6           y 
 60972.636  620.0   -12.78  -12.922  -13.038    9613.6           y 
 60974.772  622.0  -12.766  -12.909  -13.025    9613.6           y 
 60976.908  624.0  -12.753  -12.895  -13.011    9613.6           y 
 60979.044  626.0  -12.739  -12.882  -12.998    9613.6           y 
  60981.18  628.0  -12.726  -12.868  -12.985    9613.6           y 
 60983.316  630.0  -12.713  -12.855  -12.971    9613.6           y 
 60985.452  632.0  -12.699  -12.841  -12.958    9613.6           y 
 60987.588  634.0  -12.686  -12.828  -12.945    9613.6           y 
 60989.724  636.0  -12.673  -12.814  -12.932    9613.6           y 
  60991.86  638.0  -12.659  -12.801  -12.919    9613.6           y 
 60993.996  640.0  -12.646  -12.788  -12.905    9613.6           y 
 60996.132  642.0  -12.633  -12.775  -12.892    9613.6           y 
 60998.268  644.0   -12.62  -12.761  -12.879    9613.6           y 
 61000.404  646.0  -12.607  -12.748  -12.866    9613.6           y 
  61002.54  648.0  -12.594  -12.735  -12.853    9613.6           y 
 61004.676  650.0  -12.581  -12.722   -12.84    9613.6           y 
 61006.812  652.0  -12.568  -12.709  -12.828    9613.6           y 
 61008.948  654.0  -12.555  -12.696  -12.815    9613.6           y 
 61011.084  656.0  -12.542  -12.683  -12.802    9613.6           y 
  61013.22  658.0  -12.529   -12.67  -12.789    9613.6           y 
 61015.356  660.0  -12.516  -12.657  -12.776    9613.6           y 
 61017.492  662.0  -12.503  -12.644  -12.764    9613.6           y 
 61019.628  664.0   -12.49  -12.631  -12.751    9613.6           y 
 61021.764  666.0  -12.477  -12.619  -12.738    9613.6           y 
   61023.9  668.0  -12.465  -12.606  -12.726    9613.6           y 
 61026.036  670.0  -12.452  -12.593  -12.713    9613.6           y 
 61028.172  672.0  -12.439  -12.581  -12.701    9613.6           y 
 61030.308  674.0  -12.427  -12.568  -12.688    9613.6           y 
 61032.444  676.0  -12.414  -12.555  -12.676    9613.6           y 
  61034.58  678.0  -12.401  -12.543  -12.664    9613.6           y 
 61036.716  680.0  -12.389   -12.53  -12.651    9613.6           y 
 61038.852  682.0  -12.376  -12.518  -12.639    9613.6           y 
 61040.988  684.0  -12.364  -12.505  -12.627    9613.6           y 
 61043.124  686.0  -12.352  -12.493  -12.614    9613.6           y 
  61045.26  688.0  -12.339  -12.481  -12.602    9613.6           y 
 61047.396  690.0  -12.327  -12.468   -12.59    9613.6           y 
 61049.532  692.0  -12.314  -12.456  -12.578    9613.6           y 
 61051.668  694.0  -12.302  -12.444  -12.566    9613.6           y 
 61053.804  696.0   -12.29  -12.431  -12.553    9613.6           y 
  61055.94  698.0  -12.278  -12.419  -12.541    9613.6           y 
 61058.076  700.0  -12.266  -12.407  -12.529    9613.6           y 
 61060.212  702.0  -12.253  -12.395  -12.517    9613.6           y 
 61062.348  704.0  -12.241  -12.383  -12.505    9613.6           y 
 61064.484  706.0  -12.229  -12.371  -12.494    9613.6           y 
  61066.62  708.0  -12.217  -12.359  -12.482    9613.6           y 
 61068.756  710.0  -12.205  -12.347   -12.47    9613.6           y 
 61070.892  712.0  -12.193  -12.335  -12.458    9613.6           y 
 61073.028  714.0  -12.181  -12.323  -12.446    9613.6           y 
 61075.164  716.0  -12.169  -12.311  -12.434    9613.6           y 
   61077.3  718.0  -12.158    -12.3  -12.423    9613.6           y 
 61079.436  720.0  -12.146  -12.288  -12.411    9613.6           y 
 61081.572  722.0  -12.134  -12.276  -12.399    9613.6           y 
 61083.708  724.0  -12.122  -12.264  -12.388    9613.6           y 
 61085.844  726.0   -12.11  -12.253  -12.376    9613.6           y 
  61087.98  728.0  -12.099  -12.241  -12.364    9613.6           y 
 61090.116  730.0  -12.087  -12.229  -12.353    9613.6           y 
 61092.252  732.0  -12.075  -12.218  -12.341    9613.6           y 
 61094.388  734.0  -12.064  -12.206   -12.33    9613.6           y 
 61096.524  736.0  -12.052  -12.194  -12.318    9613.6           y 
  61098.66  738.0  -12.041  -12.183  -12.307    9613.6           y 
 61100.796  740.0  -12.029  -12.171  -12.295    9613.6           y 
 61102.932  742.0  -12.018   -12.16  -12.284    9613.6           y 
 61105.068  744.0  -12.006  -12.149  -12.273    9613.6           y 
 61107.204  746.0  -11.995  -12.137  -12.261    9613.6           y 
  61109.34  748.0  -11.983  -12.126   -12.25    9613.6           y 
 61111.476  750.0  -11.972  -12.114  -12.239    9613.6           y 
 61113.612  752.0   -11.96  -12.103  -12.228    9613.6           y 
 61115.748  754.0  -11.949  -12.092  -12.216    9613.6           y 
 61117.884  756.0  -11.938  -12.081  -12.205    9613.6           y 
  61120.02  758.0  -11.926  -12.069  -12.194    9613.6           y 
 61122.156  760.0  -11.915  -12.058  -12.183    9613.6           y 
 61124.292  762.0  -11.904  -12.047  -12.172    9613.6           y 
 61126.428  764.0  -11.893  -12.036  -12.161    9613.6           y 
 61128.564  766.0  -11.881  -12.025   -12.15    9613.6           y 
   61130.7  768.0   -11.87  -12.014  -12.139    9613.6           y 
 61132.836  770.0  -11.859  -12.003  -12.128    9613.6           y 
 61134.972  772.0  -11.848  -11.992  -12.117    9613.6           y 
 61137.108  774.0  -11.837  -11.981  -12.106    9613.6           y 
 61139.244  776.0  -11.826   -11.97  -12.095    9613.6           y 
  61141.38  778.0  -11.815  -11.959  -12.084    9613.6           y 
 61143.516  780.0  -11.804  -11.948  -12.073    9613.6           y 
 61145.652  782.0  -11.793  -11.937  -12.063    9613.6           y 
 61147.788  784.0  -11.782  -11.927  -12.052    9613.6           y 
 61149.924  786.0  -11.771  -11.916  -12.041    9613.6           y 
  61152.06  788.0   -11.76  -11.905   -12.03    9613.6           y 
 61154.196  790.0  -11.749  -11.894   -12.02    9613.6           y 
 61156.332  792.0  -11.738  -11.884  -12.009    9613.6           y 
 61158.468  794.0  -11.728  -11.873  -11.998    9613.6           y 
 61160.604  796.0  -11.717  -11.862  -11.988    9613.6           y 
  61162.74  798.0  -11.706  -11.852  -11.977    9613.6           y 
 61164.876  800.0  -11.695  -11.841  -11.966    9613.6           y 
 60310.476    0.0      nan      nan      nan  12399.85           J 
  60311.01    0.5   -8.929  -11.027  -11.976  12399.85           J 
 60311.544    1.0    -9.38  -11.569  -12.575  12399.85           J 
 60312.078    1.5  -10.679  -12.296  -13.056  12399.85           J 
 60312.612    2.0  -11.581  -12.795  -13.464  12399.85           J 
 60313.146    2.5   -12.26  -13.228  -13.801  12399.85           J 
  60313.68    3.0  -12.784  -13.601  -14.078  12399.85           J 
 60314.214    3.5  -13.233  -13.921  -14.322  12399.85           J 
 60314.748    4.0  -13.638  -14.206  -14.553  12399.85           J 
 60315.282    4.5   -13.97  -14.449   -14.76  12399.85           J 
 60315.816    5.0  -14.255  -14.666  -14.948  12399.85           J 
  60316.35    5.5  -14.505  -14.863  -15.122  12399.85           J 
 60316.884    6.0  -14.725  -15.043   -15.28  12399.85           J 
 60317.418    6.5   -14.92  -15.205  -15.425  12399.85           J 
 60317.952    7.0  -15.096  -15.356  -15.564  12399.85           J 
 60318.486    7.5  -15.264  -15.498  -15.692  12399.85           J 
  60319.02    8.0  -15.416  -15.629  -15.809  12399.85           J 
 60319.554    8.5  -15.558  -15.754  -15.922  12399.85           J 
 60320.088    9.0  -15.688  -15.869  -16.031  12399.85           J 
 60320.622    9.5   -15.81  -15.978  -16.133  12399.85           J 
 60321.156   10.0  -15.925   -16.08  -16.231  12399.85           J 
  60321.69   10.5  -16.034  -16.181  -16.322  12399.85           J 
 60322.224   11.0  -16.137  -16.273   -16.41  12399.85           J 
 60322.758   11.5  -16.235   -16.36  -16.495  12399.85           J 
 60323.292   12.0  -16.329  -16.445  -16.576  12399.85           J 
 60323.826   12.5   -16.42  -16.528  -16.652  12399.85           J 
  60324.36   13.0  -16.506  -16.608  -16.727  12399.85           J 
 60324.894   13.5  -16.589  -16.687  -16.794  12399.85           J 
 60325.428   14.0  -16.664  -16.759   -16.86  12399.85           J 
 60325.962   14.5  -16.738  -16.831  -16.925  12399.85           J 
 60326.496   15.0  -16.808  -16.899  -16.987  12399.85           J 
  60327.03   15.5  -16.877  -16.964  -17.047  12399.85           J 
 60327.564   16.0  -16.945  -17.025  -17.106  12399.85           J 
 60328.098   16.5  -17.009  -17.083  -17.163  12399.85           J 
 60328.632   17.0  -17.071   -17.14  -17.218  12399.85           J 
 60329.166   17.5   -17.13  -17.198  -17.273  12399.85           J 
   60329.7   18.0  -17.188  -17.253  -17.326  12399.85           J 
 60330.234   18.5  -17.245  -17.305  -17.377  12399.85           J 
 60330.768   19.0  -17.299  -17.356  -17.425  12399.85           J 
 60331.302   19.5  -17.351  -17.405  -17.473  12399.85           J 
 60331.836   20.0  -17.401  -17.453  -17.519  12399.85           J 
  60332.37   20.5   -17.45    -17.5  -17.566  12399.85           J 
 60332.904   21.0  -17.497  -17.544  -17.611  12399.85           J 
 60333.438   21.5  -17.543  -17.589  -17.653  12399.85           J 
 60333.972   22.0  -17.587  -17.632  -17.694  12399.85           J 
 60334.506   22.5   -17.63  -17.673  -17.734  12399.85           J 
  60335.04   23.0  -17.671  -17.715  -17.773  12399.85           J 
 60335.574   23.5   -17.71  -17.754  -17.811  12399.85           J 
 60336.108   24.0  -17.751  -17.793  -17.848  12399.85           J 
 60336.642   24.5  -17.791  -17.832  -17.887  12399.85           J 
 60337.176   25.0  -17.829  -17.869  -17.923  12399.85           J 
  60337.71   25.5  -17.866  -17.905  -17.958  12399.85           J 
 60338.244   26.0  -17.903  -17.941  -17.992  12399.85           J 
 60338.778   26.5  -17.938  -17.975  -18.025  12399.85           J 
 60339.312   27.0  -17.972  -18.009  -18.058  12399.85           J 
 60339.846   27.5  -18.005  -18.042   -18.09  12399.85           J 
  60340.38   28.0  -18.038  -18.075  -18.122  12399.85           J 
 60340.914   28.5  -18.071  -18.107  -18.152  12399.85           J 
 60341.448   29.0  -18.102  -18.138  -18.182  12399.85           J 
 60341.982   29.5  -18.133  -18.169  -18.213  12399.85           J 
 60342.516   30.0  -18.161  -18.199  -18.242  12399.85           J 
  60343.05   30.5  -18.191  -18.228  -18.271  12399.85           J 
 60343.584   31.0   -18.22  -18.256  -18.299  12399.85           J 
 60344.118   31.5  -18.249  -18.284  -18.325  12399.85           J 
 60344.652   32.0  -18.278  -18.311  -18.351  12399.85           J 
 60345.186   32.5  -18.305  -18.337  -18.377  12399.85           J 
  60345.72   33.0  -18.331  -18.363  -18.404  12399.85           J 
 60346.254   33.5  -18.358  -18.389   -18.43  12399.85           J 
 60346.788   34.0  -18.383  -18.415  -18.456  12399.85           J 
 60347.322   34.5  -18.409   -18.44  -18.481  12399.85           J 
 60347.856   35.0  -18.433  -18.463  -18.505  12399.85           J 
  60348.39   35.5  -18.457  -18.487  -18.528  12399.85           J 
 60348.924   36.0   -18.48   -18.51  -18.551  12399.85           J 
 60349.458   36.5  -18.502  -18.533  -18.573  12399.85           J 
 60349.992   37.0  -18.525  -18.555  -18.596  12399.85           J 
 60350.526   37.5  -18.547  -18.578  -18.618  12399.85           J 
  60351.06   38.0  -18.568    -18.6   -18.64  12399.85           J 
 60351.594   38.5  -18.589  -18.621  -18.661  12399.85           J 
 60352.128   39.0   -18.61  -18.642  -18.682  12399.85           J 
 60352.662   39.5   -18.63  -18.663  -18.702  12399.85           J 
 60353.196   40.0   -18.65  -18.684  -18.722  12399.85           J 
  60353.73   40.5   -18.67  -18.704  -18.742  12399.85           J 
 60354.264   41.0   -18.69  -18.723  -18.761  12399.85           J 
 60354.798   41.5   -18.71  -18.743   -18.78  12399.85           J 
 60355.332   42.0   -18.73  -18.762  -18.799  12399.85           J 
 60355.866   42.5  -18.749  -18.781  -18.817  12399.85           J 
   60356.4   43.0  -18.768    -18.8  -18.835  12399.85           J 
 60356.934   43.5  -18.787  -18.818  -18.853  12399.85           J 
 60357.468   44.0  -18.805  -18.836  -18.871  12399.85           J 
 60358.002   44.5  -18.822  -18.854  -18.888  12399.85           J 
 60358.536   45.0  -18.839  -18.871  -18.905  12399.85           J 
  60359.07   45.5  -18.856  -18.887  -18.922  12399.85           J 
 60359.604   46.0  -18.873  -18.903   -18.94  12399.85           J 
 60360.138   46.5  -18.889  -18.919  -18.957  12399.85           J 
 60360.672   47.0  -18.905  -18.935  -18.973  12399.85           J 
 60361.206   47.5   -18.92   -18.95   -18.99  12399.85           J 
  60361.74   48.0  -18.935  -18.965  -19.005  12399.85           J 
 60362.274   48.5   -18.95   -18.98  -19.021  12399.85           J 
 60362.808   49.0  -18.965  -18.995  -19.036  12399.85           J 
 60363.342   49.5  -18.979   -19.01  -19.051  12399.85           J 
 60363.876   50.0  -18.993  -19.024  -19.065  12399.85           J 
  60364.41   50.5  -19.007  -19.039  -19.079  12399.85           J 
 60364.944   51.0  -19.021  -19.053  -19.094  12399.85           J 
 60365.478   51.5  -19.034  -19.067  -19.108  12399.85           J 
 60366.012   52.0  -19.048   -19.08  -19.121  12399.85           J 
 60366.546   52.5  -19.061  -19.094  -19.135  12399.85           J 
  60367.08   53.0  -19.074  -19.107  -19.148  12399.85           J 
 60367.614   53.5  -19.087   -19.12   -19.16  12399.85           J 
 60368.148   54.0  -19.099  -19.132  -19.173  12399.85           J 
 60368.682   54.5  -19.112  -19.145  -19.185  12399.85           J 
 60369.216   55.0  -19.124  -19.157  -19.197  12399.85           J 
  60369.75   55.5  -19.135  -19.168  -19.209  12399.85           J 
 60370.284   56.0  -19.147   -19.18   -19.22  12399.85           J 
 60370.818   56.5  -19.158  -19.191  -19.231  12399.85           J 
 60371.352   57.0  -19.169  -19.202  -19.242  12399.85           J 
 60371.886   57.5   -19.18  -19.213  -19.253  12399.85           J 
  60372.42   58.0  -19.191  -19.224  -19.263  12399.85           J 
 60372.954   58.5  -19.201  -19.234  -19.273  12399.85           J 
 60373.488   59.0  -19.211  -19.244  -19.284  12399.85           J 
 60374.022   59.5   -19.22  -19.254  -19.295  12399.85           J 
 60374.556   60.0   -19.23  -19.264  -19.305  12399.85           J 
  60375.09   60.5  -19.239  -19.274  -19.315  12399.85           J 
 60375.624   61.0  -19.248  -19.283  -19.325  12399.85           J 
 60376.158   61.5  -19.258  -19.293  -19.335  12399.85           J 
 60376.692   62.0  -19.266  -19.302  -19.344  12399.85           J 
 60377.226   62.5  -19.275  -19.311  -19.353  12399.85           J 
  60377.76   63.0  -19.284   -19.32  -19.362  12399.85           J 
 60378.294   63.5  -19.292  -19.328  -19.371  12399.85           J 
 60378.828   64.0    -19.3  -19.337   -19.38  12399.85           J 
 60379.362   64.5  -19.308  -19.345  -19.389  12399.85           J 
 60379.896   65.0  -19.316  -19.354  -19.397  12399.85           J 
  60380.43   65.5  -19.324  -19.362  -19.405  12399.85           J 
 60380.964   66.0  -19.331   -19.37  -19.413  12399.85           J 
 60381.498   66.5  -19.339  -19.377  -19.421  12399.85           J 
 60382.032   67.0  -19.346  -19.385  -19.428  12399.85           J 
 60382.566   67.5  -19.353  -19.392  -19.435  12399.85           J 
   60383.1   68.0  -19.361  -19.399  -19.442  12399.85           J 
 60383.634   68.5  -19.367  -19.406   -19.45  12399.85           J 
 60384.168   69.0  -19.374  -19.413  -19.457  12399.85           J 
 60384.702   69.5  -19.381   -19.42  -19.463  12399.85           J 
 60385.236   70.0  -19.387  -19.426   -19.47  12399.85           J 
  60385.77   70.5  -19.393  -19.432  -19.477  12399.85           J 
 60386.304   71.0  -19.399  -19.438  -19.483  12399.85           J 
 60386.838   71.5  -19.405  -19.444  -19.489  12399.85           J 
 60387.372   72.0   -19.41   -19.45  -19.495  12399.85           J 
 60387.906   72.5  -19.415  -19.456    -19.5  12399.85           J 
  60388.44   73.0   -19.42  -19.461  -19.506  12399.85           J 
 60388.974   73.5  -19.425  -19.466  -19.511  12399.85           J 
 60389.508   74.0   -19.43  -19.471  -19.516  12399.85           J 
 60390.042   74.5  -19.435  -19.476  -19.521  12399.85           J 
 60390.576   75.0   -19.44  -19.481  -19.526  12399.85           J 
  60391.11   75.5  -19.445  -19.486   -19.53  12399.85           J 
 60391.644   76.0  -19.449  -19.491  -19.535  12399.85           J 
 60392.178   76.5  -19.454  -19.495  -19.539  12399.85           J 
 60392.712   77.0  -19.458  -19.499  -19.543  12399.85           J 
 60393.246   77.5  -19.462  -19.504  -19.547  12399.85           J 
  60393.78   78.0  -19.465  -19.507  -19.551  12399.85           J 
 60394.314   78.5  -19.469  -19.511  -19.555  12399.85           J 
 60394.848   79.0  -19.472  -19.515  -19.559  12399.85           J 
 60395.382   79.5  -19.475  -19.518  -19.563  12399.85           J 
 60395.916   80.0  -19.479  -19.522  -19.567  12399.85           J 
  60396.45   80.5  -19.482  -19.525   -19.57  12399.85           J 
 60396.984   81.0  -19.485  -19.529  -19.574  12399.85           J 
 60397.518   81.5  -19.487  -19.531  -19.577  12399.85           J 
 60398.052   82.0   -19.49  -19.534   -19.58  12399.85           J 
 60398.586   82.5  -19.493  -19.537  -19.583  12399.85           J 
  60399.12   83.0  -19.495  -19.539  -19.585  12399.85           J 
 60399.654   83.5  -19.497  -19.542  -19.588  12399.85           J 
 60400.188   84.0  -19.499  -19.544  -19.591  12399.85           J 
 60400.722   84.5  -19.501  -19.546  -19.593  12399.85           J 
 60401.256   85.0  -19.503  -19.549  -19.595  12399.85           J 
  60401.79   85.5  -19.505  -19.551  -19.597  12399.85           J 
 60402.324   86.0  -19.507  -19.553  -19.599  12399.85           J 
 60402.858   86.5  -19.509  -19.555  -19.601  12399.85           J 
 60403.392   87.0  -19.511  -19.557  -19.602  12399.85           J 
 60403.926   87.5  -19.512  -19.559  -19.604  12399.85           J 
  60404.46   88.0  -19.514   -19.56  -19.605  12399.85           J 
 60404.994   88.5  -19.516  -19.562  -19.607  12399.85           J 
 60405.528   89.0  -19.517  -19.563  -19.608  12399.85           J 
 60406.062   89.5  -19.518  -19.564  -19.609  12399.85           J 
 60406.596   90.0  -19.519  -19.565  -19.611  12399.85           J 
  60407.13   90.5   -19.52  -19.566  -19.612  12399.85           J 
 60407.664   91.0  -19.521  -19.566  -19.613  12399.85           J 
 60408.198   91.5  -19.522  -19.567  -19.614  12399.85           J 
 60408.732   92.0  -19.522  -19.567  -19.615  12399.85           J 
 60409.266   92.5  -19.522  -19.567  -19.615  12399.85           J 
   60409.8   93.0  -19.522  -19.567  -19.616  12399.85           J 
 60410.334   93.5  -19.522  -19.567  -19.616  12399.85           J 
 60410.868   94.0  -19.521  -19.567  -19.615  12399.85           J 
 60411.402   94.5  -19.521  -19.567  -19.615  12399.85           J 
 60411.936   95.0  -19.521  -19.567  -19.614  12399.85           J 
  60412.47   95.5   -19.52  -19.566  -19.614  12399.85           J 
 60413.004   96.0   -19.52  -19.566  -19.614  12399.85           J 
 60413.538   96.5  -19.519  -19.565  -19.613  12399.85           J 
 60414.072   97.0  -19.518  -19.564  -19.612  12399.85           J 
 60414.606   97.5  -19.517  -19.564  -19.612  12399.85           J 
  60415.14   98.0  -19.516  -19.563  -19.611  12399.85           J 
 60415.674   98.5  -19.515  -19.561   -19.61  12399.85           J 
 60416.208   99.0  -19.513   -19.56  -19.609  12399.85           J 
 60416.742   99.5  -19.512  -19.559  -19.608  12399.85           J 
 60417.276  100.0   -19.51  -19.557  -19.606  12399.85           J 
 60417.276  100.0   -19.51  -19.557  -19.606  12399.85           J 
 60419.412  102.0  -19.503   -19.55    -19.6  12399.85           J 
 60421.548  104.0  -19.494  -19.542  -19.592  12399.85           J 
 60423.684  106.0  -19.485  -19.533  -19.584  12399.85           J 
  60425.82  108.0  -19.475  -19.522  -19.573  12399.85           J 
 60427.956  110.0  -19.463  -19.507  -19.559  12399.85           J 
 60430.092  112.0  -19.444  -19.491  -19.541  12399.85           J 
 60432.228  114.0  -19.418  -19.466  -19.523  12399.85           J 
 60434.364  116.0   -19.38  -19.433  -19.482  12399.85           J 
   60436.5  118.0  -19.329  -19.384  -19.438  12399.85           J 
 60438.636  120.0  -19.275  -19.332  -19.392  12399.85           J 
 60440.772  122.0  -19.221  -19.279   -19.34  12399.85           J 
 60442.908  124.0  -19.167  -19.227  -19.287  12399.85           J 
 60445.044  126.0  -19.113  -19.175  -19.235  12399.85           J 
  60447.18  128.0  -19.059  -19.123  -19.183  12399.85           J 
 60449.316  130.0  -19.005  -19.069  -19.131  12399.85           J 
 60451.452  132.0  -18.949  -19.017  -19.078  12399.85           J 
 60453.588  134.0  -18.894  -18.964  -19.025  12399.85           J 
 60455.724  136.0   -18.84  -18.911  -18.972  12399.85           J 
  60457.86  138.0  -18.786  -18.858  -18.919  12399.85           J 
 60459.996  140.0  -18.733  -18.806  -18.867  12399.85           J 
 60462.132  142.0  -18.681  -18.753  -18.816  12399.85           J 
 60464.268  144.0  -18.629    -18.7  -18.764  12399.85           J 
 60466.404  146.0  -18.578  -18.648  -18.713  12399.85           J 
  60468.54  148.0  -18.528  -18.598  -18.662  12399.85           J 
 60470.676  150.0  -18.476  -18.549  -18.611  12399.85           J 
 60472.812  152.0  -18.425    -18.5  -18.561  12399.85           J 
 60474.948  154.0  -18.377  -18.452  -18.512  12399.85           J 
 60477.084  156.0   -18.33  -18.403  -18.464  12399.85           J 
  60479.22  158.0  -18.284  -18.355  -18.416  12399.85           J 
 60481.356  160.0  -18.235  -18.308  -18.367  12399.85           J 
 60483.492  162.0  -18.185  -18.261  -18.321  12399.85           J 
 60485.628  164.0  -18.136  -18.214  -18.276  12399.85           J 
 60487.764  166.0   -18.09  -18.168  -18.231  12399.85           J 
   60489.9  168.0  -18.045  -18.121  -18.188  12399.85           J 
 60492.036  170.0  -17.998  -18.077  -18.143  12399.85           J 
 60494.172  172.0  -17.953  -18.032  -18.098  12399.85           J 
 60496.308  174.0  -17.909  -17.988  -18.053  12399.85           J 
 60498.444  176.0  -17.865  -17.941   -18.01  12399.85           J 
  60500.58  178.0  -17.821  -17.896  -17.966  12399.85           J 
 60502.716  180.0  -17.777  -17.854  -17.924  12399.85           J 
 60504.852  182.0  -17.733  -17.811  -17.881  12399.85           J 
 60506.988  184.0  -17.689  -17.768  -17.838  12399.85           J 
 60509.124  186.0  -17.647  -17.725  -17.796  12399.85           J 
  60511.26  188.0  -17.604  -17.682  -17.754  12399.85           J 
 60513.396  190.0  -17.562   -17.64  -17.714  12399.85           J 
 60515.532  192.0  -17.519  -17.599  -17.675  12399.85           J 
 60517.668  194.0  -17.477  -17.557  -17.636  12399.85           J 
 60519.804  196.0  -17.437  -17.517  -17.596  12399.85           J 
  60521.94  198.0  -17.395  -17.476  -17.558  12399.85           J 
 60524.076  200.0  -17.354  -17.437  -17.519  12399.85           J 
 60526.212  202.0  -17.312  -17.398  -17.481  12399.85           J 
 60528.348  204.0  -17.272   -17.36  -17.442  12399.85           J 
 60530.484  206.0  -17.233  -17.323  -17.405  12399.85           J 
  60532.62  208.0  -17.194  -17.286  -17.368  12399.85           J 
 60534.756  210.0  -17.155  -17.248   -17.33  12399.85           J 
 60536.892  212.0  -17.118   -17.21  -17.292  12399.85           J 
 60539.028  214.0   -17.08  -17.174  -17.255  12399.85           J 
 60541.164  216.0  -17.043  -17.137  -17.218  12399.85           J 
   60543.3  218.0  -17.007  -17.101  -17.182  12399.85           J 
 60545.436  220.0  -16.971  -17.065  -17.147  12399.85           J 
 60547.572  222.0  -16.935   -17.03  -17.112  12399.85           J 
 60549.708  224.0    -16.9  -16.995  -17.077  12399.85           J 
 60551.844  226.0  -16.864   -16.96  -17.043  12399.85           J 
  60553.98  228.0   -16.83  -16.925  -17.009  12399.85           J 
 60556.116  230.0  -16.795  -16.891  -16.975  12399.85           J 
 60558.252  232.0  -16.761  -16.857  -16.942  12399.85           J 
 60560.388  234.0  -16.727  -16.823   -16.91  12399.85           J 
 60562.524  236.0  -16.692   -16.79  -16.876  12399.85           J 
  60564.66  238.0  -16.658  -16.757  -16.843  12399.85           J 
 60566.796  240.0  -16.624  -16.724   -16.81  12399.85           J 
 60568.932  242.0  -16.591  -16.691  -16.779  12399.85           J 
 60571.068  244.0  -16.557  -16.658  -16.747  12399.85           J 
 60573.204  246.0  -16.524  -16.625  -16.716  12399.85           J 
  60575.34  248.0  -16.491  -16.592  -16.684  12399.85           J 
 60577.476  250.0  -16.459  -16.559  -16.653  12399.85           J 
 60579.612  252.0  -16.427  -16.527  -16.622  12399.85           J 
 60581.748  254.0  -16.395  -16.494  -16.591  12399.85           J 
 60583.884  256.0  -16.363  -16.463   -16.56  12399.85           J 
  60586.02  258.0  -16.332  -16.431  -16.529  12399.85           J 
 60588.156  260.0    -16.3    -16.4  -16.498  12399.85           J 
 60590.292  262.0  -16.269  -16.369  -16.467  12399.85           J 
 60592.428  264.0  -16.238  -16.338  -16.437  12399.85           J 
 60594.564  266.0  -16.207  -16.307  -16.406  12399.85           J 
   60596.7  268.0  -16.176  -16.277  -16.376  12399.85           J 
 60598.836  270.0  -16.145  -16.247  -16.347  12399.85           J 
 60600.972  272.0  -16.114  -16.217  -16.318  12399.85           J 
 60603.108  274.0  -16.084  -16.188  -16.289  12399.85           J 
 60605.244  276.0  -16.054  -16.159   -16.26  12399.85           J 
  60607.38  278.0  -16.024   -16.13  -16.232  12399.85           J 
 60609.516  280.0  -15.995  -16.101  -16.204  12399.85           J 
 60611.652  282.0  -15.966  -16.072  -16.176  12399.85           J 
 60613.788  284.0  -15.937  -16.044  -16.148  12399.85           J 
 60615.924  286.0  -15.909  -16.015   -16.12  12399.85           J 
  60618.06  288.0  -15.881  -15.987  -16.093  12399.85           J 
 60620.196  290.0  -15.853  -15.959  -16.066  12399.85           J 
 60622.332  292.0  -15.825  -15.931  -16.039  12399.85           J 
 60624.468  294.0  -15.797  -15.904  -16.012  12399.85           J 
 60626.604  296.0   -15.77  -15.877  -15.985  12399.85           J 
  60628.74  298.0  -15.743   -15.85  -15.958  12399.85           J 
 60630.876  300.0  -15.716  -15.823  -15.932  12399.85           J 
 60633.012  302.0  -15.689  -15.796  -15.906  12399.85           J 
 60635.148  304.0  -15.662   -15.77   -15.88  12399.85           J 
 60637.284  306.0  -15.636  -15.743  -15.854  12399.85           J 
  60639.42  308.0  -15.609  -15.717  -15.828  12399.85           J 
 60641.556  310.0  -15.583  -15.691  -15.802  12399.85           J 
 60643.692  312.0  -15.557  -15.665  -15.777  12399.85           J 
 60645.828  314.0  -15.531   -15.64  -15.751  12399.85           J 
 60647.964  316.0  -15.505  -15.614  -15.726  12399.85           J 
   60650.1  318.0  -15.479  -15.589  -15.701  12399.85           J 
 60652.236  320.0  -15.454  -15.563  -15.676  12399.85           J 
 60654.372  322.0  -15.428  -15.538  -15.651  12399.85           J 
 60656.508  324.0  -15.403  -15.513  -15.627  12399.85           J 
 60658.644  326.0  -15.378  -15.488  -15.602  12399.85           J 
  60660.78  328.0  -15.353  -15.463  -15.578  12399.85           J 
 60662.916  330.0  -15.328  -15.438  -15.553  12399.85           J 
 60665.052  332.0  -15.304  -15.414  -15.529  12399.85           J 
 60667.188  334.0  -15.279  -15.389  -15.505  12399.85           J 
 60669.324  336.0  -15.255  -15.365  -15.481  12399.85           J 
  60671.46  338.0  -15.231  -15.341  -15.458  12399.85           J 
 60673.596  340.0  -15.207  -15.317  -15.434  12399.85           J 
 60675.732  342.0  -15.183  -15.293   -15.41  12399.85           J 
 60677.868  344.0  -15.159  -15.269  -15.387  12399.85           J 
 60680.004  346.0  -15.135  -15.245  -15.363  12399.85           J 
  60682.14  348.0  -15.111  -15.222   -15.34  12399.85           J 
 60684.276  350.0  -15.088  -15.198  -15.317  12399.85           J 
 60686.412  352.0  -15.064  -15.175  -15.294  12399.85           J 
 60688.548  354.0  -15.041  -15.152  -15.271  12399.85           J 
 60690.684  356.0  -15.018  -15.129  -15.249  12399.85           J 
  60692.82  358.0  -14.995  -15.106  -15.226  12399.85           J 
 60694.956  360.0  -14.971  -15.083  -15.203  12399.85           J 
 60697.092  362.0  -14.948  -15.061  -15.181  12399.85           J 
 60699.228  364.0  -14.924  -15.038  -15.159  12399.85           J 
 60701.364  366.0    -14.9  -15.016  -15.136  12399.85           J 
   60703.5  368.0  -14.877  -14.994  -15.114  12399.85           J 
 60705.636  370.0  -14.854  -14.972  -15.092  12399.85           J 
 60707.772  372.0   -14.83  -14.949   -15.07  12399.85           J 
 60709.908  374.0  -14.807  -14.927  -15.049  12399.85           J 
 60712.044  376.0  -14.784  -14.905  -15.027  12399.85           J 
  60714.18  378.0  -14.762  -14.884  -15.005  12399.85           J 
 60716.316  380.0  -14.739  -14.862  -14.983  12399.85           J 
 60718.452  382.0  -14.716   -14.84  -14.961  12399.85           J 
 60720.588  384.0  -14.694  -14.819  -14.939  12399.85           J 
 60722.724  386.0  -14.671  -14.797  -14.917  12399.85           J 
  60724.86  388.0   -14.65  -14.776  -14.896  12399.85           J 
 60726.996  390.0  -14.628  -14.754  -14.875  12399.85           J 
 60729.132  392.0  -14.606  -14.733  -14.855  12399.85           J 
 60731.268  394.0  -14.584  -14.712  -14.834  12399.85           J 
 60733.404  396.0  -14.563  -14.691  -14.813  12399.85           J 
  60735.54  398.0  -14.542   -14.67  -14.793  12399.85           J 
 60737.676  400.0  -14.521  -14.649  -14.773  12399.85           J 
 60739.812  402.0    -14.5  -14.628  -14.752  12399.85           J 
 60741.948  404.0  -14.479  -14.607  -14.732  12399.85           J 
 60744.084  406.0  -14.459  -14.586  -14.712  12399.85           J 
  60746.22  408.0  -14.438  -14.565  -14.692  12399.85           J 
 60748.356  410.0  -14.418  -14.544  -14.672  12399.85           J 
 60750.492  412.0  -14.397  -14.524  -14.652  12399.85           J 
 60752.628  414.0  -14.376  -14.503  -14.632  12399.85           J 
 60754.764  416.0  -14.355  -14.483  -14.613  12399.85           J 
   60756.9  418.0  -14.335  -14.463  -14.593  12399.85           J 
 60759.036  420.0  -14.315  -14.443  -14.573  12399.85           J 
 60761.172  422.0  -14.294  -14.423  -14.553  12399.85           J 
 60763.308  424.0  -14.274  -14.404  -14.533  12399.85           J 
 60765.444  426.0  -14.254  -14.384  -14.513  12399.85           J 
  60767.58  428.0  -14.234  -14.364  -14.494  12399.85           J 
 60769.716  430.0  -14.214  -14.345  -14.474  12399.85           J 
 60771.852  432.0  -14.194  -14.325  -14.455  12399.85           J 
 60773.988  434.0  -14.175  -14.306  -14.435  12399.85           J 
 60776.124  436.0  -14.155  -14.287  -14.416  12399.85           J 
  60778.26  438.0  -14.136  -14.268  -14.397  12399.85           J 
 60780.396  440.0  -14.116  -14.249  -14.378  12399.85           J 
 60782.532  442.0  -14.097   -14.23  -14.359  12399.85           J 
 60784.668  444.0  -14.078  -14.211   -14.34  12399.85           J 
 60786.804  446.0  -14.059  -14.192  -14.321  12399.85           J 
  60788.94  448.0  -14.041  -14.173  -14.302  12399.85           J 
 60791.076  450.0  -14.022  -14.154  -14.284  12399.85           J 
 60793.212  452.0  -14.003  -14.136  -14.265  12399.85           J 
 60795.348  454.0  -13.985  -14.117  -14.246  12399.85           J 
 60797.484  456.0  -13.966  -14.099  -14.228  12399.85           J 
  60799.62  458.0  -13.948  -14.081  -14.209  12399.85           J 
 60801.756  460.0   -13.93  -14.062  -14.191  12399.85           J 
 60803.892  462.0  -13.912  -14.044  -14.173  12399.85           J 
 60806.028  464.0  -13.893  -14.026  -14.154  12399.85           J 
 60808.164  466.0  -13.875  -14.007  -14.136  12399.85           J 
   60810.3  468.0  -13.857  -13.989  -14.118  12399.85           J 
 60812.436  470.0  -13.839  -13.971    -14.1  12399.85           J 
 60814.572  472.0  -13.822  -13.953  -14.082  12399.85           J 
 60816.708  474.0  -13.804  -13.935  -14.064  12399.85           J 
 60818.844  476.0  -13.786  -13.918  -14.047  12399.85           J 
  60820.98  478.0  -13.768    -13.9  -14.029  12399.85           J 
 60823.116  480.0  -13.751  -13.883  -14.011  12399.85           J 
 60825.252  482.0  -13.733  -13.865  -13.993  12399.85           J 
 60827.388  484.0  -13.716  -13.848  -13.976  12399.85           J 
 60829.524  486.0  -13.699  -13.831  -13.958  12399.85           J 
  60831.66  488.0  -13.681  -13.814  -13.941  12399.85           J 
 60833.796  490.0  -13.663  -13.797  -13.924  12399.85           J 
 60835.932  492.0  -13.646   -13.78  -13.907  12399.85           J 
 60838.068  494.0  -13.628  -13.763  -13.889  12399.85           J 
 60840.204  496.0  -13.611  -13.746  -13.872  12399.85           J 
  60842.34  498.0  -13.594  -13.729  -13.856  12399.85           J 
 60844.476  500.0  -13.577  -13.712  -13.839  12399.85           J 
 60846.612  502.0   -13.56  -13.695  -13.822  12399.85           J 
 60848.748  504.0  -13.543  -13.678  -13.806  12399.85           J 
 60850.884  506.0  -13.526  -13.661  -13.789  12399.85           J 
  60853.02  508.0   -13.51  -13.645  -13.773  12399.85           J 
 60855.156  510.0  -13.493  -13.628  -13.756  12399.85           J 
 60857.292  512.0  -13.476  -13.612   -13.74  12399.85           J 
 60859.428  514.0  -13.459  -13.595  -13.724  12399.85           J 
 60861.564  516.0  -13.443  -13.579  -13.708  12399.85           J 
   60863.7  518.0  -13.426  -13.563  -13.692  12399.85           J 
 60865.836  520.0   -13.41  -13.546  -13.675  12399.85           J 
 60867.972  522.0  -13.394   -13.53  -13.659  12399.85           J 
 60870.108  524.0  -13.378  -13.514  -13.643  12399.85           J 
 60872.244  526.0  -13.362  -13.498  -13.628  12399.85           J 
  60874.38  528.0  -13.346  -13.482  -13.612  12399.85           J 
 60876.516  530.0   -13.33  -13.467  -13.596  12399.85           J 
 60878.652  532.0  -13.314  -13.451   -13.58  12399.85           J 
 60880.788  534.0  -13.298  -13.435  -13.565  12399.85           J 
 60882.924  536.0  -13.282  -13.419  -13.549  12399.85           J 
  60885.06  538.0  -13.267  -13.404  -13.533  12399.85           J 
 60887.196  540.0  -13.251  -13.388  -13.518  12399.85           J 
 60889.332  542.0  -13.235  -13.373  -13.502  12399.85           J 
 60891.468  544.0   -13.22  -13.357  -13.487  12399.85           J 
 60893.604  546.0  -13.204  -13.342  -13.472  12399.85           J 
  60895.74  548.0  -13.189  -13.327  -13.456  12399.85           J 
 60897.876  550.0  -13.174  -13.311  -13.441  12399.85           J 
 60900.012  552.0  -13.158  -13.296  -13.426  12399.85           J 
 60902.148  554.0  -13.143  -13.281  -13.411  12399.85           J 
 60904.284  556.0  -13.128  -13.266  -13.396  12399.85           J 
  60906.42  558.0  -13.113  -13.251  -13.381  12399.85           J 
 60908.556  560.0  -13.098  -13.236  -13.366  12399.85           J 
 60910.692  562.0  -13.083  -13.221  -13.351  12399.85           J 
 60912.828  564.0  -13.068  -13.206  -13.336  12399.85           J 
 60914.964  566.0  -13.053  -13.191  -13.321  12399.85           J 
   60917.1  568.0  -13.038  -13.176  -13.307  12399.85           J 
 60919.236  570.0  -13.023  -13.161  -13.292  12399.85           J 
 60921.372  572.0  -13.008  -13.147  -13.277  12399.85           J 
 60923.508  574.0  -12.994  -13.132  -13.263  12399.85           J 
 60925.644  576.0  -12.979  -13.117  -13.248  12399.85           J 
  60927.78  578.0  -12.964  -13.103  -13.233  12399.85           J 
 60929.916  580.0   -12.95  -13.088  -13.219  12399.85           J 
 60932.052  582.0  -12.935  -13.074  -13.205  12399.85           J 
 60934.188  584.0   -12.92  -13.059   -13.19  12399.85           J 
 60936.324  586.0  -12.906  -13.045  -13.176  12399.85           J 
  60938.46  588.0  -12.891  -13.031  -13.162  12399.85           J 
 60940.596  590.0  -12.877  -13.016  -13.147  12399.85           J 
 60942.732  592.0  -12.862  -13.002  -13.133  12399.85           J 
 60944.868  594.0  -12.848  -12.988  -13.119  12399.85           J 
 60947.004  596.0  -12.833  -12.974  -13.105  12399.85           J 
  60949.14  598.0  -12.819   -12.96  -13.091  12399.85           J 
 60951.276  600.0  -12.805  -12.945  -13.077  12399.85           J 
 60953.412  602.0   -12.79  -12.931  -13.063  12399.85           J 
 60955.548  604.0  -12.776  -12.918  -13.049  12399.85           J 
 60957.684  606.0  -12.762  -12.904  -13.035  12399.85           J 
  60959.82  608.0  -12.748   -12.89  -13.021  12399.85           J 
 60961.956  610.0  -12.734  -12.876  -13.007  12399.85           J 
 60964.092  612.0   -12.72  -12.862  -12.993  12399.85           J 
 60966.228  614.0  -12.706  -12.849   -12.98  12399.85           J 
 60968.364  616.0  -12.692  -12.835  -12.966  12399.85           J 
   60970.5  618.0  -12.678  -12.821  -12.952  12399.85           J 
 60972.636  620.0  -12.664  -12.808  -12.939  12399.85           J 
 60974.772  622.0  -12.651  -12.794  -12.925  12399.85           J 
 60976.908  624.0  -12.637  -12.781  -12.911  12399.85           J 
 60979.044  626.0  -12.623  -12.767  -12.898  12399.85           J 
  60981.18  628.0   -12.61  -12.754  -12.884  12399.85           J 
 60983.316  630.0  -12.596  -12.741  -12.871  12399.85           J 
 60985.452  632.0  -12.583  -12.727  -12.858  12399.85           J 
 60987.588  634.0  -12.569  -12.714  -12.844  12399.85           J 
 60989.724  636.0  -12.556  -12.701  -12.831  12399.85           J 
  60991.86  638.0  -12.542  -12.688  -12.818  12399.85           J 
 60993.996  640.0  -12.529  -12.674  -12.805  12399.85           J 
 60996.132  642.0  -12.516  -12.661  -12.791  12399.85           J 
 60998.268  644.0  -12.502  -12.648  -12.778  12399.85           J 
 61000.404  646.0  -12.489  -12.635  -12.765  12399.85           J 
  61002.54  648.0  -12.476  -12.622  -12.752  12399.85           J 
 61004.676  650.0  -12.463  -12.609  -12.739  12399.85           J 
 61006.812  652.0   -12.45  -12.596  -12.726  12399.85           J 
 61008.948  654.0  -12.437  -12.583  -12.713  12399.85           J 
 61011.084  656.0  -12.423   -12.57    -12.7  12399.85           J 
  61013.22  658.0   -12.41  -12.557  -12.687  12399.85           J 
 61015.356  660.0  -12.398  -12.545  -12.675  12399.85           J 
 61017.492  662.0  -12.385  -12.532  -12.662  12399.85           J 
 61019.628  664.0  -12.372  -12.519  -12.649  12399.85           J 
 61021.764  666.0  -12.359  -12.507  -12.636  12399.85           J 
   61023.9  668.0  -12.346  -12.494  -12.624  12399.85           J 
 61026.036  670.0  -12.333  -12.481  -12.611  12399.85           J 
 61028.172  672.0  -12.321  -12.469  -12.598  12399.85           J 
 61030.308  674.0  -12.308  -12.456  -12.586  12399.85           J 
 61032.444  676.0  -12.295  -12.444  -12.573  12399.85           J 
  61034.58  678.0  -12.283  -12.431  -12.561  12399.85           J 
 61036.716  680.0   -12.27  -12.419  -12.548  12399.85           J 
 61038.852  682.0  -12.258  -12.407  -12.536  12399.85           J 
 61040.988  684.0  -12.245  -12.394  -12.524  12399.85           J 
 61043.124  686.0  -12.233  -12.382  -12.511  12399.85           J 
  61045.26  688.0  -12.221   -12.37  -12.499  12399.85           J 
 61047.396  690.0  -12.208  -12.357  -12.487  12399.85           J 
 61049.532  692.0  -12.196  -12.345  -12.475  12399.85           J 
 61051.668  694.0  -12.184  -12.333  -12.463  12399.85           J 
 61053.804  696.0  -12.171  -12.321   -12.45  12399.85           J 
  61055.94  698.0  -12.159  -12.309  -12.438  12399.85           J 
 61058.076  700.0  -12.147  -12.297  -12.426  12399.85           J 
 61060.212  702.0  -12.135  -12.285  -12.414  12399.85           J 
 61062.348  704.0  -12.123  -12.273  -12.402  12399.85           J 
 61064.484  706.0  -12.111  -12.261   -12.39  12399.85           J 
  61066.62  708.0  -12.099  -12.249  -12.378  12399.85           J 
 61068.756  710.0  -12.087  -12.237  -12.366  12399.85           J 
 61070.892  712.0  -12.075  -12.225  -12.355  12399.85           J 
 61073.028  714.0  -12.063  -12.213  -12.343  12399.85           J 
 61075.164  716.0  -12.051  -12.201  -12.331  12399.85           J 
   61077.3  718.0  -12.039   -12.19  -12.319  12399.85           J 
 61079.436  720.0  -12.027  -12.178  -12.308  12399.85           J 
 61081.572  722.0  -12.015  -12.166  -12.296  12399.85           J 
 61083.708  724.0  -12.004  -12.155  -12.284  12399.85           J 
 61085.844  726.0  -11.992  -12.143  -12.273  12399.85           J 
  61087.98  728.0   -11.98  -12.131  -12.261  12399.85           J 
 61090.116  730.0  -11.968   -12.12  -12.249  12399.85           J 
 61092.252  732.0  -11.957  -12.108  -12.238  12399.85           J 
 61094.388  734.0  -11.945  -12.097  -12.226  12399.85           J 
 61096.524  736.0  -11.934  -12.085  -12.215  12399.85           J 
  61098.66  738.0  -11.922  -12.074  -12.203  12399.85           J 
 61100.796  740.0   -11.91  -12.062  -12.192  12399.85           J 
 61102.932  742.0  -11.899  -12.051  -12.181  12399.85           J 
 61105.068  744.0  -11.887   -12.04  -12.169  12399.85           J 
 61107.204  746.0  -11.876  -12.028  -12.158  12399.85           J 
  61109.34  748.0  -11.865  -12.017  -12.147  12399.85           J 
 61111.476  750.0  -11.853  -12.006  -12.135  12399.85           J 
 61113.612  752.0  -11.842  -11.994  -12.124  12399.85           J 
 61115.748  754.0  -11.831  -11.983  -12.113  12399.85           J 
 61117.884  756.0  -11.819  -11.972  -12.102  12399.85           J 
  61120.02  758.0  -11.808  -11.961   -12.09  12399.85           J 
 61122.156  760.0  -11.797   -11.95  -12.079  12399.85           J 
 61124.292  762.0  -11.786  -11.939  -12.068  12399.85           J 
 61126.428  764.0  -11.774  -11.927  -12.057  12399.85           J 
 61128.564  766.0  -11.763  -11.916  -12.046  12399.85           J 
   61130.7  768.0  -11.752  -11.905  -12.035  12399.85           J 
 61132.836  770.0  -11.741  -11.894  -12.024  12399.85           J 
 61134.972  772.0   -11.73  -11.883  -12.013  12399.85           J 
 61137.108  774.0  -11.719  -11.872  -12.002  12399.85           J 
 61139.244  776.0  -11.708  -11.862  -11.991  12399.85           J 
  61141.38  778.0  -11.697  -11.851   -11.98  12399.85           J 
 61143.516  780.0  -11.686   -11.84   -11.97  12399.85           J 
 61145.652  782.0  -11.675  -11.829  -11.959  12399.85           J 
 61147.788  784.0  -11.664  -11.818  -11.948  12399.85           J 
 61149.924  786.0  -11.653  -11.807  -11.937  12399.85           J 
  61152.06  788.0  -11.643  -11.797  -11.926  12399.85           J 
 61154.196  790.0  -11.632  -11.786  -11.916  12399.85           J 
 61156.332  792.0  -11.621  -11.775  -11.905  12399.85           J 
 61158.468  794.0   -11.61  -11.765  -11.894  12399.85           J 
 61160.604  796.0    -11.6  -11.754  -11.883  12399.85           J 
  61162.74  798.0  -11.589  -11.743  -11.873  12399.85           J 
 61164.876  800.0  -11.578  -11.733  -11.862  12399.85           J 
 60310.476    0.0      nan      nan      nan  16152.77           H 
  60311.01    0.5    -8.44  -10.526  -11.489  16152.77           H 
 60311.544    1.0   -8.886  -11.067  -12.079  16152.77           H 
 60312.078    1.5  -10.146  -11.785  -12.553  16152.77           H 
 60312.612    2.0  -11.068    -12.3  -12.961  16152.77           H 
 60313.146    2.5   -11.75  -12.723  -13.298  16152.77           H 
  60313.68    3.0  -12.267  -13.102  -13.572  16152.77           H 
 60314.214    3.5  -12.723  -13.423  -13.817  16152.77           H 
 60314.748    4.0  -13.124  -13.704  -14.049  16152.77           H 
 60315.282    4.5  -13.457  -13.949  -14.256  16152.77           H 
 60315.816    5.0  -13.743  -14.164  -14.444  16152.77           H 
  60316.35    5.5  -13.994  -14.361  -14.615  16152.77           H 
 60316.884    6.0  -14.215  -14.542  -14.777  16152.77           H 
 60317.418    6.5  -14.412  -14.709  -14.926  16152.77           H 
 60317.952    7.0  -14.593  -14.857  -15.064  16152.77           H 
 60318.486    7.5  -14.757  -14.999  -15.193  16152.77           H 
  60319.02    8.0  -14.911  -15.133  -15.312  16152.77           H 
 60319.554    8.5  -15.051  -15.258  -15.426  16152.77           H 
 60320.088    9.0  -15.183  -15.372  -15.537  16152.77           H 
 60320.622    9.5  -15.306  -15.481  -15.638  16152.77           H 
 60321.156   10.0  -15.422  -15.584  -15.738  16152.77           H 
  60321.69   10.5  -15.531   -15.68  -15.833  16152.77           H 
 60322.224   11.0  -15.635  -15.776  -15.919  16152.77           H 
 60322.758   11.5  -15.732  -15.867  -16.002  16152.77           H 
 60323.292   12.0  -15.828  -15.955  -16.081  16152.77           H 
 60323.826   12.5  -15.919  -16.036  -16.158  16152.77           H 
  60324.36   13.0  -16.004  -16.119  -16.232  16152.77           H 
 60324.894   13.5  -16.087  -16.197  -16.301  16152.77           H 
 60325.428   14.0  -16.166  -16.271  -16.369  16152.77           H 
 60325.962   14.5  -16.242  -16.342  -16.434  16152.77           H 
 60326.496   15.0  -16.315  -16.408  -16.497  16152.77           H 
  60327.03   15.5  -16.385  -16.472  -16.559  16152.77           H 
 60327.564   16.0  -16.453  -16.533  -16.618  16152.77           H 
 60328.098   16.5  -16.517  -16.593  -16.676  16152.77           H 
 60328.632   17.0  -16.579  -16.652  -16.732  16152.77           H 
 60329.166   17.5  -16.639  -16.709  -16.787  16152.77           H 
   60329.7   18.0  -16.699  -16.764  -16.839  16152.77           H 
 60330.234   18.5  -16.756  -16.816   -16.89  16152.77           H 
 60330.768   19.0  -16.809  -16.867   -16.94  16152.77           H 
 60331.302   19.5  -16.862  -16.917  -16.989  16152.77           H 
 60331.836   20.0  -16.913  -16.967  -17.035  16152.77           H 
  60332.37   20.5  -16.961  -17.015  -17.081  16152.77           H 
 60332.904   21.0  -17.009  -17.061  -17.126  16152.77           H 
 60333.438   21.5  -17.055  -17.104  -17.169  16152.77           H 
 60333.972   22.0    -17.1  -17.147  -17.211  16152.77           H 
 60334.506   22.5  -17.145   -17.19  -17.252  16152.77           H 
  60335.04   23.0  -17.188  -17.233  -17.292  16152.77           H 
 60335.574   23.5   -17.23  -17.273  -17.331  16152.77           H 
 60336.108   24.0  -17.271  -17.313   -17.37  16152.77           H 
 60336.642   24.5   -17.31  -17.351  -17.407  16152.77           H 
 60337.176   25.0  -17.349  -17.389  -17.444  16152.77           H 
  60337.71   25.5  -17.387  -17.426   -17.48  16152.77           H 
 60338.244   26.0  -17.423  -17.461  -17.515  16152.77           H 
 60338.778   26.5  -17.458  -17.496   -17.55  16152.77           H 
 60339.312   27.0  -17.493  -17.531  -17.584  16152.77           H 
 60339.846   27.5  -17.527  -17.565  -17.617  16152.77           H 
  60340.38   28.0  -17.559  -17.599  -17.648  16152.77           H 
 60340.914   28.5  -17.591  -17.632   -17.68  16152.77           H 
 60341.448   29.0  -17.623  -17.664  -17.711  16152.77           H 
 60341.982   29.5  -17.654  -17.696  -17.741  16152.77           H 
 60342.516   30.0  -17.685  -17.726  -17.772  16152.77           H 
  60343.05   30.5  -17.715  -17.755    -17.8  16152.77           H 
 60343.584   31.0  -17.745  -17.784  -17.828  16152.77           H 
 60344.118   31.5  -17.775  -17.813  -17.856  16152.77           H 
 60344.652   32.0  -17.803  -17.841  -17.884  16152.77           H 
 60345.186   32.5  -17.831  -17.869  -17.912  16152.77           H 
  60345.72   33.0  -17.858  -17.895  -17.938  16152.77           H 
 60346.254   33.5  -17.885  -17.922  -17.964  16152.77           H 
 60346.788   34.0  -17.911  -17.948  -17.989  16152.77           H 
 60347.322   34.5  -17.937  -17.973  -18.014  16152.77           H 
 60347.856   35.0  -17.962  -17.998  -18.039  16152.77           H 
  60348.39   35.5  -17.986  -18.023  -18.063  16152.77           H 
 60348.924   36.0   -18.01  -18.047  -18.087  16152.77           H 
 60349.458   36.5  -18.034  -18.071  -18.111  16152.77           H 
 60349.992   37.0  -18.057  -18.094  -18.134  16152.77           H 
 60350.526   37.5   -18.08  -18.117  -18.157  16152.77           H 
  60351.06   38.0  -18.102  -18.139   -18.18  16152.77           H 
 60351.594   38.5  -18.124  -18.162  -18.202  16152.77           H 
 60352.128   39.0  -18.145  -18.183  -18.224  16152.77           H 
 60352.662   39.5  -18.166  -18.205  -18.246  16152.77           H 
 60353.196   40.0  -18.188  -18.226  -18.266  16152.77           H 
  60353.73   40.5  -18.208  -18.246  -18.286  16152.77           H 
 60354.264   41.0  -18.229  -18.266  -18.306  16152.77           H 
 60354.798   41.5  -18.249  -18.287  -18.326  16152.77           H 
 60355.332   42.0  -18.269  -18.307  -18.347  16152.77           H 
 60355.866   42.5  -18.289  -18.326  -18.366  16152.77           H 
   60356.4   43.0  -18.309  -18.345  -18.385  16152.77           H 
 60356.934   43.5  -18.328  -18.364  -18.404  16152.77           H 
 60357.468   44.0  -18.347  -18.383  -18.423  16152.77           H 
 60358.002   44.5  -18.365  -18.401  -18.441  16152.77           H 
 60358.536   45.0  -18.382  -18.419  -18.459  16152.77           H 
  60359.07   45.5    -18.4  -18.436  -18.477  16152.77           H 
 60359.604   46.0  -18.417  -18.453  -18.494  16152.77           H 
 60360.138   46.5  -18.434  -18.469  -18.511  16152.77           H 
 60360.672   47.0  -18.451  -18.485  -18.528  16152.77           H 
 60361.206   47.5  -18.468  -18.501  -18.545  16152.77           H 
  60361.74   48.0  -18.484  -18.518  -18.562  16152.77           H 
 60362.274   48.5    -18.5  -18.534  -18.578  16152.77           H 
 60362.808   49.0  -18.515  -18.549  -18.594  16152.77           H 
 60363.342   49.5  -18.531  -18.565   -18.61  16152.77           H 
 60363.876   50.0  -18.546   -18.58  -18.625  16152.77           H 
  60364.41   50.5  -18.561  -18.595   -18.64  16152.77           H 
 60364.944   51.0  -18.576  -18.609  -18.654  16152.77           H 
 60365.478   51.5   -18.59  -18.624  -18.668  16152.77           H 
 60366.012   52.0  -18.604  -18.638  -18.682  16152.77           H 
 60366.546   52.5  -18.618  -18.652  -18.696  16152.77           H 
  60367.08   53.0  -18.631  -18.666   -18.71  16152.77           H 
 60367.614   53.5  -18.645   -18.68  -18.723  16152.77           H 
 60368.148   54.0  -18.658  -18.693  -18.736  16152.77           H 
 60368.682   54.5  -18.671  -18.706  -18.749  16152.77           H 
 60369.216   55.0  -18.683  -18.719  -18.763  16152.77           H 
  60369.75   55.5  -18.696  -18.731  -18.775  16152.77           H 
 60370.284   56.0  -18.708  -18.744  -18.788  16152.77           H 
 60370.818   56.5   -18.72  -18.756  -18.801  16152.77           H 
 60371.352   57.0  -18.732  -18.769  -18.813  16152.77           H 
 60371.886   57.5  -18.744  -18.781  -18.825  16152.77           H 
  60372.42   58.0  -18.755  -18.793  -18.837  16152.77           H 
 60372.954   58.5  -18.767  -18.804  -18.849  16152.77           H 
 60373.488   59.0  -18.778  -18.816  -18.861  16152.77           H 
 60374.022   59.5  -18.788  -18.827  -18.872  16152.77           H 
 60374.556   60.0  -18.799  -18.838  -18.883  16152.77           H 
  60375.09   60.5  -18.809  -18.849  -18.894  16152.77           H 
 60375.624   61.0  -18.819   -18.86  -18.905  16152.77           H 
 60376.158   61.5  -18.829   -18.87  -18.916  16152.77           H 
 60376.692   62.0  -18.839   -18.88  -18.926  16152.77           H 
 60377.226   62.5  -18.849   -18.89  -18.936  16152.77           H 
  60377.76   63.0  -18.858    -18.9  -18.946  16152.77           H 
 60378.294   63.5  -18.867   -18.91  -18.956  16152.77           H 
 60378.828   64.0  -18.876  -18.919  -18.965  16152.77           H 
 60379.362   64.5  -18.885  -18.929  -18.974  16152.77           H 
 60379.896   65.0  -18.894  -18.938  -18.983  16152.77           H 
  60380.43   65.5  -18.903  -18.946  -18.992  16152.77           H 
 60380.964   66.0  -18.912  -18.955  -19.001  16152.77           H 
 60381.498   66.5   -18.92  -18.964  -19.009  16152.77           H 
 60382.032   67.0  -18.928  -18.972  -19.017  16152.77           H 
 60382.566   67.5  -18.937   -18.98  -19.025  16152.77           H 
   60383.1   68.0  -18.945  -18.988  -19.033  16152.77           H 
 60383.634   68.5  -18.952  -18.997  -19.041  16152.77           H 
 60384.168   69.0   -18.96  -19.005  -19.048  16152.77           H 
 60384.702   69.5  -18.968  -19.013  -19.056  16152.77           H 
 60385.236   70.0  -18.975   -19.02  -19.064  16152.77           H 
  60385.77   70.5  -18.982  -19.028  -19.071  16152.77           H 
 60386.304   71.0  -18.989  -19.035  -19.079  16152.77           H 
 60386.838   71.5  -18.996  -19.043  -19.086  16152.77           H 
 60387.372   72.0  -19.002   -19.05  -19.093  16152.77           H 
 60387.906   72.5  -19.009  -19.056  -19.101  16152.77           H 
  60388.44   73.0  -19.015  -19.063  -19.108  16152.77           H 
 60388.974   73.5  -19.021   -19.07  -19.115  16152.77           H 
 60389.508   74.0  -19.027  -19.076  -19.121  16152.77           H 
 60390.042   74.5  -19.033  -19.082  -19.128  16152.77           H 
 60390.576   75.0  -19.039  -19.088  -19.134  16152.77           H 
  60391.11   75.5  -19.044  -19.094  -19.141  16152.77           H 
 60391.644   76.0   -19.05    -19.1  -19.147  16152.77           H 
 60392.178   76.5  -19.055  -19.105  -19.153  16152.77           H 
 60392.712   77.0   -19.06  -19.111  -19.159  16152.77           H 
 60393.246   77.5  -19.065  -19.116  -19.165  16152.77           H 
  60393.78   78.0   -19.07  -19.121  -19.171  16152.77           H 
 60394.314   78.5  -19.075  -19.126  -19.176  16152.77           H 
 60394.848   79.0   -19.08  -19.131  -19.181  16152.77           H 
 60395.382   79.5  -19.085  -19.136  -19.187  16152.77           H 
 60395.916   80.0  -19.089  -19.141  -19.192  16152.77           H 
  60396.45   80.5  -19.094  -19.145  -19.197  16152.77           H 
 60396.984   81.0  -19.098   -19.15  -19.202  16152.77           H 
 60397.518   81.5  -19.102  -19.155  -19.206  16152.77           H 
 60398.052   82.0  -19.106  -19.159  -19.211  16152.77           H 
 60398.586   82.5   -19.11  -19.163  -19.215  16152.77           H 
  60399.12   83.0  -19.114  -19.167   -19.22  16152.77           H 
 60399.654   83.5  -19.118  -19.171  -19.224  16152.77           H 
 60400.188   84.0  -19.122  -19.175  -19.228  16152.77           H 
 60400.722   84.5  -19.125  -19.179  -19.231  16152.77           H 
 60401.256   85.0  -19.129  -19.183  -19.235  16152.77           H 
  60401.79   85.5  -19.132  -19.186  -19.238  16152.77           H 
 60402.324   86.0  -19.135   -19.19  -19.242  16152.77           H 
 60402.858   86.5  -19.139  -19.193  -19.245  16152.77           H 
 60403.392   87.0  -19.142  -19.196  -19.248  16152.77           H 
 60403.926   87.5  -19.145  -19.199  -19.251  16152.77           H 
  60404.46   88.0  -19.147  -19.202  -19.254  16152.77           H 
 60404.994   88.5   -19.15  -19.205  -19.256  16152.77           H 
 60405.528   89.0  -19.153  -19.208  -19.259  16152.77           H 
 60406.062   89.5  -19.156   -19.21  -19.262  16152.77           H 
 60406.596   90.0  -19.158  -19.213  -19.264  16152.77           H 
  60407.13   90.5  -19.161  -19.216  -19.267  16152.77           H 
 60407.664   91.0  -19.163  -19.218  -19.269  16152.77           H 
 60408.198   91.5  -19.165   -19.22  -19.272  16152.77           H 
 60408.732   92.0  -19.167  -19.222  -19.274  16152.77           H 
 60409.266   92.5  -19.169  -19.223  -19.276  16152.77           H 
   60409.8   93.0  -19.171  -19.225  -19.278  16152.77           H 
 60410.334   93.5  -19.172  -19.227   -19.28  16152.77           H 
 60410.868   94.0  -19.174  -19.229  -19.282  16152.77           H 
 60411.402   94.5  -19.175   -19.23  -19.284  16152.77           H 
 60411.936   95.0  -19.176  -19.232  -19.286  16152.77           H 
  60412.47   95.5  -19.178  -19.233  -19.287  16152.77           H 
 60413.004   96.0  -19.179  -19.234  -19.289  16152.77           H 
 60413.538   96.5   -19.18  -19.236   -19.29  16152.77           H 
 60414.072   97.0  -19.181  -19.237  -19.291  16152.77           H 
 60414.606   97.5  -19.182  -19.238  -19.292  16152.77           H 
  60415.14   98.0  -19.183  -19.239  -19.294  16152.77           H 
 60415.674   98.5  -19.183   -19.24  -19.295  16152.77           H 
 60416.208   99.0  -19.184   -19.24  -19.295  16152.77           H 
 60416.742   99.5  -19.185  -19.241  -19.296  16152.77           H 
 60417.276  100.0  -19.186  -19.242  -19.297  16152.77           H 
 60417.276  100.0  -19.186  -19.242  -19.297  16152.77           H 
 60419.412  102.0  -19.186  -19.243  -19.298  16152.77           H 
 60421.548  104.0  -19.186  -19.242  -19.299  16152.77           H 
 60423.684  106.0  -19.184  -19.241  -19.298  16152.77           H 
  60425.82  108.0  -19.181  -19.238  -19.296  16152.77           H 
 60427.956  110.0  -19.177  -19.233  -19.291  16152.77           H 
 60430.092  112.0  -19.168  -19.223  -19.284  16152.77           H 
 60432.228  114.0  -19.147  -19.203  -19.268  16152.77           H 
 60434.364  116.0  -19.112  -19.172  -19.232  16152.77           H 
   60436.5  118.0  -19.062  -19.127  -19.186  16152.77           H 
 60438.636  120.0  -19.008  -19.076  -19.143  16152.77           H 
 60440.772  122.0  -18.954  -19.024  -19.092  16152.77           H 
 60442.908  124.0    -18.9  -18.971   -19.04  16152.77           H 
 60445.044  126.0  -18.846  -18.917  -18.987  16152.77           H 
  60447.18  128.0  -18.791  -18.864  -18.934  16152.77           H 
 60449.316  130.0  -18.736  -18.811   -18.88  16152.77           H 
 60451.452  132.0  -18.682  -18.757  -18.828  16152.77           H 
 60453.588  134.0  -18.629  -18.705  -18.776  16152.77           H 
 60455.724  136.0  -18.575  -18.652  -18.725  16152.77           H 
  60457.86  138.0  -18.521    -18.6  -18.673  16152.77           H 
 60459.996  140.0  -18.467  -18.548  -18.621  16152.77           H 
 60462.132  142.0  -18.413  -18.496  -18.569  16152.77           H 
 60464.268  144.0   -18.36  -18.443  -18.519  16152.77           H 
 60466.404  146.0  -18.308  -18.391  -18.469  16152.77           H 
  60468.54  148.0  -18.257  -18.342  -18.418  16152.77           H 
 60470.676  150.0  -18.207  -18.293  -18.368  16152.77           H 
 60472.812  152.0  -18.155  -18.241  -18.318  16152.77           H 
 60474.948  154.0  -18.107  -18.192  -18.268  16152.77           H 
 60477.084  156.0  -18.059  -18.144  -18.218  16152.77           H 
  60479.22  158.0  -18.013  -18.098  -18.168  16152.77           H 
 60481.356  160.0  -17.966  -18.051  -18.121  16152.77           H 
 60483.492  162.0  -17.916  -18.003  -18.076  16152.77           H 
 60485.628  164.0  -17.868  -17.956  -18.031  16152.77           H 
 60487.764  166.0  -17.822  -17.909  -17.985  16152.77           H 
   60489.9  168.0  -17.777  -17.863  -17.941  16152.77           H 
 60492.036  170.0  -17.732  -17.818  -17.896  16152.77           H 
 60494.172  172.0  -17.687  -17.773  -17.851  16152.77           H 
 60496.308  174.0  -17.643   -17.73  -17.807  16152.77           H 
 60498.444  176.0  -17.599  -17.686  -17.762  16152.77           H 
  60500.58  178.0  -17.556  -17.643  -17.719  16152.77           H 
 60502.716  180.0  -17.512  -17.598  -17.676  16152.77           H 
 60504.852  182.0  -17.467  -17.556  -17.634  16152.77           H 
 60506.988  184.0  -17.424  -17.514  -17.592  16152.77           H 
 60509.124  186.0  -17.382  -17.473  -17.551  16152.77           H 
  60511.26  188.0   -17.34  -17.431   -17.51  16152.77           H 
 60513.396  190.0  -17.297  -17.389  -17.469  16152.77           H 
 60515.532  192.0  -17.257  -17.347  -17.429  16152.77           H 
 60517.668  194.0  -17.217  -17.305  -17.389  16152.77           H 
 60519.804  196.0  -17.175  -17.264  -17.349  16152.77           H 
  60521.94  198.0  -17.133  -17.223   -17.31  16152.77           H 
 60524.076  200.0  -17.091  -17.183  -17.271  16152.77           H 
 60526.212  202.0   -17.05  -17.144  -17.232  16152.77           H 
 60528.348  204.0  -17.011  -17.105  -17.194  16152.77           H 
 60530.484  206.0  -16.972  -17.066  -17.157  16152.77           H 
  60532.62  208.0  -16.934  -17.027   -17.12  16152.77           H 
 60534.756  210.0  -16.896   -16.99  -17.083  16152.77           H 
 60536.892  212.0  -16.858  -16.953  -17.046  16152.77           H 
 60539.028  214.0   -16.82  -16.917  -17.009  16152.77           H 
 60541.164  216.0  -16.781  -16.881  -16.973  16152.77           H 
   60543.3  218.0  -16.744  -16.845  -16.937  16152.77           H 
 60545.436  220.0  -16.706  -16.809  -16.901  16152.77           H 
 60547.572  222.0   -16.67  -16.774  -16.866  16152.77           H 
 60549.708  224.0  -16.633  -16.739  -16.831  16152.77           H 
 60551.844  226.0  -16.598  -16.704  -16.797  16152.77           H 
  60553.98  228.0  -16.562  -16.669  -16.762  16152.77           H 
 60556.116  230.0  -16.527  -16.635  -16.728  16152.77           H 
 60558.252  232.0  -16.493  -16.601  -16.694  16152.77           H 
 60560.388  234.0  -16.458  -16.567   -16.66  16152.77           H 
 60562.524  236.0  -16.424  -16.534  -16.627  16152.77           H 
  60564.66  238.0   -16.39  -16.501  -16.593  16152.77           H 
 60566.796  240.0  -16.357  -16.468   -16.56  16152.77           H 
 60568.932  242.0  -16.324  -16.436  -16.528  16152.77           H 
 60571.068  244.0  -16.291  -16.404  -16.495  16152.77           H 
 60573.204  246.0  -16.258  -16.372  -16.463  16152.77           H 
  60575.34  248.0  -16.226   -16.34  -16.431  16152.77           H 
 60577.476  250.0  -16.194  -16.308  -16.399  16152.77           H 
 60579.612  252.0  -16.162  -16.276  -16.368  16152.77           H 
 60581.748  254.0  -16.131  -16.244  -16.337  16152.77           H 
 60583.884  256.0  -16.099  -16.213  -16.306  16152.77           H 
  60586.02  258.0  -16.068  -16.181  -16.275  16152.77           H 
 60588.156  260.0  -16.037   -16.15  -16.244  16152.77           H 
 60590.292  262.0  -16.007  -16.119  -16.214  16152.77           H 
 60592.428  264.0  -15.976  -16.088  -16.183  16152.77           H 
 60594.564  266.0  -15.946  -16.058  -16.153  16152.77           H 
   60596.7  268.0  -15.916  -16.027  -16.124  16152.77           H 
 60598.836  270.0  -15.886  -15.997  -16.095  16152.77           H 
 60600.972  272.0  -15.856  -15.967  -16.065  16152.77           H 
 60603.108  274.0  -15.827  -15.938  -16.037  16152.77           H 
 60605.244  276.0  -15.798  -15.908  -16.008  16152.77           H 
  60607.38  278.0  -15.768  -15.879  -15.979  16152.77           H 
 60609.516  280.0   -15.74   -15.85  -15.951  16152.77           H 
 60611.652  282.0  -15.711  -15.821  -15.924  16152.77           H 
 60613.788  284.0  -15.682  -15.793  -15.896  16152.77           H 
 60615.924  286.0  -15.654  -15.764  -15.868  16152.77           H 
  60618.06  288.0  -15.625  -15.736   -15.84  16152.77           H 
 60620.196  290.0  -15.597  -15.708  -15.812  16152.77           H 
 60622.332  292.0  -15.568   -15.68  -15.785  16152.77           H 
 60624.468  294.0   -15.54  -15.653  -15.758  16152.77           H 
 60626.604  296.0  -15.512  -15.625  -15.731  16152.77           H 
  60628.74  298.0  -15.484  -15.598  -15.704  16152.77           H 
 60630.876  300.0  -15.457  -15.571  -15.677  16152.77           H 
 60633.012  302.0  -15.429  -15.544  -15.651  16152.77           H 
 60635.148  304.0  -15.402  -15.517  -15.625  16152.77           H 
 60637.284  306.0  -15.375   -15.49  -15.599  16152.77           H 
  60639.42  308.0  -15.348  -15.464  -15.573  16152.77           H 
 60641.556  310.0  -15.321  -15.437  -15.547  16152.77           H 
 60643.692  312.0  -15.295  -15.411  -15.521  16152.77           H 
 60645.828  314.0  -15.268  -15.384  -15.495  16152.77           H 
 60647.964  316.0  -15.242  -15.358  -15.469  16152.77           H 
   60650.1  318.0  -15.216  -15.332  -15.443  16152.77           H 
 60652.236  320.0   -15.19  -15.306  -15.418  16152.77           H 
 60654.372  322.0  -15.165  -15.281  -15.392  16152.77           H 
 60656.508  324.0  -15.139  -15.255  -15.367  16152.77           H 
 60658.644  326.0  -15.114   -15.23  -15.342  16152.77           H 
  60660.78  328.0  -15.089  -15.205  -15.317  16152.77           H 
 60662.916  330.0  -15.064   -15.18  -15.293  16152.77           H 
 60665.052  332.0  -15.039  -15.155  -15.268  16152.77           H 
 60667.188  334.0  -15.014   -15.13  -15.244  16152.77           H 
 60669.324  336.0   -14.99  -15.105   -15.22  16152.77           H 
  60671.46  338.0  -14.966  -15.081  -15.197  16152.77           H 
 60673.596  340.0  -14.942  -15.057  -15.173  16152.77           H 
 60675.732  342.0  -14.918  -15.033  -15.149  16152.77           H 
 60677.868  344.0  -14.894  -15.009  -15.126  16152.77           H 
 60680.004  346.0   -14.87  -14.985  -15.103  16152.77           H 
  60682.14  348.0  -14.847  -14.961   -15.08  16152.77           H 
 60684.276  350.0  -14.823  -14.938  -15.057  16152.77           H 
 60686.412  352.0    -14.8  -14.915  -15.034  16152.77           H 
 60688.548  354.0  -14.776  -14.891  -15.011  16152.77           H 
 60690.684  356.0  -14.753  -14.868  -14.988  16152.77           H 
  60692.82  358.0   -14.73  -14.845  -14.965  16152.77           H 
 60694.956  360.0  -14.707  -14.822  -14.943  16152.77           H 
 60697.092  362.0  -14.684    -14.8   -14.92  16152.77           H 
 60699.228  364.0  -14.661  -14.777  -14.898  16152.77           H 
 60701.364  366.0  -14.639  -14.754  -14.876  16152.77           H 
   60703.5  368.0  -14.616  -14.732  -14.854  16152.77           H 
 60705.636  370.0  -14.594   -14.71  -14.832  16152.77           H 
 60707.772  372.0  -14.571  -14.688  -14.811  16152.77           H 
 60709.908  374.0  -14.549  -14.665  -14.789  16152.77           H 
 60712.044  376.0  -14.527  -14.643  -14.767  16152.77           H 
  60714.18  378.0  -14.505  -14.622  -14.746  16152.77           H 
 60716.316  380.0  -14.483    -14.6  -14.725  16152.77           H 
 60718.452  382.0  -14.462  -14.578  -14.704  16152.77           H 
 60720.588  384.0   -14.44  -14.557  -14.683  16152.77           H 
 60722.724  386.0  -14.417  -14.535  -14.661  16152.77           H 
  60724.86  388.0  -14.395  -14.514   -14.64  16152.77           H 
 60726.996  390.0  -14.373  -14.493  -14.618  16152.77           H 
 60729.132  392.0  -14.352  -14.472  -14.596  16152.77           H 
 60731.268  394.0   -14.33  -14.451  -14.576  16152.77           H 
 60733.404  396.0  -14.308   -14.43  -14.555  16152.77           H 
  60735.54  398.0  -14.287  -14.409  -14.534  16152.77           H 
 60737.676  400.0  -14.266  -14.388  -14.514  16152.77           H 
 60739.812  402.0  -14.245  -14.367  -14.494  16152.77           H 
 60741.948  404.0  -14.224  -14.347  -14.473  16152.77           H 
 60744.084  406.0  -14.203  -14.326  -14.453  16152.77           H 
  60746.22  408.0  -14.182  -14.305  -14.433  16152.77           H 
 60748.356  410.0  -14.161  -14.285  -14.413  16152.77           H 
 60750.492  412.0   -14.14  -14.264  -14.393  16152.77           H 
 60752.628  414.0   -14.12  -14.244  -14.373  16152.77           H 
 60754.764  416.0  -14.099  -14.224  -14.354  16152.77           H 
   60756.9  418.0  -14.079  -14.204  -14.334  16152.77           H 
 60759.036  420.0  -14.058  -14.184  -14.314  16152.77           H 
 60761.172  422.0  -14.038  -14.164  -14.295  16152.77           H 
 60763.308  424.0  -14.018  -14.144  -14.275  16152.77           H 
 60765.444  426.0  -13.998  -14.125  -14.256  16152.77           H 
  60767.58  428.0  -13.978  -14.105  -14.237  16152.77           H 
 60769.716  430.0  -13.958  -14.086  -14.217  16152.77           H 
 60771.852  432.0  -13.938  -14.067  -14.198  16152.77           H 
 60773.988  434.0  -13.919  -14.048  -14.179  16152.77           H 
 60776.124  436.0  -13.899  -14.028   -14.16  16152.77           H 
  60778.26  438.0   -13.88  -14.009  -14.141  16152.77           H 
 60780.396  440.0   -13.86   -13.99  -14.123  16152.77           H 
 60782.532  442.0  -13.841  -13.971  -14.104  16152.77           H 
 60784.668  444.0  -13.822  -13.952  -14.085  16152.77           H 
 60786.804  446.0  -13.803  -13.934  -14.067  16152.77           H 
  60788.94  448.0  -13.784  -13.915  -14.048  16152.77           H 
 60791.076  450.0  -13.765  -13.896   -14.03  16152.77           H 
 60793.212  452.0  -13.746  -13.878  -14.011  16152.77           H 
 60795.348  454.0  -13.727  -13.859  -13.993  16152.77           H 
 60797.484  456.0  -13.709  -13.841  -13.975  16152.77           H 
  60799.62  458.0  -13.691  -13.823  -13.957  16152.77           H 
 60801.756  460.0  -13.672  -13.805  -13.939  16152.77           H 
 60803.892  462.0  -13.654  -13.787  -13.921  16152.77           H 
 60806.028  464.0  -13.636  -13.769  -13.903  16152.77           H 
 60808.164  466.0  -13.618  -13.751  -13.885  16152.77           H 
   60810.3  468.0    -13.6  -13.733  -13.867  16152.77           H 
 60812.436  470.0  -13.582  -13.715   -13.85  16152.77           H 
 60814.572  472.0  -13.564  -13.698  -13.832  16152.77           H 
 60816.708  474.0  -13.546   -13.68  -13.814  16152.77           H 
 60818.844  476.0  -13.529  -13.663  -13.797  16152.77           H 
  60820.98  478.0  -13.511  -13.645  -13.779  16152.77           H 
 60823.116  480.0  -13.493  -13.628  -13.762  16152.77           H 
 60825.252  482.0  -13.476  -13.611  -13.745  16152.77           H 
 60827.388  484.0  -13.458  -13.593  -13.728  16152.77           H 
 60829.524  486.0  -13.441  -13.576  -13.711  16152.77           H 
  60831.66  488.0  -13.423  -13.559  -13.693  16152.77           H 
 60833.796  490.0  -13.406  -13.542  -13.676  16152.77           H 
 60835.932  492.0  -13.389  -13.525   -13.66  16152.77           H 
 60838.068  494.0  -13.371  -13.508  -13.643  16152.77           H 
 60840.204  496.0  -13.354  -13.491  -13.626  16152.77           H 
  60842.34  498.0  -13.337  -13.474  -13.609  16152.77           H 
 60844.476  500.0   -13.32  -13.457  -13.592  16152.77           H 
 60846.612  502.0  -13.303   -13.44  -13.576  16152.77           H 
 60848.748  504.0  -13.286  -13.424  -13.559  16152.77           H 
 60850.884  506.0  -13.269  -13.407  -13.543  16152.77           H 
  60853.02  508.0  -13.253   -13.39  -13.526  16152.77           H 
 60855.156  510.0  -13.236  -13.374   -13.51  16152.77           H 
 60857.292  512.0  -13.219  -13.358  -13.494  16152.77           H 
 60859.428  514.0  -13.202  -13.341  -13.477  16152.77           H 
 60861.564  516.0  -13.185  -13.325  -13.461  16152.77           H 
   60863.7  518.0  -13.168  -13.309  -13.445  16152.77           H 
 60865.836  520.0  -13.152  -13.293  -13.429  16152.77           H 
 60867.972  522.0  -13.135  -13.276  -13.413  16152.77           H 
 60870.108  524.0  -13.119   -13.26  -13.397  16152.77           H 
 60872.244  526.0  -13.103  -13.244  -13.381  16152.77           H 
  60874.38  528.0  -13.086  -13.229  -13.365  16152.77           H 
 60876.516  530.0   -13.07  -13.213  -13.349  16152.77           H 
 60878.652  532.0  -13.054  -13.197  -13.333  16152.77           H 
 60880.788  534.0  -13.038  -13.181  -13.317  16152.77           H 
 60882.924  536.0  -13.022  -13.166  -13.301  16152.77           H 
  60885.06  538.0  -13.005   -13.15  -13.285  16152.77           H 
 60887.196  540.0  -12.989  -13.134   -13.27  16152.77           H 
 60889.332  542.0  -12.973  -13.119  -13.254  16152.77           H 
 60891.468  544.0  -12.958  -13.103  -13.238  16152.77           H 
 60893.604  546.0  -12.942  -13.088  -13.223  16152.77           H 
  60895.74  548.0  -12.926  -13.073  -13.207  16152.77           H 
 60897.876  550.0  -12.911  -13.057  -13.192  16152.77           H 
 60900.012  552.0  -12.895  -13.042  -13.176  16152.77           H 
 60902.148  554.0   -12.88  -13.027  -13.161  16152.77           H 
 60904.284  556.0  -12.865  -13.012  -13.145  16152.77           H 
  60906.42  558.0  -12.849  -12.997   -13.13  16152.77           H 
 60908.556  560.0  -12.834  -12.982  -13.115  16152.77           H 
 60910.692  562.0  -12.819  -12.967    -13.1  16152.77           H 
 60912.828  564.0  -12.804  -12.952  -13.085  16152.77           H 
 60914.964  566.0  -12.789  -12.937   -13.07  16152.77           H 
   60917.1  568.0  -12.773  -12.922  -13.055  16152.77           H 
 60919.236  570.0  -12.758  -12.907   -13.04  16152.77           H 
 60921.372  572.0  -12.744  -12.893  -13.025  16152.77           H 
 60923.508  574.0  -12.729  -12.878   -13.01  16152.77           H 
 60925.644  576.0  -12.714  -12.863  -12.995  16152.77           H 
  60927.78  578.0  -12.699  -12.849   -12.98  16152.77           H 
 60929.916  580.0  -12.684  -12.834  -12.966  16152.77           H 
 60932.052  582.0   -12.67   -12.82  -12.952  16152.77           H 
 60934.188  584.0  -12.655  -12.805  -12.937  16152.77           H 
 60936.324  586.0   -12.64  -12.791  -12.923  16152.77           H 
  60938.46  588.0  -12.626  -12.776  -12.909  16152.77           H 
 60940.596  590.0  -12.611  -12.762  -12.894  16152.77           H 
 60942.732  592.0  -12.597  -12.748   -12.88  16152.77           H 
 60944.868  594.0  -12.582  -12.734  -12.866  16152.77           H 
 60947.004  596.0  -12.568  -12.719  -12.852  16152.77           H 
  60949.14  598.0  -12.554  -12.705  -12.838  16152.77           H 
 60951.276  600.0   -12.54  -12.691  -12.824  16152.77           H 
 60953.412  602.0  -12.525  -12.677   -12.81  16152.77           H 
 60955.548  604.0  -12.511  -12.663  -12.796  16152.77           H 
 60957.684  606.0  -12.497  -12.649  -12.782  16152.77           H 
  60959.82  608.0  -12.483  -12.635  -12.768  16152.77           H 
 60961.956  610.0  -12.469  -12.621  -12.754  16152.77           H 
 60964.092  612.0  -12.455  -12.608  -12.741  16152.77           H 
 60966.228  614.0  -12.441  -12.594  -12.727  16152.77           H 
 60968.364  616.0  -12.427   -12.58  -12.713  16152.77           H 
   60970.5  618.0  -12.413  -12.566    -12.7  16152.77           H 
 60972.636  620.0  -12.399  -12.553  -12.686  16152.77           H 
 60974.772  622.0  -12.385  -12.539  -12.673  16152.77           H 
 60976.908  624.0  -12.372  -12.526  -12.659  16152.77           H 
 60979.044  626.0  -12.358  -12.512  -12.645  16152.77           H 
  60981.18  628.0  -12.344  -12.499  -12.632  16152.77           H 
 60983.316  630.0  -12.331  -12.485  -12.619  16152.77           H 
 60985.452  632.0  -12.317  -12.472  -12.605  16152.77           H 
 60987.588  634.0  -12.304  -12.458  -12.592  16152.77           H 
 60989.724  636.0   -12.29  -12.445  -12.579  16152.77           H 
  60991.86  638.0  -12.277  -12.432  -12.565  16152.77           H 
 60993.996  640.0  -12.263  -12.419  -12.552  16152.77           H 
 60996.132  642.0   -12.25  -12.405  -12.539  16152.77           H 
 60998.268  644.0  -12.237  -12.392  -12.526  16152.77           H 
 61000.404  646.0  -12.223  -12.379  -12.513  16152.77           H 
  61002.54  648.0   -12.21  -12.366    -12.5  16152.77           H 
 61004.676  650.0  -12.197  -12.352  -12.487  16152.77           H 
 61006.812  652.0  -12.184  -12.339  -12.474  16152.77           H 
 61008.948  654.0  -12.171  -12.326  -12.461  16152.77           H 
 61011.084  656.0  -12.158  -12.313  -12.448  16152.77           H 
  61013.22  658.0  -12.145    -12.3  -12.435  16152.77           H 
 61015.356  660.0  -12.132  -12.286  -12.422  16152.77           H 
 61017.492  662.0  -12.119  -12.273  -12.409  16152.77           H 
 61019.628  664.0  -12.106   -12.26  -12.397  16152.77           H 
 61021.764  666.0  -12.093  -12.247  -12.384  16152.77           H 
   61023.9  668.0   -12.08  -12.235  -12.371  16152.77           H 
 61026.036  670.0  -12.068  -12.222  -12.359  16152.77           H 
 61028.172  672.0  -12.055  -12.209  -12.346  16152.77           H 
 61030.308  674.0  -12.042  -12.197  -12.334  16152.77           H 
 61032.444  676.0   -12.03  -12.184  -12.321  16152.77           H 
  61034.58  678.0  -12.017  -12.172  -12.309  16152.77           H 
 61036.716  680.0  -12.005  -12.159  -12.296  16152.77           H 
 61038.852  682.0  -11.992  -12.147  -12.284  16152.77           H 
 61040.988  684.0   -11.98  -12.135  -12.271  16152.77           H 
 61043.124  686.0  -11.967  -12.122  -12.259  16152.77           H 
  61045.26  688.0  -11.955   -12.11  -12.247  16152.77           H 
 61047.396  690.0  -11.942  -12.098  -12.234  16152.77           H 
 61049.532  692.0   -11.93  -12.086  -12.222  16152.77           H 
 61051.668  694.0  -11.917  -12.073   -12.21  16152.77           H 
 61053.804  696.0  -11.905  -12.061  -12.198  16152.77           H 
  61055.94  698.0  -11.893  -12.049  -12.186  16152.77           H 
 61058.076  700.0   -11.88  -12.037  -12.174  16152.77           H 
 61060.212  702.0  -11.868  -12.025  -12.162  16152.77           H 
 61062.348  704.0  -11.856  -12.013   -12.15  16152.77           H 
 61064.484  706.0  -11.844  -12.001  -12.138  16152.77           H 
  61066.62  708.0  -11.832  -11.989  -12.126  16152.77           H 
 61068.756  710.0  -11.819  -11.977  -12.114  16152.77           H 
 61070.892  712.0  -11.807  -11.965  -12.102  16152.77           H 
 61073.028  714.0  -11.795  -11.953   -12.09  16152.77           H 
 61075.164  716.0  -11.783  -11.941  -12.079  16152.77           H 
   61077.3  718.0  -11.771   -11.93  -12.067  16152.77           H 
 61079.436  720.0   -11.76  -11.918  -12.055  16152.77           H 
 61081.572  722.0  -11.748  -11.906  -12.043  16152.77           H 
 61083.708  724.0  -11.736  -11.894  -12.032  16152.77           H 
 61085.844  726.0  -11.724  -11.883   -12.02  16152.77           H 
  61087.98  728.0  -11.712  -11.871  -12.009  16152.77           H 
 61090.116  730.0    -11.7   -11.86  -11.997  16152.77           H 
 61092.252  732.0  -11.689  -11.848  -11.986  16152.77           H 
 61094.388  734.0  -11.677  -11.836  -11.974  16152.77           H 
 61096.524  736.0  -11.665  -11.825  -11.963  16152.77           H 
  61098.66  738.0  -11.654  -11.814  -11.951  16152.77           H 
 61100.796  740.0  -11.642  -11.802   -11.94  16152.77           H 
 61102.932  742.0  -11.631  -11.791  -11.928  16152.77           H 
 61105.068  744.0  -11.619  -11.779  -11.917  16152.77           H 
 61107.204  746.0  -11.608  -11.768  -11.906  16152.77           H 
  61109.34  748.0  -11.596  -11.757  -11.894  16152.77           H 
 61111.476  750.0  -11.585  -11.746  -11.883  16152.77           H 
 61113.612  752.0  -11.573  -11.734  -11.872  16152.77           H 
 61115.748  754.0  -11.562  -11.723  -11.861  16152.77           H 
 61117.884  756.0   -11.55  -11.712   -11.85  16152.77           H 
  61120.02  758.0  -11.539  -11.701  -11.838  16152.77           H 
 61122.156  760.0  -11.528  -11.689  -11.827  16152.77           H 
 61124.292  762.0  -11.517  -11.678  -11.816  16152.77           H 
 61126.428  764.0  -11.505  -11.667  -11.805  16152.77           H 
 61128.564  766.0  -11.494  -11.656  -11.794  16152.77           H 
   61130.7  768.0  -11.483  -11.645  -11.783  16152.77           H 
 61132.836  770.0  -11.472  -11.634  -11.772  16152.77           H 
 61134.972  772.0  -11.461  -11.623  -11.761  16152.77           H 
 61137.108  774.0   -11.45  -11.612   -11.75  16152.77           H 
 61139.244  776.0  -11.439  -11.601  -11.739  16152.77           H 
  61141.38  778.0  -11.428   -11.59  -11.728  16152.77           H 
 61143.516  780.0  -11.417  -11.579  -11.718  16152.77           H 
 61145.652  782.0  -11.406  -11.568  -11.707  16152.77           H 
 61147.788  784.0  -11.395  -11.558  -11.696  16152.77           H 
 61149.924  786.0  -11.384  -11.547  -11.685  16152.77           H 
  61152.06  788.0  -11.373  -11.536  -11.674  16152.77           H 
 61154.196  790.0  -11.362  -11.525  -11.664  16152.77           H 
 61156.332  792.0  -11.351  -11.515  -11.653  16152.77           H 
 61158.468  794.0   -11.34  -11.504  -11.642  16152.77           H 
 61160.604  796.0   -11.33  -11.493  -11.632  16152.77           H 
  61162.74  798.0  -11.319  -11.483  -11.621  16152.77           H 
 61164.876  800.0  -11.308  -11.472   -11.61  16152.77           H 
 60310.476    0.0      nan      nan      nan  21454.68          Ks 
  60311.01    0.5   -7.941  -10.019  -10.994  21454.68          Ks 
 60311.544    1.0   -8.384  -10.558  -11.574  21454.68          Ks 
 60312.078    1.5   -9.623  -11.269   -12.04  21454.68          Ks 
 60312.612    2.0  -10.547  -11.798  -12.446  21454.68          Ks 
 60313.146    2.5  -11.238  -12.214  -12.783  21454.68          Ks 
  60313.68    3.0  -11.755  -12.589  -13.061  21454.68          Ks 
 60314.214    3.5  -12.206  -12.916  -13.307  21454.68          Ks 
 60314.748    4.0   -12.61  -13.196  -13.539  21454.68          Ks 
 60315.282    4.5  -12.943   -13.44  -13.747  21454.68          Ks 
 60315.816    5.0   -13.23  -13.655  -13.933  21454.68          Ks 
  60316.35    5.5  -13.481  -13.852  -14.106  21454.68          Ks 
 60316.884    6.0  -13.701  -14.033  -14.268  21454.68          Ks 
 60317.418    6.5  -13.899    -14.2  -14.419  21454.68          Ks 
 60317.952    7.0  -14.081  -14.351   -14.56  21454.68          Ks 
 60318.486    7.5  -14.246  -14.494  -14.687  21454.68          Ks 
  60319.02    8.0  -14.405  -14.628  -14.808  21454.68          Ks 
 60319.554    8.5  -14.544   -14.75  -14.921  21454.68          Ks 
 60320.088    9.0  -14.673  -14.866  -15.033  21454.68          Ks 
 60320.622    9.5  -14.795  -14.975  -15.137  21454.68          Ks 
 60321.156   10.0  -14.912  -15.078  -15.236  21454.68          Ks 
  60321.69   10.5  -15.023  -15.176  -15.329  21454.68          Ks 
 60322.224   11.0  -15.126  -15.271  -15.416  21454.68          Ks 
 60322.758   11.5  -15.229  -15.361    -15.5  21454.68          Ks 
 60323.292   12.0  -15.326   -15.45  -15.579  21454.68          Ks 
 60323.826   12.5  -15.415  -15.537  -15.657  21454.68          Ks 
  60324.36   13.0  -15.502   -15.62  -15.729  21454.68          Ks 
 60324.894   13.5  -15.585  -15.697  -15.801  21454.68          Ks 
 60325.428   14.0  -15.663  -15.769   -15.87  21454.68          Ks 
 60325.962   14.5  -15.737  -15.839  -15.934  21454.68          Ks 
 60326.496   15.0  -15.811  -15.906  -15.997  21454.68          Ks 
  60327.03   15.5  -15.881  -15.971  -16.059  21454.68          Ks 
 60327.564   16.0  -15.948  -16.032  -16.119  21454.68          Ks 
 60328.098   16.5  -16.012  -16.093  -16.179  21454.68          Ks 
 60328.632   17.0  -16.077  -16.152  -16.236  21454.68          Ks 
 60329.166   17.5  -16.139  -16.209  -16.291  21454.68          Ks 
   60329.7   18.0  -16.198  -16.264  -16.343  21454.68          Ks 
 60330.234   18.5  -16.254  -16.317  -16.395  21454.68          Ks 
 60330.768   19.0  -16.309  -16.369  -16.445  21454.68          Ks 
 60331.302   19.5  -16.362  -16.422  -16.494  21454.68          Ks 
 60331.836   20.0  -16.413   -16.47  -16.541  21454.68          Ks 
  60332.37   20.5  -16.462  -16.518  -16.586  21454.68          Ks 
 60332.904   21.0  -16.511  -16.563  -16.631  21454.68          Ks 
 60333.438   21.5  -16.559  -16.606  -16.674  21454.68          Ks 
 60333.972   22.0  -16.605  -16.651  -16.717  21454.68          Ks 
 60334.506   22.5   -16.65  -16.695  -16.759  21454.68          Ks 
  60335.04   23.0  -16.693  -16.737  -16.799  21454.68          Ks 
 60335.574   23.5  -16.734  -16.779  -16.839  21454.68          Ks 
 60336.108   24.0  -16.774  -16.819  -16.877  21454.68          Ks 
 60336.642   24.5  -16.814  -16.857  -16.915  21454.68          Ks 
 60337.176   25.0  -16.855  -16.896  -16.952  21454.68          Ks 
  60337.71   25.5  -16.893  -16.934  -16.989  21454.68          Ks 
 60338.244   26.0   -16.93   -16.97  -17.026  21454.68          Ks 
 60338.778   26.5  -16.966  -17.006  -17.061  21454.68          Ks 
 60339.312   27.0  -17.001  -17.042  -17.095  21454.68          Ks 
 60339.846   27.5  -17.034  -17.076  -17.127  21454.68          Ks 
  60340.38   28.0  -17.066   -17.11   -17.16  21454.68          Ks 
 60340.914   28.5  -17.098  -17.143  -17.192  21454.68          Ks 
 60341.448   29.0   -17.13  -17.176  -17.223  21454.68          Ks 
 60341.982   29.5  -17.162  -17.207  -17.254  21454.68          Ks 
 60342.516   30.0  -17.194  -17.239  -17.283  21454.68          Ks 
  60343.05   30.5  -17.226   -17.27  -17.313  21454.68          Ks 
 60343.584   31.0  -17.256  -17.299  -17.342  21454.68          Ks 
 60344.118   31.5  -17.286  -17.328  -17.371  21454.68          Ks 
 60344.652   32.0  -17.316  -17.356    -17.4  21454.68          Ks 
 60345.186   32.5  -17.344  -17.385  -17.427  21454.68          Ks 
  60345.72   33.0  -17.371  -17.412  -17.453  21454.68          Ks 
 60346.254   33.5  -17.398  -17.438  -17.479  21454.68          Ks 
 60346.788   34.0  -17.425  -17.465  -17.506  21454.68          Ks 
 60347.322   34.5  -17.451   -17.49  -17.532  21454.68          Ks 
 60347.856   35.0  -17.476  -17.516  -17.558  21454.68          Ks 
  60348.39   35.5  -17.501   -17.54  -17.583  21454.68          Ks 
 60348.924   36.0  -17.526  -17.565  -17.608  21454.68          Ks 
 60349.458   36.5  -17.551  -17.589  -17.632  21454.68          Ks 
 60349.992   37.0  -17.575  -17.613  -17.656  21454.68          Ks 
 60350.526   37.5  -17.598  -17.637  -17.679  21454.68          Ks 
  60351.06   38.0  -17.621  -17.659  -17.703  21454.68          Ks 
 60351.594   38.5  -17.643  -17.682  -17.726  21454.68          Ks 
 60352.128   39.0  -17.665  -17.704  -17.748  21454.68          Ks 
 60352.662   39.5  -17.687  -17.725   -17.77  21454.68          Ks 
 60353.196   40.0  -17.709  -17.747  -17.791  21454.68          Ks 
  60353.73   40.5   -17.73  -17.768  -17.812  21454.68          Ks 
 60354.264   41.0   -17.75  -17.789  -17.833  21454.68          Ks 
 60354.798   41.5   -17.77   -17.81  -17.853  21454.68          Ks 
 60355.332   42.0   -17.79  -17.829  -17.873  21454.68          Ks 
 60355.866   42.5   -17.81  -17.849  -17.893  21454.68          Ks 
   60356.4   43.0   -17.83  -17.869  -17.912  21454.68          Ks 
 60356.934   43.5  -17.849  -17.889  -17.931  21454.68          Ks 
 60357.468   44.0  -17.868  -17.908   -17.95  21454.68          Ks 
 60358.002   44.5  -17.886  -17.926  -17.969  21454.68          Ks 
 60358.536   45.0  -17.904  -17.944  -17.987  21454.68          Ks 
  60359.07   45.5  -17.922  -17.962  -18.005  21454.68          Ks 
 60359.604   46.0   -17.94  -17.979  -18.023  21454.68          Ks 
 60360.138   46.5  -17.958  -17.996  -18.041  21454.68          Ks 
 60360.672   47.0  -17.975  -18.013  -18.058  21454.68          Ks 
 60361.206   47.5  -17.992   -18.03  -18.076  21454.68          Ks 
  60361.74   48.0  -18.009  -18.047  -18.093  21454.68          Ks 
 60362.274   48.5  -18.025  -18.063  -18.109  21454.68          Ks 
 60362.808   49.0  -18.041   -18.08  -18.126  21454.68          Ks 
 60363.342   49.5  -18.057  -18.095  -18.143  21454.68          Ks 
 60363.876   50.0  -18.073  -18.111  -18.158  21454.68          Ks 
  60364.41   50.5  -18.088  -18.127  -18.174  21454.68          Ks 
 60364.944   51.0  -18.103  -18.142  -18.189  21454.68          Ks 
 60365.478   51.5  -18.118  -18.157  -18.204  21454.68          Ks 
 60366.012   52.0  -18.132  -18.172  -18.219  21454.68          Ks 
 60366.546   52.5  -18.147  -18.186  -18.234  21454.68          Ks 
  60367.08   53.0  -18.161  -18.201  -18.249  21454.68          Ks 
 60367.614   53.5  -18.175  -18.215  -18.264  21454.68          Ks 
 60368.148   54.0  -18.189  -18.229  -18.278  21454.68          Ks 
 60368.682   54.5  -18.202  -18.243  -18.292  21454.68          Ks 
 60369.216   55.0  -18.215  -18.257  -18.305  21454.68          Ks 
  60369.75   55.5  -18.229   -18.27  -18.319  21454.68          Ks 
 60370.284   56.0  -18.242  -18.283  -18.332  21454.68          Ks 
 60370.818   56.5  -18.254  -18.296  -18.345  21454.68          Ks 
 60371.352   57.0  -18.267  -18.309  -18.358  21454.68          Ks 
 60371.886   57.5  -18.279  -18.322  -18.371  21454.68          Ks 
  60372.42   58.0  -18.291  -18.334  -18.383  21454.68          Ks 
 60372.954   58.5  -18.304  -18.347  -18.395  21454.68          Ks 
 60373.488   59.0  -18.315  -18.359  -18.407  21454.68          Ks 
 60374.022   59.5  -18.327  -18.371  -18.419  21454.68          Ks 
 60374.556   60.0  -18.338  -18.382  -18.431  21454.68          Ks 
  60375.09   60.5   -18.35  -18.394  -18.442  21454.68          Ks 
 60375.624   61.0  -18.361  -18.405  -18.454  21454.68          Ks 
 60376.158   61.5  -18.372  -18.416  -18.465  21454.68          Ks 
 60376.692   62.0  -18.382  -18.427  -18.475  21454.68          Ks 
 60377.226   62.5  -18.393  -18.437  -18.486  21454.68          Ks 
  60377.76   63.0  -18.403  -18.447  -18.496  21454.68          Ks 
 60378.294   63.5  -18.413  -18.458  -18.506  21454.68          Ks 
 60378.828   64.0  -18.423  -18.468  -18.516  21454.68          Ks 
 60379.362   64.5  -18.432  -18.477  -18.526  21454.68          Ks 
 60379.896   65.0  -18.442  -18.487  -18.536  21454.68          Ks 
  60380.43   65.5  -18.451  -18.497  -18.545  21454.68          Ks 
 60380.964   66.0  -18.461  -18.506  -18.555  21454.68          Ks 
 60381.498   66.5  -18.469  -18.516  -18.564  21454.68          Ks 
 60382.032   67.0  -18.478  -18.525  -18.574  21454.68          Ks 
 60382.566   67.5  -18.487  -18.534  -18.583  21454.68          Ks 
   60383.1   68.0  -18.495  -18.543  -18.592  21454.68          Ks 
 60383.634   68.5  -18.504  -18.553  -18.601  21454.68          Ks 
 60384.168   69.0  -18.512  -18.561  -18.609  21454.68          Ks 
 60384.702   69.5   -18.52   -18.57  -18.618  21454.68          Ks 
 60385.236   70.0  -18.528  -18.578  -18.626  21454.68          Ks 
  60385.77   70.5  -18.536  -18.586  -18.635  21454.68          Ks 
 60386.304   71.0  -18.544  -18.594  -18.643  21454.68          Ks 
 60386.838   71.5  -18.551  -18.602  -18.651  21454.68          Ks 
 60387.372   72.0  -18.558   -18.61  -18.659  21454.68          Ks 
 60387.906   72.5  -18.565  -18.618  -18.667  21454.68          Ks 
  60388.44   73.0  -18.572  -18.625  -18.675  21454.68          Ks 
 60388.974   73.5  -18.579  -18.633  -18.683  21454.68          Ks 
 60389.508   74.0  -18.585   -18.64   -18.69  21454.68          Ks 
 60390.042   74.5  -18.592  -18.647  -18.698  21454.68          Ks 
 60390.576   75.0  -18.598  -18.654  -18.705  21454.68          Ks 
  60391.11   75.5  -18.605  -18.661  -18.712  21454.68          Ks 
 60391.644   76.0  -18.611  -18.667  -18.719  21454.68          Ks 
 60392.178   76.5  -18.617  -18.674  -18.726  21454.68          Ks 
 60392.712   77.0  -18.623   -18.68  -18.733  21454.68          Ks 
 60393.246   77.5  -18.629  -18.687  -18.739  21454.68          Ks 
  60393.78   78.0  -18.635  -18.693  -18.746  21454.68          Ks 
 60394.314   78.5  -18.641  -18.699  -18.752  21454.68          Ks 
 60394.848   79.0  -18.646  -18.705  -18.758  21454.68          Ks 
 60395.382   79.5  -18.652  -18.711  -18.764  21454.68          Ks 
 60395.916   80.0  -18.657  -18.716   -18.77  21454.68          Ks 
  60396.45   80.5  -18.663  -18.722  -18.776  21454.68          Ks 
 60396.984   81.0  -18.668  -18.727  -18.781  21454.68          Ks 
 60397.518   81.5  -18.673  -18.732  -18.787  21454.68          Ks 
 60398.052   82.0  -18.678  -18.738  -18.792  21454.68          Ks 
 60398.586   82.5  -18.683  -18.743  -18.797  21454.68          Ks 
  60399.12   83.0  -18.688  -18.748  -18.802  21454.68          Ks 
 60399.654   83.5  -18.693  -18.753  -18.807  21454.68          Ks 
 60400.188   84.0  -18.697  -18.758  -18.812  21454.68          Ks 
 60400.722   84.5  -18.701  -18.762  -18.817  21454.68          Ks 
 60401.256   85.0  -18.706  -18.767  -18.821  21454.68          Ks 
  60401.79   85.5   -18.71  -18.771  -18.826  21454.68          Ks 
 60402.324   86.0  -18.714  -18.776   -18.83  21454.68          Ks 
 60402.858   86.5  -18.718   -18.78  -18.835  21454.68          Ks 
 60403.392   87.0  -18.723  -18.784  -18.839  21454.68          Ks 
 60403.926   87.5  -18.727  -18.788  -18.843  21454.68          Ks 
  60404.46   88.0  -18.731  -18.792  -18.847  21454.68          Ks 
 60404.994   88.5  -18.735  -18.796  -18.851  21454.68          Ks 
 60405.528   89.0   -18.74    -18.8  -18.855  21454.68          Ks 
 60406.062   89.5  -18.743  -18.804  -18.858  21454.68          Ks 
 60406.596   90.0  -18.747  -18.807  -18.862  21454.68          Ks 
  60407.13   90.5   -18.75   -18.81  -18.865  21454.68          Ks 
 60407.664   91.0  -18.754  -18.813  -18.869  21454.68          Ks 
 60408.198   91.5  -18.757  -18.817  -18.873  21454.68          Ks 
 60408.732   92.0   -18.76   -18.82  -18.876  21454.68          Ks 
 60409.266   92.5  -18.763  -18.823  -18.879  21454.68          Ks 
   60409.8   93.0  -18.766  -18.826  -18.882  21454.68          Ks 
 60410.334   93.5  -18.769  -18.829  -18.885  21454.68          Ks 
 60410.868   94.0  -18.771  -18.832  -18.888  21454.68          Ks 
 60411.402   94.5  -18.774  -18.835  -18.891  21454.68          Ks 
 60411.936   95.0  -18.776  -18.838  -18.894  21454.68          Ks 
  60412.47   95.5  -18.779   -18.84  -18.897  21454.68          Ks 
 60413.004   96.0  -18.781  -18.842    -18.9  21454.68          Ks 
 60413.538   96.5  -18.783  -18.844  -18.902  21454.68          Ks 
 60414.072   97.0  -18.786  -18.847  -18.905  21454.68          Ks 
 60414.606   97.5  -18.788  -18.849  -18.908  21454.68          Ks 
  60415.14   98.0   -18.79  -18.851   -18.91  21454.68          Ks 
 60415.674   98.5  -18.792  -18.852  -18.912  21454.68          Ks 
 60416.208   99.0  -18.794  -18.854  -18.914  21454.68          Ks 
 60416.742   99.5  -18.795  -18.856  -18.916  21454.68          Ks 
 60417.276  100.0  -18.797  -18.858  -18.918  21454.68          Ks 
 60417.276  100.0  -18.797  -18.858  -18.918  21454.68          Ks 
 60419.412  102.0  -18.804  -18.864  -18.924  21454.68          Ks 
 60421.548  104.0  -18.809  -18.869  -18.928  21454.68          Ks 
 60423.684  106.0  -18.812  -18.873  -18.932  21454.68          Ks 
  60425.82  108.0  -18.815  -18.876  -18.935  21454.68          Ks 
 60427.956  110.0  -18.817  -18.876  -18.937  21454.68          Ks 
 60430.092  112.0  -18.813  -18.872  -18.937  21454.68          Ks 
 60432.228  114.0  -18.788  -18.856  -18.929  21454.68          Ks 
 60434.364  116.0   -18.76  -18.827  -18.894  21454.68          Ks 
   60436.5  118.0  -18.713  -18.785   -18.85  21454.68          Ks 
 60438.636  120.0   -18.66  -18.734  -18.806  21454.68          Ks 
 60440.772  122.0  -18.606  -18.681  -18.754  21454.68          Ks 
 60442.908  124.0  -18.551  -18.627  -18.702  21454.68          Ks 
 60445.044  126.0  -18.497  -18.574  -18.649  21454.68          Ks 
  60447.18  128.0  -18.442  -18.521  -18.598  21454.68          Ks 
 60449.316  130.0  -18.388  -18.467  -18.545  21454.68          Ks 
 60451.452  132.0  -18.335  -18.413  -18.493  21454.68          Ks 
 60453.588  134.0  -18.281   -18.36  -18.441  21454.68          Ks 
 60455.724  136.0  -18.228  -18.308   -18.39  21454.68          Ks 
  60457.86  138.0  -18.174  -18.256  -18.339  21454.68          Ks 
 60459.996  140.0   -18.12  -18.204  -18.287  21454.68          Ks 
 60462.132  142.0  -18.066  -18.152  -18.236  21454.68          Ks 
 60464.268  144.0  -18.013    -18.1  -18.184  21454.68          Ks 
 60466.404  146.0   -17.96  -18.049  -18.133  21454.68          Ks 
  60468.54  148.0  -17.908    -18.0  -18.082  21454.68          Ks 
 60470.676  150.0  -17.857  -17.949  -18.032  21454.68          Ks 
 60472.812  152.0  -17.807  -17.898  -17.981  21454.68          Ks 
 60474.948  154.0  -17.756  -17.848  -17.932  21454.68          Ks 
 60477.084  156.0  -17.709  -17.799  -17.882  21454.68          Ks 
  60479.22  158.0  -17.662  -17.751  -17.833  21454.68          Ks 
 60481.356  160.0  -17.614  -17.705  -17.785  21454.68          Ks 
 60483.492  162.0  -17.566   -17.66  -17.739  21454.68          Ks 
 60485.628  164.0  -17.518  -17.614  -17.692  21454.68          Ks 
 60487.764  166.0  -17.471  -17.568  -17.647  21454.68          Ks 
   60489.9  168.0  -17.425  -17.521  -17.603  21454.68          Ks 
 60492.036  170.0  -17.379  -17.475   -17.56  21454.68          Ks 
 60494.172  172.0  -17.335   -17.43  -17.516  21454.68          Ks 
 60496.308  174.0  -17.289  -17.386   -17.47  21454.68          Ks 
 60498.444  176.0  -17.245  -17.342  -17.425  21454.68          Ks 
  60500.58  178.0  -17.202  -17.299  -17.383  21454.68          Ks 
 60502.716  180.0   -17.16  -17.257  -17.339  21454.68          Ks 
 60504.852  182.0  -17.117  -17.213  -17.297  21454.68          Ks 
 60506.988  184.0  -17.073  -17.171  -17.257  21454.68          Ks 
 60509.124  186.0   -17.03   -17.13  -17.216  21454.68          Ks 
  60511.26  188.0  -16.988  -17.089  -17.174  21454.68          Ks 
 60513.396  190.0  -16.947  -17.049  -17.134  21454.68          Ks 
 60515.532  192.0  -16.905  -17.008  -17.093  21454.68          Ks 
 60517.668  194.0  -16.864  -16.967  -17.053  21454.68          Ks 
 60519.804  196.0  -16.825  -16.925  -17.013  21454.68          Ks 
  60521.94  198.0  -16.785  -16.884  -16.974  21454.68          Ks 
 60524.076  200.0  -16.743  -16.843  -16.935  21454.68          Ks 
 60526.212  202.0  -16.704  -16.803  -16.896  21454.68          Ks 
 60528.348  204.0  -16.666  -16.764  -16.858  21454.68          Ks 
 60530.484  206.0  -16.627  -16.725   -16.82  21454.68          Ks 
  60532.62  208.0  -16.588  -16.687  -16.782  21454.68          Ks 
 60534.756  210.0  -16.549  -16.649  -16.745  21454.68          Ks 
 60536.892  212.0  -16.511  -16.612  -16.709  21454.68          Ks 
 60539.028  214.0  -16.473  -16.574  -16.673  21454.68          Ks 
 60541.164  216.0  -16.435  -16.538  -16.637  21454.68          Ks 
   60543.3  218.0  -16.398  -16.502  -16.601  21454.68          Ks 
 60545.436  220.0  -16.362  -16.467  -16.565  21454.68          Ks 
 60547.572  222.0  -16.326  -16.432  -16.529  21454.68          Ks 
 60549.708  224.0  -16.291  -16.396  -16.493  21454.68          Ks 
 60551.844  226.0  -16.254  -16.362  -16.458  21454.68          Ks 
  60553.98  228.0  -16.218  -16.327  -16.423  21454.68          Ks 
 60556.116  230.0  -16.182  -16.293  -16.389  21454.68          Ks 
 60558.252  232.0  -16.147  -16.259  -16.356  21454.68          Ks 
 60560.388  234.0  -16.112  -16.225  -16.322  21454.68          Ks 
 60562.524  236.0  -16.077  -16.192  -16.289  21454.68          Ks 
  60564.66  238.0  -16.043  -16.159  -16.256  21454.68          Ks 
 60566.796  240.0  -16.009  -16.126  -16.224  21454.68          Ks 
 60568.932  242.0  -15.975  -16.092  -16.192  21454.68          Ks 
 60571.068  244.0  -15.942   -16.06  -16.159  21454.68          Ks 
 60573.204  246.0   -15.91  -16.027  -16.127  21454.68          Ks 
  60575.34  248.0  -15.877  -15.995  -16.095  21454.68          Ks 
 60577.476  250.0  -15.845  -15.964  -16.064  21454.68          Ks 
 60579.612  252.0  -15.813  -15.933  -16.033  21454.68          Ks 
 60581.748  254.0  -15.781  -15.902  -16.002  21454.68          Ks 
 60583.884  256.0   -15.75  -15.871  -15.971  21454.68          Ks 
  60586.02  258.0  -15.719  -15.841  -15.941  21454.68          Ks 
 60588.156  260.0  -15.688  -15.811  -15.911  21454.68          Ks 
 60590.292  262.0  -15.657  -15.781   -15.88  21454.68          Ks 
 60592.428  264.0  -15.626   -15.75  -15.851  21454.68          Ks 
 60594.564  266.0  -15.596   -15.72  -15.821  21454.68          Ks 
   60596.7  268.0  -15.566   -15.69  -15.791  21454.68          Ks 
 60598.836  270.0  -15.536  -15.659  -15.762  21454.68          Ks 
 60600.972  272.0  -15.506  -15.629  -15.732  21454.68          Ks 
 60603.108  274.0  -15.477  -15.598  -15.703  21454.68          Ks 
 60605.244  276.0  -15.447  -15.569  -15.674  21454.68          Ks 
  60607.38  278.0  -15.418   -15.54  -15.645  21454.68          Ks 
 60609.516  280.0  -15.389  -15.511  -15.617  21454.68          Ks 
 60611.652  282.0  -15.361  -15.482  -15.588  21454.68          Ks 
 60613.788  284.0  -15.332  -15.453   -15.56  21454.68          Ks 
 60615.924  286.0  -15.304  -15.425  -15.532  21454.68          Ks 
  60618.06  288.0  -15.275  -15.397  -15.504  21454.68          Ks 
 60620.196  290.0  -15.247  -15.368  -15.476  21454.68          Ks 
 60622.332  292.0  -15.219   -15.34  -15.448  21454.68          Ks 
 60624.468  294.0  -15.192  -15.313  -15.421  21454.68          Ks 
 60626.604  296.0  -15.164  -15.285  -15.393  21454.68          Ks 
  60628.74  298.0  -15.137  -15.258  -15.367  21454.68          Ks 
 60630.876  300.0   -15.11  -15.231   -15.34  21454.68          Ks 
 60633.012  302.0  -15.083  -15.205  -15.313  21454.68          Ks 
 60635.148  304.0  -15.056  -15.178  -15.286  21454.68          Ks 
 60637.284  306.0  -15.029  -15.151   -15.26  21454.68          Ks 
  60639.42  308.0  -15.003  -15.125  -15.233  21454.68          Ks 
 60641.556  310.0  -14.976  -15.098  -15.207  21454.68          Ks 
 60643.692  312.0   -14.95  -15.072  -15.181  21454.68          Ks 
 60645.828  314.0  -14.924  -15.046  -15.155  21454.68          Ks 
 60647.964  316.0  -14.898   -15.02   -15.13  21454.68          Ks 
   60650.1  318.0  -14.872  -14.994  -15.104  21454.68          Ks 
 60652.236  320.0  -14.847  -14.969  -15.079  21454.68          Ks 
 60654.372  322.0  -14.821  -14.943  -15.054  21454.68          Ks 
 60656.508  324.0  -14.796  -14.918   -15.03  21454.68          Ks 
 60658.644  326.0   -14.77  -14.893  -15.005  21454.68          Ks 
  60660.78  328.0  -14.745  -14.868   -14.98  21454.68          Ks 
 60662.916  330.0  -14.719  -14.843  -14.956  21454.68          Ks 
 60665.052  332.0  -14.694  -14.818  -14.932  21454.68          Ks 
 60667.188  334.0  -14.669  -14.793  -14.907  21454.68          Ks 
 60669.324  336.0  -14.644  -14.769  -14.883  21454.68          Ks 
  60671.46  338.0   -14.62  -14.745   -14.86  21454.68          Ks 
 60673.596  340.0  -14.595   -14.72  -14.836  21454.68          Ks 
 60675.732  342.0  -14.571  -14.696  -14.812  21454.68          Ks 
 60677.868  344.0  -14.547  -14.672  -14.789  21454.68          Ks 
 60680.004  346.0  -14.522  -14.649  -14.765  21454.68          Ks 
  60682.14  348.0  -14.498  -14.625  -14.742  21454.68          Ks 
 60684.276  350.0  -14.475  -14.601  -14.718  21454.68          Ks 
 60686.412  352.0  -14.451  -14.578  -14.695  21454.68          Ks 
 60688.548  354.0  -14.427  -14.555  -14.672  21454.68          Ks 
 60690.684  356.0  -14.404  -14.531  -14.648  21454.68          Ks 
  60692.82  358.0   -14.38  -14.508  -14.625  21454.68          Ks 
 60694.956  360.0  -14.357  -14.485  -14.602  21454.68          Ks 
 60697.092  362.0  -14.334  -14.462   -14.58  21454.68          Ks 
 60699.228  364.0  -14.311  -14.439  -14.557  21454.68          Ks 
 60701.364  366.0  -14.289  -14.417  -14.535  21454.68          Ks 
   60703.5  368.0  -14.266  -14.394  -14.512  21454.68          Ks 
 60705.636  370.0  -14.243  -14.372   -14.49  21454.68          Ks 
 60707.772  372.0  -14.221  -14.349  -14.469  21454.68          Ks 
 60709.908  374.0  -14.199  -14.327  -14.447  21454.68          Ks 
 60712.044  376.0  -14.177  -14.305  -14.425  21454.68          Ks 
  60714.18  378.0  -14.155  -14.283  -14.404  21454.68          Ks 
 60716.316  380.0  -14.133  -14.261  -14.382  21454.68          Ks 
 60718.452  382.0  -14.111  -14.239  -14.361  21454.68          Ks 
 60720.588  384.0   -14.09  -14.217   -14.34  21454.68          Ks 
 60722.724  386.0  -14.068  -14.196  -14.318  21454.68          Ks 
  60724.86  388.0  -14.047  -14.174  -14.297  21454.68          Ks 
 60726.996  390.0  -14.025  -14.153  -14.276  21454.68          Ks 
 60729.132  392.0  -14.004  -14.131  -14.254  21454.68          Ks 
 60731.268  394.0  -13.982   -14.11  -14.233  21454.68          Ks 
 60733.404  396.0  -13.961  -14.089  -14.213  21454.68          Ks 
  60735.54  398.0   -13.94  -14.068  -14.192  21454.68          Ks 
 60737.676  400.0  -13.919  -14.047  -14.172  21454.68          Ks 
 60739.812  402.0  -13.897  -14.026  -14.151  21454.68          Ks 
 60741.948  404.0  -13.876  -14.005  -14.131  21454.68          Ks 
 60744.084  406.0  -13.855  -13.984  -14.111  21454.68          Ks 
  60746.22  408.0  -13.834  -13.964  -14.091  21454.68          Ks 
 60748.356  410.0  -13.813  -13.943  -14.071  21454.68          Ks 
 60750.492  412.0  -13.793  -13.922  -14.051  21454.68          Ks 
 60752.628  414.0  -13.772  -13.902  -14.031  21454.68          Ks 
 60754.764  416.0  -13.752  -13.882  -14.011  21454.68          Ks 
   60756.9  418.0  -13.732  -13.862  -13.991  21454.68          Ks 
 60759.036  420.0  -13.711  -13.842  -13.971  21454.68          Ks 
 60761.172  422.0  -13.691  -13.822  -13.952  21454.68          Ks 
 60763.308  424.0  -13.671  -13.803  -13.932  21454.68          Ks 
 60765.444  426.0  -13.652  -13.783  -13.913  21454.68          Ks 
  60767.58  428.0  -13.632  -13.763  -13.893  21454.68          Ks 
 60769.716  430.0  -13.612  -13.743  -13.874  21454.68          Ks 
 60771.852  432.0  -13.593  -13.724  -13.855  21454.68          Ks 
 60773.988  434.0  -13.573  -13.704  -13.836  21454.68          Ks 
 60776.124  436.0  -13.553  -13.685  -13.817  21454.68          Ks 
  60778.26  438.0  -13.534  -13.666  -13.798  21454.68          Ks 
 60780.396  440.0  -13.514  -13.646  -13.779  21454.68          Ks 
 60782.532  442.0  -13.494  -13.627   -13.76  21454.68          Ks 
 60784.668  444.0  -13.475  -13.608  -13.741  21454.68          Ks 
 60786.804  446.0  -13.456  -13.589  -13.723  21454.68          Ks 
  60788.94  448.0  -13.437   -13.57  -13.704  21454.68          Ks 
 60791.076  450.0  -13.417  -13.552  -13.686  21454.68          Ks 
 60793.212  452.0  -13.398  -13.533  -13.667  21454.68          Ks 
 60795.348  454.0  -13.379  -13.515  -13.649  21454.68          Ks 
 60797.484  456.0  -13.361  -13.496  -13.631  21454.68          Ks 
  60799.62  458.0  -13.342  -13.478  -13.613  21454.68          Ks 
 60801.756  460.0  -13.323   -13.46  -13.595  21454.68          Ks 
 60803.892  462.0  -13.305  -13.442  -13.577  21454.68          Ks 
 60806.028  464.0  -13.286  -13.423  -13.559  21454.68          Ks 
 60808.164  466.0  -13.268  -13.405  -13.541  21454.68          Ks 
   60810.3  468.0   -13.25  -13.388  -13.523  21454.68          Ks 
 60812.436  470.0  -13.231   -13.37  -13.505  21454.68          Ks 
 60814.572  472.0  -13.213  -13.352  -13.488  21454.68          Ks 
 60816.708  474.0  -13.195  -13.335   -13.47  21454.68          Ks 
 60818.844  476.0  -13.178  -13.317  -13.453  21454.68          Ks 
  60820.98  478.0   -13.16    -13.3  -13.435  21454.68          Ks 
 60823.116  480.0  -13.142  -13.282  -13.418  21454.68          Ks 
 60825.252  482.0  -13.124  -13.265  -13.401  21454.68          Ks 
 60827.388  484.0  -13.107  -13.248  -13.383  21454.68          Ks 
 60829.524  486.0  -13.089  -13.231  -13.366  21454.68          Ks 
  60831.66  488.0  -13.072  -13.214  -13.349  21454.68          Ks 
 60833.796  490.0  -13.055  -13.196  -13.332  21454.68          Ks 
 60835.932  492.0  -13.038   -13.18  -13.315  21454.68          Ks 
 60838.068  494.0  -13.021  -13.163  -13.298  21454.68          Ks 
 60840.204  496.0  -13.003  -13.146  -13.281  21454.68          Ks 
  60842.34  498.0  -12.986  -13.129  -13.265  21454.68          Ks 
 60844.476  500.0   -12.97  -13.112  -13.248  21454.68          Ks 
 60846.612  502.0  -12.953  -13.096  -13.231  21454.68          Ks 
 60848.748  504.0  -12.936  -13.079  -13.215  21454.68          Ks 
 60850.884  506.0  -12.919  -13.063  -13.198  21454.68          Ks 
  60853.02  508.0  -12.903  -13.046  -13.182  21454.68          Ks 
 60855.156  510.0  -12.886   -13.03  -13.165  21454.68          Ks 
 60857.292  512.0  -12.869  -13.014  -13.149  21454.68          Ks 
 60859.428  514.0  -12.853  -12.997  -13.133  21454.68          Ks 
 60861.564  516.0  -12.837  -12.981  -13.117  21454.68          Ks 
   60863.7  518.0   -12.82  -12.965    -13.1  21454.68          Ks 
 60865.836  520.0  -12.804  -12.949  -13.084  21454.68          Ks 
 60867.972  522.0  -12.788  -12.933  -13.068  21454.68          Ks 
 60870.108  524.0  -12.772  -12.917  -13.052  21454.68          Ks 
 60872.244  526.0  -12.756  -12.901  -13.036  21454.68          Ks 
  60874.38  528.0   -12.74  -12.885  -13.021  21454.68          Ks 
 60876.516  530.0  -12.724  -12.869  -13.005  21454.68          Ks 
 60878.652  532.0  -12.708  -12.854  -12.989  21454.68          Ks 
 60880.788  534.0  -12.692  -12.838  -12.973  21454.68          Ks 
 60882.924  536.0  -12.676  -12.822  -12.958  21454.68          Ks 
  60885.06  538.0   -12.66  -12.807  -12.942  21454.68          Ks 
 60887.196  540.0  -12.644  -12.791  -12.927  21454.68          Ks 
 60889.332  542.0  -12.628  -12.776  -12.911  21454.68          Ks 
 60891.468  544.0  -12.612   -12.76  -12.896  21454.68          Ks 
 60893.604  546.0  -12.596  -12.745   -12.88  21454.68          Ks 
  60895.74  548.0   -12.58  -12.729  -12.865  21454.68          Ks 
 60897.876  550.0  -12.564  -12.714   -12.85  21454.68          Ks 
 60900.012  552.0  -12.548  -12.699  -12.835  21454.68          Ks 
 60902.148  554.0  -12.532  -12.684  -12.819  21454.68          Ks 
 60904.284  556.0  -12.517  -12.669  -12.804  21454.68          Ks 
  60906.42  558.0  -12.501  -12.654  -12.789  21454.68          Ks 
 60908.556  560.0  -12.485  -12.639  -12.774  21454.68          Ks 
 60910.692  562.0   -12.47  -12.624  -12.759  21454.68          Ks 
 60912.828  564.0  -12.454  -12.609  -12.744  21454.68          Ks 
 60914.964  566.0  -12.439  -12.594   -12.73  21454.68          Ks 
   60917.1  568.0  -12.424  -12.579  -12.715  21454.68          Ks 
 60919.236  570.0  -12.409  -12.564    -12.7  21454.68          Ks 
 60921.372  572.0  -12.394  -12.549  -12.685  21454.68          Ks 
 60923.508  574.0  -12.379  -12.535  -12.671  21454.68          Ks 
 60925.644  576.0  -12.364   -12.52  -12.656  21454.68          Ks 
  60927.78  578.0  -12.349  -12.506  -12.642  21454.68          Ks 
 60929.916  580.0  -12.334  -12.491  -12.627  21454.68          Ks 
 60932.052  582.0   -12.32  -12.477  -12.613  21454.68          Ks 
 60934.188  584.0  -12.305  -12.462  -12.598  21454.68          Ks 
 60936.324  586.0  -12.291  -12.448  -12.584  21454.68          Ks 
  60938.46  588.0  -12.276  -12.433   -12.57  21454.68          Ks 
 60940.596  590.0  -12.262  -12.419  -12.555  21454.68          Ks 
 60942.732  592.0  -12.247  -12.405  -12.541  21454.68          Ks 
 60944.868  594.0  -12.233  -12.391  -12.527  21454.68          Ks 
 60947.004  596.0  -12.219  -12.377  -12.513  21454.68          Ks 
  60949.14  598.0  -12.204  -12.362  -12.499  21454.68          Ks 
 60951.276  600.0   -12.19  -12.348  -12.485  21454.68          Ks 
 60953.412  602.0  -12.176  -12.334  -12.471  21454.68          Ks 
 60955.548  604.0  -12.162   -12.32  -12.457  21454.68          Ks 
 60957.684  606.0  -12.148  -12.306  -12.443  21454.68          Ks 
  60959.82  608.0  -12.134  -12.293  -12.429  21454.68          Ks 
 60961.956  610.0   -12.12  -12.279  -12.415  21454.68          Ks 
 60964.092  612.0  -12.106  -12.265  -12.402  21454.68          Ks 
 60966.228  614.0  -12.092  -12.251  -12.388  21454.68          Ks 
 60968.364  616.0  -12.078  -12.238  -12.374  21454.68          Ks 
   60970.5  618.0  -12.064  -12.224  -12.361  21454.68          Ks 
 60972.636  620.0   -12.05   -12.21  -12.347  21454.68          Ks 
 60974.772  622.0  -12.037  -12.197  -12.333  21454.68          Ks 
 60976.908  624.0  -12.023  -12.183   -12.32  21454.68          Ks 
 60979.044  626.0  -12.009   -12.17  -12.307  21454.68          Ks 
  60981.18  628.0  -11.996  -12.156  -12.293  21454.68          Ks 
 60983.316  630.0  -11.982  -12.143   -12.28  21454.68          Ks 
 60985.452  632.0  -11.969  -12.129  -12.266  21454.68          Ks 
 60987.588  634.0  -11.955  -12.116  -12.253  21454.68          Ks 
 60989.724  636.0  -11.942  -12.103   -12.24  21454.68          Ks 
  60991.86  638.0  -11.928   -12.09  -12.227  21454.68          Ks 
 60993.996  640.0  -11.915  -12.076  -12.213  21454.68          Ks 
 60996.132  642.0  -11.901  -12.063    -12.2  21454.68          Ks 
 60998.268  644.0  -11.888   -12.05  -12.187  21454.68          Ks 
 61000.404  646.0  -11.875  -12.037  -12.174  21454.68          Ks 
  61002.54  648.0  -11.862  -12.024  -12.161  21454.68          Ks 
 61004.676  650.0  -11.848  -12.011  -12.148  21454.68          Ks 
 61006.812  652.0  -11.835  -11.998  -12.135  21454.68          Ks 
 61008.948  654.0  -11.822  -11.985  -12.122  21454.68          Ks 
 61011.084  656.0  -11.809  -11.971  -12.109  21454.68          Ks 
  61013.22  658.0  -11.796  -11.958  -12.097  21454.68          Ks 
 61015.356  660.0  -11.783  -11.945  -12.084  21454.68          Ks 
 61017.492  662.0   -11.77  -11.932  -12.071  21454.68          Ks 
 61019.628  664.0  -11.757   -11.92  -12.058  21454.68          Ks 
 61021.764  666.0  -11.744  -11.907  -12.046  21454.68          Ks 
   61023.9  668.0  -11.731  -11.894  -12.033  21454.68          Ks 
 61026.036  670.0  -11.718  -11.882   -12.02  21454.68          Ks 
 61028.172  672.0  -11.706  -11.869  -12.008  21454.68          Ks 
 61030.308  674.0  -11.693  -11.857  -11.995  21454.68          Ks 
 61032.444  676.0   -11.68  -11.844  -11.983  21454.68          Ks 
  61034.58  678.0  -11.668  -11.832   -11.97  21454.68          Ks 
 61036.716  680.0  -11.655  -11.819  -11.958  21454.68          Ks 
 61038.852  682.0  -11.642  -11.807  -11.946  21454.68          Ks 
 61040.988  684.0   -11.63  -11.794  -11.933  21454.68          Ks 
 61043.124  686.0  -11.617  -11.782  -11.921  21454.68          Ks 
  61045.26  688.0  -11.605   -11.77  -11.909  21454.68          Ks 
 61047.396  690.0  -11.592  -11.758  -11.896  21454.68          Ks 
 61049.532  692.0   -11.58  -11.745  -11.884  21454.68          Ks 
 61051.668  694.0  -11.568  -11.733  -11.872  21454.68          Ks 
 61053.804  696.0  -11.555  -11.721   -11.86  21454.68          Ks 
  61055.94  698.0  -11.543  -11.709  -11.848  21454.68          Ks 
 61058.076  700.0  -11.531  -11.697  -11.836  21454.68          Ks 
 61060.212  702.0  -11.518  -11.685  -11.824  21454.68          Ks 
 61062.348  704.0  -11.506  -11.673  -11.812  21454.68          Ks 
 61064.484  706.0  -11.494  -11.661    -11.8  21454.68          Ks 
  61066.62  708.0  -11.482  -11.649  -11.788  21454.68          Ks 
 61068.756  710.0   -11.47  -11.637  -11.776  21454.68          Ks 
 61070.892  712.0  -11.458  -11.625  -11.764  21454.68          Ks 
 61073.028  714.0  -11.446  -11.613  -11.752  21454.68          Ks 
 61075.164  716.0  -11.434  -11.602   -11.74  21454.68          Ks 
   61077.3  718.0  -11.422   -11.59  -11.728  21454.68          Ks 
 61079.436  720.0   -11.41  -11.578  -11.717  21454.68          Ks 
 61081.572  722.0  -11.398  -11.566  -11.705  21454.68          Ks 
 61083.708  724.0  -11.386  -11.555  -11.693  21454.68          Ks 
 61085.844  726.0  -11.375  -11.543  -11.682  21454.68          Ks 
  61087.98  728.0  -11.363  -11.531   -11.67  21454.68          Ks 
 61090.116  730.0  -11.351   -11.52  -11.658  21454.68          Ks 
 61092.252  732.0  -11.339  -11.508  -11.647  21454.68          Ks 
 61094.388  734.0  -11.328  -11.496  -11.635  21454.68          Ks 
 61096.524  736.0  -11.316  -11.485  -11.624  21454.68          Ks 
  61098.66  738.0  -11.305  -11.473  -11.612  21454.68          Ks 
 61100.796  740.0  -11.293  -11.462  -11.601  21454.68          Ks 
 61102.932  742.0  -11.282   -11.45   -11.59  21454.68          Ks 
 61105.068  744.0   -11.27  -11.439  -11.578  21454.68          Ks 
 61107.204  746.0  -11.259  -11.427  -11.567  21454.68          Ks 
  61109.34  748.0  -11.247  -11.416  -11.555  21454.68          Ks 
 61111.476  750.0  -11.236  -11.405  -11.544  21454.68          Ks 
 61113.612  752.0  -11.224  -11.393  -11.533  21454.68          Ks 
 61115.748  754.0  -11.213  -11.382  -11.522  21454.68          Ks 
 61117.884  756.0  -11.202  -11.371   -11.51  21454.68          Ks 
  61120.02  758.0   -11.19   -11.36  -11.499  21454.68          Ks 
 61122.156  760.0  -11.179  -11.348  -11.488  21454.68          Ks 
 61124.292  762.0  -11.168  -11.337  -11.477  21454.68          Ks 
 61126.428  764.0  -11.157  -11.326  -11.466  21454.68          Ks 
 61128.564  766.0  -11.146  -11.315  -11.455  21454.68          Ks 
   61130.7  768.0  -11.134  -11.304  -11.444  21454.68          Ks 
 61132.836  770.0  -11.123  -11.293  -11.433  21454.68          Ks 
 61134.972  772.0  -11.112  -11.282  -11.422  21454.68          Ks 
 61137.108  774.0  -11.101  -11.271  -11.411  21454.68          Ks 
 61139.244  776.0   -11.09   -11.26    -11.4  21454.68          Ks 
  61141.38  778.0  -11.079  -11.249  -11.389  21454.68          Ks 
 61143.516  780.0  -11.068  -11.238  -11.378  21454.68          Ks 
 61145.652  782.0  -11.057  -11.227  -11.367  21454.68          Ks 
 61147.788  784.0  -11.046  -11.216  -11.357  21454.68          Ks 
 61149.924  786.0  -11.036  -11.205  -11.346  21454.68          Ks 
  61152.06  788.0  -11.025  -11.195  -11.335  21454.68          Ks 
 61154.196  790.0  -11.014  -11.184  -11.324  21454.68          Ks 
 61156.332  792.0  -11.003  -11.173  -11.314  21454.68          Ks 
 61158.468  794.0  -10.992  -11.162  -11.303  21454.68          Ks 
 61160.604  796.0  -10.982  -11.152  -11.292  21454.68          Ks 
  61162.74  798.0  -10.971  -11.141  -11.282  21454.68          Ks 
 61164.876  800.0   -10.96   -11.13  -11.271  21454.68          Ks 
 60310.476    0.0      nan      nan      nan   33526.0          W1 
  60311.01    0.5     -7.1   -9.169  -10.158   33526.0          W1 
 60311.544    1.0    -7.54   -9.705  -10.728   33526.0          W1 
 60312.078    1.5   -8.775  -10.412  -11.187   33526.0          W1 
 60312.612    2.0   -9.682  -10.953   -11.59   33526.0          W1 
 60313.146    2.5  -10.382  -11.361  -11.925   33526.0          W1 
  60313.68    3.0    -10.9  -11.734  -12.207   33526.0          W1 
 60314.214    3.5  -11.348  -12.064  -12.455   33526.0          W1 
 60314.748    4.0  -11.753  -12.345  -12.687   33526.0          W1 
 60315.282    4.5  -12.087  -12.589  -12.893   33526.0          W1 
 60315.816    5.0  -12.374  -12.805  -13.079   33526.0          W1 
  60316.35    5.5  -12.625  -13.002  -13.255   33526.0          W1 
 60316.884    6.0  -12.844  -13.184  -13.417   33526.0          W1 
 60317.418    6.5  -13.047  -13.349  -13.572   33526.0          W1 
 60317.952    7.0  -13.227  -13.502  -13.713   33526.0          W1 
 60318.486    7.5  -13.395  -13.644  -13.839   33526.0          W1 
  60319.02    8.0  -13.544  -13.777   -13.96   33526.0          W1 
 60319.554    8.5  -13.687  -13.901  -14.076   33526.0          W1 
 60320.088    9.0  -13.821  -14.017  -14.189   33526.0          W1 
 60320.622    9.5  -13.947  -14.127   -14.29   33526.0          W1 
 60321.156   10.0  -14.065  -14.231  -14.389   33526.0          W1 
  60321.69   10.5  -14.176  -14.331  -14.482   33526.0          W1 
 60322.224   11.0  -14.282  -14.426  -14.572   33526.0          W1 
 60322.758   11.5  -14.387  -14.515  -14.654   33526.0          W1 
 60323.292   12.0  -14.481  -14.604  -14.735   33526.0          W1 
 60323.826   12.5  -14.572  -14.693  -14.813   33526.0          W1 
  60324.36   13.0  -14.658  -14.775  -14.886   33526.0          W1 
 60324.894   13.5  -14.739  -14.851  -14.957   33526.0          W1 
 60325.428   14.0  -14.816  -14.925  -15.026   33526.0          W1 
 60325.962   14.5  -14.891  -14.995  -15.092   33526.0          W1 
 60326.496   15.0  -14.964  -15.062  -15.158   33526.0          W1 
  60327.03   15.5  -15.036  -15.127   -15.22   33526.0          W1 
 60327.564   16.0  -15.103  -15.189  -15.281   33526.0          W1 
 60328.098   16.5  -15.168  -15.251   -15.34   33526.0          W1 
 60328.632   17.0  -15.233   -15.31  -15.397   33526.0          W1 
 60329.166   17.5  -15.296  -15.367  -15.452   33526.0          W1 
   60329.7   18.0  -15.355  -15.423  -15.505   33526.0          W1 
 60330.234   18.5  -15.411  -15.477  -15.558   33526.0          W1 
 60330.768   19.0  -15.466   -15.53  -15.608   33526.0          W1 
 60331.302   19.5   -15.52  -15.583  -15.657   33526.0          W1 
 60331.836   20.0  -15.571  -15.632  -15.703   33526.0          W1 
  60332.37   20.5  -15.621  -15.679   -15.75   33526.0          W1 
 60332.904   21.0   -15.67  -15.724  -15.796   33526.0          W1 
 60333.438   21.5  -15.719   -15.77  -15.841   33526.0          W1 
 60333.972   22.0  -15.765  -15.814  -15.884   33526.0          W1 
 60334.506   22.5   -15.81  -15.858  -15.925   33526.0          W1 
  60335.04   23.0  -15.854  -15.901  -15.966   33526.0          W1 
 60335.574   23.5  -15.898  -15.943  -16.006   33526.0          W1 
 60336.108   24.0   -15.94  -15.984  -16.045   33526.0          W1 
 60336.642   24.5  -15.978  -16.023  -16.084   33526.0          W1 
 60337.176   25.0  -16.017  -16.061  -16.121   33526.0          W1 
  60337.71   25.5  -16.056  -16.099  -16.159   33526.0          W1 
 60338.244   26.0  -16.094  -16.135  -16.195   33526.0          W1 
 60338.778   26.5  -16.131  -16.172   -16.23   33526.0          W1 
 60339.312   27.0  -16.165  -16.209  -16.264   33526.0          W1 
 60339.846   27.5  -16.198  -16.244  -16.298   33526.0          W1 
  60340.38   28.0  -16.231  -16.277  -16.331   33526.0          W1 
 60340.914   28.5  -16.264  -16.311  -16.363   33526.0          W1 
 60341.448   29.0  -16.297  -16.344  -16.394   33526.0          W1 
 60341.982   29.5  -16.329  -16.376  -16.425   33526.0          W1 
 60342.516   30.0  -16.361  -16.408  -16.456   33526.0          W1 
  60343.05   30.5  -16.393   -16.44  -16.487   33526.0          W1 
 60343.584   31.0  -16.424  -16.471  -16.517   33526.0          W1 
 60344.118   31.5  -16.455    -16.5  -16.546   33526.0          W1 
 60344.652   32.0  -16.485  -16.529  -16.574   33526.0          W1 
 60345.186   32.5  -16.513  -16.557  -16.602   33526.0          W1 
  60345.72   33.0  -16.541  -16.584   -16.63   33526.0          W1 
 60346.254   33.5  -16.568  -16.612  -16.658   33526.0          W1 
 60346.788   34.0  -16.595  -16.638  -16.686   33526.0          W1 
 60347.322   34.5  -16.622  -16.665  -16.713   33526.0          W1 
 60347.856   35.0  -16.648  -16.691  -16.739   33526.0          W1 
  60348.39   35.5  -16.674  -16.717  -16.765   33526.0          W1 
 60348.924   36.0    -16.7  -16.742   -16.79   33526.0          W1 
 60349.458   36.5  -16.725  -16.767  -16.815   33526.0          W1 
 60349.992   37.0  -16.749  -16.791  -16.839   33526.0          W1 
 60350.526   37.5  -16.773  -16.815  -16.863   33526.0          W1 
  60351.06   38.0  -16.797  -16.839  -16.887   33526.0          W1 
 60351.594   38.5   -16.82  -16.862  -16.909   33526.0          W1 
 60352.128   39.0  -16.842  -16.884  -16.931   33526.0          W1 
 60352.662   39.5  -16.864  -16.907  -16.953   33526.0          W1 
 60353.196   40.0  -16.885  -16.929  -16.975   33526.0          W1 
  60353.73   40.5  -16.906  -16.951  -16.997   33526.0          W1 
 60354.264   41.0  -16.927  -16.972  -17.018   33526.0          W1 
 60354.798   41.5  -16.947  -16.992  -17.039   33526.0          W1 
 60355.332   42.0  -16.968  -17.013   -17.06   33526.0          W1 
 60355.866   42.5  -16.988  -17.033  -17.081   33526.0          W1 
   60356.4   43.0  -17.008  -17.053  -17.101   33526.0          W1 
 60356.934   43.5  -17.028  -17.073   -17.12   33526.0          W1 
 60357.468   44.0  -17.047  -17.092   -17.14   33526.0          W1 
 60358.002   44.5  -17.066  -17.111  -17.159   33526.0          W1 
 60358.536   45.0  -17.085   -17.13  -17.178   33526.0          W1 
  60359.07   45.5  -17.104  -17.148  -17.196   33526.0          W1 
 60359.604   46.0  -17.122  -17.166  -17.215   33526.0          W1 
 60360.138   46.5   -17.14  -17.184  -17.233   33526.0          W1 
 60360.672   47.0  -17.158  -17.202  -17.251   33526.0          W1 
 60361.206   47.5  -17.176  -17.219  -17.268   33526.0          W1 
  60361.74   48.0  -17.193  -17.236  -17.285   33526.0          W1 
 60362.274   48.5  -17.209  -17.253  -17.302   33526.0          W1 
 60362.808   49.0  -17.226   -17.27  -17.319   33526.0          W1 
 60363.342   49.5  -17.242  -17.286  -17.336   33526.0          W1 
 60363.876   50.0  -17.258  -17.303  -17.353   33526.0          W1 
  60364.41   50.5  -17.274  -17.319  -17.369   33526.0          W1 
 60364.944   51.0   -17.29  -17.335  -17.385   33526.0          W1 
 60365.478   51.5  -17.305   -17.35  -17.401   33526.0          W1 
 60366.012   52.0  -17.321  -17.366  -17.417   33526.0          W1 
 60366.546   52.5  -17.336  -17.381  -17.432   33526.0          W1 
  60367.08   53.0   -17.35  -17.396  -17.447   33526.0          W1 
 60367.614   53.5  -17.365  -17.411  -17.462   33526.0          W1 
 60368.148   54.0  -17.379  -17.425  -17.477   33526.0          W1 
 60368.682   54.5  -17.393   -17.44  -17.491   33526.0          W1 
 60369.216   55.0  -17.407  -17.454  -17.506   33526.0          W1 
  60369.75   55.5  -17.421  -17.468   -17.52   33526.0          W1 
 60370.284   56.0  -17.435  -17.482  -17.533   33526.0          W1 
 60370.818   56.5  -17.448  -17.496  -17.547   33526.0          W1 
 60371.352   57.0  -17.462  -17.509   -17.56   33526.0          W1 
 60371.886   57.5  -17.475  -17.522  -17.574   33526.0          W1 
  60372.42   58.0  -17.488  -17.535  -17.587   33526.0          W1 
 60372.954   58.5  -17.501  -17.548    -17.6   33526.0          W1 
 60373.488   59.0  -17.513  -17.561  -17.612   33526.0          W1 
 60374.022   59.5  -17.525  -17.573  -17.625   33526.0          W1 
 60374.556   60.0  -17.537  -17.585  -17.637   33526.0          W1 
  60375.09   60.5  -17.549  -17.597  -17.649   33526.0          W1 
 60375.624   61.0  -17.561  -17.609  -17.661   33526.0          W1 
 60376.158   61.5  -17.573  -17.621  -17.673   33526.0          W1 
 60376.692   62.0  -17.584  -17.632  -17.685   33526.0          W1 
 60377.226   62.5  -17.596  -17.643  -17.696   33526.0          W1 
  60377.76   63.0  -17.607  -17.654  -17.707   33526.0          W1 
 60378.294   63.5  -17.617  -17.665  -17.718   33526.0          W1 
 60378.828   64.0  -17.628  -17.676  -17.729   33526.0          W1 
 60379.362   64.5  -17.638  -17.687   -17.74   33526.0          W1 
 60379.896   65.0  -17.648  -17.697  -17.751   33526.0          W1 
  60380.43   65.5  -17.658  -17.708  -17.762   33526.0          W1 
 60380.964   66.0  -17.668  -17.719  -17.772   33526.0          W1 
 60381.498   66.5  -17.678  -17.729  -17.782   33526.0          W1 
 60382.032   67.0  -17.688  -17.739  -17.792   33526.0          W1 
 60382.566   67.5  -17.697  -17.749  -17.802   33526.0          W1 
   60383.1   68.0  -17.707  -17.758  -17.812   33526.0          W1 
 60383.634   68.5  -17.716  -17.768  -17.822   33526.0          W1 
 60384.168   69.0  -17.725  -17.778  -17.831   33526.0          W1 
 60384.702   69.5  -17.734  -17.787  -17.841   33526.0          W1 
 60385.236   70.0  -17.742  -17.796   -17.85   33526.0          W1 
  60385.77   70.5  -17.751  -17.805  -17.859   33526.0          W1 
 60386.304   71.0  -17.759  -17.814  -17.868   33526.0          W1 
 60386.838   71.5  -17.767  -17.823  -17.877   33526.0          W1 
 60387.372   72.0  -17.774  -17.831  -17.885   33526.0          W1 
 60387.906   72.5  -17.782   -17.84  -17.894   33526.0          W1 
  60388.44   73.0   -17.79  -17.848  -17.902   33526.0          W1 
 60388.974   73.5  -17.798  -17.856   -17.91   33526.0          W1 
 60389.508   74.0  -17.805  -17.864  -17.918   33526.0          W1 
 60390.042   74.5  -17.813  -17.872  -17.926   33526.0          W1 
 60390.576   75.0   -17.82   -17.88  -17.934   33526.0          W1 
  60391.11   75.5  -17.827  -17.888  -17.942   33526.0          W1 
 60391.644   76.0  -17.834  -17.895  -17.949   33526.0          W1 
 60392.178   76.5  -17.841  -17.902  -17.957   33526.0          W1 
 60392.712   77.0  -17.848  -17.909  -17.964   33526.0          W1 
 60393.246   77.5  -17.855  -17.916  -17.972   33526.0          W1 
  60393.78   78.0  -17.862  -17.923  -17.979   33526.0          W1 
 60394.314   78.5  -17.869   -17.93  -17.986   33526.0          W1 
 60394.848   79.0  -17.875  -17.937  -17.993   33526.0          W1 
 60395.382   79.5  -17.882  -17.943    -18.0   33526.0          W1 
 60395.916   80.0  -17.888   -17.95  -18.007   33526.0          W1 
  60396.45   80.5  -17.895  -17.956  -18.014   33526.0          W1 
 60396.984   81.0  -17.901  -17.962   -18.02   33526.0          W1 
 60397.518   81.5  -17.907  -17.968  -18.027   33526.0          W1 
 60398.052   82.0  -17.912  -17.975  -18.033   33526.0          W1 
 60398.586   82.5  -17.918   -17.98  -18.039   33526.0          W1 
  60399.12   83.0  -17.924  -17.986  -18.045   33526.0          W1 
 60399.654   83.5  -17.929  -17.992  -18.051   33526.0          W1 
 60400.188   84.0  -17.935  -17.998  -18.057   33526.0          W1 
 60400.722   84.5   -17.94  -18.004  -18.063   33526.0          W1 
 60401.256   85.0  -17.946  -18.009  -18.069   33526.0          W1 
  60401.79   85.5  -17.951  -18.015  -18.074   33526.0          W1 
 60402.324   86.0  -17.956   -18.02   -18.08   33526.0          W1 
 60402.858   86.5  -17.962  -18.026  -18.085   33526.0          W1 
 60403.392   87.0  -17.967  -18.031  -18.091   33526.0          W1 
 60403.926   87.5  -17.972  -18.036  -18.096   33526.0          W1 
  60404.46   88.0  -17.977  -18.041  -18.102   33526.0          W1 
 60404.994   88.5  -17.981  -18.046  -18.107   33526.0          W1 
 60405.528   89.0  -17.986  -18.051  -18.112   33526.0          W1 
 60406.062   89.5  -17.991  -18.055  -18.117   33526.0          W1 
 60406.596   90.0  -17.996   -18.06  -18.121   33526.0          W1 
  60407.13   90.5    -18.0  -18.065  -18.126   33526.0          W1 
 60407.664   91.0  -18.005  -18.069  -18.131   33526.0          W1 
 60408.198   91.5  -18.009  -18.073  -18.135   33526.0          W1 
 60408.732   92.0  -18.014  -18.078  -18.139   33526.0          W1 
 60409.266   92.5  -18.018  -18.082  -18.144   33526.0          W1 
   60409.8   93.0  -18.022  -18.086  -18.148   33526.0          W1 
 60410.334   93.5  -18.026   -18.09  -18.152   33526.0          W1 
 60410.868   94.0   -18.03  -18.094  -18.156   33526.0          W1 
 60411.402   94.5  -18.034  -18.098   -18.16   33526.0          W1 
 60411.936   95.0  -18.038  -18.102  -18.164   33526.0          W1 
  60412.47   95.5  -18.042  -18.106  -18.168   33526.0          W1 
 60413.004   96.0  -18.045   -18.11  -18.172   33526.0          W1 
 60413.538   96.5  -18.049  -18.114  -18.176   33526.0          W1 
 60414.072   97.0  -18.053  -18.117  -18.179   33526.0          W1 
 60414.606   97.5  -18.056  -18.121  -18.183   33526.0          W1 
  60415.14   98.0  -18.059  -18.124  -18.186   33526.0          W1 
 60415.674   98.5  -18.062  -18.128   -18.19   33526.0          W1 
 60416.208   99.0  -18.065  -18.131  -18.193   33526.0          W1 
 60416.742   99.5  -18.068  -18.134  -18.196   33526.0          W1 
 60417.276  100.0  -18.071  -18.138  -18.199   33526.0          W1 
 60417.276  100.0  -18.071  -18.138  -18.199   33526.0          W1 
 60419.412  102.0  -18.083  -18.149  -18.211   33526.0          W1 
 60421.548  104.0  -18.093  -18.159  -18.222   33526.0          W1 
 60423.684  106.0  -18.102  -18.169  -18.233   33526.0          W1 
  60425.82  108.0   -18.11  -18.177  -18.242   33526.0          W1 
 60427.956  110.0  -18.118  -18.184   -18.25   33526.0          W1 
 60430.092  112.0  -18.119  -18.184  -18.256   33526.0          W1 
 60432.228  114.0  -18.097  -18.172  -18.252   33526.0          W1 
 60434.364  116.0  -18.072  -18.144  -18.219   33526.0          W1 
   60436.5  118.0  -18.026  -18.105  -18.178   33526.0          W1 
 60438.636  120.0  -17.972  -18.053  -18.133   33526.0          W1 
 60440.772  122.0  -17.918    -18.0  -18.081   33526.0          W1 
 60442.908  124.0  -17.864  -17.947  -18.028   33526.0          W1 
 60445.044  126.0   -17.81  -17.894  -17.977   33526.0          W1 
  60447.18  128.0  -17.758  -17.841  -17.926   33526.0          W1 
 60449.316  130.0  -17.704  -17.788  -17.874   33526.0          W1 
 60451.452  132.0   -17.65  -17.734  -17.823   33526.0          W1 
 60453.588  134.0  -17.596   -17.68   -17.77   33526.0          W1 
 60455.724  136.0  -17.542  -17.627  -17.718   33526.0          W1 
  60457.86  138.0  -17.489  -17.575  -17.666   33526.0          W1 
 60459.996  140.0  -17.436  -17.523  -17.616   33526.0          W1 
 60462.132  142.0  -17.383  -17.471  -17.565   33526.0          W1 
 60464.268  144.0  -17.329   -17.42  -17.512   33526.0          W1 
 60466.404  146.0  -17.276   -17.37  -17.459   33526.0          W1 
  60468.54  148.0  -17.224   -17.32   -17.41   33526.0          W1 
 60470.676  150.0  -17.173  -17.269  -17.359   33526.0          W1 
 60472.812  152.0  -17.122  -17.217  -17.308   33526.0          W1 
 60474.948  154.0   -17.07  -17.168  -17.258   33526.0          W1 
 60477.084  156.0  -17.021  -17.119  -17.208   33526.0          W1 
  60479.22  158.0  -16.974  -17.072  -17.159   33526.0          W1 
 60481.356  160.0  -16.926  -17.022  -17.113   33526.0          W1 
 60483.492  162.0  -16.879  -16.976  -17.066   33526.0          W1 
 60485.628  164.0  -16.831  -16.932  -17.019   33526.0          W1 
 60487.764  166.0  -16.784  -16.887  -16.973   33526.0          W1 
   60489.9  168.0  -16.737  -16.842  -16.928   33526.0          W1 
 60492.036  170.0   -16.69  -16.797  -16.884   33526.0          W1 
 60494.172  172.0  -16.644  -16.752  -16.839   33526.0          W1 
 60496.308  174.0  -16.601  -16.707  -16.794   33526.0          W1 
 60498.444  176.0  -16.557  -16.662   -16.75   33526.0          W1 
  60500.58  178.0  -16.513  -16.619  -16.707   33526.0          W1 
 60502.716  180.0   -16.47  -16.576  -16.665   33526.0          W1 
 60504.852  182.0  -16.428  -16.534  -16.623   33526.0          W1 
 60506.988  184.0  -16.387  -16.491  -16.581   33526.0          W1 
 60509.124  186.0  -16.345   -16.45  -16.539   33526.0          W1 
  60511.26  188.0  -16.302  -16.409  -16.498   33526.0          W1 
 60513.396  190.0   -16.26  -16.368  -16.459   33526.0          W1 
 60515.532  192.0  -16.219  -16.327   -16.42   33526.0          W1 
 60517.668  194.0  -16.178  -16.286  -16.381   33526.0          W1 
 60519.804  196.0  -16.138  -16.246  -16.342   33526.0          W1 
  60521.94  198.0  -16.097  -16.206  -16.302   33526.0          W1 
 60524.076  200.0  -16.056  -16.166  -16.263   33526.0          W1 
 60526.212  202.0  -16.017  -16.128  -16.225   33526.0          W1 
 60528.348  204.0  -15.979  -16.089  -16.186   33526.0          W1 
 60530.484  206.0  -15.941   -16.05  -16.149   33526.0          W1 
  60532.62  208.0  -15.903  -16.011  -16.111   33526.0          W1 
 60534.756  210.0  -15.863  -15.973  -16.074   33526.0          W1 
 60536.892  212.0  -15.823  -15.935  -16.037   33526.0          W1 
 60539.028  214.0  -15.786  -15.898    -16.0   33526.0          W1 
 60541.164  216.0  -15.749  -15.861  -15.964   33526.0          W1 
   60543.3  218.0  -15.713  -15.825  -15.928   33526.0          W1 
 60545.436  220.0  -15.676  -15.789  -15.892   33526.0          W1 
 60547.572  222.0   -15.64  -15.753  -15.857   33526.0          W1 
 60549.708  224.0  -15.604  -15.717  -15.822   33526.0          W1 
 60551.844  226.0  -15.569  -15.682  -15.787   33526.0          W1 
  60553.98  228.0  -15.533  -15.647  -15.752   33526.0          W1 
 60556.116  230.0  -15.499  -15.613  -15.718   33526.0          W1 
 60558.252  232.0  -15.464  -15.579  -15.684   33526.0          W1 
 60560.388  234.0  -15.429  -15.545   -15.65   33526.0          W1 
 60562.524  236.0  -15.395  -15.511  -15.616   33526.0          W1 
  60564.66  238.0  -15.361  -15.479  -15.583   33526.0          W1 
 60566.796  240.0  -15.327  -15.446   -15.55   33526.0          W1 
 60568.932  242.0  -15.294  -15.414  -15.517   33526.0          W1 
 60571.068  244.0  -15.261  -15.382  -15.485   33526.0          W1 
 60573.204  246.0  -15.229  -15.349  -15.452   33526.0          W1 
  60575.34  248.0  -15.195  -15.317   -15.42   33526.0          W1 
 60577.476  250.0  -15.163  -15.285  -15.388   33526.0          W1 
 60579.612  252.0   -15.13  -15.254  -15.357   33526.0          W1 
 60581.748  254.0  -15.098  -15.222  -15.326   33526.0          W1 
 60583.884  256.0  -15.065  -15.191  -15.295   33526.0          W1 
  60586.02  258.0  -15.034   -15.16  -15.265   33526.0          W1 
 60588.156  260.0  -15.002  -15.129  -15.235   33526.0          W1 
 60590.292  262.0  -14.971  -15.099  -15.205   33526.0          W1 
 60592.428  264.0   -14.94  -15.069  -15.175   33526.0          W1 
 60594.564  266.0  -14.909  -15.039  -15.144   33526.0          W1 
   60596.7  268.0  -14.879   -15.01  -15.114   33526.0          W1 
 60598.836  270.0  -14.849   -14.98  -15.085   33526.0          W1 
 60600.972  272.0   -14.82  -14.951  -15.055   33526.0          W1 
 60603.108  274.0   -14.79  -14.921  -15.026   33526.0          W1 
 60605.244  276.0  -14.761  -14.891  -14.996   33526.0          W1 
  60607.38  278.0  -14.732  -14.862  -14.967   33526.0          W1 
 60609.516  280.0  -14.703  -14.833  -14.939   33526.0          W1 
 60611.652  282.0  -14.674  -14.805  -14.911   33526.0          W1 
 60613.788  284.0  -14.645  -14.777  -14.883   33526.0          W1 
 60615.924  286.0  -14.617  -14.749  -14.855   33526.0          W1 
  60618.06  288.0  -14.589  -14.721  -14.827   33526.0          W1 
 60620.196  290.0  -14.561  -14.693  -14.799   33526.0          W1 
 60622.332  292.0  -14.533  -14.665  -14.772   33526.0          W1 
 60624.468  294.0  -14.505  -14.637  -14.745   33526.0          W1 
 60626.604  296.0  -14.478   -14.61  -14.718   33526.0          W1 
  60628.74  298.0   -14.45  -14.582  -14.691   33526.0          W1 
 60630.876  300.0  -14.423  -14.555  -14.664   33526.0          W1 
 60633.012  302.0  -14.396  -14.528  -14.637   33526.0          W1 
 60635.148  304.0  -14.369  -14.501  -14.611   33526.0          W1 
 60637.284  306.0  -14.343  -14.474  -14.584   33526.0          W1 
  60639.42  308.0  -14.316  -14.448  -14.558   33526.0          W1 
 60641.556  310.0   -14.29  -14.421  -14.532   33526.0          W1 
 60643.692  312.0  -14.264  -14.395  -14.506   33526.0          W1 
 60645.828  314.0  -14.237  -14.369  -14.481   33526.0          W1 
 60647.964  316.0  -14.212  -14.343  -14.455   33526.0          W1 
   60650.1  318.0  -14.186  -14.317   -14.43   33526.0          W1 
 60652.236  320.0   -14.16  -14.291  -14.405   33526.0          W1 
 60654.372  322.0  -14.134  -14.266  -14.379   33526.0          W1 
 60656.508  324.0  -14.109  -14.241  -14.354   33526.0          W1 
 60658.644  326.0  -14.083  -14.215   -14.33   33526.0          W1 
  60660.78  328.0  -14.058   -14.19  -14.305   33526.0          W1 
 60662.916  330.0  -14.033  -14.165   -14.28   33526.0          W1 
 60665.052  332.0  -14.008  -14.141  -14.256   33526.0          W1 
 60667.188  334.0  -13.983  -14.116  -14.231   33526.0          W1 
 60669.324  336.0  -13.958  -14.091  -14.207   33526.0          W1 
  60671.46  338.0  -13.934  -14.067  -14.183   33526.0          W1 
 60673.596  340.0  -13.909  -14.043  -14.159   33526.0          W1 
 60675.732  342.0  -13.885   -14.02  -14.136   33526.0          W1 
 60677.868  344.0   -13.86  -13.996  -14.112   33526.0          W1 
 60680.004  346.0  -13.836  -13.972  -14.088   33526.0          W1 
  60682.14  348.0  -13.812  -13.949  -14.064   33526.0          W1 
 60684.276  350.0  -13.788  -13.925  -14.041   33526.0          W1 
 60686.412  352.0  -13.765  -13.902  -14.018   33526.0          W1 
 60688.548  354.0  -13.741  -13.879  -13.994   33526.0          W1 
 60690.684  356.0  -13.717  -13.855  -13.971   33526.0          W1 
  60692.82  358.0  -13.694  -13.832  -13.948   33526.0          W1 
 60694.956  360.0  -13.671  -13.809  -13.925   33526.0          W1 
 60697.092  362.0  -13.648  -13.786  -13.902   33526.0          W1 
 60699.228  364.0  -13.625  -13.763   -13.88   33526.0          W1 
 60701.364  366.0  -13.602   -13.74  -13.858   33526.0          W1 
   60703.5  368.0  -13.579  -13.718  -13.836   33526.0          W1 
 60705.636  370.0  -13.556  -13.695  -13.814   33526.0          W1 
 60707.772  372.0  -13.534  -13.673  -13.792   33526.0          W1 
 60709.908  374.0  -13.511  -13.651   -13.77   33526.0          W1 
 60712.044  376.0  -13.489  -13.628  -13.748   33526.0          W1 
  60714.18  378.0  -13.467  -13.606  -13.727   33526.0          W1 
 60716.316  380.0  -13.445  -13.584  -13.705   33526.0          W1 
 60718.452  382.0  -13.423  -13.562  -13.684   33526.0          W1 
 60720.588  384.0  -13.402  -13.541  -13.663   33526.0          W1 
 60722.724  386.0   -13.38  -13.519  -13.641   33526.0          W1 
  60724.86  388.0  -13.359  -13.497   -13.62   33526.0          W1 
 60726.996  390.0  -13.337  -13.475  -13.599   33526.0          W1 
 60729.132  392.0  -13.316  -13.454  -13.578   33526.0          W1 
 60731.268  394.0  -13.295  -13.432  -13.557   33526.0          W1 
 60733.404  396.0  -13.274  -13.411  -13.537   33526.0          W1 
  60735.54  398.0  -13.253  -13.389  -13.516   33526.0          W1 
 60737.676  400.0  -13.232  -13.368  -13.496   33526.0          W1 
 60739.812  402.0  -13.212  -13.347  -13.475   33526.0          W1 
 60741.948  404.0  -13.191  -13.326  -13.455   33526.0          W1 
 60744.084  406.0   -13.17  -13.305  -13.434   33526.0          W1 
  60746.22  408.0   -13.15  -13.285  -13.414   33526.0          W1 
 60748.356  410.0   -13.13  -13.264  -13.394   33526.0          W1 
 60750.492  412.0  -13.109  -13.244  -13.374   33526.0          W1 
 60752.628  414.0  -13.089  -13.223  -13.354   33526.0          W1 
 60754.764  416.0  -13.068  -13.203  -13.335   33526.0          W1 
   60756.9  418.0  -13.047  -13.183  -13.315   33526.0          W1 
 60759.036  420.0  -13.028  -13.163  -13.295   33526.0          W1 
 60761.172  422.0  -13.008  -13.143  -13.275   33526.0          W1 
 60763.308  424.0  -12.988  -13.123  -13.256   33526.0          W1 
 60765.444  426.0  -12.969  -13.103  -13.237   33526.0          W1 
  60767.58  428.0  -12.949  -13.084  -13.217   33526.0          W1 
 60769.716  430.0   -12.93  -13.064  -13.198   33526.0          W1 
 60771.852  432.0  -12.911  -13.045  -13.179   33526.0          W1 
 60773.988  434.0  -12.891  -13.025   -13.16   33526.0          W1 
 60776.124  436.0  -12.872  -13.006  -13.141   33526.0          W1 
  60778.26  438.0  -12.853  -12.987  -13.122   33526.0          W1 
 60780.396  440.0  -12.834  -12.968  -13.103   33526.0          W1 
 60782.532  442.0  -12.814  -12.949  -13.084   33526.0          W1 
 60784.668  444.0  -12.795   -12.93  -13.066   33526.0          W1 
 60786.804  446.0  -12.776  -12.912  -13.047   33526.0          W1 
  60788.94  448.0  -12.757  -12.893  -13.029   33526.0          W1 
 60791.076  450.0  -12.738  -12.875   -13.01   33526.0          W1 
 60793.212  452.0  -12.719  -12.856  -12.992   33526.0          W1 
 60795.348  454.0    -12.7  -12.838  -12.974   33526.0          W1 
 60797.484  456.0  -12.681  -12.819  -12.955   33526.0          W1 
  60799.62  458.0  -12.663  -12.801  -12.937   33526.0          W1 
 60801.756  460.0  -12.644  -12.783  -12.919   33526.0          W1 
 60803.892  462.0  -12.626  -12.765  -12.901   33526.0          W1 
 60806.028  464.0  -12.607  -12.747  -12.884   33526.0          W1 
 60808.164  466.0  -12.589  -12.729  -12.866   33526.0          W1 
   60810.3  468.0  -12.571  -12.711  -12.848   33526.0          W1 
 60812.436  470.0  -12.553  -12.693  -12.831   33526.0          W1 
 60814.572  472.0  -12.535  -12.675  -12.813   33526.0          W1 
 60816.708  474.0  -12.517  -12.658  -12.796   33526.0          W1 
 60818.844  476.0  -12.499   -12.64  -12.778   33526.0          W1 
  60820.98  478.0  -12.481  -12.623  -12.761   33526.0          W1 
 60823.116  480.0  -12.464  -12.605  -12.744   33526.0          W1 
 60825.252  482.0  -12.446  -12.588  -12.726   33526.0          W1 
 60827.388  484.0  -12.429  -12.571  -12.709   33526.0          W1 
 60829.524  486.0  -12.411  -12.553  -12.692   33526.0          W1 
  60831.66  488.0  -12.394  -12.536  -12.675   33526.0          W1 
 60833.796  490.0  -12.377  -12.519  -12.658   33526.0          W1 
 60835.932  492.0  -12.359  -12.502  -12.641   33526.0          W1 
 60838.068  494.0  -12.342  -12.485  -12.624   33526.0          W1 
 60840.204  496.0  -12.325  -12.468  -12.608   33526.0          W1 
  60842.34  498.0  -12.308  -12.451  -12.591   33526.0          W1 
 60844.476  500.0  -12.291  -12.435  -12.574   33526.0          W1 
 60846.612  502.0  -12.274  -12.418  -12.557   33526.0          W1 
 60848.748  504.0  -12.257  -12.401  -12.541   33526.0          W1 
 60850.884  506.0  -12.241  -12.385  -12.524   33526.0          W1 
  60853.02  508.0  -12.224  -12.368  -12.508   33526.0          W1 
 60855.156  510.0  -12.207  -12.352  -12.492   33526.0          W1 
 60857.292  512.0   -12.19  -12.335  -12.475   33526.0          W1 
 60859.428  514.0  -12.174  -12.319  -12.459   33526.0          W1 
 60861.564  516.0  -12.157  -12.303  -12.443   33526.0          W1 
   60863.7  518.0  -12.141  -12.286  -12.427   33526.0          W1 
 60865.836  520.0  -12.124   -12.27   -12.41   33526.0          W1 
 60867.972  522.0  -12.108  -12.254  -12.394   33526.0          W1 
 60870.108  524.0  -12.091  -12.238  -12.378   33526.0          W1 
 60872.244  526.0  -12.075  -12.222  -12.362   33526.0          W1 
  60874.38  528.0  -12.059  -12.206  -12.347   33526.0          W1 
 60876.516  530.0  -12.043  -12.191  -12.331   33526.0          W1 
 60878.652  532.0  -12.027  -12.175  -12.315   33526.0          W1 
 60880.788  534.0  -12.011  -12.159  -12.299   33526.0          W1 
 60882.924  536.0  -11.995  -12.144  -12.284   33526.0          W1 
  60885.06  538.0  -11.979  -12.128  -12.268   33526.0          W1 
 60887.196  540.0  -11.963  -12.112  -12.253   33526.0          W1 
 60889.332  542.0  -11.948  -12.097  -12.237   33526.0          W1 
 60891.468  544.0  -11.932  -12.081  -12.222   33526.0          W1 
 60893.604  546.0  -11.916  -12.066  -12.206   33526.0          W1 
  60895.74  548.0  -11.901  -12.051  -12.191   33526.0          W1 
 60897.876  550.0  -11.885  -12.035  -12.176   33526.0          W1 
 60900.012  552.0   -11.87   -12.02  -12.161   33526.0          W1 
 60902.148  554.0  -11.855  -12.005  -12.146   33526.0          W1 
 60904.284  556.0  -11.839  -11.989  -12.131   33526.0          W1 
  60906.42  558.0  -11.824  -11.974  -12.115   33526.0          W1 
 60908.556  560.0  -11.809  -11.959    -12.1   33526.0          W1 
 60910.692  562.0  -11.793  -11.944  -12.085   33526.0          W1 
 60912.828  564.0  -11.778  -11.929  -12.071   33526.0          W1 
 60914.964  566.0  -11.762  -11.914  -12.056   33526.0          W1 
   60917.1  568.0  -11.747  -11.899  -12.041   33526.0          W1 
 60919.236  570.0  -11.731  -11.885  -12.026   33526.0          W1 
 60921.372  572.0  -11.716   -11.87  -12.011   33526.0          W1 
 60923.508  574.0  -11.701  -11.855  -11.997   33526.0          W1 
 60925.644  576.0  -11.686  -11.841  -11.982   33526.0          W1 
  60927.78  578.0   -11.67  -11.826  -11.967   33526.0          W1 
 60929.916  580.0  -11.655  -11.811  -11.953   33526.0          W1 
 60932.052  582.0   -11.64  -11.797  -11.938   33526.0          W1 
 60934.188  584.0  -11.625  -11.782  -11.924   33526.0          W1 
 60936.324  586.0   -11.61  -11.768   -11.91   33526.0          W1 
  60938.46  588.0  -11.595  -11.754  -11.895   33526.0          W1 
 60940.596  590.0   -11.58  -11.739  -11.881   33526.0          W1 
 60942.732  592.0  -11.566  -11.725  -11.867   33526.0          W1 
 60944.868  594.0  -11.551  -11.711  -11.853   33526.0          W1 
 60947.004  596.0  -11.536  -11.696  -11.839   33526.0          W1 
  60949.14  598.0  -11.522  -11.682  -11.825   33526.0          W1 
 60951.276  600.0  -11.507  -11.668  -11.811   33526.0          W1 
 60953.412  602.0  -11.493  -11.654  -11.797   33526.0          W1 
 60955.548  604.0  -11.478   -11.64  -11.783   33526.0          W1 
 60957.684  606.0  -11.464  -11.626  -11.769   33526.0          W1 
  60959.82  608.0   -11.45  -11.612  -11.755   33526.0          W1 
 60961.956  610.0  -11.435  -11.599  -11.741   33526.0          W1 
 60964.092  612.0  -11.421  -11.585  -11.727   33526.0          W1 
 60966.228  614.0  -11.407  -11.571  -11.714   33526.0          W1 
 60968.364  616.0  -11.394  -11.558    -11.7   33526.0          W1 
   60970.5  618.0   -11.38  -11.544  -11.686   33526.0          W1 
 60972.636  620.0  -11.366   -11.53  -11.673   33526.0          W1 
 60974.772  622.0  -11.352  -11.517  -11.659   33526.0          W1 
 60976.908  624.0  -11.338  -11.503  -11.646   33526.0          W1 
 60979.044  626.0  -11.324   -11.49  -11.632   33526.0          W1 
  60981.18  628.0  -11.311  -11.476  -11.619   33526.0          W1 
 60983.316  630.0  -11.297  -11.463  -11.606   33526.0          W1 
 60985.452  632.0  -11.284   -11.45  -11.592   33526.0          W1 
 60987.588  634.0   -11.27  -11.436  -11.579   33526.0          W1 
 60989.724  636.0  -11.257  -11.423  -11.566   33526.0          W1 
  60991.86  638.0  -11.243   -11.41  -11.552   33526.0          W1 
 60993.996  640.0   -11.23  -11.397  -11.539   33526.0          W1 
 60996.132  642.0  -11.216  -11.384  -11.526   33526.0          W1 
 60998.268  644.0  -11.203  -11.371  -11.513   33526.0          W1 
 61000.404  646.0   -11.19  -11.358    -11.5   33526.0          W1 
  61002.54  648.0  -11.177  -11.345  -11.487   33526.0          W1 
 61004.676  650.0  -11.164  -11.332  -11.474   33526.0          W1 
 61006.812  652.0   -11.15  -11.319  -11.461   33526.0          W1 
 61008.948  654.0  -11.137  -11.306  -11.448   33526.0          W1 
 61011.084  656.0  -11.124  -11.293  -11.435   33526.0          W1 
  61013.22  658.0  -11.111   -11.28  -11.422   33526.0          W1 
 61015.356  660.0  -11.098  -11.267   -11.41   33526.0          W1 
 61017.492  662.0  -11.085  -11.254  -11.397   33526.0          W1 
 61019.628  664.0  -11.073  -11.241  -11.384   33526.0          W1 
 61021.764  666.0   -11.06  -11.228  -11.371   33526.0          W1 
   61023.9  668.0  -11.047  -11.215  -11.359   33526.0          W1 
 61026.036  670.0  -11.034  -11.202  -11.346   33526.0          W1 
 61028.172  672.0  -11.021  -11.189  -11.334   33526.0          W1 
 61030.308  674.0  -11.009  -11.177  -11.321   33526.0          W1 
 61032.444  676.0  -10.996  -11.164  -11.309   33526.0          W1 
  61034.58  678.0  -10.983  -11.151  -11.296   33526.0          W1 
 61036.716  680.0  -10.971  -11.138  -11.284   33526.0          W1 
 61038.852  682.0  -10.958  -11.126  -11.271   33526.0          W1 
 61040.988  684.0  -10.946  -11.113  -11.259   33526.0          W1 
 61043.124  686.0  -10.933  -11.101  -11.247   33526.0          W1 
  61045.26  688.0  -10.921  -11.088  -11.234   33526.0          W1 
 61047.396  690.0  -10.909  -11.076  -11.222   33526.0          W1 
 61049.532  692.0  -10.896  -11.064   -11.21   33526.0          W1 
 61051.668  694.0  -10.884  -11.051  -11.198   33526.0          W1 
 61053.804  696.0  -10.872  -11.039  -11.186   33526.0          W1 
  61055.94  698.0  -10.859  -11.027  -11.173   33526.0          W1 
 61058.076  700.0  -10.847  -11.015  -11.161   33526.0          W1 
 61060.212  702.0  -10.835  -11.003  -11.149   33526.0          W1 
 61062.348  704.0  -10.823  -10.991  -11.137   33526.0          W1 
 61064.484  706.0  -10.811  -10.979  -11.125   33526.0          W1 
  61066.62  708.0  -10.799  -10.967  -11.113   33526.0          W1 
 61068.756  710.0  -10.787  -10.955  -11.101   33526.0          W1 
 61070.892  712.0  -10.774  -10.943   -11.09   33526.0          W1 
 61073.028  714.0  -10.762  -10.931  -11.078   33526.0          W1 
 61075.164  716.0  -10.751  -10.919  -11.066   33526.0          W1 
   61077.3  718.0  -10.739  -10.907  -11.054   33526.0          W1 
 61079.436  720.0  -10.727  -10.896  -11.042   33526.0          W1 
 61081.572  722.0  -10.715  -10.884  -11.031   33526.0          W1 
 61083.708  724.0  -10.703  -10.872  -11.019   33526.0          W1 
 61085.844  726.0  -10.691   -10.86  -11.007   33526.0          W1 
  61087.98  728.0   -10.68  -10.849  -10.996   33526.0          W1 
 61090.116  730.0  -10.668  -10.837  -10.984   33526.0          W1 
 61092.252  732.0  -10.656  -10.826  -10.972   33526.0          W1 
 61094.388  734.0  -10.644  -10.814  -10.961   33526.0          W1 
 61096.524  736.0  -10.633  -10.803  -10.949   33526.0          W1 
  61098.66  738.0  -10.621  -10.791  -10.938   33526.0          W1 
 61100.796  740.0   -10.61   -10.78  -10.927   33526.0          W1 
 61102.932  742.0  -10.598  -10.768  -10.915   33526.0          W1 
 61105.068  744.0  -10.587  -10.757  -10.904   33526.0          W1 
 61107.204  746.0  -10.575  -10.745  -10.892   33526.0          W1 
  61109.34  748.0  -10.564  -10.734  -10.881   33526.0          W1 
 61111.476  750.0  -10.552  -10.723   -10.87   33526.0          W1 
 61113.612  752.0  -10.541  -10.711  -10.859   33526.0          W1 
 61115.748  754.0   -10.53    -10.7  -10.847   33526.0          W1 
 61117.884  756.0  -10.518  -10.689  -10.836   33526.0          W1 
  61120.02  758.0  -10.507  -10.678  -10.825   33526.0          W1 
 61122.156  760.0  -10.496  -10.666  -10.814   33526.0          W1 
 61124.292  762.0  -10.484  -10.655  -10.803   33526.0          W1 
 61126.428  764.0  -10.473  -10.644  -10.792   33526.0          W1 
 61128.564  766.0  -10.462  -10.633  -10.781   33526.0          W1 
   61130.7  768.0  -10.451  -10.622   -10.77   33526.0          W1 
 61132.836  770.0   -10.44  -10.611  -10.759   33526.0          W1 
 61134.972  772.0  -10.429    -10.6  -10.748   33526.0          W1 
 61137.108  774.0  -10.418  -10.589  -10.737   33526.0          W1 
 61139.244  776.0  -10.407  -10.578  -10.726   33526.0          W1 
  61141.38  778.0  -10.396  -10.567  -10.715   33526.0          W1 
 61143.516  780.0  -10.385  -10.556  -10.704   33526.0          W1 
 61145.652  782.0  -10.374  -10.545  -10.693   33526.0          W1 
 61147.788  784.0  -10.363  -10.535  -10.682   33526.0          W1 
 61149.924  786.0  -10.352  -10.524  -10.672   33526.0          W1 
  61152.06  788.0  -10.341  -10.513  -10.661   33526.0          W1 
 61154.196  790.0   -10.33  -10.502   -10.65   33526.0          W1 
 61156.332  792.0  -10.319  -10.491  -10.639   33526.0          W1 
 61158.468  794.0  -10.309  -10.481  -10.629   33526.0          W1 
 61160.604  796.0  -10.298   -10.47  -10.618   33526.0          W1 
  61162.74  798.0  -10.287  -10.459  -10.607   33526.0          W1 
 61164.876  800.0  -10.276  -10.449  -10.597   33526.0          W1 
 60310.476    0.0      nan      nan      nan   46028.0          W2 
  60311.01    0.5   -6.459   -8.526   -9.518   46028.0          W2 
 60311.544    1.0   -6.895   -9.057  -10.084   46028.0          W2 
 60312.078    1.5    -8.13   -9.762  -10.539   46028.0          W2 
 60312.612    2.0   -9.029  -10.309  -10.943   46028.0          W2 
 60313.146    2.5   -9.733  -10.714  -11.274   46028.0          W2 
  60313.68    3.0  -10.251  -11.088  -11.559   46028.0          W2 
 60314.214    3.5    -10.7  -11.417  -11.809   46028.0          W2 
 60314.748    4.0  -11.105  -11.699  -12.039   46028.0          W2 
 60315.282    4.5  -11.438  -11.943  -12.245   46028.0          W2 
 60315.816    5.0  -11.726   -12.16  -12.432   46028.0          W2 
  60316.35    5.5  -11.976  -12.358  -12.608   46028.0          W2 
 60316.884    6.0  -12.196  -12.538  -12.771   46028.0          W2 
 60317.418    6.5  -12.399  -12.702  -12.928   46028.0          W2 
 60317.952    7.0  -12.579  -12.855  -13.068   46028.0          W2 
 60318.486    7.5  -12.744  -12.998  -13.195   46028.0          W2 
  60319.02    8.0  -12.898  -13.131  -13.315   46028.0          W2 
 60319.554    8.5  -13.042  -13.256  -13.434   46028.0          W2 
 60320.088    9.0  -13.176  -13.372  -13.545   46028.0          W2 
 60320.622    9.5  -13.302  -13.481  -13.646   46028.0          W2 
 60321.156   10.0   -13.42  -13.587  -13.745   46028.0          W2 
  60321.69   10.5  -13.532  -13.686  -13.839   46028.0          W2 
 60322.224   11.0  -13.639   -13.78  -13.927   46028.0          W2 
 60322.758   11.5  -13.744  -13.872  -14.011   46028.0          W2 
 60323.292   12.0  -13.839  -13.963  -14.091   46028.0          W2 
 60323.826   12.5   -13.93   -14.05   -14.17   46028.0          W2 
  60324.36   13.0  -14.014  -14.131  -14.243   46028.0          W2 
 60324.894   13.5  -14.096  -14.205  -14.315   46028.0          W2 
 60325.428   14.0  -14.174  -14.281  -14.385   46028.0          W2 
 60325.962   14.5  -14.248  -14.352   -14.45   46028.0          W2 
 60326.496   15.0   -14.32  -14.419  -14.515   46028.0          W2 
  60327.03   15.5  -14.392  -14.483  -14.579   46028.0          W2 
 60327.564   16.0  -14.461  -14.547   -14.64   46028.0          W2 
 60328.098   16.5  -14.526  -14.608    -14.7   46028.0          W2 
 60328.632   17.0  -14.591  -14.668  -14.757   46028.0          W2 
 60329.166   17.5  -14.653  -14.726  -14.811   46028.0          W2 
   60329.7   18.0  -14.712  -14.782  -14.865   46028.0          W2 
 60330.234   18.5  -14.769  -14.836  -14.919   46028.0          W2 
 60330.768   19.0  -14.825  -14.891  -14.968   46028.0          W2 
 60331.302   19.5  -14.878  -14.941  -15.016   46028.0          W2 
 60331.836   20.0  -14.931  -14.989  -15.064   46028.0          W2 
  60332.37   20.5  -14.982  -15.036  -15.112   46028.0          W2 
 60332.904   21.0  -15.031  -15.083  -15.158   46028.0          W2 
 60333.438   21.5  -15.078  -15.129  -15.203   46028.0          W2 
 60333.972   22.0  -15.123  -15.173  -15.245   46028.0          W2 
 60334.506   22.5  -15.169  -15.219  -15.286   46028.0          W2 
  60335.04   23.0  -15.215  -15.261  -15.328   46028.0          W2 
 60335.574   23.5  -15.258  -15.304  -15.368   46028.0          W2 
 60336.108   24.0  -15.299  -15.345  -15.408   46028.0          W2 
 60336.642   24.5  -15.338  -15.383  -15.447   46028.0          W2 
 60337.176   25.0  -15.377  -15.422  -15.485   46028.0          W2 
  60337.71   25.5  -15.417   -15.46  -15.522   46028.0          W2 
 60338.244   26.0  -15.455  -15.497  -15.559   46028.0          W2 
 60338.778   26.5  -15.491  -15.534  -15.593   46028.0          W2 
 60339.312   27.0  -15.526  -15.571  -15.628   46028.0          W2 
 60339.846   27.5   -15.56  -15.607  -15.662   46028.0          W2 
  60340.38   28.0  -15.593  -15.641  -15.695   46028.0          W2 
 60340.914   28.5  -15.627  -15.675  -15.727   46028.0          W2 
 60341.448   29.0  -15.659  -15.708  -15.759   46028.0          W2 
 60341.982   29.5  -15.692   -15.74   -15.79   46028.0          W2 
 60342.516   30.0  -15.724  -15.773  -15.821   46028.0          W2 
  60343.05   30.5  -15.756  -15.804  -15.852   46028.0          W2 
 60343.584   31.0  -15.787  -15.835  -15.881   46028.0          W2 
 60344.118   31.5  -15.818  -15.865  -15.911   46028.0          W2 
 60344.652   32.0  -15.848  -15.894   -15.94   46028.0          W2 
 60345.186   32.5  -15.876  -15.922  -15.969   46028.0          W2 
  60345.72   33.0  -15.904   -15.95  -15.998   46028.0          W2 
 60346.254   33.5  -15.932  -15.977  -16.026   46028.0          W2 
 60346.788   34.0  -15.959  -16.005  -16.054   46028.0          W2 
 60347.322   34.5  -15.986  -16.032  -16.081   46028.0          W2 
 60347.856   35.0  -16.013  -16.058  -16.108   46028.0          W2 
  60348.39   35.5  -16.039  -16.084  -16.134   46028.0          W2 
 60348.924   36.0  -16.064  -16.109  -16.159   46028.0          W2 
 60349.458   36.5   -16.09  -16.134  -16.185   46028.0          W2 
 60349.992   37.0  -16.114  -16.159  -16.209   46028.0          W2 
 60350.526   37.5  -16.139  -16.184  -16.233   46028.0          W2 
  60351.06   38.0  -16.163  -16.208  -16.256   46028.0          W2 
 60351.594   38.5  -16.186  -16.231  -16.279   46028.0          W2 
 60352.128   39.0  -16.208  -16.253  -16.302   46028.0          W2 
 60352.662   39.5   -16.23  -16.275  -16.324   46028.0          W2 
 60353.196   40.0  -16.252  -16.298  -16.347   46028.0          W2 
  60353.73   40.5  -16.273   -16.32  -16.368   46028.0          W2 
 60354.264   41.0  -16.294  -16.342  -16.389   46028.0          W2 
 60354.798   41.5  -16.315  -16.363  -16.411   46028.0          W2 
 60355.332   42.0  -16.335  -16.383  -16.432   46028.0          W2 
 60355.866   42.5  -16.356  -16.404  -16.453   46028.0          W2 
   60356.4   43.0  -16.376  -16.424  -16.473   46028.0          W2 
 60356.934   43.5  -16.396  -16.444  -16.493   46028.0          W2 
 60357.468   44.0  -16.416  -16.463  -16.513   46028.0          W2 
 60358.002   44.5  -16.436  -16.482  -16.533   46028.0          W2 
 60358.536   45.0  -16.455  -16.502  -16.552   46028.0          W2 
  60359.07   45.5  -16.474  -16.521  -16.571   46028.0          W2 
 60359.604   46.0  -16.492  -16.539  -16.589   46028.0          W2 
 60360.138   46.5   -16.51  -16.557  -16.608   46028.0          W2 
 60360.672   47.0  -16.528  -16.575  -16.626   46028.0          W2 
 60361.206   47.5  -16.546  -16.592  -16.643   46028.0          W2 
  60361.74   48.0  -16.563   -16.61   -16.66   46028.0          W2 
 60362.274   48.5   -16.58  -16.627  -16.678   46028.0          W2 
 60362.808   49.0  -16.597  -16.644  -16.696   46028.0          W2 
 60363.342   49.5  -16.614  -16.661  -16.713   46028.0          W2 
 60363.876   50.0   -16.63  -16.677  -16.729   46028.0          W2 
  60364.41   50.5  -16.646  -16.694  -16.746   46028.0          W2 
 60364.944   51.0  -16.662   -16.71  -16.762   46028.0          W2 
 60365.478   51.5  -16.678  -16.726  -16.779   46028.0          W2 
 60366.012   52.0  -16.693  -16.741  -16.795   46028.0          W2 
 60366.546   52.5  -16.709  -16.757   -16.81   46028.0          W2 
  60367.08   53.0  -16.724  -16.772  -16.826   46028.0          W2 
 60367.614   53.5  -16.738  -16.787  -16.841   46028.0          W2 
 60368.148   54.0  -16.753  -16.802  -16.856   46028.0          W2 
 60368.682   54.5  -16.768  -16.817   -16.87   46028.0          W2 
 60369.216   55.0  -16.782  -16.831  -16.885   46028.0          W2 
  60369.75   55.5  -16.797  -16.845  -16.899   46028.0          W2 
 60370.284   56.0  -16.811  -16.859  -16.913   46028.0          W2 
 60370.818   56.5  -16.825  -16.873  -16.927   46028.0          W2 
 60371.352   57.0  -16.838  -16.887  -16.941   46028.0          W2 
 60371.886   57.5  -16.852  -16.901  -16.954   46028.0          W2 
  60372.42   58.0  -16.865  -16.914  -16.968   46028.0          W2 
 60372.954   58.5  -16.878  -16.927  -16.981   46028.0          W2 
 60373.488   59.0  -16.891   -16.94  -16.994   46028.0          W2 
 60374.022   59.5  -16.903  -16.952  -17.007   46028.0          W2 
 60374.556   60.0  -16.916  -16.965  -17.019   46028.0          W2 
  60375.09   60.5  -16.928  -16.977  -17.032   46028.0          W2 
 60375.624   61.0   -16.94  -16.989  -17.044   46028.0          W2 
 60376.158   61.5  -16.951  -17.001  -17.055   46028.0          W2 
 60376.692   62.0  -16.963  -17.013  -17.067   46028.0          W2 
 60377.226   62.5  -16.974  -17.025  -17.079   46028.0          W2 
  60377.76   63.0  -16.985  -17.036   -17.09   46028.0          W2 
 60378.294   63.5  -16.996  -17.048  -17.101   46028.0          W2 
 60378.828   64.0  -17.007  -17.059  -17.112   46028.0          W2 
 60379.362   64.5  -17.018   -17.07  -17.123   46028.0          W2 
 60379.896   65.0  -17.028  -17.081  -17.134   46028.0          W2 
  60380.43   65.5  -17.039  -17.092  -17.145   46028.0          W2 
 60380.964   66.0  -17.049  -17.103  -17.156   46028.0          W2 
 60381.498   66.5  -17.059  -17.113  -17.166   46028.0          W2 
 60382.032   67.0  -17.069  -17.124  -17.177   46028.0          W2 
 60382.566   67.5  -17.079  -17.134  -17.187   46028.0          W2 
   60383.1   68.0  -17.089  -17.144  -17.197   46028.0          W2 
 60383.634   68.5  -17.098  -17.154  -17.207   46028.0          W2 
 60384.168   69.0  -17.108  -17.164  -17.217   46028.0          W2 
 60384.702   69.5  -17.117  -17.174  -17.227   46028.0          W2 
 60385.236   70.0  -17.126  -17.183  -17.237   46028.0          W2 
  60385.77   70.5  -17.135  -17.192  -17.246   46028.0          W2 
 60386.304   71.0  -17.143  -17.202  -17.256   46028.0          W2 
 60386.838   71.5  -17.151  -17.211  -17.265   46028.0          W2 
 60387.372   72.0  -17.159   -17.22  -17.274   46028.0          W2 
 60387.906   72.5  -17.167  -17.229  -17.283   46028.0          W2 
  60388.44   73.0  -17.175  -17.237  -17.292   46028.0          W2 
 60388.974   73.5  -17.183  -17.246  -17.301   46028.0          W2 
 60389.508   74.0  -17.192  -17.254   -17.31   46028.0          W2 
 60390.042   74.5    -17.2  -17.262  -17.318   46028.0          W2 
 60390.576   75.0  -17.208   -17.27  -17.327   46028.0          W2 
  60391.11   75.5  -17.216  -17.277  -17.335   46028.0          W2 
 60391.644   76.0  -17.224  -17.285  -17.343   46028.0          W2 
 60392.178   76.5  -17.231  -17.293  -17.351   46028.0          W2 
 60392.712   77.0  -17.239  -17.301  -17.359   46028.0          W2 
 60393.246   77.5  -17.246  -17.308  -17.367   46028.0          W2 
  60393.78   78.0  -17.254  -17.315  -17.375   46028.0          W2 
 60394.314   78.5  -17.261  -17.323  -17.382   46028.0          W2 
 60394.848   79.0  -17.268   -17.33   -17.39   46028.0          W2 
 60395.382   79.5  -17.275  -17.337  -17.397   46028.0          W2 
 60395.916   80.0  -17.281  -17.344  -17.404   46028.0          W2 
  60396.45   80.5  -17.288   -17.35  -17.411   46028.0          W2 
 60396.984   81.0  -17.294  -17.357  -17.418   46028.0          W2 
 60397.518   81.5  -17.301  -17.364  -17.425   46028.0          W2 
 60398.052   82.0  -17.307   -17.37  -17.432   46028.0          W2 
 60398.586   82.5  -17.313  -17.377  -17.438   46028.0          W2 
  60399.12   83.0   -17.32  -17.383  -17.445   46028.0          W2 
 60399.654   83.5  -17.326  -17.389  -17.452   46028.0          W2 
 60400.188   84.0  -17.332  -17.396  -17.458   46028.0          W2 
 60400.722   84.5  -17.337  -17.402  -17.465   46028.0          W2 
 60401.256   85.0  -17.343  -17.408  -17.472   46028.0          W2 
  60401.79   85.5  -17.349  -17.414  -17.478   46028.0          W2 
 60402.324   86.0  -17.355   -17.42  -17.484   46028.0          W2 
 60402.858   86.5   -17.36  -17.426   -17.49   46028.0          W2 
 60403.392   87.0  -17.366  -17.432  -17.496   46028.0          W2 
 60403.926   87.5  -17.371  -17.437  -17.502   46028.0          W2 
  60404.46   88.0  -17.377  -17.443  -17.508   46028.0          W2 
 60404.994   88.5  -17.382  -17.449  -17.513   46028.0          W2 
 60405.528   89.0  -17.388  -17.454  -17.519   46028.0          W2 
 60406.062   89.5  -17.394  -17.459  -17.524   46028.0          W2 
 60406.596   90.0  -17.399  -17.465   -17.53   46028.0          W2 
  60407.13   90.5  -17.404   -17.47  -17.535   46028.0          W2 
 60407.664   91.0  -17.409  -17.475   -17.54   46028.0          W2 
 60408.198   91.5  -17.414   -17.48  -17.545   46028.0          W2 
 60408.732   92.0  -17.419  -17.485   -17.55   46028.0          W2 
 60409.266   92.5  -17.424   -17.49  -17.555   46028.0          W2 
   60409.8   93.0  -17.429  -17.494  -17.559   46028.0          W2 
 60410.334   93.5  -17.433  -17.499  -17.564   46028.0          W2 
 60410.868   94.0  -17.438  -17.503  -17.569   46028.0          W2 
 60411.402   94.5  -17.442  -17.508  -17.573   46028.0          W2 
 60411.936   95.0  -17.447  -17.512  -17.578   46028.0          W2 
  60412.47   95.5  -17.451  -17.517  -17.582   46028.0          W2 
 60413.004   96.0  -17.455  -17.521  -17.586   46028.0          W2 
 60413.538   96.5  -17.459  -17.526  -17.591   46028.0          W2 
 60414.072   97.0  -17.463   -17.53  -17.595   46028.0          W2 
 60414.606   97.5  -17.467  -17.534  -17.599   46028.0          W2 
  60415.14   98.0  -17.471  -17.538  -17.603   46028.0          W2 
 60415.674   98.5  -17.475  -17.542  -17.607   46028.0          W2 
 60416.208   99.0  -17.478  -17.546  -17.611   46028.0          W2 
 60416.742   99.5  -17.482   -17.55  -17.615   46028.0          W2 
 60417.276  100.0  -17.486  -17.554  -17.619   46028.0          W2 
 60417.276  100.0  -17.486  -17.554  -17.619   46028.0          W2 
 60419.412  102.0  -17.499  -17.569  -17.634   46028.0          W2 
 60421.548  104.0  -17.512  -17.582  -17.647   46028.0          W2 
 60423.684  106.0  -17.523  -17.595   -17.66   46028.0          W2 
  60425.82  108.0  -17.534  -17.606  -17.673   46028.0          W2 
 60427.956  110.0  -17.545  -17.614  -17.684   46028.0          W2 
 60430.092  112.0   -17.55  -17.617  -17.692   46028.0          W2 
 60432.228  114.0  -17.529  -17.606  -17.689   46028.0          W2 
 60434.364  116.0  -17.504   -17.58  -17.659   46028.0          W2 
   60436.5  118.0  -17.459  -17.543  -17.618   46028.0          W2 
 60438.636  120.0  -17.405   -17.49  -17.573   46028.0          W2 
 60440.772  122.0  -17.351  -17.436  -17.521   46028.0          W2 
 60442.908  124.0  -17.298  -17.383  -17.468   46028.0          W2 
 60445.044  126.0  -17.245   -17.33  -17.416   46028.0          W2 
  60447.18  128.0  -17.192  -17.277  -17.365   46028.0          W2 
 60449.316  130.0  -17.138  -17.225  -17.314   46028.0          W2 
 60451.452  132.0  -17.084  -17.172  -17.263   46028.0          W2 
 60453.588  134.0   -17.03  -17.118  -17.211   46028.0          W2 
 60455.724  136.0  -16.976  -17.064  -17.159   46028.0          W2 
  60457.86  138.0  -16.923  -17.011  -17.106   46028.0          W2 
 60459.996  140.0   -16.87  -16.959  -17.055   46028.0          W2 
 60462.132  142.0  -16.817  -16.907  -17.004   46028.0          W2 
 60464.268  144.0  -16.764  -16.857  -16.951   46028.0          W2 
 60466.404  146.0  -16.711  -16.806  -16.899   46028.0          W2 
  60468.54  148.0  -16.659  -16.757  -16.849   46028.0          W2 
 60470.676  150.0  -16.607  -16.705  -16.799   46028.0          W2 
 60472.812  152.0  -16.556  -16.654  -16.749   46028.0          W2 
 60474.948  154.0  -16.504  -16.604  -16.698   46028.0          W2 
 60477.084  156.0  -16.455  -16.555  -16.648   46028.0          W2 
  60479.22  158.0  -16.407  -16.509  -16.599   46028.0          W2 
 60481.356  160.0  -16.359   -16.46  -16.553   46028.0          W2 
 60483.492  162.0  -16.312  -16.411  -16.506   46028.0          W2 
 60485.628  164.0  -16.264  -16.366  -16.459   46028.0          W2 
 60487.764  166.0  -16.217  -16.322  -16.413   46028.0          W2 
   60489.9  168.0   -16.17  -16.279  -16.367   46028.0          W2 
 60492.036  170.0  -16.124  -16.233  -16.322   46028.0          W2 
 60494.172  172.0  -16.077  -16.189  -16.277   46028.0          W2 
 60496.308  174.0  -16.032  -16.144  -16.232   46028.0          W2 
 60498.444  176.0  -15.989    -16.1  -16.189   46028.0          W2 
  60500.58  178.0  -15.945  -16.056  -16.146   46028.0          W2 
 60502.716  180.0  -15.902  -16.013  -16.103   46028.0          W2 
 60504.852  182.0  -15.861  -15.971  -16.062   46028.0          W2 
 60506.988  184.0  -15.819  -15.929  -16.021   46028.0          W2 
 60509.124  186.0  -15.778  -15.887  -15.978   46028.0          W2 
  60511.26  188.0  -15.737  -15.846  -15.937   46028.0          W2 
 60513.396  190.0  -15.694  -15.805  -15.897   46028.0          W2 
 60515.532  192.0  -15.653  -15.764  -15.857   46028.0          W2 
 60517.668  194.0  -15.612  -15.724  -15.819   46028.0          W2 
 60519.804  196.0  -15.572  -15.684  -15.781   46028.0          W2 
  60521.94  198.0  -15.531  -15.644  -15.742   46028.0          W2 
 60524.076  200.0  -15.491  -15.604  -15.704   46028.0          W2 
 60526.212  202.0   -15.45  -15.564  -15.665   46028.0          W2 
 60528.348  204.0  -15.411  -15.525  -15.627   46028.0          W2 
 60530.484  206.0  -15.372  -15.488  -15.589   46028.0          W2 
  60532.62  208.0  -15.335   -15.45  -15.551   46028.0          W2 
 60534.756  210.0  -15.297  -15.412  -15.514   46028.0          W2 
 60536.892  212.0   -15.26  -15.374  -15.477   46028.0          W2 
 60539.028  214.0  -15.222  -15.336  -15.441   46028.0          W2 
 60541.164  216.0  -15.183    -15.3  -15.404   46028.0          W2 
   60543.3  218.0  -15.145  -15.263  -15.368   46028.0          W2 
 60545.436  220.0  -15.108  -15.227  -15.333   46028.0          W2 
 60547.572  222.0  -15.072  -15.191  -15.297   46028.0          W2 
 60549.708  224.0  -15.037  -15.155  -15.262   46028.0          W2 
 60551.844  226.0  -15.003   -15.12  -15.227   46028.0          W2 
  60553.98  228.0  -14.968  -15.084  -15.193   46028.0          W2 
 60556.116  230.0  -14.933  -15.049  -15.159   46028.0          W2 
 60558.252  232.0  -14.898  -15.015  -15.124   46028.0          W2 
 60560.388  234.0  -14.864  -14.982  -15.091   46028.0          W2 
 60562.524  236.0   -14.83  -14.948  -15.057   46028.0          W2 
  60564.66  238.0  -14.796  -14.915  -15.024   46028.0          W2 
 60566.796  240.0  -14.762  -14.882  -14.991   46028.0          W2 
 60568.932  242.0  -14.729  -14.849  -14.958   46028.0          W2 
 60571.068  244.0  -14.695  -14.817  -14.926   46028.0          W2 
 60573.204  246.0  -14.662  -14.786  -14.893   46028.0          W2 
  60575.34  248.0   -14.63  -14.754  -14.861   46028.0          W2 
 60577.476  250.0  -14.597  -14.723  -14.829   46028.0          W2 
 60579.612  252.0  -14.565  -14.691  -14.798   46028.0          W2 
 60581.748  254.0  -14.532   -14.66  -14.766   46028.0          W2 
 60583.884  256.0    -14.5  -14.628  -14.735   46028.0          W2 
  60586.02  258.0  -14.468  -14.597  -14.704   46028.0          W2 
 60588.156  260.0  -14.437  -14.567  -14.674   46028.0          W2 
 60590.292  262.0  -14.406  -14.536  -14.643   46028.0          W2 
 60592.428  264.0  -14.375  -14.506  -14.613   46028.0          W2 
 60594.564  266.0  -14.344  -14.476  -14.584   46028.0          W2 
   60596.7  268.0  -14.314  -14.447  -14.554   46028.0          W2 
 60598.836  270.0  -14.284  -14.417  -14.526   46028.0          W2 
 60600.972  272.0  -14.254  -14.388  -14.496   46028.0          W2 
 60603.108  274.0  -14.224  -14.359  -14.467   46028.0          W2 
 60605.244  276.0  -14.194   -14.33  -14.437   46028.0          W2 
  60607.38  278.0  -14.165    -14.3  -14.408   46028.0          W2 
 60609.516  280.0  -14.136  -14.271   -14.38   46028.0          W2 
 60611.652  282.0  -14.107  -14.242  -14.351   46028.0          W2 
 60613.788  284.0  -14.079  -14.213  -14.322   46028.0          W2 
 60615.924  286.0  -14.051  -14.185  -14.294   46028.0          W2 
  60618.06  288.0  -14.022  -14.157  -14.266   46028.0          W2 
 60620.196  290.0  -13.994  -14.129  -14.238   46028.0          W2 
 60622.332  292.0  -13.966  -14.102   -14.21   46028.0          W2 
 60624.468  294.0  -13.939  -14.074  -14.183   46028.0          W2 
 60626.604  296.0  -13.911  -14.047  -14.155   46028.0          W2 
  60628.74  298.0  -13.884   -14.02  -14.128   46028.0          W2 
 60630.876  300.0  -13.857  -13.993  -14.101   46028.0          W2 
 60633.012  302.0   -13.83  -13.967  -14.075   46028.0          W2 
 60635.148  304.0  -13.803   -13.94  -14.049   46028.0          W2 
 60637.284  306.0  -13.776  -13.913  -14.022   46028.0          W2 
  60639.42  308.0   -13.75  -13.886  -13.996   46028.0          W2 
 60641.556  310.0  -13.723   -13.86   -13.97   46028.0          W2 
 60643.692  312.0  -13.697  -13.834  -13.945   46028.0          W2 
 60645.828  314.0  -13.671  -13.808  -13.919   46028.0          W2 
 60647.964  316.0  -13.645  -13.782  -13.893   46028.0          W2 
   60650.1  318.0  -13.618  -13.756  -13.868   46028.0          W2 
 60652.236  320.0  -13.593   -13.73  -13.842   46028.0          W2 
 60654.372  322.0  -13.567  -13.705  -13.817   46028.0          W2 
 60656.508  324.0  -13.541  -13.679  -13.792   46028.0          W2 
 60658.644  326.0  -13.516  -13.654  -13.768   46028.0          W2 
  60660.78  328.0   -13.49  -13.629  -13.743   46028.0          W2 
 60662.916  330.0  -13.465  -13.604  -13.718   46028.0          W2 
 60665.052  332.0   -13.44  -13.579  -13.694   46028.0          W2 
 60667.188  334.0  -13.415  -13.555   -13.67   46028.0          W2 
 60669.324  336.0  -13.391   -13.53  -13.645   46028.0          W2 
  60671.46  338.0  -13.366  -13.506  -13.621   46028.0          W2 
 60673.596  340.0  -13.341  -13.481  -13.597   46028.0          W2 
 60675.732  342.0  -13.317  -13.457  -13.574   46028.0          W2 
 60677.868  344.0  -13.293  -13.433   -13.55   46028.0          W2 
 60680.004  346.0  -13.269  -13.409  -13.527   46028.0          W2 
  60682.14  348.0  -13.245  -13.385  -13.503   46028.0          W2 
 60684.276  350.0  -13.221  -13.362   -13.48   46028.0          W2 
 60686.412  352.0  -13.197  -13.338  -13.457   46028.0          W2 
 60688.548  354.0  -13.174  -13.314  -13.434   46028.0          W2 
 60690.684  356.0   -13.15  -13.291  -13.411   46028.0          W2 
  60692.82  358.0  -13.127  -13.268  -13.388   46028.0          W2 
 60694.956  360.0  -13.104  -13.245  -13.365   46028.0          W2 
 60697.092  362.0  -13.081  -13.222  -13.343   46028.0          W2 
 60699.228  364.0  -13.058  -13.199   -13.32   46028.0          W2 
 60701.364  366.0  -13.035  -13.177  -13.298   46028.0          W2 
   60703.5  368.0  -13.012  -13.155  -13.276   46028.0          W2 
 60705.636  370.0   -12.99  -13.132  -13.253   46028.0          W2 
 60707.772  372.0  -12.967   -13.11  -13.231   46028.0          W2 
 60709.908  374.0  -12.945  -13.088  -13.209   46028.0          W2 
 60712.044  376.0  -12.923  -13.066  -13.187   46028.0          W2 
  60714.18  378.0  -12.901  -13.044  -13.166   46028.0          W2 
 60716.316  380.0  -12.879  -13.022  -13.144   46028.0          W2 
 60718.452  382.0  -12.857    -13.0  -13.122   46028.0          W2 
 60720.588  384.0  -12.836  -12.978  -13.101   46028.0          W2 
 60722.724  386.0  -12.814  -12.956  -13.079   46028.0          W2 
  60724.86  388.0  -12.793  -12.934  -13.058   46028.0          W2 
 60726.996  390.0  -12.771  -12.913  -13.036   46028.0          W2 
 60729.132  392.0   -12.75  -12.891  -13.015   46028.0          W2 
 60731.268  394.0  -12.729   -12.87  -12.994   46028.0          W2 
 60733.404  396.0  -12.708  -12.848  -12.973   46028.0          W2 
  60735.54  398.0  -12.687  -12.827  -12.953   46028.0          W2 
 60737.676  400.0  -12.666  -12.806  -12.933   46028.0          W2 
 60739.812  402.0  -12.645  -12.785  -12.912   46028.0          W2 
 60741.948  404.0  -12.625  -12.764  -12.892   46028.0          W2 
 60744.084  406.0  -12.604  -12.743  -12.872   46028.0          W2 
  60746.22  408.0  -12.584  -12.723  -12.852   46028.0          W2 
 60748.356  410.0  -12.563  -12.702  -12.832   46028.0          W2 
 60750.492  412.0  -12.543  -12.681  -12.812   46028.0          W2 
 60752.628  414.0  -12.523  -12.661  -12.792   46028.0          W2 
 60754.764  416.0  -12.503  -12.641  -12.772   46028.0          W2 
   60756.9  418.0  -12.483  -12.621  -12.753   46028.0          W2 
 60759.036  420.0  -12.463  -12.601  -12.733   46028.0          W2 
 60761.172  422.0  -12.442  -12.581  -12.713   46028.0          W2 
 60763.308  424.0  -12.422  -12.561  -12.694   46028.0          W2 
 60765.444  426.0  -12.402  -12.541  -12.674   46028.0          W2 
  60767.58  428.0  -12.383  -12.521  -12.655   46028.0          W2 
 60769.716  430.0  -12.363  -12.502  -12.636   46028.0          W2 
 60771.852  432.0  -12.344  -12.482  -12.617   46028.0          W2 
 60773.988  434.0  -12.325  -12.463  -12.598   46028.0          W2 
 60776.124  436.0  -12.305  -12.444  -12.579   46028.0          W2 
  60778.26  438.0  -12.286  -12.424   -12.56   46028.0          W2 
 60780.396  440.0  -12.267  -12.405  -12.541   46028.0          W2 
 60782.532  442.0  -12.248  -12.386  -12.522   46028.0          W2 
 60784.668  444.0  -12.229  -12.368  -12.504   46028.0          W2 
 60786.804  446.0  -12.211  -12.349  -12.485   46028.0          W2 
  60788.94  448.0  -12.192   -12.33  -12.467   46028.0          W2 
 60791.076  450.0  -12.173  -12.312  -12.448   46028.0          W2 
 60793.212  452.0  -12.154  -12.293   -12.43   46028.0          W2 
 60795.348  454.0  -12.136  -12.275  -12.412   46028.0          W2 
 60797.484  456.0  -12.117  -12.256  -12.393   46028.0          W2 
  60799.62  458.0  -12.098  -12.238  -12.375   46028.0          W2 
 60801.756  460.0   -12.08   -12.22  -12.357   46028.0          W2 
 60803.892  462.0  -12.061  -12.202  -12.339   46028.0          W2 
 60806.028  464.0  -12.043  -12.184  -12.321   46028.0          W2 
 60808.164  466.0  -12.025  -12.166  -12.303   46028.0          W2 
   60810.3  468.0  -12.006  -12.148  -12.286   46028.0          W2 
 60812.436  470.0  -11.988   -12.13  -12.268   46028.0          W2 
 60814.572  472.0   -11.97  -12.113   -12.25   46028.0          W2 
 60816.708  474.0  -11.952  -12.095  -12.233   46028.0          W2 
 60818.844  476.0  -11.934  -12.077  -12.215   46028.0          W2 
  60820.98  478.0  -11.916   -12.06  -12.198   46028.0          W2 
 60823.116  480.0  -11.899  -12.042  -12.181   46028.0          W2 
 60825.252  482.0  -11.881  -12.025  -12.163   46028.0          W2 
 60827.388  484.0  -11.864  -12.008  -12.146   46028.0          W2 
 60829.524  486.0  -11.847   -11.99  -12.129   46028.0          W2 
  60831.66  488.0  -11.829  -11.973  -12.112   46028.0          W2 
 60833.796  490.0  -11.812  -11.956  -12.095   46028.0          W2 
 60835.932  492.0  -11.795  -11.939  -12.079   46028.0          W2 
 60838.068  494.0  -11.778  -11.922  -12.062   46028.0          W2 
 60840.204  496.0   -11.76  -11.905  -12.045   46028.0          W2 
  60842.34  498.0  -11.743  -11.888  -12.029   46028.0          W2 
 60844.476  500.0  -11.726  -11.872  -12.012   46028.0          W2 
 60846.612  502.0  -11.709  -11.855  -11.996   46028.0          W2 
 60848.748  504.0  -11.692  -11.838  -11.979   46028.0          W2 
 60850.884  506.0  -11.675  -11.822  -11.963   46028.0          W2 
  60853.02  508.0  -11.658  -11.805  -11.946   46028.0          W2 
 60855.156  510.0  -11.642  -11.789   -11.93   46028.0          W2 
 60857.292  512.0  -11.625  -11.772  -11.914   46028.0          W2 
 60859.428  514.0  -11.608  -11.756  -11.898   46028.0          W2 
 60861.564  516.0  -11.592   -11.74  -11.882   46028.0          W2 
   60863.7  518.0  -11.575  -11.724  -11.866   46028.0          W2 
 60865.836  520.0  -11.559  -11.707   -11.85   46028.0          W2 
 60867.972  522.0  -11.542  -11.691  -11.834   46028.0          W2 
 60870.108  524.0  -11.526  -11.675  -11.818   46028.0          W2 
 60872.244  526.0   -11.51  -11.659  -11.802   46028.0          W2 
  60874.38  528.0  -11.494  -11.643  -11.786   46028.0          W2 
 60876.516  530.0  -11.478  -11.628  -11.771   46028.0          W2 
 60878.652  532.0  -11.462  -11.612  -11.755   46028.0          W2 
 60880.788  534.0  -11.446  -11.596  -11.739   46028.0          W2 
 60882.924  536.0   -11.43   -11.58  -11.724   46028.0          W2 
  60885.06  538.0  -11.414  -11.565  -11.708   46028.0          W2 
 60887.196  540.0  -11.398  -11.549  -11.693   46028.0          W2 
 60889.332  542.0  -11.382  -11.534  -11.677   46028.0          W2 
 60891.468  544.0  -11.367  -11.518  -11.662   46028.0          W2 
 60893.604  546.0  -11.351  -11.503  -11.646   46028.0          W2 
  60895.74  548.0  -11.336  -11.487  -11.631   46028.0          W2 
 60897.876  550.0   -11.32  -11.472  -11.616   46028.0          W2 
 60900.012  552.0  -11.305  -11.457    -11.6   46028.0          W2 
 60902.148  554.0  -11.289  -11.442  -11.585   46028.0          W2 
 60904.284  556.0  -11.274  -11.427   -11.57   46028.0          W2 
  60906.42  558.0  -11.259  -11.412  -11.555   46028.0          W2 
 60908.556  560.0  -11.244  -11.397   -11.54   46028.0          W2 
 60910.692  562.0  -11.228  -11.382  -11.525   46028.0          W2 
 60912.828  564.0  -11.213  -11.367   -11.51   46028.0          W2 
 60914.964  566.0  -11.198  -11.352  -11.495   46028.0          W2 
   60917.1  568.0  -11.183  -11.337   -11.48   46028.0          W2 
 60919.236  570.0  -11.168  -11.322  -11.465   46028.0          W2 
 60921.372  572.0  -11.154  -11.307   -11.45   46028.0          W2 
 60923.508  574.0  -11.138  -11.293  -11.436   46028.0          W2 
 60925.644  576.0  -11.123  -11.278  -11.421   46028.0          W2 
  60927.78  578.0  -11.108  -11.264  -11.406   46028.0          W2 
 60929.916  580.0  -11.093  -11.249  -11.392   46028.0          W2 
 60932.052  582.0  -11.078  -11.235  -11.377   46028.0          W2 
 60934.188  584.0  -11.063   -11.22  -11.363   46028.0          W2 
 60936.324  586.0  -11.048  -11.206  -11.349   46028.0          W2 
  60938.46  588.0  -11.033  -11.192  -11.334   46028.0          W2 
 60940.596  590.0  -11.018  -11.178   -11.32   46028.0          W2 
 60942.732  592.0  -11.003  -11.163  -11.306   46028.0          W2 
 60944.868  594.0  -10.988  -11.149  -11.291   46028.0          W2 
 60947.004  596.0  -10.973  -11.135  -11.277   46028.0          W2 
  60949.14  598.0  -10.959  -11.121  -11.263   46028.0          W2 
 60951.276  600.0  -10.944  -11.107  -11.249   46028.0          W2 
 60953.412  602.0   -10.93  -11.093  -11.235   46028.0          W2 
 60955.548  604.0  -10.915  -11.079  -11.221   46028.0          W2 
 60957.684  606.0  -10.901  -11.065  -11.207   46028.0          W2 
  60959.82  608.0  -10.886  -11.051  -11.193   46028.0          W2 
 60961.956  610.0  -10.872  -11.038  -11.179   46028.0          W2 
 60964.092  612.0  -10.857  -11.024  -11.165   46028.0          W2 
 60966.228  614.0  -10.843   -11.01  -11.152   46028.0          W2 
 60968.364  616.0  -10.829  -10.997  -11.138   46028.0          W2 
   60970.5  618.0  -10.815  -10.983  -11.124   46028.0          W2 
 60972.636  620.0  -10.801  -10.969   -11.11   46028.0          W2 
 60974.772  622.0  -10.787  -10.956  -11.097   46028.0          W2 
 60976.908  624.0  -10.773  -10.942  -11.083   46028.0          W2 
 60979.044  626.0  -10.759  -10.928   -11.07   46028.0          W2 
  60981.18  628.0  -10.745  -10.915  -11.057   46028.0          W2 
 60983.316  630.0  -10.731  -10.901  -11.043   46028.0          W2 
 60985.452  632.0  -10.718  -10.888   -11.03   46028.0          W2 
 60987.588  634.0  -10.704  -10.875  -11.017   46028.0          W2 
 60989.724  636.0  -10.691  -10.861  -11.003   46028.0          W2 
  60991.86  638.0  -10.677  -10.848   -10.99   46028.0          W2 
 60993.996  640.0  -10.664  -10.835  -10.977   46028.0          W2 
 60996.132  642.0   -10.65  -10.822  -10.964   46028.0          W2 
 60998.268  644.0  -10.637  -10.808  -10.951   46028.0          W2 
 61000.404  646.0  -10.624  -10.795  -10.938   46028.0          W2 
  61002.54  648.0  -10.611  -10.782  -10.925   46028.0          W2 
 61004.676  650.0  -10.598  -10.769  -10.912   46028.0          W2 
 61006.812  652.0  -10.584  -10.756  -10.899   46028.0          W2 
 61008.948  654.0  -10.571  -10.743  -10.886   46028.0          W2 
 61011.084  656.0  -10.558   -10.73  -10.873   46028.0          W2 
  61013.22  658.0  -10.545  -10.717   -10.86   46028.0          W2 
 61015.356  660.0  -10.532  -10.705  -10.847   46028.0          W2 
 61017.492  662.0  -10.519  -10.692  -10.835   46028.0          W2 
 61019.628  664.0  -10.507  -10.679  -10.822   46028.0          W2 
 61021.764  666.0  -10.494  -10.666  -10.809   46028.0          W2 
   61023.9  668.0  -10.481  -10.653  -10.797   46028.0          W2 
 61026.036  670.0  -10.468   -10.64  -10.784   46028.0          W2 
 61028.172  672.0  -10.455  -10.627  -10.772   46028.0          W2 
 61030.308  674.0  -10.443  -10.614  -10.759   46028.0          W2 
 61032.444  676.0   -10.43  -10.601  -10.747   46028.0          W2 
  61034.58  678.0  -10.417  -10.588  -10.734   46028.0          W2 
 61036.716  680.0  -10.405  -10.576  -10.722   46028.0          W2 
 61038.852  682.0  -10.392  -10.563  -10.709   46028.0          W2 
 61040.988  684.0   -10.38  -10.551  -10.697   46028.0          W2 
 61043.124  686.0  -10.367  -10.538  -10.685   46028.0          W2 
  61045.26  688.0  -10.355  -10.526  -10.672   46028.0          W2 
 61047.396  690.0  -10.343  -10.514   -10.66   46028.0          W2 
 61049.532  692.0   -10.33  -10.501  -10.648   46028.0          W2 
 61051.668  694.0  -10.318  -10.489  -10.636   46028.0          W2 
 61053.804  696.0  -10.306  -10.477  -10.624   46028.0          W2 
  61055.94  698.0  -10.293  -10.465  -10.611   46028.0          W2 
 61058.076  700.0  -10.281  -10.452  -10.599   46028.0          W2 
 61060.212  702.0  -10.269   -10.44  -10.587   46028.0          W2 
 61062.348  704.0  -10.257  -10.428  -10.575   46028.0          W2 
 61064.484  706.0  -10.245  -10.416  -10.563   46028.0          W2 
  61066.62  708.0  -10.233  -10.404  -10.552   46028.0          W2 
 61068.756  710.0   -10.22  -10.392   -10.54   46028.0          W2 
 61070.892  712.0  -10.208   -10.38  -10.528   46028.0          W2 
 61073.028  714.0  -10.196  -10.368  -10.516   46028.0          W2 
 61075.164  716.0  -10.185  -10.356  -10.504   46028.0          W2 
   61077.3  718.0  -10.173  -10.344  -10.493   46028.0          W2 
 61079.436  720.0  -10.161  -10.332  -10.481   46028.0          W2 
 61081.572  722.0  -10.149  -10.321  -10.469   46028.0          W2 
 61083.708  724.0  -10.137  -10.309  -10.458   46028.0          W2 
 61085.844  726.0  -10.125  -10.297  -10.446   46028.0          W2 
  61087.98  728.0  -10.114  -10.286  -10.434   46028.0          W2 
 61090.116  730.0  -10.102  -10.274  -10.423   46028.0          W2 
 61092.252  732.0   -10.09  -10.262  -10.411   46028.0          W2 
 61094.388  734.0  -10.078  -10.251    -10.4   46028.0          W2 
 61096.524  736.0  -10.067  -10.239  -10.388   46028.0          W2 
  61098.66  738.0  -10.055  -10.228  -10.377   46028.0          W2 
 61100.796  740.0  -10.044  -10.216  -10.366   46028.0          W2 
 61102.932  742.0  -10.032  -10.205  -10.354   46028.0          W2 
 61105.068  744.0  -10.021  -10.194  -10.343   46028.0          W2 
 61107.204  746.0  -10.009  -10.182  -10.332   46028.0          W2 
  61109.34  748.0   -9.998  -10.171   -10.32   46028.0          W2 
 61111.476  750.0   -9.986   -10.16  -10.309   46028.0          W2 
 61113.612  752.0   -9.975  -10.148  -10.298   46028.0          W2 
 61115.748  754.0   -9.964  -10.137  -10.287   46028.0          W2 
 61117.884  756.0   -9.952  -10.126  -10.275   46028.0          W2 
  61120.02  758.0   -9.941  -10.115  -10.264   46028.0          W2 
 61122.156  760.0    -9.93  -10.103  -10.253   46028.0          W2 
 61124.292  762.0   -9.919  -10.092  -10.242   46028.0          W2 
 61126.428  764.0   -9.907  -10.081  -10.231   46028.0          W2 
 61128.564  766.0   -9.896   -10.07   -10.22   46028.0          W2 
   61130.7  768.0   -9.885  -10.059  -10.209   46028.0          W2 
 61132.836  770.0   -9.874  -10.048  -10.198   46028.0          W2 
 61134.972  772.0   -9.863  -10.037  -10.187   46028.0          W2 
 61137.108  774.0   -9.852  -10.026  -10.176   46028.0          W2 
 61139.244  776.0   -9.841  -10.015  -10.165   46028.0          W2 
  61141.38  778.0    -9.83  -10.004  -10.154   46028.0          W2 
 61143.516  780.0   -9.819   -9.993  -10.143   46028.0          W2 
 61145.652  782.0   -9.808   -9.982  -10.133   46028.0          W2 
 61147.788  784.0   -9.797   -9.971  -10.122   46028.0          W2 
 61149.924  786.0   -9.786   -9.961  -10.111   46028.0          W2 
  61152.06  788.0   -9.775    -9.95    -10.1   46028.0          W2 
 61154.196  790.0   -9.765   -9.939   -10.09   46028.0          W2 
 61156.332  792.0   -9.754   -9.928  -10.079   46028.0          W2 
 61158.468  794.0   -9.743   -9.918  -10.068   46028.0          W2 
 61160.604  796.0   -9.732   -9.907  -10.058   46028.0          W2 
  61162.74  798.0   -9.722   -9.896  -10.047   46028.0          W2 
 61164.876  800.0   -9.711   -9.886  -10.037   46028.0          W2 
