       MJD   Upper    Mean   Lower  Cenwave  Zeropoint  Filter 
  60308.04    99.0    99.0    99.0  4735.89     3631.0       g 
  60308.04    99.0    99.0    99.0  4746.48     3631.0   g-P48 
  60308.04    99.0    99.0    99.0  5182.42     3631.0    cyan 
  60308.04    99.0    99.0    99.0  6198.96     3631.0       r 
  60308.04    99.0    99.0    99.0  6366.38     3631.0   r-P48 
  60308.04    99.0    99.0    99.0  6629.82     3631.0  orange 
 60308.652    99.0    99.0    99.0  4735.89     3631.0       g 
 60308.652    99.0    99.0    99.0  4746.48     3631.0   g-P48 
 60308.652    99.0    99.0    99.0  5182.42     3631.0    cyan 
 60308.652    99.0    99.0    99.0  6198.96     3631.0       r 
 60308.652    99.0    99.0    99.0  6366.38     3631.0   r-P48 
 60308.652    99.0    99.0    99.0  6629.82     3631.0  orange 
 60310.054    99.0    99.0  26.664  4735.89     3631.0       g 
 60310.054    99.0    99.0  26.689  4746.48     3631.0   g-P48 
 60310.054    99.0    99.0   26.75  5182.42     3631.0    cyan 
 60310.054    99.0    99.0  26.904  6198.96     3631.0       r 
 60310.054    99.0    99.0   26.93  6366.38     3631.0   r-P48 
 60310.054    99.0    99.0   26.98  6629.82     3631.0  orange 
 60311.555  32.838  24.919  23.643  4735.89     3631.0       g 
 60311.555  32.864  24.943  23.665  4746.48     3631.0   g-P48 
 60311.555  32.928  25.001  23.712  5182.42     3631.0    cyan 
 60311.555  33.086  25.144  23.842  6198.96     3631.0       r 
 60311.555  33.112  25.167  23.864  6366.38     3631.0   r-P48 
 60311.555  33.163  25.214   23.91  6629.82     3631.0  orange 
 60311.557  32.627  24.914  23.641  4735.89     3631.0       g 
 60311.557  32.652  24.938  23.662  4746.48     3631.0   g-P48 
 60311.557  32.716  24.996   23.71  5182.42     3631.0    cyan 
 60311.557  32.874  25.139  23.839  6198.96     3631.0       r 
 60311.557  32.901  25.162  23.862  6366.38     3631.0   r-P48 
 60311.557  32.952  25.209  23.908  6629.82     3631.0  orange 
  60311.56  32.435  24.909  23.638  4735.89     3631.0       g 
  60311.56   32.46  24.933   23.66  4746.48     3631.0   g-P48 
  60311.56  32.524  24.991  23.707  5182.42     3631.0    cyan 
  60311.56  32.682  25.134  23.837  6198.96     3631.0       r 
  60311.56  32.709  25.157  23.859  6366.38     3631.0   r-P48 
  60311.56   32.76  25.204  23.905  6629.82     3631.0  orange 
 60311.562  32.259  24.904  23.636  4735.89     3631.0       g 
 60311.562  32.284  24.928  23.657  4746.48     3631.0   g-P48 
 60311.562  32.348  24.986  23.705  5182.42     3631.0    cyan 
 60311.562  32.506  25.129  23.834  6198.96     3631.0       r 
 60311.562  32.533  25.153  23.857  6366.38     3631.0   r-P48 
 60311.562  32.584    25.2  23.902  6629.82     3631.0  orange 
 60311.565  32.095  24.899  23.633  4735.89     3631.0       g 
 60311.565  32.121  24.923  23.654  4746.48     3631.0   g-P48 
 60311.565  32.185  24.981  23.702  5182.42     3631.0    cyan 
 60311.565  32.343  25.124  23.832  6198.96     3631.0       r 
 60311.565  32.369  25.148  23.854  6366.38     3631.0   r-P48 
 60311.565   32.42  25.195    23.9  6629.82     3631.0  orange 
 60312.067   26.22   24.06  23.175  4735.89     3631.0       g 
 60312.067  26.243  24.083  23.196  4746.48     3631.0   g-P48 
 60312.067  26.292  24.143  23.243  5182.42     3631.0    cyan 
 60312.067  26.451  24.294  23.372  6198.96     3631.0       r 
 60312.067  26.479   24.32  23.394  6366.38     3631.0   r-P48 
 60312.067  26.531  24.369   23.44  6629.82     3631.0  orange 
 60312.654  24.698  23.392  22.713  4735.89     3631.0       g 
 60312.654  24.722  23.416  22.736  4746.48     3631.0   g-P48 
 60312.654  24.778  23.476  22.796  5182.42     3631.0    cyan 
 60312.654  24.923  23.608  22.935  6198.96     3631.0       r 
 60312.654  24.948  23.631  22.958  6366.38     3631.0   r-P48 
 60312.654  24.995  23.676  23.006  6629.82     3631.0  orange 
 60314.081  22.934  22.328    21.9  4735.89     3631.0       g 
 60314.081  22.957  22.349  21.922  4746.48     3631.0   g-P48 
 60314.081  23.009  22.401  21.972  5182.42     3631.0    cyan 
 60314.081  23.156  22.538  22.112  6198.96     3631.0       r 
 60314.081  23.181  22.562  22.136  6366.38     3631.0   r-P48 
 60314.081   23.23  22.607  22.183  6629.82     3631.0  orange 
 60314.649  22.539  22.032  21.654  4735.89     3631.0       g 
 60314.649   22.56  22.052  21.678  4746.48     3631.0   g-P48 
 60314.649  22.603  22.096  21.727  5182.42     3631.0    cyan 
 60314.649  22.733  22.221   21.86  6198.96     3631.0       r 
 60314.649  22.756  22.248  21.883  6366.38     3631.0   r-P48 
 60314.649  22.801  22.296  21.931  6629.82     3631.0  orange 
  60315.56  22.002   21.62  21.321  4735.89     3631.0       g 
  60315.56  22.028   21.64  21.343  4746.48     3631.0   g-P48 
  60315.56  22.095  21.684  21.395  5182.42     3631.0    cyan 
  60315.56  22.223  21.809   21.52  6198.96     3631.0       r 
  60315.56  22.244  21.831  21.541  6366.38     3631.0   r-P48 
  60315.56  22.288  21.878  21.586  6629.82     3631.0  orange 
 60316.095   21.73   21.41   21.15  4735.89     3631.0       g 
 60316.095  21.754  21.432  21.173  4746.48     3631.0   g-P48 
 60316.095  21.822  21.479  21.217  5182.42     3631.0    cyan 
 60316.095  21.976  21.603  21.351  6198.96     3631.0       r 
 60316.095  21.997  21.626  21.372  6366.38     3631.0   r-P48 
 60316.095  22.041  21.673  21.416  6629.82     3631.0  orange 
 60318.108  20.985  20.788  20.601  4735.89     3631.0       g 
 60318.108  21.003  20.809  20.622  4746.48     3631.0   g-P48 
 60318.108  21.057  20.856  20.673  5182.42     3631.0    cyan 
 60318.108  21.199  20.985  20.805  6198.96     3631.0       r 
 60318.108  21.226  21.007  20.824  6366.38     3631.0   r-P48 
 60318.108  21.277  21.054  20.867  6629.82     3631.0  orange 
 60320.122  20.457  20.329  20.184  4735.89     3631.0       g 
 60320.122  20.479   20.35  20.206  4746.48     3631.0   g-P48 
 60320.122  20.526  20.395   20.25  5182.42     3631.0    cyan 
 60320.122  20.662  20.517  20.378  6198.96     3631.0       r 
 60320.122  20.682  20.539    20.4  6366.38     3631.0   r-P48 
 60320.122  20.729  20.586  20.444  6629.82     3631.0  orange 
 60322.136  20.064  19.971  19.853  4735.89     3631.0       g 
 60322.136  20.086  19.987  19.873  4746.48     3631.0   g-P48 
 60322.136  20.121  20.033  19.911  5182.42     3631.0    cyan 
 60322.136  20.247  20.146  20.032  6198.96     3631.0       r 
 60322.136  20.268  20.169  20.053  6366.38     3631.0   r-P48 
 60322.136  20.315  20.215  20.097  6629.82     3631.0  orange 
 60324.149  19.738  19.664  19.573  4735.89     3631.0       g 
 60324.149  19.758  19.684  19.593  4746.48     3631.0   g-P48 
 60324.149  19.794  19.726  19.631  5182.42     3631.0    cyan 
 60324.149  19.914  19.844  19.743  6198.96     3631.0       r 
 60324.149  19.935  19.865  19.765  6366.38     3631.0   r-P48 
 60324.149  19.979  19.907  19.809  6629.82     3631.0  orange 
 60324.654  19.666  19.598  19.509  4735.89     3631.0       g 
 60324.654  19.685  19.615  19.529  4746.48     3631.0   g-P48 
 60324.654  19.721  19.656  19.565  5182.42     3631.0    cyan 
 60324.654  19.841  19.773  19.679  6198.96     3631.0       r 
 60324.654  19.864  19.794    19.7  6366.38     3631.0   r-P48 
 60324.654  19.908  19.838  19.744  6629.82     3631.0  orange 
 60326.163  19.472  19.411  19.334  4735.89     3631.0       g 
 60326.163  19.491  19.429  19.353  4746.48     3631.0   g-P48 
 60326.163  19.525  19.466  19.387  5182.42     3631.0    cyan 
 60326.163  19.642  19.579  19.498  6198.96     3631.0       r 
 60326.163  19.663  19.601  19.519  6366.38     3631.0   r-P48 
 60326.163  19.703  19.644  19.562  6629.82     3631.0  orange 
 60327.498  19.321  19.263  19.194  4735.89     3631.0       g 
 60327.498  19.336  19.282  19.213  4746.48     3631.0   g-P48 
 60327.498  19.372  19.317  19.247  5182.42     3631.0    cyan 
 60327.498   19.48  19.426  19.353  6198.96     3631.0       r 
 60327.498    19.5  19.444  19.373  6366.38     3631.0   r-P48 
 60327.498  19.544  19.485  19.416  6629.82     3631.0  orange 
  60327.53  19.318  19.259  19.191  4735.89     3631.0       g 
  60327.53  19.333  19.278   19.21  4746.48     3631.0   g-P48 
  60327.53  19.369  19.313  19.244  5182.42     3631.0    cyan 
  60327.53  19.477  19.422   19.35  6198.96     3631.0       r 
  60327.53  19.496  19.441   19.37  6366.38     3631.0   r-P48 
  60327.53  19.541  19.482  19.413  6629.82     3631.0  orange 
 60327.643  19.306  19.247   19.18  4735.89     3631.0       g 
 60327.643  19.321  19.266  19.198  4746.48     3631.0   g-P48 
 60327.643  19.356  19.302  19.233  5182.42     3631.0    cyan 
 60327.643  19.464   19.41  19.338  6198.96     3631.0       r 
 60327.643  19.483  19.429  19.358  6366.38     3631.0   r-P48 
 60327.643  19.528   19.47  19.402  6629.82     3631.0  orange 
 60328.177  19.249  19.192  19.128  4735.89     3631.0       g 
 60328.177  19.266   19.21  19.147  4746.48     3631.0   g-P48 
 60328.177  19.297  19.247   19.18  5182.42     3631.0    cyan 
 60328.177  19.406  19.354  19.285  6198.96     3631.0       r 
 60328.177  19.425  19.374  19.305  6366.38     3631.0   r-P48 
 60328.177  19.467  19.414  19.349  6629.82     3631.0  orange 
  60330.19  19.053  19.003  18.948  4735.89     3631.0       g 
  60330.19   19.07  19.023  18.965  4746.48     3631.0   g-P48 
  60330.19  19.099  19.054  18.997  5182.42     3631.0    cyan 
  60330.19  19.199  19.153  19.099  6198.96     3631.0       r 
  60330.19  19.218  19.171  19.119  6366.38     3631.0   r-P48 
  60330.19  19.259  19.213  19.157  6629.82     3631.0  orange 
 60330.612  19.016  18.967  18.913  4735.89     3631.0       g 
 60330.612  19.033  18.986   18.93  4746.48     3631.0   g-P48 
 60330.612  19.062  19.016  18.962  5182.42     3631.0    cyan 
 60330.612  19.158  19.115  19.063  6198.96     3631.0       r 
 60330.612  19.177  19.133  19.081  6366.38     3631.0   r-P48 
 60330.612  19.219  19.173   19.12  6629.82     3631.0  orange 
 60331.559  18.935  18.889  18.837  4735.89     3631.0       g 
 60331.559  18.952  18.907  18.855  4746.48     3631.0   g-P48 
 60331.559  18.978  18.934  18.886  5182.42     3631.0    cyan 
 60331.559  19.074  19.033  18.983  6198.96     3631.0       r 
 60331.559  19.091   19.05  19.001  6366.38     3631.0   r-P48 
 60331.559  19.133   19.09   19.04  6629.82     3631.0  orange 
 60332.204  18.882  18.838  18.788  4735.89     3631.0       g 
 60332.204  18.899  18.856  18.805  4746.48     3631.0   g-P48 
 60332.204  18.924  18.881  18.836  5182.42     3631.0    cyan 
 60332.204   19.02  18.979  18.933  6198.96     3631.0       r 
 60332.204  19.037  18.996   18.95  6366.38     3631.0   r-P48 
 60332.204  19.077  19.036  18.989  6629.82     3631.0  orange 
  60332.65  18.847  18.804  18.754  4735.89     3631.0       g 
  60332.65  18.863  18.821  18.772  4746.48     3631.0   g-P48 
  60332.65  18.889  18.845  18.803  5182.42     3631.0    cyan 
  60332.65  18.984  18.943  18.899  6198.96     3631.0       r 
  60332.65    19.0   18.96  18.916  6366.38     3631.0   r-P48 
  60332.65  19.039  18.999  18.954  6629.82     3631.0  orange 
 60334.218  18.732  18.691  18.647  4735.89     3631.0       g 
 60334.218  18.748  18.708  18.663  4746.48     3631.0   g-P48 
 60334.218  18.772  18.732  18.692  5182.42     3631.0    cyan 
 60334.218  18.863  18.823  18.785  6198.96     3631.0       r 
 60334.218  18.879  18.839  18.801  6366.38     3631.0   r-P48 
 60334.218  18.917  18.878  18.839  6629.82     3631.0  orange 
 60336.231  18.599  18.556  18.518  4735.89     3631.0       g 
 60336.231  18.614  18.574  18.535  4746.48     3631.0   g-P48 
 60336.231  18.633  18.598  18.562  5182.42     3631.0    cyan 
 60336.231  18.721  18.682  18.649  6198.96     3631.0       r 
 60336.231  18.736  18.699  18.665  6366.38     3631.0   r-P48 
 60336.231  18.775  18.737  18.703  6629.82     3631.0  orange 
 60338.245  18.479   18.44  18.404  4735.89     3631.0       g 
 60338.245  18.494  18.456   18.42  4746.48     3631.0   g-P48 
 60338.245  18.512  18.475  18.445  5182.42     3631.0    cyan 
 60338.245  18.591  18.557  18.527  6198.96     3631.0       r 
 60338.245  18.607  18.573  18.542  6366.38     3631.0   r-P48 
 60338.245  18.643   18.61  18.578  6629.82     3631.0  orange 
 60339.341   18.42  18.381  18.347  4735.89     3631.0       g 
 60339.341  18.434  18.396  18.363  4746.48     3631.0   g-P48 
 60339.341  18.451  18.414  18.386  5182.42     3631.0    cyan 
 60339.341  18.527  18.493  18.465  6198.96     3631.0       r 
 60339.341  18.542  18.508  18.479  6366.38     3631.0   r-P48 
 60339.341  18.577  18.545  18.514  6629.82     3631.0  orange 
 60340.259  18.373  18.334  18.301  4735.89     3631.0       g 
 60340.259  18.387  18.348  18.317  4746.48     3631.0   g-P48 
 60340.259  18.403  18.365   18.34  5182.42     3631.0    cyan 
 60340.259  18.475  18.443  18.417  6198.96     3631.0       r 
 60340.259   18.49  18.457   18.43  6366.38     3631.0   r-P48 
 60340.259  18.526  18.494  18.465  6629.82     3631.0  orange 
 60340.622  18.355  18.316  18.284  4735.89     3631.0       g 
 60340.622   18.37  18.329  18.299  4746.48     3631.0   g-P48 
 60340.622  18.384  18.346  18.321  5182.42     3631.0    cyan 
 60340.622  18.455  18.424  18.398  6198.96     3631.0       r 
 60340.622   18.47  18.438  18.411  6366.38     3631.0   r-P48 
 60340.622  18.505  18.474  18.446  6629.82     3631.0  orange 
 60341.111  18.331  18.292  18.261  4735.89     3631.0       g 
 60341.111  18.346  18.305  18.276  4746.48     3631.0   g-P48 
 60341.111  18.359  18.321  18.297  5182.42     3631.0    cyan 
 60341.111  18.429  18.399  18.373  6198.96     3631.0       r 
 60341.111  18.443  18.412  18.386  6366.38     3631.0   r-P48 
 60341.111  18.479  18.448  18.421  6629.82     3631.0  orange 
 60342.272  18.276   18.24  18.211  4735.89     3631.0       g 
 60342.272  18.291  18.254  18.226  4746.48     3631.0   g-P48 
 60342.272  18.303  18.267  18.242  5182.42     3631.0    cyan 
 60342.272  18.368   18.34  18.316  6198.96     3631.0       r 
 60342.272  18.382  18.352  18.328  6366.38     3631.0   r-P48 
 60342.272  18.418  18.388  18.363  6629.82     3631.0  orange 
 60342.605  18.261  18.225  18.197  4735.89     3631.0       g 
 60342.605  18.275  18.239  18.212  4746.48     3631.0   g-P48 
 60342.605  18.288  18.251  18.226  5182.42     3631.0    cyan 
 60342.605  18.351  18.324  18.301  6198.96     3631.0       r 
 60342.605  18.366  18.336  18.312  6366.38     3631.0   r-P48 
 60342.605  18.401  18.371  18.346  6629.82     3631.0  orange 
 60343.372  18.228  18.193  18.166  4735.89     3631.0       g 
 60343.372  18.241  18.206  18.181  4746.48     3631.0   g-P48 
 60343.372  18.252  18.218  18.192  5182.42     3631.0    cyan 
 60343.372  18.314  18.287  18.265  6198.96     3631.0       r 
 60343.372  18.327    18.3  18.277  6366.38     3631.0   r-P48 
 60343.372  18.363  18.334   18.31  6629.82     3631.0  orange 
 60344.286   18.19  18.155  18.129  4735.89     3631.0       g 
 60344.286  18.202  18.168  18.144  4746.48     3631.0   g-P48 
 60344.286  18.212  18.179  18.153  5182.42     3631.0    cyan 
 60344.286  18.271  18.245  18.224  6198.96     3631.0       r 
 60344.286  18.283  18.257  18.235  6366.38     3631.0   r-P48 
 60344.286  18.318  18.291  18.268  6629.82     3631.0  orange 
   60346.3   18.11  18.078  18.049  4735.89     3631.0       g 
   60346.3  18.123   18.09  18.063  4746.48     3631.0   g-P48 
   60346.3  18.128  18.099  18.074  5182.42     3631.0    cyan 
   60346.3  18.184  18.159  18.137  6198.96     3631.0       r 
   60346.3  18.195   18.17   18.15  6366.38     3631.0   r-P48 
   60346.3  18.227  18.203  18.182  6629.82     3631.0  orange 
 60348.313  18.038   18.01   17.98  4735.89     3631.0       g 
 60348.313   18.05   18.02  17.993  4746.48     3631.0   g-P48 
 60348.313  18.053  18.026  18.001  5182.42     3631.0    cyan 
 60348.313  18.104  18.081  18.058  6198.96     3631.0       r 
 60348.313  18.114  18.091  18.071  6366.38     3631.0   r-P48 
 60348.313  18.147  18.121  18.103  6629.82     3631.0  orange 
 60350.327  17.972  17.948  17.916  4735.89     3631.0       g 
 60350.327  17.982  17.958  17.928  4746.48     3631.0   g-P48 
 60350.327  17.982  17.959  17.935  5182.42     3631.0    cyan 
 60350.327   18.03  18.009  17.986  6198.96     3631.0       r 
 60350.327  18.041  18.018  17.997  6366.38     3631.0   r-P48 
 60350.327  18.072  18.048  18.028  6629.82     3631.0  orange 
 60350.623  17.963  17.939  17.907  4735.89     3631.0       g 
 60350.623  17.972   17.95  17.925  5182.42     3631.0    cyan 
 60350.623  17.974   17.95  17.919  4746.48     3631.0   g-P48 
 60350.623   18.02  17.999  17.976  6198.96     3631.0       r 
 60350.623   18.03  18.007  17.987  6366.38     3631.0   r-P48 
 60350.623  18.062  18.038  18.018  6629.82     3631.0  orange 
 60351.338  17.943  17.919  17.886  4735.89     3631.0       g 
 60351.338   17.95  17.928  17.903  5182.42     3631.0    cyan 
 60351.338  17.953  17.929  17.898  4746.48     3631.0   g-P48 
 60351.338  17.996  17.975  17.951  6198.96     3631.0       r 
 60351.338  18.006  17.983  17.962  6366.38     3631.0   r-P48 
 60351.338  18.037  18.013  17.993  6629.82     3631.0  orange 
 60351.541  17.937  17.913   17.88  4735.89     3631.0       g 
 60351.541  17.943  17.922  17.897  5182.42     3631.0    cyan 
 60351.541  17.947  17.923  17.892  4746.48     3631.0   g-P48 
 60351.541  17.989  17.969  17.945  6198.96     3631.0       r 
 60351.541  17.999  17.977  17.956  6366.38     3631.0   r-P48 
 60351.541   18.03  18.006  17.986  6629.82     3631.0  orange 
 60352.341  17.916  17.891  17.858  4735.89     3631.0       g 
 60352.341  17.918  17.898  17.873  5182.42     3631.0    cyan 
 60352.341  17.925  17.901   17.87  4746.48     3631.0   g-P48 
 60352.341  17.963  17.943  17.919  6198.96     3631.0       r 
 60352.341  17.973  17.951  17.929  6366.38     3631.0   r-P48 
 60352.341  18.002   17.98  17.959  6629.82     3631.0  orange 
 60352.573   17.91  17.885  17.852  4735.89     3631.0       g 
 60352.573  17.912  17.891  17.866  5182.42     3631.0    cyan 
 60352.573  17.919  17.895  17.863  4746.48     3631.0   g-P48 
 60352.573  17.955  17.936  17.911  6198.96     3631.0       r 
 60352.573  17.965  17.944  17.922  6366.38     3631.0   r-P48 
 60352.573  17.994  17.973  17.951  6629.82     3631.0  orange 
 60353.503  17.885  17.861  17.828  4735.89     3631.0       g 
 60353.503  17.886  17.865  17.839  5182.42     3631.0    cyan 
 60353.503  17.894   17.87  17.839  4746.48     3631.0   g-P48 
 60353.503  17.926  17.907  17.883  6198.96     3631.0       r 
 60353.503  17.936  17.916  17.893  6366.38     3631.0   r-P48 
 60353.503  17.965  17.943  17.922  6629.82     3631.0  orange 
 60354.354  17.864  17.842  17.816  5182.42     3631.0    cyan 
 60354.354  17.865   17.84  17.807  4735.89     3631.0       g 
 60354.354  17.873  17.849  17.818  4746.48     3631.0   g-P48 
 60354.354  17.901  17.883  17.858  6198.96     3631.0       r 
 60354.354  17.911  17.891  17.867  6366.38     3631.0   r-P48 
 60354.354  17.938  17.918  17.897  6629.82     3631.0  orange 
 60355.475  17.837  17.814  17.787  5182.42     3631.0    cyan 
 60355.475   17.84  17.813   17.78  4735.89     3631.0       g 
 60355.475  17.846  17.823  17.791  4746.48     3631.0   g-P48 
 60355.475  17.869  17.851  17.826  6198.96     3631.0       r 
 60355.475  17.878  17.858  17.834  6366.38     3631.0   r-P48 
 60355.475  17.905  17.886  17.864  6629.82     3631.0  orange 
 60355.504  17.836  17.813  17.786  5182.42     3631.0    cyan 
 60355.504  17.839  17.813   17.78  4735.89     3631.0       g 
 60355.504  17.846  17.822   17.79  4746.48     3631.0   g-P48 
 60355.504  17.869   17.85  17.825  6198.96     3631.0       r 
 60355.504  17.877  17.857  17.834  6366.38     3631.0   r-P48 
 60355.504  17.905  17.885  17.864  6629.82     3631.0  orange 
 60356.368  17.816  17.793  17.765  5182.42     3631.0    cyan 
 60356.368  17.819  17.793  17.761  4735.89     3631.0       g 
 60356.368  17.826  17.803  17.771  4746.48     3631.0   g-P48 
 60356.368  17.845  17.827  17.801  6198.96     3631.0       r 
 60356.368  17.854  17.834   17.81  6366.38     3631.0   r-P48 
 60356.368   17.88  17.861  17.838  6629.82     3631.0  orange 
 60358.382  17.771  17.747   17.72  5182.42     3631.0    cyan 
 60358.382  17.779  17.751   17.72  4735.89     3631.0       g 
 60358.382  17.786   17.76   17.73  4746.48     3631.0   g-P48 
 60358.382  17.795  17.775   17.75  6198.96     3631.0       r 
 60358.382  17.801  17.782  17.758  6366.38     3631.0   r-P48 
 60358.382  17.829  17.807  17.786  6629.82     3631.0  orange 
 60360.395   17.73  17.706  17.678  5182.42     3631.0    cyan 
 60360.395  17.745  17.714  17.684  4735.89     3631.0       g 
 60360.395  17.748  17.728  17.704  6198.96     3631.0       r 
 60360.395  17.751  17.721  17.693  4746.48     3631.0   g-P48 
 60360.395  17.753  17.734   17.71  6366.38     3631.0   r-P48 
 60360.395   17.78  17.758  17.736  6629.82     3631.0  orange 
 60362.409  17.693  17.669  17.642  5182.42     3631.0    cyan 
 60362.409  17.705  17.685  17.662  6198.96     3631.0       r 
 60362.409   17.71   17.69  17.667  6366.38     3631.0   r-P48 
 60362.409  17.716  17.681  17.652  4735.89     3631.0       g 
 60362.409   17.72  17.688  17.659  4746.48     3631.0   g-P48 
 60362.409  17.734  17.713  17.691  6629.82     3631.0  orange 
 60363.311  17.679  17.653  17.627  5182.42     3631.0    cyan 
 60363.311  17.687  17.668  17.644  6198.96     3631.0       r 
 60363.311  17.691  17.672  17.649  6366.38     3631.0   r-P48 
 60363.311  17.704  17.668  17.639  4735.89     3631.0       g 
 60363.311  17.708  17.675  17.645  4746.48     3631.0   g-P48 
 60363.311  17.715  17.695  17.673  6629.82     3631.0  orange 
 60363.404  17.678  17.652  17.626  5182.42     3631.0    cyan 
 60363.404  17.685  17.666  17.642  6198.96     3631.0       r 
 60363.404  17.689   17.67  17.647  6366.38     3631.0   r-P48 
 60363.404  17.702  17.667  17.637  4735.89     3631.0       g 
 60363.404  17.707  17.673  17.644  4746.48     3631.0   g-P48 
 60363.404  17.713  17.693  17.671  6629.82     3631.0  orange 
 60364.423  17.663  17.636   17.61  5182.42     3631.0    cyan 
 60364.423  17.667  17.648  17.624  6198.96     3631.0       r 
 60364.423   17.67  17.651  17.628  6366.38     3631.0   r-P48 
 60364.423  17.689  17.654  17.624  4735.89     3631.0       g 
 60364.423  17.693  17.673  17.651  6629.82     3631.0  orange 
 60364.423  17.694  17.659  17.629  4746.48     3631.0   g-P48 
 60364.546  17.661  17.634  17.608  5182.42     3631.0    cyan 
 60364.546  17.664  17.645  17.621  6198.96     3631.0       r 
 60364.546  17.667  17.649  17.625  6366.38     3631.0   r-P48 
 60364.546  17.688  17.653  17.622  4735.89     3631.0       g 
 60364.546   17.69  17.671  17.648  6629.82     3631.0  orange 
 60364.546  17.692  17.658  17.628  4746.48     3631.0   g-P48 
 60366.436  17.632  17.613  17.589  6198.96     3631.0       r 
 60366.436  17.635  17.616  17.593  6366.38     3631.0   r-P48 
 60366.436  17.636  17.607  17.581  5182.42     3631.0    cyan 
 60366.436  17.655  17.636  17.614  6629.82     3631.0  orange 
 60366.436  17.668  17.631    17.6  4735.89     3631.0       g 
 60366.436  17.672  17.636  17.606  4746.48     3631.0   g-P48 
  60367.29  17.619    17.6  17.575  6198.96     3631.0       r 
  60367.29  17.622  17.602  17.579  6366.38     3631.0   r-P48 
  60367.29  17.625  17.596   17.57  5182.42     3631.0    cyan 
  60367.29   17.64  17.622  17.599  6629.82     3631.0  orange 
  60367.29   17.66  17.623  17.592  4735.89     3631.0       g 
  60367.29  17.664  17.627  17.597  4746.48     3631.0   g-P48 
  60368.45  17.602  17.583  17.558  6198.96     3631.0       r 
  60368.45  17.604  17.584  17.561  6366.38     3631.0   r-P48 
  60368.45  17.611  17.583  17.556  5182.42     3631.0    cyan 
  60368.45  17.622  17.603  17.581  6629.82     3631.0  orange 
  60368.45  17.651  17.613  17.582  4735.89     3631.0       g 
  60368.45  17.653  17.617  17.586  4746.48     3631.0   g-P48 
 60369.422  17.589  17.569  17.545  6198.96     3631.0       r 
 60369.422  17.591   17.57  17.548  6366.38     3631.0   r-P48 
 60369.422  17.601  17.573  17.546  5182.42     3631.0    cyan 
 60369.422  17.608  17.588  17.566  6629.82     3631.0  orange 
 60369.422  17.642  17.605  17.573  4735.89     3631.0       g 
 60369.422  17.645  17.608  17.578  4746.48     3631.0   g-P48 
 60369.477  17.588  17.569  17.544  6198.96     3631.0       r 
 60369.477   17.59  17.569  17.547  6366.38     3631.0   r-P48 
 60369.477  17.601  17.572  17.545  5182.42     3631.0    cyan 
 60369.477  17.607  17.587  17.565  6629.82     3631.0  orange 
 60369.477  17.642  17.604  17.573  4735.89     3631.0       g 
 60369.477  17.645  17.608  17.577  4746.48     3631.0   g-P48 
 60370.463  17.575  17.556  17.532  6198.96     3631.0       r 
 60370.463  17.577  17.556  17.534  6366.38     3631.0   r-P48 
 60370.463  17.592  17.563  17.536  5182.42     3631.0    cyan 
 60370.463  17.593  17.573  17.551  6629.82     3631.0  orange 
 60370.463  17.635  17.597  17.566  4735.89     3631.0       g 
 60370.463  17.638  17.601   17.57  4746.48     3631.0   g-P48 
 60372.477  17.551  17.533  17.509  6198.96     3631.0       r 
 60372.477  17.553  17.531  17.508  6366.38     3631.0   r-P48 
 60372.477  17.568  17.547  17.525  6629.82     3631.0  orange 
 60372.477  17.576  17.545   17.52  5182.42     3631.0    cyan 
 60372.477  17.624  17.586  17.556  4735.89     3631.0       g 
 60372.477  17.625  17.589  17.558  4746.48     3631.0   g-P48 
 60374.491  17.531   17.51  17.487  6366.38     3631.0   r-P48 
 60374.491  17.531  17.512  17.489  6198.96     3631.0       r 
 60374.491  17.545  17.524  17.502  6629.82     3631.0  orange 
 60374.491  17.563  17.532  17.508  5182.42     3631.0    cyan 
 60374.491  17.616   17.58  17.549  4746.48     3631.0   g-P48 
 60374.491  17.617  17.579  17.549  4735.89     3631.0       g 
 60376.504  17.513  17.492  17.468  6366.38     3631.0   r-P48 
 60376.504  17.515  17.496  17.472  6198.96     3631.0       r 
 60376.504  17.526  17.504  17.482  6629.82     3631.0  orange 
 60376.504  17.554  17.523  17.499  5182.42     3631.0    cyan 
 60376.504  17.612  17.575  17.545  4746.48     3631.0   g-P48 
 60376.504  17.613  17.575  17.545  4735.89     3631.0       g 
 60378.518  17.499  17.476  17.454  6366.38     3631.0   r-P48 
 60378.518  17.501  17.482  17.458  6198.96     3631.0       r 
 60378.518   17.51  17.488  17.465  6629.82     3631.0  orange 
 60378.518  17.548  17.517  17.495  5182.42     3631.0    cyan 
 60378.518  17.611  17.575  17.544  4746.48     3631.0   g-P48 
 60378.518  17.613  17.575  17.544  4735.89     3631.0       g 
 60379.331  17.493  17.471  17.449  6366.38     3631.0   r-P48 
 60379.331  17.497  17.477  17.453  6198.96     3631.0       r 
 60379.331  17.504  17.483  17.459  6629.82     3631.0  orange 
 60379.331  17.546  17.515  17.494  5182.42     3631.0    cyan 
 60379.331  17.612  17.575  17.545  4746.48     3631.0   g-P48 
 60379.331  17.614  17.576  17.544  4735.89     3631.0       g 
 60380.532  17.486  17.464  17.442  6366.38     3631.0   r-P48 
 60380.532  17.491  17.471  17.447  6198.96     3631.0       r 
 60380.532  17.497  17.475  17.452  6629.82     3631.0  orange 
 60380.532  17.545  17.514  17.493  5182.42     3631.0    cyan 
 60380.532  17.614  17.577  17.546  4746.48     3631.0   g-P48 
 60380.532  17.617  17.579  17.547  4735.89     3631.0       g 
 60381.075  17.483  17.462   17.44  6366.38     3631.0   r-P48 
 60381.075  17.489  17.469  17.445  6198.96     3631.0       r 
 60381.075  17.494  17.472  17.449  6629.82     3631.0  orange 
 60381.075  17.545  17.514  17.492  5182.42     3631.0    cyan 
 60381.075  17.615  17.578  17.548  4746.48     3631.0   g-P48 
 60381.075  17.618   17.58  17.548  4735.89     3631.0       g 
 60382.545  17.478  17.456  17.434  6366.38     3631.0   r-P48 
 60382.545  17.484  17.464  17.441  6198.96     3631.0       r 
 60382.545  17.486  17.465  17.442  6629.82     3631.0  orange 
 60382.545  17.546  17.515  17.494  5182.42     3631.0    cyan 
 60382.545  17.619  17.583  17.553  4746.48     3631.0   g-P48 
 60382.545  17.624  17.586  17.555  4735.89     3631.0       g 
 60383.292  17.476  17.454  17.432  6366.38     3631.0   r-P48 
 60383.292  17.483  17.462  17.439  6198.96     3631.0       r 
 60383.292  17.483  17.463  17.439  6629.82     3631.0  orange 
 60383.292  17.548  17.517  17.496  5182.42     3631.0    cyan 
 60383.292  17.623  17.586  17.557  4746.48     3631.0   g-P48 
 60383.292  17.628  17.589   17.56  4735.89     3631.0       g 
 60383.421  17.476  17.453  17.432  6366.38     3631.0   r-P48 
 60383.421  17.482  17.462  17.439  6198.96     3631.0       r 
 60383.421  17.483  17.462  17.438  6629.82     3631.0  orange 
 60383.421  17.548  17.517  17.496  5182.42     3631.0    cyan 
 60383.421  17.623  17.587  17.558  4746.48     3631.0   g-P48 
 60383.421  17.629   17.59   17.56  4735.89     3631.0       g 
 60384.559  17.473  17.451  17.429  6366.38     3631.0   r-P48 
 60384.559  17.479  17.458  17.435  6629.82     3631.0  orange 
 60384.559  17.481   17.46  17.437  6198.96     3631.0       r 
 60384.559  17.551   17.52  17.499  5182.42     3631.0    cyan 
 60384.559  17.629  17.593  17.564  4746.48     3631.0   g-P48 
 60384.559  17.636  17.596  17.569  4735.89     3631.0       g 
 60386.573  17.471  17.449  17.427  6366.38     3631.0   r-P48 
 60386.573  17.475  17.455  17.431  6629.82     3631.0  orange 
 60386.573   17.48  17.459  17.437  6198.96     3631.0       r 
 60386.573  17.559  17.528  17.508  5182.42     3631.0    cyan 
 60386.573  17.644  17.606   17.58  4746.48     3631.0   g-P48 
 60386.573  17.651  17.612  17.584  4735.89     3631.0       g 
 60386.642  17.471  17.449  17.427  6366.38     3631.0   r-P48 
 60386.642  17.475  17.455  17.431  6629.82     3631.0  orange 
 60386.642   17.48  17.459  17.437  6198.96     3631.0       r 
 60386.642  17.559  17.528  17.508  5182.42     3631.0    cyan 
 60386.642  17.644  17.607   17.58  4746.48     3631.0   g-P48 
 60386.642  17.651  17.612  17.584  4735.89     3631.0       g 
 60387.153  17.471  17.449  17.428  6366.38     3631.0   r-P48 
 60387.153  17.475  17.454   17.43  6629.82     3631.0  orange 
 60387.153   17.48  17.459  17.437  6198.96     3631.0       r 
 60387.153  17.562  17.531  17.511  5182.42     3631.0    cyan 
 60387.153  17.648  17.611  17.584  4746.48     3631.0   g-P48 
 60387.153  17.656  17.617  17.589  4735.89     3631.0       g 
 60388.529  17.471   17.45  17.429  6366.38     3631.0   r-P48 
 60388.529  17.474  17.452   17.43  6629.82     3631.0  orange 
 60388.529  17.482  17.461  17.439  6198.96     3631.0       r 
 60388.529  17.567  17.539  17.519  5182.42     3631.0    cyan 
 60388.529  17.661  17.624  17.596  4746.48     3631.0   g-P48 
 60388.529  17.669   17.63  17.602  4735.89     3631.0       g 
 60388.586  17.471   17.45  17.429  6366.38     3631.0   r-P48 
 60388.586  17.474  17.452   17.43  6629.82     3631.0  orange 
 60388.586  17.482  17.461   17.44  6198.96     3631.0       r 
 60388.586  17.568  17.539  17.519  5182.42     3631.0    cyan 
 60388.586  17.661  17.625  17.597  4746.48     3631.0   g-P48 
 60388.586  17.669  17.631  17.602  4735.89     3631.0       g 
 60389.048  17.471  17.451  17.429  6366.38     3631.0   r-P48 
 60389.048  17.475  17.452   17.43  6629.82     3631.0  orange 
 60389.048  17.483  17.462  17.441  6198.96     3631.0       r 
 60389.048   17.57  17.542  17.522  5182.42     3631.0    cyan 
 60389.048  17.666  17.629  17.602  4746.48     3631.0   g-P48 
 60389.048  17.674  17.635  17.607  4735.89     3631.0       g 
  60389.46  17.472  17.452   17.43  6366.38     3631.0   r-P48 
  60389.46  17.475  17.453  17.431  6629.82     3631.0  orange 
  60389.46  17.484  17.463  17.442  6198.96     3631.0       r 
  60389.46  17.572  17.545  17.525  5182.42     3631.0    cyan 
  60389.46   17.67  17.633  17.606  4746.48     3631.0   g-P48 
  60389.46  17.678  17.639  17.611  4735.89     3631.0       g 
 60390.497  17.474  17.454  17.433  6366.38     3631.0   r-P48 
 60390.497  17.476  17.454  17.432  6629.82     3631.0  orange 
 60390.497  17.487  17.467  17.445  6198.96     3631.0       r 
 60390.497  17.579  17.553  17.532  5182.42     3631.0    cyan 
 60390.497   17.68  17.644  17.616  4746.48     3631.0   g-P48 
 60390.497  17.689  17.651  17.624  4735.89     3631.0       g 
   60390.6  17.474  17.454  17.433  6366.38     3631.0   r-P48 
   60390.6  17.476  17.454  17.432  6629.82     3631.0  orange 
   60390.6  17.487  17.467  17.446  6198.96     3631.0       r 
   60390.6   17.58  17.554  17.533  5182.42     3631.0    cyan 
   60390.6  17.682  17.645  17.618  4746.48     3631.0   g-P48 
   60390.6   17.69  17.652  17.625  4735.89     3631.0       g 
 60391.264  17.477  17.455  17.433  6629.82     3631.0  orange 
 60391.264  17.477  17.456  17.436  6366.38     3631.0   r-P48 
 60391.264   17.49   17.47  17.448  6198.96     3631.0       r 
 60391.264  17.586  17.559   17.54  5182.42     3631.0    cyan 
 60391.264  17.689  17.653  17.625  4746.48     3631.0   g-P48 
 60391.264  17.698   17.66  17.633  4735.89     3631.0       g 
  60391.44  17.477  17.455  17.433  6629.82     3631.0  orange 
  60391.44  17.477  17.457  17.436  6366.38     3631.0   r-P48 
  60391.44   17.49  17.471  17.449  6198.96     3631.0       r 
  60391.44  17.588  17.561  17.541  5182.42     3631.0    cyan 
  60391.44  17.691  17.655  17.628  4746.48     3631.0   g-P48 
  60391.44    17.7  17.662  17.635  4735.89     3631.0       g 
 60392.468   17.48  17.458  17.436  6629.82     3631.0  orange 
 60392.468  17.481   17.46   17.44  6366.38     3631.0   r-P48 
 60392.468  17.495  17.475  17.454  6198.96     3631.0       r 
 60392.468  17.598   17.57  17.551  5182.42     3631.0    cyan 
 60392.468  17.703  17.668  17.641  4746.48     3631.0   g-P48 
 60392.468  17.714  17.676  17.649  4735.89     3631.0       g 
 60392.614  17.481  17.459  17.437  6629.82     3631.0  orange 
 60392.614  17.482  17.461  17.441  6366.38     3631.0   r-P48 
 60392.614  17.495  17.476  17.455  6198.96     3631.0       r 
 60392.614  17.599  17.571  17.552  5182.42     3631.0    cyan 
 60392.614  17.705   17.67  17.643  4746.48     3631.0   g-P48 
 60392.614  17.716  17.678  17.651  4735.89     3631.0       g 
 60394.627  17.488  17.466  17.445  6629.82     3631.0  orange 
 60394.627  17.491  17.471  17.451  6366.38     3631.0   r-P48 
 60394.627  17.506  17.487  17.468  6198.96     3631.0       r 
 60394.627  17.621  17.593  17.573  5182.42     3631.0    cyan 
 60394.627  17.734  17.697  17.671  4746.48     3631.0   g-P48 
 60394.627  17.745  17.707   17.68  4735.89     3631.0       g 
  60396.38  17.497  17.475  17.455  6629.82     3631.0  orange 
  60396.38  17.502  17.481  17.463  6366.38     3631.0   r-P48 
  60396.38  17.518  17.499  17.481  6198.96     3631.0       r 
  60396.38  17.641  17.612  17.593  5182.42     3631.0    cyan 
  60396.38  17.761  17.725  17.698  4746.48     3631.0   g-P48 
  60396.38  17.773  17.735  17.708  4735.89     3631.0       g 
 60396.641  17.499  17.476  17.456  6629.82     3631.0  orange 
 60396.641  17.504  17.483  17.464  6366.38     3631.0   r-P48 
 60396.641   17.52  17.501  17.483  6198.96     3631.0       r 
 60396.641  17.645  17.616  17.597  5182.42     3631.0    cyan 
 60396.641  17.765  17.729  17.703  4746.48     3631.0   g-P48 
 60396.641  17.777   17.74  17.712  4735.89     3631.0       g 
 60398.345   17.51  17.487  17.467  6629.82     3631.0  orange 
 60398.345  17.517  17.496  17.478  6366.38     3631.0   r-P48 
 60398.345  17.535  17.515  17.497  6198.96     3631.0       r 
 60398.345  17.667  17.639  17.619  5182.42     3631.0    cyan 
 60398.345  17.794  17.759  17.731  4746.48     3631.0   g-P48 
 60398.345  17.807   17.77  17.742  4735.89     3631.0       g 
 60398.428  17.511  17.487  17.468  6629.82     3631.0  orange 
 60398.428  17.517  17.496  17.478  6366.38     3631.0   r-P48 
 60398.428  17.536  17.516  17.498  6198.96     3631.0       r 
 60398.428  17.668  17.641  17.621  5182.42     3631.0    cyan 
 60398.428  17.796  17.761  17.732  4746.48     3631.0   g-P48 
 60398.428  17.809  17.772  17.744  4735.89     3631.0       g 
 60398.655  17.512  17.489   17.47  6629.82     3631.0  orange 
 60398.655  17.519  17.498   17.48  6366.38     3631.0   r-P48 
 60398.655  17.538  17.518    17.5  6198.96     3631.0       r 
 60398.655  17.671  17.644  17.624  5182.42     3631.0    cyan 
 60398.655    17.8  17.765  17.736  4746.48     3631.0   g-P48 
 60398.655  17.813  17.776  17.748  4735.89     3631.0       g 
 60400.519  17.527  17.503  17.485  6629.82     3631.0  orange 
 60400.519  17.535  17.516  17.497  6366.38     3631.0   r-P48 
 60400.519  17.556  17.537  17.519  6198.96     3631.0       r 
 60400.519    17.7  17.673  17.654  5182.42     3631.0    cyan 
 60400.519  17.834    17.8   17.77  4746.48     3631.0   g-P48 
 60400.519  17.849  17.812  17.783  4735.89     3631.0       g 
 60400.668  17.528  17.504  17.486  6629.82     3631.0  orange 
 60400.668  17.537  17.517  17.499  6366.38     3631.0   r-P48 
 60400.668  17.558  17.538  17.521  6198.96     3631.0       r 
 60400.668  17.703  17.675  17.656  5182.42     3631.0    cyan 
 60400.668  17.837  17.803  17.773  4746.48     3631.0   g-P48 
 60400.668  17.852  17.815  17.786  4735.89     3631.0       g 
 60401.023  17.531  17.507  17.489  6629.82     3631.0  orange 
 60401.023   17.54  17.521  17.502  6366.38     3631.0   r-P48 
 60401.023  17.561  17.542  17.525  6198.96     3631.0       r 
 60401.023  17.709  17.681  17.662  5182.42     3631.0    cyan 
 60401.023  17.844   17.81   17.78  4746.48     3631.0   g-P48 
 60401.023  17.859  17.823  17.793  4735.89     3631.0       g 
 60402.682  17.545  17.523  17.504  6629.82     3631.0  orange 
 60402.682  17.557  17.538   17.52  6366.38     3631.0   r-P48 
 60402.682  17.581  17.561  17.544  6198.96     3631.0       r 
 60402.682  17.737  17.709  17.688  5182.42     3631.0    cyan 
 60402.682  17.879  17.844  17.813  4746.48     3631.0   g-P48 
 60402.682  17.895  17.859  17.827  4735.89     3631.0       g 
 60403.903  17.557  17.536  17.517  6629.82     3631.0  orange 
 60403.903  17.571  17.551  17.534  6366.38     3631.0   r-P48 
 60403.903  17.596  17.576  17.559  6198.96     3631.0       r 
 60403.903  17.758   17.73  17.709  5182.42     3631.0    cyan 
 60403.903  17.906   17.87  17.839  4746.48     3631.0   g-P48 
 60403.903  17.922  17.886  17.855  4735.89     3631.0       g 
   60404.4  17.562  17.541  17.522  6629.82     3631.0  orange 
   60404.4  17.577  17.557   17.54  6366.38     3631.0   r-P48 
   60404.4  17.603  17.582  17.566  6198.96     3631.0       r 
   60404.4  17.766  17.739  17.718  5182.42     3631.0    cyan 
   60404.4  17.917  17.881   17.85  4746.48     3631.0   g-P48 
   60404.4  17.934  17.898  17.867  4735.89     3631.0       g 
 60404.466  17.563  17.542  17.523  6629.82     3631.0  orange 
 60404.466  17.578  17.558  17.541  6366.38     3631.0   r-P48 
 60404.466  17.604  17.583  17.567  6198.96     3631.0       r 
 60404.466  17.768  17.741  17.719  5182.42     3631.0    cyan 
 60404.466  17.918  17.882  17.852  4746.48     3631.0   g-P48 
 60404.466  17.935  17.899  17.868  4735.89     3631.0       g 
 60404.696  17.565  17.544  17.525  6629.82     3631.0  orange 
 60404.696  17.581  17.561  17.544  6366.38     3631.0   r-P48 
 60404.696  17.607  17.586   17.57  6198.96     3631.0       r 
 60404.696  17.772  17.745  17.723  5182.42     3631.0    cyan 
 60404.696  17.923  17.887  17.857  4746.48     3631.0   g-P48 
 60404.696  17.941  17.905  17.873  4735.89     3631.0       g 
 60406.709  17.588  17.567  17.548  6629.82     3631.0  orange 
 60406.709  17.608  17.587  17.569  6366.38     3631.0   r-P48 
 60406.709  17.635  17.614  17.598  6198.96     3631.0       r 
 60406.709   17.81  17.786  17.761  5182.42     3631.0    cyan 
 60406.709  17.971  17.936  17.905  4746.48     3631.0   g-P48 
 60406.709   17.99  17.954  17.922  4735.89     3631.0       g 
  60408.41  17.609  17.589  17.569  6629.82     3631.0  orange 
  60408.41  17.632  17.612  17.594  6366.38     3631.0   r-P48 
  60408.41  17.659   17.64  17.623  6198.96     3631.0       r 
  60408.41  17.845  17.822  17.797  5182.42     3631.0    cyan 
  60408.41  18.014   17.98  17.947  4746.48     3631.0   g-P48 
  60408.41  18.035  17.999  17.966  4735.89     3631.0       g 
 60408.464  17.609  17.589   17.57  6629.82     3631.0  orange 
 60408.464  17.633  17.613  17.595  6366.38     3631.0   r-P48 
 60408.464   17.66  17.641  17.624  6198.96     3631.0       r 
 60408.464  17.846  17.823  17.798  5182.42     3631.0    cyan 
 60408.464  18.015  17.981  17.949  4746.48     3631.0   g-P48 
 60408.464  18.036    18.0  17.967  4735.89     3631.0       g 
 60408.723  17.613  17.593  17.573  6629.82     3631.0  orange 
 60408.723  17.636  17.617  17.599  6366.38     3631.0   r-P48 
 60408.723  17.664  17.646  17.628  6198.96     3631.0       r 
 60408.723  17.852  17.829  17.803  5182.42     3631.0    cyan 
 60408.723  18.022  17.988  17.955  4746.48     3631.0   g-P48 
 60408.723  18.043  18.007  17.974  4735.89     3631.0       g 
 60410.737   17.64  17.622  17.602  6629.82     3631.0  orange 
 60410.737  17.666  17.648   17.63  6366.38     3631.0   r-P48 
 60410.737  17.697  17.679  17.661  6198.96     3631.0       r 
 60410.737  17.897  17.874  17.847  5182.42     3631.0    cyan 
 60410.737  18.076  18.043  18.006  4746.48     3631.0   g-P48 
 60410.737  18.099  18.064  18.027  4735.89     3631.0       g 
  60412.75  17.669  17.653  17.633  6629.82     3631.0  orange 
  60412.75  17.698  17.681  17.663  6366.38     3631.0   r-P48 
  60412.75  17.734  17.714  17.697  6198.96     3631.0       r 
  60412.75  17.945  17.923  17.894  5182.42     3631.0    cyan 
  60412.75  18.133  18.102  18.064  4746.48     3631.0   g-P48 
  60412.75  18.158  18.124  18.086  4735.89     3631.0       g 
 60414.764  17.703  17.685  17.666  6629.82     3631.0  orange 
 60414.764  17.736  17.717  17.698  6366.38     3631.0   r-P48 
 60414.764  17.773  17.754  17.736  6198.96     3631.0       r 
 60414.764  17.996  17.975  17.944  5182.42     3631.0    cyan 
 60414.764  18.194  18.163  18.124  4746.48     3631.0   g-P48 
 60414.764   18.22  18.187  18.147  4735.89     3631.0       g 
  60416.34  17.731  17.712  17.694  6629.82     3631.0  orange 
  60416.34  17.767  17.747  17.727  6366.38     3631.0   r-P48 
  60416.34  17.806  17.786  17.767  6198.96     3631.0       r 
  60416.34  18.038  18.016  17.984  5182.42     3631.0    cyan 
  60416.34  18.245  18.212  18.172  4746.48     3631.0   g-P48 
  60416.34  18.271  18.237  18.196  4735.89     3631.0       g 
 60416.778  17.739   17.72  17.701  6629.82     3631.0  orange 
 60416.778  17.776  17.756  17.736  6366.38     3631.0   r-P48 
 60416.778  17.815  17.795  17.776  6198.96     3631.0       r 
 60416.778   18.05  18.028  17.996  5182.42     3631.0    cyan 
 60416.778  18.259  18.226  18.186  4746.48     3631.0   g-P48 
 60416.778  18.286  18.252   18.21  4735.89     3631.0       g 
 60417.067  17.744  17.725  17.707  6629.82     3631.0  orange 
 60417.067  17.782  17.762  17.742  6366.38     3631.0   r-P48 
 60417.067  17.821  17.801  17.782  6198.96     3631.0       r 
 60417.067  18.059  18.036  18.004  5182.42     3631.0    cyan 
 60417.067  18.268  18.236  18.195  4746.48     3631.0   g-P48 
 60417.067  18.296  18.261  18.219  4735.89     3631.0       g 
 60418.336  17.768  17.749   17.73  6629.82     3631.0  orange 
 60418.336  17.807  17.788  17.767  6366.38     3631.0   r-P48 
 60418.336  17.849  17.829  17.809  6198.96     3631.0       r 
 60418.336  18.095  18.072  18.039  5182.42     3631.0    cyan 
 60418.336  18.311  18.277  18.236  4746.48     3631.0   g-P48 
 60418.336  18.339  18.304  18.263  4735.89     3631.0       g 
 60418.791  17.777  17.757  17.738  6629.82     3631.0  orange 
 60418.791  17.817  17.797  17.777  6366.38     3631.0   r-P48 
 60418.791  17.859  17.839  17.819  6198.96     3631.0       r 
 60418.791  18.107  18.084  18.052  5182.42     3631.0    cyan 
 60418.791  18.326  18.293  18.252  4746.48     3631.0   g-P48 
 60418.791  18.355   18.32  18.279  4735.89     3631.0       g 
 60420.381  17.809  17.789  17.769  6629.82     3631.0  orange 
 60420.381  17.851  17.831  17.811  6366.38     3631.0   r-P48 
 60420.381  17.895  17.875  17.855  6198.96     3631.0       r 
 60420.381  18.154  18.131  18.097  5182.42     3631.0    cyan 
 60420.381  18.382  18.348  18.307  4746.48     3631.0   g-P48 
 60420.381  18.413  18.377  18.335  4735.89     3631.0       g 
  60420.42   17.81   17.79  17.769  6629.82     3631.0  orange 
  60420.42  17.852  17.832  17.811  6366.38     3631.0   r-P48 
  60420.42  17.896  17.876  17.856  6198.96     3631.0       r 
  60420.42  18.155  18.132  18.098  5182.42     3631.0    cyan 
  60420.42  18.383  18.349  18.308  4746.48     3631.0   g-P48 
  60420.42  18.415  18.378  18.336  4735.89     3631.0       g 
 60420.805  17.818  17.797  17.777  6629.82     3631.0  orange 
 60420.805   17.86  17.841   17.82  6366.38     3631.0   r-P48 
 60420.805  17.905  17.885  17.864  6198.96     3631.0       r 
 60420.805  18.167  18.143  18.109  5182.42     3631.0    cyan 
 60420.805  18.397  18.362  18.322  4746.48     3631.0   g-P48 
 60420.805  18.429  18.392   18.35  4735.89     3631.0       g 
   60422.3  17.849  17.828  17.807  6629.82     3631.0  orange 
   60422.3  17.894  17.874  17.853  6366.38     3631.0   r-P48 
   60422.3  17.941  17.922  17.899  6198.96     3631.0       r 
   60422.3  18.213  18.189  18.155  5182.42     3631.0    cyan 
   60422.3  18.452  18.416  18.373  4746.48     3631.0   g-P48 
   60422.3  18.485  18.447  18.403  4735.89     3631.0       g 
 60422.326   17.85  17.828  17.808  6629.82     3631.0  orange 
 60422.326  17.894  17.875  17.854  6366.38     3631.0   r-P48 
 60422.326  17.942  17.922    17.9  6198.96     3631.0       r 
 60422.326  18.214  18.189  18.156  5182.42     3631.0    cyan 
 60422.326  18.453  18.417  18.374  4746.48     3631.0   g-P48 
 60422.326  18.486  18.448  18.404  4735.89     3631.0       g 
 60422.819  17.861  17.838  17.818  6629.82     3631.0  orange 
 60422.819  17.906  17.886  17.865  6366.38     3631.0   r-P48 
 60422.819  17.954  17.934  17.912  6198.96     3631.0       r 
 60422.819  18.229  18.205  18.171  5182.42     3631.0    cyan 
 60422.819  18.471  18.434  18.391  4746.48     3631.0   g-P48 
 60422.819  18.504  18.466  18.421  4735.89     3631.0       g 
 60424.361  17.895  17.871  17.851  6629.82     3631.0  orange 
 60424.361  17.943  17.923  17.901  6366.38     3631.0   r-P48 
 60424.361  17.992  17.973  17.949  6198.96     3631.0       r 
 60424.361  18.279  18.254   18.22  5182.42     3631.0    cyan 
 60424.361   18.53  18.491  18.446  4746.48     3631.0   g-P48 
 60424.361  18.564  18.524  18.477  4735.89     3631.0       g 
 60424.505  17.898  17.875  17.854  6629.82     3631.0  orange 
 60424.505  17.946  17.927  17.904  6366.38     3631.0   r-P48 
 60424.505  17.996  17.976  17.953  6198.96     3631.0       r 
 60424.505  18.283  18.258  18.224  5182.42     3631.0    cyan 
 60424.505  18.535  18.497  18.452  4746.48     3631.0   g-P48 
 60424.505   18.57   18.53  18.483  4735.89     3631.0       g 
 60424.832  17.905  17.882  17.862  6629.82     3631.0  orange 
 60424.832  17.954  17.934  17.912  6366.38     3631.0   r-P48 
 60424.832  18.004  17.985  17.961  6198.96     3631.0       r 
 60424.832  18.294  18.269  18.235  5182.42     3631.0    cyan 
 60424.832  18.548  18.509  18.464  4746.48     3631.0   g-P48 
 60424.832  18.583  18.542  18.495  4735.89     3631.0       g 
 60426.846  17.952  17.928  17.907  6629.82     3631.0  orange 
 60426.846  18.005  17.985  17.961  6366.38     3631.0   r-P48 
 60426.846  18.058  18.039  18.013  6198.96     3631.0       r 
 60426.846  18.361  18.335  18.301  5182.42     3631.0    cyan 
 60426.846  18.627  18.584  18.541  4746.48     3631.0   g-P48 
 60426.846  18.663  18.619  18.573  4735.89     3631.0       g 
 60427.321  17.963  17.939  17.918  6629.82     3631.0  orange 
 60427.321  18.017  17.997  17.973  6366.38     3631.0   r-P48 
 60427.321  18.071  18.051  18.026  6198.96     3631.0       r 
 60427.321  18.377  18.351  18.317  5182.42     3631.0    cyan 
 60427.321  18.645  18.603  18.559  4746.48     3631.0   g-P48 
 60427.321  18.682  18.638  18.592  4735.89     3631.0       g 
  60428.44   17.99  17.966  17.944  6629.82     3631.0  orange 
  60428.44  18.046  18.026  18.002  6366.38     3631.0   r-P48 
  60428.44  18.101  18.081  18.055  6198.96     3631.0       r 
  60428.44  18.416  18.388  18.354  5182.42     3631.0    cyan 
  60428.44   18.69  18.647  18.604  4746.48     3631.0   g-P48 
  60428.44  18.728  18.683  18.638  4735.89     3631.0       g 
  60428.86  18.001  17.976  17.954  6629.82     3631.0  orange 
  60428.86  18.058  18.037  18.013  6366.38     3631.0   r-P48 
  60428.86  18.112  18.093  18.067  6198.96     3631.0       r 
  60428.86   18.43  18.402  18.369  5182.42     3631.0    cyan 
  60428.86  18.707  18.664  18.621  4746.48     3631.0   g-P48 
  60428.86  18.745    18.7  18.656  4735.89     3631.0       g 
 60429.053  18.005  17.981  17.959  6629.82     3631.0  orange 
 60429.053  18.063  18.042  18.018  6366.38     3631.0   r-P48 
 60429.053  18.117  18.098  18.072  6198.96     3631.0       r 
 60429.053  18.436  18.409  18.375  5182.42     3631.0    cyan 
 60429.053  18.713  18.672  18.629  4746.48     3631.0   g-P48 
 60429.053  18.752  18.708  18.664  4735.89     3631.0       g 
 60430.375  18.038  18.014  17.991  6629.82     3631.0  orange 
 60430.375  18.099  18.077  18.052  6366.38     3631.0   r-P48 
 60430.375  18.155  18.135  18.108  6198.96     3631.0       r 
 60430.375  18.475  18.452  18.419  5182.42     3631.0    cyan 
 60430.375   18.76  18.724  18.679  4746.48     3631.0   g-P48 
 60430.375  18.801  18.761  18.715  4735.89     3631.0       g 
 60430.384  18.038  18.014  17.992  6629.82     3631.0  orange 
 60430.384  18.099  18.077  18.053  6366.38     3631.0   r-P48 
 60430.384  18.155  18.135  18.108  6198.96     3631.0       r 
 60430.384  18.476  18.452  18.419  5182.42     3631.0    cyan 
 60430.384  18.761  18.724  18.679  4746.48     3631.0   g-P48 
 60430.384  18.801  18.761  18.715  4735.89     3631.0       g 
 60430.873   18.05  18.026  18.004  6629.82     3631.0  orange 
 60430.873  18.111   18.09  18.066  6366.38     3631.0   r-P48 
 60430.873  18.168  18.149  18.123  6198.96     3631.0       r 
 60430.873  18.492  18.468  18.435  5182.42     3631.0    cyan 
 60430.873  18.779  18.743  18.693  4746.48     3631.0   g-P48 
 60430.873  18.819   18.78  18.729  4735.89     3631.0       g 
 60432.339  18.086  18.063   18.04  6629.82     3631.0  orange 
 60432.339  18.148  18.128  18.106  6366.38     3631.0   r-P48 
 60432.339  18.207  18.188  18.164  6198.96     3631.0       r 
 60432.339  18.535  18.513  18.481  5182.42     3631.0    cyan 
 60432.339  18.826  18.793  18.749  4746.48     3631.0   g-P48 
 60432.339  18.865  18.832  18.786  4735.89     3631.0       g 
 60432.443  18.088  18.065  18.043  6629.82     3631.0  orange 
 60432.443   18.15  18.131  18.109  6366.38     3631.0   r-P48 
 60432.443  18.209  18.191  18.167  6198.96     3631.0       r 
 60432.443  18.539  18.517  18.485  5182.42     3631.0    cyan 
 60432.443  18.829  18.797  18.753  4746.48     3631.0   g-P48 
 60432.443  18.869  18.836   18.79  4735.89     3631.0       g 
 60432.887  18.099  18.077  18.054  6629.82     3631.0  orange 
 60432.887  18.162  18.142  18.121  6366.38     3631.0   r-P48 
 60432.887  18.222  18.202  18.179  6198.96     3631.0       r 
 60432.887  18.553   18.53  18.499  5182.42     3631.0    cyan 
 60432.887  18.842  18.811  18.769  4746.48     3631.0   g-P48 
 60432.887  18.882   18.85  18.806  4735.89     3631.0       g 
 60433.026  18.103  18.081  18.057  6629.82     3631.0  orange 
 60433.026  18.165  18.146  18.125  6366.38     3631.0   r-P48 
 60433.026  18.225  18.206  18.183  6198.96     3631.0       r 
 60433.026  18.557  18.534  18.502  5182.42     3631.0    cyan 
 60433.026  18.847  18.815  18.774  4746.48     3631.0   g-P48 
 60433.026  18.886  18.855  18.812  4735.89     3631.0       g 
 60434.369  18.135  18.114  18.092  6629.82     3631.0  orange 
 60434.369  18.199   18.18  18.159  6366.38     3631.0   r-P48 
 60434.369  18.258   18.24  18.219  6198.96     3631.0       r 
 60434.369  18.595   18.57  18.543  5182.42     3631.0    cyan 
 60434.369  18.891  18.856  18.816  4746.48     3631.0   g-P48 
 60434.369  18.933  18.894  18.855  4735.89     3631.0       g 
   60434.4  18.135  18.115  18.093  6629.82     3631.0  orange 
   60434.4    18.2  18.181   18.16  6366.38     3631.0   r-P48 
   60434.4  18.259  18.241   18.22  6198.96     3631.0       r 
   60434.4  18.596  18.571  18.543  5182.42     3631.0    cyan 
   60434.4  18.892  18.857  18.816  4746.48     3631.0   g-P48 
   60434.4  18.934  18.895  18.856  4735.89     3631.0       g 
 60434.901  18.147  18.127  18.106  6629.82     3631.0  orange 
 60434.901  18.212  18.193  18.173  6366.38     3631.0   r-P48 
 60434.901  18.272  18.254  18.234  6198.96     3631.0       r 
 60434.901  18.609  18.584  18.558  5182.42     3631.0    cyan 
 60434.901  18.906  18.871  18.833  4746.48     3631.0   g-P48 
 60434.901  18.947   18.91   18.87  4735.89     3631.0       g 
 60436.914  18.198  18.176  18.156  6629.82     3631.0  orange 
 60436.914  18.263  18.243  18.226  6366.38     3631.0   r-P48 
 60436.914  18.323  18.304  18.286  6198.96     3631.0       r 
 60436.914  18.662  18.636   18.61  5182.42     3631.0    cyan 
 60436.914  18.957  18.925  18.887  4746.48     3631.0   g-P48 
 60436.914  18.997  18.965  18.924  4735.89     3631.0       g 
 60437.299  18.208  18.186  18.165  6629.82     3631.0  orange 
 60437.299  18.273  18.253  18.235  6366.38     3631.0   r-P48 
 60437.299  18.332  18.313  18.295  6198.96     3631.0       r 
 60437.299  18.671  18.645   18.62  5182.42     3631.0    cyan 
 60437.299  18.966  18.935  18.897  4746.48     3631.0   g-P48 
 60437.299  19.007  18.974  18.934  4735.89     3631.0       g 
 60437.381   18.21  18.188  18.167  6629.82     3631.0  orange 
 60437.381  18.275  18.255  18.237  6366.38     3631.0   r-P48 
 60437.381  18.334  18.315  18.297  6198.96     3631.0       r 
 60437.381  18.673  18.647  18.622  5182.42     3631.0    cyan 
 60437.381  18.968  18.937  18.899  4746.48     3631.0   g-P48 
 60437.381  19.009  18.976  18.936  4735.89     3631.0       g 
 60438.386  18.236  18.212  18.192  6629.82     3631.0  orange 
 60438.386    18.3   18.28  18.262  6366.38     3631.0   r-P48 
 60438.386  18.359   18.34  18.322  6198.96     3631.0       r 
 60438.386  18.698  18.672  18.647  5182.42     3631.0    cyan 
 60438.386  18.995  18.961  18.924  4746.48     3631.0   g-P48 
 60438.386  19.036  19.001  18.961  4735.89     3631.0       g 
 60438.928  18.249  18.225  18.205  6629.82     3631.0  orange 
 60438.928  18.314  18.293  18.275  6366.38     3631.0   r-P48 
 60438.928  18.373  18.353  18.336  6198.96     3631.0       r 
 60438.928  18.712  18.685  18.661  5182.42     3631.0    cyan 
 60438.928  19.008  18.975  18.938  4746.48     3631.0   g-P48 
 60438.928   19.05  19.014  18.975  4735.89     3631.0       g 
 60439.183  18.256  18.232  18.212  6629.82     3631.0  orange 
 60439.183  18.321    18.3  18.281  6366.38     3631.0   r-P48 
 60439.183   18.38   18.36  18.342  6198.96     3631.0       r 
 60439.183  18.718  18.691  18.667  5182.42     3631.0    cyan 
 60439.183  19.014  18.981  18.945  4746.48     3631.0   g-P48 
 60439.183  19.056  19.021  18.981  4735.89     3631.0       g 
 60440.337  18.284  18.261   18.24  6629.82     3631.0  orange 
 60440.337   18.35  18.328   18.31  6366.38     3631.0   r-P48 
 60440.337  18.408  18.388  18.371  6198.96     3631.0       r 
 60440.337  18.746   18.72  18.696  5182.42     3631.0    cyan 
 60440.337  19.044  19.009  18.974  4746.48     3631.0   g-P48 
 60440.337  19.085  19.049  19.011  4735.89     3631.0       g 
 60440.358  18.285  18.261  18.241  6629.82     3631.0  orange 
 60440.358   18.35  18.328  18.311  6366.38     3631.0   r-P48 
 60440.358  18.409  18.389  18.372  6198.96     3631.0       r 
 60440.358  18.747  18.721  18.696  5182.42     3631.0    cyan 
 60440.358  19.044   19.01  18.975  4746.48     3631.0   g-P48 
 60440.358  19.085  19.049  19.012  4735.89     3631.0       g 
 60440.942  18.299  18.276  18.255  6629.82     3631.0  orange 
 60440.942  18.365  18.342  18.325  6366.38     3631.0   r-P48 
 60440.942  18.423  18.403  18.386  6198.96     3631.0       r 
 60440.942  18.761  18.735  18.711  5182.42     3631.0    cyan 
 60440.942  19.059  19.024  18.989  4746.48     3631.0   g-P48 
 60440.942    19.1  19.064  19.026  4735.89     3631.0       g 
 60442.354  18.333  18.311  18.289  6629.82     3631.0  orange 
 60442.354    18.4  18.378   18.36  6366.38     3631.0   r-P48 
 60442.354  18.459  18.438   18.42  6198.96     3631.0       r 
 60442.354  18.797  18.771  18.746  5182.42     3631.0    cyan 
 60442.354  19.095  19.059  19.024  4746.48     3631.0   g-P48 
 60442.354  19.136  19.099  19.061  4735.89     3631.0       g 
 60442.402  18.335  18.312  18.291  6629.82     3631.0  orange 
 60442.402  18.401  18.379  18.362  6366.38     3631.0   r-P48 
 60442.402   18.46   18.44  18.421  6198.96     3631.0       r 
 60442.402  18.798  18.772  18.747  5182.42     3631.0    cyan 
 60442.402  19.096   19.06  19.025  4746.48     3631.0   g-P48 
 60442.402  19.138    19.1  19.062  4735.89     3631.0       g 
 60442.955  18.348  18.326  18.304  6629.82     3631.0  orange 
 60442.955  18.414  18.393  18.375  6366.38     3631.0   r-P48 
 60442.955  18.474  18.453  18.435  6198.96     3631.0       r 
 60442.955  18.812  18.786  18.761  5182.42     3631.0    cyan 
 60442.955   19.11  19.074  19.039  4746.48     3631.0   g-P48 
 60442.955  19.152  19.114  19.076  4735.89     3631.0       g 
 60444.294  18.382   18.36  18.337  6629.82     3631.0  orange 
 60444.294  18.447  18.426  18.409  6366.38     3631.0   r-P48 
 60444.294  18.507  18.487  18.468  6198.96     3631.0       r 
 60444.294  18.846  18.819  18.794  5182.42     3631.0    cyan 
 60444.294  19.144  19.107  19.072  4746.48     3631.0   g-P48 
 60444.294  19.186  19.146   19.11  4735.89     3631.0       g 
  60444.34  18.383  18.362  18.338  6629.82     3631.0  orange 
  60444.34  18.448  18.427   18.41  6366.38     3631.0   r-P48 
  60444.34  18.508  18.488  18.469  6198.96     3631.0       r 
  60444.34  18.847   18.82  18.796  5182.42     3631.0    cyan 
  60444.34  19.145  19.108  19.073  4746.48     3631.0   g-P48 
  60444.34  19.187  19.148  19.111  4735.89     3631.0       g 
 60444.969  18.399  18.378  18.354  6629.82     3631.0  orange 
 60444.969  18.464  18.443  18.426  6366.38     3631.0   r-P48 
 60444.969  18.524  18.504  18.485  6198.96     3631.0       r 
 60444.969  18.862  18.836  18.811  5182.42     3631.0    cyan 
 60444.969  19.161  19.124  19.089  4746.48     3631.0   g-P48 
 60444.969  19.202  19.163  19.127  4735.89     3631.0       g 
 60445.461  18.411   18.39  18.367  6629.82     3631.0  orange 
 60445.461  18.476  18.455  18.438  6366.38     3631.0   r-P48 
 60445.461  18.536  18.516  18.497  6198.96     3631.0       r 
 60445.461  18.874  18.848  18.823  5182.42     3631.0    cyan 
 60445.461  19.174  19.136  19.101  4746.48     3631.0   g-P48 
 60445.461  19.214  19.175  19.139  4735.89     3631.0       g 
 60445.473  18.411   18.39  18.367  6629.82     3631.0  orange 
 60445.473  18.477  18.455  18.438  6366.38     3631.0   r-P48 
 60445.473  18.537  18.516  18.498  6198.96     3631.0       r 
 60445.473  18.874  18.849  18.823  5182.42     3631.0    cyan 
 60445.473  19.174  19.136  19.101  4746.48     3631.0   g-P48 
 60445.473  19.215  19.175  19.139  4735.89     3631.0       g 
 60446.299  18.431  18.411  18.388  6629.82     3631.0  orange 
 60446.299  18.497  18.476  18.459  6366.38     3631.0   r-P48 
 60446.299  18.557  18.537  18.519  6198.96     3631.0       r 
 60446.299  18.894  18.869  18.844  5182.42     3631.0    cyan 
 60446.299  19.195  19.156  19.122  4746.48     3631.0   g-P48 
 60446.299  19.235  19.196   19.16  4735.89     3631.0       g 
 60446.354  18.432  18.413  18.389  6629.82     3631.0  orange 
 60446.354  18.498  18.477   18.46  6366.38     3631.0   r-P48 
 60446.354  18.558  18.538   18.52  6198.96     3631.0       r 
 60446.354  18.896  18.871  18.845  5182.42     3631.0    cyan 
 60446.354  19.196  19.157  19.123  4746.48     3631.0   g-P48 
 60446.354  19.236  19.197  19.161  4735.89     3631.0       g 
 60446.983  18.448  18.428  18.405  6629.82     3631.0  orange 
 60446.983  18.514  18.493  18.476  6366.38     3631.0   r-P48 
 60446.983  18.574  18.554  18.536  6198.96     3631.0       r 
 60446.983  18.911  18.886  18.861  5182.42     3631.0    cyan 
 60446.983  19.212  19.173  19.139  4746.48     3631.0   g-P48 
 60446.983  19.252  19.212  19.177  4735.89     3631.0       g 
 60448.254   18.48   18.46  18.436  6629.82     3631.0  orange 
 60448.254  18.546  18.525  18.507  6366.38     3631.0   r-P48 
 60448.254  18.606  18.586  18.568  6198.96     3631.0       r 
 60448.254  18.942  18.918  18.893  5182.42     3631.0    cyan 
 60448.254  19.243  19.204  19.172  4746.48     3631.0   g-P48 
 60448.254  19.284  19.243   19.21  4735.89     3631.0       g 
 60448.342  18.482  18.462  18.439  6629.82     3631.0  orange 
 60448.342  18.548  18.527  18.509  6366.38     3631.0   r-P48 
 60448.342  18.608  18.588   18.57  6198.96     3631.0       r 
 60448.342  18.944   18.92  18.895  5182.42     3631.0    cyan 
 60448.342  19.245  19.206  19.174  4746.48     3631.0   g-P48 
 60448.342  19.286  19.245  19.212  4735.89     3631.0       g 
 60448.996  18.498  18.479  18.454  6629.82     3631.0  orange 
 60448.996  18.564  18.543  18.525  6366.38     3631.0   r-P48 
 60448.996  18.624  18.604  18.586  6198.96     3631.0       r 
 60448.996   18.96  18.936  18.911  5182.42     3631.0    cyan 
 60448.996  19.261  19.223  19.191  4746.48     3631.0   g-P48 
 60448.996  19.302  19.261  19.229  4735.89     3631.0       g 
 60450.326  18.532  18.511  18.487  6629.82     3631.0  orange 
 60450.326  18.597  18.577  18.558  6366.38     3631.0   r-P48 
 60450.326  18.658  18.637  18.619  6198.96     3631.0       r 
 60450.326  18.993  18.969  18.945  5182.42     3631.0    cyan 
 60450.326  19.294  19.256  19.224  4746.48     3631.0   g-P48 
 60450.326  19.335  19.296  19.262  4735.89     3631.0       g 
 60450.371  18.533  18.512  18.489  6629.82     3631.0  orange 
 60450.371  18.598  18.578   18.56  6366.38     3631.0   r-P48 
 60450.371  18.659  18.639   18.62  6198.96     3631.0       r 
 60450.371  18.994   18.97  18.946  5182.42     3631.0    cyan 
 60450.371  19.296  19.257  19.225  4746.48     3631.0   g-P48 
 60450.371  19.336  19.297  19.263  4735.89     3631.0       g 
  60451.01   18.55  18.528  18.504  6629.82     3631.0  orange 
  60451.01  18.614  18.594  18.575  6366.38     3631.0   r-P48 
  60451.01  18.675  18.654  18.636  6198.96     3631.0       r 
  60451.01   19.01  18.986  18.962  5182.42     3631.0    cyan 
  60451.01  19.311  19.273  19.242  4746.48     3631.0   g-P48 
  60451.01  19.352  19.313  19.279  4735.89     3631.0       g 
 60451.447  18.561  18.538  18.515  6629.82     3631.0  orange 
 60451.447  18.625  18.605  18.585  6366.38     3631.0   r-P48 
 60451.447  18.686  18.665  18.647  6198.96     3631.0       r 
 60451.447  19.021  18.997  18.973  5182.42     3631.0    cyan 
 60451.447  19.322  19.283  19.253  4746.48     3631.0   g-P48 
 60451.447  19.363  19.324   19.29  4735.89     3631.0       g 
 60451.459  18.561  18.539  18.515  6629.82     3631.0  orange 
 60451.459  18.626  18.605  18.586  6366.38     3631.0   r-P48 
 60451.459  18.686  18.666  18.647  6198.96     3631.0       r 
 60451.459  19.021  18.997  18.974  5182.42     3631.0    cyan 
 60451.459  19.323  19.284  19.253  4746.48     3631.0   g-P48 
 60451.459  19.363  19.324   19.29  4735.89     3631.0       g 
 60453.024    18.6  18.578  18.553  6629.82     3631.0  orange 
 60453.024  18.665  18.645  18.625  6366.38     3631.0   r-P48 
 60453.024  18.725  18.705  18.686  6198.96     3631.0       r 
 60453.024   19.06  19.036  19.013  5182.42     3631.0    cyan 
 60453.024  19.361  19.322  19.292  4746.48     3631.0   g-P48 
 60453.024  19.402  19.363  19.329  4735.89     3631.0       g 
 60455.037  18.651  18.627  18.602  6629.82     3631.0  orange 
 60455.037  18.716  18.694  18.673  6366.38     3631.0   r-P48 
 60455.037  18.775  18.755  18.734  6198.96     3631.0       r 
 60455.037   19.11  19.086  19.062  5182.42     3631.0    cyan 
 60455.037   19.41  19.371  19.341  4746.48     3631.0   g-P48 
 60455.037  19.452  19.411  19.378  4735.89     3631.0       g 
 60456.329  18.684  18.659  18.634  6629.82     3631.0  orange 
 60456.329  18.749  18.727  18.704  6366.38     3631.0   r-P48 
 60456.329  18.808  18.787  18.765  6198.96     3631.0       r 
 60456.329  19.143  19.118  19.094  5182.42     3631.0    cyan 
 60456.329  19.442  19.403  19.372  4746.48     3631.0   g-P48 
 60456.329  19.483  19.442   19.41  4735.89     3631.0       g 
 60457.051  18.701  18.678  18.651  6629.82     3631.0  orange 
 60457.051  18.767  18.744  18.721  6366.38     3631.0   r-P48 
 60457.051  18.825  18.805  18.782  6198.96     3631.0       r 
 60457.051  19.161  19.135  19.111  5182.42     3631.0    cyan 
 60457.051  19.459  19.421   19.39  4746.48     3631.0   g-P48 
 60457.051    19.5   19.46  19.427  4735.89     3631.0       g 
 60458.273   18.73  18.708   18.68  6629.82     3631.0  orange 
 60458.273  18.797  18.775   18.75  6366.38     3631.0   r-P48 
 60458.273  18.855  18.835  18.811  6198.96     3631.0       r 
 60458.273  19.191  19.165   19.14  5182.42     3631.0    cyan 
 60458.273  19.488  19.451   19.42  4746.48     3631.0   g-P48 
 60458.273  19.528  19.491  19.456  4735.89     3631.0       g 
 60458.336  18.732   18.71  18.682  6629.82     3631.0  orange 
 60458.336  18.799  18.776  18.751  6366.38     3631.0   r-P48 
 60458.336  18.857  18.836  18.812  6198.96     3631.0       r 
 60458.336  19.193  19.167  19.142  5182.42     3631.0    cyan 
 60458.336   19.49  19.452  19.421  4746.48     3631.0   g-P48 
 60458.336   19.53  19.492  19.458  4735.89     3631.0       g 
 60458.424  18.734  18.712  18.684  6629.82     3631.0  orange 
 60458.424  18.801  18.779  18.753  6366.38     3631.0   r-P48 
 60458.424  18.859  18.838  18.815  6198.96     3631.0       r 
 60458.424  19.195  19.169  19.144  5182.42     3631.0    cyan 
 60458.424  19.492  19.454  19.423  4746.48     3631.0   g-P48 
 60458.424  19.532  19.495   19.46  4735.89     3631.0       g 
 60459.065  18.749  18.727    18.7  6629.82     3631.0  orange 
 60459.065  18.816  18.794  18.768  6366.38     3631.0   r-P48 
 60459.065  18.874  18.854  18.829  6198.96     3631.0       r 
 60459.065   19.21  19.185  19.159  5182.42     3631.0    cyan 
 60459.065  19.507  19.471  19.439  4746.48     3631.0   g-P48 
 60459.065  19.548  19.511  19.476  4735.89     3631.0       g 
 60460.272  18.779  18.756   18.73  6629.82     3631.0  orange 
 60460.272  18.846  18.824  18.797  6366.38     3631.0   r-P48 
 60460.272  18.903  18.882  18.859  6198.96     3631.0       r 
 60460.272  19.241  19.214  19.188  5182.42     3631.0    cyan 
 60460.272  19.536    19.5  19.468  4746.48     3631.0   g-P48 
 60460.272  19.577   19.54  19.505  4735.89     3631.0       g 
 60460.294   18.78  18.757   18.73  6629.82     3631.0  orange 
 60460.294  18.847  18.825  18.797  6366.38     3631.0   r-P48 
 60460.294  18.904  18.883  18.859  6198.96     3631.0       r 
 60460.294  19.242  19.215  19.188  5182.42     3631.0    cyan 
 60460.294  19.537    19.5  19.468  4746.48     3631.0   g-P48 
 60460.294  19.578  19.541  19.506  4735.89     3631.0       g 
 60461.078  18.799  18.776  18.749  6629.82     3631.0  orange 
 60461.078  18.865  18.844  18.815  6366.38     3631.0   r-P48 
 60461.078  18.923  18.902  18.878  6198.96     3631.0       r 
 60461.078  19.262  19.234  19.207  5182.42     3631.0    cyan 
 60461.078  19.555   19.52  19.486  4746.48     3631.0   g-P48 
 60461.078  19.598   19.56  19.525  4735.89     3631.0       g 
 60462.292  18.829  18.805  18.778  6629.82     3631.0  orange 
 60462.292  18.893  18.872  18.844  6366.38     3631.0   r-P48 
 60462.292  18.953  18.931  18.907  6198.96     3631.0       r 
 60462.292  19.293  19.263  19.236  5182.42     3631.0    cyan 
 60462.292  19.584  19.549  19.515  4746.48     3631.0   g-P48 
 60462.292  19.628   19.59  19.553  4735.89     3631.0       g 
 60462.391  18.832  18.807   18.78  6629.82     3631.0  orange 
 60462.391  18.895  18.875  18.846  6366.38     3631.0   r-P48 
 60462.391  18.955  18.934   18.91  6198.96     3631.0       r 
 60462.391  19.295  19.266  19.238  5182.42     3631.0    cyan 
 60462.391  19.587  19.552  19.517  4746.48     3631.0   g-P48 
 60462.391   19.63  19.592  19.555  4735.89     3631.0       g 
 60463.092  18.849  18.825  18.797  6629.82     3631.0  orange 
 60463.092  18.912  18.892  18.864  6366.38     3631.0   r-P48 
 60463.092  18.972  18.951  18.926  6198.96     3631.0       r 
 60463.092  19.312  19.283  19.254  5182.42     3631.0    cyan 
 60463.092  19.604  19.569  19.534  4746.48     3631.0   g-P48 
 60463.092  19.647  19.609  19.572  4735.89     3631.0       g 
 60463.161   18.85  18.827  18.799  6629.82     3631.0  orange 
 60463.161  18.913  18.893  18.865  6366.38     3631.0   r-P48 
 60463.161  18.974  18.952  18.928  6198.96     3631.0       r 
 60463.161  19.314  19.285  19.256  5182.42     3631.0    cyan 
 60463.161  19.605  19.571  19.536  4746.48     3631.0   g-P48 
 60463.161  19.649  19.611  19.574  4735.89     3631.0       g 
 60464.274  18.877  18.854  18.825  6629.82     3631.0  orange 
 60464.274   18.94   18.92  18.892  6366.38     3631.0   r-P48 
 60464.274  19.001   18.98  18.954  6198.96     3631.0       r 
 60464.274   19.34  19.311  19.283  5182.42     3631.0    cyan 
 60464.274  19.633  19.598  19.562  4746.48     3631.0   g-P48 
 60464.274  19.676  19.638    19.6  4735.89     3631.0       g 
 60464.336  18.878  18.855  18.826  6629.82     3631.0  orange 
 60464.336  18.942  18.922  18.894  6366.38     3631.0   r-P48 
 60464.336  19.003  18.981  18.955  6198.96     3631.0       r 
 60464.336  19.342  19.313  19.284  5182.42     3631.0    cyan 
 60464.336  19.634  19.599  19.563  4746.48     3631.0   g-P48 
 60464.336  19.678   19.64  19.601  4735.89     3631.0       g 
 60464.409   18.88  18.857  18.828  6629.82     3631.0  orange 
 60464.409  18.944  18.923  18.896  6366.38     3631.0   r-P48 
 60464.409  19.005  18.983  18.957  6198.96     3631.0       r 
 60464.409  19.344  19.315  19.286  5182.42     3631.0    cyan 
 60464.409  19.636  19.601  19.565  4746.48     3631.0   g-P48 
 60464.409  19.679  19.641  19.603  4735.89     3631.0       g 
 60465.106  18.896  18.874  18.844  6629.82     3631.0  orange 
 60465.106  18.961   18.94  18.912  6366.38     3631.0   r-P48 
 60465.106  19.021    19.0  18.973  6198.96     3631.0       r 
 60465.106   19.36  19.332  19.304  5182.42     3631.0    cyan 
 60465.106  19.653  19.618  19.581  4746.48     3631.0   g-P48 
 60465.106  19.696  19.658  19.619  4735.89     3631.0       g 
 60466.398  18.928  18.905  18.875  6629.82     3631.0  orange 
 60466.398  18.992  18.971  18.941  6366.38     3631.0   r-P48 
 60466.398  19.053  19.031  19.003  6198.96     3631.0       r 
 60466.398   19.39  19.363  19.335  5182.42     3631.0    cyan 
 60466.398  19.685   19.65  19.611  4746.48     3631.0   g-P48 
 60466.398  19.726   19.69  19.649  4735.89     3631.0       g 
 60467.119  18.946  18.922  18.891  6629.82     3631.0  orange 
 60467.119  19.009  18.988  18.958  6366.38     3631.0   r-P48 
 60467.119   19.07  19.048   19.02  6198.96     3631.0       r 
 60467.119  19.407   19.38  19.351  5182.42     3631.0    cyan 
 60467.119  19.702  19.667  19.627  4746.48     3631.0   g-P48 
 60467.119  19.744  19.707  19.666  4735.89     3631.0       g 
 60469.133  18.994  18.969  18.937  6629.82     3631.0  orange 
 60469.133  19.058  19.036  19.005  6366.38     3631.0   r-P48 
 60469.133  19.119  19.096  19.067  6198.96     3631.0       r 
 60469.133  19.456  19.429  19.398  5182.42     3631.0    cyan 
 60469.133  19.752  19.714  19.676  4746.48     3631.0   g-P48 
 60469.133  19.792  19.754  19.713  4735.89     3631.0       g 
 60469.378    19.0  18.975  18.943  6629.82     3631.0  orange 
 60469.378  19.064  19.041   19.01  6366.38     3631.0   r-P48 
 60469.378  19.125  19.102  19.072  6198.96     3631.0       r 
 60469.378  19.462  19.434  19.403  5182.42     3631.0    cyan 
 60469.378  19.758   19.72  19.681  4746.48     3631.0   g-P48 
 60469.378  19.798   19.76  19.719  4735.89     3631.0       g 
 60469.414  19.001  18.976  18.944  6629.82     3631.0  orange 
 60469.414  19.065  19.042  19.011  6366.38     3631.0   r-P48 
 60469.414  19.126  19.103  19.073  6198.96     3631.0       r 
 60469.414  19.463  19.435  19.404  5182.42     3631.0    cyan 
 60469.414  19.759  19.721  19.682  4746.48     3631.0   g-P48 
 60469.414  19.799  19.761   19.72  4735.89     3631.0       g 
 60471.147  19.042  19.016  18.983  6629.82     3631.0  orange 
 60471.147  19.107  19.083  19.051  6366.38     3631.0   r-P48 
 60471.147  19.166  19.143  19.114  6198.96     3631.0       r 
 60471.147  19.505  19.476  19.445  5182.42     3631.0    cyan 
 60471.147  19.801  19.762  19.722  4746.48     3631.0   g-P48 
 60471.147  19.842  19.802   19.76  4735.89     3631.0       g 
 60471.274  19.045  19.019  18.986  6629.82     3631.0  orange 
 60471.274   19.11  19.086  19.054  6366.38     3631.0   r-P48 
 60471.274  19.169  19.146  19.117  6198.96     3631.0       r 
 60471.274  19.508  19.479  19.448  5182.42     3631.0    cyan 
 60471.274  19.804  19.765  19.725  4746.48     3631.0   g-P48 
 60471.274  19.845  19.805  19.763  4735.89     3631.0       g 
  60473.16  19.089  19.064   19.03  6629.82     3631.0  orange 
  60473.16  19.155  19.131  19.097  6366.38     3631.0   r-P48 
  60473.16  19.214   19.19  19.159  6198.96     3631.0       r 
  60473.16   19.55  19.523  19.492  5182.42     3631.0    cyan 
  60473.16  19.849  19.809  19.769  4746.48     3631.0   g-P48 
  60473.16  19.891  19.849  19.807  4735.89     3631.0       g 
 60473.251  19.091  19.066  19.032  6629.82     3631.0  orange 
 60473.251  19.157  19.133  19.099  6366.38     3631.0   r-P48 
 60473.251  19.216  19.192  19.161  6198.96     3631.0       r 
 60473.251  19.553  19.525  19.494  5182.42     3631.0    cyan 
 60473.251  19.851  19.811  19.771  4746.48     3631.0   g-P48 
 60473.251  19.893  19.851  19.809  4735.89     3631.0       g 
 60473.316  19.093  19.067  19.033  6629.82     3631.0  orange 
 60473.316  19.159  19.135    19.1  6366.38     3631.0   r-P48 
 60473.316  19.217  19.194  19.163  6198.96     3631.0       r 
 60473.316  19.554  19.526  19.495  5182.42     3631.0    cyan 
 60473.316  19.853  19.813  19.773  4746.48     3631.0   g-P48 
 60473.316  19.894  19.853  19.811  4735.89     3631.0       g 
 60474.377  19.118  19.093  19.057  6629.82     3631.0  orange 
 60474.377  19.184  19.159  19.125  6366.38     3631.0   r-P48 
 60474.377  19.242  19.218  19.187  6198.96     3631.0       r 
 60474.377  19.579  19.551  19.519  5182.42     3631.0    cyan 
 60474.377  19.877  19.838  19.798  4746.48     3631.0   g-P48 
 60474.377  19.919  19.877  19.835  4735.89     3631.0       g 
 60475.174  19.136  19.112  19.075  6629.82     3631.0  orange 
 60475.174  19.203  19.178  19.143  6366.38     3631.0   r-P48 
 60475.174  19.261  19.237  19.205  6198.96     3631.0       r 
 60475.174  19.597  19.569  19.537  5182.42     3631.0    cyan 
 60475.174  19.896  19.856  19.816  4746.48     3631.0   g-P48 
 60475.174  19.937  19.896  19.854  4735.89     3631.0       g 
 60475.253  19.138  19.114  19.077  6629.82     3631.0  orange 
 60475.253  19.205   19.18  19.145  6366.38     3631.0   r-P48 
 60475.253  19.263  19.239  19.207  6198.96     3631.0       r 
 60475.253  19.599   19.57  19.539  5182.42     3631.0    cyan 
 60475.253  19.898  19.858  19.818  4746.48     3631.0   g-P48 
 60475.253  19.939  19.898  19.855  4735.89     3631.0       g 
 60476.542  19.169  19.143  19.106  6629.82     3631.0  orange 
 60476.542  19.236   19.21  19.174  6366.38     3631.0   r-P48 
 60476.542  19.294  19.269  19.237  6198.96     3631.0       r 
 60476.542   19.63  19.601  19.568  5182.42     3631.0    cyan 
 60476.542  19.928  19.887  19.847  4746.48     3631.0   g-P48 
 60476.542  19.969  19.927  19.885  4735.89     3631.0       g 
 60477.187  19.185  19.158  19.121  6629.82     3631.0  orange 
 60477.187  19.251  19.225  19.189  6366.38     3631.0   r-P48 
 60477.187  19.309  19.284  19.252  6198.96     3631.0       r 
 60477.187  19.645  19.615  19.582  5182.42     3631.0    cyan 
 60477.187  19.943  19.902  19.862  4746.48     3631.0   g-P48 
 60477.187  19.984  19.941    19.9  4735.89     3631.0       g 
  60477.33  19.188  19.162  19.124  6629.82     3631.0  orange 
  60477.33  19.254  19.228  19.192  6366.38     3631.0   r-P48 
  60477.33  19.312  19.288  19.255  6198.96     3631.0       r 
  60477.33  19.649  19.619  19.585  5182.42     3631.0    cyan 
  60477.33  19.946  19.905  19.865  4746.48     3631.0   g-P48 
  60477.33  19.987  19.945  19.903  4735.89     3631.0       g 
 60479.201   19.23  19.204  19.166  6629.82     3631.0  orange 
 60479.201  19.297   19.27  19.234  6366.38     3631.0   r-P48 
 60479.201  19.355  19.331  19.296  6198.96     3631.0       r 
 60479.201  19.694  19.661  19.627  5182.42     3631.0    cyan 
 60479.201  19.989  19.947  19.907  4746.48     3631.0   g-P48 
 60479.201  20.031  19.987  19.946  4735.89     3631.0       g 
 60481.215  19.277  19.249   19.21  6629.82     3631.0  orange 
 60481.215  19.343  19.316  19.279  6366.38     3631.0   r-P48 
 60481.215  19.403  19.377   19.34  6198.96     3631.0       r 
 60481.215   19.74  19.706   19.67  5182.42     3631.0    cyan 
 60481.215  20.035  19.992   19.95  4746.48     3631.0   g-P48 
 60481.215  20.077  20.031   19.99  4735.89     3631.0       g 
 60482.315  19.302  19.274  19.233  6629.82     3631.0  orange 
 60482.315  19.368   19.34  19.304  6366.38     3631.0   r-P48 
 60482.315  19.427  19.402  19.364  6198.96     3631.0       r 
 60482.315  19.764  19.731  19.694  5182.42     3631.0    cyan 
 60482.315   20.06  20.016  19.973  4746.48     3631.0   g-P48 
 60482.315  20.102  20.056  20.013  4735.89     3631.0       g 
 60483.228  19.324  19.294  19.252  6629.82     3631.0  orange 
 60483.228  19.389   19.36  19.324  6366.38     3631.0   r-P48 
 60483.228  19.448  19.422  19.384  6198.96     3631.0       r 
 60483.228  19.785  19.752  19.713  5182.42     3631.0    cyan 
 60483.228  20.081  20.036  19.992  4746.48     3631.0   g-P48 
 60483.228  20.123  20.076  20.033  4735.89     3631.0       g 
 60484.331  19.349  19.319  19.277  6629.82     3631.0  orange 
 60484.331  19.413  19.386  19.348  6366.38     3631.0   r-P48 
 60484.331  19.473  19.447  19.408  6198.96     3631.0       r 
 60484.331   19.81  19.776  19.737  5182.42     3631.0    cyan 
 60484.331  20.107  20.061  20.015  4746.48     3631.0   g-P48 
 60484.331  20.149  20.101  20.056  4735.89     3631.0       g 
 60485.242  19.369  19.339  19.297  6629.82     3631.0  orange 
 60485.242  19.433  19.406  19.367  6366.38     3631.0   r-P48 
 60485.242  19.493  19.467  19.428  6198.96     3631.0       r 
 60485.242   19.83  19.796  19.756  5182.42     3631.0    cyan 
 60485.242  20.129  20.081  20.035  4746.48     3631.0   g-P48 
 60485.242   20.17  20.121  20.075  4735.89     3631.0       g 
 60487.234  19.413  19.382   19.34  6629.82     3631.0  orange 
 60487.234  19.477   19.45  19.411  6366.38     3631.0   r-P48 
 60487.234  19.537  19.511  19.471  6198.96     3631.0       r 
 60487.234  19.878   19.84  19.799  5182.42     3631.0    cyan 
 60487.234  20.173  20.125  20.077  4746.48     3631.0   g-P48 
 60487.234  20.214  20.165  20.116  4735.89     3631.0       g 
 60487.256  19.414  19.383  19.341  6629.82     3631.0  orange 
 60487.256  19.478  19.451  19.411  6366.38     3631.0   r-P48 
 60487.256  19.538  19.512  19.472  6198.96     3631.0       r 
 60487.256  19.879  19.841  19.799  5182.42     3631.0    cyan 
 60487.256  20.173  20.126  20.078  4746.48     3631.0   g-P48 
 60487.256  20.214  20.165  20.117  4735.89     3631.0       g 
 60488.391  19.438  19.408  19.364  6629.82     3631.0  orange 
 60488.391  19.503  19.476  19.436  6366.38     3631.0   r-P48 
 60488.391  19.562  19.537  19.496  6198.96     3631.0       r 
 60488.391  19.905  19.865  19.823  5182.42     3631.0    cyan 
 60488.391  20.199   20.15  20.103  4746.48     3631.0   g-P48 
 60488.391  20.239  20.191  20.141  4735.89     3631.0       g 
 60488.891  19.449  19.419  19.375  6629.82     3631.0  orange 
 60488.891  19.514  19.486  19.446  6366.38     3631.0   r-P48 
 60488.891  19.573  19.548  19.507  6198.96     3631.0       r 
 60488.891  19.916  19.876  19.833  5182.42     3631.0    cyan 
 60488.891   20.21  20.161  20.114  4746.48     3631.0   g-P48 
 60488.891   20.25  20.202  20.152  4735.89     3631.0       g 
 60489.233  19.457  19.426  19.382  6629.82     3631.0  orange 
 60489.233  19.522  19.494  19.454  6366.38     3631.0   r-P48 
 60489.233  19.581  19.555  19.515  6198.96     3631.0       r 
 60489.233  19.924  19.883   19.84  5182.42     3631.0    cyan 
 60489.233  20.217  20.168  20.122  4746.48     3631.0   g-P48 
 60489.233  20.258  20.209  20.159  4735.89     3631.0       g 
 60489.269  19.458  19.427  19.383  6629.82     3631.0  orange 
 60489.269  19.522  19.495  19.455  6366.38     3631.0   r-P48 
 60489.269  19.582  19.556  19.515  6198.96     3631.0       r 
 60489.269  19.924  19.884  19.841  5182.42     3631.0    cyan 
 60489.269  20.218  20.169  20.122  4746.48     3631.0   g-P48 
 60489.269  20.259   20.21   20.16  4735.89     3631.0       g 
 60489.316  19.459  19.428  19.384  6629.82     3631.0  orange 
 60489.316  19.523  19.496  19.456  6366.38     3631.0   r-P48 
 60489.316  19.583  19.557  19.516  6198.96     3631.0       r 
 60489.316  19.925  19.885  19.842  5182.42     3631.0    cyan 
 60489.316  20.219  20.169  20.123  4746.48     3631.0   g-P48 
 60489.316   20.26  20.211  20.161  4735.89     3631.0       g 
 60491.112  19.499  19.466  19.423  6629.82     3631.0  orange 
 60491.112  19.564  19.533  19.493  6366.38     3631.0   r-P48 
 60491.112  19.622  19.594  19.555  6198.96     3631.0       r 
 60491.112  19.964  19.923  19.879  5182.42     3631.0    cyan 
 60491.112  20.259  20.207  20.162  4746.48     3631.0   g-P48 
 60491.112  20.299  20.248  20.199  4735.89     3631.0       g 
 60491.271  19.502  19.469  19.426  6629.82     3631.0  orange 
 60491.271  19.568  19.537  19.496  6366.38     3631.0   r-P48 
 60491.271  19.626  19.597  19.558  6198.96     3631.0       r 
 60491.271  19.968  19.926  19.883  5182.42     3631.0    cyan 
 60491.271  20.262  20.211  20.166  4746.48     3631.0   g-P48 
 60491.271  20.302  20.252  20.202  4735.89     3631.0       g 
 60491.283  19.503  19.469  19.426  6629.82     3631.0  orange 
 60491.283  19.568  19.537  19.496  6366.38     3631.0   r-P48 
 60491.283  19.626  19.598  19.558  6198.96     3631.0       r 
 60491.283  19.968  19.926  19.883  5182.42     3631.0    cyan 
 60491.283  20.262  20.211  20.166  4746.48     3631.0   g-P48 
 60491.283  20.303  20.252  20.203  4735.89     3631.0       g 
 60492.396  19.528  19.493  19.449  6629.82     3631.0  orange 
 60492.396  19.592  19.561  19.519  6366.38     3631.0   r-P48 
 60492.396   19.65   19.62  19.581  6198.96     3631.0       r 
 60492.396  19.993   19.95  19.907  5182.42     3631.0    cyan 
 60492.396  20.288  20.235   20.19  4746.48     3631.0   g-P48 
 60492.396  20.328  20.275  20.226  4735.89     3631.0       g 
 60492.842  19.538  19.502  19.459  6629.82     3631.0  orange 
 60492.842  19.602   19.57  19.528  6366.38     3631.0   r-P48 
 60492.842   19.66   19.63   19.59  6198.96     3631.0       r 
 60492.842  20.002  19.959  19.916  5182.42     3631.0    cyan 
 60492.842  20.298  20.244  20.199  4746.48     3631.0   g-P48 
 60492.842  20.338  20.284  20.236  4735.89     3631.0       g 
 60493.297  19.548  19.512  19.468  6629.82     3631.0  orange 
 60493.297  19.612  19.579  19.538  6366.38     3631.0   r-P48 
 60493.297   19.67  19.639  19.599  6198.96     3631.0       r 
 60493.297  20.012  19.968  19.926  5182.42     3631.0    cyan 
 60493.297  20.307  20.253  20.208  4746.48     3631.0   g-P48 
 60493.297  20.348  20.294  20.245  4735.89     3631.0       g 
  60495.31  19.592  19.554   19.51  6629.82     3631.0  orange 
  60495.31  19.655  19.621  19.579  6366.38     3631.0   r-P48 
  60495.31  19.715  19.681   19.64  6198.96     3631.0       r 
  60495.31  20.055  20.011  19.967  5182.42     3631.0    cyan 
  60495.31   20.35  20.297  20.248  4746.48     3631.0   g-P48 
  60495.31  20.392  20.337  20.287  4735.89     3631.0       g 
 60497.324  19.634  19.596   19.55  6629.82     3631.0  orange 
 60497.324  19.699  19.663   19.62  6366.38     3631.0   r-P48 
 60497.324   19.76  19.722  19.682  6198.96     3631.0       r 
 60497.324  20.097  20.053  20.008  5182.42     3631.0    cyan 
 60497.324  20.393  20.339  20.288  4746.48     3631.0   g-P48 
 60497.324  20.433   20.38  20.327  4735.89     3631.0       g 
 60499.338  19.676  19.636  19.591  6629.82     3631.0  orange 
 60499.338   19.74  19.704  19.661  6366.38     3631.0   r-P48 
 60499.338  19.804  19.764  19.723  6198.96     3631.0       r 
 60499.338  20.139  20.094  20.049  5182.42     3631.0    cyan 
 60499.338  20.435  20.382  20.327  4746.48     3631.0   g-P48 
 60499.338  20.475  20.421  20.367  4735.89     3631.0       g 
 60500.339  19.697  19.657  19.611  6629.82     3631.0  orange 
 60500.339  19.761  19.725  19.681  6366.38     3631.0   r-P48 
 60500.339  19.825  19.785  19.743  6198.96     3631.0       r 
 60500.339  20.159  20.114  20.069  5182.42     3631.0    cyan 
 60500.339  20.455  20.402  20.347  4746.48     3631.0   g-P48 
 60500.339  20.496  20.441  20.386  4735.89     3631.0       g 
 60501.267  19.717  19.675   19.63  6629.82     3631.0  orange 
 60501.267   19.78  19.743    19.7  6366.38     3631.0   r-P48 
 60501.267  19.844  19.804  19.761  6198.96     3631.0       r 
 60501.267  20.178  20.133  20.087  5182.42     3631.0    cyan 
 60501.267  20.474  20.421  20.365  4746.48     3631.0   g-P48 
 60501.267  20.516   20.46  20.404  4735.89     3631.0       g 
 60501.351  19.718  19.677  19.632  6629.82     3631.0  orange 
 60501.351  19.782  19.745  19.701  6366.38     3631.0   r-P48 
 60501.351  19.846  19.806  19.763  6198.96     3631.0       r 
 60501.351   20.18  20.135  20.089  5182.42     3631.0    cyan 
 60501.351  20.476  20.422  20.367  4746.48     3631.0   g-P48 
 60501.351  20.517  20.462  20.406  4735.89     3631.0       g 
 60503.052  19.754  19.711  19.666  6629.82     3631.0  orange 
 60503.052  19.818   19.78  19.734  6366.38     3631.0   r-P48 
 60503.052  19.881   19.84  19.796  6198.96     3631.0       r 
 60503.052  20.215  20.169  20.123  5182.42     3631.0    cyan 
 60503.052  20.512  20.456  20.401  4746.48     3631.0   g-P48 
 60503.052  20.552  20.496  20.439  4735.89     3631.0       g 
 60503.365   19.76  19.717  19.672  6629.82     3631.0  orange 
 60503.365  19.824  19.786   19.74  6366.38     3631.0   r-P48 
 60503.365  19.888  19.846  19.802  6198.96     3631.0       r 
 60503.365  20.221  20.176  20.129  5182.42     3631.0    cyan 
 60503.365  20.519  20.462  20.407  4746.48     3631.0   g-P48 
 60503.365  20.559  20.503  20.445  4735.89     3631.0       g 
 60505.379  19.802  19.758  19.712  6629.82     3631.0  orange 
 60505.379  19.865  19.827  19.779  6366.38     3631.0   r-P48 
 60505.379  19.929  19.886  19.841  6198.96     3631.0       r 
 60505.379  20.262  20.216  20.169  5182.42     3631.0    cyan 
 60505.379  20.561  20.501  20.447  4746.48     3631.0   g-P48 
 60505.379  20.601  20.543  20.485  4735.89     3631.0       g 
 60507.392  19.842  19.798  19.751  6629.82     3631.0  orange 
 60507.392  19.906  19.867  19.818  6366.38     3631.0   r-P48 
 60507.392   19.97  19.926   19.88  6198.96     3631.0       r 
 60507.392  20.303  20.255  20.208  5182.42     3631.0    cyan 
 60507.392  20.603  20.541  20.485  4746.48     3631.0   g-P48 
 60507.392  20.643  20.581  20.524  4735.89     3631.0       g 
 60509.406  19.882  19.838  19.789  6629.82     3631.0  orange 
 60509.406  19.947  19.907  19.856  6366.38     3631.0   r-P48 
 60509.406  20.011  19.966  19.918  6198.96     3631.0       r 
 60509.406  20.343  20.294  20.247  5182.42     3631.0    cyan 
 60509.406  20.644   20.58  20.523  4746.48     3631.0   g-P48 
 60509.406  20.684  20.621  20.563  4735.89     3631.0       g 
  60511.42  19.923  19.877  19.827  6629.82     3631.0  orange 
  60511.42  19.988  19.946  19.894  6366.38     3631.0   r-P48 
  60511.42  20.051  20.006  19.956  6198.96     3631.0       r 
  60511.42  20.383  20.334  20.285  5182.42     3631.0    cyan 
  60511.42  20.684  20.619  20.561  4746.48     3631.0   g-P48 
  60511.42  20.725   20.66    20.6  4735.89     3631.0       g 
 60513.433  19.962  19.916  19.864  6629.82     3631.0  orange 
 60513.433  20.029  19.985  19.933  6366.38     3631.0   r-P48 
 60513.433   20.09  20.045  19.993  6198.96     3631.0       r 
 60513.433  20.424  20.373  20.323  5182.42     3631.0    cyan 
 60513.433  20.723  20.658  20.599  4746.48     3631.0   g-P48 
 60513.433  20.765    20.7  20.638  4735.89     3631.0       g 
 60515.447  20.002  19.954  19.901  6629.82     3631.0  orange 
 60515.447  20.069  20.023   19.97  6366.38     3631.0   r-P48 
 60515.447  20.129  20.083  20.031  6198.96     3631.0       r 
 60515.447  20.463  20.411   20.36  5182.42     3631.0    cyan 
 60515.447  20.762  20.697  20.636  4746.48     3631.0   g-P48 
 60515.447  20.804  20.739  20.675  4735.89     3631.0       g 
 60517.461   20.04  19.991  19.938  6629.82     3631.0  orange 
 60517.461  20.108  20.061  20.008  6366.38     3631.0   r-P48 
 60517.461  20.167  20.121  20.068  6198.96     3631.0       r 
 60517.461  20.502  20.449  20.397  5182.42     3631.0    cyan 
 60517.461  20.801  20.735  20.673  4746.48     3631.0   g-P48 
 60517.461  20.843  20.777  20.712  4735.89     3631.0       g 
 60519.474   20.08  20.029  19.975  6629.82     3631.0  orange 
 60519.474  20.147  20.098  20.045  6366.38     3631.0   r-P48 
 60519.474  20.205  20.158  20.104  6198.96     3631.0       r 
 60519.474  20.541  20.486  20.434  5182.42     3631.0    cyan 
 60519.474  20.838  20.774   20.71  4746.48     3631.0   g-P48 
 60519.474  20.881  20.814  20.749  4735.89     3631.0       g 
 60521.488  20.118  20.066  20.011  6629.82     3631.0  orange 
 60521.488  20.187  20.136  20.081  6366.38     3631.0   r-P48 
 60521.488  20.243  20.195  20.141  6198.96     3631.0       r 
 60521.488  20.579  20.524   20.47  5182.42     3631.0    cyan 
 60521.488  20.875  20.811  20.747  4746.48     3631.0   g-P48 
 60521.488  20.918  20.851  20.785  4735.89     3631.0       g 
 60523.502  20.155  20.103  20.048  6629.82     3631.0  orange 
 60523.502  20.225  20.173  20.118  6366.38     3631.0   r-P48 
 60523.502  20.282  20.232  20.177  6198.96     3631.0       r 
 60523.502  20.617  20.561  20.506  5182.42     3631.0    cyan 
 60523.502  20.912  20.848  20.783  4746.48     3631.0   g-P48 
 60523.502  20.955  20.888  20.821  4735.89     3631.0       g 
 60524.494  20.174  20.122  20.066  6629.82     3631.0  orange 
 60524.494  20.244  20.191  20.135  6366.38     3631.0   r-P48 
 60524.494    20.3   20.25  20.194  6198.96     3631.0       r 
 60524.494  20.636  20.579  20.524  5182.42     3631.0    cyan 
 60524.494   20.93  20.866  20.801  4746.48     3631.0   g-P48 
 60524.494  20.973  20.906  20.839  4735.89     3631.0       g 
 60525.515  20.192   20.14  20.084  6629.82     3631.0  orange 
 60525.515  20.263   20.21  20.154  6366.38     3631.0   r-P48 
 60525.515   20.32  20.269  20.212  6198.96     3631.0       r 
 60525.515  20.655  20.598  20.542  5182.42     3631.0    cyan 
 60525.515  20.949  20.884  20.819  4746.48     3631.0   g-P48 
 60525.515  20.991  20.924  20.857  4735.89     3631.0       g 
 60526.264  20.206  20.153  20.098  6629.82     3631.0  orange 
 60526.264  20.276  20.223  20.167  6366.38     3631.0   r-P48 
 60526.264  20.334  20.282  20.225  6198.96     3631.0       r 
 60526.264  20.669  20.611  20.555  5182.42     3631.0    cyan 
 60526.264  20.962  20.898  20.832  4746.48     3631.0   g-P48 
 60526.264  21.005  20.938   20.87  4735.89     3631.0       g 
 60527.529  20.229  20.176  20.121  6629.82     3631.0  orange 
 60527.529    20.3  20.246  20.189  6366.38     3631.0   r-P48 
 60527.529  20.357  20.305  20.247  6198.96     3631.0       r 
 60527.529  20.692  20.634  20.577  5182.42     3631.0    cyan 
 60527.529  20.985  20.921  20.854  4746.48     3631.0   g-P48 
 60527.529  21.028   20.96  20.892  4735.89     3631.0       g 
 60528.495  20.247  20.193  20.138  6629.82     3631.0  orange 
 60528.495  20.317  20.263  20.206  6366.38     3631.0   r-P48 
 60528.495  20.375  20.322  20.264  6198.96     3631.0       r 
 60528.495   20.71  20.651  20.594  5182.42     3631.0    cyan 
 60528.495  21.002  20.938  20.871  4746.48     3631.0   g-P48 
 60528.495  21.045  20.977  20.909  4735.89     3631.0       g 
 60529.543  20.267  20.212  20.156  6629.82     3631.0  orange 
 60529.543  20.336  20.282  20.225  6366.38     3631.0   r-P48 
 60529.543  20.394  20.341  20.282  6198.96     3631.0       r 
 60529.543  20.729   20.67  20.613  5182.42     3631.0    cyan 
 60529.543  21.021  20.957  20.889  4746.48     3631.0   g-P48 
 60529.543  21.064  20.996  20.927  4735.89     3631.0       g 
 60531.556  20.303  20.247  20.191  6629.82     3631.0  orange 
 60531.556  20.373  20.318   20.26  6366.38     3631.0   r-P48 
 60531.556  20.431  20.376  20.317  6198.96     3631.0       r 
 60531.556  20.766  20.706  20.647  5182.42     3631.0    cyan 
 60531.556  21.057  20.992  20.924  4746.48     3631.0   g-P48 
 60531.556  21.099  21.031  20.962  4735.89     3631.0       g 
  60533.57   20.34  20.283  20.226  6629.82     3631.0  orange 
  60533.57  20.408  20.353  20.295  6366.38     3631.0   r-P48 
  60533.57  20.468  20.411  20.351  6198.96     3631.0       r 
  60533.57  20.802  20.741  20.682  5182.42     3631.0    cyan 
  60533.57  21.093  21.027  20.958  4746.48     3631.0   g-P48 
  60533.57  21.135  21.066  20.997  4735.89     3631.0       g 
 60535.584  20.376  20.318   20.26  6629.82     3631.0  orange 
 60535.584  20.444  20.388  20.329  6366.38     3631.0   r-P48 
 60535.584  20.504  20.446  20.386  6198.96     3631.0       r 
 60535.584  20.838  20.776  20.717  5182.42     3631.0    cyan 
 60535.584  21.129  21.063  20.992  4746.48     3631.0   g-P48 
 60535.584   21.17  21.101  21.032  4735.89     3631.0       g 
 60537.597  20.412  20.353  20.294  6629.82     3631.0  orange 
 60537.597  20.479  20.423  20.364  6366.38     3631.0   r-P48 
 60537.597  20.539  20.481   20.42  6198.96     3631.0       r 
 60537.597  20.873  20.811  20.751  5182.42     3631.0    cyan 
 60537.597  21.164  21.098  21.026  4746.48     3631.0   g-P48 
 60537.597  21.205  21.136  21.066  4735.89     3631.0       g 
 60539.611  20.448  20.388  20.328  6629.82     3631.0  orange 
 60539.611  20.514  20.457  20.397  6366.38     3631.0   r-P48 
 60539.611  20.575  20.515  20.454  6198.96     3631.0       r 
 60539.611  20.908  20.845  20.785  5182.42     3631.0    cyan 
 60539.611    21.2  21.132   21.06  4746.48     3631.0   g-P48 
 60539.611   21.24   21.17    21.1  4735.89     3631.0       g 
 60541.625  20.483  20.423  20.362  6629.82     3631.0  orange 
 60541.625  20.549  20.491  20.431  6366.38     3631.0   r-P48 
 60541.625   20.61  20.549  20.487  6198.96     3631.0       r 
 60541.625  20.943  20.879  20.819  5182.42     3631.0    cyan 
 60541.625  21.235  21.167  21.094  4746.48     3631.0   g-P48 
 60541.625  21.275  21.204  21.133  4735.89     3631.0       g 
 60543.638  20.518  20.456  20.395  6629.82     3631.0  orange 
 60543.638  20.583  20.525  20.464  6366.38     3631.0   r-P48 
 60543.638  20.645  20.583  20.521  6198.96     3631.0       r 
 60543.638  20.978  20.913  20.853  5182.42     3631.0    cyan 
 60543.638   21.27  21.201  21.127  4746.48     3631.0   g-P48 
 60543.638  21.309  21.238  21.167  4735.89     3631.0       g 
 60545.652  20.553   20.49  20.428  6629.82     3631.0  orange 
 60545.652  20.618  20.559  20.497  6366.38     3631.0   r-P48 
 60545.652   20.68  20.617  20.554  6198.96     3631.0       r 
 60545.652  21.012  20.947  20.886  5182.42     3631.0    cyan 
 60545.652  21.305  21.235  21.161  4746.48     3631.0   g-P48 
 60545.652  21.344  21.272  21.199  4735.89     3631.0       g 
 60547.666  20.588  20.523  20.461  6629.82     3631.0  orange 
 60547.666  20.652  20.592   20.53  6366.38     3631.0   r-P48 
 60547.666  20.714   20.65  20.587  6198.96     3631.0       r 
 60547.666  21.046  20.981  20.919  5182.42     3631.0    cyan 
 60547.666  21.339  21.268  21.194  4746.48     3631.0   g-P48 
 60547.666  21.379  21.306  21.231  4735.89     3631.0       g 
 60549.679  20.622  20.556  20.494  6629.82     3631.0  orange 
 60549.679  20.685  20.625  20.563  6366.38     3631.0   r-P48 
 60549.679  20.747  20.683  20.619  6198.96     3631.0       r 
 60549.679  21.079  21.014  20.952  5182.42     3631.0    cyan 
 60549.679  21.373  21.302  21.227  4746.48     3631.0   g-P48 
 60549.679  21.414   21.34  21.264  4735.89     3631.0       g 
 60551.693  20.655  20.589  20.527  6629.82     3631.0  orange 
 60551.693  20.719  20.658  20.595  6366.38     3631.0   r-P48 
 60551.693  20.781  20.716  20.652  6198.96     3631.0       r 
 60551.693  21.113  21.047  20.984  5182.42     3631.0    cyan 
 60551.693  21.406  21.335  21.259  4746.48     3631.0   g-P48 
 60551.693  21.448  21.373  21.297  4735.89     3631.0       g 
 60553.707  20.688  20.622  20.559  6629.82     3631.0  orange 
 60553.707  20.752  20.691  20.627  6366.38     3631.0   r-P48 
 60553.707  20.814  20.749  20.684  6198.96     3631.0       r 
 60553.707  21.146   21.08  21.017  5182.42     3631.0    cyan 
 60553.707   21.44  21.367  21.291  4746.48     3631.0   g-P48 
 60553.707  21.482  21.406  21.329  4735.89     3631.0       g 
  60555.72  20.721  20.654  20.592  6629.82     3631.0  orange 
  60555.72  20.785  20.723  20.659  6366.38     3631.0   r-P48 
  60555.72  20.847  20.782  20.716  6198.96     3631.0       r 
  60555.72  21.179  21.113  21.049  5182.42     3631.0    cyan 
  60555.72  21.472    21.4  21.323  4746.48     3631.0   g-P48 
  60555.72  21.515  21.439  21.361  4735.89     3631.0       g 
 60557.734  20.754  20.687  20.623  6629.82     3631.0  orange 
 60557.734  20.818  20.755  20.691  6366.38     3631.0   r-P48 
 60557.734   20.88  20.814  20.747  6198.96     3631.0       r 
 60557.734  21.212  21.145   21.08  5182.42     3631.0    cyan 
 60557.734  21.505  21.432  21.354  4746.48     3631.0   g-P48 
 60557.734  21.548  21.471  21.393  4735.89     3631.0       g 
 60559.748  20.786  20.719  20.655  6629.82     3631.0  orange 
 60559.748  20.851  20.787  20.722  6366.38     3631.0   r-P48 
 60559.748  20.912  20.847  20.778  6198.96     3631.0       r 
 60559.748  21.244  21.177  21.112  5182.42     3631.0    cyan 
 60559.748  21.537  21.464  21.386  4746.48     3631.0   g-P48 
 60559.748   21.58  21.503  21.425  4735.89     3631.0       g 
 60561.761  20.818   20.75  20.686  6629.82     3631.0  orange 
 60561.761  20.883  20.819  20.753  6366.38     3631.0   r-P48 
 60561.761  20.944  20.879  20.809  6198.96     3631.0       r 
 60561.761  21.277  21.208  21.143  5182.42     3631.0    cyan 
 60561.761  21.569  21.496  21.417  4746.48     3631.0   g-P48 
 60561.761  21.612  21.534  21.457  4735.89     3631.0       g 
 60563.775   20.85  20.782  20.717  6629.82     3631.0  orange 
 60563.775  20.915   20.85  20.784  6366.38     3631.0   r-P48 
 60563.775  20.976   20.91   20.84  6198.96     3631.0       r 
 60563.775  21.309   21.24  21.174  5182.42     3631.0    cyan 
 60563.775  21.602  21.528  21.448  4746.48     3631.0   g-P48 
 60563.775  21.644  21.566  21.488  4735.89     3631.0       g 
 60565.789  20.881  20.813  20.747  6629.82     3631.0  orange 
 60565.789  20.947  20.881  20.815  6366.38     3631.0   r-P48 
 60565.789  21.008  20.942  20.871  6198.96     3631.0       r 
 60565.789  21.341  21.271  21.205  5182.42     3631.0    cyan 
 60565.789  21.633  21.559  21.478  4746.48     3631.0   g-P48 
 60565.789  21.676  21.597  21.519  4735.89     3631.0       g 
 60567.802  20.913  20.844  20.778  6629.82     3631.0  orange 
 60567.802  20.979  20.912  20.846  6366.38     3631.0   r-P48 
 60567.802   21.04  20.973  20.901  6198.96     3631.0       r 
 60567.802  21.372  21.302  21.235  5182.42     3631.0    cyan 
 60567.802  21.665  21.591  21.509  4746.48     3631.0   g-P48 
 60567.802  21.707  21.628   21.55  4735.89     3631.0       g 
 60569.816  20.944  20.875  20.808  6629.82     3631.0  orange 
 60569.816   21.01  20.943  20.876  6366.38     3631.0   r-P48 
 60569.816  21.071  21.003  20.932  6198.96     3631.0       r 
 60569.816  21.404  21.333  21.266  5182.42     3631.0    cyan 
 60569.816  21.696  21.622  21.539  4746.48     3631.0   g-P48 
 60569.816  21.738  21.659   21.58  4735.89     3631.0       g 
  60571.83  20.975  20.906  20.838  6629.82     3631.0  orange 
  60571.83  21.041  20.974  20.906  6366.38     3631.0   r-P48 
  60571.83  21.102  21.034  20.962  6198.96     3631.0       r 
  60571.83  21.435  21.363  21.296  5182.42     3631.0    cyan 
  60571.83  21.728  21.653   21.57  4746.48     3631.0   g-P48 
  60571.83  21.769  21.691   21.61  4735.89     3631.0       g 
 60573.843  21.005  20.936  20.868  6629.82     3631.0  orange 
 60573.843  21.072  21.005  20.936  6366.38     3631.0   r-P48 
 60573.843  21.133  21.064  20.992  6198.96     3631.0       r 
 60573.843  21.466  21.393  21.325  5182.42     3631.0    cyan 
 60573.843  21.758  21.683    21.6  4746.48     3631.0   g-P48 
 60573.843  21.799  21.722   21.64  4735.89     3631.0       g 
 60575.857  21.036  20.966  20.897  6629.82     3631.0  orange 
 60575.857  21.103  21.035  20.965  6366.38     3631.0   r-P48 
 60575.857  21.163  21.094  21.022  6198.96     3631.0       r 
 60575.857  21.497  21.424  21.355  5182.42     3631.0    cyan 
 60575.857  21.789  21.713   21.63  4746.48     3631.0   g-P48 
 60575.857  21.829  21.752  21.669  4735.89     3631.0       g 
 60577.871  21.066  20.996  20.927  6629.82     3631.0  orange 
 60577.871  21.133  21.065  20.994  6366.38     3631.0   r-P48 
 60577.871  21.194  21.124  21.052  6198.96     3631.0       r 
 60577.871  21.528  21.454  21.384  5182.42     3631.0    cyan 
 60577.871  21.819  21.743   21.66  4746.48     3631.0   g-P48 
 60577.871   21.86  21.782  21.699  4735.89     3631.0       g 
 60579.884  21.096  21.026  20.956  6629.82     3631.0  orange 
 60579.884  21.163  21.095  21.024  6366.38     3631.0   r-P48 
 60579.884  21.224  21.154  21.081  6198.96     3631.0       r 
 60579.884  21.559  21.483  21.413  5182.42     3631.0    cyan 
 60579.884  21.849  21.773  21.689  4746.48     3631.0   g-P48 
 60579.884   21.89  21.811  21.728  4735.89     3631.0       g 
 60581.898  21.126  21.056  20.985  6629.82     3631.0  orange 
 60581.898  21.193  21.124  21.053  6366.38     3631.0   r-P48 
 60581.898  21.254  21.184   21.11  6198.96     3631.0       r 
 60581.898  21.589  21.513  21.442  5182.42     3631.0    cyan 
 60581.898  21.879  21.802  21.718  4746.48     3631.0   g-P48 
 60581.898   21.92  21.841  21.757  4735.89     3631.0       g 
 60583.911  21.155  21.085  21.014  6629.82     3631.0  orange 
 60583.911  21.223  21.154  21.081  6366.38     3631.0   r-P48 
 60583.911  21.283  21.213   21.14  6198.96     3631.0       r 
 60583.911   21.62  21.542  21.471  5182.42     3631.0    cyan 
 60583.911  21.909  21.832  21.747  4746.48     3631.0   g-P48 
 60583.911  21.949   21.87  21.786  4735.89     3631.0       g 
 60585.925  21.185  21.115  21.042  6629.82     3631.0  orange 
 60585.925  21.253  21.183   21.11  6366.38     3631.0   r-P48 
 60585.925  21.313  21.242  21.169  6198.96     3631.0       r 
 60585.925  21.649  21.571  21.499  5182.42     3631.0    cyan 
 60585.925  21.938  21.861  21.776  4746.48     3631.0   g-P48 
 60585.925  21.979  21.899  21.814  4735.89     3631.0       g 
 60587.939  21.214  21.143  21.071  6629.82     3631.0  orange 
 60587.939  21.282  21.212  21.139  6366.38     3631.0   r-P48 
 60587.939  21.342  21.271  21.197  6198.96     3631.0       r 
 60587.939  21.679    21.6  21.527  5182.42     3631.0    cyan 
 60587.939  21.968   21.89  21.804  4746.48     3631.0   g-P48 
 60587.939  22.008  21.928  21.843  4735.89     3631.0       g 
 60589.952  21.243  21.172    21.1  6629.82     3631.0  orange 
 60589.952  21.311  21.241  21.167  6366.38     3631.0   r-P48 
 60589.952  21.371    21.3  21.226  6198.96     3631.0       r 
 60589.952  21.708  21.629  21.555  5182.42     3631.0    cyan 
 60589.952  21.997  21.919  21.832  4746.48     3631.0   g-P48 
 60589.952  22.037  21.957  21.871  4735.89     3631.0       g 
 60591.966  21.272  21.201  21.128  6629.82     3631.0  orange 
 60591.966   21.34   21.27  21.195  6366.38     3631.0   r-P48 
 60591.966  21.401  21.329  21.254  6198.96     3631.0       r 
 60591.966  21.737  21.658  21.583  5182.42     3631.0    cyan 
 60591.966  22.026  21.947   21.86  4746.48     3631.0   g-P48 
 60591.966  22.067  21.986  21.899  4735.89     3631.0       g 
  60593.98  21.301  21.229  21.156  6629.82     3631.0  orange 
  60593.98  21.369  21.298  21.223  6366.38     3631.0   r-P48 
  60593.98   21.43  21.357  21.283  6198.96     3631.0       r 
  60593.98  21.766  21.686  21.611  5182.42     3631.0    cyan 
  60593.98  22.055  21.975  21.888  4746.48     3631.0   g-P48 
  60593.98  22.096  22.014  21.928  4735.89     3631.0       g 
 60595.993  21.329  21.257  21.184  6629.82     3631.0  orange 
 60595.993  21.397  21.326  21.251  6366.38     3631.0   r-P48 
 60595.993  21.458  21.385  21.311  6198.96     3631.0       r 
 60595.993  21.794  21.715  21.638  5182.42     3631.0    cyan 
 60595.993  22.084  22.004  21.916  4746.48     3631.0   g-P48 
 60595.993  22.125  22.042  21.956  4735.89     3631.0       g 
 60598.007  21.357  21.286  21.212  6629.82     3631.0  orange 
 60598.007  21.426  21.354  21.279  6366.38     3631.0   r-P48 
 60598.007  21.487  21.413  21.338  6198.96     3631.0       r 
 60598.007  21.823  21.743  21.665  5182.42     3631.0    cyan 
 60598.007  22.112  22.032  21.944  4746.48     3631.0   g-P48 
 60598.007  22.154   22.07  21.983  4735.89     3631.0       g 
 60600.021  21.386  21.314   21.24  6629.82     3631.0  orange 
 60600.021  21.454  21.382  21.307  6366.38     3631.0   r-P48 
 60600.021  21.515  21.441  21.366  6198.96     3631.0       r 
 60600.021  21.851  21.771  21.693  5182.42     3631.0    cyan 
 60600.021  22.141  22.059  21.971  4746.48     3631.0   g-P48 
 60600.021  22.182  22.098  22.011  4735.89     3631.0       g 
 60602.034  21.414  21.342  21.267  6629.82     3631.0  orange 
 60602.034  21.482   21.41  21.334  6366.38     3631.0   r-P48 
 60602.034  21.543  21.469  21.393  6198.96     3631.0       r 
 60602.034  21.879  21.799   21.72  5182.42     3631.0    cyan 
 60602.034  22.169  22.087  21.998  4746.48     3631.0   g-P48 
 60602.034   22.21  22.126  22.038  4735.89     3631.0       g 
 60604.048  21.442  21.369  21.294  6629.82     3631.0  orange 
 60604.048   21.51  21.437  21.361  6366.38     3631.0   r-P48 
 60604.048  21.571  21.497  21.421  6198.96     3631.0       r 
 60604.048  21.907  21.827  21.746  5182.42     3631.0    cyan 
 60604.048  22.196  22.115  22.026  4746.48     3631.0   g-P48 
 60604.048  22.238  22.154  22.066  4735.89     3631.0       g 
 60606.062  21.469  21.396  21.322  6629.82     3631.0  orange 
 60606.062  21.538  21.464  21.389  6366.38     3631.0   r-P48 
 60606.062  21.599  21.524  21.448  6198.96     3631.0       r 
 60606.062  21.935  21.854  21.773  5182.42     3631.0    cyan 
 60606.062  22.224  22.143  22.053  4746.48     3631.0   g-P48 
 60606.062  22.266  22.181  22.093  4735.89     3631.0       g 
 60608.075  21.497  21.424  21.349  6629.82     3631.0  orange 
 60608.075  21.565  21.491  21.416  6366.38     3631.0   r-P48 
 60608.075  21.626  21.552  21.475  6198.96     3631.0       r 
 60608.075  21.963  21.881    21.8  5182.42     3631.0    cyan 
 60608.075  22.251   22.17   22.08  4746.48     3631.0   g-P48 
 60608.075  22.293  22.208   22.12  4735.89     3631.0       g 
 60610.089  21.525  21.451  21.375  6629.82     3631.0  orange 
 60610.089  21.592  21.518  21.443  6366.38     3631.0   r-P48 
 60610.089  21.654  21.579  21.501  6198.96     3631.0       r 
 60610.089  21.991  21.908  21.827  5182.42     3631.0    cyan 
 60610.089  22.279  22.197  22.107  4746.48     3631.0   g-P48 
 60610.089  22.321  22.236  22.146  4735.89     3631.0       g 
 60612.103  21.552  21.477  21.402  6629.82     3631.0  orange 
 60612.103   21.62  21.545  21.469  6366.38     3631.0   r-P48 
 60612.103  21.681  21.606  21.528  6198.96     3631.0       r 
 60612.103  22.018  21.935  21.853  5182.42     3631.0    cyan 
 60612.103  22.306  22.224  22.133  4746.48     3631.0   g-P48 
 60612.103  22.349  22.263  22.173  4735.89     3631.0       g 
 60614.116   21.58  21.504  21.428  6629.82     3631.0  orange 
 60614.116  21.647  21.572  21.496  6366.38     3631.0   r-P48 
 60614.116  21.708  21.633  21.555  6198.96     3631.0       r 
 60614.116  22.045  21.962   21.88  5182.42     3631.0    cyan 
 60614.116  22.334  22.251   22.16  4746.48     3631.0   g-P48 
 60614.116  22.376  22.289  22.199  4735.89     3631.0       g 
  60616.13  21.607  21.531  21.455  6629.82     3631.0  orange 
  60616.13  21.674  21.598  21.522  6366.38     3631.0   r-P48 
  60616.13  21.735   21.66  21.581  6198.96     3631.0       r 
  60616.13  22.072  21.989  21.906  5182.42     3631.0    cyan 
  60616.13  22.361  22.278  22.187  4746.48     3631.0   g-P48 
  60616.13  22.403  22.316  22.225  4735.89     3631.0       g 
 60618.144  21.634  21.557  21.481  6629.82     3631.0  orange 
 60618.144  21.701  21.624  21.548  6366.38     3631.0   r-P48 
 60618.144  21.762  21.686  21.607  6198.96     3631.0       r 
 60618.144  22.098  22.015  21.932  5182.42     3631.0    cyan 
 60618.144  22.388  22.305  22.213  4746.48     3631.0   g-P48 
 60618.144  22.429  22.343  22.251  4735.89     3631.0       g 
 60620.157  21.661  21.583  21.507  6629.82     3631.0  orange 
 60620.157  21.728   21.65  21.574  6366.38     3631.0   r-P48 
 60620.157  21.789  21.712  21.633  6198.96     3631.0       r 
 60620.157  22.125  22.042  21.958  5182.42     3631.0    cyan 
 60620.157  22.414  22.331  22.239  4746.48     3631.0   g-P48 
 60620.157  22.455   22.37  22.278  4735.89     3631.0       g 
 60622.171  21.687   21.61  21.533  6629.82     3631.0  orange 
 60622.171  21.755  21.676    21.6  6366.38     3631.0   r-P48 
 60622.171  21.816  21.738  21.659  6198.96     3631.0       r 
 60622.171  22.151  22.068  21.984  5182.42     3631.0    cyan 
 60622.171  22.441  22.358  22.265  4746.48     3631.0   g-P48 
 60622.171  22.482  22.396  22.304  4735.89     3631.0       g 
 60624.185  21.714  21.636  21.558  6629.82     3631.0  orange 
 60624.185  21.782  21.702  21.626  6366.38     3631.0   r-P48 
 60624.185  21.843  21.764  21.684  6198.96     3631.0       r 
 60624.185  22.177  22.094   22.01  5182.42     3631.0    cyan 
 60624.185  22.467  22.384  22.291  4746.48     3631.0   g-P48 
 60624.185  22.507  22.422   22.33  4735.89     3631.0       g 
 60626.198  21.741  21.662  21.584  6629.82     3631.0  orange 
 60626.198  21.809  21.728  21.651  6366.38     3631.0   r-P48 
 60626.198   21.87   21.79  21.709  6198.96     3631.0       r 
 60626.198  22.203   22.12  22.036  5182.42     3631.0    cyan 
 60626.198  22.493   22.41  22.317  4746.48     3631.0   g-P48 
 60626.198  22.533  22.448  22.355  4735.89     3631.0       g 
 60628.212  21.768  21.688  21.609  6629.82     3631.0  orange 
 60628.212  21.836  21.754  21.676  6366.38     3631.0   r-P48 
 60628.212  21.897  21.816  21.735  6198.96     3631.0       r 
 60628.212   22.23  22.146  22.061  5182.42     3631.0    cyan 
 60628.212  22.519  22.436  22.343  4746.48     3631.0   g-P48 
 60628.212  22.559  22.474  22.381  4735.89     3631.0       g 
 60630.226  21.794  21.713  21.634  6629.82     3631.0  orange 
 60630.226  21.862  21.779  21.702  6366.38     3631.0   r-P48 
 60630.226  21.924  21.841   21.76  6198.96     3631.0       r 
 60630.226  22.256  22.172  22.087  5182.42     3631.0    cyan 
 60630.226  22.545  22.461  22.368  4746.48     3631.0   g-P48 
 60630.226  22.585    22.5  22.407  4735.89     3631.0       g 
 60632.239  21.821  21.738  21.659  6629.82     3631.0  orange 
 60632.239  21.889  21.804  21.727  6366.38     3631.0   r-P48 
 60632.239   21.95  21.866  21.785  6198.96     3631.0       r 
 60632.239  22.282  22.198  22.112  5182.42     3631.0    cyan 
 60632.239   22.57  22.487  22.394  4746.48     3631.0   g-P48 
 60632.239  22.611  22.526  22.432  4735.89     3631.0       g 
 60634.253  21.847  21.764  21.684  6629.82     3631.0  orange 
 60634.253  21.915  21.829  21.752  6366.38     3631.0   r-P48 
 60634.253  21.976  21.892  21.809  6198.96     3631.0       r 
 60634.253  22.308  22.223  22.137  5182.42     3631.0    cyan 
 60634.253  22.596  22.512  22.419  4746.48     3631.0   g-P48 
 60634.253  22.636  22.551  22.457  4735.89     3631.0       g 
 60636.267  21.873  21.789  21.709  6629.82     3631.0  orange 
 60636.267  21.941  21.854  21.777  6366.38     3631.0   r-P48 
 60636.267  22.002  21.917  21.834  6198.96     3631.0       r 
 60636.267  22.334  22.249  22.162  5182.42     3631.0    cyan 
 60636.267  22.621  22.538  22.444  4746.48     3631.0   g-P48 
 60636.267  22.662  22.577  22.482  4735.89     3631.0       g 
  60638.28  21.899  21.813  21.734  6629.82     3631.0  orange 
  60638.28  21.967  21.879  21.801  6366.38     3631.0   r-P48 
  60638.28  22.028  21.942  21.858  6198.96     3631.0       r 
  60638.28  22.359  22.274  22.186  5182.42     3631.0    cyan 
  60638.28  22.647  22.563  22.469  4746.48     3631.0   g-P48 
  60638.28  22.687  22.602  22.507  4735.89     3631.0       g 
 60640.294  21.925  21.838  21.758  6629.82     3631.0  orange 
 60640.294  21.993  21.904  21.826  6366.38     3631.0   r-P48 
 60640.294  22.054  21.967  21.883  6198.96     3631.0       r 
 60640.294  22.385  22.299   22.21  5182.42     3631.0    cyan 
 60640.294  22.672  22.587  22.494  4746.48     3631.0   g-P48 
 60640.294  22.712  22.627  22.532  4735.89     3631.0       g 
 60642.308  21.951  21.863  21.783  6629.82     3631.0  orange 
 60642.308  22.019  21.929   21.85  6366.38     3631.0   r-P48 
 60642.308   22.08  21.991  21.907  6198.96     3631.0       r 
 60642.308   22.41  22.323  22.235  5182.42     3631.0    cyan 
 60642.308  22.697  22.612  22.519  4746.48     3631.0   g-P48 
 60642.308  22.737  22.652  22.557  4735.89     3631.0       g 
 60644.321  21.976  21.887  21.807  6629.82     3631.0  orange 
 60644.321  22.044  21.953  21.874  6366.38     3631.0   r-P48 
 60644.321  22.105  22.016  21.931  6198.96     3631.0       r 
 60644.321  22.436  22.348  22.259  5182.42     3631.0    cyan 
 60644.321  22.721  22.636  22.543  4746.48     3631.0   g-P48 
 60644.321  22.762  22.676  22.582  4735.89     3631.0       g 
 60646.335  22.001  21.911  21.831  6629.82     3631.0  orange 
 60646.335   22.07  21.977  21.898  6366.38     3631.0   r-P48 
 60646.335   22.13   22.04  21.955  6198.96     3631.0       r 
 60646.335  22.461  22.373  22.283  5182.42     3631.0    cyan 
 60646.335  22.746  22.661  22.568  4746.48     3631.0   g-P48 
 60646.335  22.787  22.701  22.606  4735.89     3631.0       g 
 60648.349  22.026  21.936  21.855  6629.82     3631.0  orange 
 60648.349  22.095  22.002  21.922  6366.38     3631.0   r-P48 
 60648.349  22.155  22.064  21.979  6198.96     3631.0       r 
 60648.349  22.486  22.397  22.307  5182.42     3631.0    cyan 
 60648.349  22.771  22.685  22.592  4746.48     3631.0   g-P48 
 60648.349  22.811  22.726   22.63  4735.89     3631.0       g 
 60650.362  22.051   21.96  21.879  6629.82     3631.0  orange 
 60650.362   22.12  22.026  21.946  6366.38     3631.0   r-P48 
 60650.362   22.18  22.089  22.003  6198.96     3631.0       r 
 60650.362  22.511  22.421   22.33  5182.42     3631.0    cyan 
 60650.362  22.795  22.709  22.617  4746.48     3631.0   g-P48 
 60650.362  22.836   22.75  22.655  4735.89     3631.0       g 
 60652.376  22.076  21.984  21.903  6629.82     3631.0  orange 
 60652.376  22.144   22.05  21.969  6366.38     3631.0   r-P48 
 60652.376  22.204  22.113  22.026  6198.96     3631.0       r 
 60652.376  22.535  22.445  22.354  5182.42     3631.0    cyan 
 60652.376   22.82  22.733  22.641  4746.48     3631.0   g-P48 
 60652.376   22.86  22.774  22.679  4735.89     3631.0       g 
  60654.39    22.1  22.007  21.926  6629.82     3631.0  orange 
  60654.39  22.169  22.074  21.993  6366.38     3631.0   r-P48 
  60654.39  22.229  22.136   22.05  6198.96     3631.0       r 
  60654.39   22.56  22.469  22.377  5182.42     3631.0    cyan 
  60654.39  22.844  22.757  22.665  4746.48     3631.0   g-P48 
  60654.39  22.884  22.798  22.702  4735.89     3631.0       g 
 60656.403  22.125  22.031   21.95  6629.82     3631.0  orange 
 60656.403  22.193  22.098  22.016  6366.38     3631.0   r-P48 
 60656.403  22.253   22.16  22.073  6198.96     3631.0       r 
 60656.403  22.584  22.493  22.401  5182.42     3631.0    cyan 
 60656.403  22.868   22.78  22.689  4746.48     3631.0   g-P48 
 60656.403  22.908  22.821  22.726  4735.89     3631.0       g 
 60658.417  22.149  22.055  21.973  6629.82     3631.0  orange 
 60658.417  22.218  22.122  22.039  6366.38     3631.0   r-P48 
 60658.417  22.278  22.184  22.096  6198.96     3631.0       r 
 60658.417  22.609  22.516  22.424  5182.42     3631.0    cyan 
 60658.417  22.893  22.804  22.712  4746.48     3631.0   g-P48 
 60658.417  22.933  22.845  22.749  4735.89     3631.0       g 
 60660.431  22.173  22.078  21.996  6629.82     3631.0  orange 
 60660.431  22.242  22.145  22.062  6366.38     3631.0   r-P48 
 60660.431  22.302  22.207  22.119  6198.96     3631.0       r 
 60660.431  22.632   22.54  22.447  5182.42     3631.0    cyan 
 60660.431  22.917  22.827  22.735  4746.48     3631.0   g-P48 
 60660.431  22.957  22.868  22.773  4735.89     3631.0       g 
 60662.444  22.197  22.101  22.019  6629.82     3631.0  orange 
 60662.444  22.266  22.169  22.085  6366.38     3631.0   r-P48 
 60662.444  22.326  22.231  22.142  6198.96     3631.0       r 
 60662.444  22.656  22.563   22.47  5182.42     3631.0    cyan 
 60662.444  22.941   22.85  22.758  4746.48     3631.0   g-P48 
 60662.444  22.981  22.892  22.796  4735.89     3631.0       g 
 60664.458   22.22  22.124  22.042  6629.82     3631.0  orange 
 60664.458   22.29  22.192  22.108  6366.38     3631.0   r-P48 
 60664.458  22.349  22.254  22.165  6198.96     3631.0       r 
 60664.458   22.68  22.587  22.493  5182.42     3631.0    cyan 
 60664.458  22.964  22.874  22.781  4746.48     3631.0   g-P48 
 60664.458  23.004  22.915  22.819  4735.89     3631.0       g 
 60666.472  22.244  22.147  22.065  6629.82     3631.0  orange 
 60666.472  22.313  22.216  22.131  6366.38     3631.0   r-P48 
 60666.472  22.373  22.277  22.188  6198.96     3631.0       r 
 60666.472  22.703   22.61  22.516  5182.42     3631.0    cyan 
 60666.472  22.988  22.897  22.804  4746.48     3631.0   g-P48 
 60666.472  23.028  22.938  22.842  4735.89     3631.0       g 
 60668.485  22.267   22.17  22.088  6629.82     3631.0  orange 
 60668.485  22.337  22.239  22.154  6366.38     3631.0   r-P48 
 60668.485  22.397    22.3   22.21  6198.96     3631.0       r 
 60668.485  22.726  22.633  22.538  5182.42     3631.0    cyan 
 60668.485  23.011   22.92  22.827  4746.48     3631.0   g-P48 
 60668.485  23.052  22.961  22.865  4735.89     3631.0       g 
 60670.499  22.291  22.193  22.111  6629.82     3631.0  orange 
 60670.499   22.36  22.262  22.176  6366.38     3631.0   r-P48 
 60670.499  22.421  22.323  22.233  6198.96     3631.0       r 
 60670.499   22.75  22.656  22.561  5182.42     3631.0    cyan 
 60670.499  23.035  22.942   22.85  4746.48     3631.0   g-P48 
 60670.499  23.075  22.983  22.888  4735.89     3631.0       g 
 60672.513  22.314  22.216  22.133  6629.82     3631.0  orange 
 60672.513  22.383  22.285  22.199  6366.38     3631.0   r-P48 
 60672.513  22.445  22.346  22.255  6198.96     3631.0       r 
 60672.513  22.773  22.679  22.583  5182.42     3631.0    cyan 
 60672.513  23.058  22.965  22.872  4746.48     3631.0   g-P48 
 60672.513  23.098  23.006   22.91  4735.89     3631.0       g 
 60674.526  22.337  22.239  22.156  6629.82     3631.0  orange 
 60674.526  22.407  22.308  22.221  6366.38     3631.0   r-P48 
 60674.526  22.468  22.368  22.278  6198.96     3631.0       r 
 60674.526  22.796  22.702  22.606  5182.42     3631.0    cyan 
 60674.526  23.081  22.988  22.895  4746.48     3631.0   g-P48 
 60674.526  23.121  23.029  22.932  4735.89     3631.0       g 
  60676.54   22.36  22.261  22.178  6629.82     3631.0  orange 
  60676.54   22.43  22.331  22.243  6366.38     3631.0   r-P48 
  60676.54  22.492  22.391    22.3  6198.96     3631.0       r 
  60676.54  22.818  22.725  22.628  5182.42     3631.0    cyan 
  60676.54  23.104   23.01  22.917  4746.48     3631.0   g-P48 
  60676.54  23.144  23.051  22.955  4735.89     3631.0       g 
 60678.554  22.382  22.284    22.2  6629.82     3631.0  orange 
 60678.554  22.453  22.353  22.265  6366.38     3631.0   r-P48 
 60678.554  22.516  22.413  22.322  6198.96     3631.0       r 
 60678.554  22.841  22.747   22.65  5182.42     3631.0    cyan 
 60678.554  23.127  23.033  22.939  4746.48     3631.0   g-P48 
 60678.554  23.167  23.073  22.977  4735.89     3631.0       g 
 60680.567  22.405  22.306  22.222  6629.82     3631.0  orange 
 60680.567  22.476  22.376  22.287  6366.38     3631.0   r-P48 
 60680.567  22.539  22.436  22.344  6198.96     3631.0       r 
 60680.567  22.864   22.77  22.672  5182.42     3631.0    cyan 
 60680.567   23.15  23.055  22.961  4746.48     3631.0   g-P48 
 60680.567  23.189  23.096  22.999  4735.89     3631.0       g 
 60682.581  22.428  22.328  22.244  6629.82     3631.0  orange 
 60682.581  22.499  22.398  22.309  6366.38     3631.0   r-P48 
 60682.581  22.562  22.458  22.366  6198.96     3631.0       r 
 60682.581  22.886  22.792  22.694  5182.42     3631.0    cyan 
 60682.581  23.172  23.078  22.983  4746.48     3631.0   g-P48 
 60682.581  23.212  23.118  23.021  4735.89     3631.0       g 
 60684.595  22.451   22.35  22.266  6629.82     3631.0  orange 
 60684.595  22.522   22.42  22.331  6366.38     3631.0   r-P48 
 60684.595  22.585   22.48  22.388  6198.96     3631.0       r 
 60684.595  22.908  22.815  22.716  5182.42     3631.0    cyan 
 60684.595  23.195    23.1  23.005  4746.48     3631.0   g-P48 
 60684.595  23.234   23.14  23.043  4735.89     3631.0       g 
 60686.608  22.474  22.372  22.288  6629.82     3631.0  orange 
 60686.608  22.545  22.442  22.353  6366.38     3631.0   r-P48 
 60686.608  22.608  22.502  22.409  6198.96     3631.0       r 
 60686.608  22.931  22.837  22.738  5182.42     3631.0    cyan 
 60686.608  23.217  23.122  23.026  4746.48     3631.0   g-P48 
 60686.608  23.257  23.162  23.064  4735.89     3631.0       g 
 60688.622  22.497  22.394   22.31  6629.82     3631.0  orange 
 60688.622  22.567  22.464  22.374  6366.38     3631.0   r-P48 
 60688.622  22.631  22.524  22.431  6198.96     3631.0       r 
 60688.622  22.953  22.859  22.759  5182.42     3631.0    cyan 
 60688.622  23.239  23.144  23.048  4746.48     3631.0   g-P48 
 60688.622  23.279  23.184  23.086  4735.89     3631.0       g 
 60690.635   22.52  22.416  22.331  6629.82     3631.0  orange 
 60690.635  22.589  22.486  22.396  6366.38     3631.0   r-P48 
 60690.635  22.654  22.546  22.453  6198.96     3631.0       r 
 60690.635  22.975  22.881  22.781  5182.42     3631.0    cyan 
 60690.635  23.261  23.165  23.069  4746.48     3631.0   g-P48 
 60690.635  23.301  23.206  23.108  4735.89     3631.0       g 
 60692.649  22.542  22.438  22.353  6629.82     3631.0  orange 
 60692.649  22.612  22.507  22.417  6366.38     3631.0   r-P48 
 60692.649  22.676  22.567  22.474  6198.96     3631.0       r 
 60692.649  22.997  22.903  22.803  5182.42     3631.0    cyan 
 60692.649  23.283  23.187   23.09  4746.48     3631.0   g-P48 
 60692.649  23.323  23.227  23.129  4735.89     3631.0       g 
 60694.663  22.564  22.459  22.374  6629.82     3631.0  orange 
 60694.663  22.634  22.529  22.439  6366.38     3631.0   r-P48 
 60694.663  22.697  22.589  22.495  6198.96     3631.0       r 
 60694.663  23.019  22.924  22.824  5182.42     3631.0    cyan 
 60694.663  23.305  23.209  23.111  4746.48     3631.0   g-P48 
 60694.663  23.344  23.249  23.151  4735.89     3631.0       g 
 60696.676  22.586  22.481  22.395  6629.82     3631.0  orange 
 60696.676  22.656   22.55   22.46  6366.38     3631.0   r-P48 
 60696.676  22.719  22.611  22.516  6198.96     3631.0       r 
 60696.676   23.04  22.946  22.846  5182.42     3631.0    cyan 
 60696.676  23.326   23.23  23.132  4746.48     3631.0   g-P48 
 60696.676  23.366  23.271  23.172  4735.89     3631.0       g 
  60698.69  22.608  22.502  22.416  6629.82     3631.0  orange 
  60698.69  22.678  22.571  22.481  6366.38     3631.0   r-P48 
  60698.69  22.741  22.632  22.538  6198.96     3631.0       r 
  60698.69  23.062  22.968  22.867  5182.42     3631.0    cyan 
  60698.69  23.348  23.251  23.154  4746.48     3631.0   g-P48 
  60698.69  23.388  23.292  23.194  4735.89     3631.0       g 
 60700.704   22.63  22.523  22.437  6629.82     3631.0  orange 
 60700.704  22.699  22.592  22.502  6366.38     3631.0   r-P48 
 60700.704  22.762  22.654  22.559  6198.96     3631.0       r 
 60700.704  23.083  22.989  22.888  5182.42     3631.0    cyan 
 60700.704   23.37  23.272  23.175  4746.48     3631.0   g-P48 
 60700.704  23.409  23.313  23.215  4735.89     3631.0       g 
 60702.717  22.652  22.545  22.458  6629.82     3631.0  orange 
 60702.717  22.721  22.614  22.523  6366.38     3631.0   r-P48 
 60702.717  22.783  22.675   22.58  6198.96     3631.0       r 
 60702.717  23.105   23.01  22.909  5182.42     3631.0    cyan 
 60702.717  23.391  23.293  23.197  4746.48     3631.0   g-P48 
 60702.717   23.43  23.334  23.236  4735.89     3631.0       g 
 60704.731  22.673  22.566  22.479  6629.82     3631.0  orange 
 60704.731  22.742  22.635  22.543  6366.38     3631.0   r-P48 
 60704.731  22.805  22.696    22.6  6198.96     3631.0       r 
 60704.731  23.126  23.032  22.931  5182.42     3631.0    cyan 
 60704.731  23.412  23.314  23.218  4746.48     3631.0   g-P48 
 60704.731  23.452  23.355  23.257  4735.89     3631.0       g 
 60706.745  22.695  22.587  22.499  6629.82     3631.0  orange 
 60706.745  22.763  22.655  22.564  6366.38     3631.0   r-P48 
 60706.745  22.826  22.717  22.621  6198.96     3631.0       r 
 60706.745  23.147  23.053  22.951  5182.42     3631.0    cyan 
 60706.745  23.433  23.335  23.238  4746.48     3631.0   g-P48 
 60706.745  23.473  23.376  23.278  4735.89     3631.0       g 
 60708.758  22.716  22.607   22.52  6629.82     3631.0  orange 
 60708.758  22.784  22.676  22.585  6366.38     3631.0   r-P48 
 60708.758  22.847  22.737  22.642  6198.96     3631.0       r 
 60708.758  23.168  23.074  22.973  5182.42     3631.0    cyan 
 60708.758  23.455  23.356  23.259  4746.48     3631.0   g-P48 
 60708.758  23.495  23.397  23.298  4735.89     3631.0       g 
 60710.772  22.737  22.628  22.541  6629.82     3631.0  orange 
 60710.772  22.805  22.697  22.605  6366.38     3631.0   r-P48 
 60710.772  22.868  22.758  22.662  6198.96     3631.0       r 
 60710.772  23.189  23.095  22.994  5182.42     3631.0    cyan 
 60710.772  23.476  23.377  23.279  4746.48     3631.0   g-P48 
 60710.772  23.516  23.418  23.319  4735.89     3631.0       g 
 60712.786  22.759  22.649  22.561  6629.82     3631.0  orange 
 60712.786  22.826  22.718  22.626  6366.38     3631.0   r-P48 
 60712.786  22.888  22.779  22.683  6198.96     3631.0       r 
 60712.786   23.21  23.116  23.016  5182.42     3631.0    cyan 
 60712.786  23.497  23.397  23.299  4746.48     3631.0   g-P48 
 60712.786  23.537  23.438  23.339  4735.89     3631.0       g 
 60714.799  22.779  22.669  22.581  6629.82     3631.0  orange 
 60714.799  22.846  22.738  22.646  6366.38     3631.0   r-P48 
 60714.799  22.909  22.799  22.703  6198.96     3631.0       r 
 60714.799  23.231  23.136  23.036  5182.42     3631.0    cyan 
 60714.799  23.518  23.418   23.32  4746.48     3631.0   g-P48 
 60714.799  23.558  23.459  23.359  4735.89     3631.0       g 
 60716.813    22.8   22.69  22.601  6629.82     3631.0  orange 
 60716.813  22.867  22.759  22.666  6366.38     3631.0   r-P48 
 60716.813   22.93   22.82  22.723  6198.96     3631.0       r 
 60716.813  23.252  23.157  23.057  5182.42     3631.0    cyan 
 60716.813  23.539  23.438   23.34  4746.48     3631.0   g-P48 
 60716.813  23.579  23.479  23.379  4735.89     3631.0       g 
 60718.827  22.821  22.711  22.622  6629.82     3631.0  orange 
 60718.827  22.888  22.779  22.686  6366.38     3631.0   r-P48 
 60718.827   22.95   22.84  22.744  6198.96     3631.0       r 
 60718.827  23.272  23.178  23.077  5182.42     3631.0    cyan 
 60718.827  23.559  23.459   23.36  4746.48     3631.0   g-P48 
 60718.827    23.6  23.499  23.399  4735.89     3631.0       g 
  60720.84  22.841  22.731  22.642  6629.82     3631.0  orange 
  60720.84  22.908    22.8  22.706  6366.38     3631.0   r-P48 
  60720.84  22.971   22.86  22.764  6198.96     3631.0       r 
  60720.84  23.293  23.198  23.097  5182.42     3631.0    cyan 
  60720.84   23.58  23.479   23.38  4746.48     3631.0   g-P48 
  60720.84  23.621   23.52  23.419  4735.89     3631.0       g 
 60722.854  22.862  22.752  22.661  6629.82     3631.0  orange 
 60722.854  22.928   22.82  22.726  6366.38     3631.0   r-P48 
 60722.854  22.991  22.881  22.785  6198.96     3631.0       r 
 60722.854  23.313  23.218  23.117  5182.42     3631.0    cyan 
 60722.854    23.6  23.499    23.4  4746.48     3631.0   g-P48 
 60722.854  23.641   23.54  23.439  4735.89     3631.0       g 
 60724.868  22.882  22.772  22.681  6629.82     3631.0  orange 
 60724.868  22.949  22.841  22.746  6366.38     3631.0   r-P48 
 60724.868  23.011  22.901  22.806  6198.96     3631.0       r 
 60724.868  23.333  23.239  23.137  5182.42     3631.0    cyan 
 60724.868  23.621  23.519   23.42  4746.48     3631.0   g-P48 
 60724.868  23.661   23.56  23.459  4735.89     3631.0       g 
 60726.881  22.902  22.792  22.701  6629.82     3631.0  orange 
 60726.881  22.969  22.861  22.766  6366.38     3631.0   r-P48 
 60726.881  23.032  22.921  22.827  6198.96     3631.0       r 
 60726.881  23.354  23.259  23.157  5182.42     3631.0    cyan 
 60726.881  23.641  23.539   23.44  4746.48     3631.0   g-P48 
 60726.881  23.682   23.58  23.478  4735.89     3631.0       g 
 60728.895  22.922  22.812  22.721  6629.82     3631.0  orange 
 60728.895  22.989  22.881  22.787  6366.38     3631.0   r-P48 
 60728.895  23.052  22.941  22.847  6198.96     3631.0       r 
 60728.895  23.374  23.279  23.177  5182.42     3631.0    cyan 
 60728.895  23.661  23.559   23.46  4746.48     3631.0   g-P48 
 60728.895  23.702    23.6  23.498  4735.89     3631.0       g 
 60730.909  22.942  22.832  22.741  6629.82     3631.0  orange 
 60730.909  23.009  22.901  22.807  6366.38     3631.0   r-P48 
 60730.909  23.072  22.962  22.868  6198.96     3631.0       r 
 60730.909  23.395  23.299  23.197  5182.42     3631.0    cyan 
 60730.909  23.681  23.579   23.48  4746.48     3631.0   g-P48 
 60730.909  23.722  23.619  23.518  4735.89     3631.0       g 
 60732.922  22.962  22.851  22.761  6629.82     3631.0  orange 
 60732.922  23.029  22.921  22.827  6366.38     3631.0   r-P48 
 60732.922  23.091  22.982  22.887  6198.96     3631.0       r 
 60732.922  23.415  23.318  23.217  5182.42     3631.0    cyan 
 60732.922  23.701  23.599  23.499  4746.48     3631.0   g-P48 
 60732.922  23.742  23.639  23.537  4735.89     3631.0       g 
 60734.936  22.982  22.871  22.781  6629.82     3631.0  orange 
 60734.936  23.048   22.94  22.847  6366.38     3631.0   r-P48 
 60734.936  23.111  23.002  22.907  6198.96     3631.0       r 
 60734.936  23.435  23.338  23.236  5182.42     3631.0    cyan 
 60734.936  23.721  23.619  23.518  4746.48     3631.0   g-P48 
 60734.936  23.762  23.659  23.556  4735.89     3631.0       g 
  60736.95  23.002   22.89  22.801  6629.82     3631.0  orange 
  60736.95  23.068   22.96  22.866  6366.38     3631.0   r-P48 
  60736.95  23.131  23.022  22.926  6198.96     3631.0       r 
  60736.95  23.455  23.357  23.255  5182.42     3631.0    cyan 
  60736.95  23.741  23.639  23.538  4746.48     3631.0   g-P48 
  60736.95  23.782  23.679  23.576  4735.89     3631.0       g 
 60738.963  23.021   22.91  22.821  6629.82     3631.0  orange 
 60738.963  23.088  22.979  22.885  6366.38     3631.0   r-P48 
 60738.963  23.151  23.041  22.945  6198.96     3631.0       r 
 60738.963  23.475  23.377  23.275  5182.42     3631.0    cyan 
 60738.963  23.761  23.659  23.557  4746.48     3631.0   g-P48 
 60738.963  23.802  23.698  23.595  4735.89     3631.0       g 
 60740.977  23.041  22.929   22.84  6629.82     3631.0  orange 
 60740.977  23.107  22.998  22.904  6366.38     3631.0   r-P48 
 60740.977   23.17   23.06  22.964  6198.96     3631.0       r 
 60740.977  23.495  23.397  23.294  5182.42     3631.0    cyan 
 60740.977  23.781  23.678  23.576  4746.48     3631.0   g-P48 
 60740.977  23.821  23.718  23.614  4735.89     3631.0       g 
 60742.991   23.06  22.948  22.859  6629.82     3631.0  orange 
 60742.991  23.127  23.018  22.923  6366.38     3631.0   r-P48 
 60742.991   23.19   23.08  22.983  6198.96     3631.0       r 
 60742.991  23.515  23.416  23.313  5182.42     3631.0    cyan 
 60742.991  23.801  23.698  23.595  4746.48     3631.0   g-P48 
 60742.991  23.841  23.737  23.633  4735.89     3631.0       g 
 60745.004   23.08  22.967  22.878  6629.82     3631.0  orange 
 60745.004  23.146  23.037  22.942  6366.38     3631.0   r-P48 
 60745.004  23.209  23.099  23.002  6198.96     3631.0       r 
 60745.004  23.534  23.436  23.332  5182.42     3631.0    cyan 
 60745.004  23.821  23.717  23.614  4746.48     3631.0   g-P48 
 60745.004   23.86  23.757  23.652  4735.89     3631.0       g 
 60747.018  23.099  22.986  22.897  6629.82     3631.0  orange 
 60747.018  23.165  23.056  22.961  6366.38     3631.0   r-P48 
 60747.018  23.228  23.118  23.021  6198.96     3631.0       r 
 60747.018  23.554  23.455  23.351  5182.42     3631.0    cyan 
 60747.018   23.84  23.737  23.633  4746.48     3631.0   g-P48 
 60747.018  23.879  23.776  23.671  4735.89     3631.0       g 
 60749.032  23.118  23.005  22.916  6629.82     3631.0  orange 
 60749.032  23.184  23.075   22.98  6366.38     3631.0   r-P48 
 60749.032  23.247  23.137   23.04  6198.96     3631.0       r 
 60749.032  23.573  23.475  23.369  5182.42     3631.0    cyan 
 60749.032   23.86  23.756  23.652  4746.48     3631.0   g-P48 
 60749.032  23.899  23.795   23.69  4735.89     3631.0       g 
 60751.045  23.138  23.024  22.934  6629.82     3631.0  orange 
 60751.045  23.204  23.094  22.999  6366.38     3631.0   r-P48 
 60751.045  23.266  23.156  23.059  6198.96     3631.0       r 
 60751.045  23.593  23.494  23.388  5182.42     3631.0    cyan 
 60751.045  23.879  23.775   23.67  4746.48     3631.0   g-P48 
 60751.045  23.918  23.814  23.709  4735.89     3631.0       g 
 60753.059  23.157  23.043  22.953  6629.82     3631.0  orange 
 60753.059  23.223  23.112  23.017  6366.38     3631.0   r-P48 
 60753.059  23.285  23.175  23.078  6198.96     3631.0       r 
 60753.059  23.612  23.513  23.407  5182.42     3631.0    cyan 
 60753.059  23.898  23.794  23.689  4746.48     3631.0   g-P48 
 60753.059  23.937  23.833  23.727  4735.89     3631.0       g 
 60755.073  23.176  23.062  22.972  6629.82     3631.0  orange 
 60755.073  23.242  23.131  23.036  6366.38     3631.0   r-P48 
 60755.073  23.304  23.194  23.096  6198.96     3631.0       r 
 60755.073  23.631  23.532  23.425  5182.42     3631.0    cyan 
 60755.073  23.918  23.813  23.708  4746.48     3631.0   g-P48 
 60755.073  23.956  23.852  23.746  4735.89     3631.0       g 
 60757.086  23.194  23.081   22.99  6629.82     3631.0  orange 
 60757.086   23.26   23.15  23.054  6366.38     3631.0   r-P48 
 60757.086  23.323  23.212  23.115  6198.96     3631.0       r 
 60757.086   23.65  23.551  23.444  5182.42     3631.0    cyan 
 60757.086  23.937  23.832  23.726  4746.48     3631.0   g-P48 
 60757.086  23.975  23.871  23.765  4735.89     3631.0       g 
   60759.1  23.213  23.099  23.008  6629.82     3631.0  orange 
   60759.1  23.279  23.169  23.073  6366.38     3631.0   r-P48 
   60759.1  23.342  23.231  23.133  6198.96     3631.0       r 
   60759.1  23.668   23.57  23.462  5182.42     3631.0    cyan 
   60759.1  23.956   23.85  23.745  4746.48     3631.0   g-P48 
   60759.1  23.994   23.89  23.784  4735.89     3631.0       g 
 60761.114  23.232  23.118  23.027  6629.82     3631.0  orange 
 60761.114  23.298  23.187  23.091  6366.38     3631.0   r-P48 
 60761.114  23.361   23.25  23.152  6198.96     3631.0       r 
 60761.114  23.687  23.589   23.48  5182.42     3631.0    cyan 
 60761.114  23.975  23.869  23.763  4746.48     3631.0   g-P48 
 60761.114  24.013  23.908  23.802  4735.89     3631.0       g 
 60763.127  23.251  23.137  23.045  6629.82     3631.0  orange 
 60763.127  23.316  23.206  23.109  6366.38     3631.0   r-P48 
 60763.127  23.379  23.268   23.17  6198.96     3631.0       r 
 60763.127  23.706  23.608  23.499  5182.42     3631.0    cyan 
 60763.127  23.994  23.888  23.781  4746.48     3631.0   g-P48 
 60763.127  24.032  23.927  23.821  4735.89     3631.0       g 
 60765.141  23.269  23.155  23.063  6629.82     3631.0  orange 
 60765.141  23.335  23.224  23.128  6366.38     3631.0   r-P48 
 60765.141  23.398  23.286  23.188  6198.96     3631.0       r 
 60765.141  23.724  23.626  23.517  5182.42     3631.0    cyan 
 60765.141  24.013  23.906  23.799  4746.48     3631.0   g-P48 
 60765.141  24.051  23.946  23.839  4735.89     3631.0       g 
 60767.155  23.288  23.173  23.081  6629.82     3631.0  orange 
 60767.155  23.353  23.243  23.146  6366.38     3631.0   r-P48 
 60767.155  23.416  23.305  23.206  6198.96     3631.0       r 
 60767.155  23.743  23.644  23.535  5182.42     3631.0    cyan 
 60767.155  24.031  23.925  23.817  4746.48     3631.0   g-P48 
 60767.155   24.07  23.964  23.857  4735.89     3631.0       g 
 60769.168  23.306  23.192  23.099  6629.82     3631.0  orange 
 60769.168  23.372  23.261  23.164  6366.38     3631.0   r-P48 
 60769.168  23.435  23.323  23.224  6198.96     3631.0       r 
 60769.168  23.761  23.663  23.553  5182.42     3631.0    cyan 
 60769.168   24.05  23.943  23.835  4746.48     3631.0   g-P48 
 60769.168  24.089  23.982  23.875  4735.89     3631.0       g 
 60771.182  23.324   23.21  23.117  6629.82     3631.0  orange 
 60771.182   23.39  23.279  23.182  6366.38     3631.0   r-P48 
 60771.182  23.453  23.341  23.242  6198.96     3631.0       r 
 60771.182   23.78  23.681  23.571  5182.42     3631.0    cyan 
 60771.182  24.069  23.961  23.853  4746.48     3631.0   g-P48 
 60771.182  24.107  24.001  23.893  4735.89     3631.0       g 
 60773.196  23.343  23.228  23.135  6629.82     3631.0  orange 
 60773.196  23.408  23.297    23.2  6366.38     3631.0   r-P48 
 60773.196  23.471  23.359   23.26  6198.96     3631.0       r 
 60773.196  23.798  23.699  23.589  5182.42     3631.0    cyan 
 60773.196  24.087  23.979  23.871  4746.48     3631.0   g-P48 
 60773.196  24.126  24.019  23.911  4735.89     3631.0       g 
 60775.209  23.361  23.246  23.153  6629.82     3631.0  orange 
 60775.209  23.427  23.315  23.217  6366.38     3631.0   r-P48 
 60775.209  23.489  23.377  23.278  6198.96     3631.0       r 
 60775.209  23.816  23.717  23.606  5182.42     3631.0    cyan 
 60775.209  24.106  23.997  23.889  4746.48     3631.0   g-P48 
 60775.209  24.144  24.037  23.928  4735.89     3631.0       g 
 60777.223  23.379  23.264  23.171  6629.82     3631.0  orange 
 60777.223  23.445  23.333  23.235  6366.38     3631.0   r-P48 
 60777.223  23.507  23.395  23.296  6198.96     3631.0       r 
 60777.223  23.834  23.735  23.624  5182.42     3631.0    cyan 
 60777.223  24.124  24.015  23.907  4746.48     3631.0   g-P48 
 60777.223  24.163  24.055  23.946  4735.89     3631.0       g 
 60779.237  23.397  23.282  23.188  6629.82     3631.0  orange 
 60779.237  23.463  23.351  23.253  6366.38     3631.0   r-P48 
 60779.237  23.525  23.413  23.313  6198.96     3631.0       r 
 60779.237  23.852  23.753  23.642  5182.42     3631.0    cyan 
 60779.237  24.142  24.033  23.924  4746.48     3631.0   g-P48 
 60779.237  24.181  24.073  23.964  4735.89     3631.0       g 
  60781.25  23.415    23.3  23.206  6629.82     3631.0  orange 
  60781.25  23.481  23.369  23.271  6366.38     3631.0   r-P48 
  60781.25  23.543  23.431  23.331  6198.96     3631.0       r 
  60781.25   23.87  23.771  23.659  5182.42     3631.0    cyan 
  60781.25  24.161  24.051  23.942  4746.48     3631.0   g-P48 
  60781.25  24.199  24.091  23.981  4735.89     3631.0       g 
 60783.264  23.433  23.318  23.223  6629.82     3631.0  orange 
 60783.264  23.498  23.387  23.288  6366.38     3631.0   r-P48 
 60783.264  23.561  23.449  23.349  6198.96     3631.0       r 
 60783.264  23.888  23.788  23.677  5182.42     3631.0    cyan 
 60783.264  24.179  24.068   23.96  4746.48     3631.0   g-P48 
 60783.264  24.217  24.108  23.999  4735.89     3631.0       g 
 60785.278  23.451  23.336  23.241  6629.82     3631.0  orange 
 60785.278  23.516  23.404  23.306  6366.38     3631.0   r-P48 
 60785.278  23.579  23.466  23.366  6198.96     3631.0       r 
 60785.278  23.906  23.806  23.694  5182.42     3631.0    cyan 
 60785.278  24.197  24.086  23.977  4746.48     3631.0   g-P48 
 60785.278  24.235  24.126  24.016  4735.89     3631.0       g 
 60787.291  23.469  23.354  23.258  6629.82     3631.0  orange 
 60787.291  23.534  23.422  23.323  6366.38     3631.0   r-P48 
 60787.291  23.597  23.484  23.383  6198.96     3631.0       r 
 60787.291  23.924  23.823  23.712  5182.42     3631.0    cyan 
 60787.291  24.214  24.104  23.995  4746.48     3631.0   g-P48 
 60787.291  24.253  24.144  24.034  4735.89     3631.0       g 
 60789.305  23.486  23.371  23.276  6629.82     3631.0  orange 
 60789.305  23.552   23.44   23.34  6366.38     3631.0   r-P48 
 60789.305  23.614  23.501  23.401  6198.96     3631.0       r 
 60789.305  23.942  23.841  23.729  5182.42     3631.0    cyan 
 60789.305  24.232  24.121  24.012  4746.48     3631.0   g-P48 
 60789.305  24.271  24.161  24.051  4735.89     3631.0       g 
 60791.318  23.504  23.389  23.293  6629.82     3631.0  orange 
 60791.318   23.57  23.458  23.358  6366.38     3631.0   r-P48 
 60791.318  23.632  23.519  23.418  6198.96     3631.0       r 
 60791.318   23.96  23.858  23.746  5182.42     3631.0    cyan 
 60791.318   24.25  24.139  24.029  4746.48     3631.0   g-P48 
 60791.318  24.289  24.179  24.068  4735.89     3631.0       g 
 60793.332  23.521  23.406   23.31  6629.82     3631.0  orange 
 60793.332  23.588  23.475  23.375  6366.38     3631.0   r-P48 
 60793.332  23.649  23.536  23.435  6198.96     3631.0       r 
 60793.332  23.977  23.876  23.763  5182.42     3631.0    cyan 
 60793.332  24.267  24.156  24.047  4746.48     3631.0   g-P48 
 60793.332  24.307  24.196  24.085  4735.89     3631.0       g 
 60795.346  23.539  23.423  23.327  6629.82     3631.0  orange 
 60795.346  23.606  23.493  23.392  6366.38     3631.0   r-P48 
 60795.346  23.667  23.554  23.453  6198.96     3631.0       r 
 60795.346  23.995  23.893  23.781  5182.42     3631.0    cyan 
 60795.346  24.285  24.173  24.064  4746.48     3631.0   g-P48 
 60795.346  24.325  24.213  24.103  4735.89     3631.0       g 
 60797.359  23.556  23.441  23.344  6629.82     3631.0  orange 
 60797.359  23.623   23.51  23.409  6366.38     3631.0   r-P48 
 60797.359  23.684  23.571   23.47  6198.96     3631.0       r 
 60797.359  24.012   23.91  23.798  5182.42     3631.0    cyan 
 60797.359  24.302  24.191  24.081  4746.48     3631.0   g-P48 
 60797.359  24.342  24.231   24.12  4735.89     3631.0       g 
 60799.373  23.574  23.458  23.361  6629.82     3631.0  orange 
 60799.373  23.641  23.528  23.426  6366.38     3631.0   r-P48 
 60799.373  23.702  23.588  23.487  6198.96     3631.0       r 
 60799.373   24.03  23.927  23.815  5182.42     3631.0    cyan 
 60799.373   24.32  24.208  24.098  4746.48     3631.0   g-P48 
 60799.373   24.36  24.248  24.137  4735.89     3631.0       g 
 60801.387  23.591  23.475  23.378  6629.82     3631.0  orange 
 60801.387  23.658  23.545  23.443  6366.38     3631.0   r-P48 
 60801.387  23.719  23.605  23.504  6198.96     3631.0       r 
 60801.387  24.047  23.945  23.832  5182.42     3631.0    cyan 
 60801.387  24.337  24.225  24.115  4746.48     3631.0   g-P48 
 60801.387  24.377  24.265  24.154  4735.89     3631.0       g 
   60803.4  23.608  23.492  23.395  6629.82     3631.0  orange 
   60803.4  23.676  23.562   23.46  6366.38     3631.0   r-P48 
   60803.4  23.737  23.622  23.521  6198.96     3631.0       r 
   60803.4  24.064  23.962  23.849  5182.42     3631.0    cyan 
   60803.4  24.354  24.242  24.132  4746.48     3631.0   g-P48 
   60803.4  24.395  24.282  24.171  4735.89     3631.0       g 
 60805.414  23.625  23.509  23.412  6629.82     3631.0  orange 
 60805.414  23.693  23.579  23.477  6366.38     3631.0   r-P48 
 60805.414  23.754  23.639  23.538  6198.96     3631.0       r 
 60805.414  24.081  23.979  23.866  5182.42     3631.0    cyan 
 60805.414  24.372  24.259  24.148  4746.48     3631.0   g-P48 
 60805.414  24.412  24.299  24.187  4735.89     3631.0       g 
 60807.428  23.643  23.525  23.429  6629.82     3631.0  orange 
 60807.428  23.711  23.597  23.494  6366.38     3631.0   r-P48 
 60807.428  23.771  23.656  23.555  6198.96     3631.0       r 
 60807.428  24.098  23.996  23.882  5182.42     3631.0    cyan 
 60807.428  24.389  24.276  24.165  4746.48     3631.0   g-P48 
 60807.428  24.429  24.316  24.204  4735.89     3631.0       g 
 60809.441   23.66  23.542  23.445  6629.82     3631.0  orange 
 60809.441  23.728  23.614  23.511  6366.38     3631.0   r-P48 
 60809.441  23.788  23.673  23.572  6198.96     3631.0       r 
 60809.441  24.115  24.012  23.899  5182.42     3631.0    cyan 
 60809.441  24.406  24.293  24.182  4746.48     3631.0   g-P48 
 60809.441  24.447  24.333  24.221  4735.89     3631.0       g 
 60811.455  23.677  23.559  23.462  6629.82     3631.0  orange 
 60811.455  23.745  23.631  23.528  6366.38     3631.0   r-P48 
 60811.455  23.806   23.69  23.589  6198.96     3631.0       r 
 60811.455  24.132  24.029  23.916  5182.42     3631.0    cyan 
 60811.455  24.423   24.31  24.199  4746.48     3631.0   g-P48 
 60811.455  24.464   24.35  24.238  4735.89     3631.0       g 
 60813.469  23.694  23.576  23.479  6629.82     3631.0  orange 
 60813.469  23.762  23.648  23.544  6366.38     3631.0   r-P48 
 60813.469  23.823  23.707  23.606  6198.96     3631.0       r 
 60813.469  24.149  24.046  23.933  5182.42     3631.0    cyan 
 60813.469   24.44  24.327  24.215  4746.48     3631.0   g-P48 
 60813.469  24.481  24.367  24.254  4735.89     3631.0       g 
 60815.482  23.711  23.592  23.495  6629.82     3631.0  orange 
 60815.482  23.779  23.664  23.561  6366.38     3631.0   r-P48 
 60815.482  23.839  23.724  23.622  6198.96     3631.0       r 
 60815.482  24.166  24.062   23.95  5182.42     3631.0    cyan 
 60815.482  24.457  24.343  24.232  4746.48     3631.0   g-P48 
 60815.482  24.498  24.383  24.271  4735.89     3631.0       g 
 60817.496  23.728  23.609  23.512  6629.82     3631.0  orange 
 60817.496  23.796  23.681  23.578  6366.38     3631.0   r-P48 
 60817.496  23.856   23.74  23.639  6198.96     3631.0       r 
 60817.496  24.183  24.079  23.966  5182.42     3631.0    cyan 
 60817.496  24.473   24.36  24.248  4746.48     3631.0   g-P48 
 60817.496  24.515    24.4  24.287  4735.89     3631.0       g 
  60819.51  23.745  23.625  23.528  6629.82     3631.0  orange 
  60819.51  23.813  23.698  23.594  6366.38     3631.0   r-P48 
  60819.51  23.873  23.757  23.655  6198.96     3631.0       r 
  60819.51    24.2  24.096  23.983  5182.42     3631.0    cyan 
  60819.51   24.49  24.377  24.265  4746.48     3631.0   g-P48 
  60819.51  24.532  24.417  24.304  4735.89     3631.0       g 
 60821.523  23.762  23.642  23.544  6629.82     3631.0  orange 
 60821.523   23.83  23.714  23.611  6366.38     3631.0   r-P48 
 60821.523   23.89  23.773  23.671  6198.96     3631.0       r 
 60821.523  24.217  24.112  23.999  5182.42     3631.0    cyan 
 60821.523  24.507  24.393  24.281  4746.48     3631.0   g-P48 
 60821.523  24.548  24.433   24.32  4735.89     3631.0       g 
 60823.537  23.779  23.658  23.561  6629.82     3631.0  orange 
 60823.537  23.847  23.731  23.627  6366.38     3631.0   r-P48 
 60823.537  23.906   23.79  23.688  6198.96     3631.0       r 
 60823.537  24.233  24.128  24.016  5182.42     3631.0    cyan 
 60823.537  24.523  24.409  24.297  4746.48     3631.0   g-P48 
 60823.537  24.565   24.45  24.336  4735.89     3631.0       g 
 60825.551  23.796  23.674  23.577  6629.82     3631.0  orange 
 60825.551  23.863  23.747  23.644  6366.38     3631.0   r-P48 
 60825.551  23.923  23.806  23.704  6198.96     3631.0       r 
 60825.551   24.25  24.145  24.032  5182.42     3631.0    cyan 
 60825.551   24.54  24.426  24.314  4746.48     3631.0   g-P48 
 60825.551  24.582  24.466  24.352  4735.89     3631.0       g 
 60827.564  23.812   23.69  23.593  6629.82     3631.0  orange 
 60827.564   23.88  23.763   23.66  6366.38     3631.0   r-P48 
 60827.564  23.939  23.823   23.72  6198.96     3631.0       r 
 60827.564  24.267  24.161  24.048  5182.42     3631.0    cyan 
 60827.564  24.557  24.442   24.33  4746.48     3631.0   g-P48 
 60827.564  24.598  24.482  24.369  4735.89     3631.0       g 
 60829.578  23.829  23.707  23.609  6629.82     3631.0  orange 
 60829.578  23.897   23.78  23.676  6366.38     3631.0   r-P48 
 60829.578  23.955  23.839  23.736  6198.96     3631.0       r 
 60829.578  24.283  24.177  24.064  5182.42     3631.0    cyan 
 60829.578  24.573  24.458  24.346  4746.48     3631.0   g-P48 
 60829.578  24.614  24.499  24.385  4735.89     3631.0       g 
 60831.592  23.845  23.723  23.625  6629.82     3631.0  orange 
 60831.592  23.913  23.796  23.692  6366.38     3631.0   r-P48 
 60831.592  23.972  23.855  23.752  6198.96     3631.0       r 
 60831.592    24.3  24.193   24.08  5182.42     3631.0    cyan 
 60831.592  24.589  24.475  24.362  4746.48     3631.0   g-P48 
 60831.592  24.631  24.515  24.401  4735.89     3631.0       g 
 60833.605  23.862  23.739  23.641  6629.82     3631.0  orange 
 60833.605  23.929  23.812  23.708  6366.38     3631.0   r-P48 
 60833.605  23.988  23.871  23.768  6198.96     3631.0       r 
 60833.605  24.316   24.21  24.096  5182.42     3631.0    cyan 
 60833.605  24.606  24.491  24.378  4746.48     3631.0   g-P48 
 60833.605  24.647  24.531  24.417  4735.89     3631.0       g 
 60835.619  23.878  23.755  23.657  6629.82     3631.0  orange 
 60835.619  23.946  23.828  23.724  6366.38     3631.0   r-P48 
 60835.619  24.004  23.887  23.784  6198.96     3631.0       r 
 60835.619  24.332  24.226  24.112  5182.42     3631.0    cyan 
 60835.619  24.622  24.507  24.394  4746.48     3631.0   g-P48 
 60835.619  24.663  24.547  24.433  4735.89     3631.0       g 
 60837.633  23.895  23.771  23.673  6629.82     3631.0  orange 
 60837.633  23.962  23.844   23.74  6366.38     3631.0   r-P48 
 60837.633   24.02  23.903    23.8  6198.96     3631.0       r 
 60837.633  24.348  24.242  24.128  5182.42     3631.0    cyan 
 60837.633  24.638  24.523   24.41  4746.48     3631.0   g-P48 
 60837.633   24.68  24.563  24.449  4735.89     3631.0       g 
 60839.646  23.911  23.787  23.689  6629.82     3631.0  orange 
 60839.646  23.978   23.86  23.755  6366.38     3631.0   r-P48 
 60839.646  24.036  23.919  23.816  6198.96     3631.0       r 
 60839.646  24.364  24.257  24.144  5182.42     3631.0    cyan 
 60839.646  24.654  24.539  24.426  4746.48     3631.0   g-P48 
 60839.646  24.696  24.579  24.464  4735.89     3631.0       g 
  60841.66  23.927  23.802  23.704  6629.82     3631.0  orange 
  60841.66  23.994  23.876  23.771  6366.38     3631.0   r-P48 
  60841.66  24.052  23.935  23.831  6198.96     3631.0       r 
  60841.66   24.38  24.273  24.159  5182.42     3631.0    cyan 
  60841.66   24.67  24.555  24.441  4746.48     3631.0   g-P48 
  60841.66  24.712  24.595   24.48  4735.89     3631.0       g 
 60843.674  23.943  23.818   23.72  6629.82     3631.0  orange 
 60843.674   24.01  23.892  23.787  6366.38     3631.0   r-P48 
 60843.674  24.068  23.951  23.847  6198.96     3631.0       r 
 60843.674  24.396  24.289  24.175  5182.42     3631.0    cyan 
 60843.674  24.686  24.571  24.457  4746.48     3631.0   g-P48 
 60843.674  24.728  24.611  24.496  4735.89     3631.0       g 
 60845.687   23.96  23.834  23.736  6629.82     3631.0  orange 
 60845.687  24.025  23.908  23.802  6366.38     3631.0   r-P48 
 60845.687  24.084  23.967  23.863  6198.96     3631.0       r 
 60845.687  24.412  24.305  24.191  5182.42     3631.0    cyan 
 60845.687  24.702  24.586  24.473  4746.48     3631.0   g-P48 
 60845.687  24.744  24.627  24.512  4735.89     3631.0       g 
 60847.701  23.976   23.85  23.751  6629.82     3631.0  orange 
 60847.701  24.041  23.923  23.818  6366.38     3631.0   r-P48 
 60847.701    24.1  23.983  23.878  6198.96     3631.0       r 
 60847.701  24.428  24.321  24.206  5182.42     3631.0    cyan 
 60847.701  24.718  24.602  24.488  4746.48     3631.0   g-P48 
 60847.701   24.76  24.642  24.527  4735.89     3631.0       g 
 60849.715  23.992  23.865  23.767  6629.82     3631.0  orange 
 60849.715  24.057  23.939  23.834  6366.38     3631.0   r-P48 
 60849.715  24.115  23.998  23.894  6198.96     3631.0       r 
 60849.715  24.444  24.336  24.222  5182.42     3631.0    cyan 
 60849.715  24.734  24.618  24.504  4746.48     3631.0   g-P48 
 60849.715  24.775  24.658  24.543  4735.89     3631.0       g 
 60851.728  24.008  23.881  23.783  6629.82     3631.0  orange 
 60851.728  24.073  23.954  23.849  6366.38     3631.0   r-P48 
 60851.728  24.131  24.014  23.909  6198.96     3631.0       r 
 60851.728   24.46  24.352  24.237  5182.42     3631.0    cyan 
 60851.728   24.75  24.633  24.519  4746.48     3631.0   g-P48 
 60851.728  24.791  24.674  24.558  4735.89     3631.0       g 
 60853.742  24.023  23.896  23.798  6629.82     3631.0  orange 
 60853.742  24.088   23.97  23.864  6366.38     3631.0   r-P48 
 60853.742  24.147   24.03  23.925  6198.96     3631.0       r 
 60853.742  24.476  24.368  24.253  5182.42     3631.0    cyan 
 60853.742  24.765  24.649  24.535  4746.48     3631.0   g-P48 
 60853.742  24.807  24.689  24.574  4735.89     3631.0       g 
 60855.756  24.039  23.912  23.814  6629.82     3631.0  orange 
 60855.756  24.104  23.985   23.88  6366.38     3631.0   r-P48 
 60855.756  24.162  24.045   23.94  6198.96     3631.0       r 
 60855.756  24.491  24.383  24.268  5182.42     3631.0    cyan 
 60855.756  24.781  24.665   24.55  4746.48     3631.0   g-P48 
 60855.756  24.823  24.705  24.589  4735.89     3631.0       g 
 60857.769  24.055  23.927  23.829  6629.82     3631.0  orange 
 60857.769  24.119  24.001  23.895  6366.38     3631.0   r-P48 
 60857.769  24.178  24.061  23.955  6198.96     3631.0       r 
 60857.769  24.507  24.399  24.284  5182.42     3631.0    cyan 
 60857.769  24.797   24.68  24.566  4746.48     3631.0   g-P48 
 60857.769  24.838   24.72  24.604  4735.89     3631.0       g 
 60859.783  24.071  23.942  23.845  6629.82     3631.0  orange 
 60859.783  24.135  24.016   23.91  6366.38     3631.0   r-P48 
 60859.783  24.193  24.076  23.971  6198.96     3631.0       r 
 60859.783  24.522  24.415  24.299  5182.42     3631.0    cyan 
 60859.783  24.812  24.695  24.581  4746.48     3631.0   g-P48 
 60859.783  24.854  24.736   24.62  4735.89     3631.0       g 
 60861.797  24.086  23.958   23.86  6629.82     3631.0  orange 
 60861.797   24.15  24.031  23.926  6366.38     3631.0   r-P48 
 60861.797  24.209  24.091  23.986  6198.96     3631.0       r 
 60861.797  24.538   24.43  24.314  5182.42     3631.0    cyan 
 60861.797  24.828  24.711  24.596  4746.48     3631.0   g-P48 
 60861.797  24.869  24.751  24.635  4735.89     3631.0       g 
  60863.81  24.101  23.973  23.875  6629.82     3631.0  orange 
  60863.81  24.166  24.046  23.941  6366.38     3631.0   r-P48 
  60863.81  24.224  24.107  24.001  6198.96     3631.0       r 
  60863.81  24.553  24.445  24.329  5182.42     3631.0    cyan 
  60863.81  24.843  24.726  24.611  4746.48     3631.0   g-P48 
  60863.81  24.885  24.766   24.65  4735.89     3631.0       g 
 60865.824  24.117  23.988  23.891  6629.82     3631.0  orange 
 60865.824  24.181  24.062  23.956  6366.38     3631.0   r-P48 
 60865.824  24.239  24.122  24.016  6198.96     3631.0       r 
 60865.824  24.569  24.461  24.344  5182.42     3631.0    cyan 
 60865.824  24.859  24.741  24.626  4746.48     3631.0   g-P48 
 60865.824    24.9  24.781  24.665  4735.89     3631.0       g 
 60867.838  24.132  24.003  23.906  6629.82     3631.0  orange 
 60867.838  24.196  24.077  23.971  6366.38     3631.0   r-P48 
 60867.838  24.255  24.137  24.031  6198.96     3631.0       r 
 60867.838  24.584  24.476  24.359  5182.42     3631.0    cyan 
 60867.838  24.874  24.757  24.641  4746.48     3631.0   g-P48 
 60867.838  24.915  24.797   24.68  4735.89     3631.0       g 
 60869.851  24.147  24.018  23.921  6629.82     3631.0  orange 
 60869.851  24.211  24.092  23.986  6366.38     3631.0   r-P48 
 60869.851   24.27  24.152  24.046  6198.96     3631.0       r 
 60869.851  24.599  24.491  24.374  5182.42     3631.0    cyan 
 60869.851  24.889  24.772  24.656  4746.48     3631.0   g-P48 
 60869.851  24.931  24.812  24.695  4735.89     3631.0       g 
 60871.865  24.162  24.033  23.936  6629.82     3631.0  orange 
 60871.865  24.226  24.107  24.001  6366.38     3631.0   r-P48 
 60871.865  24.285  24.168  24.061  6198.96     3631.0       r 
 60871.865  24.614  24.507  24.389  5182.42     3631.0    cyan 
 60871.865  24.904  24.787  24.671  4746.48     3631.0   g-P48 
 60871.865  24.946  24.827   24.71  4735.89     3631.0       g 
 60873.879  24.177  24.048  23.951  6629.82     3631.0  orange 
 60873.879  24.242  24.122  24.016  6366.38     3631.0   r-P48 
 60873.879    24.3  24.183  24.076  6198.96     3631.0       r 
 60873.879   24.63  24.522  24.404  5182.42     3631.0    cyan 
 60873.879   24.92  24.802  24.686  4746.48     3631.0   g-P48 
 60873.879  24.961  24.842  24.725  4735.89     3631.0       g 
 60875.892  24.192  24.063  23.966  6629.82     3631.0  orange 
 60875.892  24.257  24.137  24.031  6366.38     3631.0   r-P48 
 60875.892  24.315  24.198  24.091  6198.96     3631.0       r 
 60875.892  24.645  24.537  24.419  5182.42     3631.0    cyan 
 60875.892  24.935  24.818  24.701  4746.48     3631.0   g-P48 
 60875.892  24.976  24.857  24.739  4735.89     3631.0       g 
 60877.906  24.207  24.078  23.981  6629.82     3631.0  orange 
 60877.906  24.272  24.151  24.046  6366.38     3631.0   r-P48 
 60877.906   24.33  24.213  24.106  6198.96     3631.0       r 
 60877.906   24.66  24.552  24.433  5182.42     3631.0    cyan 
 60877.906   24.95  24.833  24.715  4746.48     3631.0   g-P48 
 60877.906  24.991  24.873  24.754  4735.89     3631.0       g 
  60879.92  24.222  24.093  23.995  6629.82     3631.0  orange 
  60879.92  24.287  24.166   24.06  6366.38     3631.0   r-P48 
  60879.92  24.345  24.228  24.121  6198.96     3631.0       r 
  60879.92  24.675  24.567  24.448  5182.42     3631.0    cyan 
  60879.92  24.965  24.848   24.73  4746.48     3631.0   g-P48 
  60879.92  25.006  24.888  24.769  4735.89     3631.0       g 
 60881.933  24.237  24.107   24.01  6629.82     3631.0  orange 
 60881.933  24.301  24.181  24.075  6366.38     3631.0   r-P48 
 60881.933   24.36  24.242  24.135  6198.96     3631.0       r 
 60881.933   24.69  24.582  24.463  5182.42     3631.0    cyan 
 60881.933   24.98  24.864  24.745  4746.48     3631.0   g-P48 
 60881.933  25.021  24.903  24.784  4735.89     3631.0       g 
 60883.947  24.252  24.122  24.025  6629.82     3631.0  orange 
 60883.947  24.316  24.196   24.09  6366.38     3631.0   r-P48 
 60883.947  24.375  24.257   24.15  6198.96     3631.0       r 
 60883.947  24.705  24.597  24.477  5182.42     3631.0    cyan 
 60883.947  24.995  24.879  24.759  4746.48     3631.0   g-P48 
 60883.947  25.036  24.918  24.798  4735.89     3631.0       g 
 60885.961  24.267  24.137  24.039  6629.82     3631.0  orange 
 60885.961  24.331   24.21  24.104  6366.38     3631.0   r-P48 
 60885.961   24.39  24.272  24.165  6198.96     3631.0       r 
 60885.961  24.719  24.611  24.492  5182.42     3631.0    cyan 
 60885.961   25.01  24.894  24.774  4746.48     3631.0   g-P48 
 60885.961  25.051  24.932  24.813  4735.89     3631.0       g 
 60887.974  24.281  24.151  24.054  6629.82     3631.0  orange 
 60887.974  24.346  24.225  24.119  6366.38     3631.0   r-P48 
 60887.974  24.404  24.287  24.179  6198.96     3631.0       r 
 60887.974  24.734  24.626  24.506  5182.42     3631.0    cyan 
 60887.974  25.024  24.908  24.788  4746.48     3631.0   g-P48 
 60887.974  25.066  24.947  24.827  4735.89     3631.0       g 
 60889.988  24.296  24.166  24.068  6629.82     3631.0  orange 
 60889.988   24.36   24.24  24.133  6366.38     3631.0   r-P48 
 60889.988  24.419  24.301  24.194  6198.96     3631.0       r 
 60889.988  24.749  24.641  24.521  5182.42     3631.0    cyan 
 60889.988  25.039  24.923  24.803  4746.48     3631.0   g-P48 
 60889.988  25.081  24.962  24.842  4735.89     3631.0       g 
 60892.002  24.311  24.181  24.083  6629.82     3631.0  orange 
 60892.002  24.375  24.254  24.148  6366.38     3631.0   r-P48 
 60892.002  24.434  24.316  24.208  6198.96     3631.0       r 
 60892.002  24.764  24.655  24.535  5182.42     3631.0    cyan 
 60892.002  25.054  24.937  24.817  4746.48     3631.0   g-P48 
 60892.002  25.095  24.976  24.856  4735.89     3631.0       g 
 60894.015  24.325  24.195  24.097  6629.82     3631.0  orange 
 60894.015   24.39  24.269  24.162  6366.38     3631.0   r-P48 
 60894.015  24.448  24.331  24.223  6198.96     3631.0       r 
 60894.015  24.778   24.67   24.55  5182.42     3631.0    cyan 
 60894.015  25.068  24.952  24.832  4746.48     3631.0   g-P48 
 60894.015   25.11  24.991   24.87  4735.89     3631.0       g 
 60896.029   24.34   24.21  24.112  6629.82     3631.0  orange 
 60896.029  24.404  24.283  24.177  6366.38     3631.0   r-P48 
 60896.029  24.463  24.345  24.237  6198.96     3631.0       r 
 60896.029  24.793  24.684  24.564  5182.42     3631.0    cyan 
 60896.029  25.083  24.966  24.846  4746.48     3631.0   g-P48 
 60896.029  25.125  25.005  24.885  4735.89     3631.0       g 
 60898.042  24.354  24.224  24.126  6629.82     3631.0  orange 
 60898.042  24.419  24.297  24.191  6366.38     3631.0   r-P48 
 60898.042  24.477   24.36  24.251  6198.96     3631.0       r 
 60898.042  24.808  24.699  24.579  5182.42     3631.0    cyan 
 60898.042  25.097  24.981   24.86  4746.48     3631.0   g-P48 
 60898.042  25.139   25.02  24.899  4735.89     3631.0       g 
 60900.056  24.369  24.239   24.14  6629.82     3631.0  orange 
 60900.056  24.433  24.312  24.205  6366.38     3631.0   r-P48 
 60900.056  24.492  24.374  24.266  6198.96     3631.0       r 
 60900.056  24.822  24.713  24.593  5182.42     3631.0    cyan 
 60900.056  25.112  24.995  24.874  4746.48     3631.0   g-P48 
 60900.056  25.154  25.034  24.913  4735.89     3631.0       g 
  60902.07  24.383  24.254  24.154  6629.82     3631.0  orange 
  60902.07  24.448  24.326   24.22  6366.38     3631.0   r-P48 
  60902.07  24.506  24.388   24.28  6198.96     3631.0       r 
  60902.07  24.837  24.728  24.607  5182.42     3631.0    cyan 
  60902.07  25.126   25.01  24.889  4746.48     3631.0   g-P48 
  60902.07  25.168  25.048  24.927  4735.89     3631.0       g 
 60904.083  24.397  24.269  24.168  6629.82     3631.0  orange 
 60904.083  24.462  24.341  24.234  6366.38     3631.0   r-P48 
 60904.083   24.52  24.403  24.294  6198.96     3631.0       r 
 60904.083  24.851  24.742  24.621  5182.42     3631.0    cyan 
 60904.083  25.141  25.024  24.903  4746.48     3631.0   g-P48 
 60904.083  25.183  25.063  24.941  4735.89     3631.0       g 
 60906.097  24.412  24.283  24.183  6629.82     3631.0  orange 
 60906.097  24.476  24.355  24.248  6366.38     3631.0   r-P48 
 60906.097  24.535  24.418  24.308  6198.96     3631.0       r 
 60906.097  24.865  24.757  24.635  5182.42     3631.0    cyan 
 60906.097  25.155  25.038  24.917  4746.48     3631.0   g-P48 
 60906.097  25.197  25.077  24.955  4735.89     3631.0       g 
 60908.111  24.426  24.298  24.197  6629.82     3631.0  orange 
 60908.111   24.49   24.37  24.262  6366.38     3631.0   r-P48 
 60908.111  24.549  24.432  24.322  6198.96     3631.0       r 
 60908.111   24.88  24.771  24.649  5182.42     3631.0    cyan 
 60908.111  25.169  25.053  24.931  4746.48     3631.0   g-P48 
 60908.111  25.211  25.091   24.97  4735.89     3631.0       g 
 60910.124   24.44  24.312  24.211  6629.82     3631.0  orange 
 60910.124  24.505  24.384  24.276  6366.38     3631.0   r-P48 
 60910.124  24.563  24.447  24.336  6198.96     3631.0       r 
 60910.124  24.894  24.786  24.663  5182.42     3631.0    cyan 
 60910.124  25.184  25.067  24.945  4746.48     3631.0   g-P48 
 60910.124  25.226  25.105  24.983  4735.89     3631.0       g 
 60912.138  24.454  24.326  24.225  6629.82     3631.0  orange 
 60912.138  24.519  24.399   24.29  6366.38     3631.0   r-P48 
 60912.138  24.577  24.461   24.35  6198.96     3631.0       r 
 60912.138  24.908    24.8  24.677  5182.42     3631.0    cyan 
 60912.138  25.198  25.081  24.959  4746.48     3631.0   g-P48 
 60912.138   25.24   25.12  24.997  4735.89     3631.0       g 
 60914.152  24.468   24.34  24.239  6629.82     3631.0  orange 
 60914.152  24.533  24.413  24.304  6366.38     3631.0   r-P48 
 60914.152  24.591  24.475  24.364  6198.96     3631.0       r 
 60914.152  24.922  24.815  24.691  5182.42     3631.0    cyan 
 60914.152  25.212  25.095  24.973  4746.48     3631.0   g-P48 
 60914.152  25.254  25.134  25.011  4735.89     3631.0       g 
 60916.165  24.482  24.354  24.252  6629.82     3631.0  orange 
 60916.165  24.547  24.428  24.318  6366.38     3631.0   r-P48 
 60916.165  24.605  24.489  24.378  6198.96     3631.0       r 
 60916.165  24.936  24.829  24.705  5182.42     3631.0    cyan 
 60916.165  25.226  25.109  24.986  4746.48     3631.0   g-P48 
 60916.165  25.268  25.148  25.025  4735.89     3631.0       g 
 60918.179  24.496  24.368  24.266  6629.82     3631.0  orange 
 60918.179  24.561  24.442  24.332  6366.38     3631.0   r-P48 
 60918.179   24.62  24.503  24.392  6198.96     3631.0       r 
 60918.179  24.951  24.844  24.719  5182.42     3631.0    cyan 
 60918.179   25.24  25.123    25.0  4746.48     3631.0   g-P48 
 60918.179  25.282  25.162  25.039  4735.89     3631.0       g 
 60920.193   24.51  24.382   24.28  6629.82     3631.0  orange 
 60920.193  24.575  24.456  24.346  6366.38     3631.0   r-P48 
 60920.193  24.633  24.517  24.406  6198.96     3631.0       r 
 60920.193  24.965  24.858  24.733  5182.42     3631.0    cyan 
 60920.193  25.254  25.137  25.014  4746.48     3631.0   g-P48 
 60920.193  25.296  25.176  25.053  4735.89     3631.0       g 
 60922.206  24.524  24.396  24.294  6629.82     3631.0  orange 
 60922.206  24.589   24.47  24.359  6366.38     3631.0   r-P48 
 60922.206  24.647  24.531   24.42  6198.96     3631.0       r 
 60922.206  24.979  24.872  24.747  5182.42     3631.0    cyan 
 60922.206  25.268  25.151  25.028  4746.48     3631.0   g-P48 
 60922.206   25.31   25.19  25.066  4735.89     3631.0       g 
  60924.22  24.538   24.41  24.307  6629.82     3631.0  orange 
  60924.22  24.603  24.484  24.373  6366.38     3631.0   r-P48 
  60924.22  24.661  24.545  24.433  6198.96     3631.0       r 
  60924.22  24.993  24.885  24.761  5182.42     3631.0    cyan 
  60924.22  25.282  25.165  25.041  4746.48     3631.0   g-P48 
  60924.22  25.324  25.204   25.08  4735.89     3631.0       g 
 60926.234  24.552  24.424  24.321  6629.82     3631.0  orange 
 60926.234  24.617  24.498  24.387  6366.38     3631.0   r-P48 
 60926.234  24.675  24.558  24.447  6198.96     3631.0       r 
 60926.234  25.006  24.899  24.775  5182.42     3631.0    cyan 
 60926.234  25.296  25.179  25.055  4746.48     3631.0   g-P48 
 60926.234  25.338  25.218  25.094  4735.89     3631.0       g 
 60928.247  24.566  24.438  24.335  6629.82     3631.0  orange 
 60928.247   24.63  24.511  24.401  6366.38     3631.0   r-P48 
 60928.247  24.689  24.572  24.461  6198.96     3631.0       r 
 60928.247   25.02  24.913  24.788  5182.42     3631.0    cyan 
 60928.247   25.31  25.193  25.069  4746.48     3631.0   g-P48 
 60928.247  25.352  25.232  25.107  4735.89     3631.0       g 
 60930.261   24.58  24.451  24.348  6629.82     3631.0  orange 
 60930.261  24.644  24.525  24.414  6366.38     3631.0   r-P48 
 60930.261  24.703  24.586  24.474  6198.96     3631.0       r 
 60930.261  25.034  24.927  24.802  5182.42     3631.0    cyan 
 60930.261  25.324  25.207  25.082  4746.48     3631.0   g-P48 
 60930.261  25.366  25.245  25.121  4735.89     3631.0       g 
 60932.275  24.593  24.465  24.362  6629.82     3631.0  orange 
 60932.275  24.658  24.539  24.428  6366.38     3631.0   r-P48 
 60932.275  24.716    24.6  24.488  6198.96     3631.0       r 
 60932.275  25.048  24.941  24.815  5182.42     3631.0    cyan 
 60932.275  25.337  25.221  25.096  4746.48     3631.0   g-P48 
 60932.275   25.38  25.259  25.134  4735.89     3631.0       g 
 60934.288  24.607  24.478  24.375  6629.82     3631.0  orange 
 60934.288  24.672  24.552  24.441  6366.38     3631.0   r-P48 
 60934.288   24.73  24.614  24.501  6198.96     3631.0       r 
 60934.288  25.062  24.954  24.829  5182.42     3631.0    cyan 
 60934.288  25.351  25.234  25.109  4746.48     3631.0   g-P48 
 60934.288  25.393  25.273  25.148  4735.89     3631.0       g 
 60936.302  24.621  24.492  24.389  6629.82     3631.0  orange 
 60936.302  24.685  24.566  24.455  6366.38     3631.0   r-P48 
 60936.302  24.744  24.627  24.515  6198.96     3631.0       r 
 60936.302  25.076  24.968  24.843  5182.42     3631.0    cyan 
 60936.302  25.365  25.248  25.123  4746.48     3631.0   g-P48 
 60936.302  25.407  25.287  25.161  4735.89     3631.0       g 
 60938.316  24.634  24.506  24.402  6629.82     3631.0  orange 
 60938.316  24.699  24.579  24.468  6366.38     3631.0   r-P48 
 60938.316  24.757  24.641  24.528  6198.96     3631.0       r 
 60938.316  25.089  24.982  24.856  5182.42     3631.0    cyan 
 60938.316  25.378  25.262  25.136  4746.48     3631.0   g-P48 
 60938.316  25.421    25.3  25.175  4735.89     3631.0       g 
 60940.329  24.648  24.519  24.415  6629.82     3631.0  orange 
 60940.329  24.712  24.593  24.481  6366.38     3631.0   r-P48 
 60940.329  24.771  24.654  24.541  6198.96     3631.0       r 
 60940.329  25.103  24.995  24.869  5182.42     3631.0    cyan 
 60940.329  25.392  25.275  25.149  4746.48     3631.0   g-P48 
 60940.329  25.434  25.314  25.188  4735.89     3631.0       g 
 60942.343  24.661  24.532  24.429  6629.82     3631.0  orange 
 60942.343  24.726  24.606  24.495  6366.38     3631.0   r-P48 
 60942.343  24.784  24.668  24.555  6198.96     3631.0       r 
 60942.343  25.117  25.009  24.883  5182.42     3631.0    cyan 
 60942.343  25.405  25.289  25.163  4746.48     3631.0   g-P48 
 60942.343  25.448  25.327  25.201  4735.89     3631.0       g 
 60944.357  24.675  24.546  24.442  6629.82     3631.0  orange 
 60944.357  24.739   24.62  24.508  6366.38     3631.0   r-P48 
 60944.357  24.798  24.682  24.568  6198.96     3631.0       r 
 60944.357   25.13  25.022  24.896  5182.42     3631.0    cyan 
 60944.357  25.419  25.302  25.176  4746.48     3631.0   g-P48 
 60944.357  25.461  25.341  25.215  4735.89     3631.0       g 
  60946.37  24.688  24.559  24.455  6629.82     3631.0  orange 
  60946.37  24.753  24.633  24.521  6366.38     3631.0   r-P48 
  60946.37  24.811  24.695  24.581  6198.96     3631.0       r 
  60946.37  25.144  25.036  24.909  5182.42     3631.0    cyan 
  60946.37  25.432  25.316  25.189  4746.48     3631.0   g-P48 
  60946.37  25.475  25.354  25.228  4735.89     3631.0       g 
 60948.384  24.702  24.573  24.468  6629.82     3631.0  orange 
 60948.384  24.766  24.646  24.534  6366.38     3631.0   r-P48 
 60948.384  24.825  24.708  24.594  6198.96     3631.0       r 
 60948.384  25.157  25.049  24.923  5182.42     3631.0    cyan 
 60948.384  25.446  25.329  25.202  4746.48     3631.0   g-P48 
 60948.384  25.488  25.368  25.241  4735.89     3631.0       g 
 60950.398  24.715  24.586  24.481  6629.82     3631.0  orange 
 60950.398  24.779   24.66  24.548  6366.38     3631.0   r-P48 
 60950.398  24.838  24.722  24.608  6198.96     3631.0       r 
 60950.398  25.171  25.063  24.936  5182.42     3631.0    cyan 
 60950.398  25.459  25.343  25.215  4746.48     3631.0   g-P48 
 60950.398  25.501  25.381  25.254  4735.89     3631.0       g 
 60952.411  24.729  24.599  24.495  6629.82     3631.0  orange 
 60952.411  24.793  24.673  24.561  6366.38     3631.0   r-P48 
 60952.411  24.851  24.735  24.621  6198.96     3631.0       r 
 60952.411  25.184  25.076  24.949  5182.42     3631.0    cyan 
 60952.411  25.472  25.356  25.229  4746.48     3631.0   g-P48 
 60952.411  25.515  25.394  25.267  4735.89     3631.0       g 
 60954.425  24.742  24.612  24.508  6629.82     3631.0  orange 
 60954.425  24.806  24.686  24.574  6366.38     3631.0   r-P48 
 60954.425  24.865  24.748  24.634  6198.96     3631.0       r 
 60954.425  25.197  25.089  24.962  5182.42     3631.0    cyan 
 60954.425  25.486  25.369  25.242  4746.48     3631.0   g-P48 
 60954.425  25.528  25.408   25.28  4735.89     3631.0       g 
 60956.439  24.756  24.625  24.521  6629.82     3631.0  orange 
 60956.439   24.82  24.699  24.587  6366.38     3631.0   r-P48 
 60956.439  24.878  24.762  24.647  6198.96     3631.0       r 
 60956.439  25.211  25.102  24.975  5182.42     3631.0    cyan 
 60956.439  25.499  25.383  25.255  4746.48     3631.0   g-P48 
 60956.439  25.541  25.421  25.293  4735.89     3631.0       g 
 60958.452  24.769  24.639  24.534  6629.82     3631.0  orange 
 60958.452  24.833  24.712    24.6  6366.38     3631.0   r-P48 
 60958.452  24.891  24.775   24.66  6198.96     3631.0       r 
 60958.452  25.224  25.116  24.989  5182.42     3631.0    cyan 
 60958.452  25.512  25.396  25.268  4746.48     3631.0   g-P48 
 60958.452  25.555  25.434  25.306  4735.89     3631.0       g 
 60960.466  24.782  24.652  24.547  6629.82     3631.0  orange 
 60960.466  24.846  24.725  24.613  6366.38     3631.0   r-P48 
 60960.466  24.904  24.788  24.673  6198.96     3631.0       r 
 60960.466  25.237  25.129  25.002  5182.42     3631.0    cyan 
 60960.466  25.525  25.409  25.281  4746.48     3631.0   g-P48 
 60960.466  25.568  25.447  25.319  4735.89     3631.0       g 
  60962.48  24.795  24.665  24.559  6629.82     3631.0  orange 
  60962.48  24.859  24.738  24.626  6366.38     3631.0   r-P48 
  60962.48  24.918  24.801  24.686  6198.96     3631.0       r 
  60962.48   25.25  25.142  25.015  5182.42     3631.0    cyan 
  60962.48  25.538  25.422  25.293  4746.48     3631.0   g-P48 
  60962.48  25.581  25.461  25.332  4735.89     3631.0       g 
 60964.493  24.808  24.678  24.572  6629.82     3631.0  orange 
 60964.493  24.872  24.751  24.639  6366.38     3631.0   r-P48 
 60964.493  24.931  24.814  24.699  6198.96     3631.0       r 
 60964.493  25.264  25.155  25.027  5182.42     3631.0    cyan 
 60964.493  25.552  25.435  25.306  4746.48     3631.0   g-P48 
 60964.493  25.594  25.474  25.345  4735.89     3631.0       g 
 60966.507  24.822  24.691  24.585  6629.82     3631.0  orange 
 60966.507  24.886  24.764  24.652  6366.38     3631.0   r-P48 
 60966.507  24.944  24.827  24.711  6198.96     3631.0       r 
 60966.507  25.277  25.168   25.04  5182.42     3631.0    cyan 
 60966.507  25.565  25.448  25.319  4746.48     3631.0   g-P48 
 60966.507  25.607  25.487  25.358  4735.89     3631.0       g 
 60968.521  24.835  24.704  24.598  6629.82     3631.0  orange 
 60968.521  24.899  24.777  24.664  6366.38     3631.0   r-P48 
 60968.521  24.957   24.84  24.724  6198.96     3631.0       r 
 60968.521   25.29  25.181  25.053  5182.42     3631.0    cyan 
 60968.521  25.578  25.461  25.332  4746.48     3631.0   g-P48 
 60968.521   25.62    25.5  25.371  4735.89     3631.0       g 
 60970.534  24.848  24.716  24.611  6629.82     3631.0  orange 
 60970.534  24.912   24.79  24.677  6366.38     3631.0   r-P48 
 60970.534   24.97  24.853  24.737  6198.96     3631.0       r 
 60970.534  25.303  25.194  25.066  5182.42     3631.0    cyan 
 60970.534  25.591  25.474  25.345  4746.48     3631.0   g-P48 
 60970.534  25.633  25.513  25.383  4735.89     3631.0       g 
 60972.548  24.861  24.729  24.623  6629.82     3631.0  orange 
 60972.548  24.925  24.803   24.69  6366.38     3631.0   r-P48 
 60972.548  24.983  24.866   24.75  6198.96     3631.0       r 
 60972.548  25.316  25.207  25.079  5182.42     3631.0    cyan 
 60972.548  25.604  25.487  25.357  4746.48     3631.0   g-P48 
 60972.548  25.646  25.526  25.396  4735.89     3631.0       g 
 60974.562  24.874  24.742  24.636  6629.82     3631.0  orange 
 60974.562  24.938  24.816  24.703  6366.38     3631.0   r-P48 
 60974.562  24.996  24.879  24.762  6198.96     3631.0       r 
 60974.562  25.329   25.22  25.092  5182.42     3631.0    cyan 
 60974.562  25.616    25.5   25.37  4746.48     3631.0   g-P48 
 60974.562  25.659  25.539  25.409  4735.89     3631.0       g 
 60976.575  24.887  24.755  24.649  6629.82     3631.0  orange 
 60976.575  24.951  24.828  24.715  6366.38     3631.0   r-P48 
 60976.575  25.009  24.892  24.775  6198.96     3631.0       r 
 60976.575  25.342  25.233  25.104  5182.42     3631.0    cyan 
 60976.575  25.629  25.513  25.383  4746.48     3631.0   g-P48 
 60976.575  25.672  25.551  25.422  4735.89     3631.0       g 
 60978.589  24.899  24.768  24.661  6629.82     3631.0  orange 
 60978.589  24.963  24.841  24.728  6366.38     3631.0   r-P48 
 60978.589  25.022  24.905  24.788  6198.96     3631.0       r 
 60978.589  25.355  25.246  25.117  5182.42     3631.0    cyan 
 60978.589  25.642  25.526  25.395  4746.48     3631.0   g-P48 
 60978.589  25.684  25.564  25.434  4735.89     3631.0       g 
 60980.603  24.912   24.78  24.674  6629.82     3631.0  orange 
 60980.603  24.976  24.854   24.74  6366.38     3631.0   r-P48 
 60980.603  25.035  24.918    24.8  6198.96     3631.0       r 
 60980.603  25.367  25.258   25.13  5182.42     3631.0    cyan 
 60980.603  25.655  25.539  25.408  4746.48     3631.0   g-P48 
 60980.603  25.697  25.577  25.447  4735.89     3631.0       g 
 60982.616  24.925  24.793  24.686  6629.82     3631.0  orange 
 60982.616  24.989  24.867  24.753  6366.38     3631.0   r-P48 
 60982.616  25.047   24.93  24.813  6198.96     3631.0       r 
 60982.616   25.38  25.271  25.142  5182.42     3631.0    cyan 
 60982.616  25.668  25.551  25.421  4746.48     3631.0   g-P48 
 60982.616   25.71   25.59  25.459  4735.89     3631.0       g 
  60984.63  24.938  24.806  24.699  6629.82     3631.0  orange 
  60984.63  25.002  24.879  24.766  6366.38     3631.0   r-P48 
  60984.63   25.06  24.943  24.825  6198.96     3631.0       r 
  60984.63  25.393  25.284  25.155  5182.42     3631.0    cyan 
  60984.63   25.68  25.564  25.433  4746.48     3631.0   g-P48 
  60984.63  25.723  25.603  25.472  4735.89     3631.0       g 
 60986.644  24.951  24.818  24.711  6629.82     3631.0  orange 
 60986.644  25.015  24.892  24.778  6366.38     3631.0   r-P48 
 60986.644  25.073  24.955  24.838  6198.96     3631.0       r 
 60986.644  25.406  25.297  25.167  5182.42     3631.0    cyan 
 60986.644  25.693  25.577  25.445  4746.48     3631.0   g-P48 
 60986.644  25.735  25.615  25.484  4735.89     3631.0       g 
 60988.657  24.963  24.831  24.724  6629.82     3631.0  orange 
 60988.657  25.027  24.905   24.79  6366.38     3631.0   r-P48 
 60988.657  25.085  24.968   24.85  6198.96     3631.0       r 
 60988.657  25.418  25.309   25.18  5182.42     3631.0    cyan 
 60988.657  25.706  25.589  25.458  4746.48     3631.0   g-P48 
 60988.657  25.748  25.628  25.497  4735.89     3631.0       g 
 60990.671  24.976  24.843  24.736  6629.82     3631.0  orange 
 60990.671   25.04  24.917  24.803  6366.38     3631.0   r-P48 
 60990.671  25.098  24.981  24.863  6198.96     3631.0       r 
 60990.671  25.431  25.322  25.192  5182.42     3631.0    cyan 
 60990.671  25.718  25.602   25.47  4746.48     3631.0   g-P48 
 60990.671  25.761  25.641  25.509  4735.89     3631.0       g 
 60992.685  24.988  24.856  24.749  6629.82     3631.0  orange 
 60992.685  25.052   24.93  24.815  6366.38     3631.0   r-P48 
 60992.685  25.111  24.993  24.875  6198.96     3631.0       r 
 60992.685  25.444  25.334  25.204  5182.42     3631.0    cyan 
 60992.685  25.731  25.615  25.483  4746.48     3631.0   g-P48 
 60992.685  25.773  25.653  25.521  4735.89     3631.0       g 
 60994.698  25.001  24.868  24.761  6629.82     3631.0  orange 
 60994.698  25.065  24.942  24.828  6366.38     3631.0   r-P48 
 60994.698  25.123  25.005  24.888  6198.96     3631.0       r 
 60994.698  25.456  25.347  25.217  5182.42     3631.0    cyan 
 60994.698  25.743  25.627  25.495  4746.48     3631.0   g-P48 
 60994.698  25.786  25.666  25.534  4735.89     3631.0       g 
 60996.712  25.014  24.881  24.773  6629.82     3631.0  orange 
 60996.712  25.078  24.955   24.84  6366.38     3631.0   r-P48 
 60996.712  25.136  25.018    24.9  6198.96     3631.0       r 
 60996.712  25.469   25.36  25.229  5182.42     3631.0    cyan 
 60996.712  25.756   25.64  25.507  4746.48     3631.0   g-P48 
 60996.712  25.798  25.678  25.546  4735.89     3631.0       g 
 60998.726  25.026  24.893  24.785  6629.82     3631.0  orange 
 60998.726   25.09  24.967  24.852  6366.38     3631.0   r-P48 
 60998.726  25.148   25.03  24.912  6198.96     3631.0       r 
 60998.726  25.481  25.372  25.241  5182.42     3631.0    cyan 
 60998.726  25.768  25.652   25.52  4746.48     3631.0   g-P48 
 60998.726  25.811  25.691  25.558  4735.89     3631.0       g 
 61000.739  25.039  24.905  24.798  6629.82     3631.0  orange 
 61000.739  25.103  24.979  24.864  6366.38     3631.0   r-P48 
 61000.739  25.161  25.043  24.924  6198.96     3631.0       r 
 61000.739  25.494  25.384  25.254  5182.42     3631.0    cyan 
 61000.739  25.781  25.664  25.532  4746.48     3631.0   g-P48 
 61000.739  25.823  25.703  25.571  4735.89     3631.0       g 
 61002.753  25.051  24.918   24.81  6629.82     3631.0  orange 
 61002.753  25.115  24.992  24.877  6366.38     3631.0   r-P48 
 61002.753  25.173  25.055  24.937  6198.96     3631.0       r 
 61002.753  25.506  25.397  25.266  5182.42     3631.0    cyan 
 61002.753  25.793  25.677  25.544  4746.48     3631.0   g-P48 
 61002.753  25.835  25.716  25.583  4735.89     3631.0       g 
 61004.766  25.063   24.93  24.822  6629.82     3631.0  orange 
 61004.766  25.127  25.004  24.889  6366.38     3631.0   r-P48 
 61004.766  25.186  25.067  24.949  6198.96     3631.0       r 
 61004.766  25.519  25.409  25.278  5182.42     3631.0    cyan 
 61004.766  25.805  25.689  25.556  4746.48     3631.0   g-P48 
 61004.766  25.848  25.728  25.595  4735.89     3631.0       g 
  61006.78  25.076  24.942  24.834  6629.82     3631.0  orange 
  61006.78   25.14  25.016  24.901  6366.38     3631.0   r-P48 
  61006.78  25.198  25.079  24.961  6198.96     3631.0       r 
  61006.78  25.531  25.421   25.29  5182.42     3631.0    cyan 
  61006.78  25.818  25.701  25.568  4746.48     3631.0   g-P48 
  61006.78   25.86   25.74  25.607  4735.89     3631.0       g 
 61008.794  25.088  24.954  24.846  6629.82     3631.0  orange 
 61008.794  25.152  25.029  24.913  6366.38     3631.0   r-P48 
 61008.794   25.21  25.092  24.973  6198.96     3631.0       r 
 61008.794  25.543  25.433  25.302  5182.42     3631.0    cyan 
 61008.794   25.83  25.713   25.58  4746.48     3631.0   g-P48 
 61008.794  25.872  25.753  25.619  4735.89     3631.0       g 
 61010.807    25.1  24.966  24.858  6629.82     3631.0  orange 
 61010.807  25.164  25.041  24.925  6366.38     3631.0   r-P48 
 61010.807  25.223  25.104  24.985  6198.96     3631.0       r 
 61010.807  25.556  25.446  25.314  5182.42     3631.0    cyan 
 61010.807  25.842  25.726  25.592  4746.48     3631.0   g-P48 
 61010.807  25.885  25.765  25.631  4735.89     3631.0       g 
 61012.821  25.113  24.979   24.87  6629.82     3631.0  orange 
 61012.821  25.177  25.053  24.937  6366.38     3631.0   r-P48 
 61012.821  25.235  25.116  24.997  6198.96     3631.0       r 
 61012.821  25.568  25.458  25.326  5182.42     3631.0    cyan 
 61012.821  25.854  25.738  25.604  4746.48     3631.0   g-P48 
 61012.821  25.897  25.777  25.643  4735.89     3631.0       g 
 61014.835  25.125  24.991  24.882  6629.82     3631.0  orange 
 61014.835  25.189  25.065  24.949  6366.38     3631.0   r-P48 
 61014.835  25.247  25.128  25.009  6198.96     3631.0       r 
 61014.835   25.58   25.47  25.338  5182.42     3631.0    cyan 
 61014.835  25.867   25.75  25.616  4746.48     3631.0   g-P48 
 61014.835  25.909  25.789  25.655  4735.89     3631.0       g 
 61016.848  25.137  25.003  24.894  6629.82     3631.0  orange 
 61016.848  25.201  25.077  24.961  6366.38     3631.0   r-P48 
 61016.848  25.259   25.14  25.021  6198.96     3631.0       r 
 61016.848  25.592  25.482   25.35  5182.42     3631.0    cyan 
 61016.848  25.879  25.762  25.628  4746.48     3631.0   g-P48 
 61016.848  25.921  25.801  25.667  4735.89     3631.0       g 
 61018.862  25.149  25.015  24.906  6629.82     3631.0  orange 
 61018.862  25.213  25.089  24.973  6366.38     3631.0   r-P48 
 61018.862  25.271  25.152  25.033  6198.96     3631.0       r 
 61018.862  25.605  25.494  25.362  5182.42     3631.0    cyan 
 61018.862  25.891  25.774   25.64  4746.48     3631.0   g-P48 
 61018.862  25.933  25.814  25.679  4735.89     3631.0       g 
 61020.876  25.161  25.027  24.918  6629.82     3631.0  orange 
 61020.876  25.225  25.101  24.985  6366.38     3631.0   r-P48 
 61020.876  25.284  25.164  25.045  6198.96     3631.0       r 
 61020.876  25.617  25.506  25.374  5182.42     3631.0    cyan 
 61020.876  25.903  25.786  25.652  4746.48     3631.0   g-P48 
 61020.876  25.945  25.826  25.691  4735.89     3631.0       g 
 61022.889  25.173  25.039   24.93  6629.82     3631.0  orange 
 61022.889  25.237  25.113  24.997  6366.38     3631.0   r-P48 
 61022.889  25.296  25.176  25.057  6198.96     3631.0       r 
 61022.889  25.629  25.518  25.386  5182.42     3631.0    cyan 
 61022.889  25.915  25.798  25.664  4746.48     3631.0   g-P48 
 61022.889  25.957  25.838  25.703  4735.89     3631.0       g 
 61024.903  25.185  25.051  24.942  6629.82     3631.0  orange 
 61024.903  25.249  25.125  25.009  6366.38     3631.0   r-P48 
 61024.903  25.308  25.188  25.069  6198.96     3631.0       r 
 61024.903  25.641   25.53  25.398  5182.42     3631.0    cyan 
 61024.903  25.927   25.81  25.676  4746.48     3631.0   g-P48 
 61024.903  25.969   25.85  25.715  4735.89     3631.0       g 
 61026.917  25.197  25.063  24.954  6629.82     3631.0  orange 
 61026.917  25.261  25.137  25.021  6366.38     3631.0   r-P48 
 61026.917   25.32    25.2   25.08  6198.96     3631.0       r 
 61026.917  25.653  25.542  25.409  5182.42     3631.0    cyan 
 61026.917  25.939  25.822  25.688  4746.48     3631.0   g-P48 
 61026.917  25.981  25.862  25.726  4735.89     3631.0       g 
  61028.93  25.209  25.075  24.965  6629.82     3631.0  orange 
  61028.93  25.273  25.149  25.032  6366.38     3631.0   r-P48 
  61028.93  25.332  25.212  25.092  6198.96     3631.0       r 
  61028.93  25.665  25.553  25.421  5182.42     3631.0    cyan 
  61028.93  25.951  25.834  25.699  4746.48     3631.0   g-P48 
  61028.93  25.993  25.874  25.738  4735.89     3631.0       g 
 61030.944  25.221  25.086  24.977  6629.82     3631.0  orange 
 61030.944  25.285  25.161  25.044  6366.38     3631.0   r-P48 
 61030.944  25.344  25.224  25.104  6198.96     3631.0       r 
 61030.944  25.677  25.565  25.433  5182.42     3631.0    cyan 
 61030.944  25.963  25.846  25.711  4746.48     3631.0   g-P48 
 61030.944  26.005  25.886   25.75  4735.89     3631.0       g 
 61032.958  25.233  25.098  24.989  6629.82     3631.0  orange 
 61032.958  25.297  25.173  25.056  6366.38     3631.0   r-P48 
 61032.958  25.356  25.235  25.116  6198.96     3631.0       r 
 61032.958  25.689  25.577  25.445  5182.42     3631.0    cyan 
 61032.958  25.975  25.858  25.723  4746.48     3631.0   g-P48 
 61032.958  26.017  25.898  25.762  4735.89     3631.0       g 
 61034.971  25.245   25.11    25.0  6629.82     3631.0  orange 
 61034.971  25.309  25.185  25.067  6366.38     3631.0   r-P48 
 61034.971  25.367  25.247  25.127  6198.96     3631.0       r 
 61034.971  25.701  25.589  25.456  5182.42     3631.0    cyan 
 61034.971  25.986  25.869  25.734  4746.48     3631.0   g-P48 
 61034.971  26.029  25.909  25.773  4735.89     3631.0       g 
 61036.985  25.257  25.122  25.012  6629.82     3631.0  orange 
 61036.985  25.321  25.197  25.079  6366.38     3631.0   r-P48 
 61036.985  25.379  25.259  25.139  6198.96     3631.0       r 
 61036.985  25.713  25.601  25.468  5182.42     3631.0    cyan 
 61036.985  25.998  25.881  25.746  4746.48     3631.0   g-P48 
 61036.985  26.041  25.921  25.785  4735.89     3631.0       g 
 61038.999  25.269  25.133  25.024  6629.82     3631.0  orange 
 61038.999  25.333  25.208  25.091  6366.38     3631.0   r-P48 
 61038.999  25.391  25.271  25.151  6198.96     3631.0       r 
 61038.999  25.724  25.612  25.479  5182.42     3631.0    cyan 
 61038.999   26.01  25.893  25.758  4746.48     3631.0   g-P48 
 61038.999  26.052  25.933  25.797  4735.89     3631.0       g 
 61041.012  25.281  25.145  25.035  6629.82     3631.0  orange 
 61041.012  25.345   25.22  25.102  6366.38     3631.0   r-P48 
 61041.012  25.403  25.282  25.162  6198.96     3631.0       r 
 61041.012  25.736  25.624  25.491  5182.42     3631.0    cyan 
 61041.012  26.022  25.905  25.769  4746.48     3631.0   g-P48 
 61041.012  26.064  25.945  25.808  4735.89     3631.0       g 
 61043.026  25.292  25.157  25.047  6629.82     3631.0  orange 
 61043.026  25.356  25.232  25.114  6366.38     3631.0   r-P48 
 61043.026  25.415  25.294  25.174  6198.96     3631.0       r 
 61043.026  25.748  25.635  25.503  5182.42     3631.0    cyan 
 61043.026  26.034  25.916  25.781  4746.48     3631.0   g-P48 
 61043.026  26.076  25.957   25.82  4735.89     3631.0       g 
  61045.04  25.304  25.168  25.058  6629.82     3631.0  orange 
  61045.04  25.368  25.243  25.125  6366.38     3631.0   r-P48 
  61045.04  25.426  25.305  25.185  6198.96     3631.0       r 
  61045.04   25.76  25.647  25.514  5182.42     3631.0    cyan 
  61045.04  26.045  25.928  25.792  4746.48     3631.0   g-P48 
  61045.04  26.088  25.968  25.831  4735.89     3631.0       g 
 61047.053  25.316   25.18   25.07  6629.82     3631.0  orange 
 61047.053   25.38  25.255  25.137  6366.38     3631.0   r-P48 
 61047.053  25.438  25.317  25.197  6198.96     3631.0       r 
 61047.053  25.771  25.659  25.526  5182.42     3631.0    cyan 
 61047.053  26.057  25.939  25.804  4746.48     3631.0   g-P48 
 61047.053  26.099   25.98  25.843  4735.89     3631.0       g 
 61049.067  25.328  25.192  25.081  6629.82     3631.0  orange 
 61049.067  25.391  25.267  25.148  6366.38     3631.0   r-P48 
 61049.067   25.45  25.329  25.208  6198.96     3631.0       r 
 61049.067  25.783   25.67  25.537  5182.42     3631.0    cyan 
 61049.067  26.068  25.951  25.815  4746.48     3631.0   g-P48 
 61049.067  26.111  25.991  25.854  4735.89     3631.0       g 
 61051.081  25.339  25.203  25.093  6629.82     3631.0  orange 
 61051.081  25.403  25.278   25.16  6366.38     3631.0   r-P48 
 61051.081  25.461   25.34   25.22  6198.96     3631.0       r 
 61051.081  25.795  25.682  25.548  5182.42     3631.0    cyan 
 61051.081   26.08  25.963  25.827  4746.48     3631.0   g-P48 
 61051.081  26.122  26.003  25.866  4735.89     3631.0       g 
 61053.094  25.351  25.215  25.104  6629.82     3631.0  orange 
 61053.094  25.415   25.29  25.171  6366.38     3631.0   r-P48 
 61053.094  25.473  25.352  25.231  6198.96     3631.0       r 
 61053.094  25.806  25.693   25.56  5182.42     3631.0    cyan 
 61053.094  26.092  25.974  25.838  4746.48     3631.0   g-P48 
 61053.094  26.134  26.014  25.877  4735.89     3631.0       g 
 61055.108  25.362  25.226  25.115  6629.82     3631.0  orange 
 61055.108  25.426  25.301  25.182  6366.38     3631.0   r-P48 
 61055.108  25.485  25.363  25.242  6198.96     3631.0       r 
 61055.108  25.818  25.705  25.571  5182.42     3631.0    cyan 
 61055.108  26.103  25.986  25.849  4746.48     3631.0   g-P48 
 61055.108  26.145  26.026  25.888  4735.89     3631.0       g 
 61057.122  25.374  25.238  25.127  6629.82     3631.0  orange 
 61057.122  25.438  25.313  25.194  6366.38     3631.0   r-P48 
 61057.122  25.496  25.374  25.254  6198.96     3631.0       r 
 61057.122  25.829  25.716  25.582  5182.42     3631.0    cyan 
 61057.122  26.115  25.997  25.861  4746.48     3631.0   g-P48 
 61057.122  26.157  26.037    25.9  4735.89     3631.0       g 
 61059.135  25.385  25.249  25.138  6629.82     3631.0  orange 
 61059.135  25.449  25.324  25.205  6366.38     3631.0   r-P48 
 61059.135  25.508  25.386  25.265  6198.96     3631.0       r 
 61059.135  25.841  25.727  25.594  5182.42     3631.0    cyan 
 61059.135  26.126  26.008  25.872  4746.48     3631.0   g-P48 
 61059.135  26.168  26.049  25.911  4735.89     3631.0       g 
 61061.149  25.397   25.26  25.149  6629.82     3631.0  orange 
 61061.149  25.461  25.336  25.216  6366.38     3631.0   r-P48 
 61061.149  25.519  25.397  25.276  6198.96     3631.0       r 
 61061.149  25.852  25.739  25.605  5182.42     3631.0    cyan 
 61061.149  26.138   26.02  25.883  4746.48     3631.0   g-P48 
 61061.149   26.18   26.06  25.922  4735.89     3631.0       g 
 61063.163  25.408  25.272   25.16  6629.82     3631.0  orange 
 61063.163  25.472  25.347  25.227  6366.38     3631.0   r-P48 
 61063.163  25.531  25.409  25.288  6198.96     3631.0       r 
 61063.163  25.864   25.75  25.616  5182.42     3631.0    cyan 
 61063.163  26.149  26.031  25.895  4746.48     3631.0   g-P48 
 61063.163  26.191  26.072  25.933  4735.89     3631.0       g 
 61065.176   25.42  25.283  25.172  6629.82     3631.0  orange 
 61065.176  25.484  25.358  25.239  6366.38     3631.0   r-P48 
 61065.176  25.542   25.42  25.299  6198.96     3631.0       r 
 61065.176  25.875  25.761  25.627  5182.42     3631.0    cyan 
 61065.176   26.16  26.042  25.906  4746.48     3631.0   g-P48 
 61065.176  26.203  26.083  25.945  4735.89     3631.0       g 
  61067.19  25.431  25.294  25.183  6629.82     3631.0  orange 
  61067.19  25.495   25.37   25.25  6366.38     3631.0   r-P48 
  61067.19  25.553  25.431   25.31  6198.96     3631.0       r 
  61067.19  25.887  25.773  25.639  5182.42     3631.0    cyan 
  61067.19  26.172  26.054  25.917  4746.48     3631.0   g-P48 
  61067.19  26.214  26.094  25.956  4735.89     3631.0       g 
 61069.204  25.442  25.306  25.194  6629.82     3631.0  orange 
 61069.204  25.506  25.381  25.261  6366.38     3631.0   r-P48 
 61069.204  25.565  25.442  25.321  6198.96     3631.0       r 
 61069.204  25.898  25.784   25.65  5182.42     3631.0    cyan 
 61069.204  26.183  26.065  25.928  4746.48     3631.0   g-P48 
 61069.204  26.225  26.106  25.967  4735.89     3631.0       g 
 61071.217  25.454  25.317  25.205  6629.82     3631.0  orange 
 61071.217  25.518  25.392  25.272  6366.38     3631.0   r-P48 
 61071.217  25.576  25.454  25.332  6198.96     3631.0       r 
 61071.217  25.909  25.795  25.661  5182.42     3631.0    cyan 
 61071.217  26.194  26.076  25.939  4746.48     3631.0   g-P48 
 61071.217  26.237  26.117  25.978  4735.89     3631.0       g 
 61073.231  25.465  25.328  25.216  6629.82     3631.0  orange 
 61073.231  25.529  25.403  25.283  6366.38     3631.0   r-P48 
 61073.231  25.587  25.465  25.343  6198.96     3631.0       r 
 61073.231  25.921  25.806  25.672  5182.42     3631.0    cyan 
 61073.231  26.206  26.087   25.95  4746.48     3631.0   g-P48 
 61073.231  26.248  26.128  25.989  4735.89     3631.0       g 
 61075.245  25.476  25.339  25.227  6629.82     3631.0  orange 
 61075.245   25.54  25.415  25.294  6366.38     3631.0   r-P48 
 61075.245  25.599  25.476  25.355  6198.96     3631.0       r 
 61075.245  25.932  25.817  25.683  5182.42     3631.0    cyan 
 61075.245  26.217  26.099  25.962  4746.48     3631.0   g-P48 
 61075.245  26.259  26.139    26.0  4735.89     3631.0       g 
 61077.258  25.487   25.35  25.238  6629.82     3631.0  orange 
 61077.258  25.552  25.426  25.305  6366.38     3631.0   r-P48 
 61077.258   25.61  25.487  25.366  6198.96     3631.0       r 
 61077.258  25.943  25.829  25.694  5182.42     3631.0    cyan 
 61077.258  26.228   26.11  25.973  4746.48     3631.0   g-P48 
 61077.258   26.27   26.15  26.011  4735.89     3631.0       g 
 61079.272  25.498  25.361  25.249  6629.82     3631.0  orange 
 61079.272  25.563  25.437  25.316  6366.38     3631.0   r-P48 
 61079.272  25.621  25.498  25.377  6198.96     3631.0       r 
 61079.272  25.954   25.84  25.705  5182.42     3631.0    cyan 
 61079.272  26.239  26.121  25.984  4746.48     3631.0   g-P48 
 61079.272  26.281  26.161  26.022  4735.89     3631.0       g 
 61081.286   25.51  25.372   25.26  6629.82     3631.0  orange 
 61081.286  25.574  25.448  25.327  6366.38     3631.0   r-P48 
 61081.286  25.632  25.509  25.388  6198.96     3631.0       r 
 61081.286  25.966  25.851  25.716  5182.42     3631.0    cyan 
 61081.286   26.25  26.132  25.995  4746.48     3631.0   g-P48 
 61081.286  26.293  26.173  26.033  4735.89     3631.0       g 
 61083.299  25.521  25.384  25.271  6629.82     3631.0  orange 
 61083.299  25.585  25.459  25.338  6366.38     3631.0   r-P48 
 61083.299  25.643   25.52  25.399  6198.96     3631.0       r 
 61083.299  25.977  25.862  25.727  5182.42     3631.0    cyan 
 61083.299  26.261  26.143  26.006  4746.48     3631.0   g-P48 
 61083.299  26.304  26.184  26.044  4735.89     3631.0       g 
 61085.313  25.532  25.395  25.282  6629.82     3631.0  orange 
 61085.313  25.596   25.47  25.349  6366.38     3631.0   r-P48 
 61085.313  25.654  25.531   25.41  6198.96     3631.0       r 
 61085.313  25.988  25.873  25.738  5182.42     3631.0    cyan 
 61085.313  26.272  26.154  26.016  4746.48     3631.0   g-P48 
 61085.313  26.315  26.195  26.055  4735.89     3631.0       g 
 61087.327  25.543  25.406  25.293  6629.82     3631.0  orange 
 61087.327  25.607  25.481   25.36  6366.38     3631.0   r-P48 
 61087.327  25.666  25.542  25.421  6198.96     3631.0       r 
 61087.327  25.999  25.884  25.749  5182.42     3631.0    cyan 
 61087.327  26.283  26.165  26.027  4746.48     3631.0   g-P48 
 61087.327  26.326  26.206  26.066  4735.89     3631.0       g 
  61089.34  25.554  25.417  25.304  6629.82     3631.0  orange 
  61089.34  25.618  25.492  25.371  6366.38     3631.0   r-P48 
  61089.34  25.677  25.553  25.431  6198.96     3631.0       r 
  61089.34   26.01  25.895   25.76  5182.42     3631.0    cyan 
  61089.34  26.295  26.176  26.038  4746.48     3631.0   g-P48 
  61089.34  26.337  26.217  26.077  4735.89     3631.0       g 
 61091.354  25.565  25.427  25.315  6629.82     3631.0  orange 
 61091.354  25.629  25.503  25.382  6366.38     3631.0   r-P48 
 61091.354  25.688  25.564  25.442  6198.96     3631.0       r 
 61091.354  26.021  25.906   25.77  5182.42     3631.0    cyan 
 61091.354  26.306  26.187  26.049  4746.48     3631.0   g-P48 
 61091.354  26.348  26.228  26.088  4735.89     3631.0       g 
 61093.368  25.576  25.438  25.326  6629.82     3631.0  orange 
 61093.368   25.64  25.514  25.393  6366.38     3631.0   r-P48 
 61093.368  25.699  25.575  25.453  6198.96     3631.0       r 
 61093.368  26.032  25.917  25.781  5182.42     3631.0    cyan 
 61093.368  26.316  26.198   26.06  4746.48     3631.0   g-P48 
 61093.368  26.359  26.239  26.099  4735.89     3631.0       g 
 61095.381  25.587  25.449  25.337  6629.82     3631.0  orange 
 61095.381  25.651  25.525  25.404  6366.38     3631.0   r-P48 
 61095.381   25.71  25.586  25.464  6198.96     3631.0       r 
 61095.381  26.043  25.927  25.792  5182.42     3631.0    cyan 
 61095.381  26.327  26.209  26.071  4746.48     3631.0   g-P48 
 61095.381   26.37   26.25   26.11  4735.89     3631.0       g 
 61097.395  25.598   25.46  25.347  6629.82     3631.0  orange 
 61097.395  25.662  25.536  25.414  6366.38     3631.0   r-P48 
 61097.395  25.721  25.597  25.475  6198.96     3631.0       r 
 61097.395  26.054  25.938  25.803  5182.42     3631.0    cyan 
 61097.395  26.338   26.22  26.082  4746.48     3631.0   g-P48 
 61097.395  26.381   26.26   26.12  4735.89     3631.0       g 
 61099.409  25.609  25.471  25.358  6629.82     3631.0  orange 
 61099.409  25.673  25.547  25.425  6366.38     3631.0   r-P48 
 61099.409  25.731  25.608  25.485  6198.96     3631.0       r 
 61099.409  26.065  25.949  25.813  5182.42     3631.0    cyan 
 61099.409  26.349  26.231  26.093  4746.48     3631.0   g-P48 
 61099.409  26.392  26.271  26.131  4735.89     3631.0       g 
 61101.422   25.62  25.482  25.369  6629.82     3631.0  orange 
 61101.422  25.684  25.558  25.436  6366.38     3631.0   r-P48 
 61101.422  25.742  25.618  25.496  6198.96     3631.0       r 
 61101.422  26.076   25.96  25.824  5182.42     3631.0    cyan 
 61101.422   26.36  26.242  26.103  4746.48     3631.0   g-P48 
 61101.422  26.402  26.282  26.142  4735.89     3631.0       g 
 61103.436   25.63  25.493  25.379  6629.82     3631.0  orange 
 61103.436  25.695  25.568  25.446  6366.38     3631.0   r-P48 
 61103.436  25.753  25.629  25.507  6198.96     3631.0       r 
 61103.436  26.087  25.971  25.835  5182.42     3631.0    cyan 
 61103.436  26.371  26.252  26.114  4746.48     3631.0   g-P48 
 61103.436  26.413  26.293  26.152  4735.89     3631.0       g 
  61105.45  25.641  25.503   25.39  6629.82     3631.0  orange 
  61105.45  25.706  25.579  25.457  6366.38     3631.0   r-P48 
  61105.45  25.764   25.64  25.518  6198.96     3631.0       r 
  61105.45  26.098  25.981  25.845  5182.42     3631.0    cyan 
  61105.45  26.382  26.263  26.125  4746.48     3631.0   g-P48 
  61105.45  26.424  26.304  26.163  4735.89     3631.0       g 
 61107.463  25.652  25.514  25.401  6629.82     3631.0  orange 
 61107.463  25.717   25.59  25.468  6366.38     3631.0   r-P48 
 61107.463  25.775  25.651  25.528  6198.96     3631.0       r 
 61107.463  26.109  25.992  25.856  5182.42     3631.0    cyan 
 61107.463  26.393  26.274  26.135  4746.48     3631.0   g-P48 
 61107.463  26.435  26.314  26.174  4735.89     3631.0       g 
 61109.477  25.663  25.525  25.411  6629.82     3631.0  orange 
 61109.477  25.727  25.601  25.478  6366.38     3631.0   r-P48 
 61109.477  25.786  25.661  25.539  6198.96     3631.0       r 
 61109.477  26.119  26.003  25.867  5182.42     3631.0    cyan 
 61109.477  26.403  26.285  26.146  4746.48     3631.0   g-P48 
 61109.477  26.446  26.325  26.184  4735.89     3631.0       g 
  61111.49  25.673  25.535  25.422  6629.82     3631.0  orange 
  61111.49  25.738  25.611  25.489  6366.38     3631.0   r-P48 
  61111.49  25.796  25.672  25.549  6198.96     3631.0       r 
  61111.49   26.13  26.013  25.877  5182.42     3631.0    cyan 
  61111.49  26.414  26.295  26.157  4746.48     3631.0   g-P48 
  61111.49  26.456  26.336  26.195  4735.89     3631.0       g 
 61113.504  25.684  25.546  25.433  6629.82     3631.0  orange 
 61113.504  25.749  25.622    25.5  6366.38     3631.0   r-P48 
 61113.504  25.807  25.683   25.56  6198.96     3631.0       r 
 61113.504  26.141  26.024  25.888  5182.42     3631.0    cyan 
 61113.504  26.425  26.306  26.167  4746.48     3631.0   g-P48 
 61113.504  26.467  26.346  26.206  4735.89     3631.0       g 
 61115.518  25.695  25.557  25.443  6629.82     3631.0  orange 
 61115.518   25.76  25.632   25.51  6366.38     3631.0   r-P48 
 61115.518  25.818  25.693  25.571  6198.96     3631.0       r 
 61115.518  26.152  26.035  25.898  5182.42     3631.0    cyan 
 61115.518  26.435  26.317  26.178  4746.48     3631.0   g-P48 
 61115.518  26.478  26.357  26.216  4735.89     3631.0       g 
 61117.531  25.706  25.567  25.454  6629.82     3631.0  orange 
 61117.531   25.77  25.643  25.521  6366.38     3631.0   r-P48 
 61117.531  25.829  25.704  25.581  6198.96     3631.0       r 
 61117.531  26.162  26.045  25.909  5182.42     3631.0    cyan 
 61117.531  26.446  26.327  26.188  4746.48     3631.0   g-P48 
 61117.531  26.488  26.368  26.227  4735.89     3631.0       g 
 61119.545  25.716  25.578  25.464  6629.82     3631.0  orange 
 61119.545  25.781  25.654  25.531  6366.38     3631.0   r-P48 
 61119.545  25.839  25.714  25.592  6198.96     3631.0       r 
 61119.545  26.173  26.056  25.919  5182.42     3631.0    cyan 
 61119.545  26.457  26.338  26.199  4746.48     3631.0   g-P48 
 61119.545  26.499  26.378  26.237  4735.89     3631.0       g 
 61121.559  25.727  25.588  25.475  6629.82     3631.0  orange 
 61121.559  25.792  25.664  25.542  6366.38     3631.0   r-P48 
 61121.559   25.85  25.725  25.602  6198.96     3631.0       r 
 61121.559  26.184  26.066   25.93  5182.42     3631.0    cyan 
 61121.559  26.467  26.349  26.209  4746.48     3631.0   g-P48 
 61121.559   26.51  26.389  26.248  4735.89     3631.0       g 
 61123.572  25.737  25.599  25.485  6629.82     3631.0  orange 
 61123.572  25.802  25.675  25.552  6366.38     3631.0   r-P48 
 61123.572   25.86  25.735  25.613  6198.96     3631.0       r 
 61123.572  26.194  26.077   25.94  5182.42     3631.0    cyan 
 61123.572  26.478  26.359   26.22  4746.48     3631.0   g-P48 
 61123.572   26.52  26.399  26.258  4735.89     3631.0       g 
 61125.586  25.748   25.61  25.495  6629.82     3631.0  orange 
 61125.586  25.813  25.685  25.562  6366.38     3631.0   r-P48 
 61125.586  25.871  25.746  25.623  6198.96     3631.0       r 
 61125.586  26.205  26.087  25.951  5182.42     3631.0    cyan 
 61125.586  26.489   26.37   26.23  4746.48     3631.0   g-P48 
 61125.586  26.531   26.41  26.268  4735.89     3631.0       g 
   61127.6  25.758   25.62  25.506  6629.82     3631.0  orange 
   61127.6  25.823  25.696  25.573  6366.38     3631.0   r-P48 
   61127.6  25.882  25.756  25.633  6198.96     3631.0       r 
   61127.6  26.215  26.098  25.961  5182.42     3631.0    cyan 
   61127.6  26.499   26.38  26.241  4746.48     3631.0   g-P48 
   61127.6  26.541   26.42  26.279  4735.89     3631.0       g 
 61129.613  25.769   25.63  25.516  6629.82     3631.0  orange 
 61129.613  25.834  25.706  25.583  6366.38     3631.0   r-P48 
 61129.613  25.892  25.767  25.644  6198.96     3631.0       r 
 61129.613  26.226  26.108  25.971  5182.42     3631.0    cyan 
 61129.613   26.51  26.391  26.251  4746.48     3631.0   g-P48 
 61129.613  26.552  26.431  26.289  4735.89     3631.0       g 
 61131.627  25.779  25.641  25.526  6629.82     3631.0  orange 
 61131.627  25.844  25.716  25.593  6366.38     3631.0   r-P48 
 61131.627  25.903  25.777  25.654  6198.96     3631.0       r 
 61131.627  26.236  26.119  25.982  5182.42     3631.0    cyan 
 61131.627   26.52  26.401  26.262  4746.48     3631.0   g-P48 
 61131.627  26.562  26.441  26.299  4735.89     3631.0       g 
 61133.641   25.79  25.651  25.537  6629.82     3631.0  orange 
 61133.641  25.855  25.727  25.604  6366.38     3631.0   r-P48 
 61133.641  25.913  25.788  25.664  6198.96     3631.0       r 
 61133.641  26.247  26.129  25.992  5182.42     3631.0    cyan 
 61133.641  26.531  26.412  26.272  4746.48     3631.0   g-P48 
 61133.641  26.573  26.452   26.31  4735.89     3631.0       g 
 61135.654    25.8  25.662  25.547  6629.82     3631.0  orange 
 61135.654  25.865  25.737  25.614  6366.38     3631.0   r-P48 
 61135.654  25.923  25.798  25.675  6198.96     3631.0       r 
 61135.654  26.257  26.139  26.002  5182.42     3631.0    cyan 
 61135.654  26.541  26.422  26.282  4746.48     3631.0   g-P48 
 61135.654  26.583  26.462   26.32  4735.89     3631.0       g 
 61137.668  25.811  25.672  25.557  6629.82     3631.0  orange 
 61137.668  25.876  25.747  25.624  6366.38     3631.0   r-P48 
 61137.668  25.934  25.808  25.685  6198.96     3631.0       r 
 61137.668  26.268   26.15  26.012  5182.42     3631.0    cyan 
 61137.668  26.552  26.432  26.293  4746.48     3631.0   g-P48 
 61137.668  26.593  26.472   26.33  4735.89     3631.0       g 
 61139.682  25.821  25.682  25.568  6629.82     3631.0  orange 
 61139.682  25.886  25.758  25.635  6366.38     3631.0   r-P48 
 61139.682  25.944  25.819  25.695  6198.96     3631.0       r 
 61139.682  26.278   26.16  26.023  5182.42     3631.0    cyan 
 61139.682  26.562  26.443  26.303  4746.48     3631.0   g-P48 
 61139.682  26.604  26.483   26.34  4735.89     3631.0       g 
 61141.695  25.831  25.693  25.578  6629.82     3631.0  orange 
 61141.695  25.896  25.768  25.645  6366.38     3631.0   r-P48 
 61141.695  25.955  25.829  25.705  6198.96     3631.0       r 
 61141.695  26.289   26.17  26.033  5182.42     3631.0    cyan 
 61141.695  26.573  26.453  26.313  4746.48     3631.0   g-P48 
 61141.695  26.614  26.493  26.351  4735.89     3631.0       g 
 61143.709  25.842  25.703  25.588  6629.82     3631.0  orange 
 61143.709  25.907  25.778  25.655  6366.38     3631.0   r-P48 
 61143.709  25.965  25.839  25.716  6198.96     3631.0       r 
 61143.709  26.299   26.18  26.043  5182.42     3631.0    cyan 
 61143.709  26.583  26.463  26.323  4746.48     3631.0   g-P48 
 61143.709  26.624  26.503  26.361  4735.89     3631.0       g 
 61145.723  25.852  25.713  25.598  6629.82     3631.0  orange 
 61145.723  25.917  25.789  25.665  6366.38     3631.0   r-P48 
 61145.723  25.975  25.849  25.726  6198.96     3631.0       r 
 61145.723  26.309  26.191  26.053  5182.42     3631.0    cyan 
 61145.723  26.593  26.474  26.333  4746.48     3631.0   g-P48 
 61145.723  26.635  26.514  26.371  4735.89     3631.0       g 
 61147.736  25.862  25.723  25.608  6629.82     3631.0  orange 
 61147.736  25.927  25.799  25.675  6366.38     3631.0   r-P48 
 61147.736  25.986   25.86  25.736  6198.96     3631.0       r 
 61147.736   26.32  26.201  26.063  5182.42     3631.0    cyan 
 61147.736  26.604  26.484  26.344  4746.48     3631.0   g-P48 
 61147.736  26.645  26.524  26.381  4735.89     3631.0       g 
  61149.75  25.873  25.734  25.618  6629.82     3631.0  orange 
  61149.75  25.938  25.809  25.685  6366.38     3631.0   r-P48 
  61149.75  25.996   25.87  25.746  6198.96     3631.0       r 
  61149.75   26.33  26.211  26.073  5182.42     3631.0    cyan 
  61149.75  26.614  26.494  26.354  4746.48     3631.0   g-P48 
  61149.75  26.655  26.534  26.391  4735.89     3631.0       g 
 61151.764  25.883  25.744  25.628  6629.82     3631.0  orange 
 61151.764  25.948  25.819  25.695  6366.38     3631.0   r-P48 
 61151.764  26.006   25.88  25.756  6198.96     3631.0       r 
 61151.764   26.34  26.221  26.083  5182.42     3631.0    cyan 
 61151.764  26.624  26.504  26.364  4746.48     3631.0   g-P48 
 61151.764  26.665  26.544  26.401  4735.89     3631.0       g 
 61153.777  25.893  25.754  25.639  6629.82     3631.0  orange 
 61153.777  25.958  25.829  25.706  6366.38     3631.0   r-P48 
 61153.777  26.016   25.89  25.766  6198.96     3631.0       r 
 61153.777   26.35  26.231  26.094  5182.42     3631.0    cyan 
 61153.777  26.635  26.515  26.374  4746.48     3631.0   g-P48 
 61153.777  26.676  26.555  26.411  4735.89     3631.0       g 
 61155.791  25.903  25.764  25.649  6629.82     3631.0  orange 
 61155.791  25.968  25.839  25.716  6366.38     3631.0   r-P48 
 61155.791  26.027    25.9  25.776  6198.96     3631.0       r 
 61155.791  26.361  26.242  26.104  5182.42     3631.0    cyan 
 61155.791  26.645  26.525  26.384  4746.48     3631.0   g-P48 
 61155.791  26.686  26.565  26.421  4735.89     3631.0       g 
 61157.805  25.913  25.774  25.659  6629.82     3631.0  orange 
 61157.805  25.978  25.849  25.726  6366.38     3631.0   r-P48 
 61157.805  26.037   25.91  25.786  6198.96     3631.0       r 
 61157.805  26.371  26.252  26.114  5182.42     3631.0    cyan 
 61157.805  26.655  26.535  26.394  4746.48     3631.0   g-P48 
 61157.805  26.696  26.575  26.431  4735.89     3631.0       g 
 61159.818  25.923  25.784  25.669  6629.82     3631.0  orange 
 61159.818  25.989  25.859  25.736  6366.38     3631.0   r-P48 
 61159.818  26.047   25.92  25.796  6198.96     3631.0       r 
 61159.818  26.381  26.262  26.124  5182.42     3631.0    cyan 
 61159.818  26.665  26.545  26.404  4746.48     3631.0   g-P48 
 61159.818  26.706  26.585  26.441  4735.89     3631.0       g 
 61161.832  25.934  25.794  25.679  6629.82     3631.0  orange 
 61161.832  25.999   25.87  25.746  6366.38     3631.0   r-P48 
 61161.832  26.057   25.93  25.806  6198.96     3631.0       r 
 61161.832  26.391  26.272  26.134  5182.42     3631.0    cyan 
 61161.832  26.675  26.555  26.414  4746.48     3631.0   g-P48 
 61161.832  26.716  26.595  26.451  4735.89     3631.0       g 
 61163.846  25.944  25.804  25.689  6629.82     3631.0  orange 
 61163.846  26.009   25.88  25.756  6366.38     3631.0   r-P48 
 61163.846  26.067   25.94  25.816  6198.96     3631.0       r 
 61163.846  26.401  26.282  26.143  5182.42     3631.0    cyan 
 61163.846  26.685  26.565  26.424  4746.48     3631.0   g-P48 
 61163.846  26.726  26.605  26.461  4735.89     3631.0       g 
 61165.859  25.954  25.814  25.698  6629.82     3631.0  orange 
 61165.859  26.019   25.89  25.765  6366.38     3631.0   r-P48 
 61165.859  26.077   25.95  25.826  6198.96     3631.0       r 
 61165.859  26.411  26.292  26.153  5182.42     3631.0    cyan 
 61165.859  26.696  26.575  26.434  4746.48     3631.0   g-P48 
 61165.859  26.736  26.615  26.471  4735.89     3631.0       g 
 61167.873  25.964  25.824  25.708  6629.82     3631.0  orange 
 61167.873  26.029    25.9  25.775  6366.38     3631.0   r-P48 
 61167.873  26.087   25.96  25.836  6198.96     3631.0       r 
 61167.873  26.422  26.302  26.163  5182.42     3631.0    cyan 
 61167.873  26.706  26.585  26.444  4746.48     3631.0   g-P48 
 61167.873  26.746  26.625  26.481  4735.89     3631.0       g 
 61169.887  25.974  25.834  25.718  6629.82     3631.0  orange 
 61169.887  26.039  25.909  25.785  6366.38     3631.0   r-P48 
 61169.887  26.097   25.97  25.846  6198.96     3631.0       r 
 61169.887  26.432  26.312  26.173  5182.42     3631.0    cyan 
 61169.887  26.716  26.595  26.453  4746.48     3631.0   g-P48 
 61169.887  26.756  26.635  26.491  4735.89     3631.0       g 
   61171.9  25.984  25.844  25.728  6629.82     3631.0  orange 
   61171.9  26.049  25.919  25.795  6366.38     3631.0   r-P48 
   61171.9  26.107   25.98  25.856  6198.96     3631.0       r 
   61171.9  26.442  26.322  26.183  5182.42     3631.0    cyan 
   61171.9  26.726  26.605  26.463  4746.48     3631.0   g-P48 
   61171.9  26.766  26.645  26.501  4735.89     3631.0       g 
 61173.914  25.994  25.854  25.738  6629.82     3631.0  orange 
 61173.914  26.059  25.929  25.805  6366.38     3631.0   r-P48 
 61173.914  26.117   25.99  25.866  6198.96     3631.0       r 
 61173.914  26.452  26.332  26.193  5182.42     3631.0    cyan 
 61173.914  26.736  26.615  26.473  4746.48     3631.0   g-P48 
 61173.914  26.776  26.655  26.511  4735.89     3631.0       g 
 61175.928  26.004  25.864  25.748  6629.82     3631.0  orange 
 61175.928  26.069  25.939  25.815  6366.38     3631.0   r-P48 
 61175.928  26.127    26.0  25.876  6198.96     3631.0       r 
 61175.928  26.462  26.341  26.203  5182.42     3631.0    cyan 
 61175.928  26.746  26.625  26.483  4746.48     3631.0   g-P48 
 61175.928  26.786  26.665  26.521  4735.89     3631.0       g 
 61177.941  26.014  25.874  25.758  6629.82     3631.0  orange 
 61177.941  26.079  25.949  25.825  6366.38     3631.0   r-P48 
 61177.941  26.137   26.01  25.886  6198.96     3631.0       r 
 61177.941  26.472  26.351  26.212  5182.42     3631.0    cyan 
 61177.941  26.756  26.635  26.493  4746.48     3631.0   g-P48 
 61177.941  26.796  26.675  26.531  4735.89     3631.0       g 
 61179.955  26.024  25.884  25.767  6629.82     3631.0  orange 
 61179.955  26.089  25.959  25.834  6366.38     3631.0   r-P48 
 61179.955  26.147   26.02  25.895  6198.96     3631.0       r 
 61179.955  26.481  26.361  26.222  5182.42     3631.0    cyan 
 61179.955  26.766  26.645  26.502  4746.48     3631.0   g-P48 
 61179.955  26.806  26.685   26.54  4735.89     3631.0       g 
 61181.969  26.033  25.894  25.777  6629.82     3631.0  orange 
 61181.969  26.099  25.969  25.844  6366.38     3631.0   r-P48 
 61181.969  26.157  26.029  25.905  6198.96     3631.0       r 
 61181.969  26.491  26.371  26.232  5182.42     3631.0    cyan 
 61181.969  26.776  26.655  26.512  4746.48     3631.0   g-P48 
 61181.969  26.816  26.694   26.55  4735.89     3631.0       g 
 61183.982  26.043  25.903  25.787  6629.82     3631.0  orange 
 61183.982  26.109  25.978  25.854  6366.38     3631.0   r-P48 
 61183.982  26.167  26.039  25.915  6198.96     3631.0       r 
 61183.982  26.501  26.381  26.242  5182.42     3631.0    cyan 
 61183.982  26.786  26.665  26.522  4746.48     3631.0   g-P48 
 61183.982  26.826  26.704   26.56  4735.89     3631.0       g 
 61185.996  26.053  25.913  25.797  6629.82     3631.0  orange 
 61185.996  26.118  25.988  25.864  6366.38     3631.0   r-P48 
 61185.996  26.177  26.049  25.925  6198.96     3631.0       r 
 61185.996  26.511   26.39  26.251  5182.42     3631.0    cyan 
 61185.996  26.795  26.674  26.532  4746.48     3631.0   g-P48 
 61185.996  26.836  26.714   26.57  4735.89     3631.0       g 
  61188.01  26.063  25.923  25.806  6629.82     3631.0  orange 
  61188.01  26.128  25.998  25.873  6366.38     3631.0   r-P48 
  61188.01  26.187  26.059  25.934  6198.96     3631.0       r 
  61188.01  26.521    26.4  26.261  5182.42     3631.0    cyan 
  61188.01  26.805  26.684  26.541  4746.48     3631.0   g-P48 
  61188.01  26.845  26.724  26.579  4735.89     3631.0       g 
 61190.023  26.073  25.933  25.816  6629.82     3631.0  orange 
 61190.023  26.138  26.008  25.883  6366.38     3631.0   r-P48 
 61190.023  26.196  26.068  25.944  6198.96     3631.0       r 
 61190.023  26.531   26.41  26.271  5182.42     3631.0    cyan 
 61190.023  26.815  26.694  26.551  4746.48     3631.0   g-P48 
 61190.023  26.855  26.734  26.589  4735.89     3631.0       g 
 61192.037  26.082  25.943  25.826  6629.82     3631.0  orange 
 61192.037  26.148  26.017  25.893  6366.38     3631.0   r-P48 
 61192.037  26.206  26.078  25.954  6198.96     3631.0       r 
 61192.037  26.541   26.42   26.28  5182.42     3631.0    cyan 
 61192.037  26.825  26.704  26.561  4746.48     3631.0   g-P48 
 61192.037  26.865  26.743  26.599  4735.89     3631.0       g 
 61194.051  26.092  25.952  25.835  6629.82     3631.0  orange 
 61194.051  26.158  26.027  25.902  6366.38     3631.0   r-P48 
 61194.051  26.216  26.088  25.963  6198.96     3631.0       r 
 61194.051   26.55  26.429   26.29  5182.42     3631.0    cyan 
 61194.051  26.835  26.713   26.57  4746.48     3631.0   g-P48 
 61194.051  26.875  26.753  26.608  4735.89     3631.0       g 
 61196.064  26.102  25.962  25.845  6629.82     3631.0  orange 
 61196.064  26.167  26.037  25.912  6366.38     3631.0   r-P48 
 61196.064  26.226  26.098  25.973  6198.96     3631.0       r 
 61196.064   26.56  26.439    26.3  5182.42     3631.0    cyan 
 61196.064  26.844  26.723   26.58  4746.48     3631.0   g-P48 
 61196.064  26.884  26.763  26.618  4735.89     3631.0       g 
 61198.078  26.112  25.972  25.855  6629.82     3631.0  orange 
 61198.078  26.177  26.046  25.921  6366.38     3631.0   r-P48 
 61198.078  26.235  26.107  25.982  6198.96     3631.0       r 
 61198.078   26.57  26.449  26.309  5182.42     3631.0    cyan 
 61198.078  26.854  26.733  26.589  4746.48     3631.0   g-P48 
 61198.078  26.894  26.772  26.628  4735.89     3631.0       g 
 61200.092  26.121  25.981  25.864  6629.82     3631.0  orange 
 61200.092  26.187  26.056  25.931  6366.38     3631.0   r-P48 
 61200.092  26.245  26.117  25.992  6198.96     3631.0       r 
 61200.092   26.58  26.458  26.319  5182.42     3631.0    cyan 
 61200.092  26.864  26.743  26.599  4746.48     3631.0   g-P48 
 61200.092  26.904  26.782  26.637  4735.89     3631.0       g 
 61202.105  26.131  25.991  25.874  6629.82     3631.0  orange 
 61202.105  26.196  26.066  25.941  6366.38     3631.0   r-P48 
 61202.105  26.255  26.126  26.002  6198.96     3631.0       r 
 61202.105  26.589  26.468  26.328  5182.42     3631.0    cyan 
 61202.105  26.874  26.752  26.609  4746.48     3631.0   g-P48 
 61202.105  26.913  26.792  26.647  4735.89     3631.0       g 
 61204.119  26.141    26.0  25.883  6629.82     3631.0  orange 
 61204.119  26.206  26.075   25.95  6366.38     3631.0   r-P48 
 61204.119  26.264  26.136  26.011  6198.96     3631.0       r 
 61204.119  26.599  26.477  26.338  5182.42     3631.0    cyan 
 61204.119  26.883  26.762  26.618  4746.48     3631.0   g-P48 
 61204.119  26.923  26.801  26.656  4735.89     3631.0       g 
 61206.133   26.15   26.01  25.893  6629.82     3631.0  orange 
 61206.133  26.216  26.085   25.96  6366.38     3631.0   r-P48 
 61206.133  26.274  26.146  26.021  6198.96     3631.0       r 
 61206.133  26.609  26.487  26.347  5182.42     3631.0    cyan 
 61206.133  26.893  26.771  26.628  4746.48     3631.0   g-P48 
 61206.133  26.933  26.811  26.666  4735.89     3631.0       g 
 61208.146   26.16   26.02  25.902  6629.82     3631.0  orange 
 61208.146  26.225  26.094  25.969  6366.38     3631.0   r-P48 
 61208.146  26.284  26.155   26.03  6198.96     3631.0       r 
 61208.146  26.618  26.497  26.357  5182.42     3631.0    cyan 
 61208.146  26.903  26.781  26.637  4746.48     3631.0   g-P48 
 61208.146  26.942   26.82  26.675  4735.89     3631.0       g 
  61210.16  26.169  26.029  25.912  6629.82     3631.0  orange 
  61210.16  26.235  26.104  25.979  6366.38     3631.0   r-P48 
  61210.16  26.293  26.165   26.04  6198.96     3631.0       r 
  61210.16  26.628  26.506  26.366  5182.42     3631.0    cyan 
  61210.16  26.912   26.79  26.647  4746.48     3631.0   g-P48 
  61210.16  26.952   26.83  26.685  4735.89     3631.0       g 
 61212.174  26.179  26.039  25.921  6629.82     3631.0  orange 
 61212.174  26.244  26.113  25.988  6366.38     3631.0   r-P48 
 61212.174  26.303  26.174  26.049  6198.96     3631.0       r 
 61212.174  26.637  26.516  26.376  5182.42     3631.0    cyan 
 61212.174  26.922    26.8  26.656  4746.48     3631.0   g-P48 
 61212.174  26.961  26.839  26.694  4735.89     3631.0       g 
 61214.187  26.188  26.048  25.931  6629.82     3631.0  orange 
 61214.187  26.254  26.123  25.997  6366.38     3631.0   r-P48 
 61214.187  26.312  26.184  26.058  6198.96     3631.0       r 
 61214.187  26.647  26.525  26.385  5182.42     3631.0    cyan 
 61214.187  26.931  26.809  26.665  4746.48     3631.0   g-P48 
 61214.187  26.971  26.849  26.704  4735.89     3631.0       g 
 61216.201  26.198  26.058   25.94  6629.82     3631.0  orange 
 61216.201  26.264  26.132  26.007  6366.38     3631.0   r-P48 
 61216.201  26.322  26.193  26.068  6198.96     3631.0       r 
 61216.201  26.657  26.535  26.394  5182.42     3631.0    cyan 
 61216.201  26.941  26.819  26.675  4746.48     3631.0   g-P48 
 61216.201   26.98  26.858  26.713  4735.89     3631.0       g 
 61218.214  26.207  26.067   25.95  6629.82     3631.0  orange 
 61218.214  26.273  26.142  26.016  6366.38     3631.0   r-P48 
 61218.214  26.331  26.202  26.077  6198.96     3631.0       r 
 61218.214  26.666  26.544  26.404  5182.42     3631.0    cyan 
 61218.214   26.95  26.828  26.684  4746.48     3631.0   g-P48 
 61218.214   26.99  26.868  26.722  4735.89     3631.0       g 
 61220.228  26.217  26.077  25.959  6629.82     3631.0  orange 
 61220.228  26.282  26.151  26.026  6366.38     3631.0   r-P48 
 61220.228  26.341  26.212  26.086  6198.96     3631.0       r 
 61220.228  26.676  26.553  26.413  5182.42     3631.0    cyan 
 61220.228   26.96  26.838  26.693  4746.48     3631.0   g-P48 
 61220.228  26.999  26.877  26.732  4735.89     3631.0       g 
 61222.242  26.226  26.086  25.968  6629.82     3631.0  orange 
 61222.242  26.292  26.161  26.035  6366.38     3631.0   r-P48 
 61222.242   26.35  26.221  26.096  6198.96     3631.0       r 
 61222.242  26.685  26.563  26.422  5182.42     3631.0    cyan 
 61222.242  26.969  26.847  26.703  4746.48     3631.0   g-P48 
 61222.242  27.009  26.887  26.741  4735.89     3631.0       g 
 61224.255  26.236  26.095  25.978  6629.82     3631.0  orange 
 61224.255  26.301   26.17  26.044  6366.38     3631.0   r-P48 
 61224.255   26.36  26.231  26.105  6198.96     3631.0       r 
 61224.255  26.694  26.572  26.432  5182.42     3631.0    cyan 
 61224.255  26.979  26.857  26.712  4746.48     3631.0   g-P48 
 61224.255  27.018  26.896  26.751  4735.89     3631.0       g 
 61226.269  26.245  26.105  25.987  6629.82     3631.0  orange 
 61226.269  26.311  26.179  26.054  6366.38     3631.0   r-P48 
 61226.269  26.369   26.24  26.114  6198.96     3631.0       r 
 61226.269  26.704  26.582  26.441  5182.42     3631.0    cyan 
 61226.269  26.988  26.866  26.721  4746.48     3631.0   g-P48 
 61226.269  27.028  26.905   26.76  4735.89     3631.0       g 
 61228.283  26.255  26.114  25.996  6629.82     3631.0  orange 
 61228.283   26.32  26.189  26.063  6366.38     3631.0   r-P48 
 61228.283  26.378  26.249  26.124  6198.96     3631.0       r 
 61228.283  26.713  26.591   26.45  5182.42     3631.0    cyan 
 61228.283  26.998  26.875  26.731  4746.48     3631.0   g-P48 
 61228.283  27.037  26.915  26.769  4735.89     3631.0       g 
 61230.296  26.264  26.123  26.005  6629.82     3631.0  orange 
 61230.296   26.33  26.198  26.072  6366.38     3631.0   r-P48 
 61230.296  26.388  26.259  26.133  6198.96     3631.0       r 
 61230.296  26.723    26.6  26.459  5182.42     3631.0    cyan 
 61230.296  27.007  26.885   26.74  4746.48     3631.0   g-P48 
 61230.296  27.046  26.924  26.778  4735.89     3631.0       g 
  61232.31  26.273  26.133  26.015  6629.82     3631.0  orange 
  61232.31  26.339  26.207  26.081  6366.38     3631.0   r-P48 
  61232.31  26.397  26.268  26.142  6198.96     3631.0       r 
  61232.31  26.732  26.609  26.469  5182.42     3631.0    cyan 
  61232.31  27.017  26.894  26.749  4746.48     3631.0   g-P48 
  61232.31  27.056  26.933  26.788  4735.89     3631.0       g 
 61234.324  26.283  26.142  26.024  6629.82     3631.0  orange 
 61234.324  26.348  26.216  26.091  6366.38     3631.0   r-P48 
 61234.324  26.407  26.277  26.151  6198.96     3631.0       r 
 61234.324  26.741  26.619  26.478  5182.42     3631.0    cyan 
 61234.324  27.026  26.903  26.758  4746.48     3631.0   g-P48 
 61234.324  27.065  26.942  26.797  4735.89     3631.0       g 
 61236.337  26.292  26.151  26.033  6629.82     3631.0  orange 
 61236.337  26.358  26.226    26.1  6366.38     3631.0   r-P48 
 61236.337  26.416  26.286  26.161  6198.96     3631.0       r 
 61236.337  26.751  26.628  26.487  5182.42     3631.0    cyan 
 61236.337  27.035  26.913  26.768  4746.48     3631.0   g-P48 
 61236.337  27.074  26.952  26.806  4735.89     3631.0       g 
 61238.351  26.301   26.16  26.042  6629.82     3631.0  orange 
 61238.351  26.367  26.235  26.109  6366.38     3631.0   r-P48 
 61238.351  26.425  26.296   26.17  6198.96     3631.0       r 
 61238.351   26.76  26.637  26.496  5182.42     3631.0    cyan 
 61238.351  27.045  26.922  26.777  4746.48     3631.0   g-P48 
 61238.351  27.084  26.961  26.815  4735.89     3631.0       g 
 61240.365  26.311   26.17  26.052  6629.82     3631.0  orange 
 61240.365  26.376  26.244  26.118  6366.38     3631.0   r-P48 
 61240.365  26.434  26.305  26.179  6198.96     3631.0       r 
 61240.365  26.769  26.646  26.505  5182.42     3631.0    cyan 
 61240.365  27.054  26.931  26.786  4746.48     3631.0   g-P48 
 61240.365  27.093   26.97  26.825  4735.89     3631.0       g 
 61242.378   26.32  26.179  26.061  6629.82     3631.0  orange 
 61242.378  26.385  26.253  26.127  6366.38     3631.0   r-P48 
 61242.378  26.444  26.314  26.188  6198.96     3631.0       r 
 61242.378  26.779  26.656  26.515  5182.42     3631.0    cyan 
 61242.378  27.063   26.94  26.795  4746.48     3631.0   g-P48 
 61242.378  27.102  26.979  26.834  4735.89     3631.0       g 
 61244.392  26.329  26.188   26.07  6629.82     3631.0  orange 
 61244.392  26.395  26.263  26.136  6366.38     3631.0   r-P48 
 61244.392  26.453  26.323  26.197  6198.96     3631.0       r 
 61244.392  26.788  26.665  26.524  5182.42     3631.0    cyan 
 61244.392  27.072  26.949  26.804  4746.48     3631.0   g-P48 
 61244.392  27.111  26.989  26.843  4735.89     3631.0       g 
 61246.406  26.338  26.197  26.079  6629.82     3631.0  orange 
 61246.406  26.404  26.272  26.146  6366.38     3631.0   r-P48 
 61246.406  26.462  26.332  26.206  6198.96     3631.0       r 
 61246.406  26.797  26.674  26.533  5182.42     3631.0    cyan 
 61246.406  27.082  26.959  26.813  4746.48     3631.0   g-P48 
 61246.406  27.121  26.998  26.852  4735.89     3631.0       g 
 61248.419  26.347  26.206  26.088  6629.82     3631.0  orange 
 61248.419  26.413  26.281  26.155  6366.38     3631.0   r-P48 
 61248.419  26.471  26.341  26.215  6198.96     3631.0       r 
 61248.419  26.806  26.683  26.542  5182.42     3631.0    cyan 
 61248.419  27.091  26.968  26.822  4746.48     3631.0   g-P48 
 61248.419   27.13  27.007  26.861  4735.89     3631.0       g 
 61250.433  26.357  26.216  26.097  6629.82     3631.0  orange 
 61250.433  26.422   26.29  26.164  6366.38     3631.0   r-P48 
 61250.433  26.481  26.351  26.224  6198.96     3631.0       r 
 61250.433  26.815  26.692  26.551  5182.42     3631.0    cyan 
 61250.433    27.1  26.977  26.831  4746.48     3631.0   g-P48 
 61250.433  27.139  27.016   26.87  4735.89     3631.0       g 
 61252.447  26.366  26.225  26.106  6629.82     3631.0  orange 
 61252.447  26.431  26.299  26.173  6366.38     3631.0   r-P48 
 61252.447   26.49   26.36  26.233  6198.96     3631.0       r 
 61252.447  26.825  26.701   26.56  5182.42     3631.0    cyan 
 61252.447  27.109  26.986   26.84  4746.48     3631.0   g-P48 
 61252.447  27.148  27.025  26.879  4735.89     3631.0       g 
  61254.46  26.375  26.234  26.115  6629.82     3631.0  orange 
  61254.46  26.441  26.308  26.182  6366.38     3631.0   r-P48 
  61254.46  26.499  26.369  26.242  6198.96     3631.0       r 
  61254.46  26.834   26.71  26.569  5182.42     3631.0    cyan 
  61254.46  27.118  26.995  26.849  4746.48     3631.0   g-P48 
  61254.46  27.157  27.034  26.888  4735.89     3631.0       g 
 61256.474  26.384  26.243  26.124  6629.82     3631.0  orange 
 61256.474   26.45  26.317  26.191  6366.38     3631.0   r-P48 
 61256.474  26.508  26.378  26.251  6198.96     3631.0       r 
 61256.474  26.843  26.719  26.578  5182.42     3631.0    cyan 
 61256.474  27.128  27.004  26.858  4746.48     3631.0   g-P48 
 61256.474  27.166  27.043  26.897  4735.89     3631.0       g 
 61258.488  26.393  26.252  26.133  6629.82     3631.0  orange 
 61258.488  26.459  26.326    26.2  6366.38     3631.0   r-P48 
 61258.488  26.517  26.387   26.26  6198.96     3631.0       r 
 61258.488  26.852  26.728  26.587  5182.42     3631.0    cyan 
 61258.488  27.137  27.013  26.867  4746.48     3631.0   g-P48 
 61258.488  27.175  27.052  26.906  4735.89     3631.0       g 
 61260.501  26.402  26.261  26.142  6629.82     3631.0  orange 
 61260.501  26.468  26.335  26.209  6366.38     3631.0   r-P48 
 61260.501  26.526  26.396  26.269  6198.96     3631.0       r 
 61260.501  26.861  26.738  26.596  5182.42     3631.0    cyan 
 61260.501  27.146  27.022  26.876  4746.48     3631.0   g-P48 
 61260.501  27.184  27.061  26.915  4735.89     3631.0       g 
 61262.515  26.411   26.27  26.151  6629.82     3631.0  orange 
 61262.515  26.477  26.344  26.218  6366.38     3631.0   r-P48 
 61262.515  26.535  26.405  26.278  6198.96     3631.0       r 
 61262.515   26.87  26.747  26.605  5182.42     3631.0    cyan 
 61262.515  27.155  27.031  26.885  4746.48     3631.0   g-P48 
 61262.515  27.193   27.07  26.924  4735.89     3631.0       g 
 61264.529   26.42  26.279   26.16  6629.82     3631.0  orange 
 61264.529  26.486  26.353  26.227  6366.38     3631.0   r-P48 
 61264.529  26.544  26.414  26.287  6198.96     3631.0       r 
 61264.529  26.879  26.756  26.614  5182.42     3631.0    cyan 
 61264.529  27.164   27.04  26.894  4746.48     3631.0   g-P48 
 61264.529  27.202  27.079  26.933  4735.89     3631.0       g 
 61266.542  26.429  26.288  26.169  6629.82     3631.0  orange 
 61266.542  26.495  26.362  26.236  6366.38     3631.0   r-P48 
 61266.542  26.553  26.423  26.296  6198.96     3631.0       r 
 61266.542  26.888  26.764  26.623  5182.42     3631.0    cyan 
 61266.542  27.173  27.049  26.903  4746.48     3631.0   g-P48 
 61266.542  27.211  27.088  26.942  4735.89     3631.0       g 
 61268.556  26.438  26.297  26.178  6629.82     3631.0  orange 
 61268.556  26.504  26.371  26.245  6366.38     3631.0   r-P48 
 61268.556  26.562  26.432  26.305  6198.96     3631.0       r 
 61268.556  26.897  26.773  26.632  5182.42     3631.0    cyan 
 61268.556  27.182  27.058  26.912  4746.48     3631.0   g-P48 
 61268.556   27.22  27.097  26.951  4735.89     3631.0       g 
  61270.57  26.447  26.306  26.187  6629.82     3631.0  orange 
  61270.57  26.513   26.38  26.253  6366.38     3631.0   r-P48 
  61270.57  26.571  26.441  26.314  6198.96     3631.0       r 
  61270.57  26.906  26.782   26.64  5182.42     3631.0    cyan 
  61270.57  27.191  27.067  26.921  4746.48     3631.0   g-P48 
  61270.57  27.229  27.106   26.96  4735.89     3631.0       g 
 61272.583  26.456  26.315  26.196  6629.82     3631.0  orange 
 61272.583  26.522  26.389  26.262  6366.38     3631.0   r-P48 
 61272.583   26.58  26.449  26.323  6198.96     3631.0       r 
 61272.583  26.915  26.791  26.649  5182.42     3631.0    cyan 
 61272.583    27.2  27.076   26.93  4746.48     3631.0   g-P48 
 61272.583  27.238  27.115  26.969  4735.89     3631.0       g 
 61274.597  26.465  26.324  26.205  6629.82     3631.0  orange 
 61274.597  26.531  26.398  26.271  6366.38     3631.0   r-P48 
 61274.597  26.589  26.458  26.331  6198.96     3631.0       r 
 61274.597  26.924    26.8  26.658  5182.42     3631.0    cyan 
 61274.597  27.209  27.085  26.939  4746.48     3631.0   g-P48 
 61274.597  27.247  27.124  26.978  4735.89     3631.0       g 
 61276.611  26.474  26.332  26.214  6629.82     3631.0  orange 
 61276.611   26.54  26.407   26.28  6366.38     3631.0   r-P48 
 61276.611  26.598  26.467   26.34  6198.96     3631.0       r 
 61276.611  26.933  26.809  26.667  5182.42     3631.0    cyan 
 61276.611  27.218  27.094  26.947  4746.48     3631.0   g-P48 
 61276.611  27.256  27.133  26.986  4735.89     3631.0       g 
 61278.624  26.483  26.341  26.222  6629.82     3631.0  orange 
 61278.624  26.549  26.416  26.289  6366.38     3631.0   r-P48 
 61278.624  26.607  26.476  26.349  6198.96     3631.0       r 
 61278.624  26.942  26.818  26.676  5182.42     3631.0    cyan 
 61278.624  27.227  27.103  26.956  4746.48     3631.0   g-P48 
 61278.624  27.265  27.142  26.995  4735.89     3631.0       g 
 61280.638  26.492   26.35  26.231  6629.82     3631.0  orange 
 61280.638  26.558  26.424  26.298  6366.38     3631.0   r-P48 
 61280.638  26.616  26.485  26.358  6198.96     3631.0       r 
 61280.638  26.951  26.827  26.684  5182.42     3631.0    cyan 
 61280.638  27.236  27.112  26.965  4746.48     3631.0   g-P48 
 61280.638  27.274  27.151  27.004  4735.89     3631.0       g 
 61282.652  26.501  26.359   26.24  6629.82     3631.0  orange 
 61282.652  26.566  26.433  26.306  6366.38     3631.0   r-P48 
 61282.652  26.625  26.494  26.367  6198.96     3631.0       r 
 61282.652   26.96  26.836  26.693  5182.42     3631.0    cyan 
 61282.652  27.245   27.12  26.974  4746.48     3631.0   g-P48 
 61282.652  27.283  27.159  27.013  4735.89     3631.0       g 
 61284.665   26.51  26.368  26.249  6629.82     3631.0  orange 
 61284.665  26.575  26.442  26.315  6366.38     3631.0   r-P48 
 61284.665  26.634  26.503  26.375  6198.96     3631.0       r 
 61284.665  26.969  26.844  26.702  5182.42     3631.0    cyan 
 61284.665  27.253  27.129  26.982  4746.48     3631.0   g-P48 
 61284.665  27.292  27.168  27.022  4735.89     3631.0       g 
 61286.679  26.518  26.377  26.257  6629.82     3631.0  orange 
 61286.679  26.584  26.451  26.324  6366.38     3631.0   r-P48 
 61286.679  26.642  26.511  26.384  6198.96     3631.0       r 
 61286.679  26.977  26.853  26.711  5182.42     3631.0    cyan 
 61286.679  27.262  27.138  26.991  4746.48     3631.0   g-P48 
 61286.679  27.301  27.177   27.03  4735.89     3631.0       g 
 61288.693  26.527  26.385  26.266  6629.82     3631.0  orange 
 61288.693  26.593   26.46  26.333  6366.38     3631.0   r-P48 
 61288.693  26.651   26.52  26.393  6198.96     3631.0       r 
 61288.693  26.986  26.862  26.719  5182.42     3631.0    cyan 
 61288.693  27.271  27.147    27.0  4746.48     3631.0   g-P48 
 61288.693  27.309  27.186  27.039  4735.89     3631.0       g 
 61290.706  26.536  26.394  26.275  6629.82     3631.0  orange 
 61290.706  26.602  26.468  26.341  6366.38     3631.0   r-P48 
 61290.706   26.66  26.529  26.401  6198.96     3631.0       r 
 61290.706  26.995  26.871  26.728  5182.42     3631.0    cyan 
 61290.706   27.28  27.156  27.009  4746.48     3631.0   g-P48 
 61290.706  27.318  27.195  27.048  4735.89     3631.0       g 
  61292.72  26.545  26.403  26.284  6629.82     3631.0  orange 
  61292.72  26.611  26.477   26.35  6366.38     3631.0   r-P48 
  61292.72  26.669  26.538   26.41  6198.96     3631.0       r 
  61292.72  27.004  26.879  26.737  5182.42     3631.0    cyan 
  61292.72  27.289  27.164  27.017  4746.48     3631.0   g-P48 
  61292.72  27.327  27.203  27.056  4735.89     3631.0       g 
 61294.734  26.554  26.412  26.292  6629.82     3631.0  orange 
 61294.734  26.619  26.486  26.359  6366.38     3631.0   r-P48 
 61294.734  26.678  26.546  26.419  6198.96     3631.0       r 
 61294.734  27.013  26.888  26.745  5182.42     3631.0    cyan 
 61294.734  27.298  27.173  27.026  4746.48     3631.0   g-P48 
 61294.734  27.336  27.212  27.065  4735.89     3631.0       g 
 61296.747  26.562   26.42  26.301  6629.82     3631.0  orange 
 61296.747  26.628  26.495  26.367  6366.38     3631.0   r-P48 
 61296.747  26.686  26.555  26.427  6198.96     3631.0       r 
 61296.747  27.021  26.897  26.754  5182.42     3631.0    cyan 
 61296.747  27.306  27.182  27.034  4746.48     3631.0   g-P48 
 61296.747  27.344  27.221  27.074  4735.89     3631.0       g 
 61298.761  26.571  26.429   26.31  6629.82     3631.0  orange 
 61298.761  26.637  26.503  26.376  6366.38     3631.0   r-P48 
 61298.761  26.695  26.564  26.436  6198.96     3631.0       r 
 61298.761   27.03  26.906  26.763  5182.42     3631.0    cyan 
 61298.761  27.315   27.19  27.043  4746.48     3631.0   g-P48 
 61298.761  27.353  27.229  27.082  4735.89     3631.0       g 
 61300.775   26.58  26.438  26.318  6629.82     3631.0  orange 
 61300.775  26.646  26.512  26.385  6366.38     3631.0   r-P48 
 61300.775  26.704  26.572  26.445  6198.96     3631.0       r 
 61300.775  27.039  26.914  26.771  5182.42     3631.0    cyan 
 61300.775  27.324  27.199  27.052  4746.48     3631.0   g-P48 
 61300.775  27.362  27.238  27.091  4735.89     3631.0       g 
 61302.788  26.589  26.446  26.327  6629.82     3631.0  orange 
 61302.788  26.654  26.521  26.393  6366.38     3631.0   r-P48 
 61302.788  26.713  26.581  26.453  6198.96     3631.0       r 
 61302.788  27.047  26.923   26.78  5182.42     3631.0    cyan 
 61302.788  27.333  27.208   27.06  4746.48     3631.0   g-P48 
 61302.788  27.371  27.247    27.1  4735.89     3631.0       g 
 61304.802  26.597  26.455  26.335  6629.82     3631.0  orange 
 61304.802  26.663  26.529  26.402  6366.38     3631.0   r-P48 
 61304.802  26.721  26.589  26.462  6198.96     3631.0       r 
 61304.802  27.056  26.931  26.788  5182.42     3631.0    cyan 
 61304.802  27.341  27.216  27.069  4746.48     3631.0   g-P48 
 61304.802  27.379  27.255  27.108  4735.89     3631.0       g 
 61306.816  26.606  26.463  26.344  6629.82     3631.0  orange 
 61306.816  26.672  26.538   26.41  6366.38     3631.0   r-P48 
 61306.816   26.73  26.598   26.47  6198.96     3631.0       r 
 61306.816  27.065   26.94  26.797  5182.42     3631.0    cyan 
 61306.816   27.35  27.225  27.077  4746.48     3631.0   g-P48 
 61306.816  27.388  27.264  27.117  4735.89     3631.0       g 
 61308.829  26.615  26.472  26.353  6629.82     3631.0  orange 
 61308.829   26.68  26.546  26.419  6366.38     3631.0   r-P48 
 61308.829  26.739  26.607  26.479  6198.96     3631.0       r 
 61308.829  27.073  26.949  26.806  5182.42     3631.0    cyan 
 61308.829  27.359  27.234  27.086  4746.48     3631.0   g-P48 
 61308.829  27.396  27.273  27.125  4735.89     3631.0       g 
 61310.843  26.623  26.481  26.361  6629.82     3631.0  orange 
 61310.843  26.689  26.555  26.428  6366.38     3631.0   r-P48 
 61310.843  26.747  26.615  26.487  6198.96     3631.0       r 
 61310.843  27.082  26.957  26.814  5182.42     3631.0    cyan 
 61310.843  27.367  27.242  27.094  4746.48     3631.0   g-P48 
 61310.843  27.405  27.281  27.134  4735.89     3631.0       g 
 61312.857  26.632  26.489   26.37  6629.82     3631.0  orange 
 61312.857  26.697  26.563  26.436  6366.38     3631.0   r-P48 
 61312.857  26.756  26.624  26.496  6198.96     3631.0       r 
 61312.857  27.091  26.966  26.823  5182.42     3631.0    cyan 
 61312.857  27.376  27.251  27.103  4746.48     3631.0   g-P48 
 61312.857  27.414   27.29  27.142  4735.89     3631.0       g 
  61314.87   26.64  26.498  26.378  6629.82     3631.0  orange 
  61314.87  26.706  26.572  26.445  6366.38     3631.0   r-P48 
  61314.87  26.764  26.632  26.504  6198.96     3631.0       r 
  61314.87  27.099  26.974  26.831  5182.42     3631.0    cyan 
  61314.87  27.384  27.259  27.111  4746.48     3631.0   g-P48 
  61314.87  27.422  27.298  27.151  4735.89     3631.0       g 
 61316.884  26.649  26.506  26.387  6629.82     3631.0  orange 
 61316.884  26.715  26.581  26.453  6366.38     3631.0   r-P48 
 61316.884  26.773  26.641  26.513  6198.96     3631.0       r 
 61316.884  27.108  26.983   26.84  5182.42     3631.0    cyan 
 61316.884  27.393  27.268   27.12  4746.48     3631.0   g-P48 
 61316.884  27.431  27.307  27.159  4735.89     3631.0       g 
 61318.898  26.657  26.515  26.395  6629.82     3631.0  orange 
 61318.898  26.723  26.589  26.462  6366.38     3631.0   r-P48 
 61318.898  26.781  26.649  26.521  6198.96     3631.0       r 
 61318.898  27.116  26.992  26.848  5182.42     3631.0    cyan 
 61318.898  27.402  27.276  27.128  4746.48     3631.0   g-P48 
 61318.898  27.439  27.315  27.168  4735.89     3631.0       g 
 61320.911  26.666  26.523  26.404  6629.82     3631.0  orange 
 61320.911  26.732  26.598   26.47  6366.38     3631.0   r-P48 
 61320.911   26.79  26.658   26.53  6198.96     3631.0       r 
 61320.911  27.125    27.0  26.856  5182.42     3631.0    cyan 
 61320.911   27.41  27.285  27.137  4746.48     3631.0   g-P48 
 61320.911  27.448  27.324  27.176  4735.89     3631.0       g 
 61322.925  26.675  26.532  26.412  6629.82     3631.0  orange 
 61322.925   26.74  26.606  26.478  6366.38     3631.0   r-P48 
 61322.925  26.799  26.666  26.538  6198.96     3631.0       r 
 61322.925  27.133  27.009  26.865  5182.42     3631.0    cyan 
 61322.925  27.419  27.293  27.145  4746.48     3631.0   g-P48 
 61322.925  27.456  27.332  27.185  4735.89     3631.0       g 
 61324.938  26.683   26.54  26.421  6629.82     3631.0  orange 
 61324.938  26.749  26.614  26.487  6366.38     3631.0   r-P48 
 61324.938  26.807  26.675  26.547  6198.96     3631.0       r 
 61324.938  27.142  27.017  26.873  5182.42     3631.0    cyan 
 61324.938  27.427  27.302  27.154  4746.48     3631.0   g-P48 
 61324.938  27.465  27.341  27.193  4735.89     3631.0       g 
 61326.952  26.692  26.549  26.429  6629.82     3631.0  orange 
 61326.952  26.757  26.623  26.495  6366.38     3631.0   r-P48 
 61326.952  26.816  26.683  26.555  6198.96     3631.0       r 
 61326.952   27.15  27.025  26.882  5182.42     3631.0    cyan 
 61326.952  27.436   27.31  27.162  4746.48     3631.0   g-P48 
 61326.952  27.473  27.349  27.201  4735.89     3631.0       g 
 61328.966    26.7  26.557  26.437  6629.82     3631.0  orange 
 61328.966  26.766  26.631  26.504  6366.38     3631.0   r-P48 
 61328.966  26.824  26.692  26.563  6198.96     3631.0       r 
 61328.966  27.159  27.034   26.89  5182.42     3631.0    cyan 
 61328.966  27.444  27.319   27.17  4746.48     3631.0   g-P48 
 61328.966  27.482  27.358   27.21  4735.89     3631.0       g 
 61330.979  26.708  26.566  26.446  6629.82     3631.0  orange 
 61330.979  26.774   26.64  26.512  6366.38     3631.0   r-P48 
 61330.979  26.832    26.7  26.572  6198.96     3631.0       r 
 61330.979  27.167  27.042  26.898  5182.42     3631.0    cyan 
 61330.979  27.453  27.327  27.179  4746.48     3631.0   g-P48 
 61330.979   27.49  27.366  27.218  4735.89     3631.0       g 
 61332.993  26.717  26.574  26.454  6629.82     3631.0  orange 
 61332.993  26.783  26.648   26.52  6366.38     3631.0   r-P48 
 61332.993  26.841  26.708   26.58  6198.96     3631.0       r 
 61332.993  27.176  27.051  26.907  5182.42     3631.0    cyan 
 61332.993  27.461  27.335  27.187  4746.48     3631.0   g-P48 
 61332.993  27.499  27.374  27.226  4735.89     3631.0       g 
 61335.007  26.725  26.582  26.462  6629.82     3631.0  orange 
 61335.007  26.791  26.657  26.529  6366.38     3631.0   r-P48 
 61335.007  26.849  26.717  26.588  6198.96     3631.0       r 
 61335.007  27.184  27.059  26.915  5182.42     3631.0    cyan 
 61335.007   27.47  27.344  27.195  4746.48     3631.0   g-P48 
 61335.007  27.507  27.383  27.235  4735.89     3631.0       g 
  61337.02  26.734  26.591  26.471  6629.82     3631.0  orange 
  61337.02  26.799  26.665  26.537  6366.38     3631.0   r-P48 
  61337.02  26.858  26.725  26.597  6198.96     3631.0       r 
  61337.02  27.193  27.067  26.923  5182.42     3631.0    cyan 
  61337.02  27.478  27.352  27.204  4746.48     3631.0   g-P48 
  61337.02  27.516  27.391  27.243  4735.89     3631.0       g 
 61339.034  26.742  26.599  26.479  6629.82     3631.0  orange 
 61339.034  26.808  26.673  26.545  6366.38     3631.0   r-P48 
 61339.034  26.866  26.734  26.605  6198.96     3631.0       r 
 61339.034  27.201  27.076  26.932  5182.42     3631.0    cyan 
 61339.034  27.486  27.361  27.212  4746.48     3631.0   g-P48 
 61339.034  27.524  27.399  27.251  4735.89     3631.0       g 
 61341.048  26.751  26.608  26.487  6629.82     3631.0  orange 
 61341.048  26.816  26.682  26.554  6366.38     3631.0   r-P48 
 61341.048  26.875  26.742  26.613  6198.96     3631.0       r 
 61341.048  27.209  27.084   26.94  5182.42     3631.0    cyan 
 61341.048  27.495  27.369   27.22  4746.48     3631.0   g-P48 
 61341.048  27.532  27.408   27.26  4735.89     3631.0       g 
 61343.061  26.759  26.616  26.496  6629.82     3631.0  orange 
 61343.061  26.825   26.69  26.562  6366.38     3631.0   r-P48 
 61343.061  26.883   26.75  26.622  6198.96     3631.0       r 
 61343.061  27.218  27.092  26.948  5182.42     3631.0    cyan 
 61343.061  27.503  27.377  27.228  4746.48     3631.0   g-P48 
 61343.061  27.541  27.416  27.268  4735.89     3631.0       g 
 61345.075  26.767  26.624  26.504  6629.82     3631.0  orange 
 61345.075  26.833  26.698   26.57  6366.38     3631.0   r-P48 
 61345.075  26.891  26.759   26.63  6198.96     3631.0       r 
 61345.075  27.226  27.101  26.956  5182.42     3631.0    cyan 
 61345.075  27.512  27.385  27.237  4746.48     3631.0   g-P48 
 61345.075  27.549  27.424  27.276  4735.89     3631.0       g 
 61347.089  26.776  26.632  26.512  6629.82     3631.0  orange 
 61347.089  26.841  26.706  26.578  6366.38     3631.0   r-P48 
 61347.089    26.9  26.767  26.638  6198.96     3631.0       r 
 61347.089  27.234  27.109  26.965  5182.42     3631.0    cyan 
 61347.089   27.52  27.394  27.245  4746.48     3631.0   g-P48 
 61347.089  27.557  27.433  27.284  4735.89     3631.0       g 
 61349.102  26.784  26.641   26.52  6629.82     3631.0  orange 
 61349.102   26.85  26.715  26.587  6366.38     3631.0   r-P48 
 61349.102  26.908  26.775  26.646  6198.96     3631.0       r 
 61349.102  27.243  27.117  26.973  5182.42     3631.0    cyan 
 61349.102  27.528  27.402  27.253  4746.48     3631.0   g-P48 
 61349.102  27.566  27.441  27.293  4735.89     3631.0       g 
 61351.116  26.792  26.649  26.529  6629.82     3631.0  orange 
 61351.116  26.858  26.723  26.595  6366.38     3631.0   r-P48 
 61351.116  26.916  26.783  26.654  6198.96     3631.0       r 
 61351.116  27.251  27.126  26.981  5182.42     3631.0    cyan 
 61351.116  27.536   27.41  27.261  4746.48     3631.0   g-P48 
 61351.116  27.574  27.449  27.301  4735.89     3631.0       g 
  61353.13    26.8  26.657  26.537  6629.82     3631.0  orange 
  61353.13  26.866  26.731  26.603  6366.38     3631.0   r-P48 
  61353.13  26.924  26.792  26.663  6198.96     3631.0       r 
  61353.13  27.259  27.134  26.989  5182.42     3631.0    cyan 
  61353.13  27.545  27.419   27.27  4746.48     3631.0   g-P48 
  61353.13  27.582  27.457  27.309  4735.89     3631.0       g 
 61355.143  26.809  26.665  26.545  6629.82     3631.0  orange 
 61355.143  26.874  26.739  26.611  6366.38     3631.0   r-P48 
 61355.143  26.933    26.8  26.671  6198.96     3631.0       r 
 61355.143  27.268  27.142  26.997  5182.42     3631.0    cyan 
 61355.143  27.553  27.427  27.278  4746.48     3631.0   g-P48 
 61355.143   27.59  27.466  27.317  4735.89     3631.0       g 
 61357.157  26.817  26.674  26.553  6629.82     3631.0  orange 
 61357.157  26.883  26.748  26.619  6366.38     3631.0   r-P48 
 61357.157  26.941  26.808  26.679  6198.96     3631.0       r 
 61357.157  27.276   27.15  27.006  5182.42     3631.0    cyan 
 61357.157  27.561  27.435  27.286  4746.48     3631.0   g-P48 
 61357.157  27.599  27.474  27.325  4735.89     3631.0       g 
 61359.171  26.825  26.682  26.561  6629.82     3631.0  orange 
 61359.171  26.891  26.756  26.628  6366.38     3631.0   r-P48 
 61359.171  26.949  26.816  26.687  6198.96     3631.0       r 
 61359.171  27.284  27.158  27.014  5182.42     3631.0    cyan 
 61359.171   27.57  27.443  27.294  4746.48     3631.0   g-P48 
 61359.171  27.607  27.482  27.334  4735.89     3631.0       g 
 61361.184  26.833   26.69   26.57  6629.82     3631.0  orange 
 61361.184  26.899  26.764  26.636  6366.38     3631.0   r-P48 
 61361.184  26.957  26.824  26.695  6198.96     3631.0       r 
 61361.184  27.292  27.167  27.022  5182.42     3631.0    cyan 
 61361.184  27.578  27.451  27.302  4746.48     3631.0   g-P48 
 61361.184  27.615   27.49  27.342  4735.89     3631.0       g 
 61363.198  26.842  26.698  26.578  6629.82     3631.0  orange 
 61363.198  26.907  26.772  26.644  6366.38     3631.0   r-P48 
 61363.198  26.966  26.833  26.703  6198.96     3631.0       r 
 61363.198  27.301  27.175   27.03  5182.42     3631.0    cyan 
 61363.198  27.586  27.459   27.31  4746.48     3631.0   g-P48 
 61363.198  27.623  27.498   27.35  4735.89     3631.0       g 
 61365.212   26.85  26.706  26.586  6629.82     3631.0  orange 
 61365.212  26.915   26.78  26.652  6366.38     3631.0   r-P48 
 61365.212  26.974  26.841  26.711  6198.96     3631.0       r 
 61365.212  27.309  27.183  27.038  5182.42     3631.0    cyan 
 61365.212  27.594  27.468  27.318  4746.48     3631.0   g-P48 
 61365.212  27.631  27.506  27.358  4735.89     3631.0       g 
 61367.225  26.858  26.715  26.594  6629.82     3631.0  orange 
 61367.225  26.924  26.788   26.66  6366.38     3631.0   r-P48 
 61367.225  26.982  26.849   26.72  6198.96     3631.0       r 
 61367.225  27.317  27.191  27.046  5182.42     3631.0    cyan 
 61367.225  27.602  27.476  27.326  4746.48     3631.0   g-P48 
 61367.225   27.64  27.515  27.366  4735.89     3631.0       g 
 61369.239  26.866  26.723  26.602  6629.82     3631.0  orange 
 61369.239  26.932  26.796  26.668  6366.38     3631.0   r-P48 
 61369.239   26.99  26.857  26.728  6198.96     3631.0       r 
 61369.239  27.325  27.199  27.054  5182.42     3631.0    cyan 
 61369.239  27.611  27.484  27.334  4746.48     3631.0   g-P48 
 61369.239  27.648  27.523  27.374  4735.89     3631.0       g 
 61371.253  26.874  26.731   26.61  6629.82     3631.0  orange 
 61371.253   26.94  26.804  26.676  6366.38     3631.0   r-P48 
 61371.253  26.998  26.865  26.736  6198.96     3631.0       r 
 61371.253  27.333  27.207  27.062  5182.42     3631.0    cyan 
 61371.253  27.619  27.492  27.342  4746.48     3631.0   g-P48 
 61371.253  27.656  27.531  27.382  4735.89     3631.0       g 
 61373.266  26.882  26.739  26.618  6629.82     3631.0  orange 
 61373.266  26.948  26.813  26.684  6366.38     3631.0   r-P48 
 61373.266  27.006  26.873  26.744  6198.96     3631.0       r 
 61373.266  27.341  27.215   27.07  5182.42     3631.0    cyan 
 61373.266  27.627    27.5  27.351  4746.48     3631.0   g-P48 
 61373.266  27.664  27.539   27.39  4735.89     3631.0       g 
  61375.28  26.891  26.747  26.626  6629.82     3631.0  orange 
  61375.28  26.956  26.821  26.692  6366.38     3631.0   r-P48 
  61375.28  27.014  26.881  26.752  6198.96     3631.0       r 
  61375.28  27.349  27.223  27.078  5182.42     3631.0    cyan 
  61375.28  27.635  27.508  27.359  4746.48     3631.0   g-P48 
  61375.28  27.672  27.547  27.398  4735.89     3631.0       g 
 61377.294  26.899  26.755  26.634  6629.82     3631.0  orange 
 61377.294  26.964  26.829    26.7  6366.38     3631.0   r-P48 
 61377.294  27.023  26.889   26.76  6198.96     3631.0       r 
 61377.294  27.358  27.231  27.086  5182.42     3631.0    cyan 
 61377.294  27.643  27.516  27.367  4746.48     3631.0   g-P48 
 61377.294   27.68  27.555  27.406  4735.89     3631.0       g 
 61379.307  26.907  26.763  26.642  6629.82     3631.0  orange 
 61379.307  26.972  26.837  26.708  6366.38     3631.0   r-P48 
 61379.307  27.031  26.897  26.768  6198.96     3631.0       r 
 61379.307  27.366  27.239  27.094  5182.42     3631.0    cyan 
 61379.307  27.651  27.524  27.374  4746.48     3631.0   g-P48 
 61379.307  27.688  27.563  27.414  4735.89     3631.0       g 
 61381.321  26.915  26.771   26.65  6629.82     3631.0  orange 
 61381.321   26.98  26.845  26.716  6366.38     3631.0   r-P48 
 61381.321  27.039  26.905  26.776  6198.96     3631.0       r 
 61381.321  27.374  27.247  27.102  5182.42     3631.0    cyan 
 61381.321  27.659  27.532  27.382  4746.48     3631.0   g-P48 
 61381.321  27.696  27.571  27.422  4735.89     3631.0       g 
 61383.335  26.923  26.779  26.658  6629.82     3631.0  orange 
 61383.335  26.988  26.853  26.724  6366.38     3631.0   r-P48 
 61383.335  27.047  26.913  26.784  6198.96     3631.0       r 
 61383.335  27.382  27.255   27.11  5182.42     3631.0    cyan 
 61383.335  27.667   27.54   27.39  4746.48     3631.0   g-P48 
 61383.335  27.704  27.579   27.43  4735.89     3631.0       g 
 61385.348  26.931  26.787  26.666  6629.82     3631.0  orange 
 61385.348  26.997  26.861  26.732  6366.38     3631.0   r-P48 
 61385.348  27.055  26.921  26.792  6198.96     3631.0       r 
 61385.348   27.39  27.263  27.118  5182.42     3631.0    cyan 
 61385.348  27.675  27.548  27.398  4746.48     3631.0   g-P48 
 61385.348  27.712  27.587  27.438  4735.89     3631.0       g 
 61387.362  26.939  26.795  26.674  6629.82     3631.0  orange 
 61387.362  27.005  26.869   26.74  6366.38     3631.0   r-P48 
 61387.362  27.063  26.929  26.799  6198.96     3631.0       r 
 61387.362  27.398  27.271  27.126  5182.42     3631.0    cyan 
 61387.362  27.683  27.556  27.406  4746.48     3631.0   g-P48 
 61387.362   27.72  27.595  27.446  4735.89     3631.0       g 
 61389.376  26.947  26.803  26.682  6629.82     3631.0  orange 
 61389.376  27.013  26.877  26.748  6366.38     3631.0   r-P48 
 61389.376  27.071  26.937  26.807  6198.96     3631.0       r 
 61389.376  27.406  27.279  27.134  5182.42     3631.0    cyan 
 61389.376  27.691  27.564  27.414  4746.48     3631.0   g-P48 
 61389.376  27.728  27.603  27.454  4735.89     3631.0       g 
 61391.389  26.955  26.811   26.69  6629.82     3631.0  orange 
 61391.389  27.021  26.884  26.756  6366.38     3631.0   r-P48 
 61391.389  27.079  26.945  26.815  6198.96     3631.0       r 
 61391.389  27.414  27.287  27.142  5182.42     3631.0    cyan 
 61391.389  27.699  27.572  27.422  4746.48     3631.0   g-P48 
 61391.389  27.736  27.611  27.462  4735.89     3631.0       g 
 61393.403  26.963  26.819  26.698  6629.82     3631.0  orange 
 61393.403  27.028  26.892  26.764  6366.38     3631.0   r-P48 
 61393.403  27.087  26.953  26.823  6198.96     3631.0       r 
 61393.403  27.422  27.295   27.15  5182.42     3631.0    cyan 
 61393.403  27.707   27.58   27.43  4746.48     3631.0   g-P48 
 61393.403  27.744  27.619   27.47  4735.89     3631.0       g 
 61395.417  26.971  26.827  26.706  6629.82     3631.0  orange 
 61395.417  27.036    26.9  26.772  6366.38     3631.0   r-P48 
 61395.417  27.095  26.961  26.831  6198.96     3631.0       r 
 61395.417   27.43  27.303  27.158  5182.42     3631.0    cyan 
 61395.417  27.715  27.588  27.438  4746.48     3631.0   g-P48 
 61395.417  27.752  27.627  27.478  4735.89     3631.0       g 
  61397.43  26.979  26.835  26.714  6629.82     3631.0  orange 
  61397.43  27.044  26.908   26.78  6366.38     3631.0   r-P48 
  61397.43  27.103  26.969  26.839  6198.96     3631.0       r 
  61397.43  27.438  27.311  27.166  5182.42     3631.0    cyan 
  61397.43  27.723  27.596  27.446  4746.48     3631.0   g-P48 
  61397.43   27.76  27.635  27.485  4735.89     3631.0       g 
 61399.444  26.987  26.843  26.721  6629.82     3631.0  orange 
 61399.444  27.052  26.916  26.788  6366.38     3631.0   r-P48 
 61399.444  27.111  26.977  26.847  6198.96     3631.0       r 
 61399.444  27.446  27.319  27.173  5182.42     3631.0    cyan 
 61399.444  27.731  27.604  27.454  4746.48     3631.0   g-P48 
 61399.444  27.768  27.643  27.493  4735.89     3631.0       g 
 61401.458  26.995  26.851  26.729  6629.82     3631.0  orange 
 61401.458   27.06  26.924  26.795  6366.38     3631.0   r-P48 
 61401.458  27.119  26.985  26.855  6198.96     3631.0       r 
 61401.458  27.454  27.327  27.181  5182.42     3631.0    cyan 
 61401.458  27.739  27.612  27.461  4746.48     3631.0   g-P48 
 61401.458  27.776   27.65  27.501  4735.89     3631.0       g 
 61403.471  27.003  26.859  26.737  6629.82     3631.0  orange 
 61403.471  27.068  26.932  26.803  6366.38     3631.0   r-P48 
 61403.471  27.126  26.993  26.862  6198.96     3631.0       r 
 61403.471  27.461  27.335  27.189  5182.42     3631.0    cyan 
 61403.471  27.747   27.62  27.469  4746.48     3631.0   g-P48 
 61403.471  27.784  27.658  27.509  4735.89     3631.0       g 
 61405.485  27.011  26.866  26.745  6629.82     3631.0  orange 
 61405.485  27.076   26.94  26.811  6366.38     3631.0   r-P48 
 61405.485  27.134    27.0   26.87  6198.96     3631.0       r 
 61405.485  27.469  27.343  27.197  5182.42     3631.0    cyan 
 61405.485  27.755  27.627  27.477  4746.48     3631.0   g-P48 
 61405.485  27.792  27.666  27.517  4735.89     3631.0       g 
 61407.499  27.019  26.874  26.753  6629.82     3631.0  orange 
 61407.499  27.084  26.947  26.819  6366.38     3631.0   r-P48 
 61407.499  27.142  27.008  26.878  6198.96     3631.0       r 
 61407.499  27.477   27.35  27.205  5182.42     3631.0    cyan 
 61407.499  27.763  27.635  27.485  4746.48     3631.0   g-P48 
 61407.499    27.8  27.674  27.524  4735.89     3631.0       g 
 61409.512  27.026  26.882  26.761  6629.82     3631.0  orange 
 61409.512  27.092  26.955  26.827  6366.38     3631.0   r-P48 
 61409.512   27.15  27.016  26.886  6198.96     3631.0       r 
 61409.512  27.485  27.358  27.212  5182.42     3631.0    cyan 
 61409.512  27.771  27.643  27.493  4746.48     3631.0   g-P48 
 61409.512  27.808  27.682  27.532  4735.89     3631.0       g 
 61411.526  27.034   26.89  26.768  6629.82     3631.0  orange 
 61411.526    27.1  26.963  26.834  6366.38     3631.0   r-P48 
 61411.526  27.158  27.024  26.894  6198.96     3631.0       r 
 61411.526  27.493  27.366   27.22  5182.42     3631.0    cyan 
 61411.526  27.779  27.651    27.5  4746.48     3631.0   g-P48 
 61411.526  27.816   27.69   27.54  4735.89     3631.0       g 
  61413.54  27.042  26.898  26.776  6629.82     3631.0  orange 
  61413.54  27.107  26.971  26.842  6366.38     3631.0   r-P48 
  61413.54  27.166  27.032  26.901  6198.96     3631.0       r 
  61413.54  27.501  27.374  27.228  5182.42     3631.0    cyan 
  61413.54  27.786  27.659  27.508  4746.48     3631.0   g-P48 
  61413.54  27.824  27.697  27.548  4735.89     3631.0       g 
 61415.553   27.05  26.906  26.784  6629.82     3631.0  orange 
 61415.553  27.115  26.979   26.85  6366.38     3631.0   r-P48 
 61415.553  27.174  27.039  26.909  6198.96     3631.0       r 
 61415.553  27.509  27.382  27.236  5182.42     3631.0    cyan 
 61415.553  27.794  27.666  27.516  4746.48     3631.0   g-P48 
 61415.553  27.831  27.705  27.556  4735.89     3631.0       g 
 61417.567  27.058  26.913  26.792  6629.82     3631.0  orange 
 61417.567  27.123  26.986  26.858  6366.38     3631.0   r-P48 
 61417.567  27.181  27.047  26.917  6198.96     3631.0       r 
 61417.567  27.516  27.389  27.243  5182.42     3631.0    cyan 
 61417.567  27.802  27.674  27.523  4746.48     3631.0   g-P48 
 61417.567  27.839  27.713  27.563  4735.89     3631.0       g 
 61419.581  27.066  26.921  26.799  6629.82     3631.0  orange 
 61419.581  27.131  26.994  26.865  6366.38     3631.0   r-P48 
 61419.581  27.189  27.055  26.924  6198.96     3631.0       r 
 61419.581  27.524  27.397  27.251  5182.42     3631.0    cyan 
 61419.581   27.81  27.682  27.531  4746.48     3631.0   g-P48 
 61419.581  27.847  27.721  27.571  4735.89     3631.0       g 
 61421.594  27.073  26.929  26.807  6629.82     3631.0  orange 
 61421.594  27.139  27.002  26.873  6366.38     3631.0   r-P48 
 61421.594  27.197  27.063  26.932  6198.96     3631.0       r 
 61421.594  27.532  27.405  27.259  5182.42     3631.0    cyan 
 61421.594  27.818   27.69  27.539  4746.48     3631.0   g-P48 
 61421.594  27.855  27.728  27.579  4735.89     3631.0       g 
 61423.608  27.081  26.937  26.815  6629.82     3631.0  orange 
 61423.608  27.146   27.01  26.881  6366.38     3631.0   r-P48 
 61423.608  27.205   27.07   26.94  6198.96     3631.0       r 
 61423.608   27.54  27.413  27.266  5182.42     3631.0    cyan 
 61423.608  27.825  27.697  27.547  4746.48     3631.0   g-P48 
 61423.608  27.863  27.736  27.586  4735.89     3631.0       g 
 61425.622  27.089  26.944  26.822  6629.82     3631.0  orange 
 61425.622  27.154  27.017  26.888  6366.38     3631.0   r-P48 
 61425.622  27.212  27.078  26.947  6198.96     3631.0       r 
 61425.622  27.547   27.42  27.274  5182.42     3631.0    cyan 
 61425.622  27.833  27.705  27.554  4746.48     3631.0   g-P48 
 61425.622   27.87  27.744  27.594  4735.89     3631.0       g 
 61427.635  27.097  26.952   26.83  6629.82     3631.0  orange 
 61427.635  27.162  27.025  26.896  6366.38     3631.0   r-P48 
 61427.635   27.22  27.086  26.955  6198.96     3631.0       r 
 61427.635  27.555  27.428  27.282  5182.42     3631.0    cyan 
 61427.635  27.841  27.713  27.562  4746.48     3631.0   g-P48 
 61427.635  27.878  27.751  27.602  4735.89     3631.0       g 
 61429.649  27.104   26.96  26.838  6629.82     3631.0  orange 
 61429.649   27.17  27.033  26.904  6366.38     3631.0   r-P48 
 61429.649  27.228  27.094  26.963  6198.96     3631.0       r 
 61429.649  27.563  27.436  27.289  5182.42     3631.0    cyan 
 61429.649  27.849   27.72   27.57  4746.48     3631.0   g-P48 
 61429.649  27.886  27.759  27.609  4735.89     3631.0       g 
 61431.662  27.112  26.967  26.845  6629.82     3631.0  orange 
 61431.662  27.177   27.04  26.911  6366.38     3631.0   r-P48 
 61431.662  27.236  27.101   26.97  6198.96     3631.0       r 
 61431.662  27.571  27.443  27.297  5182.42     3631.0    cyan 
 61431.662  27.856  27.728  27.577  4746.48     3631.0   g-P48 
 61431.662  27.893  27.767  27.617  4735.89     3631.0       g 
 61433.676   27.12  26.975  26.853  6629.82     3631.0  orange 
 61433.676  27.185  27.048  26.919  6366.38     3631.0   r-P48 
 61433.676  27.243  27.109  26.978  6198.96     3631.0       r 
 61433.676  27.578  27.451  27.305  5182.42     3631.0    cyan 
 61433.676  27.864  27.736  27.585  4746.48     3631.0   g-P48 
 61433.676  27.901  27.774  27.625  4735.89     3631.0       g 
  61435.69  27.127  26.983  26.861  6629.82     3631.0  orange 
  61435.69  27.193  27.055  26.927  6366.38     3631.0   r-P48 
  61435.69  27.251  27.116  26.986  6198.96     3631.0       r 
  61435.69  27.586  27.459  27.312  5182.42     3631.0    cyan 
  61435.69  27.872  27.743  27.592  4746.48     3631.0   g-P48 
  61435.69  27.909  27.782  27.632  4735.89     3631.0       g 
 61437.703  27.135   26.99  26.868  6629.82     3631.0  orange 
 61437.703    27.2  27.063  26.934  6366.38     3631.0   r-P48 
 61437.703  27.259  27.124  26.993  6198.96     3631.0       r 
 61437.703  27.594  27.466   27.32  5182.42     3631.0    cyan 
 61437.703  27.879  27.751    27.6  4746.48     3631.0   g-P48 
 61437.703  27.916   27.79   27.64  4735.89     3631.0       g 
 61439.717  27.143  26.998  26.876  6629.82     3631.0  orange 
 61439.717  27.208  27.071  26.942  6366.38     3631.0   r-P48 
 61439.717  27.266  27.132  27.001  6198.96     3631.0       r 
 61439.717  27.601  27.474  27.327  5182.42     3631.0    cyan 
 61439.717  27.887  27.759  27.607  4746.48     3631.0   g-P48 
 61439.717  27.924  27.797  27.647  4735.89     3631.0       g 
 61441.731   27.15  27.006  26.883  6629.82     3631.0  orange 
 61441.731  27.216  27.078  26.949  6366.38     3631.0   r-P48 
 61441.731  27.274  27.139  27.008  6198.96     3631.0       r 
 61441.731  27.609  27.482  27.335  5182.42     3631.0    cyan 
 61441.731  27.895  27.766  27.615  4746.48     3631.0   g-P48 
 61441.731  27.932  27.805  27.655  4735.89     3631.0       g 
 61443.744  27.158  27.013  26.891  6629.82     3631.0  orange 
 61443.744  27.223  27.086  26.957  6366.38     3631.0   r-P48 
 61443.744  27.282  27.147  27.016  6198.96     3631.0       r 
 61443.744  27.617  27.489  27.342  5182.42     3631.0    cyan 
 61443.744  27.902  27.774  27.623  4746.48     3631.0   g-P48 
 61443.744  27.939  27.813  27.662  4735.89     3631.0       g 
 61445.758  27.166  27.021  26.898  6629.82     3631.0  orange 
 61445.758  27.231  27.093  26.964  6366.38     3631.0   r-P48 
 61445.758  27.289  27.154  27.023  6198.96     3631.0       r 
 61445.758  27.624  27.497   27.35  5182.42     3631.0    cyan 
 61445.758   27.91  27.781   27.63  4746.48     3631.0   g-P48 
 61445.758  27.947   27.82   27.67  4735.89     3631.0       g 
 61447.772  27.173  27.028  26.906  6629.82     3631.0  orange 
 61447.772  27.238  27.101  26.972  6366.38     3631.0   r-P48 
 61447.772  27.297  27.162  27.031  6198.96     3631.0       r 
 61447.772  27.632  27.504  27.357  5182.42     3631.0    cyan 
 61447.772  27.918  27.789  27.638  4746.48     3631.0   g-P48 
 61447.772  27.955  27.828  27.677  4735.89     3631.0       g 
 61449.785  27.181  27.036  26.914  6629.82     3631.0  orange 
 61449.785  27.246  27.109   26.98  6366.38     3631.0   r-P48 
 61449.785  27.304   27.17  27.038  6198.96     3631.0       r 
 61449.785  27.639  27.512  27.365  5182.42     3631.0    cyan 
 61449.785  27.925  27.796  27.645  4746.48     3631.0   g-P48 
 61449.785  27.962  27.835  27.685  4735.89     3631.0       g 
 61451.799  27.189  27.043  26.921  6629.82     3631.0  orange 
 61451.799  27.254  27.116  26.987  6366.38     3631.0   r-P48 
 61451.799  27.312  27.177  27.046  6198.96     3631.0       r 
 61451.799  27.647  27.519  27.372  5182.42     3631.0    cyan 
 61451.799  27.933  27.804  27.653  4746.48     3631.0   g-P48 
 61451.799   27.97  27.843  27.692  4735.89     3631.0       g 
 61453.813  27.196  27.051  26.929  6629.82     3631.0  orange 
 61453.813  27.261  27.124  26.995  6366.38     3631.0   r-P48 
 61453.813  27.319  27.185  27.053  6198.96     3631.0       r 
 61453.813  27.654  27.527   27.38  5182.42     3631.0    cyan 
 61453.813   27.94  27.812   27.66  4746.48     3631.0   g-P48 
 61453.813  27.977   27.85    27.7  4735.89     3631.0       g 
 61455.826  27.204  27.058  26.936  6629.82     3631.0  orange 
 61455.826  27.269  27.131  27.002  6366.38     3631.0   r-P48 
 61455.826  27.327  27.192  27.061  6198.96     3631.0       r 
 61455.826  27.662  27.534  27.387  5182.42     3631.0    cyan 
 61455.826  27.948  27.819  27.668  4746.48     3631.0   g-P48 
 61455.826  27.985  27.858  27.707  4735.89     3631.0       g 
  61457.84  27.211  27.066  26.944  6629.82     3631.0  orange 
  61457.84  27.276  27.139  27.009  6366.38     3631.0   r-P48 
  61457.84  27.334    27.2  27.068  6198.96     3631.0       r 
  61457.84   27.67  27.542  27.395  5182.42     3631.0    cyan 
  61457.84  27.955  27.827  27.675  4746.48     3631.0   g-P48 
  61457.84  27.992  27.865  27.715  4735.89     3631.0       g 
 61459.854  27.219  27.073  26.951  6629.82     3631.0  orange 
 61459.854  27.284  27.146  27.017  6366.38     3631.0   r-P48 
 61459.854  27.342  27.207  27.076  6198.96     3631.0       r 
 61459.854  27.677  27.549  27.402  5182.42     3631.0    cyan 
 61459.854  27.963  27.834  27.683  4746.48     3631.0   g-P48 
 61459.854    28.0  27.873  27.722  4735.89     3631.0       g 
 61461.867  27.226  27.081  26.958  6629.82     3631.0  orange 
 61461.867  27.291  27.153  27.024  6366.38     3631.0   r-P48 
 61461.867   27.35  27.215  27.083  6198.96     3631.0       r 
 61461.867  27.685  27.557   27.41  5182.42     3631.0    cyan 
 61461.867   27.97  27.841   27.69  4746.48     3631.0   g-P48 
 61461.867  28.008   27.88   27.73  4735.89     3631.0       g 
 61463.881  27.234  27.088  26.966  6629.82     3631.0  orange 
 61463.881  27.299  27.161  27.032  6366.38     3631.0   r-P48 
 61463.881  27.357  27.222  27.091  6198.96     3631.0       r 
 61463.881  27.692  27.564  27.417  5182.42     3631.0    cyan 
 61463.881  27.978  27.849  27.697  4746.48     3631.0   g-P48 
 61463.881  28.015  27.888  27.737  4735.89     3631.0       g 
 61465.895  27.241  27.096  26.973  6629.82     3631.0  orange 
 61465.895  27.306  27.168  27.039  6366.38     3631.0   r-P48 
 61465.895  27.364   27.23  27.098  6198.96     3631.0       r 
 61465.895    27.7  27.572  27.425  5182.42     3631.0    cyan 
 61465.895  27.985  27.856  27.705  4746.48     3631.0   g-P48 
 61465.895  28.023  27.895  27.745  4735.89     3631.0       g 
 61467.908  27.249  27.103  26.981  6629.82     3631.0  orange 
 61467.908  27.314  27.176  27.047  6366.38     3631.0   r-P48 
 61467.908  27.372  27.237  27.105  6198.96     3631.0       r 
 61467.908  27.707  27.579  27.432  5182.42     3631.0    cyan 
 61467.908  27.993  27.864  27.712  4746.48     3631.0   g-P48 
 61467.908   28.03  27.903  27.752  4735.89     3631.0       g 
 61469.922  27.256  27.111  26.988  6629.82     3631.0  orange 
 61469.922  27.321  27.183  27.054  6366.38     3631.0   r-P48 
 61469.922  27.379  27.244  27.113  6198.96     3631.0       r 
 61469.922  27.715  27.587  27.439  5182.42     3631.0    cyan 
 61469.922    28.0  27.871   27.72  4746.48     3631.0   g-P48 
 61469.922  28.037   27.91  27.759  4735.89     3631.0       g 
 61471.936  27.264  27.118  26.995  6629.82     3631.0  orange 
 61471.936  27.329  27.191  27.061  6366.38     3631.0   r-P48 
 61471.936  27.387  27.252   27.12  6198.96     3631.0       r 
 61471.936  27.722  27.594  27.447  5182.42     3631.0    cyan 
 61471.936  28.008  27.879  27.727  4746.48     3631.0   g-P48 
 61471.936  28.045  27.917  27.767  4735.89     3631.0       g 
 61473.949  27.271  27.126  27.003  6629.82     3631.0  orange 
 61473.949  27.336  27.198  27.069  6366.38     3631.0   r-P48 
 61473.949  27.394  27.259  27.128  6198.96     3631.0       r 
 61473.949  27.729  27.601  27.454  5182.42     3631.0    cyan 
 61473.949  28.015  27.886  27.734  4746.48     3631.0   g-P48 
 61473.949  28.052  27.925  27.774  4735.89     3631.0       g 
 61475.963  27.279  27.133   27.01  6629.82     3631.0  orange 
 61475.963  27.343  27.205  27.076  6366.38     3631.0   r-P48 
 61475.963  27.402  27.267  27.135  6198.96     3631.0       r 
 61475.963  27.737  27.609  27.461  5182.42     3631.0    cyan 
 61475.963  28.023  27.893  27.742  4746.48     3631.0   g-P48 
 61475.963   28.06  27.932  27.781  4735.89     3631.0       g 
 61477.977  27.286   27.14  27.018  6629.82     3631.0  orange 
 61477.977  27.351  27.213  27.083  6366.38     3631.0   r-P48 
 61477.977  27.409  27.274  27.142  6198.96     3631.0       r 
 61477.977  27.744  27.616  27.469  5182.42     3631.0    cyan 
 61477.977   28.03  27.901  27.749  4746.48     3631.0   g-P48 
 61477.977  28.067  27.939  27.789  4735.89     3631.0       g 
  61479.99  27.293  27.148  27.025  6629.82     3631.0  orange 
  61479.99  27.358   27.22  27.091  6366.38     3631.0   r-P48 
  61479.99  27.416  27.281   27.15  6198.96     3631.0       r 
  61479.99  27.752  27.624  27.476  5182.42     3631.0    cyan 
  61479.99  28.037  27.908  27.756  4746.48     3631.0   g-P48 
  61479.99  28.075  27.947  27.796  4735.89     3631.0       g 
 61482.004  27.301  27.155  27.032  6629.82     3631.0  orange 
 61482.004  27.366  27.227  27.098  6366.38     3631.0   r-P48 
 61482.004  27.424  27.289  27.157  6198.96     3631.0       r 
 61482.004  27.759  27.631  27.483  5182.42     3631.0    cyan 
 61482.004  28.045  27.915  27.764  4746.48     3631.0   g-P48 
 61482.004  28.082  27.954  27.803  4735.89     3631.0       g 
 61484.018  27.308  27.162  27.039  6629.82     3631.0  orange 
 61484.018  27.373  27.235  27.105  6366.38     3631.0   r-P48 
 61484.018  27.431  27.296  27.164  6198.96     3631.0       r 
 61484.018  27.766  27.638  27.491  5182.42     3631.0    cyan 
 61484.018  28.052  27.923  27.771  4746.48     3631.0   g-P48 
 61484.018  28.089  27.961  27.811  4735.89     3631.0       g 
 61486.031  27.315   27.17  27.047  6629.82     3631.0  orange 
 61486.031   27.38  27.242  27.113  6366.38     3631.0   r-P48 
 61486.031  27.439  27.303  27.171  6198.96     3631.0       r 
 61486.031  27.774  27.646  27.498  5182.42     3631.0    cyan 
 61486.031   28.06   27.93  27.778  4746.48     3631.0   g-P48 
 61486.031  28.097  27.969  27.818  4735.89     3631.0       g 
 61488.045  27.323  27.177  27.054  6629.82     3631.0  orange 
 61488.045  27.388  27.249   27.12  6366.38     3631.0   r-P48 
 61488.045  27.446  27.311  27.179  6198.96     3631.0       r 
 61488.045  27.781  27.653  27.505  5182.42     3631.0    cyan 
 61488.045  28.067  27.937  27.785  4746.48     3631.0   g-P48 
 61488.045  28.104  27.976  27.825  4735.89     3631.0       g 
 61490.059   27.33  27.184  27.061  6629.82     3631.0  orange 
 61490.059  27.395  27.257  27.127  6366.38     3631.0   r-P48 
 61490.059  27.453  27.318  27.186  6198.96     3631.0       r 
 61490.059  27.788   27.66  27.512  5182.42     3631.0    cyan 
 61490.059  28.074  27.945  27.793  4746.48     3631.0   g-P48 
 61490.059  28.111  27.983  27.832  4735.89     3631.0       g 
 61492.072  27.337  27.192  27.069  6629.82     3631.0  orange 
 61492.072  27.402  27.264  27.134  6366.38     3631.0   r-P48 
 61492.072  27.461  27.325  27.193  6198.96     3631.0       r 
 61492.072  27.796  27.667   27.52  5182.42     3631.0    cyan 
 61492.072  28.082  27.952    27.8  4746.48     3631.0   g-P48 
 61492.072  28.119  27.991   27.84  4735.89     3631.0       g 
 61494.086  27.345  27.199  27.076  6629.82     3631.0  orange 
 61494.086   27.41  27.271  27.142  6366.38     3631.0   r-P48 
 61494.086  27.468  27.332    27.2  6198.96     3631.0       r 
 61494.086  27.803  27.675  27.527  5182.42     3631.0    cyan 
 61494.086  28.089  27.959  27.807  4746.48     3631.0   g-P48 
 61494.086  28.126  27.998  27.847  4735.89     3631.0       g 
   61496.1  27.352  27.206  27.083  6629.82     3631.0  orange 
   61496.1  27.417  27.278  27.149  6366.38     3631.0   r-P48 
   61496.1  27.475   27.34  27.208  6198.96     3631.0       r 
   61496.1   27.81  27.682  27.534  5182.42     3631.0    cyan 
   61496.1  28.096  27.966  27.814  4746.48     3631.0   g-P48 
   61496.1  28.133  28.005  27.854  4735.89     3631.0       g 
 61498.113  27.359  27.213   27.09  6629.82     3631.0  orange 
 61498.113  27.424  27.286  27.156  6366.38     3631.0   r-P48 
 61498.113  27.482  27.347  27.215  6198.96     3631.0       r 
 61498.113  27.818  27.689  27.541  5182.42     3631.0    cyan 
 61498.113  28.103  27.974  27.822  4746.48     3631.0   g-P48 
 61498.113  28.141  28.012  27.861  4735.89     3631.0       g 
 61500.127  27.367  27.221  27.098  6629.82     3631.0  orange 
 61500.127  27.432  27.293  27.163  6366.38     3631.0   r-P48 
 61500.127   27.49  27.354  27.222  6198.96     3631.0       r 
 61500.127  27.825  27.696  27.549  5182.42     3631.0    cyan 
 61500.127  28.111  27.981  27.829  4746.48     3631.0   g-P48 
 61500.127  28.148   28.02  27.869  4735.89     3631.0       g 
 61502.141  27.374  27.228  27.105  6629.82     3631.0  orange 
 61502.141  27.439    27.3  27.171  6366.38     3631.0   r-P48 
 61502.141  27.497  27.361  27.229  6198.96     3631.0       r 
 61502.141  27.832  27.704  27.556  5182.42     3631.0    cyan 
 61502.141  28.118  27.988  27.836  4746.48     3631.0   g-P48 
 61502.141  28.155  28.027  27.876  4735.89     3631.0       g 
 61504.154  27.381  27.235  27.112  6629.82     3631.0  orange 
 61504.154  27.446  27.307  27.178  6366.38     3631.0   r-P48 
 61504.154  27.504  27.369  27.236  6198.96     3631.0       r 
 61504.154  27.839  27.711  27.563  5182.42     3631.0    cyan 
 61504.154  28.125  27.995  27.843  4746.48     3631.0   g-P48 
 61504.154  28.162  28.034  27.883  4735.89     3631.0       g 
 61506.168  27.388  27.242  27.119  6629.82     3631.0  orange 
 61506.168  27.453  27.314  27.185  6366.38     3631.0   r-P48 
 61506.168  27.511  27.376  27.244  6198.96     3631.0       r 
 61506.168  27.847  27.718   27.57  5182.42     3631.0    cyan 
 61506.168  28.132  28.003   27.85  4746.48     3631.0   g-P48 
 61506.168   28.17  28.041   27.89  4735.89     3631.0       g 
 61508.182  27.396  27.249  27.126  6629.82     3631.0  orange 
 61508.182   27.46  27.322  27.192  6366.38     3631.0   r-P48 
 61508.182  27.519  27.383  27.251  6198.96     3631.0       r 
 61508.182  27.854  27.725  27.577  5182.42     3631.0    cyan 
 61508.182   28.14   28.01  27.857  4746.48     3631.0   g-P48 
 61508.182  28.177  28.048  27.897  4735.89     3631.0       g 
 61510.195  27.403  27.257  27.133  6629.82     3631.0  orange 
 61510.195  27.468  27.329  27.199  6366.38     3631.0   r-P48 
 61510.195  27.526   27.39  27.258  6198.96     3631.0       r 
 61510.195  27.861  27.732  27.584  5182.42     3631.0    cyan 
 61510.195  28.147  28.017  27.865  4746.48     3631.0   g-P48 
 61510.195  28.184  28.056  27.904  4735.89     3631.0       g 
 61512.209   27.41  27.264   27.14  6629.82     3631.0  orange 
 61512.209  27.475  27.336  27.206  6366.38     3631.0   r-P48 
 61512.209  27.533  27.397  27.265  6198.96     3631.0       r 
 61512.209  27.868   27.74  27.591  5182.42     3631.0    cyan 
 61512.209  28.154  28.024  27.872  4746.48     3631.0   g-P48 
 61512.209  28.191  28.063  27.912  4735.89     3631.0       g 
 61514.223  27.417  27.271  27.148  6629.82     3631.0  orange 
 61514.223  27.482  27.343  27.213  6366.38     3631.0   r-P48 
 61514.223   27.54  27.405  27.272  6198.96     3631.0       r 
 61514.223  27.875  27.747  27.599  5182.42     3631.0    cyan 
 61514.223  28.161  28.031  27.879  4746.48     3631.0   g-P48 
 61514.223  28.198   28.07  27.919  4735.89     3631.0       g 
 61516.236  27.424  27.278  27.155  6629.82     3631.0  orange 
 61516.236  27.489   27.35  27.221  6366.38     3631.0   r-P48 
 61516.236  27.547  27.412  27.279  6198.96     3631.0       r 
 61516.236  27.883  27.754  27.606  5182.42     3631.0    cyan 
 61516.236  28.168  28.038  27.886  4746.48     3631.0   g-P48 
 61516.236  28.206  28.077  27.926  4735.89     3631.0       g 
  61518.25  27.432  27.285  27.162  6629.82     3631.0  orange 
  61518.25  27.496  27.357  27.228  6366.38     3631.0   r-P48 
  61518.25  27.555  27.419  27.286  6198.96     3631.0       r 
  61518.25   27.89  27.761  27.613  5182.42     3631.0    cyan 
  61518.25  28.176  28.045  27.893  4746.48     3631.0   g-P48 
  61518.25  28.213  28.084  27.933  4735.89     3631.0       g 
 61520.264  27.439  27.292  27.169  6629.82     3631.0  orange 
 61520.264  27.504  27.364  27.235  6366.38     3631.0   r-P48 
 61520.264  27.562  27.426  27.293  6198.96     3631.0       r 
 61520.264  27.897  27.768   27.62  5182.42     3631.0    cyan 
 61520.264  28.183  28.053    27.9  4746.48     3631.0   g-P48 
 61520.264   28.22  28.091   27.94  4735.89     3631.0       g 
 61522.277  27.446  27.299  27.176  6629.82     3631.0  orange 
 61522.277  27.511  27.371  27.242  6366.38     3631.0   r-P48 
 61522.277  27.569  27.433    27.3  6198.96     3631.0       r 
 61522.277  27.904  27.775  27.627  5182.42     3631.0    cyan 
 61522.277   28.19   28.06  27.907  4746.48     3631.0   g-P48 
 61522.277  28.227  28.098  27.947  4735.89     3631.0       g 
 61524.291  27.453  27.306  27.183  6629.82     3631.0  orange 
 61524.291  27.518  27.379  27.249  6366.38     3631.0   r-P48 
 61524.291  27.576   27.44  27.308  6198.96     3631.0       r 
 61524.291  27.911  27.782  27.634  5182.42     3631.0    cyan 
 61524.291  28.197  28.067  27.914  4746.48     3631.0   g-P48 
 61524.291  28.234  28.105  27.954  4735.89     3631.0       g 
 61526.305   27.46  27.314   27.19  6629.82     3631.0  orange 
 61526.305  27.525  27.386  27.256  6366.38     3631.0   r-P48 
 61526.305  27.583  27.447  27.315  6198.96     3631.0       r 
 61526.305  27.918  27.789  27.641  5182.42     3631.0    cyan 
 61526.305  28.204  28.074  27.921  4746.48     3631.0   g-P48 
 61526.305  28.241  28.113  27.961  4735.89     3631.0       g 
 61528.318  27.467  27.321  27.197  6629.82     3631.0  orange 
 61528.318  27.532  27.393  27.263  6366.38     3631.0   r-P48 
 61528.318   27.59  27.454  27.322  6198.96     3631.0       r 
 61528.318  27.925  27.797  27.648  5182.42     3631.0    cyan 
 61528.318  28.211  28.081  27.928  4746.48     3631.0   g-P48 
 61528.318  28.248   28.12  27.968  4735.89     3631.0       g 
 61530.332  27.474  27.328  27.204  6629.82     3631.0  orange 
 61530.332  27.539    27.4   27.27  6366.38     3631.0   r-P48 
 61530.332  27.597  27.461  27.329  6198.96     3631.0       r 
 61530.332  27.932  27.804  27.655  5182.42     3631.0    cyan 
 61530.332  28.218  28.088  27.935  4746.48     3631.0   g-P48 
 61530.332  28.255  28.127  27.975  4735.89     3631.0       g 
 61532.346  27.482  27.335  27.211  6629.82     3631.0  orange 
 61532.346  27.546  27.407  27.277  6366.38     3631.0   r-P48 
 61532.346  27.604  27.468  27.336  6198.96     3631.0       r 
 61532.346   27.94  27.811  27.662  5182.42     3631.0    cyan 
 61532.346  28.225  28.095  27.942  4746.48     3631.0   g-P48 
 61532.346  28.263  28.134  27.982  4735.89     3631.0       g 
 61534.359  27.489  27.342  27.218  6629.82     3631.0  orange 
 61534.359  27.553  27.414  27.284  6366.38     3631.0   r-P48 
 61534.359  27.611  27.475  27.343  6198.96     3631.0       r 
 61534.359  27.947  27.818  27.669  5182.42     3631.0    cyan 
 61534.359  28.233  28.102  27.949  4746.48     3631.0   g-P48 
 61534.359   28.27  28.141  27.989  4735.89     3631.0       g 
 61536.373  27.496  27.349  27.225  6629.82     3631.0  orange 
 61536.373   27.56  27.421  27.291  6366.38     3631.0   r-P48 
 61536.373  27.618  27.483   27.35  6198.96     3631.0       r 
 61536.373  27.954  27.825  27.676  5182.42     3631.0    cyan 
 61536.373   28.24  28.109  27.956  4746.48     3631.0   g-P48 
 61536.373  28.277  28.148  27.996  4735.89     3631.0       g 
 61538.386  27.503  27.356  27.232  6629.82     3631.0  orange 
 61538.386  27.567  27.428  27.298  6366.38     3631.0   r-P48 
 61538.386  27.625   27.49  27.357  6198.96     3631.0       r 
 61538.386  27.961  27.832  27.683  5182.42     3631.0    cyan 
 61538.386  28.247  28.116  27.963  4746.48     3631.0   g-P48 
 61538.386  28.284  28.155  28.003  4735.89     3631.0       g 
   61540.4   27.51  27.363  27.239  6629.82     3631.0  orange 
   61540.4  27.574  27.435  27.305  6366.38     3631.0   r-P48 
   61540.4  27.633  27.497  27.364  6198.96     3631.0       r 
   61540.4  27.968  27.839   27.69  5182.42     3631.0    cyan 
   61540.4  28.254  28.123   27.97  4746.48     3631.0   g-P48 
   61540.4  28.291  28.162   28.01  4735.89     3631.0       g 
 61542.414  27.517   27.37  27.246  6629.82     3631.0  orange 
 61542.414  27.582  27.442  27.312  6366.38     3631.0   r-P48 
 61542.414   27.64  27.504  27.371  6198.96     3631.0       r 
 61542.414  27.975  27.846  27.697  5182.42     3631.0    cyan 
 61542.414  28.261   28.13  27.977  4746.48     3631.0   g-P48 
 61542.414  28.298  28.169  28.017  4735.89     3631.0       g 
 61544.427  27.524  27.377  27.253  6629.82     3631.0  orange 
 61544.427  27.589  27.449  27.319  6366.38     3631.0   r-P48 
 61544.427  27.647  27.511  27.377  6198.96     3631.0       r 
 61544.427  27.982  27.853  27.704  5182.42     3631.0    cyan 
 61544.427  28.268  28.137  27.984  4746.48     3631.0   g-P48 
 61544.427  28.305  28.176  28.024  4735.89     3631.0       g 
 61546.441  27.531  27.384   27.26  6629.82     3631.0  orange 
 61546.441  27.596  27.456  27.326  6366.38     3631.0   r-P48 
 61546.441  27.654  27.517  27.384  6198.96     3631.0       r 
 61546.441  27.989   27.86  27.711  5182.42     3631.0    cyan 
 61546.441  28.275  28.144  27.991  4746.48     3631.0   g-P48 
 61546.441  28.312  28.183  28.031  4735.89     3631.0       g 
 61548.455  27.538  27.391  27.267  6629.82     3631.0  orange 
 61548.455  27.603  27.463  27.333  6366.38     3631.0   r-P48 
 61548.455  27.661  27.524  27.391  6198.96     3631.0       r 
 61548.455  27.996  27.867  27.718  5182.42     3631.0    cyan 
 61548.455  28.282  28.151  27.998  4746.48     3631.0   g-P48 
 61548.455  28.319   28.19  28.038  4735.89     3631.0       g 
 61550.468  27.545  27.398  27.274  6629.82     3631.0  orange 
 61550.468   27.61   27.47   27.34  6366.38     3631.0   r-P48 
 61550.468  27.668  27.531  27.398  6198.96     3631.0       r 
 61550.468  28.003  27.874  27.725  5182.42     3631.0    cyan 
 61550.468  28.289  28.158  28.005  4746.48     3631.0   g-P48 
 61550.468  28.326  28.197  28.045  4735.89     3631.0       g 
 61552.482  27.552  27.405  27.281  6629.82     3631.0  orange 
 61552.482  27.616  27.477  27.346  6366.38     3631.0   r-P48 
 61552.482  27.675  27.538  27.405  6198.96     3631.0       r 
 61552.482   28.01   27.88  27.732  5182.42     3631.0    cyan 
 61552.482  28.296  28.165  28.012  4746.48     3631.0   g-P48 
 61552.482  28.333  28.204  28.052  4735.89     3631.0       g 
 61554.496  27.559  27.412  27.287  6629.82     3631.0  orange 
 61554.496  27.623  27.484  27.353  6366.38     3631.0   r-P48 
 61554.496  27.681  27.545  27.412  6198.96     3631.0       r 
 61554.496  28.017  27.887  27.738  5182.42     3631.0    cyan 
 61554.496  28.303  28.172  28.019  4746.48     3631.0   g-P48 
 61554.496   28.34   28.21  28.059  4735.89     3631.0       g 
 61556.509  27.566  27.418  27.294  6629.82     3631.0  orange 
 61556.509   27.63   27.49   27.36  6366.38     3631.0   r-P48 
 61556.509  27.688  27.552  27.419  6198.96     3631.0       r 
 61556.509  28.024  27.894  27.745  5182.42     3631.0    cyan 
 61556.509   28.31  28.179  28.026  4746.48     3631.0   g-P48 
 61556.509  28.347  28.217  28.065  4735.89     3631.0       g 
 61558.523  27.573  27.425  27.301  6629.82     3631.0  orange 
 61558.523  27.637  27.497  27.367  6366.38     3631.0   r-P48 
 61558.523  27.695  27.559  27.426  6198.96     3631.0       r 
 61558.523  28.031  27.901  27.752  5182.42     3631.0    cyan 
 61558.523  28.316  28.185  28.032  4746.48     3631.0   g-P48 
 61558.523  28.354  28.224  28.072  4735.89     3631.0       g 
 61560.537   27.58  27.432  27.308  6629.82     3631.0  orange 
 61560.537  27.644  27.504  27.374  6366.38     3631.0   r-P48 
 61560.537  27.702  27.566  27.433  6198.96     3631.0       r 
 61560.537  28.037  27.908  27.759  5182.42     3631.0    cyan 
 61560.537  28.323  28.192  28.039  4746.48     3631.0   g-P48 
 61560.537  28.361  28.231  28.079  4735.89     3631.0       g 
  61562.55  27.586  27.439  27.315  6629.82     3631.0  orange 
  61562.55  27.651  27.511  27.381  6366.38     3631.0   r-P48 
  61562.55  27.709  27.573   27.44  6198.96     3631.0       r 
  61562.55  28.044  27.915  27.766  5182.42     3631.0    cyan 
  61562.55   28.33  28.199  28.046  4746.48     3631.0   g-P48 
  61562.55  28.367  28.238  28.086  4735.89     3631.0       g 
 61564.564  27.593  27.446  27.322  6629.82     3631.0  orange 
 61564.564  27.658  27.518  27.388  6366.38     3631.0   r-P48 
 61564.564  27.716   27.58  27.446  6198.96     3631.0       r 
 61564.564  28.051  27.922  27.773  5182.42     3631.0    cyan 
 61564.564  28.337  28.206  28.053  4746.48     3631.0   g-P48 
 61564.564  28.374  28.245  28.093  4735.89     3631.0       g 
 61566.578    27.6  27.453  27.329  6629.82     3631.0  orange 
 61566.578  27.665  27.525  27.394  6366.38     3631.0   r-P48 
 61566.578  27.723  27.587  27.453  6198.96     3631.0       r 
 61566.578  28.058  27.929   27.78  5182.42     3631.0    cyan 
 61566.578  28.344  28.213   28.06  4746.48     3631.0   g-P48 
 61566.578  28.381  28.252    28.1  4735.89     3631.0       g 
 61568.591  27.607   27.46  27.335  6629.82     3631.0  orange 
 61568.591  27.672  27.532  27.401  6366.38     3631.0   r-P48 
 61568.591   27.73  27.593   27.46  6198.96     3631.0       r 
 61568.591  28.065  27.936  27.786  5182.42     3631.0    cyan 
 61568.591  28.351   28.22  28.067  4746.48     3631.0   g-P48 
 61568.591  28.388  28.259  28.106  4735.89     3631.0       g 
 61570.605  27.614  27.467  27.342  6629.82     3631.0  orange 
 61570.605  27.679  27.539  27.408  6366.38     3631.0   r-P48 
 61570.605  27.737    27.6  27.467  6198.96     3631.0       r 
 61570.605  28.072  27.942  27.793  5182.42     3631.0    cyan 
 61570.605  28.358  28.227  28.073  4746.48     3631.0   g-P48 
 61570.605  28.395  28.265  28.113  4735.89     3631.0       g 
 61572.619  27.621  27.473  27.349  6629.82     3631.0  orange 
 61572.619  27.686  27.545  27.415  6366.38     3631.0   r-P48 
 61572.619  27.744  27.607  27.474  6198.96     3631.0       r 
 61572.619  28.079  27.949    27.8  5182.42     3631.0    cyan 
 61572.619  28.365  28.233   28.08  4746.48     3631.0   g-P48 
 61572.619  28.402  28.272   28.12  4735.89     3631.0       g 
 61574.632  27.628   27.48  27.356  6629.82     3631.0  orange 
 61574.632  27.692  27.552  27.422  6366.38     3631.0   r-P48 
 61574.632   27.75  27.614   27.48  6198.96     3631.0       r 
 61574.632  28.086  27.956  27.807  5182.42     3631.0    cyan 
 61574.632  28.372   28.24  28.087  4746.48     3631.0   g-P48 
 61574.632  28.409  28.279  28.127  4735.89     3631.0       g 
 61576.646  27.635  27.487  27.363  6629.82     3631.0  orange 
 61576.646  27.699  27.559  27.428  6366.38     3631.0   r-P48 
 61576.646  27.757  27.621  27.487  6198.96     3631.0       r 
 61576.646  28.092  27.963  27.814  5182.42     3631.0    cyan 
 61576.646  28.378  28.247  28.094  4746.48     3631.0   g-P48 
 61576.646  28.415  28.286  28.134  4735.89     3631.0       g 
  61578.66  27.641  27.494  27.369  6629.82     3631.0  orange 
  61578.66  27.706  27.566  27.435  6366.38     3631.0   r-P48 
  61578.66  27.764  27.628  27.494  6198.96     3631.0       r 
  61578.66  28.099   27.97   27.82  5182.42     3631.0    cyan 
  61578.66  28.385  28.254    28.1  4746.48     3631.0   g-P48 
  61578.66  28.422  28.293   28.14  4735.89     3631.0       g 
 61580.673  27.648  27.501  27.376  6629.82     3631.0  orange 
 61580.673  27.713  27.573  27.442  6366.38     3631.0   r-P48 
 61580.673  27.771  27.634  27.501  6198.96     3631.0       r 
 61580.673  28.106  27.976  27.827  5182.42     3631.0    cyan 
 61580.673  28.392  28.261  28.107  4746.48     3631.0   g-P48 
 61580.673  28.429  28.299  28.147  4735.89     3631.0       g 
 61582.687  27.655  27.507  27.383  6629.82     3631.0  orange 
 61582.687   27.72  27.579  27.449  6366.38     3631.0   r-P48 
 61582.687  27.778  27.641  27.507  6198.96     3631.0       r 
 61582.687  28.113  27.983  27.834  5182.42     3631.0    cyan 
 61582.687  28.399  28.267  28.114  4746.48     3631.0   g-P48 
 61582.687  28.436  28.306  28.154  4735.89     3631.0       g 
 61584.701  27.662  27.514  27.389  6629.82     3631.0  orange 
 61584.701  27.726  27.586  27.455  6366.38     3631.0   r-P48 
 61584.701  27.785  27.648  27.514  6198.96     3631.0       r 
 61584.701   28.12   27.99  27.841  5182.42     3631.0    cyan 
 61584.701  28.406  28.274  28.121  4746.48     3631.0   g-P48 
 61584.701  28.443  28.313  28.161  4735.89     3631.0       g 
 61586.714  27.669  27.521  27.396  6629.82     3631.0  orange 
 61586.714  27.733  27.593  27.462  6366.38     3631.0   r-P48 
 61586.714  27.791  27.655  27.521  6198.96     3631.0       r 
 61586.714  28.126  27.997  27.847  5182.42     3631.0    cyan 
 61586.714  28.412  28.281  28.127  4746.48     3631.0   g-P48 
 61586.714   28.45   28.32  28.167  4735.89     3631.0       g 
 61588.728  27.675  27.528  27.403  6629.82     3631.0  orange 
 61588.728   27.74    27.6  27.469  6366.38     3631.0   r-P48 
 61588.728  27.798  27.661  27.528  6198.96     3631.0       r 
 61588.728  28.133  28.003  27.854  5182.42     3631.0    cyan 
 61588.728  28.419  28.288  28.134  4746.48     3631.0   g-P48 
 61588.728  28.456  28.326  28.174  4735.89     3631.0       g 
 61590.742  27.682  27.534   27.41  6629.82     3631.0  orange 
 61590.742  27.747  27.606  27.476  6366.38     3631.0   r-P48 
 61590.742  27.805  27.668  27.534  6198.96     3631.0       r 
 61590.742   28.14   28.01  27.861  5182.42     3631.0    cyan 
 61590.742  28.426  28.294  28.141  4746.48     3631.0   g-P48 
 61590.742  28.463  28.333  28.181  4735.89     3631.0       g 
 61592.755  27.689  27.541  27.416  6629.82     3631.0  orange 
 61592.755  27.754  27.613  27.482  6366.38     3631.0   r-P48 
 61592.755  27.812  27.675  27.541  6198.96     3631.0       r 
 61592.755  28.147  28.017  27.867  5182.42     3631.0    cyan 
 61592.755  28.433  28.301  28.147  4746.48     3631.0   g-P48 
 61592.755   28.47   28.34  28.187  4735.89     3631.0       g 
 61594.769  27.696  27.548  27.423  6629.82     3631.0  orange 
 61594.769   27.76   27.62  27.489  6366.38     3631.0   r-P48 
 61594.769  27.818  27.682  27.548  6198.96     3631.0       r 
 61594.769  28.153  28.024  27.874  5182.42     3631.0    cyan 
 61594.769  28.439  28.308  28.154  4746.48     3631.0   g-P48 
 61594.769  28.477  28.347  28.194  4735.89     3631.0       g 
 61596.783  27.702  27.555   27.43  6629.82     3631.0  orange 
 61596.783  27.767  27.627  27.496  6366.38     3631.0   r-P48 
 61596.783  27.825  27.688  27.554  6198.96     3631.0       r 
 61596.783   28.16   28.03  27.881  5182.42     3631.0    cyan 
 61596.783  28.446  28.314  28.161  4746.48     3631.0   g-P48 
 61596.783  28.483  28.353  28.201  4735.89     3631.0       g 
 61598.796  27.709  27.561  27.436  6629.82     3631.0  orange 
 61598.796  27.774  27.633  27.502  6366.38     3631.0   r-P48 
 61598.796  27.832  27.695  27.561  6198.96     3631.0       r 
 61598.796  28.167  28.037  27.887  5182.42     3631.0    cyan 
 61598.796  28.453  28.321  28.167  4746.48     3631.0   g-P48 
 61598.796   28.49   28.36  28.207  4735.89     3631.0       g 
  61600.81  27.716  27.568  27.443  6629.82     3631.0  orange 
  61600.81   27.78   27.64  27.509  6366.38     3631.0   r-P48 
  61600.81  27.838  27.702  27.568  6198.96     3631.0       r 
  61600.81  28.173  28.044  27.894  5182.42     3631.0    cyan 
  61600.81   28.46  28.328  28.174  4746.48     3631.0   g-P48 
  61600.81  28.497  28.367  28.214  4735.89     3631.0       g 
 61602.824  27.723  27.575   27.45  6629.82     3631.0  orange 
 61602.824  27.787  27.647  27.516  6366.38     3631.0   r-P48 
 61602.824  27.845  27.708  27.574  6198.96     3631.0       r 
 61602.824   28.18   28.05  27.901  5182.42     3631.0    cyan 
 61602.824  28.466  28.334  28.181  4746.48     3631.0   g-P48 
 61602.824  28.503  28.373  28.221  4735.89     3631.0       g 
 61604.837  27.729  27.581  27.456  6629.82     3631.0  orange 
 61604.837  27.794  27.653  27.522  6366.38     3631.0   r-P48 
 61604.837  27.852  27.715  27.581  6198.96     3631.0       r 
 61604.837  28.187  28.057  27.907  5182.42     3631.0    cyan 
 61604.837  28.473  28.341  28.187  4746.48     3631.0   g-P48 
 61604.837   28.51   28.38  28.227  4735.89     3631.0       g 
 61606.851  27.736  27.588  27.463  6629.82     3631.0  orange 
 61606.851  27.801   27.66  27.529  6366.38     3631.0   r-P48 
 61606.851  27.859  27.722  27.587  6198.96     3631.0       r 
 61606.851  28.194  28.064  27.914  5182.42     3631.0    cyan 
 61606.851   28.48  28.348  28.194  4746.48     3631.0   g-P48 
 61606.851  28.517  28.387  28.234  4735.89     3631.0       g 
 61608.865  27.743  27.595  27.469  6629.82     3631.0  orange 
 61608.865  27.807  27.667  27.535  6366.38     3631.0   r-P48 
 61608.865  27.865  27.728  27.594  6198.96     3631.0       r 
 61608.865    28.2   28.07  27.921  5182.42     3631.0    cyan 
 61608.865  28.486  28.354  28.201  4746.48     3631.0   g-P48 
 61608.865  28.523  28.393  28.241  4735.89     3631.0       g 
 61610.878  27.749  27.601  27.476  6629.82     3631.0  orange 
 61610.878  27.814  27.673  27.542  6366.38     3631.0   r-P48 
 61610.878  27.872  27.735  27.601  6198.96     3631.0       r 
 61610.878  28.207  28.077  27.927  5182.42     3631.0    cyan 
 61610.878  28.493  28.361  28.207  4746.48     3631.0   g-P48 
 61610.878   28.53    28.4  28.247  4735.89     3631.0       g 
 61612.892  27.756  27.608  27.483  6629.82     3631.0  orange 
 61612.892  27.821   27.68  27.549  6366.38     3631.0   r-P48 
 61612.892  27.879  27.742  27.607  6198.96     3631.0       r 
 61612.892  28.213  28.084  27.934  5182.42     3631.0    cyan 
 61612.892    28.5  28.367  28.214  4746.48     3631.0   g-P48 
 61612.892  28.537  28.406  28.254  4735.89     3631.0       g 
 61614.906  27.763  27.614  27.489  6629.82     3631.0  orange 
 61614.906  27.827  27.686  27.555  6366.38     3631.0   r-P48 
 61614.906  27.885  27.748  27.614  6198.96     3631.0       r 
 61614.906   28.22   28.09   27.94  5182.42     3631.0    cyan 
 61614.906  28.506  28.374   28.22  4746.48     3631.0   g-P48 
 61614.906  28.543  28.413   28.26  4735.89     3631.0       g 
 61616.919  27.769  27.621  27.496  6629.82     3631.0  orange 
 61616.919  27.834  27.693  27.562  6366.38     3631.0   r-P48 
 61616.919  27.892  27.755   27.62  6198.96     3631.0       r 
 61616.919  28.227  28.097  27.947  5182.42     3631.0    cyan 
 61616.919  28.513  28.381  28.227  4746.48     3631.0   g-P48 
 61616.919   28.55   28.42  28.267  4735.89     3631.0       g 
 61618.933  27.776  27.628  27.502  6629.82     3631.0  orange 
 61618.933   27.84    27.7  27.568  6366.38     3631.0   r-P48 
 61618.933  27.898  27.761  27.627  6198.96     3631.0       r 
 61618.933  28.233  28.103  27.953  5182.42     3631.0    cyan 
 61618.933   28.52  28.387  28.233  4746.48     3631.0   g-P48 
 61618.933  28.557  28.426  28.273  4735.89     3631.0       g 
 61620.947  27.783  27.634  27.509  6629.82     3631.0  orange 
 61620.947  27.847  27.706  27.575  6366.38     3631.0   r-P48 
 61620.947  27.905  27.768  27.634  6198.96     3631.0       r 
 61620.947   28.24   28.11   27.96  5182.42     3631.0    cyan 
 61620.947  28.526  28.394   28.24  4746.48     3631.0   g-P48 
 61620.947  28.563  28.433   28.28  4735.89     3631.0       g 
  61622.96  27.789  27.641  27.515  6629.82     3631.0  orange 
  61622.96  27.854  27.713  27.581  6366.38     3631.0   r-P48 
  61622.96  27.912  27.775   27.64  6198.96     3631.0       r 
  61622.96  28.246  28.116  27.966  5182.42     3631.0    cyan 
  61622.96  28.533    28.4  28.247  4746.48     3631.0   g-P48 
  61622.96   28.57  28.439  28.287  4735.89     3631.0       g 
 61624.974  27.796  27.647  27.522  6629.82     3631.0  orange 
 61624.974   27.86  27.719  27.588  6366.38     3631.0   r-P48 
 61624.974  27.918  27.781  27.647  6198.96     3631.0       r 
 61624.974  28.253  28.123  27.973  5182.42     3631.0    cyan 
 61624.974  28.539  28.407  28.253  4746.48     3631.0   g-P48 
 61624.974  28.576  28.446  28.293  4735.89     3631.0       g 
 61626.988  27.802  27.654  27.528  6629.82     3631.0  orange 
 61626.988  27.867  27.726  27.594  6366.38     3631.0   r-P48 
 61626.988  27.925  27.788  27.653  6198.96     3631.0       r 
 61626.988   28.26   28.13   27.98  5182.42     3631.0    cyan 
 61626.988  28.546  28.413   28.26  4746.48     3631.0   g-P48 
 61626.988  28.583  28.452    28.3  4735.89     3631.0       g 
 61629.001  27.809   27.66  27.535  6629.82     3631.0  orange 
 61629.001  27.873  27.733  27.601  6366.38     3631.0   r-P48 
 61629.001  27.931  27.794   27.66  6198.96     3631.0       r 
 61629.001  28.266  28.136  27.986  5182.42     3631.0    cyan 
 61629.001  28.552   28.42  28.266  4746.48     3631.0   g-P48 
 61629.001   28.59  28.459  28.306  4735.89     3631.0       g 
 61631.015  27.815  27.667  27.541  6629.82     3631.0  orange 
 61631.015   27.88  27.739  27.607  6366.38     3631.0   r-P48 
 61631.015  27.938  27.801  27.666  6198.96     3631.0       r 
 61631.015  28.273  28.143  27.993  5182.42     3631.0    cyan 
 61631.015  28.559  28.426  28.273  4746.48     3631.0   g-P48 
 61631.015  28.596  28.466  28.313  4735.89     3631.0       g 
 61633.029  27.822  27.674  27.548  6629.82     3631.0  orange 
 61633.029  27.886  27.746  27.614  6366.38     3631.0   r-P48 
 61633.029  27.944  27.807  27.673  6198.96     3631.0       r 
 61633.029  28.279  28.149  27.999  5182.42     3631.0    cyan 
 61633.029  28.566  28.433  28.279  4746.48     3631.0   g-P48 
 61633.029  28.603  28.472  28.319  4735.89     3631.0       g 
 61635.042  27.829   27.68  27.554  6629.82     3631.0  orange 
 61635.042  27.893  27.752   27.62  6366.38     3631.0   r-P48 
 61635.042  27.951  27.814  27.679  6198.96     3631.0       r 
 61635.042  28.286  28.156  28.006  5182.42     3631.0    cyan 
 61635.042  28.572  28.439  28.286  4746.48     3631.0   g-P48 
 61635.042  28.609  28.479  28.326  4735.89     3631.0       g 
 61637.056  27.835  27.687  27.561  6629.82     3631.0  orange 
 61637.056    27.9  27.759  27.627  6366.38     3631.0   r-P48 
 61637.056  27.958   27.82  27.686  6198.96     3631.0       r 
 61637.056  28.292  28.162  28.012  5182.42     3631.0    cyan 
 61637.056  28.579  28.446  28.292  4746.48     3631.0   g-P48 
 61637.056  28.616  28.485  28.332  4735.89     3631.0       g 
  61639.07  27.842  27.693  27.567  6629.82     3631.0  orange 
  61639.07  27.906  27.765  27.633  6366.38     3631.0   r-P48 
  61639.07  27.964  27.827  27.692  6198.96     3631.0       r 
  61639.07  28.299  28.169  28.018  5182.42     3631.0    cyan 
  61639.07  28.585  28.452  28.299  4746.48     3631.0   g-P48 
  61639.07  28.622  28.492  28.338  4735.89     3631.0       g 
 61641.083  27.848    27.7  27.574  6629.82     3631.0  orange 
 61641.083  27.913  27.772   27.64  6366.38     3631.0   r-P48 
 61641.083  27.971  27.833  27.698  6198.96     3631.0       r 
 61641.083  28.305  28.175  28.025  5182.42     3631.0    cyan 
 61641.083  28.592  28.459  28.305  4746.48     3631.0   g-P48 
 61641.083  28.629  28.498  28.345  4735.89     3631.0       g 
 61643.097  27.855  27.706   27.58  6629.82     3631.0  orange 
 61643.097  27.919  27.778  27.646  6366.38     3631.0   r-P48 
 61643.097  27.977   27.84  27.705  6198.96     3631.0       r 
 61643.097  28.312  28.182  28.031  5182.42     3631.0    cyan 
 61643.097  28.598  28.465  28.311  4746.48     3631.0   g-P48 
 61643.097  28.635  28.504  28.351  4735.89     3631.0       g 
  61645.11  27.861  27.713  27.587  6629.82     3631.0  orange 
  61645.11  27.926  27.785  27.653  6366.38     3631.0   r-P48 
  61645.11  27.984  27.846  27.711  6198.96     3631.0       r 
  61645.11  28.318  28.188  28.038  5182.42     3631.0    cyan 
  61645.11  28.605  28.472  28.318  4746.48     3631.0   g-P48 
  61645.11  28.642  28.511  28.358  4735.89     3631.0       g 
 61647.124  27.868  27.719  27.593  6629.82     3631.0  orange 
 61647.124  27.932  27.791  27.659  6366.38     3631.0   r-P48 
 61647.124   27.99  27.853  27.718  6198.96     3631.0       r 
 61647.124  28.325  28.195  28.044  5182.42     3631.0    cyan 
 61647.124  28.611  28.478  28.324  4746.48     3631.0   g-P48 
 61647.124  28.648  28.517  28.364  4735.89     3631.0       g 
 61649.138  27.874  27.725  27.599  6629.82     3631.0  orange 
 61649.138  27.938  27.797  27.665  6366.38     3631.0   r-P48 
 61649.138  27.997  27.859  27.724  6198.96     3631.0       r 
 61649.138  28.331  28.201  28.051  5182.42     3631.0    cyan 
 61649.138  28.618  28.485  28.331  4746.48     3631.0   g-P48 
 61649.138  28.655  28.524  28.371  4735.89     3631.0       g 
 61651.151  27.881  27.732  27.606  6629.82     3631.0  orange 
 61651.151  27.945  27.804  27.672  6366.38     3631.0   r-P48 
 61651.151  28.003  27.866  27.731  6198.96     3631.0       r 
 61651.151  28.338  28.207  28.057  5182.42     3631.0    cyan 
 61651.151  28.624  28.491  28.337  4746.48     3631.0   g-P48 
 61651.151  28.661   28.53  28.377  4735.89     3631.0       g 
 61653.165  27.887  27.738  27.612  6629.82     3631.0  orange 
 61653.165  27.951   27.81  27.678  6366.38     3631.0   r-P48 
 61653.165  28.009  27.872  27.737  6198.96     3631.0       r 
 61653.165  28.344  28.214  28.063  5182.42     3631.0    cyan 
 61653.165   28.63  28.498  28.343  4746.48     3631.0   g-P48 
 61653.165  28.668  28.537  28.383  4735.89     3631.0       g 
 61655.179  27.893  27.745  27.619  6629.82     3631.0  orange 
 61655.179  27.958  27.817  27.685  6366.38     3631.0   r-P48 
 61655.179  28.016  27.878  27.743  6198.96     3631.0       r 
 61655.179  28.351   28.22   28.07  5182.42     3631.0    cyan 
 61655.179  28.637  28.504   28.35  4746.48     3631.0   g-P48 
 61655.179  28.674  28.543   28.39  4735.89     3631.0       g 
 61657.192    27.9  27.751  27.625  6629.82     3631.0  orange 
 61657.192  27.964  27.823  27.691  6366.38     3631.0   r-P48 
 61657.192  28.022  27.885   27.75  6198.96     3631.0       r 
 61657.192  28.357  28.227  28.076  5182.42     3631.0    cyan 
 61657.192  28.643   28.51  28.356  4746.48     3631.0   g-P48 
 61657.192   28.68   28.55  28.396  4735.89     3631.0       g 
 61659.206  27.906  27.757  27.631  6629.82     3631.0  orange 
 61659.206  27.971   27.83  27.697  6366.38     3631.0   r-P48 
 61659.206  28.029  27.891  27.756  6198.96     3631.0       r 
 61659.206  28.363  28.233  28.083  5182.42     3631.0    cyan 
 61659.206   28.65  28.517  28.363  4746.48     3631.0   g-P48 
 61659.206  28.687  28.556  28.403  4735.89     3631.0       g 
  61661.22  27.913  27.764  27.638  6629.82     3631.0  orange 
  61661.22  27.977  27.836  27.704  6366.38     3631.0   r-P48 
  61661.22  28.035  27.898  27.762  6198.96     3631.0       r 
  61661.22   28.37  28.239  28.089  5182.42     3631.0    cyan 
  61661.22  28.656  28.523  28.369  4746.48     3631.0   g-P48 
  61661.22  28.693  28.562  28.409  4735.89     3631.0       g 
 61663.233  27.919   27.77  27.644  6629.82     3631.0  orange 
 61663.233  27.983  27.842   27.71  6366.38     3631.0   r-P48 
 61663.233  28.042  27.904  27.769  6198.96     3631.0       r 
 61663.233  28.376  28.246  28.095  5182.42     3631.0    cyan 
 61663.233  28.663   28.53  28.375  4746.48     3631.0   g-P48 
 61663.233    28.7  28.569  28.415  4735.89     3631.0       g 
 61665.247  27.926  27.777   27.65  6629.82     3631.0  orange 
 61665.247   27.99  27.849  27.716  6366.38     3631.0   r-P48 
 61665.247  28.048   27.91  27.775  6198.96     3631.0       r 
 61665.247  28.383  28.252  28.102  5182.42     3631.0    cyan 
 61665.247  28.669  28.536  28.382  4746.48     3631.0   g-P48 
 61665.247  28.706  28.575  28.422  4735.89     3631.0       g 
 61667.261  27.932  27.783  27.657  6629.82     3631.0  orange 
 61667.261  27.996  27.855  27.723  6366.38     3631.0   r-P48 
 61667.261  28.054  27.917  27.782  6198.96     3631.0       r 
 61667.261  28.389  28.259  28.108  5182.42     3631.0    cyan 
 61667.261  28.675  28.542  28.388  4746.48     3631.0   g-P48 
 61667.261  28.712  28.581  28.428  4735.89     3631.0       g 
 61669.274  27.938  27.789  27.663  6629.82     3631.0  orange 
 61669.274  28.003  27.861  27.729  6366.38     3631.0   r-P48 
 61669.274  28.061  27.923  27.788  6198.96     3631.0       r 
 61669.274  28.395  28.265  28.114  5182.42     3631.0    cyan 
 61669.274  28.682  28.549  28.394  4746.48     3631.0   g-P48 
 61669.274  28.719  28.588  28.434  4735.89     3631.0       g 
 61671.288  27.945  27.796  27.669  6629.82     3631.0  orange 
 61671.288  28.009  27.868  27.735  6366.38     3631.0   r-P48 
 61671.288  28.067  27.929  27.794  6198.96     3631.0       r 
 61671.288  28.402  28.271  28.121  5182.42     3631.0    cyan 
 61671.288  28.688  28.555  28.401  4746.48     3631.0   g-P48 
 61671.288  28.725  28.594  28.441  4735.89     3631.0       g 
 61673.302  27.951  27.802  27.676  6629.82     3631.0  orange 
 61673.302  28.015  27.874  27.742  6366.38     3631.0   r-P48 
 61673.302  28.073  27.936    27.8  6198.96     3631.0       r 
 61673.302  28.408  28.278  28.127  5182.42     3631.0    cyan 
 61673.302  28.694  28.561  28.407  4746.48     3631.0   g-P48 
 61673.302  28.732    28.6  28.447  4735.89     3631.0       g 
 61675.315  27.957  27.808  27.682  6629.82     3631.0  orange 
 61675.315  28.022   27.88  27.748  6366.38     3631.0   r-P48 
 61675.315   28.08  27.942  27.807  6198.96     3631.0       r 
 61675.315  28.414  28.284  28.133  5182.42     3631.0    cyan 
 61675.315  28.701  28.568  28.413  4746.48     3631.0   g-P48 
 61675.315  28.738  28.607  28.453  4735.89     3631.0       g 
 61677.329  27.964  27.815  27.688  6629.82     3631.0  orange 
 61677.329  28.028  27.887  27.754  6366.38     3631.0   r-P48 
 61677.329  28.086  27.948  27.813  6198.96     3631.0       r 
 61677.329  28.421   28.29  28.139  5182.42     3631.0    cyan 
 61677.329  28.707  28.574  28.419  4746.48     3631.0   g-P48 
 61677.329  28.744  28.613  28.459  4735.89     3631.0       g 
 61679.343   27.97  27.821  27.694  6629.82     3631.0  orange 
 61679.343  28.034  27.893  27.761  6366.38     3631.0   r-P48 
 61679.343  28.092  27.955  27.819  6198.96     3631.0       r 
 61679.343  28.427  28.297  28.146  5182.42     3631.0    cyan 
 61679.343  28.713   28.58  28.426  4746.48     3631.0   g-P48 
 61679.343  28.751  28.619  28.466  4735.89     3631.0       g 
 61681.356  27.976  27.827  27.701  6629.82     3631.0  orange 
 61681.356  28.041  27.899  27.767  6366.38     3631.0   r-P48 
 61681.356  28.099  27.961  27.826  6198.96     3631.0       r 
 61681.356  28.433  28.303  28.152  5182.42     3631.0    cyan 
 61681.356   28.72  28.587  28.432  4746.48     3631.0   g-P48 
 61681.356  28.757  28.626  28.472  4735.89     3631.0       g 
  61683.37  27.983  27.834  27.707  6629.82     3631.0  orange 
  61683.37  28.047  27.906  27.773  6366.38     3631.0   r-P48 
  61683.37  28.105  27.967  27.832  6198.96     3631.0       r 
  61683.37   28.44  28.309  28.158  5182.42     3631.0    cyan 
  61683.37  28.726  28.593  28.438  4746.48     3631.0   g-P48 
  61683.37  28.763  28.632  28.478  4735.89     3631.0       g 
 61685.384  27.989   27.84  27.713  6629.82     3631.0  orange 
 61685.384  28.053  27.912  27.779  6366.38     3631.0   r-P48 
 61685.384  28.111  27.974  27.838  6198.96     3631.0       r 
 61685.384  28.446  28.315  28.164  5182.42     3631.0    cyan 
 61685.384  28.732  28.599  28.445  4746.48     3631.0   g-P48 
 61685.384  28.769  28.638  28.484  4735.89     3631.0       g 
 61687.397  27.995  27.846  27.719  6629.82     3631.0  orange 
 61687.397   28.06  27.918  27.786  6366.38     3631.0   r-P48 
 61687.397  28.118   27.98  27.844  6198.96     3631.0       r 
 61687.397  28.452  28.322  28.171  5182.42     3631.0    cyan 
 61687.397  28.739  28.605  28.451  4746.48     3631.0   g-P48 
 61687.397  28.776  28.644  28.491  4735.89     3631.0       g 
 61689.411  28.002  27.852  27.726  6629.82     3631.0  orange 
 61689.411  28.066  27.924  27.792  6366.38     3631.0   r-P48 
 61689.411  28.124  27.986  27.851  6198.96     3631.0       r 
 61689.411  28.458  28.328  28.177  5182.42     3631.0    cyan 
 61689.411  28.745  28.612  28.457  4746.48     3631.0   g-P48 
 61689.411  28.782  28.651  28.497  4735.89     3631.0       g 
 61691.425  28.008  27.859  27.732  6629.82     3631.0  orange 
 61691.425  28.072  27.931  27.798  6366.38     3631.0   r-P48 
 61691.425   28.13  27.992  27.857  6198.96     3631.0       r 
 61691.425  28.465  28.334  28.183  5182.42     3631.0    cyan 
 61691.425  28.751  28.618  28.463  4746.48     3631.0   g-P48 
 61691.425  28.788  28.657  28.503  4735.89     3631.0       g 
 61693.438  28.014  27.865  27.738  6629.82     3631.0  orange 
 61693.438  28.078  27.937  27.804  6366.38     3631.0   r-P48 
 61693.438  28.136  27.999  27.863  6198.96     3631.0       r 
 61693.438  28.471  28.341  28.189  5182.42     3631.0    cyan 
 61693.438  28.757  28.624  28.469  4746.48     3631.0   g-P48 
 61693.438  28.795  28.663  28.509  4735.89     3631.0       g 
 61695.452   28.02  27.871  27.744  6629.82     3631.0  orange 
 61695.452  28.085  27.943   27.81  6366.38     3631.0   r-P48 
 61695.452  28.143  28.005  27.869  6198.96     3631.0       r 
 61695.452  28.477  28.347  28.196  5182.42     3631.0    cyan 
 61695.452  28.764   28.63  28.476  4746.48     3631.0   g-P48 
 61695.452  28.801  28.669  28.516  4735.89     3631.0       g 
 61697.466  28.027  27.877  27.751  6629.82     3631.0  orange 
 61697.466  28.091  27.949  27.817  6366.38     3631.0   r-P48 
 61697.466  28.149  28.011  27.875  6198.96     3631.0       r 
 61697.466  28.484  28.353  28.202  5182.42     3631.0    cyan 
 61697.466   28.77  28.637  28.482  4746.48     3631.0   g-P48 
 61697.466  28.807  28.676  28.522  4735.89     3631.0       g 
 61699.479  28.033  27.884  27.757  6629.82     3631.0  orange 
 61699.479  28.097  27.955  27.823  6366.38     3631.0   r-P48 
 61699.479  28.155  28.017  27.882  6198.96     3631.0       r 
 61699.479   28.49  28.359  28.208  5182.42     3631.0    cyan 
 61699.479  28.776  28.643  28.488  4746.48     3631.0   g-P48 
 61699.479  28.813  28.682  28.528  4735.89     3631.0       g 
 61701.493  28.039   27.89  27.763  6629.82     3631.0  orange 
 61701.493  28.103  27.962  27.829  6366.38     3631.0   r-P48 
 61701.493  28.161  28.023  27.888  6198.96     3631.0       r 
 61701.493  28.496  28.365  28.214  5182.42     3631.0    cyan 
 61701.493  28.782  28.649  28.494  4746.48     3631.0   g-P48 
 61701.493   28.82  28.688  28.534  4735.89     3631.0       g 
 61703.507  28.045  27.896  27.769  6629.82     3631.0  orange 
 61703.507   28.11  27.968  27.835  6366.38     3631.0   r-P48 
 61703.507  28.168   28.03  27.894  6198.96     3631.0       r 
 61703.507  28.502  28.372   28.22  5182.42     3631.0    cyan 
 61703.507  28.789  28.655    28.5  4746.48     3631.0   g-P48 
 61703.507  28.826  28.694   28.54  4735.89     3631.0       g 
  61705.52  28.052  27.902  27.775  6629.82     3631.0  orange 
  61705.52  28.116  27.974  27.841  6366.38     3631.0   r-P48 
  61705.52  28.174  28.036    27.9  6198.96     3631.0       r 
  61705.52  28.508  28.378  28.226  5182.42     3631.0    cyan 
  61705.52  28.795  28.661  28.507  4746.48     3631.0   g-P48 
  61705.52  28.832    28.7  28.546  4735.89     3631.0       g 
 61707.534  28.058  27.908  27.781  6629.82     3631.0  orange 
 61707.534  28.122   27.98  27.847  6366.38     3631.0   r-P48 
 61707.534   28.18  28.042  27.906  6198.96     3631.0       r 
 61707.534  28.515  28.384  28.233  5182.42     3631.0    cyan 
 61707.534  28.801  28.668  28.513  4746.48     3631.0   g-P48 
 61707.534  28.838  28.707  28.553  4735.89     3631.0       g 
 61709.548  28.064  27.915  27.787  6629.82     3631.0  orange 
 61709.548  28.128  27.986  27.854  6366.38     3631.0   r-P48 
 61709.548  28.186  28.048  27.912  6198.96     3631.0       r 
 61709.548  28.521   28.39  28.239  5182.42     3631.0    cyan 
 61709.548  28.807  28.674  28.519  4746.48     3631.0   g-P48 
 61709.548  28.844  28.713  28.559  4735.89     3631.0       g 
 61711.561   28.07  27.921  27.794  6629.82     3631.0  orange 
 61711.561  28.134  27.992   27.86  6366.38     3631.0   r-P48 
 61711.561  28.192  28.054  27.918  6198.96     3631.0       r 
 61711.561  28.527  28.396  28.245  5182.42     3631.0    cyan 
 61711.561  28.813   28.68  28.525  4746.48     3631.0   g-P48 
 61711.561  28.851  28.719  28.565  4735.89     3631.0       g 
 61713.575  28.076  27.927    27.8  6629.82     3631.0  orange 
 61713.575  28.141  27.999  27.866  6366.38     3631.0   r-P48 
 61713.575  28.199   28.06  27.925  6198.96     3631.0       r 
 61713.575  28.533  28.403  28.251  5182.42     3631.0    cyan 
 61713.575   28.82  28.686  28.531  4746.48     3631.0   g-P48 
 61713.575  28.857  28.725  28.571  4735.89     3631.0       g 
 61715.589  28.083  27.933  27.806  6629.82     3631.0  orange 
 61715.589  28.147  28.005  27.872  6366.38     3631.0   r-P48 
 61715.589  28.205  28.067  27.931  6198.96     3631.0       r 
 61715.589  28.539  28.409  28.257  5182.42     3631.0    cyan 
 61715.589  28.826  28.692  28.537  4746.48     3631.0   g-P48 
 61715.589  28.863  28.731  28.577  4735.89     3631.0       g 
 61717.602  28.089  27.939  27.812  6629.82     3631.0  orange 
 61717.602  28.153  28.011  27.878  6366.38     3631.0   r-P48 
 61717.602  28.211  28.073  27.937  6198.96     3631.0       r 
 61717.602  28.545  28.415  28.263  5182.42     3631.0    cyan 
 61717.602  28.832  28.698  28.543  4746.48     3631.0   g-P48 
 61717.602  28.869  28.737  28.583  4735.89     3631.0       g 
 61719.616  28.095  27.945  27.818  6629.82     3631.0  orange 
 61719.616  28.159  28.017  27.884  6366.38     3631.0   r-P48 
 61719.616  28.217  28.079  27.943  6198.96     3631.0       r 
 61719.616  28.552  28.421  28.269  5182.42     3631.0    cyan 
 61719.616  28.838  28.704  28.549  4746.48     3631.0   g-P48 
 61719.616  28.875  28.743  28.589  4735.89     3631.0       g 
  61721.63  28.101  27.951  27.824  6629.82     3631.0  orange 
  61721.63  28.165  28.023   27.89  6366.38     3631.0   r-P48 
  61721.63  28.223  28.085  27.949  6198.96     3631.0       r 
  61721.63  28.558  28.427  28.275  5182.42     3631.0    cyan 
  61721.63  28.844  28.711  28.555  4746.48     3631.0   g-P48 
  61721.63  28.881   28.75  28.595  4735.89     3631.0       g 
 61723.643  28.107  27.957   27.83  6629.82     3631.0  orange 
 61723.643  28.171  28.029  27.896  6366.38     3631.0   r-P48 
 61723.643  28.229  28.091  27.955  6198.96     3631.0       r 
 61723.643  28.564  28.433  28.281  5182.42     3631.0    cyan 
 61723.643   28.85  28.717  28.562  4746.48     3631.0   g-P48 
 61723.643  28.887  28.756  28.602  4735.89     3631.0       g 
 61725.657  28.113  27.964  27.836  6629.82     3631.0  orange 
 61725.657  28.177  28.035  27.902  6366.38     3631.0   r-P48 
 61725.657  28.235  28.097  27.961  6198.96     3631.0       r 
 61725.657   28.57  28.439  28.288  5182.42     3631.0    cyan 
 61725.657  28.856  28.723  28.568  4746.48     3631.0   g-P48 
 61725.657  28.894  28.762  28.608  4735.89     3631.0       g 
 61727.671  28.119   27.97  27.842  6629.82     3631.0  orange 
 61727.671  28.184  28.041  27.909  6366.38     3631.0   r-P48 
 61727.671  28.242  28.103  27.967  6198.96     3631.0       r 
 61727.671  28.576  28.445  28.294  5182.42     3631.0    cyan 
 61727.671  28.863  28.729  28.574  4746.48     3631.0   g-P48 
 61727.671    28.9  28.768  28.614  4735.89     3631.0       g 
 61729.684  28.125  27.976  27.848  6629.82     3631.0  orange 
 61729.684   28.19  28.047  27.915  6366.38     3631.0   r-P48 
 61729.684  28.248  28.109  27.973  6198.96     3631.0       r 
 61729.684  28.582  28.452    28.3  5182.42     3631.0    cyan 
 61729.684  28.869  28.735   28.58  4746.48     3631.0   g-P48 
 61729.684  28.906  28.774   28.62  4735.89     3631.0       g 
 61731.698  28.132  27.982  27.854  6629.82     3631.0  orange 
 61731.698  28.196  28.053  27.921  6366.38     3631.0   r-P48 
 61731.698  28.254  28.115  27.979  6198.96     3631.0       r 
 61731.698  28.588  28.458  28.306  5182.42     3631.0    cyan 
 61731.698  28.875  28.741  28.586  4746.48     3631.0   g-P48 
 61731.698  28.912   28.78  28.626  4735.89     3631.0       g 
 61733.712  28.138  27.988   27.86  6629.82     3631.0  orange 
 61733.712  28.202   28.06  27.927  6366.38     3631.0   r-P48 
 61733.712   28.26  28.121  27.985  6198.96     3631.0       r 
 61733.712  28.594  28.464  28.312  5182.42     3631.0    cyan 
 61733.712  28.881  28.747  28.592  4746.48     3631.0   g-P48 
 61733.712  28.918  28.786  28.632  4735.89     3631.0       g 
 61735.725  28.144  27.994  27.866  6629.82     3631.0  orange 
 61735.725  28.208  28.066  27.933  6366.38     3631.0   r-P48 
 61735.725  28.266  28.128  27.991  6198.96     3631.0       r 
 61735.725    28.6   28.47  28.318  5182.42     3631.0    cyan 
 61735.725  28.887  28.753  28.598  4746.48     3631.0   g-P48 
 61735.725  28.924  28.792  28.638  4735.89     3631.0       g 
 61737.739   28.15    28.0  27.873  6629.82     3631.0  orange 
 61737.739  28.214  28.072  27.939  6366.38     3631.0   r-P48 
 61737.739  28.272  28.134  27.997  6198.96     3631.0       r 
 61737.739  28.606  28.476  28.324  5182.42     3631.0    cyan 
 61737.739  28.893  28.759  28.604  4746.48     3631.0   g-P48 
 61737.739   28.93  28.798  28.644  4735.89     3631.0       g 
 61739.753  28.156  28.006  27.879  6629.82     3631.0  orange 
 61739.753   28.22  28.078  27.945  6366.38     3631.0   r-P48 
 61739.753  28.278   28.14  28.003  6198.96     3631.0       r 
 61739.753  28.612  28.482   28.33  5182.42     3631.0    cyan 
 61739.753  28.899  28.765   28.61  4746.48     3631.0   g-P48 
 61739.753  28.936  28.804   28.65  4735.89     3631.0       g 
 61741.766  28.162  28.012  27.885  6629.82     3631.0  orange 
 61741.766  28.226  28.084  27.951  6366.38     3631.0   r-P48 
 61741.766  28.284  28.146  28.009  6198.96     3631.0       r 
 61741.766  28.619  28.488  28.336  5182.42     3631.0    cyan 
 61741.766  28.905  28.771  28.616  4746.48     3631.0   g-P48 
 61741.766  28.942   28.81  28.656  4735.89     3631.0       g 
  61743.78  28.168  28.018  27.891  6629.82     3631.0  orange 
  61743.78  28.232   28.09  27.957  6366.38     3631.0   r-P48 
  61743.78   28.29  28.152  28.015  6198.96     3631.0       r 
  61743.78  28.625  28.494  28.342  5182.42     3631.0    cyan 
  61743.78  28.911  28.777  28.622  4746.48     3631.0   g-P48 
  61743.78  28.948  28.816  28.662  4735.89     3631.0       g 
 61745.793  28.174  28.024  27.897  6629.82     3631.0  orange 
 61745.793  28.238  28.096  27.963  6366.38     3631.0   r-P48 
 61745.793  28.296  28.158  28.021  6198.96     3631.0       r 
 61745.793  28.631    28.5  28.348  5182.42     3631.0    cyan 
 61745.793  28.917  28.783  28.628  4746.48     3631.0   g-P48 
 61745.793  28.954  28.822  28.668  4735.89     3631.0       g 
 61747.807   28.18   28.03  27.902  6629.82     3631.0  orange 
 61747.807  28.244  28.102  27.969  6366.38     3631.0   r-P48 
 61747.807  28.302  28.164  28.027  6198.96     3631.0       r 
 61747.807  28.637  28.506  28.354  5182.42     3631.0    cyan 
 61747.807  28.923  28.789  28.634  4746.48     3631.0   g-P48 
 61747.807   28.96  28.828  28.674  4735.89     3631.0       g 
 61749.821  28.186  28.036  27.908  6629.82     3631.0  orange 
 61749.821   28.25  28.108  27.975  6366.38     3631.0   r-P48 
 61749.821  28.308   28.17  28.033  6198.96     3631.0       r 
 61749.821  28.643  28.512   28.36  5182.42     3631.0    cyan 
 61749.821  28.929  28.795   28.64  4746.48     3631.0   g-P48 
 61749.821  28.966  28.834   28.68  4735.89     3631.0       g 
 61751.834  28.192  28.042  27.914  6629.82     3631.0  orange 
 61751.834  28.256  28.114  27.981  6366.38     3631.0   r-P48 
 61751.834  28.314  28.176  28.039  6198.96     3631.0       r 
 61751.834  28.649  28.518  28.366  5182.42     3631.0    cyan 
 61751.834  28.935  28.801  28.646  4746.48     3631.0   g-P48 
 61751.834  28.972   28.84  28.686  4735.89     3631.0       g 
 61753.848  28.198  28.048   27.92  6629.82     3631.0  orange 
 61753.848  28.262   28.12  27.987  6366.38     3631.0   r-P48 
 61753.848   28.32  28.182  28.045  6198.96     3631.0       r 
 61753.848  28.655  28.524  28.372  5182.42     3631.0    cyan 
 61753.848  28.941  28.807  28.652  4746.48     3631.0   g-P48 
 61753.848  28.978  28.846  28.692  4735.89     3631.0       g 
 61755.862  28.204  28.054  27.926  6629.82     3631.0  orange 
 61755.862  28.268  28.126  27.993  6366.38     3631.0   r-P48 
 61755.862  28.326  28.188  28.051  6198.96     3631.0       r 
 61755.862  28.661   28.53  28.378  5182.42     3631.0    cyan 
 61755.862  28.947  28.813  28.658  4746.48     3631.0   g-P48 
 61755.862  28.984  28.852  28.698  4735.89     3631.0       g 
 61757.875   28.21   28.06  27.932  6629.82     3631.0  orange 
 61757.875  28.274  28.132  27.998  6366.38     3631.0   r-P48 
 61757.875  28.332  28.194  28.057  6198.96     3631.0       r 
 61757.875  28.667  28.536  28.384  5182.42     3631.0    cyan 
 61757.875  28.953  28.819  28.664  4746.48     3631.0   g-P48 
 61757.875   28.99  28.858  28.704  4735.89     3631.0       g 
 61759.889  28.216  28.066  27.938  6629.82     3631.0  orange 
 61759.889   28.28  28.137  28.004  6366.38     3631.0   r-P48 
 61759.889  28.338  28.199  28.063  6198.96     3631.0       r 
 61759.889  28.673  28.542   28.39  5182.42     3631.0    cyan 
 61759.889  28.959  28.825   28.67  4746.48     3631.0   g-P48 
 61759.889  28.996  28.864   28.71  4735.89     3631.0       g 
 61761.903  28.222  28.072  27.944  6629.82     3631.0  orange 
 61761.903  28.286  28.143   28.01  6366.38     3631.0   r-P48 
 61761.903  28.344  28.205  28.069  6198.96     3631.0       r 
 61761.903  28.679  28.548  28.395  5182.42     3631.0    cyan 
 61761.903  28.965  28.831  28.675  4746.48     3631.0   g-P48 
 61761.903  29.002   28.87  28.716  4735.89     3631.0       g 
 61763.916  28.228  28.078   27.95  6629.82     3631.0  orange 
 61763.916  28.292  28.149  28.016  6366.38     3631.0   r-P48 
 61763.916   28.35  28.211  28.075  6198.96     3631.0       r 
 61763.916  28.685  28.554  28.401  5182.42     3631.0    cyan 
 61763.916  28.971  28.837  28.681  4746.48     3631.0   g-P48 
 61763.916  29.008  28.876  28.721  4735.89     3631.0       g 
  61765.93  28.234  28.084  27.956  6629.82     3631.0  orange 
  61765.93  28.298  28.155  28.022  6366.38     3631.0   r-P48 
  61765.93  28.356  28.217  28.081  6198.96     3631.0       r 
  61765.93   28.69   28.56  28.407  5182.42     3631.0    cyan 
  61765.93  28.977  28.843  28.687  4746.48     3631.0   g-P48 
  61765.93  29.014  28.882  28.727  4735.89     3631.0       g 
 61767.944   28.24   28.09  27.962  6629.82     3631.0  orange 
 61767.944  28.304  28.161  28.028  6366.38     3631.0   r-P48 
 61767.944  28.362  28.223  28.087  6198.96     3631.0       r 
 61767.944  28.696  28.566  28.413  5182.42     3631.0    cyan 
 61767.944  28.983  28.849  28.693  4746.48     3631.0   g-P48 
 61767.944   29.02  28.888  28.733  4735.89     3631.0       g 
 61769.957  28.246  28.096  27.968  6629.82     3631.0  orange 
 61769.957   28.31  28.167  28.034  6366.38     3631.0   r-P48 
 61769.957  28.368  28.229  28.093  6198.96     3631.0       r 
 61769.957  28.702  28.572  28.419  5182.42     3631.0    cyan 
 61769.957  28.989  28.855  28.699  4746.48     3631.0   g-P48 
 61769.957  29.026  28.894  28.739  4735.89     3631.0       g 
 61771.971  28.252  28.102  27.974  6629.82     3631.0  orange 
 61771.971  28.316  28.173   28.04  6366.38     3631.0   r-P48 
 61771.971  28.374  28.235  28.099  6198.96     3631.0       r 
 61771.971  28.708  28.578  28.425  5182.42     3631.0    cyan 
 61771.971  28.995  28.861  28.705  4746.48     3631.0   g-P48 
 61771.971  29.032    28.9  28.745  4735.89     3631.0       g 
 61773.985  28.258  28.108  27.979  6629.82     3631.0  orange 
 61773.985  28.322  28.179  28.046  6366.38     3631.0   r-P48 
 61773.985   28.38  28.241  28.104  6198.96     3631.0       r 
 61773.985  28.714  28.584  28.431  5182.42     3631.0    cyan 
 61773.985  29.001  28.867  28.711  4746.48     3631.0   g-P48 
 61773.985  29.038  28.906  28.751  4735.89     3631.0       g 
 61775.998  28.264  28.113  27.985  6629.82     3631.0  orange 
 61775.998  28.328  28.185  28.052  6366.38     3631.0   r-P48 
 61775.998  28.386  28.247   28.11  6198.96     3631.0       r 
 61775.998   28.72  28.589  28.437  5182.42     3631.0    cyan 
 61775.998  29.007  28.872  28.717  4746.48     3631.0   g-P48 
 61775.998  29.044  28.912  28.757  4735.89     3631.0       g 
 61778.012   28.27  28.119  27.991  6629.82     3631.0  orange 
 61778.012  28.334  28.191  28.057  6366.38     3631.0   r-P48 
 61778.012  28.392  28.253  28.116  6198.96     3631.0       r 
 61778.012  28.726  28.595  28.443  5182.42     3631.0    cyan 
 61778.012  29.013  28.878  28.723  4746.48     3631.0   g-P48 
 61778.012   29.05  28.917  28.763  4735.89     3631.0       g 
 61780.026  28.276  28.125  27.997  6629.82     3631.0  orange 
 61780.026   28.34  28.197  28.063  6366.38     3631.0   r-P48 
 61780.026  28.398  28.258  28.122  6198.96     3631.0       r 
 61780.026  28.732  28.601  28.448  5182.42     3631.0    cyan 
 61780.026  29.019  28.884  28.728  4746.48     3631.0   g-P48 
 61780.026  29.056  28.923  28.769  4735.89     3631.0       g 
 61782.039  28.281  28.131  28.003  6629.82     3631.0  orange 
 61782.039  28.345  28.202  28.069  6366.38     3631.0   r-P48 
 61782.039  28.404  28.264  28.128  6198.96     3631.0       r 
 61782.039  28.738  28.607  28.454  5182.42     3631.0    cyan 
 61782.039  29.024   28.89  28.734  4746.48     3631.0   g-P48 
 61782.039  29.062  28.929  28.774  4735.89     3631.0       g 
 61784.053  28.287  28.137  28.009  6629.82     3631.0  orange 
 61784.053  28.351  28.208  28.075  6366.38     3631.0   r-P48 
 61784.053  28.409   28.27  28.134  6198.96     3631.0       r 
 61784.053  28.744  28.613   28.46  5182.42     3631.0    cyan 
 61784.053   29.03  28.896   28.74  4746.48     3631.0   g-P48 
 61784.053  29.067  28.935   28.78  4735.89     3631.0       g 
 61786.067  28.293  28.143  28.015  6629.82     3631.0  orange 
 61786.067  28.357  28.214  28.081  6366.38     3631.0   r-P48 
 61786.067  28.415  28.276  28.139  6198.96     3631.0       r 
 61786.067  28.749  28.619  28.466  5182.42     3631.0    cyan 
 61786.067  29.036  28.902  28.746  4746.48     3631.0   g-P48 
 61786.067  29.073  28.941  28.786  4735.89     3631.0       g 
  61788.08  28.299  28.149   28.02  6629.82     3631.0  orange 
  61788.08  28.363   28.22  28.087  6366.38     3631.0   r-P48 
  61788.08  28.421  28.282  28.145  6198.96     3631.0       r 
  61788.08  28.755  28.625  28.472  5182.42     3631.0    cyan 
  61788.08  29.042  28.908  28.752  4746.48     3631.0   g-P48 
  61788.08  29.079  28.947  28.792  4735.89     3631.0       g 
 61790.094  28.305  28.154  28.026  6629.82     3631.0  orange 
 61790.094  28.369  28.226  28.092  6366.38     3631.0   r-P48 
 61790.094  28.427  28.288  28.151  6198.96     3631.0       r 
 61790.094  28.761   28.63  28.478  5182.42     3631.0    cyan 
 61790.094  29.048  28.913  28.758  4746.48     3631.0   g-P48 
 61790.094  29.085  28.953  28.798  4735.89     3631.0       g 
 61792.108  28.311   28.16  28.032  6629.82     3631.0  orange 
 61792.108  28.375  28.232  28.098  6366.38     3631.0   r-P48 
 61792.108  28.433  28.294  28.157  6198.96     3631.0       r 
 61792.108  28.767  28.636  28.483  5182.42     3631.0    cyan 
 61792.108  29.054  28.919  28.763  4746.48     3631.0   g-P48 
 61792.108  29.091  28.958  28.803  4735.89     3631.0       g 
 61794.121  28.317  28.166  28.038  6629.82     3631.0  orange 
 61794.121  28.381  28.237  28.104  6366.38     3631.0   r-P48 
 61794.121  28.439  28.299  28.163  6198.96     3631.0       r 
 61794.121  28.773  28.642  28.489  5182.42     3631.0    cyan 
 61794.121   29.06  28.925  28.769  4746.48     3631.0   g-P48 
 61794.121  29.097  28.964  28.809  4735.89     3631.0       g 
 61796.135  28.322  28.172  28.044  6629.82     3631.0  orange 
 61796.135  28.386  28.243   28.11  6366.38     3631.0   r-P48 
 61796.135  28.445  28.305  28.169  6198.96     3631.0       r 
 61796.135  28.779  28.648  28.495  5182.42     3631.0    cyan 
 61796.135  29.065  28.931  28.775  4746.48     3631.0   g-P48 
 61796.135  29.103   28.97  28.815  4735.89     3631.0       g 
 61798.149  28.328  28.178  28.049  6629.82     3631.0  orange 
 61798.149  28.392  28.249  28.116  6366.38     3631.0   r-P48 
 61798.149   28.45  28.311  28.174  6198.96     3631.0       r 
 61798.149  28.785  28.654  28.501  5182.42     3631.0    cyan 
 61798.149  29.071  28.937  28.781  4746.48     3631.0   g-P48 
 61798.149  29.108  28.976  28.821  4735.89     3631.0       g 
 61800.162  28.334  28.184  28.055  6629.82     3631.0  orange 
 61800.162  28.398  28.255  28.121  6366.38     3631.0   r-P48 
 61800.162  28.456  28.317   28.18  6198.96     3631.0       r 
 61800.162   28.79   28.66  28.507  5182.42     3631.0    cyan 
 61800.162  29.077  28.943  28.787  4746.48     3631.0   g-P48 
 61800.162  29.114  28.982  28.827  4735.89     3631.0       g 
 61802.176   28.34  28.189  28.061  6629.82     3631.0  orange 
 61802.176  28.404  28.261  28.127  6366.38     3631.0   r-P48 
 61802.176  28.462  28.323  28.186  6198.96     3631.0       r 
 61802.176  28.796  28.665  28.512  5182.42     3631.0    cyan 
 61802.176  29.083  28.948  28.792  4746.48     3631.0   g-P48 
 61802.176   29.12  28.987  28.832  4735.89     3631.0       g 
  61804.19  28.346  28.195  28.067  6629.82     3631.0  orange 
  61804.19   28.41  28.266  28.133  6366.38     3631.0   r-P48 
  61804.19  28.468  28.328  28.192  6198.96     3631.0       r 
  61804.19  28.802  28.671  28.518  5182.42     3631.0    cyan 
  61804.19  29.089  28.954  28.798  4746.48     3631.0   g-P48 
  61804.19  29.126  28.993  28.838  4735.89     3631.0       g 
 61806.203  28.352  28.201  28.072  6629.82     3631.0  orange 
 61806.203  28.416  28.272  28.139  6366.38     3631.0   r-P48 
 61806.203  28.474  28.334  28.197  6198.96     3631.0       r 
 61806.203  28.808  28.677  28.524  5182.42     3631.0    cyan 
 61806.203  29.094   28.96  28.804  4746.48     3631.0   g-P48 
 61806.203  29.132  28.999  28.844  4735.89     3631.0       g 
 61808.217  28.357  28.207  28.078  6629.82     3631.0  orange 
 61808.217  28.421  28.278  28.144  6366.38     3631.0   r-P48 
 61808.217  28.479   28.34  28.203  6198.96     3631.0       r 
 61808.217  28.814  28.683   28.53  5182.42     3631.0    cyan 
 61808.217    29.1  28.966   28.81  4746.48     3631.0   g-P48 
 61808.217  29.137  29.005   28.85  4735.89     3631.0       g 
 61810.231  28.363  28.212  28.084  6629.82     3631.0  orange 
 61810.231  28.427  28.284   28.15  6366.38     3631.0   r-P48 
 61810.231  28.485  28.346  28.209  6198.96     3631.0       r 
 61810.231  28.819  28.688  28.535  5182.42     3631.0    cyan 
 61810.231  29.106  28.971  28.815  4746.48     3631.0   g-P48 
 61810.231  29.143   29.01  28.855  4735.89     3631.0       g 
 61812.244  28.369  28.218   28.09  6629.82     3631.0  orange 
 61812.244  28.433  28.289  28.156  6366.38     3631.0   r-P48 
 61812.244  28.491  28.351  28.215  6198.96     3631.0       r 
 61812.244  28.825  28.694  28.541  5182.42     3631.0    cyan 
 61812.244  29.112  28.977  28.821  4746.48     3631.0   g-P48 
 61812.244  29.149  29.016  28.861  4735.89     3631.0       g 
 61814.258  28.375  28.224  28.095  6629.82     3631.0  orange 
 61814.258  28.439  28.295  28.162  6366.38     3631.0   r-P48 
 61814.258  28.497  28.357   28.22  6198.96     3631.0       r 
 61814.258  28.831    28.7  28.547  5182.42     3631.0    cyan 
 61814.258  29.118  28.983  28.827  4746.48     3631.0   g-P48 
 61814.258  29.155  29.022  28.867  4735.89     3631.0       g 
 61816.272   28.38   28.23  28.101  6629.82     3631.0  orange 
 61816.272  28.444  28.301  28.167  6366.38     3631.0   r-P48 
 61816.272  28.502  28.363  28.226  6198.96     3631.0       r 
 61816.272  28.837  28.706  28.553  5182.42     3631.0    cyan 
 61816.272  29.123  28.989  28.832  4746.48     3631.0   g-P48 
 61816.272   29.16  29.028  28.873  4735.89     3631.0       g 
 61818.285  28.386  28.235  28.107  6629.82     3631.0  orange 
 61818.285   28.45  28.306  28.173  6366.38     3631.0   r-P48 
 61818.285  28.508  28.368  28.232  6198.96     3631.0       r 
 61818.285  28.842  28.711  28.558  5182.42     3631.0    cyan 
 61818.285  29.129  28.994  28.838  4746.48     3631.0   g-P48 
 61818.285  29.166  29.033  28.878  4735.89     3631.0       g 
 61820.299  28.392  28.241  28.112  6629.82     3631.0  orange 
 61820.299  28.456  28.312  28.179  6366.38     3631.0   r-P48 
 61820.299  28.514  28.374  28.237  6198.96     3631.0       r 
 61820.299  28.848  28.717  28.564  5182.42     3631.0    cyan 
 61820.299  29.135    29.0  28.844  4746.48     3631.0   g-P48 
 61820.299  29.172  29.039  28.884  4735.89     3631.0       g 
 61822.313  28.398  28.247  28.118  6629.82     3631.0  orange 
 61822.313  28.462  28.318  28.184  6366.38     3631.0   r-P48 
 61822.313   28.52   28.38  28.243  6198.96     3631.0       r 
 61822.313  28.854  28.723   28.57  5182.42     3631.0    cyan 
 61822.313  29.141  29.006   28.85  4746.48     3631.0   g-P48 
 61822.313  29.178  29.045   28.89  4735.89     3631.0       g 
 61824.326  28.403  28.253  28.124  6629.82     3631.0  orange 
 61824.326  28.467  28.324   28.19  6366.38     3631.0   r-P48 
 61824.326  28.525  28.386  28.249  6198.96     3631.0       r 
 61824.326  28.859  28.729  28.575  5182.42     3631.0    cyan 
 61824.326  29.146  29.012  28.855  4746.48     3631.0   g-P48 
 61824.326  29.183  29.051  28.895  4735.89     3631.0       g 
  61826.34  28.409  28.258  28.129  6629.82     3631.0  orange 
  61826.34  28.473  28.329  28.196  6366.38     3631.0   r-P48 
  61826.34  28.531  28.391  28.254  6198.96     3631.0       r 
  61826.34  28.865  28.734  28.581  5182.42     3631.0    cyan 
  61826.34  29.152  29.017  28.861  4746.48     3631.0   g-P48 
  61826.34  29.189  29.056  28.901  4735.89     3631.0       g 
 61828.354  28.415  28.264  28.135  6629.82     3631.0  orange 
 61828.354  28.479  28.335  28.202  6366.38     3631.0   r-P48 
 61828.354  28.537  28.397   28.26  6198.96     3631.0       r 
 61828.354  28.871   28.74  28.587  5182.42     3631.0    cyan 
 61828.354  29.158  29.023  28.867  4746.48     3631.0   g-P48 
 61828.354  29.195  29.062  28.907  4735.89     3631.0       g 
 61830.367  28.421   28.27  28.141  6629.82     3631.0  orange 
 61830.367  28.484  28.341  28.207  6366.38     3631.0   r-P48 
 61830.367  28.543  28.403  28.266  6198.96     3631.0       r 
 61830.367  28.877  28.746  28.592  5182.42     3631.0    cyan 
 61830.367  29.163  29.029  28.872  4746.48     3631.0   g-P48 
 61830.367  29.201  29.068  28.912  4735.89     3631.0       g 
 61832.381  28.426  28.275  28.146  6629.82     3631.0  orange 
 61832.381   28.49  28.346  28.213  6366.38     3631.0   r-P48 
 61832.381  28.548  28.408  28.271  6198.96     3631.0       r 
 61832.381  28.882  28.751  28.598  5182.42     3631.0    cyan 
 61832.381  29.169  29.034  28.878  4746.48     3631.0   g-P48 
 61832.381  29.206  29.073  28.918  4735.89     3631.0       g 
 61834.395  28.432  28.281  28.152  6629.82     3631.0  orange 
 61834.395  28.496  28.352  28.219  6366.38     3631.0   r-P48 
 61834.395  28.554  28.414  28.277  6198.96     3631.0       r 
 61834.395  28.888  28.757  28.604  5182.42     3631.0    cyan 
 61834.395  29.175   29.04  28.884  4746.48     3631.0   g-P48 
 61834.395  29.212  29.079  28.924  4735.89     3631.0       g 
 61836.408  28.438  28.287  28.158  6629.82     3631.0  orange 
 61836.408  28.502  28.358  28.224  6366.38     3631.0   r-P48 
 61836.408   28.56   28.42  28.283  6198.96     3631.0       r 
 61836.408  28.894  28.763  28.609  5182.42     3631.0    cyan 
 61836.408   29.18  29.046  28.889  4746.48     3631.0   g-P48 
 61836.408  29.218  29.085  28.929  4735.89     3631.0       g 
 61838.422  28.443  28.292  28.163  6629.82     3631.0  orange 
 61838.422  28.507  28.363   28.23  6366.38     3631.0   r-P48 
 61838.422  28.565  28.425  28.288  6198.96     3631.0       r 
 61838.422  28.899  28.768  28.615  5182.42     3631.0    cyan 
 61838.422  29.186  29.051  28.895  4746.48     3631.0   g-P48 
 61838.422  29.223   29.09  28.935  4735.89     3631.0       g 
 61840.436  28.449  28.298  28.169  6629.82     3631.0  orange 
 61840.436  28.513  28.369  28.235  6366.38     3631.0   r-P48 
 61840.436  28.571  28.431  28.294  6198.96     3631.0       r 
 61840.436  28.905  28.774  28.621  5182.42     3631.0    cyan 
 61840.436  29.192  29.057    28.9  4746.48     3631.0   g-P48 
 61840.436  29.229  29.096  28.941  4735.89     3631.0       g 
 61842.449  28.455  28.304  28.175  6629.82     3631.0  orange 
 61842.449  28.519  28.375  28.241  6366.38     3631.0   r-P48 
 61842.449  28.577  28.437    28.3  6198.96     3631.0       r 
 61842.449  28.911   28.78  28.626  5182.42     3631.0    cyan 
 61842.449  29.197  29.063  28.906  4746.48     3631.0   g-P48 
 61842.449  29.235  29.102  28.946  4735.89     3631.0       g 
 61844.463   28.46  28.309   28.18  6629.82     3631.0  orange 
 61844.463  28.524   28.38  28.247  6366.38     3631.0   r-P48 
 61844.463  28.582  28.442  28.305  6198.96     3631.0       r 
 61844.463  28.916  28.785  28.632  5182.42     3631.0    cyan 
 61844.463  29.203  29.068  28.912  4746.48     3631.0   g-P48 
 61844.463   29.24  29.107  28.952  4735.89     3631.0       g 
 61846.477  28.466  28.315  28.186  6629.82     3631.0  orange 
 61846.477   28.53  28.386  28.252  6366.38     3631.0   r-P48 
 61846.477  28.588  28.448  28.311  6198.96     3631.0       r 
 61846.477  28.922  28.791  28.637  5182.42     3631.0    cyan 
 61846.477  29.209  29.074  28.917  4746.48     3631.0   g-P48 
 61846.477  29.246  29.113  28.957  4735.89     3631.0       g 
  61848.49  28.472  28.321  28.191  6629.82     3631.0  orange 
  61848.49  28.535  28.391  28.258  6366.38     3631.0   r-P48 
  61848.49  28.594  28.453  28.316  6198.96     3631.0       r 
  61848.49  28.928  28.797  28.643  5182.42     3631.0    cyan 
  61848.49  29.214  29.079  28.923  4746.48     3631.0   g-P48 
  61848.49  29.252  29.118  28.963  4735.89     3631.0       g 
 61850.504  28.477  28.326  28.197  6629.82     3631.0  orange 
 61850.504  28.541  28.397  28.263  6366.38     3631.0   r-P48 
 61850.504  28.599  28.459  28.322  6198.96     3631.0       r 
 61850.504  28.933  28.802  28.649  5182.42     3631.0    cyan 
 61850.504   29.22  29.085  28.928  4746.48     3631.0   g-P48 
 61850.504  29.257  29.124  28.969  4735.89     3631.0       g 
 61852.517  28.483  28.332  28.203  6629.82     3631.0  orange 
 61852.517  28.547  28.403  28.269  6366.38     3631.0   r-P48 
 61852.517  28.605  28.465  28.328  6198.96     3631.0       r 
 61852.517  28.939  28.808  28.654  5182.42     3631.0    cyan 
 61852.517  29.226  29.091  28.934  4746.48     3631.0   g-P48 
 61852.517  29.263   29.13  28.974  4735.89     3631.0       g 
 61854.531  28.489  28.337  28.208  6629.82     3631.0  orange 
 61854.531  28.552  28.408  28.275  6366.38     3631.0   r-P48 
 61854.531   28.61   28.47  28.333  6198.96     3631.0       r 
 61854.531  28.944  28.813   28.66  5182.42     3631.0    cyan 
 61854.531  29.231  29.096   28.94  4746.48     3631.0   g-P48 
 61854.531  29.268  29.135   28.98  4735.89     3631.0       g 
 61856.545  28.494  28.343  28.214  6629.82     3631.0  orange 
 61856.545  28.558  28.414   28.28  6366.38     3631.0   r-P48 
 61856.545  28.616  28.476  28.339  6198.96     3631.0       r 
 61856.545   28.95  28.819  28.665  5182.42     3631.0    cyan 
 61856.545  29.237  29.102  28.945  4746.48     3631.0   g-P48 
 61856.545  29.274  29.141  28.985  4735.89     3631.0       g 
 61858.558    28.5  28.349  28.219  6629.82     3631.0  orange 
 61858.558  28.564  28.419  28.286  6366.38     3631.0   r-P48 
 61858.558  28.622  28.481  28.344  6198.96     3631.0       r 
 61858.558  28.956  28.825  28.671  5182.42     3631.0    cyan 
 61858.558  29.242  29.107  28.951  4746.48     3631.0   g-P48 
 61858.558   29.28  29.146  28.991  4735.89     3631.0       g 
 61860.572  28.505  28.354  28.225  6629.82     3631.0  orange 
 61860.572  28.569  28.425  28.291  6366.38     3631.0   r-P48 
 61860.572  28.627  28.487   28.35  6198.96     3631.0       r 
 61860.572  28.961   28.83  28.676  5182.42     3631.0    cyan 
 61860.572  29.248  29.113  28.956  4746.48     3631.0   g-P48 
 61860.572  29.285  29.152  28.996  4735.89     3631.0       g 
 61862.586  28.511   28.36   28.23  6629.82     3631.0  orange 
 61862.586  28.575   28.43  28.297  6366.38     3631.0   r-P48 
 61862.586  28.633  28.492  28.355  6198.96     3631.0       r 
 61862.586  28.967  28.836  28.682  5182.42     3631.0    cyan 
 61862.586  29.254  29.119  28.962  4746.48     3631.0   g-P48 
 61862.586  29.291  29.158  29.002  4735.89     3631.0       g 
 61864.599  28.517  28.365  28.236  6629.82     3631.0  orange 
 61864.599   28.58  28.436  28.302  6366.38     3631.0   r-P48 
 61864.599  28.638  28.498  28.361  6198.96     3631.0       r 
 61864.599  28.972  28.841  28.688  5182.42     3631.0    cyan 
 61864.599  29.259  29.124  28.967  4746.48     3631.0   g-P48 
 61864.599  29.296  29.163  29.008  4735.89     3631.0       g 
 61866.613  28.522  28.371  28.241  6629.82     3631.0  orange 
 61866.613  28.586  28.442  28.308  6366.38     3631.0   r-P48 
 61866.613  28.644  28.504  28.366  6198.96     3631.0       r 
 61866.613  28.978  28.847  28.693  5182.42     3631.0    cyan 
 61866.613  29.265   29.13  28.973  4746.48     3631.0   g-P48 
 61866.613  29.302  29.169  29.013  4735.89     3631.0       g 
 61868.627  28.528  28.376  28.247  6629.82     3631.0  orange 
 61868.627  28.591  28.447  28.313  6366.38     3631.0   r-P48 
 61868.627   28.65  28.509  28.372  6198.96     3631.0       r 
 61868.627  28.983  28.852  28.699  5182.42     3631.0    cyan 
 61868.627   29.27  29.135  28.978  4746.48     3631.0   g-P48 
 61868.627  29.307  29.174  29.019  4735.89     3631.0       g 
  61870.64  28.533  28.382  28.252  6629.82     3631.0  orange 
  61870.64  28.597  28.453  28.319  6366.38     3631.0   r-P48 
  61870.64  28.655  28.515  28.377  6198.96     3631.0       r 
  61870.64  28.989  28.858  28.704  5182.42     3631.0    cyan 
  61870.64  29.276  29.141  28.984  4746.48     3631.0   g-P48 
  61870.64  29.313   29.18  29.024  4735.89     3631.0       g 
 61872.654  28.539  28.387  28.258  6629.82     3631.0  orange 
 61872.654  28.603  28.458  28.325  6366.38     3631.0   r-P48 
 61872.654  28.661   28.52  28.383  6198.96     3631.0       r 
 61872.654  28.995  28.864   28.71  5182.42     3631.0    cyan 
 61872.654  29.281  29.146   28.99  4746.48     3631.0   g-P48 
 61872.654  29.319  29.185   29.03  4735.89     3631.0       g 
 61874.668  28.544  28.393  28.263  6629.82     3631.0  orange 
 61874.668  28.608  28.464   28.33  6366.38     3631.0   r-P48 
 61874.668  28.666  28.526  28.388  6198.96     3631.0       r 
 61874.668    29.0  28.869  28.715  5182.42     3631.0    cyan 
 61874.668  29.287  29.152  28.995  4746.48     3631.0   g-P48 
 61874.668  29.324  29.191  29.035  4735.89     3631.0       g 
 61876.681   28.55  28.398  28.269  6629.82     3631.0  orange 
 61876.681  28.614  28.469  28.336  6366.38     3631.0   r-P48 
 61876.681  28.672  28.531  28.394  6198.96     3631.0       r 
 61876.681  29.006  28.875  28.721  5182.42     3631.0    cyan 
 61876.681  29.293  29.157  29.001  4746.48     3631.0   g-P48 
 61876.681   29.33  29.196  29.041  4735.89     3631.0       g 
 61878.695  28.555  28.404  28.274  6629.82     3631.0  orange 
 61878.695  28.619  28.475  28.341  6366.38     3631.0   r-P48 
 61878.695  28.677  28.537  28.399  6198.96     3631.0       r 
 61878.695  29.011   28.88  28.726  5182.42     3631.0    cyan 
 61878.695  29.298  29.163  29.006  4746.48     3631.0   g-P48 
 61878.695  29.335  29.202  29.046  4735.89     3631.0       g 
 61880.709  28.561   28.41   28.28  6629.82     3631.0  orange 
 61880.709  28.625   28.48  28.346  6366.38     3631.0   r-P48 
 61880.709  28.683  28.542  28.405  6198.96     3631.0       r 
 61880.709  29.017  28.886  28.732  5182.42     3631.0    cyan 
 61880.709  29.304  29.168  29.011  4746.48     3631.0   g-P48 
 61880.709  29.341  29.207  29.052  4735.89     3631.0       g 
 61882.722  28.566  28.415  28.285  6629.82     3631.0  orange 
 61882.722   28.63  28.486  28.352  6366.38     3631.0   r-P48 
 61882.722  28.688  28.548   28.41  6198.96     3631.0       r 
 61882.722  29.022  28.891  28.737  5182.42     3631.0    cyan 
 61882.722  29.309  29.174  29.017  4746.48     3631.0   g-P48 
 61882.722  29.346  29.213  29.057  4735.89     3631.0       g 
 61884.736  28.572   28.42  28.291  6629.82     3631.0  orange 
 61884.736  28.636  28.491  28.357  6366.38     3631.0   r-P48 
 61884.736  28.694  28.553  28.416  6198.96     3631.0       r 
 61884.736  29.028  28.897  28.743  5182.42     3631.0    cyan 
 61884.736  29.315  29.179  29.022  4746.48     3631.0   g-P48 
 61884.736  29.352  29.218  29.063  4735.89     3631.0       g 
  61886.75  28.578  28.426  28.296  6629.82     3631.0  orange 
  61886.75  28.641  28.497  28.363  6366.38     3631.0   r-P48 
  61886.75  28.699  28.559  28.421  6198.96     3631.0       r 
  61886.75  29.033  28.902  28.748  5182.42     3631.0    cyan 
  61886.75   29.32  29.185  29.028  4746.48     3631.0   g-P48 
  61886.75  29.357  29.224  29.068  4735.89     3631.0       g 
 61888.763  28.583  28.431  28.302  6629.82     3631.0  orange 
 61888.763  28.647  28.502  28.368  6366.38     3631.0   r-P48 
 61888.763  28.705  28.564  28.427  6198.96     3631.0       r 
 61888.763  29.039  28.908  28.753  5182.42     3631.0    cyan 
 61888.763  29.326   29.19  29.033  4746.48     3631.0   g-P48 
 61888.763  29.363  29.229  29.074  4735.89     3631.0       g 
 61890.777  28.589  28.437  28.307  6629.82     3631.0  orange 
 61890.777  28.652  28.508  28.374  6366.38     3631.0   r-P48 
 61890.777   28.71   28.57  28.432  6198.96     3631.0       r 
 61890.777  29.044  28.913  28.759  5182.42     3631.0    cyan 
 61890.777  29.331  29.196  29.039  4746.48     3631.0   g-P48 
 61890.777  29.368  29.235  29.079  4735.89     3631.0       g 
 61892.791  28.594  28.442  28.313  6629.82     3631.0  orange 
 61892.791  28.658  28.513  28.379  6366.38     3631.0   r-P48 
 61892.791  28.716  28.575  28.438  6198.96     3631.0       r 
 61892.791   29.05  28.919  28.764  5182.42     3631.0    cyan 
 61892.791  29.337  29.201  29.044  4746.48     3631.0   g-P48 
 61892.791  29.374   29.24  29.084  4735.89     3631.0       g 
 61894.804  28.599  28.448  28.318  6629.82     3631.0  orange 
 61894.804  28.663  28.518  28.385  6366.38     3631.0   r-P48 
 61894.804  28.721   28.58  28.443  6198.96     3631.0       r 
 61894.804  29.055  28.924   28.77  5182.42     3631.0    cyan 
 61894.804  29.342  29.207   29.05  4746.48     3631.0   g-P48 
 61894.804  29.379  29.246   29.09  4735.89     3631.0       g 
 61896.818  28.605  28.453  28.323  6629.82     3631.0  orange 
 61896.818  28.669  28.524   28.39  6366.38     3631.0   r-P48 
 61896.818  28.727  28.586  28.449  6198.96     3631.0       r 
 61896.818  29.061  28.929  28.775  5182.42     3631.0    cyan 
 61896.818  29.347  29.212  29.055  4746.48     3631.0   g-P48 
 61896.818  29.385  29.251  29.095  4735.89     3631.0       g 
 61898.832   28.61  28.459  28.329  6629.82     3631.0  orange 
 61898.832  28.674  28.529  28.396  6366.38     3631.0   r-P48 
 61898.832  28.732  28.591  28.454  6198.96     3631.0       r 
 61898.832  29.066  28.935  28.781  5182.42     3631.0    cyan 
 61898.832  29.353  29.218  29.061  4746.48     3631.0   g-P48 
 61898.832   29.39  29.257  29.101  4735.89     3631.0       g 
 61900.845  28.616  28.464  28.334  6629.82     3631.0  orange 
 61900.845   28.68  28.535  28.401  6366.38     3631.0   r-P48 
 61900.845  28.738  28.597  28.459  6198.96     3631.0       r 
 61900.845  29.072   28.94  28.786  5182.42     3631.0    cyan 
 61900.845  29.358  29.223  29.066  4746.48     3631.0   g-P48 
 61900.845  29.396  29.262  29.106  4735.89     3631.0       g 
 61902.859  28.621   28.47   28.34  6629.82     3631.0  orange 
 61902.859  28.685   28.54  28.406  6366.38     3631.0   r-P48 
 61902.859  28.743  28.602  28.465  6198.96     3631.0       r 
 61902.859  29.077  28.946  28.791  5182.42     3631.0    cyan 
 61902.859  29.364  29.228  29.071  4746.48     3631.0   g-P48 
 61902.859  29.401  29.267  29.112  4735.89     3631.0       g 
 61904.873  28.627  28.475  28.345  6629.82     3631.0  orange 
 61904.873   28.69  28.546  28.412  6366.38     3631.0   r-P48 
 61904.873  28.749  28.608   28.47  6198.96     3631.0       r 
 61904.873  29.082  28.951  28.797  5182.42     3631.0    cyan 
 61904.873  29.369  29.234  29.077  4746.48     3631.0   g-P48 
 61904.873  29.406  29.273  29.117  4735.89     3631.0       g 
 61906.886  28.632   28.48  28.351  6629.82     3631.0  orange 
 61906.886  28.696  28.551  28.417  6366.38     3631.0   r-P48 
 61906.886  28.754  28.613  28.476  6198.96     3631.0       r 
 61906.886  29.088  28.957  28.802  5182.42     3631.0    cyan 
 61906.886  29.375  29.239  29.082  4746.48     3631.0   g-P48 
 61906.886  29.412  29.278  29.122  4735.89     3631.0       g 
   61908.9  28.638  28.486  28.356  6629.82     3631.0  orange 
   61908.9  28.701  28.556  28.423  6366.38     3631.0   r-P48 
   61908.9  28.759  28.618  28.481  6198.96     3631.0       r 
   61908.9  29.093  28.962  28.808  5182.42     3631.0    cyan 
   61908.9   29.38  29.245  29.088  4746.48     3631.0   g-P48 
   61908.9  29.417  29.284  29.128  4735.89     3631.0       g 
 61910.914  28.643  28.491  28.361  6629.82     3631.0  orange 
 61910.914  28.707  28.562  28.428  6366.38     3631.0   r-P48 
 61910.914  28.765  28.624  28.486  6198.96     3631.0       r 
 61910.914  29.099  28.967  28.813  5182.42     3631.0    cyan 
 61910.914  29.385   29.25  29.093  4746.48     3631.0   g-P48 
 61910.914  29.423  29.289  29.133  4735.89     3631.0       g 
 61912.927  28.648  28.497  28.367  6629.82     3631.0  orange 
 61912.927  28.712  28.567  28.433  6366.38     3631.0   r-P48 
 61912.927   28.77  28.629  28.492  6198.96     3631.0       r 
 61912.927  29.104  28.973  28.818  5182.42     3631.0    cyan 
 61912.927  29.391  29.255  29.098  4746.48     3631.0   g-P48 
 61912.927  29.428  29.294  29.138  4735.89     3631.0       g 
 61914.941  28.654  28.502  28.372  6629.82     3631.0  orange 
 61914.941  28.718  28.573  28.439  6366.38     3631.0   r-P48 
 61914.941  28.776  28.635  28.497  6198.96     3631.0       r 
 61914.941  29.109  28.978  28.824  5182.42     3631.0    cyan 
 61914.941  29.396  29.261  29.104  4746.48     3631.0   g-P48 
 61914.941  29.434    29.3  29.144  4735.89     3631.0       g 
 61916.955  28.659  28.507  28.377  6629.82     3631.0  orange 
 61916.955  28.723  28.578  28.444  6366.38     3631.0   r-P48 
 61916.955  28.781   28.64  28.502  6198.96     3631.0       r 
 61916.955  29.115  28.984  28.829  5182.42     3631.0    cyan 
 61916.955  29.402  29.266  29.109  4746.48     3631.0   g-P48 
 61916.955  29.439  29.305  29.149  4735.89     3631.0       g 
 61918.968  28.665  28.513  28.383  6629.82     3631.0  orange 
 61918.968  28.728  28.583  28.449  6366.38     3631.0   r-P48 
 61918.968  28.786  28.645  28.508  6198.96     3631.0       r 
 61918.968   29.12  28.989  28.835  5182.42     3631.0    cyan 
 61918.968  29.407  29.272  29.114  4746.48     3631.0   g-P48 
 61918.968  29.444  29.311  29.155  4735.89     3631.0       g 
 61920.982   28.67  28.518  28.388  6629.82     3631.0  orange 
 61920.982  28.734  28.589  28.455  6366.38     3631.0   r-P48 
 61920.982  28.792  28.651  28.513  6198.96     3631.0       r 
 61920.982  29.126  28.994   28.84  5182.42     3631.0    cyan 
 61920.982  29.412  29.277   29.12  4746.48     3631.0   g-P48 
 61920.982   29.45  29.316   29.16  4735.89     3631.0       g 
 61922.996  28.675  28.524  28.393  6629.82     3631.0  orange 
 61922.996  28.739  28.594   28.46  6366.38     3631.0   r-P48 
 61922.996  28.797  28.656  28.519  6198.96     3631.0       r 
 61922.996  29.131    29.0  28.845  5182.42     3631.0    cyan 
 61922.996  29.418  29.282  29.125  4746.48     3631.0   g-P48 
 61922.996  29.455  29.321  29.165  4735.89     3631.0       g 
 61925.009  28.681  28.529  28.399  6629.82     3631.0  orange 
 61925.009  28.744  28.599  28.465  6366.38     3631.0   r-P48 
 61925.009  28.803  28.661  28.524  6198.96     3631.0       r 
 61925.009  29.136  29.005  28.851  5182.42     3631.0    cyan 
 61925.009  29.423  29.288   29.13  4746.48     3631.0   g-P48 
 61925.009   29.46  29.327  29.171  4735.89     3631.0       g 
 61927.023  28.686  28.534  28.404  6629.82     3631.0  orange 
 61927.023   28.75  28.605  28.471  6366.38     3631.0   r-P48 
 61927.023  28.808  28.667  28.529  6198.96     3631.0       r 
 61927.023  29.142   29.01  28.856  5182.42     3631.0    cyan 
 61927.023  29.428  29.293  29.136  4746.48     3631.0   g-P48 
 61927.023  29.466  29.332  29.176  4735.89     3631.0       g 
 61929.037  28.692   28.54  28.409  6629.82     3631.0  orange 
 61929.037  28.755   28.61  28.476  6366.38     3631.0   r-P48 
 61929.037  28.813  28.672  28.535  6198.96     3631.0       r 
 61929.037  29.147  29.016  28.861  5182.42     3631.0    cyan 
 61929.037  29.434  29.298  29.141  4746.48     3631.0   g-P48 
 61929.037  29.471  29.337  29.181  4735.89     3631.0       g 
  61931.05  28.697  28.545  28.415  6629.82     3631.0  orange 
  61931.05  28.761  28.615  28.481  6366.38     3631.0   r-P48 
  61931.05  28.819  28.677   28.54  6198.96     3631.0       r 
  61931.05  29.152  29.021  28.867  5182.42     3631.0    cyan 
  61931.05  29.439  29.304  29.146  4746.48     3631.0   g-P48 
  61931.05  29.477  29.343  29.187  4735.89     3631.0       g 
 61933.064  28.702   28.55   28.42  6629.82     3631.0  orange 
 61933.064  28.766  28.621  28.487  6366.38     3631.0   r-P48 
 61933.064  28.824  28.683  28.545  6198.96     3631.0       r 
 61933.064  29.158  29.026  28.872  5182.42     3631.0    cyan 
 61933.064  29.445  29.309  29.152  4746.48     3631.0   g-P48 
 61933.064  29.482  29.348  29.192  4735.89     3631.0       g 
 61935.078  28.708  28.556  28.425  6629.82     3631.0  orange 
 61935.078  28.771  28.626  28.492  6366.38     3631.0   r-P48 
 61935.078  28.829  28.688   28.55  6198.96     3631.0       r 
 61935.078  29.163  29.032  28.877  5182.42     3631.0    cyan 
 61935.078   29.45  29.314  29.157  4746.48     3631.0   g-P48 
 61935.078  29.487  29.353  29.197  4735.89     3631.0       g 
 61937.091  28.713  28.561  28.431  6629.82     3631.0  orange 
 61937.091  28.777  28.631  28.497  6366.38     3631.0   r-P48 
 61937.091  28.835  28.693  28.556  6198.96     3631.0       r 
 61937.091  29.168  29.037  28.882  5182.42     3631.0    cyan 
 61937.091  29.455   29.32  29.162  4746.48     3631.0   g-P48 
 61937.091  29.493  29.359  29.202  4735.89     3631.0       g 
 61939.105  28.718  28.566  28.436  6629.82     3631.0  orange 
 61939.105  28.782  28.637  28.503  6366.38     3631.0   r-P48 
 61939.105   28.84  28.699  28.561  6198.96     3631.0       r 
 61939.105  29.174  29.042  28.888  5182.42     3631.0    cyan 
 61939.105  29.461  29.325  29.168  4746.48     3631.0   g-P48 
 61939.105  29.498  29.364  29.208  4735.89     3631.0       g 
 61941.119  28.724  28.572  28.441  6629.82     3631.0  orange 
 61941.119  28.787  28.642  28.508  6366.38     3631.0   r-P48 
 61941.119  28.845  28.704  28.566  6198.96     3631.0       r 
 61941.119  29.179  29.048  28.893  5182.42     3631.0    cyan 
 61941.119  29.466   29.33  29.173  4746.48     3631.0   g-P48 
 61941.119  29.503  29.369  29.213  4735.89     3631.0       g 
 61943.132  28.729  28.577  28.446  6629.82     3631.0  orange 
 61943.132  28.793  28.647  28.513  6366.38     3631.0   r-P48 
 61943.132  28.851  28.709  28.572  6198.96     3631.0       r 
 61943.132  29.184  29.053  28.898  5182.42     3631.0    cyan 
 61943.132  29.471  29.336  29.178  4746.48     3631.0   g-P48 
 61943.132  29.508  29.375  29.218  4735.89     3631.0       g 
 61945.146  28.734  28.582  28.452  6629.82     3631.0  orange 
 61945.146  28.798  28.652  28.519  6366.38     3631.0   r-P48 
 61945.146  28.856  28.714  28.577  6198.96     3631.0       r 
 61945.146   29.19  29.058  28.904  5182.42     3631.0    cyan 
 61945.146  29.476  29.341  29.184  4746.48     3631.0   g-P48 
 61945.146  29.514   29.38  29.224  4735.89     3631.0       g 
  61947.16   28.74  28.587  28.457  6629.82     3631.0  orange 
  61947.16  28.803  28.658  28.524  6366.38     3631.0   r-P48 
  61947.16  28.861   28.72  28.582  6198.96     3631.0       r 
  61947.16  29.195  29.064  28.909  5182.42     3631.0    cyan 
  61947.16  29.482  29.346  29.189  4746.48     3631.0   g-P48 
  61947.16  29.519  29.385  29.229  4735.89     3631.0       g 
 61949.173  28.745  28.593  28.462  6629.82     3631.0  orange 
 61949.173  28.808  28.663  28.529  6366.38     3631.0   r-P48 
 61949.173  28.867  28.725  28.587  6198.96     3631.0       r 
 61949.173    29.2  29.069  28.914  5182.42     3631.0    cyan 
 61949.173  29.487  29.351  29.194  4746.48     3631.0   g-P48 
 61949.173  29.524   29.39  29.234  4735.89     3631.0       g 
 61951.187   28.75  28.598  28.467  6629.82     3631.0  orange 
 61951.187  28.814  28.668  28.534  6366.38     3631.0   r-P48 
 61951.187  28.872   28.73  28.593  6198.96     3631.0       r 
 61951.187  29.206  29.074  28.919  5182.42     3631.0    cyan 
 61951.187  29.492  29.357  29.199  4746.48     3631.0   g-P48 
 61951.187   29.53  29.396  29.239  4735.89     3631.0       g 
 61953.201  28.755  28.603  28.473  6629.82     3631.0  orange 
 61953.201  28.819  28.673   28.54  6366.38     3631.0   r-P48 
 61953.201  28.877  28.736  28.598  6198.96     3631.0       r 
 61953.201  29.211  29.079  28.925  5182.42     3631.0    cyan 
 61953.201  29.498  29.362  29.205  4746.48     3631.0   g-P48 
 61953.201  29.535  29.401  29.245  4735.89     3631.0       g 
 61955.214  28.761  28.609  28.478  6629.82     3631.0  orange 
 61955.214  28.824  28.679  28.545  6366.38     3631.0   r-P48 
 61955.214  28.882  28.741  28.603  6198.96     3631.0       r 
 61955.214  29.216  29.085   28.93  5182.42     3631.0    cyan 
 61955.214  29.503  29.367   29.21  4746.48     3631.0   g-P48 
 61955.214   29.54  29.406   29.25  4735.89     3631.0       g 
 61957.228  28.766  28.614  28.483  6629.82     3631.0  orange 
 61957.228   28.83  28.684   28.55  6366.38     3631.0   r-P48 
 61957.228  28.888  28.746  28.608  6198.96     3631.0       r 
 61957.228  29.221   29.09  28.935  5182.42     3631.0    cyan 
 61957.228  29.508  29.372  29.215  4746.48     3631.0   g-P48 
 61957.228  29.545  29.412  29.255  4735.89     3631.0       g 
 61959.241  28.771  28.619  28.488  6629.82     3631.0  orange 
 61959.241  28.835  28.689  28.555  6366.38     3631.0   r-P48 
 61959.241  28.893  28.751  28.614  6198.96     3631.0       r 
 61959.241  29.227  29.095   28.94  5182.42     3631.0    cyan 
 61959.241  29.513  29.378   29.22  4746.48     3631.0   g-P48 
 61959.241  29.551  29.417   29.26  4735.89     3631.0       g 
 61961.255  28.777  28.624  28.494  6629.82     3631.0  orange 
 61961.255   28.84  28.694   28.56  6366.38     3631.0   r-P48 
 61961.255  28.898  28.756  28.619  6198.96     3631.0       r 
 61961.255  29.232    29.1  28.946  5182.42     3631.0    cyan 
 61961.255  29.519  29.383  29.225  4746.48     3631.0   g-P48 
 61961.255  29.556  29.422  29.266  4735.89     3631.0       g 
 61963.269  28.782   28.63  28.499  6629.82     3631.0  orange 
 61963.269  28.845    28.7  28.566  6366.38     3631.0   r-P48 
 61963.269  28.903  28.762  28.624  6198.96     3631.0       r 
 61963.269  29.237  29.106  28.951  5182.42     3631.0    cyan 
 61963.269  29.524  29.388  29.231  4746.48     3631.0   g-P48 
 61963.269  29.561  29.427  29.271  4735.89     3631.0       g 
 61965.282  28.787  28.635  28.504  6629.82     3631.0  orange 
 61965.282  28.851  28.705  28.571  6366.38     3631.0   r-P48 
 61965.282  28.909  28.767  28.629  6198.96     3631.0       r 
 61965.282  29.242  29.111  28.956  5182.42     3631.0    cyan 
 61965.282  29.529  29.393  29.236  4746.48     3631.0   g-P48 
 61965.282  29.566  29.432  29.276  4735.89     3631.0       g 
 61967.296  28.792   28.64  28.509  6629.82     3631.0  orange 
 61967.296  28.856   28.71  28.576  6366.38     3631.0   r-P48 
 61967.296  28.914  28.772  28.634  6198.96     3631.0       r 
 61967.296  29.248  29.116  28.961  5182.42     3631.0    cyan 
 61967.296  29.534  29.399  29.241  4746.48     3631.0   g-P48 
 61967.296  29.572  29.438  29.281  4735.89     3631.0       g 
  61969.31  28.798  28.645  28.514  6629.82     3631.0  orange 
  61969.31  28.861  28.715  28.581  6366.38     3631.0   r-P48 
  61969.31  28.919  28.777   28.64  6198.96     3631.0       r 
  61969.31  29.253  29.121  28.966  5182.42     3631.0    cyan 
  61969.31   29.54  29.404  29.246  4746.48     3631.0   g-P48 
  61969.31  29.577  29.443  29.286  4735.89     3631.0       g 
 61971.323  28.803   28.65   28.52  6629.82     3631.0  orange 
 61971.323  28.866  28.721  28.586  6366.38     3631.0   r-P48 
 61971.323  28.924  28.783  28.645  6198.96     3631.0       r 
 61971.323  29.258  29.127  28.972  5182.42     3631.0    cyan 
 61971.323  29.545  29.409  29.251  4746.48     3631.0   g-P48 
 61971.323  29.582  29.448  29.292  4735.89     3631.0       g 
 61973.337  28.808  28.656  28.525  6629.82     3631.0  orange 
 61973.337  28.871  28.726  28.592  6366.38     3631.0   r-P48 
 61973.337   28.93  28.788   28.65  6198.96     3631.0       r 
 61973.337  29.263  29.132  28.977  5182.42     3631.0    cyan 
 61973.337   29.55  29.414  29.257  4746.48     3631.0   g-P48 
 61973.337  29.587  29.453  29.297  4735.89     3631.0       g 
 61975.351  28.813  28.661   28.53  6629.82     3631.0  orange 
 61975.351  28.877  28.731  28.597  6366.38     3631.0   r-P48 
 61975.351  28.935  28.793  28.655  6198.96     3631.0       r 
 61975.351  29.268  29.137  28.982  5182.42     3631.0    cyan 
 61975.351  29.555  29.419  29.262  4746.48     3631.0   g-P48 
 61975.351  29.593  29.458  29.302  4735.89     3631.0       g 
 61977.364  28.818  28.666  28.535  6629.82     3631.0  orange 
 61977.364  28.882  28.736  28.602  6366.38     3631.0   r-P48 
 61977.364   28.94  28.798   28.66  6198.96     3631.0       r 
 61977.364  29.274  29.142  28.987  5182.42     3631.0    cyan 
 61977.364   29.56  29.425  29.267  4746.48     3631.0   g-P48 
 61977.364  29.598  29.464  29.307  4735.89     3631.0       g 
 61979.378  28.824  28.671   28.54  6629.82     3631.0  orange 
 61979.378  28.887  28.741  28.607  6366.38     3631.0   r-P48 
 61979.378  28.945  28.803  28.665  6198.96     3631.0       r 
 61979.378  29.279  29.147  28.992  5182.42     3631.0    cyan 
 61979.378  29.566   29.43  29.272  4746.48     3631.0   g-P48 
 61979.378  29.603  29.469  29.312  4735.89     3631.0       g 
 61981.392  28.829  28.676  28.545  6629.82     3631.0  orange 
 61981.392  28.892  28.746  28.612  6366.38     3631.0   r-P48 
 61981.392   28.95  28.808  28.671  6198.96     3631.0       r 
 61981.392  29.284  29.153  28.997  5182.42     3631.0    cyan 
 61981.392  29.571  29.435  29.277  4746.48     3631.0   g-P48 
 61981.392  29.608  29.474  29.317  4735.89     3631.0       g 
 61983.405  28.834  28.682  28.551  6629.82     3631.0  orange 
 61983.405  28.897  28.752  28.618  6366.38     3631.0   r-P48 
 61983.405  28.956  28.814  28.676  6198.96     3631.0       r 
 61983.405  29.289  29.158  29.003  5182.42     3631.0    cyan 
 61983.405  29.576   29.44  29.283  4746.48     3631.0   g-P48 
 61983.405  29.613  29.479  29.323  4735.89     3631.0       g 
 61985.419  28.839  28.687  28.556  6629.82     3631.0  orange 
 61985.419  28.903  28.757  28.623  6366.38     3631.0   r-P48 
 61985.419  28.961  28.819  28.681  6198.96     3631.0       r 
 61985.419  29.294  29.163  29.008  5182.42     3631.0    cyan 
 61985.419  29.581  29.445  29.288  4746.48     3631.0   g-P48 
 61985.419  29.619  29.484  29.328  4735.89     3631.0       g 
 61987.433  28.844  28.692  28.561  6629.82     3631.0  orange 
 61987.433  28.908  28.762  28.628  6366.38     3631.0   r-P48 
 61987.433  28.966  28.824  28.686  6198.96     3631.0       r 
 61987.433    29.3  29.168  29.013  5182.42     3631.0    cyan 
 61987.433  29.586   29.45  29.293  4746.48     3631.0   g-P48 
 61987.433  29.624   29.49  29.333  4735.89     3631.0       g 
 61989.446   28.85  28.697  28.566  6629.82     3631.0  orange 
 61989.446  28.913  28.767  28.633  6366.38     3631.0   r-P48 
 61989.446  28.971  28.829  28.691  6198.96     3631.0       r 
 61989.446  29.305  29.173  29.018  5182.42     3631.0    cyan 
 61989.446  29.591  29.456  29.298  4746.48     3631.0   g-P48 
 61989.446  29.629  29.495  29.338  4735.89     3631.0       g 
  61991.46  28.855  28.702  28.571  6629.82     3631.0  orange 
  61991.46  28.918  28.772  28.638  6366.38     3631.0   r-P48 
  61991.46  28.976  28.834  28.696  6198.96     3631.0       r 
  61991.46   29.31  29.178  29.023  5182.42     3631.0    cyan 
  61991.46  29.597  29.461  29.303  4746.48     3631.0   g-P48 
  61991.46  29.634    29.5  29.343  4735.89     3631.0       g 
 61993.474   28.86  28.707  28.576  6629.82     3631.0  orange 
 61993.474  28.923  28.777  28.643  6366.38     3631.0   r-P48 
 61993.474  28.981  28.839  28.701  6198.96     3631.0       r 
 61993.474  29.315  29.184  29.028  5182.42     3631.0    cyan 
 61993.474  29.602  29.466  29.308  4746.48     3631.0   g-P48 
 61993.474  29.639  29.505  29.348  4735.89     3631.0       g 
 61995.487  28.865  28.712  28.581  6629.82     3631.0  orange 
 61995.487  28.928  28.782  28.648  6366.38     3631.0   r-P48 
 61995.487  28.987  28.844  28.707  6198.96     3631.0       r 
 61995.487   29.32  29.189  29.033  5182.42     3631.0    cyan 
 61995.487  29.607  29.471  29.313  4746.48     3631.0   g-P48 
 61995.487  29.644   29.51  29.353  4735.89     3631.0       g 
 61997.501   28.87  28.718  28.586  6629.82     3631.0  orange 
 61997.501  28.934  28.788  28.653  6366.38     3631.0   r-P48 
 61997.501  28.992   28.85  28.712  6198.96     3631.0       r 
 61997.501  29.325  29.194  29.038  5182.42     3631.0    cyan 
 61997.501  29.612  29.476  29.318  4746.48     3631.0   g-P48 
 61997.501   29.65  29.515  29.358  4735.89     3631.0       g 
 61999.515  28.875  28.723  28.592  6629.82     3631.0  orange 
 61999.515  28.939  28.793  28.659  6366.38     3631.0   r-P48 
 61999.515  28.997  28.855  28.717  6198.96     3631.0       r 
 61999.515   29.33  29.199  29.044  5182.42     3631.0    cyan 
 61999.515  29.617  29.481  29.324  4746.48     3631.0   g-P48 
 61999.515  29.655   29.52  29.364  4735.89     3631.0       g 
 62001.528   28.88  28.728  28.597  6629.82     3631.0  orange 
 62001.528  28.944  28.798  28.664  6366.38     3631.0   r-P48 
 62001.528  29.002   28.86  28.722  6198.96     3631.0       r 
 62001.528  29.336  29.204  29.049  5182.42     3631.0    cyan 
 62001.528  29.622  29.486  29.329  4746.48     3631.0   g-P48 
 62001.528   29.66  29.525  29.369  4735.89     3631.0       g 
 62003.542  28.886  28.733  28.602  6629.82     3631.0  orange 
 62003.542  28.949  28.803  28.669  6366.38     3631.0   r-P48 
 62003.542  29.007  28.865  28.727  6198.96     3631.0       r 
 62003.542  29.341  29.209  29.054  5182.42     3631.0    cyan 
 62003.542  29.627  29.491  29.334  4746.48     3631.0   g-P48 
 62003.542  29.665  29.531  29.374  4735.89     3631.0       g 
 62005.556  28.891  28.738  28.607  6629.82     3631.0  orange 
 62005.556  28.954  28.808  28.674  6366.38     3631.0   r-P48 
 62005.556  29.012   28.87  28.732  6198.96     3631.0       r 
 62005.556  29.346  29.214  29.059  5182.42     3631.0    cyan 
 62005.556  29.632  29.497  29.339  4746.48     3631.0   g-P48 
 62005.556   29.67  29.536  29.379  4735.89     3631.0       g 
 62007.569  28.896  28.743  28.612  6629.82     3631.0  orange 
 62007.569  28.959  28.813  28.679  6366.38     3631.0   r-P48 
 62007.569  29.017  28.875  28.737  6198.96     3631.0       r 
 62007.569  29.351  29.219  29.064  5182.42     3631.0    cyan 
 62007.569  29.638  29.502  29.344  4746.48     3631.0   g-P48 
 62007.569  29.675  29.541  29.384  4735.89     3631.0       g 
 62009.583  28.901  28.748  28.617  6629.82     3631.0  orange 
 62009.583  28.964  28.818  28.684  6366.38     3631.0   r-P48 
 62009.583  29.022   28.88  28.742  6198.96     3631.0       r 
 62009.583  29.356  29.224  29.069  5182.42     3631.0    cyan 
 62009.583  29.643  29.507  29.349  4746.48     3631.0   g-P48 
 62009.583   29.68  29.546  29.389  4735.89     3631.0       g 
 62011.597  28.906  28.753  28.622  6629.82     3631.0  orange 
 62011.597  28.969  28.823  28.689  6366.38     3631.0   r-P48 
 62011.597  29.028  28.885  28.747  6198.96     3631.0       r 
 62011.597  29.361   29.23  29.074  5182.42     3631.0    cyan 
 62011.597  29.648  29.512  29.354  4746.48     3631.0   g-P48 
 62011.597  29.685  29.551  29.394  4735.89     3631.0       g 
  62013.61  28.911  28.758  28.627  6629.82     3631.0  orange 
  62013.61  28.975  28.828  28.694  6366.38     3631.0   r-P48 
  62013.61  29.033   28.89  28.752  6198.96     3631.0       r 
  62013.61  29.366  29.235  29.079  5182.42     3631.0    cyan 
  62013.61  29.653  29.517  29.359  4746.48     3631.0   g-P48 
  62013.61   29.69  29.556  29.399  4735.89     3631.0       g 
 62015.624  28.916  28.763  28.632  6629.82     3631.0  orange 
 62015.624   28.98  28.833  28.699  6366.38     3631.0   r-P48 
 62015.624  29.038  28.895  28.757  6198.96     3631.0       r 
 62015.624  29.371   29.24  29.084  5182.42     3631.0    cyan 
 62015.624  29.658  29.522  29.364  4746.48     3631.0   g-P48 
 62015.624  29.696  29.561  29.404  4735.89     3631.0       g 
 62017.638  28.921  28.769  28.637  6629.82     3631.0  orange 
 62017.638  28.985  28.838  28.704  6366.38     3631.0   r-P48 
 62017.638  29.043    28.9  28.762  6198.96     3631.0       r 
 62017.638  29.376  29.245  29.089  5182.42     3631.0    cyan 
 62017.638  29.663  29.527  29.369  4746.48     3631.0   g-P48 
 62017.638  29.701  29.566  29.409  4735.89     3631.0       g 
 62019.651  28.926  28.774  28.642  6629.82     3631.0  orange 
 62019.651   28.99  28.843  28.709  6366.38     3631.0   r-P48 
 62019.651  29.048  28.906  28.767  6198.96     3631.0       r 
 62019.651  29.381   29.25  29.094  5182.42     3631.0    cyan 
 62019.651  29.668  29.532  29.374  4746.48     3631.0   g-P48 
 62019.651  29.706  29.571  29.414  4735.89     3631.0       g 
 62021.665  28.931  28.779  28.647  6629.82     3631.0  orange 
 62021.665  28.995  28.849  28.714  6366.38     3631.0   r-P48 
 62021.665  29.053  28.911  28.772  6198.96     3631.0       r 
 62021.665  29.387  29.255  29.099  5182.42     3631.0    cyan 
 62021.665  29.673  29.537  29.379  4746.48     3631.0   g-P48 
 62021.665  29.711  29.576  29.419  4735.89     3631.0       g 
 62023.679  28.937  28.784  28.652  6629.82     3631.0  orange 
 62023.679    29.0  28.854  28.719  6366.38     3631.0   r-P48 
 62023.679  29.058  28.916  28.778  6198.96     3631.0       r 
 62023.679  29.392   29.26  29.104  5182.42     3631.0    cyan 
 62023.679  29.678  29.542  29.384  4746.48     3631.0   g-P48 
 62023.679  29.716  29.581  29.424  4735.89     3631.0       g 
 62025.692  28.942  28.789  28.657  6629.82     3631.0  orange 
 62025.692  29.005  28.859  28.724  6366.38     3631.0   r-P48 
 62025.692  29.063  28.921  28.783  6198.96     3631.0       r 
 62025.692  29.397  29.265  29.109  5182.42     3631.0    cyan 
 62025.692  29.683  29.547  29.389  4746.48     3631.0   g-P48 
 62025.692  29.721  29.586  29.429  4735.89     3631.0       g 
 62027.706  28.947  28.794  28.662  6629.82     3631.0  orange 
 62027.706   29.01  28.864  28.729  6366.38     3631.0   r-P48 
 62027.706  29.068  28.926  28.788  6198.96     3631.0       r 
 62027.706  29.402   29.27  29.114  5182.42     3631.0    cyan 
 62027.706  29.688  29.552  29.394  4746.48     3631.0   g-P48 
 62027.706  29.726  29.591  29.434  4735.89     3631.0       g 
  62029.72  28.952  28.799  28.667  6629.82     3631.0  orange 
  62029.72  29.015  28.869  28.734  6366.38     3631.0   r-P48 
  62029.72  29.073  28.931  28.793  6198.96     3631.0       r 
  62029.72  29.407  29.275  29.119  5182.42     3631.0    cyan 
  62029.72  29.693  29.557  29.399  4746.48     3631.0   g-P48 
  62029.72  29.731  29.596  29.439  4735.89     3631.0       g 
 62031.733  28.957  28.804  28.672  6629.82     3631.0  orange 
 62031.733   29.02  28.874  28.739  6366.38     3631.0   r-P48 
 62031.733  29.078  28.936  28.798  6198.96     3631.0       r 
 62031.733  29.412   29.28  29.124  5182.42     3631.0    cyan 
 62031.733  29.698  29.562  29.404  4746.48     3631.0   g-P48 
 62031.733  29.736  29.601  29.444  4735.89     3631.0       g 
 62033.747  28.962  28.809  28.677  6629.82     3631.0  orange 
 62033.747  29.025  28.879  28.744  6366.38     3631.0   r-P48 
 62033.747  29.083  28.941  28.803  6198.96     3631.0       r 
 62033.747  29.417  29.285  29.129  5182.42     3631.0    cyan 
 62033.747  29.703  29.567  29.409  4746.48     3631.0   g-P48 
 62033.747  29.741  29.606  29.449  4735.89     3631.0       g 
 62035.761  28.967  28.814  28.682  6629.82     3631.0  orange 
 62035.761   29.03  28.884  28.749  6366.38     3631.0   r-P48 
 62035.761  29.088  28.946  28.808  6198.96     3631.0       r 
 62035.761  29.422   29.29  29.134  5182.42     3631.0    cyan 
 62035.761  29.708  29.572  29.414  4746.48     3631.0   g-P48 
 62035.761  29.746  29.611  29.454  4735.89     3631.0       g 
 62037.774  28.972  28.819  28.687  6629.82     3631.0  orange 
 62037.774  29.035  28.889  28.754  6366.38     3631.0   r-P48 
 62037.774  29.093  28.951  28.813  6198.96     3631.0       r 
 62037.774  29.427  29.295  29.139  5182.42     3631.0    cyan 
 62037.774  29.713  29.577  29.419  4746.48     3631.0   g-P48 
 62037.774  29.751  29.617  29.459  4735.89     3631.0       g 
 62039.788  28.977  28.824  28.692  6629.82     3631.0  orange 
 62039.788   29.04  28.894  28.759  6366.38     3631.0   r-P48 
 62039.788  29.098  28.956  28.818  6198.96     3631.0       r 
 62039.788  29.432    29.3  29.144  5182.42     3631.0    cyan 
 62039.788  29.718  29.582  29.424  4746.48     3631.0   g-P48 
 62039.788  29.756  29.622  29.464  4735.89     3631.0       g 
 62041.802  28.982  28.829  28.697  6629.82     3631.0  orange 
 62041.802  29.045  28.899  28.764  6366.38     3631.0   r-P48 
 62041.802  29.103  28.961  28.823  6198.96     3631.0       r 
 62041.802  29.437  29.305  29.149  5182.42     3631.0    cyan 
 62041.802  29.723  29.587  29.429  4746.48     3631.0   g-P48 
 62041.802  29.761  29.627  29.469  4735.89     3631.0       g 
 62043.815  28.987  28.834  28.702  6629.82     3631.0  orange 
 62043.815   29.05  28.904  28.769  6366.38     3631.0   r-P48 
 62043.815  29.108  28.966  28.828  6198.96     3631.0       r 
 62043.815  29.442   29.31  29.154  5182.42     3631.0    cyan 
 62043.815  29.728  29.592  29.434  4746.48     3631.0   g-P48 
 62043.815  29.766  29.631  29.474  4735.89     3631.0       g 
 62045.829  28.992  28.839  28.707  6629.82     3631.0  orange 
 62045.829  29.055  28.909  28.774  6366.38     3631.0   r-P48 
 62045.829  29.113  28.971  28.833  6198.96     3631.0       r 
 62045.829  29.447  29.315  29.159  5182.42     3631.0    cyan 
 62045.829  29.733  29.597  29.439  4746.48     3631.0   g-P48 
 62045.829  29.771  29.636  29.479  4735.89     3631.0       g 
 62047.843  28.997  28.844  28.712  6629.82     3631.0  orange 
 62047.843   29.06  28.914  28.779  6366.38     3631.0   r-P48 
 62047.843  29.118  28.976  28.837  6198.96     3631.0       r 
 62047.843  29.452   29.32  29.164  5182.42     3631.0    cyan 
 62047.843  29.738  29.602  29.444  4746.48     3631.0   g-P48 
 62047.843  29.776  29.641  29.484  4735.89     3631.0       g 
 62049.856  29.002  28.849  28.717  6629.82     3631.0  orange 
 62049.856  29.065  28.919  28.784  6366.38     3631.0   r-P48 
 62049.856  29.123  28.981  28.842  6198.96     3631.0       r 
 62049.856  29.457  29.325  29.169  5182.42     3631.0    cyan 
 62049.856  29.743  29.607  29.449  4746.48     3631.0   g-P48 
 62049.856  29.781  29.646  29.489  4735.89     3631.0       g 
  62051.87  29.007  28.854  28.722  6629.82     3631.0  orange 
  62051.87   29.07  28.924  28.789  6366.38     3631.0   r-P48 
  62051.87  29.128  28.986  28.847  6198.96     3631.0       r 
  62051.87  29.462   29.33  29.174  5182.42     3631.0    cyan 
  62051.87  29.748  29.612  29.454  4746.48     3631.0   g-P48 
  62051.87  29.786  29.651  29.494  4735.89     3631.0       g 
 62053.884  29.012  28.859  28.727  6629.82     3631.0  orange 
 62053.884  29.075  28.928  28.794  6366.38     3631.0   r-P48 
 62053.884  29.133  28.991  28.852  6198.96     3631.0       r 
 62053.884  29.467  29.335  29.179  5182.42     3631.0    cyan 
 62053.884  29.753  29.617  29.459  4746.48     3631.0   g-P48 
 62053.884  29.791  29.656  29.499  4735.89     3631.0       g 
 62055.897  29.017  28.864  28.732  6629.82     3631.0  orange 
 62055.897   29.08  28.933  28.799  6366.38     3631.0   r-P48 
 62055.897  29.138  28.996  28.857  6198.96     3631.0       r 
 62055.897  29.472   29.34  29.184  5182.42     3631.0    cyan 
 62055.897  29.758  29.622  29.464  4746.48     3631.0   g-P48 
 62055.897  29.796  29.661  29.504  4735.89     3631.0       g 
 62057.911  29.022  28.869  28.737  6629.82     3631.0  orange 
 62057.911  29.085  28.938  28.804  6366.38     3631.0   r-P48 
 62057.911  29.143    29.0  28.862  6198.96     3631.0       r 
 62057.911  29.477  29.345  29.189  5182.42     3631.0    cyan 
 62057.911  29.763  29.627  29.469  4746.48     3631.0   g-P48 
 62057.911  29.801  29.666  29.509  4735.89     3631.0       g 
 62059.925  29.027  28.874  28.742  6629.82     3631.0  orange 
 62059.925   29.09  28.943  28.809  6366.38     3631.0   r-P48 
 62059.925  29.148  29.005  28.867  6198.96     3631.0       r 
 62059.925  29.482   29.35  29.194  5182.42     3631.0    cyan 
 62059.925  29.768  29.632  29.474  4746.48     3631.0   g-P48 
 62059.925  29.806  29.671  29.514  4735.89     3631.0       g 
 62061.938  29.032  28.879  28.747  6629.82     3631.0  orange 
 62061.938  29.095  28.948  28.814  6366.38     3631.0   r-P48 
 62061.938  29.153   29.01  28.872  6198.96     3631.0       r 
 62061.938  29.487  29.355  29.199  5182.42     3631.0    cyan 
 62061.938  29.773  29.637  29.479  4746.48     3631.0   g-P48 
 62061.938  29.811  29.676  29.519  4735.89     3631.0       g 
 62063.952  29.037  28.884  28.752  6629.82     3631.0  orange 
 62063.952    29.1  28.953  28.819  6366.38     3631.0   r-P48 
 62063.952  29.158  29.015  28.877  6198.96     3631.0       r 
 62063.952  29.492   29.36  29.204  5182.42     3631.0    cyan 
 62063.952  29.778  29.642  29.484  4746.48     3631.0   g-P48 
 62063.952  29.816  29.681  29.524  4735.89     3631.0       g 
 62065.965  29.042  28.888  28.757  6629.82     3631.0  orange 
 62065.965  29.105  28.958  28.824  6366.38     3631.0   r-P48 
 62065.965  29.163   29.02  28.882  6198.96     3631.0       r 
 62065.965  29.497  29.365  29.209  5182.42     3631.0    cyan 
 62065.965  29.783  29.647  29.489  4746.48     3631.0   g-P48 
 62065.965  29.821  29.686  29.529  4735.89     3631.0       g 
 62067.979  29.047  28.893  28.762  6629.82     3631.0  orange 
 62067.979   29.11  28.963  28.829  6366.38     3631.0   r-P48 
 62067.979  29.168  29.025  28.887  6198.96     3631.0       r 
 62067.979  29.501   29.37  29.214  5182.42     3631.0    cyan 
 62067.979  29.788  29.652  29.494  4746.48     3631.0   g-P48 
 62067.979  29.826  29.691  29.534  4735.89     3631.0       g 
 62069.993  29.051  28.898  28.766  6629.82     3631.0  orange 
 62069.993  29.115  28.968  28.834  6366.38     3631.0   r-P48 
 62069.993  29.173   29.03  28.892  6198.96     3631.0       r 
 62069.993  29.506  29.375  29.219  5182.42     3631.0    cyan 
 62069.993  29.793  29.657  29.499  4746.48     3631.0   g-P48 
 62069.993  29.831  29.696  29.539  4735.89     3631.0       g 
 62072.006  29.056  28.903  28.771  6629.82     3631.0  orange 
 62072.006   29.12  28.973  28.838  6366.38     3631.0   r-P48 
 62072.006  29.178  29.035  28.897  6198.96     3631.0       r 
 62072.006  29.511   29.38  29.224  5182.42     3631.0    cyan 
 62072.006  29.798  29.662  29.503  4746.48     3631.0   g-P48 
 62072.006  29.836  29.701  29.544  4735.89     3631.0       g 
  62074.02  29.061  28.908  28.776  6629.82     3631.0  orange 
  62074.02  29.125  28.978  28.843  6366.38     3631.0   r-P48 
  62074.02  29.183   29.04  28.902  6198.96     3631.0       r 
  62074.02  29.516  29.384  29.228  5182.42     3631.0    cyan 
  62074.02  29.803  29.667  29.508  4746.48     3631.0   g-P48 
  62074.02  29.841  29.706  29.549  4735.89     3631.0       g 
 62076.034  29.066  28.913  28.781  6629.82     3631.0  orange 
 62076.034   29.13  28.983  28.848  6366.38     3631.0   r-P48 
 62076.034  29.188  29.045  28.906  6198.96     3631.0       r 
 62076.034  29.521  29.389  29.233  5182.42     3631.0    cyan 
 62076.034  29.808  29.672  29.513  4746.48     3631.0   g-P48 
 62076.034  29.845  29.711  29.553  4735.89     3631.0       g 
 62078.047  29.071  28.918  28.786  6629.82     3631.0  orange 
 62078.047  29.135  28.988  28.853  6366.38     3631.0   r-P48 
 62078.047  29.193   29.05  28.911  6198.96     3631.0       r 
 62078.047  29.526  29.394  29.238  5182.42     3631.0    cyan 
 62078.047  29.813  29.676  29.518  4746.48     3631.0   g-P48 
 62078.047   29.85  29.715  29.558  4735.89     3631.0       g 
 62080.061  29.076  28.923  28.791  6629.82     3631.0  orange 
 62080.061  29.139  28.992  28.858  6366.38     3631.0   r-P48 
 62080.061  29.198  29.054  28.916  6198.96     3631.0       r 
 62080.061  29.531  29.399  29.243  5182.42     3631.0    cyan 
 62080.061  29.817  29.681  29.523  4746.48     3631.0   g-P48 
 62080.061  29.855   29.72  29.563  4735.89     3631.0       g 
 62082.075  29.081  28.928  28.796  6629.82     3631.0  orange 
 62082.075  29.144  28.997  28.863  6366.38     3631.0   r-P48 
 62082.075  29.202  29.059  28.921  6198.96     3631.0       r 
 62082.075  29.536  29.404  29.248  5182.42     3631.0    cyan 
 62082.075  29.822  29.686  29.528  4746.48     3631.0   g-P48 
 62082.075   29.86  29.725  29.568  4735.89     3631.0       g 
 62084.088  29.086  28.933  28.801  6629.82     3631.0  orange 
 62084.088  29.149  29.002  28.868  6366.38     3631.0   r-P48 
 62084.088  29.207  29.064  28.926  6198.96     3631.0       r 
 62084.088  29.541  29.409  29.253  5182.42     3631.0    cyan 
 62084.088  29.827  29.691  29.533  4746.48     3631.0   g-P48 
 62084.088  29.865   29.73  29.573  4735.89     3631.0       g 
 62086.102  29.091  28.938  28.805  6629.82     3631.0  orange 
 62086.102  29.154  29.007  28.873  6366.38     3631.0   r-P48 
 62086.102  29.212  29.069  28.931  6198.96     3631.0       r 
 62086.102  29.546  29.414  29.258  5182.42     3631.0    cyan 
 62086.102  29.832  29.696  29.538  4746.48     3631.0   g-P48 
 62086.102   29.87  29.735  29.578  4735.89     3631.0       g 
 62088.116  29.096  28.942   28.81  6629.82     3631.0  orange 
 62088.116  29.159  29.012  28.877  6366.38     3631.0   r-P48 
 62088.116  29.217  29.074  28.936  6198.96     3631.0       r 
 62088.116   29.55  29.419  29.262  5182.42     3631.0    cyan 
 62088.116  29.837  29.701  29.542  4746.48     3631.0   g-P48 
 62088.116  29.875   29.74  29.583  4735.89     3631.0       g 
 62090.129  29.101  28.947  28.815  6629.82     3631.0  orange 
 62090.129  29.164  29.017  28.882  6366.38     3631.0   r-P48 
 62090.129  29.222  29.079   28.94  6198.96     3631.0       r 
 62090.129  29.555  29.424  29.267  5182.42     3631.0    cyan 
 62090.129  29.842  29.706  29.547  4746.48     3631.0   g-P48 
 62090.129   29.88  29.745  29.588  4735.89     3631.0       g 
 62092.143  29.105  28.952   28.82  6629.82     3631.0  orange 
 62092.143  29.169  29.022  28.887  6366.38     3631.0   r-P48 
 62092.143  29.227  29.084  28.945  6198.96     3631.0       r 
 62092.143   29.56  29.428  29.272  5182.42     3631.0    cyan 
 62092.143  29.847  29.711  29.552  4746.48     3631.0   g-P48 
 62092.143  29.885   29.75  29.592  4735.89     3631.0       g 
 62094.157   29.11  28.957  28.825  6629.82     3631.0  orange 
 62094.157  29.174  29.026  28.892  6366.38     3631.0   r-P48 
 62094.157  29.232  29.089   28.95  6198.96     3631.0       r 
 62094.157  29.565  29.433  29.277  5182.42     3631.0    cyan 
 62094.157  29.852  29.715  29.557  4746.48     3631.0   g-P48 
 62094.157  29.889  29.754  29.597  4735.89     3631.0       g 
  62096.17  29.115  28.962   28.83  6629.82     3631.0  orange 
  62096.17  29.179  29.031  28.897  6366.38     3631.0   r-P48 
  62096.17  29.237  29.093  28.955  6198.96     3631.0       r 
  62096.17   29.57  29.438  29.282  5182.42     3631.0    cyan 
  62096.17  29.856   29.72  29.562  4746.48     3631.0   g-P48 
  62096.17  29.894  29.759  29.602  4735.89     3631.0       g 
 62098.184   29.12  28.967  28.834  6629.82     3631.0  orange 
 62098.184  29.183  29.036  28.902  6366.38     3631.0   r-P48 
 62098.184  29.241  29.098   28.96  6198.96     3631.0       r 
 62098.184  29.575  29.443  29.287  5182.42     3631.0    cyan 
 62098.184  29.861  29.725  29.567  4746.48     3631.0   g-P48 
 62098.184  29.899  29.764  29.607  4735.89     3631.0       g 
 62100.198  29.125  28.972  28.839  6629.82     3631.0  orange 
 62100.198  29.188  29.041  28.906  6366.38     3631.0   r-P48 
 62100.198  29.246  29.103  28.965  6198.96     3631.0       r 
 62100.198   29.58  29.448  29.292  5182.42     3631.0    cyan 
 62100.198  29.866   29.73  29.571  4746.48     3631.0   g-P48 
 62100.198  29.904  29.769  29.612  4735.89     3631.0       g 
 62102.211   29.13  28.976  28.844  6629.82     3631.0  orange 
 62102.211  29.193  29.046  28.911  6366.38     3631.0   r-P48 
 62102.211  29.251  29.108  28.969  6198.96     3631.0       r 
 62102.211  29.584  29.453  29.296  5182.42     3631.0    cyan 
 62102.211  29.871  29.735  29.576  4746.48     3631.0   g-P48 
 62102.211  29.909  29.774  29.617  4735.89     3631.0       g 
 62104.225  29.135  28.981  28.849  6629.82     3631.0  orange 
 62104.225  29.198  29.051  28.916  6366.38     3631.0   r-P48 
 62104.225  29.256  29.113  28.974  6198.96     3631.0       r 
 62104.225  29.589  29.457  29.301  5182.42     3631.0    cyan 
 62104.225  29.876   29.74  29.581  4746.48     3631.0   g-P48 
 62104.225  29.914  29.779  29.621  4735.89     3631.0       g 
 62106.239  29.139  28.986  28.854  6629.82     3631.0  orange 
 62106.239  29.203  29.055  28.921  6366.38     3631.0   r-P48 
 62106.239  29.261  29.117  28.979  6198.96     3631.0       r 
 62106.239  29.594  29.462  29.306  5182.42     3631.0    cyan 
 62106.239  29.881  29.744  29.586  4746.48     3631.0   g-P48 
 62106.239  29.919  29.783  29.626  4735.89     3631.0       g 
 62108.252  29.144  28.991  28.858  6629.82     3631.0  orange 
 62108.252  29.208   29.06  28.926  6366.38     3631.0   r-P48 
 62108.252  29.266  29.122  28.984  6198.96     3631.0       r 
 62108.252  29.599  29.467  29.311  5182.42     3631.0    cyan 
 62108.252  29.885  29.749  29.591  4746.48     3631.0   g-P48 
 62108.252  29.923  29.788  29.631  4735.89     3631.0       g 
 62110.266  29.149  28.996  28.863  6629.82     3631.0  orange 
 62110.266  29.212  29.065  28.931  6366.38     3631.0   r-P48 
 62110.266   29.27  29.127  28.989  6198.96     3631.0       r 
 62110.266  29.604  29.472  29.316  5182.42     3631.0    cyan 
 62110.266   29.89  29.754  29.595  4746.48     3631.0   g-P48 
 62110.266  29.928  29.793  29.636  4735.89     3631.0       g 
  62112.28  29.154    29.0  28.868  6629.82     3631.0  orange 
  62112.28  29.217   29.07  28.935  6366.38     3631.0   r-P48 
  62112.28  29.275  29.132  28.993  6198.96     3631.0       r 
  62112.28  29.609  29.477   29.32  5182.42     3631.0    cyan 
  62112.28  29.895  29.759    29.6  4746.48     3631.0   g-P48 
  62112.28  29.933  29.798  29.641  4735.89     3631.0       g 
 62114.293  29.159  29.005  28.873  6629.82     3631.0  orange 
 62114.293  29.222  29.075   28.94  6366.38     3631.0   r-P48 
 62114.293   29.28  29.137  28.998  6198.96     3631.0       r 
 62114.293  29.613  29.482  29.325  5182.42     3631.0    cyan 
 62114.293    29.9  29.764  29.605  4746.48     3631.0   g-P48 
 62114.293  29.938  29.803  29.645  4735.89     3631.0       g 
 62116.307  29.163   29.01  28.878  6629.82     3631.0  orange 
 62116.307  29.227  29.079  28.945  6366.38     3631.0   r-P48 
 62116.307  29.285  29.141  29.003  6198.96     3631.0       r 
 62116.307  29.618  29.486   29.33  5182.42     3631.0    cyan 
 62116.307  29.905  29.768   29.61  4746.48     3631.0   g-P48 
 62116.307  29.943  29.807   29.65  4735.89     3631.0       g 
 62118.321  29.168  29.015  28.882  6629.82     3631.0  orange 
 62118.321  29.232  29.084   28.95  6366.38     3631.0   r-P48 
 62118.321   29.29  29.146  29.008  6198.96     3631.0       r 
 62118.321  29.623  29.491  29.335  5182.42     3631.0    cyan 
 62118.321   29.91  29.773  29.615  4746.48     3631.0   g-P48 
 62118.321  29.947  29.812  29.655  4735.89     3631.0       g 
 62120.334  29.173   29.02  28.887  6629.82     3631.0  orange 
 62120.334  29.236  29.089  28.954  6366.38     3631.0   r-P48 
 62120.334  29.294  29.151  29.013  6198.96     3631.0       r 
 62120.334  29.628  29.496  29.339  5182.42     3631.0    cyan 
 62120.334  29.914  29.778  29.619  4746.48     3631.0   g-P48 
 62120.334  29.952  29.817   29.66  4735.89     3631.0       g 
 62122.348  29.178  29.024  28.892  6629.82     3631.0  orange 
 62122.348  29.241  29.094  28.959  6366.38     3631.0   r-P48 
 62122.348  29.299  29.156  29.017  6198.96     3631.0       r 
 62122.348  29.633  29.501  29.344  5182.42     3631.0    cyan 
 62122.348  29.919  29.783  29.624  4746.48     3631.0   g-P48 
 62122.348  29.957  29.822  29.665  4735.89     3631.0       g 
 62124.362  29.183  29.029  28.897  6629.82     3631.0  orange 
 62124.362  29.246  29.098  28.964  6366.38     3631.0   r-P48 
 62124.362  29.304  29.161  29.022  6198.96     3631.0       r 
 62124.362  29.637  29.505  29.349  5182.42     3631.0    cyan 
 62124.362  29.924  29.788  29.629  4746.48     3631.0   g-P48 
 62124.362  29.962  29.827  29.669  4735.89     3631.0       g 
 62126.375  29.187  29.034  28.901  6629.82     3631.0  orange 
 62126.375  29.251  29.103  28.969  6366.38     3631.0   r-P48 
 62126.375  29.309  29.165  29.027  6198.96     3631.0       r 
 62126.375  29.642   29.51  29.354  5182.42     3631.0    cyan 
 62126.375  29.929  29.792  29.634  4746.48     3631.0   g-P48 
 62126.375  29.967  29.831  29.674  4735.89     3631.0       g 
 62128.389  29.192  29.039  28.906  6629.82     3631.0  orange 
 62128.389  29.256  29.108  28.973  6366.38     3631.0   r-P48 
 62128.389  29.314   29.17  29.032  6198.96     3631.0       r 
 62128.389  29.647  29.515  29.358  5182.42     3631.0    cyan 
 62128.389  29.933  29.797  29.638  4746.48     3631.0   g-P48 
 62128.389  29.971  29.836  29.679  4735.89     3631.0       g 
 62130.403  29.197  29.043  28.911  6629.82     3631.0  orange 
 62130.403   29.26  29.113  28.978  6366.38     3631.0   r-P48 
 62130.403  29.318  29.175  29.036  6198.96     3631.0       r 
 62130.403  29.652   29.52  29.363  5182.42     3631.0    cyan 
 62130.403  29.938  29.802  29.643  4746.48     3631.0   g-P48 
 62130.403  29.976  29.841  29.684  4735.89     3631.0       g 
 62132.416  29.202  29.048  28.916  6629.82     3631.0  orange 
 62132.416  29.265  29.118  28.983  6366.38     3631.0   r-P48 
 62132.416  29.323   29.18  29.041  6198.96     3631.0       r 
 62132.416  29.656  29.525  29.368  5182.42     3631.0    cyan 
 62132.416  29.943  29.807  29.648  4746.48     3631.0   g-P48 
 62132.416  29.981  29.846  29.688  4735.89     3631.0       g 
  62134.43  29.206  29.053   28.92  6629.82     3631.0  orange 
  62134.43   29.27  29.122  28.988  6366.38     3631.0   r-P48 
  62134.43  29.328  29.184  29.046  6198.96     3631.0       r 
  62134.43  29.661  29.529  29.373  5182.42     3631.0    cyan 
  62134.43  29.948  29.811  29.653  4746.48     3631.0   g-P48 
  62134.43  29.986   29.85  29.693  4735.89     3631.0       g 
 62136.444  29.211  29.058  28.925  6629.82     3631.0  orange 
 62136.444  29.275  29.127  28.992  6366.38     3631.0   r-P48 
 62136.444  29.333  29.189  29.051  6198.96     3631.0       r 
 62136.444  29.666  29.534  29.377  5182.42     3631.0    cyan 
 62136.444  29.952  29.816  29.657  4746.48     3631.0   g-P48 
 62136.444   29.99  29.855  29.698  4735.89     3631.0       g 
 62138.457  29.216  29.062   28.93  6629.82     3631.0  orange 
 62138.457  29.279  29.132  28.997  6366.38     3631.0   r-P48 
 62138.457  29.337  29.194  29.055  6198.96     3631.0       r 
 62138.457  29.671  29.539  29.382  5182.42     3631.0    cyan 
 62138.457  29.957  29.821  29.662  4746.48     3631.0   g-P48 
 62138.457  29.995   29.86  29.703  4735.89     3631.0       g 
 62140.471  29.221  29.067  28.935  6629.82     3631.0  orange 
 62140.471  29.284  29.136  29.002  6366.38     3631.0   r-P48 
 62140.471  29.342  29.199   29.06  6198.96     3631.0       r 
 62140.471  29.675  29.544  29.387  5182.42     3631.0    cyan 
 62140.471  29.962  29.826  29.667  4746.48     3631.0   g-P48 
 62140.471    30.0  29.865  29.707  4735.89     3631.0       g 
 62142.485  29.225  29.072  28.939  6629.82     3631.0  orange 
 62142.485  29.289  29.141  29.007  6366.38     3631.0   r-P48 
 62142.485  29.347  29.203  29.065  6198.96     3631.0       r 
 62142.485   29.68  29.548  29.392  5182.42     3631.0    cyan 
 62142.485  29.967   29.83  29.672  4746.48     3631.0   g-P48 
 62142.485  30.005  29.869  29.712  4735.89     3631.0       g 
 62144.498   29.23  29.077  28.944  6629.82     3631.0  orange 
 62144.498  29.294  29.146  29.011  6366.38     3631.0   r-P48 
 62144.498  29.352  29.208  29.069  6198.96     3631.0       r 
 62144.498  29.685  29.553  29.396  5182.42     3631.0    cyan 
 62144.498  29.971  29.835  29.676  4746.48     3631.0   g-P48 
 62144.498  30.009  29.874  29.717  4735.89     3631.0       g 
 62146.512  29.235  29.081  28.949  6629.82     3631.0  orange 
 62146.512  29.298  29.151  29.016  6366.38     3631.0   r-P48 
 62146.512  29.356  29.213  29.074  6198.96     3631.0       r 
 62146.512   29.69  29.558  29.401  5182.42     3631.0    cyan 
 62146.512  29.976   29.84  29.681  4746.48     3631.0   g-P48 
 62146.512  30.014  29.879  29.721  4735.89     3631.0       g 
 62148.526   29.24  29.086  28.953  6629.82     3631.0  orange 
 62148.526  29.303  29.155  29.021  6366.38     3631.0   r-P48 
 62148.526  29.361  29.217  29.079  6198.96     3631.0       r 
 62148.526  29.694  29.562  29.406  5182.42     3631.0    cyan 
 62148.526  29.981  29.844  29.686  4746.48     3631.0   g-P48 
 62148.526  30.019  29.883  29.726  4735.89     3631.0       g 
 62150.539  29.244  29.091  28.958  6629.82     3631.0  orange 
 62150.539  29.308   29.16  29.025  6366.38     3631.0   r-P48 
 62150.539  29.366  29.222  29.084  6198.96     3631.0       r 
 62150.539  29.699  29.567   29.41  5182.42     3631.0    cyan 
 62150.539  29.986  29.849   29.69  4746.48     3631.0   g-P48 
 62150.539  30.024  29.888  29.731  4735.89     3631.0       g 
 62152.553  29.249  29.095  28.963  6629.82     3631.0  orange 
 62152.553  29.312  29.165   29.03  6366.38     3631.0   r-P48 
 62152.553  29.371  29.227  29.088  6198.96     3631.0       r 
 62152.553  29.704  29.572  29.415  5182.42     3631.0    cyan 
 62152.553   29.99  29.854  29.695  4746.48     3631.0   g-P48 
 62152.553  30.028  29.893  29.736  4735.89     3631.0       g 
 62154.567  29.254    29.1  28.967  6629.82     3631.0  orange 
 62154.567  29.317  29.169  29.035  6366.38     3631.0   r-P48 
 62154.567  29.375  29.231  29.093  6198.96     3631.0       r 
 62154.567  29.709  29.577   29.42  5182.42     3631.0    cyan 
 62154.567  29.995  29.858    29.7  4746.48     3631.0   g-P48 
 62154.567  30.033  29.898   29.74  4735.89     3631.0       g 
  62156.58  29.259  29.105  28.972  6629.82     3631.0  orange 
  62156.58  29.322  29.174  29.039  6366.38     3631.0   r-P48 
  62156.58   29.38  29.236  29.098  6198.96     3631.0       r 
  62156.58  29.713  29.581  29.424  5182.42     3631.0    cyan 
  62156.58    30.0  29.863  29.704  4746.48     3631.0   g-P48 
  62156.58  30.038  29.902  29.745  4735.89     3631.0       g 
 62158.594  29.263   29.11  28.977  6629.82     3631.0  orange 
 62158.594  29.327  29.179  29.044  6366.38     3631.0   r-P48 
 62158.594  29.385  29.241  29.102  6198.96     3631.0       r 
 62158.594  29.718  29.586  29.429  5182.42     3631.0    cyan 
 62158.594  30.004  29.868  29.709  4746.48     3631.0   g-P48 
 62158.594  30.042  29.907   29.75  4735.89     3631.0       g 
 62160.608  29.268  29.114  28.981  6629.82     3631.0  orange 
 62160.608  29.331  29.183  29.049  6366.38     3631.0   r-P48 
 62160.608  29.389  29.245  29.107  6198.96     3631.0       r 
 62160.608  29.723  29.591  29.434  5182.42     3631.0    cyan 
 62160.608  30.009  29.873  29.714  4746.48     3631.0   g-P48 
 62160.608  30.047  29.912  29.754  4735.89     3631.0       g 
 62162.621  29.273  29.119  28.986  6629.82     3631.0  orange 
 62162.621  29.336  29.188  29.053  6366.38     3631.0   r-P48 
 62162.621  29.394   29.25  29.112  6198.96     3631.0       r 
 62162.621  29.727  29.595  29.438  5182.42     3631.0    cyan 
 62162.621  30.014  29.877  29.718  4746.48     3631.0   g-P48 
 62162.621  30.052  29.916  29.759  4735.89     3631.0       g 
 62164.635  29.277  29.124  28.991  6629.82     3631.0  orange 
 62164.635  29.341  29.193  29.058  6366.38     3631.0   r-P48 
 62164.635  29.399  29.255  29.116  6198.96     3631.0       r 
 62164.635  29.732    29.6  29.443  5182.42     3631.0    cyan 
 62164.635  30.018  29.882  29.723  4746.48     3631.0   g-P48 
 62164.635  30.056  29.921  29.764  4735.89     3631.0       g 
 62166.649  29.282  29.128  28.995  6629.82     3631.0  orange 
 62166.649  29.345  29.197  29.063  6366.38     3631.0   r-P48 
 62166.649  29.403  29.259  29.121  6198.96     3631.0       r 
 62166.649  29.737  29.605  29.448  5182.42     3631.0    cyan 
 62166.649  30.023  29.887  29.728  4746.48     3631.0   g-P48 
 62166.649  30.061  29.926  29.768  4735.89     3631.0       g 
 62168.662  29.287  29.133    29.0  6629.82     3631.0  orange 
 62168.662   29.35  29.202  29.067  6366.38     3631.0   r-P48 
 62168.662  29.408  29.264  29.126  6198.96     3631.0       r 
 62168.662  29.741  29.609  29.452  5182.42     3631.0    cyan 
 62168.662  30.028  29.891  29.732  4746.48     3631.0   g-P48 
 62168.662  30.066   29.93  29.773  4735.89     3631.0       g 
 62170.676  29.291  29.138  29.005  6629.82     3631.0  orange 
 62170.676  29.355  29.207  29.072  6366.38     3631.0   r-P48 
 62170.676  29.413  29.269   29.13  6198.96     3631.0       r 
 62170.676  29.746  29.614  29.457  5182.42     3631.0    cyan 
 62170.676  30.032  29.896  29.737  4746.48     3631.0   g-P48 
 62170.676   30.07  29.935  29.778  4735.89     3631.0       g 
 62172.689  29.296  29.142  29.009  6629.82     3631.0  orange 
 62172.689  29.359  29.211  29.077  6366.38     3631.0   r-P48 
 62172.689  29.417  29.273  29.135  6198.96     3631.0       r 
 62172.689  29.751  29.619  29.462  5182.42     3631.0    cyan 
 62172.689  30.037  29.901  29.742  4746.48     3631.0   g-P48 
 62172.689  30.075   29.94  29.782  4735.89     3631.0       g 
 62174.703  29.301  29.147  29.014  6629.82     3631.0  orange 
 62174.703  29.364  29.216  29.081  6366.38     3631.0   r-P48 
 62174.703  29.422  29.278  29.139  6198.96     3631.0       r 
 62174.703  29.755  29.623  29.466  5182.42     3631.0    cyan 
 62174.703  30.042  29.905  29.746  4746.48     3631.0   g-P48 
 62174.703   30.08  29.944  29.787  4735.89     3631.0       g 
 62176.717  29.305  29.152  29.018  6629.82     3631.0  orange 
 62176.717  29.369  29.221  29.086  6366.38     3631.0   r-P48 
 62176.717  29.427  29.283  29.144  6198.96     3631.0       r 
 62176.717   29.76  29.628  29.471  5182.42     3631.0    cyan 
 62176.717  30.046   29.91  29.751  4746.48     3631.0   g-P48 
 62176.717  30.084  29.949  29.791  4735.89     3631.0       g 
  62178.73   29.31  29.156  29.023  6629.82     3631.0  orange 
  62178.73  29.373  29.225   29.09  6366.38     3631.0   r-P48 
  62178.73  29.431  29.287  29.149  6198.96     3631.0       r 
  62178.73  29.765  29.633  29.476  5182.42     3631.0    cyan 
  62178.73  30.051  29.914  29.756  4746.48     3631.0   g-P48 
  62178.73  30.089  29.953  29.796  4735.89     3631.0       g 
 62180.744  29.315  29.161  29.028  6629.82     3631.0  orange 
 62180.744  29.378   29.23  29.095  6366.38     3631.0   r-P48 
 62180.744  29.436  29.292  29.153  6198.96     3631.0       r 
 62180.744  29.769  29.637   29.48  5182.42     3631.0    cyan 
 62180.744  30.056  29.919   29.76  4746.48     3631.0   g-P48 
 62180.744  30.094  29.958  29.801  4735.89     3631.0       g 
 62182.758  29.319  29.165  29.032  6629.82     3631.0  orange 
 62182.758  29.383  29.234    29.1  6366.38     3631.0   r-P48 
 62182.758  29.441  29.297  29.158  6198.96     3631.0       r 
 62182.758  29.774  29.642  29.485  5182.42     3631.0    cyan 
 62182.758   30.06  29.924  29.765  4746.48     3631.0   g-P48 
 62182.758  30.098  29.963  29.805  4735.89     3631.0       g 
 62184.771  29.324   29.17  29.037  6629.82     3631.0  orange 
 62184.771  29.387  29.239  29.104  6366.38     3631.0   r-P48 
 62184.771  29.445  29.301  29.163  6198.96     3631.0       r 
 62184.771  29.778  29.646  29.489  5182.42     3631.0    cyan 
 62184.771  30.065  29.928  29.769  4746.48     3631.0   g-P48 
 62184.771  30.103  29.967   29.81  4735.89     3631.0       g 
 62186.785  29.328  29.175  29.042  6629.82     3631.0  orange 
 62186.785  29.392  29.244  29.109  6366.38     3631.0   r-P48 
 62186.785   29.45  29.306  29.167  6198.96     3631.0       r 
 62186.785  29.783  29.651  29.494  5182.42     3631.0    cyan 
 62186.785   30.07  29.933  29.774  4746.48     3631.0   g-P48 
 62186.785  30.108  29.972  29.815  4735.89     3631.0       g 
 62188.799  29.333  29.179  29.046  6629.82     3631.0  orange 
 62188.799  29.396  29.248  29.113  6366.38     3631.0   r-P48 
 62188.799  29.455   29.31  29.172  6198.96     3631.0       r 
 62188.799  29.788  29.656  29.499  5182.42     3631.0    cyan 
 62188.799  30.074  29.938  29.779  4746.48     3631.0   g-P48 
 62188.799  30.112  29.977  29.819  4735.89     3631.0       g 
 62190.812  29.338  29.184  29.051  6629.82     3631.0  orange 
 62190.812  29.401  29.253  29.118  6366.38     3631.0   r-P48 
 62190.812  29.459  29.315  29.176  6198.96     3631.0       r 
 62190.812  29.792   29.66  29.503  5182.42     3631.0    cyan 
 62190.812  30.079  29.942  29.783  4746.48     3631.0   g-P48 
 62190.812  30.117  29.981  29.824  4735.89     3631.0       g 
 62192.826  29.342  29.188  29.055  6629.82     3631.0  orange 
 62192.826  29.406  29.257  29.123  6366.38     3631.0   r-P48 
 62192.826  29.464   29.32  29.181  6198.96     3631.0       r 
 62192.826  29.797  29.665  29.508  5182.42     3631.0    cyan 
 62192.826  30.083  29.947  29.788  4746.48     3631.0   g-P48 
 62192.826  30.121  29.986  29.828  4735.89     3631.0       g 
  62194.84  29.347  29.193   29.06  6629.82     3631.0  orange 
  62194.84   29.41  29.262  29.127  6366.38     3631.0   r-P48 
  62194.84  29.468  29.324  29.186  6198.96     3631.0       r 
  62194.84  29.802  29.669  29.512  5182.42     3631.0    cyan 
  62194.84  30.088  29.951  29.792  4746.48     3631.0   g-P48 
  62194.84  30.126   29.99  29.833  4735.89     3631.0       g 
 62196.853  29.352  29.198  29.064  6629.82     3631.0  orange 
 62196.853  29.415  29.267  29.132  6366.38     3631.0   r-P48 
 62196.853  29.473  29.329   29.19  6198.96     3631.0       r 
 62196.853  29.806  29.674  29.517  5182.42     3631.0    cyan 
 62196.853  30.093  29.956  29.797  4746.48     3631.0   g-P48 
 62196.853  30.131  29.995  29.838  4735.89     3631.0       g 
 62198.867  29.356  29.202  29.069  6629.82     3631.0  orange 
 62198.867   29.42  29.271  29.136  6366.38     3631.0   r-P48 
 62198.867  29.478  29.333  29.195  6198.96     3631.0       r 
 62198.867  29.811  29.679  29.521  5182.42     3631.0    cyan 
 62198.867  30.097  29.961  29.802  4746.48     3631.0   g-P48 
 62198.867  30.135    30.0  29.842  4735.89     3631.0       g 
 62200.881  29.361  29.207  29.074  6629.82     3631.0  orange 
 62200.881  29.424  29.276  29.141  6366.38     3631.0   r-P48 
 62200.881  29.482  29.338  29.199  6198.96     3631.0       r 
 62200.881  29.815  29.683  29.526  5182.42     3631.0    cyan 
 62200.881  30.102  29.965  29.806  4746.48     3631.0   g-P48 
 62200.881   30.14  30.004  29.847  4735.89     3631.0       g 
 62202.894  29.365  29.211  29.078  6629.82     3631.0  orange 
 62202.894  29.429   29.28  29.145  6366.38     3631.0   r-P48 
 62202.894  29.487  29.342  29.204  6198.96     3631.0       r 
 62202.894   29.82  29.688  29.531  5182.42     3631.0    cyan 
 62202.894  30.106   29.97  29.811  4746.48     3631.0   g-P48 
 62202.894  30.144  30.009  29.851  4735.89     3631.0       g 
 62204.908   29.37  29.216  29.083  6629.82     3631.0  orange 
 62204.908  29.433  29.285   29.15  6366.38     3631.0   r-P48 
 62204.908  29.491  29.347  29.208  6198.96     3631.0       r 
 62204.908  29.825  29.692  29.535  5182.42     3631.0    cyan 
 62204.908  30.111  29.974  29.815  4746.48     3631.0   g-P48 
 62204.908  30.149  30.013  29.856  4735.89     3631.0       g 
 62206.922  29.374  29.221  29.087  6629.82     3631.0  orange 
 62206.922  29.438   29.29  29.155  6366.38     3631.0   r-P48 
 62206.922  29.496  29.352  29.213  6198.96     3631.0       r 
 62206.922  29.829  29.697   29.54  5182.42     3631.0    cyan 
 62206.922  30.115  29.979   29.82  4746.48     3631.0   g-P48 
 62206.922  30.154  30.018   29.86  4735.89     3631.0       g 
 62208.935  29.379  29.225  29.092  6629.82     3631.0  orange 
 62208.935  29.442  29.294  29.159  6366.38     3631.0   r-P48 
 62208.935  29.501  29.356  29.217  6198.96     3631.0       r 
 62208.935  29.834  29.702  29.544  5182.42     3631.0    cyan 
 62208.935   30.12  29.983  29.824  4746.48     3631.0   g-P48 
 62208.935  30.158  30.022  29.865  4735.89     3631.0       g 
 62210.949  29.384   29.23  29.096  6629.82     3631.0  orange 
 62210.949  29.447  29.299  29.164  6366.38     3631.0   r-P48 
 62210.949  29.505  29.361  29.222  6198.96     3631.0       r 
 62210.949  29.838  29.706  29.549  5182.42     3631.0    cyan 
 62210.949  30.125  29.988  29.829  4746.48     3631.0   g-P48 
 62210.949  30.163  30.027   29.87  4735.89     3631.0       g 
 62212.963  29.388  29.234  29.101  6629.82     3631.0  orange 
 62212.963  29.452  29.303  29.168  6366.38     3631.0   r-P48 
 62212.963   29.51  29.365  29.227  6198.96     3631.0       r 
 62212.963  29.843  29.711  29.553  5182.42     3631.0    cyan 
 62212.963  30.129  29.992  29.834  4746.48     3631.0   g-P48 
 62212.963  30.167  30.032  29.874  4735.89     3631.0       g 
 62214.976  29.393  29.239  29.105  6629.82     3631.0  orange 
 62214.976  29.456  29.308  29.173  6366.38     3631.0   r-P48 
 62214.976  29.514   29.37  29.231  6198.96     3631.0       r 
 62214.976  29.847  29.715  29.558  5182.42     3631.0    cyan 
 62214.976  30.134  29.997  29.838  4746.48     3631.0   g-P48 
 62214.976  30.172  30.036  29.879  4735.89     3631.0       g 
  62216.99  29.397  29.243   29.11  6629.82     3631.0  orange 
  62216.99  29.461  29.312  29.177  6366.38     3631.0   r-P48 
  62216.99  29.519  29.374  29.236  6198.96     3631.0       r 
  62216.99  29.852   29.72  29.562  5182.42     3631.0    cyan 
  62216.99  30.138  30.002  29.843  4746.48     3631.0   g-P48 
  62216.99  30.176  30.041  29.883  4735.89     3631.0       g 
 62219.004  29.402  29.248  29.114  6629.82     3631.0  orange 
 62219.004  29.465  29.317  29.182  6366.38     3631.0   r-P48 
 62219.004  29.523  29.379   29.24  6198.96     3631.0       r 
 62219.004  29.856  29.724  29.567  5182.42     3631.0    cyan 
 62219.004  30.143  30.006  29.847  4746.48     3631.0   g-P48 
 62219.004  30.181  30.045  29.888  4735.89     3631.0       g 
 62221.017  29.406  29.252  29.119  6629.82     3631.0  orange 
 62221.017   29.47  29.321  29.186  6366.38     3631.0   r-P48 
 62221.017  29.528  29.383  29.245  6198.96     3631.0       r 
 62221.017  29.861  29.729  29.571  5182.42     3631.0    cyan 
 62221.017  30.147  30.011  29.852  4746.48     3631.0   g-P48 
 62221.017  30.186   30.05  29.892  4735.89     3631.0       g 
 62223.031  29.411  29.257  29.123  6629.82     3631.0  orange 
 62223.031  29.474  29.326  29.191  6366.38     3631.0   r-P48 
 62223.031  29.532  29.388  29.249  6198.96     3631.0       r 
 62223.031  29.866  29.733  29.576  5182.42     3631.0    cyan 
 62223.031  30.152  30.015  29.856  4746.48     3631.0   g-P48 
 62223.031   30.19  30.054  29.897  4735.89     3631.0       g 
 62225.045  29.415  29.261  29.128  6629.82     3631.0  orange 
 62225.045  29.479   29.33  29.195  6366.38     3631.0   r-P48 
 62225.045  29.537  29.392  29.254  6198.96     3631.0       r 
 62225.045   29.87  29.738  29.581  5182.42     3631.0    cyan 
 62225.045  30.156   30.02  29.861  4746.48     3631.0   g-P48 
 62225.045  30.195  30.059  29.901  4735.89     3631.0       g 
 62227.058   29.42  29.266  29.132  6629.82     3631.0  orange 
 62227.058  29.483  29.335    29.2  6366.38     3631.0   r-P48 
 62227.058  29.541  29.397  29.258  6198.96     3631.0       r 
 62227.058  29.875  29.742  29.585  5182.42     3631.0    cyan 
 62227.058  30.161  30.024  29.865  4746.48     3631.0   g-P48 
 62227.058  30.199  30.063  29.906  4735.89     3631.0       g 
 62229.072  29.425  29.271  29.137  6629.82     3631.0  orange 
 62229.072  29.488  29.339  29.204  6366.38     3631.0   r-P48 
 62229.072  29.546  29.401  29.263  6198.96     3631.0       r 
 62229.072  29.879  29.747   29.59  5182.42     3631.0    cyan 
 62229.072  30.165  30.029   29.87  4746.48     3631.0   g-P48 
 62229.072  30.204  30.068   29.91  4735.89     3631.0       g 
 62231.086  29.429  29.275  29.141  6629.82     3631.0  orange 
 62231.086  29.492  29.344  29.209  6366.38     3631.0   r-P48 
 62231.086  29.551  29.406  29.267  6198.96     3631.0       r 
 62231.086  29.884  29.751  29.594  5182.42     3631.0    cyan 
 62231.086   30.17  30.033  29.874  4746.48     3631.0   g-P48 
 62231.086  30.208  30.072  29.915  4735.89     3631.0       g 
 62233.099  29.434   29.28  29.146  6629.82     3631.0  orange 
 62233.099  29.497  29.348  29.213  6366.38     3631.0   r-P48 
 62233.099  29.555   29.41  29.272  6198.96     3631.0       r 
 62233.099  29.888  29.756  29.599  5182.42     3631.0    cyan 
 62233.099  30.174  30.038  29.879  4746.48     3631.0   g-P48 
 62233.099  30.213  30.077  29.919  4735.89     3631.0       g 
 62235.113  29.438  29.284   29.15  6629.82     3631.0  orange 
 62235.113  29.502  29.353  29.218  6366.38     3631.0   r-P48 
 62235.113   29.56  29.415  29.276  6198.96     3631.0       r 
 62235.113  29.893   29.76  29.603  5182.42     3631.0    cyan 
 62235.113  30.179  30.042  29.883  4746.48     3631.0   g-P48 
 62235.113  30.217  30.081  29.924  4735.89     3631.0       g 
 62237.127  29.443  29.289  29.155  6629.82     3631.0  orange 
 62237.127  29.506  29.357  29.222  6366.38     3631.0   r-P48 
 62237.127  29.564  29.419  29.281  6198.96     3631.0       r 
 62237.127  29.897  29.765  29.607  5182.42     3631.0    cyan 
 62237.127  30.183  30.047  29.888  4746.48     3631.0   g-P48 
 62237.127  30.222  30.086  29.928  4735.89     3631.0       g 
  62239.14  29.447  29.293  29.159  6629.82     3631.0  orange 
  62239.14  29.511  29.362  29.227  6366.38     3631.0   r-P48 
  62239.14  29.569  29.424  29.285  6198.96     3631.0       r 
  62239.14  29.902  29.769  29.612  5182.42     3631.0    cyan 
  62239.14  30.188  30.051  29.892  4746.48     3631.0   g-P48 
  62239.14  30.226   30.09  29.933  4735.89     3631.0       g 
 62241.154  29.452  29.298  29.164  6629.82     3631.0  orange 
 62241.154  29.515  29.366  29.231  6366.38     3631.0   r-P48 
 62241.154  29.573  29.428   29.29  6198.96     3631.0       r 
 62241.154  29.906  29.774  29.616  5182.42     3631.0    cyan 
 62241.154  30.192  30.056  29.897  4746.48     3631.0   g-P48 
 62241.154  30.231  30.095  29.937  4735.89     3631.0       g 
 62243.168  29.456  29.302  29.168  6629.82     3631.0  orange 
 62243.168   29.52  29.371  29.236  6366.38     3631.0   r-P48 
 62243.168  29.578  29.433  29.294  6198.96     3631.0       r 
 62243.168  29.911  29.778  29.621  5182.42     3631.0    cyan 
 62243.168  30.197   30.06  29.901  4746.48     3631.0   g-P48 
 62243.168  30.235  30.099  29.942  4735.89     3631.0       g 
 62245.181  29.461  29.306  29.173  6629.82     3631.0  orange 
 62245.181  29.524  29.375   29.24  6366.38     3631.0   r-P48 
 62245.181  29.582  29.437  29.299  6198.96     3631.0       r 
 62245.181  29.915  29.783  29.625  5182.42     3631.0    cyan 
 62245.181  30.201  30.065  29.906  4746.48     3631.0   g-P48 
 62245.181   30.24  30.104  29.946  4735.89     3631.0       g 
 62247.195  29.465  29.311  29.177  6629.82     3631.0  orange 
 62247.195  29.528   29.38  29.245  6366.38     3631.0   r-P48 
 62247.195  29.587  29.442  29.303  6198.96     3631.0       r 
 62247.195   29.92  29.787   29.63  5182.42     3631.0    cyan 
 62247.195  30.206  30.069   29.91  4746.48     3631.0   g-P48 
 62247.195  30.244  30.108  29.951  4735.89     3631.0       g 
 62249.209   29.47  29.315  29.182  6629.82     3631.0  orange 
 62249.209  29.533  29.384  29.249  6366.38     3631.0   r-P48 
 62249.209  29.591  29.446  29.307  6198.96     3631.0       r 
 62249.209  29.924  29.792  29.634  5182.42     3631.0    cyan 
 62249.209   30.21  30.074  29.915  4746.48     3631.0   g-P48 
 62249.209  30.249  30.113  29.955  4735.89     3631.0       g 
 62251.222  29.474   29.32  29.186  6629.82     3631.0  orange 
 62251.222  29.537  29.389  29.253  6366.38     3631.0   r-P48 
 62251.222  29.596  29.451  29.312  6198.96     3631.0       r 
 62251.222  29.929  29.796  29.639  5182.42     3631.0    cyan 
 62251.222  30.215  30.078  29.919  4746.48     3631.0   g-P48 
 62251.222  30.253  30.117  29.959  4735.89     3631.0       g 
 62253.236  29.479  29.324  29.191  6629.82     3631.0  orange 
 62253.236  29.542  29.393  29.258  6366.38     3631.0   r-P48 
 62253.236    29.6  29.455  29.316  6198.96     3631.0       r 
 62253.236  29.933  29.801  29.643  5182.42     3631.0    cyan 
 62253.236  30.219  30.083  29.924  4746.48     3631.0   g-P48 
 62253.236  30.258  30.122  29.964  4735.89     3631.0       g 
  62255.25  29.483  29.329  29.195  6629.82     3631.0  orange 
  62255.25  29.546  29.398  29.262  6366.38     3631.0   r-P48 
  62255.25  29.604   29.46  29.321  6198.96     3631.0       r 
  62255.25  29.938  29.805  29.648  5182.42     3631.0    cyan 
  62255.25  30.224  30.087  29.928  4746.48     3631.0   g-P48 
  62255.25  30.262  30.126  29.968  4735.89     3631.0       g 
 62257.263  29.487  29.333  29.199  6629.82     3631.0  orange 
 62257.263  29.551  29.402  29.267  6366.38     3631.0   r-P48 
 62257.263  29.609  29.464  29.325  6198.96     3631.0       r 
 62257.263  29.942   29.81  29.652  5182.42     3631.0    cyan 
 62257.263  30.228  30.091  29.932  4746.48     3631.0   g-P48 
 62257.263  30.267  30.131  29.973  4735.89     3631.0       g 
 62259.277  29.492  29.338  29.204  6629.82     3631.0  orange 
 62259.277  29.555  29.406  29.271  6366.38     3631.0   r-P48 
 62259.277  29.613  29.469   29.33  6198.96     3631.0       r 
 62259.277  29.946  29.814  29.657  5182.42     3631.0    cyan 
 62259.277  30.233  30.096  29.937  4746.48     3631.0   g-P48 
 62259.277  30.271  30.135  29.977  4735.89     3631.0       g 
 62261.291  29.496  29.342  29.208  6629.82     3631.0  orange 
 62261.291   29.56  29.411  29.276  6366.38     3631.0   r-P48 
 62261.291  29.618  29.473  29.334  6198.96     3631.0       r 
 62261.291  29.951  29.819  29.661  5182.42     3631.0    cyan 
 62261.291  30.237    30.1  29.941  4746.48     3631.0   g-P48 
 62261.291  30.275  30.139  29.982  4735.89     3631.0       g 
 62263.304  29.501  29.347  29.213  6629.82     3631.0  orange 
 62263.304  29.564  29.415   29.28  6366.38     3631.0   r-P48 
 62263.304  29.622  29.477  29.339  6198.96     3631.0       r 
 62263.304  29.955  29.823  29.665  5182.42     3631.0    cyan 
 62263.304  30.242  30.105  29.946  4746.48     3631.0   g-P48 
 62263.304   30.28  30.144  29.986  4735.89     3631.0       g 
 62265.318  29.505  29.351  29.217  6629.82     3631.0  orange 
 62265.318  29.569   29.42  29.284  6366.38     3631.0   r-P48 
 62265.318  29.627  29.482  29.343  6198.96     3631.0       r 
 62265.318   29.96  29.827   29.67  5182.42     3631.0    cyan 
 62265.318  30.246  30.109   29.95  4746.48     3631.0   g-P48 
 62265.318  30.284  30.148   29.99  4735.89     3631.0       g 
 62267.332   29.51  29.355  29.222  6629.82     3631.0  orange 
 62267.332  29.573  29.424  29.289  6366.38     3631.0   r-P48 
 62267.332  29.631  29.486  29.347  6198.96     3631.0       r 
 62267.332  29.964  29.832  29.674  5182.42     3631.0    cyan 
 62267.332   30.25  30.114  29.955  4746.48     3631.0   g-P48 
 62267.332  30.289  30.153  29.995  4735.89     3631.0       g 
 62269.345  29.514   29.36  29.226  6629.82     3631.0  orange 
 62269.345  29.578  29.429  29.293  6366.38     3631.0   r-P48 
 62269.345  29.636  29.491  29.352  6198.96     3631.0       r 
 62269.345  29.969  29.836  29.679  5182.42     3631.0    cyan 
 62269.345  30.255  30.118  29.959  4746.48     3631.0   g-P48 
 62269.345  30.293  30.157  29.999  4735.89     3631.0       g 
 62271.359  29.519  29.364   29.23  6629.82     3631.0  orange 
 62271.359  29.582  29.433  29.298  6366.38     3631.0   r-P48 
 62271.359   29.64  29.495  29.356  6198.96     3631.0       r 
 62271.359  29.973  29.841  29.683  5182.42     3631.0    cyan 
 62271.359  30.259  30.122  29.963  4746.48     3631.0   g-P48 
 62271.359  30.298  30.162  30.004  4735.89     3631.0       g 
 62273.373  29.523  29.369  29.235  6629.82     3631.0  orange 
 62273.373  29.586  29.437  29.302  6366.38     3631.0   r-P48 
 62273.373  29.644    29.5  29.361  6198.96     3631.0       r 
 62273.373  29.977  29.845  29.687  5182.42     3631.0    cyan 
 62273.373  30.264  30.127  29.968  4746.48     3631.0   g-P48 
 62273.373  30.302  30.166  30.008  4735.89     3631.0       g 
 62275.386  29.527  29.373  29.239  6629.82     3631.0  orange 
 62275.386  29.591  29.442  29.306  6366.38     3631.0   r-P48 
 62275.386  29.649  29.504  29.365  6198.96     3631.0       r 
 62275.386  29.982   29.85  29.692  5182.42     3631.0    cyan 
 62275.386  30.268  30.131  29.972  4746.48     3631.0   g-P48 
 62275.386  30.306   30.17  30.013  4735.89     3631.0       g 
   62277.4  29.532  29.378  29.244  6629.82     3631.0  orange 
   62277.4  29.595  29.446  29.311  6366.38     3631.0   r-P48 
   62277.4  29.653  29.508  29.369  6198.96     3631.0       r 
   62277.4  29.986  29.854  29.696  5182.42     3631.0    cyan 
   62277.4  30.273  30.136  29.977  4746.48     3631.0   g-P48 
   62277.4  30.311  30.175  30.017  4735.89     3631.0       g 
 62279.413  29.536  29.382  29.248  6629.82     3631.0  orange 
 62279.413    29.6  29.451  29.315  6366.38     3631.0   r-P48 
 62279.413  29.658  29.513  29.374  6198.96     3631.0       r 
 62279.413  29.991  29.858  29.701  5182.42     3631.0    cyan 
 62279.413  30.277   30.14  29.981  4746.48     3631.0   g-P48 
 62279.413  30.315  30.179  30.021  4735.89     3631.0       g 
 62281.427  29.541  29.386  29.252  6629.82     3631.0  orange 
 62281.427  29.604  29.455   29.32  6366.38     3631.0   r-P48 
 62281.427  29.662  29.517  29.378  6198.96     3631.0       r 
 62281.427  29.995  29.863  29.705  5182.42     3631.0    cyan 
 62281.427  30.281  30.144  29.985  4746.48     3631.0   g-P48 
 62281.427   30.32  30.184  30.026  4735.89     3631.0       g 
 62283.441  29.545  29.391  29.257  6629.82     3631.0  orange 
 62283.441  29.608  29.459  29.324  6366.38     3631.0   r-P48 
 62283.441  29.667  29.521  29.383  6198.96     3631.0       r 
 62283.441    30.0  29.867  29.709  5182.42     3631.0    cyan 
 62283.441  30.286  30.149   29.99  4746.48     3631.0   g-P48 
 62283.441  30.324  30.188   30.03  4735.89     3631.0       g 
 62285.454  29.549  29.395  29.261  6629.82     3631.0  orange 
 62285.454  29.613  29.464  29.328  6366.38     3631.0   r-P48 
 62285.454  29.671  29.526  29.387  6198.96     3631.0       r 
 62285.454  30.004  29.872  29.714  5182.42     3631.0    cyan 
 62285.454   30.29  30.153  29.994  4746.48     3631.0   g-P48 
 62285.454  30.329  30.192  30.034  4735.89     3631.0       g 
 62287.468  29.554    29.4  29.265  6629.82     3631.0  orange 
 62287.468  29.617  29.468  29.333  6366.38     3631.0   r-P48 
 62287.468  29.675   29.53  29.391  6198.96     3631.0       r 
 62287.468  30.008  29.876  29.718  5182.42     3631.0    cyan 
 62287.468  30.295  30.158  29.999  4746.48     3631.0   g-P48 
 62287.468  30.333  30.197  30.039  4735.89     3631.0       g 
 62289.482  29.558  29.404   29.27  6629.82     3631.0  orange 
 62289.482  29.622  29.473  29.337  6366.38     3631.0   r-P48 
 62289.482   29.68  29.535  29.396  6198.96     3631.0       r 
 62289.482  30.013   29.88  29.722  5182.42     3631.0    cyan 
 62289.482  30.299  30.162  30.003  4746.48     3631.0   g-P48 
 62289.482  30.337  30.201  30.043  4735.89     3631.0       g 
 62291.495  29.563  29.408  29.274  6629.82     3631.0  orange 
 62291.495  29.626  29.477  29.341  6366.38     3631.0   r-P48 
 62291.495  29.684  29.539    29.4  6198.96     3631.0       r 
 62291.495  30.017  29.885  29.727  5182.42     3631.0    cyan 
 62291.495  30.303  30.166  30.007  4746.48     3631.0   g-P48 
 62291.495  30.342  30.205  30.048  4735.89     3631.0       g 
 62293.509  29.567  29.413  29.279  6629.82     3631.0  orange 
 62293.509   29.63  29.481  29.346  6366.38     3631.0   r-P48 
 62293.509  29.688  29.543  29.404  6198.96     3631.0       r 
 62293.509  30.021  29.889  29.731  5182.42     3631.0    cyan 
 62293.509  30.308  30.171  30.012  4746.48     3631.0   g-P48 
 62293.509  30.346   30.21  30.052  4735.89     3631.0       g 
 62295.523  29.571  29.417  29.283  6629.82     3631.0  orange 
 62295.523  29.635  29.486   29.35  6366.38     3631.0   r-P48 
 62295.523  29.693  29.548  29.409  6198.96     3631.0       r 
 62295.523  30.026  29.893  29.736  5182.42     3631.0    cyan 
 62295.523  30.312  30.175  30.016  4746.48     3631.0   g-P48 
 62295.523   30.35  30.214  30.056  4735.89     3631.0       g 
 62297.536  29.576  29.421  29.287  6629.82     3631.0  orange 
 62297.536  29.639   29.49  29.354  6366.38     3631.0   r-P48 
 62297.536  29.697  29.552  29.413  6198.96     3631.0       r 
 62297.536   30.03  29.898   29.74  5182.42     3631.0    cyan 
 62297.536  30.316  30.179   30.02  4746.48     3631.0   g-P48 
 62297.536  30.355  30.219  30.061  4735.89     3631.0       g 
  62299.55   29.58  29.426  29.292  6629.82     3631.0  orange 
  62299.55  29.644  29.494  29.359  6366.38     3631.0   r-P48 
  62299.55  29.702  29.556  29.417  6198.96     3631.0       r 
  62299.55  30.035  29.902  29.744  5182.42     3631.0    cyan 
  62299.55  30.321  30.184  30.025  4746.48     3631.0   g-P48 
  62299.55  30.359  30.223  30.065  4735.89     3631.0       g 
 62301.564  29.584   29.43  29.296  6629.82     3631.0  orange 
 62301.564  29.648  29.499  29.363  6366.38     3631.0   r-P48 
 62301.564  29.706  29.561  29.422  6198.96     3631.0       r 
 62301.564  30.039  29.907  29.749  5182.42     3631.0    cyan 
 62301.564  30.325  30.188  30.029  4746.48     3631.0   g-P48 
 62301.564  30.364  30.227  30.069  4735.89     3631.0       g 
 62303.577  29.589  29.434    29.3  6629.82     3631.0  orange 
 62303.577  29.652  29.503  29.367  6366.38     3631.0   r-P48 
 62303.577   29.71  29.565  29.426  6198.96     3631.0       r 
 62303.577  30.043  29.911  29.753  5182.42     3631.0    cyan 
 62303.577   30.33  30.193  30.034  4746.48     3631.0   g-P48 
 62303.577  30.368  30.232  30.074  4735.89     3631.0       g 
 62305.591  29.593  29.439  29.305  6629.82     3631.0  orange 
 62305.591  29.657  29.507  29.372  6366.38     3631.0   r-P48 
 62305.591  29.715  29.569   29.43  6198.96     3631.0       r 
 62305.591  30.048  29.915  29.757  5182.42     3631.0    cyan 
 62305.591  30.334  30.197  30.038  4746.48     3631.0   g-P48 
 62305.591  30.372  30.236  30.078  4735.89     3631.0       g 
 62307.605  29.598  29.443  29.309  6629.82     3631.0  orange 
 62307.605  29.661  29.512  29.376  6366.38     3631.0   r-P48 
 62307.605  29.719  29.574  29.435  6198.96     3631.0       r 
 62307.605  30.052   29.92  29.762  5182.42     3631.0    cyan 
 62307.605  30.338  30.201  30.042  4746.48     3631.0   g-P48 
 62307.605  30.377   30.24  30.082  4735.89     3631.0       g 
 62309.618  29.602  29.447  29.313  6629.82     3631.0  orange 
 62309.618  29.665  29.516   29.38  6366.38     3631.0   r-P48 
 62309.618  29.723  29.578  29.439  6198.96     3631.0       r 
 62309.618  30.056  29.924  29.766  5182.42     3631.0    cyan 
 62309.618  30.343  30.206  30.047  4746.48     3631.0   g-P48 
 62309.618  30.381  30.245  30.087  4735.89     3631.0       g 
 62311.632  29.606  29.452  29.318  6629.82     3631.0  orange 
 62311.632   29.67   29.52  29.385  6366.38     3631.0   r-P48 
 62311.632  29.728  29.582  29.443  6198.96     3631.0       r 
 62311.632  30.061  29.928   29.77  5182.42     3631.0    cyan 
 62311.632  30.347   30.21  30.051  4746.48     3631.0   g-P48 
 62311.632  30.385  30.249  30.091  4735.89     3631.0       g 
 62313.646  29.611  29.456  29.322  6629.82     3631.0  orange 
 62313.646  29.674  29.525  29.389  6366.38     3631.0   r-P48 
 62313.646  29.732  29.587  29.448  6198.96     3631.0       r 
 62313.646  30.065  29.933  29.775  5182.42     3631.0    cyan 
 62313.646  30.351  30.214  30.055  4746.48     3631.0   g-P48 
 62313.646   30.39  30.253  30.095  4735.89     3631.0       g 
 62315.659  29.615   29.46  29.326  6629.82     3631.0  orange 
 62315.659  29.678  29.529  29.393  6366.38     3631.0   r-P48 
 62315.659  29.736  29.591  29.452  6198.96     3631.0       r 
 62315.659  30.069  29.937  29.779  5182.42     3631.0    cyan 
 62315.659  30.356  30.219   30.06  4746.48     3631.0   g-P48 
 62315.659  30.394  30.258    30.1  4735.89     3631.0       g 
 62317.673  29.619  29.465   29.33  6629.82     3631.0  orange 
 62317.673  29.683  29.533  29.398  6366.38     3631.0   r-P48 
 62317.673  29.741  29.595  29.456  6198.96     3631.0       r 
 62317.673  30.074  29.941  29.783  5182.42     3631.0    cyan 
 62317.673   30.36  30.223  30.064  4746.48     3631.0   g-P48 
 62317.673  30.398  30.262  30.104  4735.89     3631.0       g 
 62319.687  29.624  29.469  29.335  6629.82     3631.0  orange 
 62319.687  29.687  29.538  29.402  6366.38     3631.0   r-P48 
 62319.687  29.745    29.6  29.461  6198.96     3631.0       r 
 62319.687  30.078  29.946  29.787  5182.42     3631.0    cyan 
 62319.687  30.364  30.227  30.068  4746.48     3631.0   g-P48 
 62319.687  30.403  30.266  30.108  4735.89     3631.0       g 
   62321.7  29.628  29.473  29.339  6629.82     3631.0  orange 
   62321.7  29.691  29.542  29.406  6366.38     3631.0   r-P48 
   62321.7  29.749  29.604  29.465  6198.96     3631.0       r 
   62321.7  30.082   29.95  29.792  5182.42     3631.0    cyan 
   62321.7  30.368  30.231  30.072  4746.48     3631.0   g-P48 
   62321.7  30.407  30.271  30.113  4735.89     3631.0       g 
 62323.714  29.632  29.478  29.343  6629.82     3631.0  orange 
 62323.714  29.696  29.546   29.41  6366.38     3631.0   r-P48 
 62323.714  29.754  29.608  29.469  6198.96     3631.0       r 
 62323.714  30.087  29.954  29.796  5182.42     3631.0    cyan 
 62323.714  30.373  30.236  30.077  4746.48     3631.0   g-P48 
 62323.714  30.411  30.275  30.117  4735.89     3631.0       g 
 62325.728  29.637  29.482  29.348  6629.82     3631.0  orange 
 62325.728    29.7   29.55  29.415  6366.38     3631.0   r-P48 
 62325.728  29.758  29.613  29.474  6198.96     3631.0       r 
 62325.728  30.091  29.958    29.8  5182.42     3631.0    cyan 
 62325.728  30.377   30.24  30.081  4746.48     3631.0   g-P48 
 62325.728  30.416  30.279  30.121  4735.89     3631.0       g 
 62327.741  29.641  29.486  29.352  6629.82     3631.0  orange 
 62327.741  29.704  29.555  29.419  6366.38     3631.0   r-P48 
 62327.741  29.762  29.617  29.478  6198.96     3631.0       r 
 62327.741  30.095  29.963  29.805  5182.42     3631.0    cyan 
 62327.741  30.381  30.244  30.085  4746.48     3631.0   g-P48 
 62327.741   30.42  30.283  30.125  4735.89     3631.0       g 
 62329.755  29.645  29.491  29.356  6629.82     3631.0  orange 
 62329.755  29.709  29.559  29.423  6366.38     3631.0   r-P48 
 62329.755  29.767  29.621  29.482  6198.96     3631.0       r 
 62329.755    30.1  29.967  29.809  5182.42     3631.0    cyan 
 62329.755  30.386  30.249   30.09  4746.48     3631.0   g-P48 
 62329.755  30.424  30.288   30.13  4735.89     3631.0       g 
 62331.769  29.649  29.495   29.36  6629.82     3631.0  orange 
 62331.769  29.713  29.563  29.428  6366.38     3631.0   r-P48 
 62331.769  29.771  29.625  29.486  6198.96     3631.0       r 
 62331.769  30.104  29.971  29.813  5182.42     3631.0    cyan 
 62331.769   30.39  30.253  30.094  4746.48     3631.0   g-P48 
 62331.769  30.428  30.292  30.134  4735.89     3631.0       g 
 62333.782  29.654  29.499  29.365  6629.82     3631.0  orange 
 62333.782  29.717  29.568  29.432  6366.38     3631.0   r-P48 
 62333.782  29.775   29.63  29.491  6198.96     3631.0       r 
 62333.782  30.108  29.976  29.817  5182.42     3631.0    cyan 
 62333.782  30.394  30.257  30.098  4746.48     3631.0   g-P48 
 62333.782  30.433  30.296  30.138  4735.89     3631.0       g 
 62335.796  29.658  29.503  29.369  6629.82     3631.0  orange 
 62335.796  29.721  29.572  29.436  6366.38     3631.0   r-P48 
 62335.796  29.779  29.634  29.495  6198.96     3631.0       r 
 62335.796  30.112   29.98  29.822  5182.42     3631.0    cyan 
 62335.796  30.399  30.262  30.102  4746.48     3631.0   g-P48 
 62335.796  30.437  30.301  30.143  4735.89     3631.0       g 
  62337.81  29.662  29.508  29.373  6629.82     3631.0  orange 
  62337.81  29.726  29.576   29.44  6366.38     3631.0   r-P48 
  62337.81  29.784  29.638  29.499  6198.96     3631.0       r 
  62337.81  30.117  29.984  29.826  5182.42     3631.0    cyan 
  62337.81  30.403  30.266  30.107  4746.48     3631.0   g-P48 
  62337.81  30.441  30.305  30.147  4735.89     3631.0       g 
 62339.823  29.667  29.512  29.378  6629.82     3631.0  orange 
 62339.823   29.73   29.58  29.445  6366.38     3631.0   r-P48 
 62339.823  29.788  29.643  29.503  6198.96     3631.0       r 
 62339.823  30.121  29.988   29.83  5182.42     3631.0    cyan 
 62339.823  30.407   30.27  30.111  4746.48     3631.0   g-P48 
 62339.823  30.446  30.309  30.151  4735.89     3631.0       g 
 62341.837  29.671  29.516  29.382  6629.82     3631.0  orange 
 62341.837  29.734  29.585  29.449  6366.38     3631.0   r-P48 
 62341.837  29.792  29.647  29.508  6198.96     3631.0       r 
 62341.837  30.125  29.993  29.835  5182.42     3631.0    cyan 
 62341.837  30.411  30.274  30.115  4746.48     3631.0   g-P48 
 62341.837   30.45  30.313  30.155  4735.89     3631.0       g 
 62343.851  29.675  29.521  29.386  6629.82     3631.0  orange 
 62343.851  29.739  29.589  29.453  6366.38     3631.0   r-P48 
 62343.851  29.797  29.651  29.512  6198.96     3631.0       r 
 62343.851  30.129  29.997  29.839  5182.42     3631.0    cyan 
 62343.851  30.416  30.279   30.12  4746.48     3631.0   g-P48 
 62343.851  30.454  30.318   30.16  4735.89     3631.0       g 
 62345.864  29.679  29.525   29.39  6629.82     3631.0  orange 
 62345.864  29.743  29.593  29.457  6366.38     3631.0   r-P48 
 62345.864  29.801  29.655  29.516  6198.96     3631.0       r 
 62345.864  30.134  30.001  29.843  5182.42     3631.0    cyan 
 62345.864   30.42  30.283  30.124  4746.48     3631.0   g-P48 
 62345.864  30.458  30.322  30.164  4735.89     3631.0       g 
 62347.878  29.684  29.529  29.394  6629.82     3631.0  orange 
 62347.878  29.747  29.597  29.462  6366.38     3631.0   r-P48 
 62347.878  29.805   29.66   29.52  6198.96     3631.0       r 
 62347.878  30.138  30.006  29.847  5182.42     3631.0    cyan 
 62347.878  30.424  30.287  30.128  4746.48     3631.0   g-P48 
 62347.878  30.463  30.326  30.168  4735.89     3631.0       g 
 62349.892  29.688  29.533  29.399  6629.82     3631.0  orange 
 62349.892  29.751  29.602  29.466  6366.38     3631.0   r-P48 
 62349.892  29.809  29.664  29.525  6198.96     3631.0       r 
 62349.892  30.142   30.01  29.851  5182.42     3631.0    cyan 
 62349.892  30.428  30.291  30.132  4746.48     3631.0   g-P48 
 62349.892  30.467   30.33  30.172  4735.89     3631.0       g 
 62351.905  29.692  29.538  29.403  6629.82     3631.0  orange 
 62351.905  29.756  29.606   29.47  6366.38     3631.0   r-P48 
 62351.905  29.814  29.668  29.529  6198.96     3631.0       r 
 62351.905  30.147  30.014  29.856  5182.42     3631.0    cyan 
 62351.905  30.433  30.296  30.137  4746.48     3631.0   g-P48 
 62351.905  30.471  30.335  30.177  4735.89     3631.0       g 
 62353.919  29.696  29.542  29.407  6629.82     3631.0  orange 
 62353.919   29.76   29.61  29.474  6366.38     3631.0   r-P48 
 62353.919  29.818  29.672  29.533  6198.96     3631.0       r 
 62353.919  30.151  30.018   29.86  5182.42     3631.0    cyan 
 62353.919  30.437    30.3  30.141  4746.48     3631.0   g-P48 
 62353.919  30.475  30.339  30.181  4735.89     3631.0       g 
 62355.933  29.701  29.546  29.411  6629.82     3631.0  orange 
 62355.933  29.764  29.614  29.478  6366.38     3631.0   r-P48 
 62355.933  29.822  29.677  29.537  6198.96     3631.0       r 
 62355.933  30.155  30.023  29.864  5182.42     3631.0    cyan 
 62355.933  30.441  30.304  30.145  4746.48     3631.0   g-P48 
 62355.933   30.48  30.343  30.185  4735.89     3631.0       g 
 62357.946  29.705   29.55  29.416  6629.82     3631.0  orange 
 62357.946  29.768  29.619  29.483  6366.38     3631.0   r-P48 
 62357.946  29.826  29.681  29.542  6198.96     3631.0       r 
 62357.946  30.159  30.027  29.868  5182.42     3631.0    cyan 
 62357.946  30.445  30.308  30.149  4746.48     3631.0   g-P48 
 62357.946  30.484  30.347  30.189  4735.89     3631.0       g 
  62359.96  29.709  29.555   29.42  6629.82     3631.0  orange 
  62359.96  29.773  29.623  29.487  6366.38     3631.0   r-P48 
  62359.96  29.831  29.685  29.546  6198.96     3631.0       r 
  62359.96  30.164  30.031  29.873  5182.42     3631.0    cyan 
  62359.96   30.45  30.313  30.153  4746.48     3631.0   g-P48 
  62359.96  30.488  30.352  30.193  4735.89     3631.0       g 
 62361.974  29.713  29.559  29.424  6629.82     3631.0  orange 
 62361.974  29.777  29.627  29.491  6366.38     3631.0   r-P48 
 62361.974  29.835  29.689   29.55  6198.96     3631.0       r 
 62361.974  30.168  30.035  29.877  5182.42     3631.0    cyan 
 62361.974  30.454  30.317  30.158  4746.48     3631.0   g-P48 
 62361.974  30.492  30.356  30.198  4735.89     3631.0       g 
 62363.987  29.718  29.563  29.428  6629.82     3631.0  orange 
 62363.987  29.781  29.631  29.495  6366.38     3631.0   r-P48 
 62363.987  29.839  29.693  29.554  6198.96     3631.0       r 
 62363.987  30.172  30.039  29.881  5182.42     3631.0    cyan 
 62363.987  30.458  30.321  30.162  4746.48     3631.0   g-P48 
 62363.987  30.497   30.36  30.202  4735.89     3631.0       g 
 62366.001  29.722  29.567  29.432  6629.82     3631.0  orange 
 62366.001  29.785  29.635    29.5  6366.38     3631.0   r-P48 
 62366.001  29.843  29.698  29.558  6198.96     3631.0       r 
 62366.001  30.176  30.044  29.885  5182.42     3631.0    cyan 
 62366.001  30.462  30.325  30.166  4746.48     3631.0   g-P48 
 62366.001  30.501  30.364  30.206  4735.89     3631.0       g 
 62368.015  29.726  29.571  29.437  6629.82     3631.0  orange 
 62368.015  29.789   29.64  29.504  6366.38     3631.0   r-P48 
 62368.015  29.848  29.702  29.563  6198.96     3631.0       r 
 62368.015   30.18  30.048  29.889  5182.42     3631.0    cyan 
 62368.015  30.467  30.329   30.17  4746.48     3631.0   g-P48 
 62368.015  30.505  30.368   30.21  4735.89     3631.0       g 
 62370.028   29.73  29.576  29.441  6629.82     3631.0  orange 
 62370.028  29.794  29.644  29.508  6366.38     3631.0   r-P48 
 62370.028  29.852  29.706  29.567  6198.96     3631.0       r 
 62370.028  30.185  30.052  29.894  5182.42     3631.0    cyan 
 62370.028  30.471  30.334  30.175  4746.48     3631.0   g-P48 
 62370.028  30.509  30.373  30.214  4735.89     3631.0       g 
 62372.042  29.735   29.58  29.445  6629.82     3631.0  orange 
 62372.042  29.798  29.648  29.512  6366.38     3631.0   r-P48 
 62372.042  29.856   29.71  29.571  6198.96     3631.0       r 
 62372.042  30.189  30.056  29.898  5182.42     3631.0    cyan 
 62372.042  30.475  30.338  30.179  4746.48     3631.0   g-P48 
 62372.042  30.513  30.377  30.219  4735.89     3631.0       g 
 62374.056  29.739  29.584  29.449  6629.82     3631.0  orange 
 62374.056  29.802  29.652  29.516  6366.38     3631.0   r-P48 
 62374.056   29.86  29.714  29.575  6198.96     3631.0       r 
 62374.056  30.193  30.061  29.902  5182.42     3631.0    cyan 
 62374.056  30.479  30.342  30.183  4746.48     3631.0   g-P48 
 62374.056  30.518  30.381  30.223  4735.89     3631.0       g 
 62376.069  29.743  29.588  29.453  6629.82     3631.0  orange 
 62376.069  29.806  29.656   29.52  6366.38     3631.0   r-P48 
 62376.069  29.864  29.719  29.579  6198.96     3631.0       r 
 62376.069  30.197  30.065  29.906  5182.42     3631.0    cyan 
 62376.069  30.483  30.346  30.187  4746.48     3631.0   g-P48 
 62376.069  30.522  30.385  30.227  4735.89     3631.0       g 
 62378.083  29.747  29.592  29.458  6629.82     3631.0  orange 
 62378.083  29.811  29.661  29.525  6366.38     3631.0   r-P48 
 62378.083  29.869  29.723  29.584  6198.96     3631.0       r 
 62378.083  30.201  30.069   29.91  5182.42     3631.0    cyan 
 62378.083  30.488   30.35  30.191  4746.48     3631.0   g-P48 
 62378.083  30.526  30.389  30.231  4735.89     3631.0       g 
 62380.097  29.751  29.597  29.462  6629.82     3631.0  orange 
 62380.097  29.815  29.665  29.529  6366.38     3631.0   r-P48 
 62380.097  29.873  29.727  29.588  6198.96     3631.0       r 
 62380.097  30.206  30.073  29.915  5182.42     3631.0    cyan 
 62380.097  30.492  30.355  30.196  4746.48     3631.0   g-P48 
 62380.097   30.53  30.394  30.235  4735.89     3631.0       g 
  62382.11  29.756  29.601  29.466  6629.82     3631.0  orange 
  62382.11  29.819  29.669  29.533  6366.38     3631.0   r-P48 
  62382.11  29.877  29.731  29.592  6198.96     3631.0       r 
  62382.11   30.21  30.077  29.919  5182.42     3631.0    cyan 
  62382.11  30.496  30.359    30.2  4746.48     3631.0   g-P48 
  62382.11  30.534  30.398   30.24  4735.89     3631.0       g 
 62384.124   29.76  29.605   29.47  6629.82     3631.0  orange 
 62384.124  29.823  29.673  29.537  6366.38     3631.0   r-P48 
 62384.124  29.881  29.735  29.596  6198.96     3631.0       r 
 62384.124  30.214  30.081  29.923  5182.42     3631.0    cyan 
 62384.124    30.5  30.363  30.204  4746.48     3631.0   g-P48 
 62384.124  30.539  30.402  30.244  4735.89     3631.0       g 
 62386.137  29.764  29.609  29.474  6629.82     3631.0  orange 
 62386.137  29.827  29.677  29.541  6366.38     3631.0   r-P48 
 62386.137  29.885   29.74    29.6  6198.96     3631.0       r 
 62386.137  30.218  30.086  29.927  5182.42     3631.0    cyan 
 62386.137  30.504  30.367  30.208  4746.48     3631.0   g-P48 
 62386.137  30.543  30.406  30.248  4735.89     3631.0       g 
 62388.151  29.768  29.613  29.478  6629.82     3631.0  orange 
 62388.151  29.832  29.682  29.545  6366.38     3631.0   r-P48 
 62388.151   29.89  29.744  29.604  6198.96     3631.0       r 
 62388.151  30.222   30.09  29.931  5182.42     3631.0    cyan 
 62388.151  30.509  30.371  30.212  4746.48     3631.0   g-P48 
 62388.151  30.547   30.41  30.252  4735.89     3631.0       g 
 62390.165  29.772  29.617  29.483  6629.82     3631.0  orange 
 62390.165  29.836  29.686   29.55  6366.38     3631.0   r-P48 
 62390.165  29.894  29.748  29.609  6198.96     3631.0       r 
 62390.165  30.227  30.094  29.935  5182.42     3631.0    cyan 
 62390.165  30.513  30.375  30.216  4746.48     3631.0   g-P48 
 62390.165  30.551  30.415  30.256  4735.89     3631.0       g 
 62392.178  29.776  29.622  29.487  6629.82     3631.0  orange 
 62392.178   29.84   29.69  29.554  6366.38     3631.0   r-P48 
 62392.178  29.898  29.752  29.613  6198.96     3631.0       r 
 62392.178  30.231  30.098   29.94  5182.42     3631.0    cyan 
 62392.178  30.517   30.38  30.221  4746.48     3631.0   g-P48 
 62392.178  30.555  30.419   30.26  4735.89     3631.0       g 
 62394.192  29.781  29.626  29.491  6629.82     3631.0  orange 
 62394.192  29.844  29.694  29.558  6366.38     3631.0   r-P48 
 62394.192  29.902  29.756  29.617  6198.96     3631.0       r 
 62394.192  30.235  30.102  29.944  5182.42     3631.0    cyan 
 62394.192  30.521  30.384  30.225  4746.48     3631.0   g-P48 
 62394.192  30.559  30.423  30.264  4735.89     3631.0       g 
 62396.206  29.785   29.63  29.495  6629.82     3631.0  orange 
 62396.206  29.848  29.698  29.562  6366.38     3631.0   r-P48 
 62396.206  29.906   29.76  29.621  6198.96     3631.0       r 
 62396.206  30.239  30.107  29.948  5182.42     3631.0    cyan 
 62396.206  30.525  30.388  30.229  4746.48     3631.0   g-P48 
 62396.206  30.564  30.427  30.269  4735.89     3631.0       g 
 62398.219  29.789  29.634  29.499  6629.82     3631.0  orange 
 62398.219  29.852  29.702  29.566  6366.38     3631.0   r-P48 
 62398.219   29.91  29.764  29.625  6198.96     3631.0       r 
 62398.219  30.243  30.111  29.952  5182.42     3631.0    cyan 
 62398.219  30.529  30.392  30.233  4746.48     3631.0   g-P48 
 62398.219  30.568  30.431  30.273  4735.89     3631.0       g 
 62400.233  29.793  29.638  29.503  6629.82     3631.0  orange 
 62400.233  29.857  29.706   29.57  6366.38     3631.0   r-P48 
 62400.233  29.915  29.769  29.629  6198.96     3631.0       r 
 62400.233  30.247  30.115  29.956  5182.42     3631.0    cyan 
 62400.233  30.534  30.396  30.237  4746.48     3631.0   g-P48 
 62400.233  30.572  30.435  30.277  4735.89     3631.0       g 
 62402.247  29.797  29.642  29.507  6629.82     3631.0  orange 
 62402.247  29.861  29.711  29.574  6366.38     3631.0   r-P48 
 62402.247  29.919  29.773  29.633  6198.96     3631.0       r 
 62402.247  30.252  30.119   29.96  5182.42     3631.0    cyan 
 62402.247  30.538    30.4  30.241  4746.48     3631.0   g-P48 
 62402.247  30.576  30.439  30.281  4735.89     3631.0       g 
  62404.26  29.801  29.647  29.512  6629.82     3631.0  orange 
  62404.26  29.865  29.715  29.579  6366.38     3631.0   r-P48 
  62404.26  29.923  29.777  29.638  6198.96     3631.0       r 
  62404.26  30.256  30.123  29.964  5182.42     3631.0    cyan 
  62404.26  30.542  30.405  30.245  4746.48     3631.0   g-P48 
  62404.26   30.58  30.444  30.285  4735.89     3631.0       g 
 62406.274  29.806  29.651  29.516  6629.82     3631.0  orange 
 62406.274  29.869  29.719  29.583  6366.38     3631.0   r-P48 
 62406.274  29.927  29.781  29.642  6198.96     3631.0       r 
 62406.274   30.26  30.127  29.969  5182.42     3631.0    cyan 
 62406.274  30.546  30.409   30.25  4746.48     3631.0   g-P48 
 62406.274  30.584  30.448  30.289  4735.89     3631.0       g 
 62408.288   29.81  29.655   29.52  6629.82     3631.0  orange 
 62408.288  29.873  29.723  29.587  6366.38     3631.0   r-P48 
 62408.288  29.931  29.785  29.646  6198.96     3631.0       r 
 62408.288  30.264  30.131  29.973  5182.42     3631.0    cyan 
 62408.288   30.55  30.413  30.254  4746.48     3631.0   g-P48 
 62408.288  30.588  30.452  30.293  4735.89     3631.0       g 
 62410.301  29.814  29.659  29.524  6629.82     3631.0  orange 
 62410.301  29.877  29.727  29.591  6366.38     3631.0   r-P48 
 62410.301  29.935  29.789   29.65  6198.96     3631.0       r 
 62410.301  30.268  30.136  29.977  5182.42     3631.0    cyan 
 62410.301  30.554  30.417  30.258  4746.48     3631.0   g-P48 
 62410.301  30.593  30.456  30.298  4735.89     3631.0       g 
 62412.315  29.818  29.663  29.528  6629.82     3631.0  orange 
 62412.315  29.881  29.731  29.595  6366.38     3631.0   r-P48 
 62412.315  29.939  29.793  29.654  6198.96     3631.0       r 
 62412.315  30.272   30.14  29.981  5182.42     3631.0    cyan 
 62412.315  30.558  30.421  30.262  4746.48     3631.0   g-P48 
 62412.315  30.597   30.46  30.302  4735.89     3631.0       g 
 62414.329  29.822  29.667  29.532  6629.82     3631.0  orange 
 62414.329  29.886  29.735  29.599  6366.38     3631.0   r-P48 
 62414.329  29.944  29.797  29.658  6198.96     3631.0       r 
 62414.329  30.276  30.144  29.985  5182.42     3631.0    cyan 
 62414.329  30.562  30.425  30.266  4746.48     3631.0   g-P48 
 62414.329  30.601  30.464  30.306  4735.89     3631.0       g 
 62416.342  29.826  29.671  29.536  6629.82     3631.0  orange 
 62416.342   29.89  29.739  29.603  6366.38     3631.0   r-P48 
 62416.342  29.948  29.802  29.662  6198.96     3631.0       r 
 62416.342   30.28  30.148  29.989  5182.42     3631.0    cyan 
 62416.342  30.567  30.429   30.27  4746.48     3631.0   g-P48 
 62416.342  30.605  30.468   30.31  4735.89     3631.0       g 
 62418.356   29.83  29.675   29.54  6629.82     3631.0  orange 
 62418.356  29.894  29.744  29.607  6366.38     3631.0   r-P48 
 62418.356  29.952  29.806  29.666  6198.96     3631.0       r 
 62418.356  30.285  30.152  29.993  5182.42     3631.0    cyan 
 62418.356  30.571  30.433  30.274  4746.48     3631.0   g-P48 
 62418.356  30.609  30.472  30.314  4735.89     3631.0       g 
  62420.37  29.835   29.68  29.544  6629.82     3631.0  orange 
  62420.37  29.898  29.748  29.611  6366.38     3631.0   r-P48 
  62420.37  29.956   29.81  29.671  6198.96     3631.0       r 
  62420.37  30.289  30.156  29.997  5182.42     3631.0    cyan 
  62420.37  30.575  30.438  30.278  4746.48     3631.0   g-P48 
  62420.37  30.613  30.477  30.318  4735.89     3631.0       g 
 62422.383  29.839  29.684  29.549  6629.82     3631.0  orange 
 62422.383  29.902  29.752  29.616  6366.38     3631.0   r-P48 
 62422.383   29.96  29.814  29.675  6198.96     3631.0       r 
 62422.383  30.293   30.16  30.001  5182.42     3631.0    cyan 
 62422.383  30.579  30.442  30.282  4746.48     3631.0   g-P48 
 62422.383  30.617  30.481  30.322  4735.89     3631.0       g 
 62424.397  29.843  29.688  29.553  6629.82     3631.0  orange 
 62424.397  29.906  29.756   29.62  6366.38     3631.0   r-P48 
 62424.397  29.964  29.818  29.679  6198.96     3631.0       r 
 62424.397  30.297  30.164  30.006  5182.42     3631.0    cyan 
 62424.397  30.583  30.446  30.286  4746.48     3631.0   g-P48 
 62424.397  30.621  30.485  30.326  4735.89     3631.0       g 
 62426.411  29.847  29.692  29.557  6629.82     3631.0  orange 
 62426.411   29.91   29.76  29.624  6366.38     3631.0   r-P48 
 62426.411  29.968  29.822  29.683  6198.96     3631.0       r 
 62426.411  30.301  30.168   30.01  5182.42     3631.0    cyan 
 62426.411  30.587   30.45  30.291  4746.48     3631.0   g-P48 
 62426.411  30.626  30.489   30.33  4735.89     3631.0       g 
 62428.424  29.851  29.696  29.561  6629.82     3631.0  orange 
 62428.424  29.914  29.764  29.628  6366.38     3631.0   r-P48 
 62428.424  29.972  29.826  29.687  6198.96     3631.0       r 
 62428.424  30.305  30.173  30.014  5182.42     3631.0    cyan 
 62428.424  30.591  30.454  30.295  4746.48     3631.0   g-P48 
 62428.424   30.63  30.493  30.334  4735.89     3631.0       g 
 62430.438  29.855    29.7  29.565  6629.82     3631.0  orange 
 62430.438  29.918  29.768  29.632  6366.38     3631.0   r-P48 
 62430.438  29.977   29.83  29.691  6198.96     3631.0       r 
 62430.438  30.309  30.177  30.018  5182.42     3631.0    cyan 
 62430.438  30.595  30.458  30.299  4746.48     3631.0   g-P48 
 62430.438  30.634  30.497  30.339  4735.89     3631.0       g 
 62432.452  29.859  29.704  29.569  6629.82     3631.0  orange 
 62432.452  29.923  29.772  29.636  6366.38     3631.0   r-P48 
 62432.452  29.981  29.834  29.695  6198.96     3631.0       r 
 62432.452  30.313  30.181  30.022  5182.42     3631.0    cyan 
 62432.452  30.599  30.462  30.303  4746.48     3631.0   g-P48 
 62432.452  30.638  30.501  30.343  4735.89     3631.0       g 
 62434.465  29.863  29.708  29.573  6629.82     3631.0  orange 
 62434.465  29.927  29.776   29.64  6366.38     3631.0   r-P48 
 62434.465  29.985  29.838  29.699  6198.96     3631.0       r 
 62434.465  30.317  30.185  30.026  5182.42     3631.0    cyan 
 62434.465  30.604  30.466  30.307  4746.48     3631.0   g-P48 
 62434.465  30.642  30.505  30.347  4735.89     3631.0       g 
 62436.479  29.867  29.712  29.577  6629.82     3631.0  orange 
 62436.479  29.931   29.78  29.644  6366.38     3631.0   r-P48 
 62436.479  29.989  29.843  29.703  6198.96     3631.0       r 
 62436.479  30.322  30.189   30.03  5182.42     3631.0    cyan 
 62436.479  30.608   30.47  30.311  4746.48     3631.0   g-P48 
 62436.479  30.646  30.509  30.351  4735.89     3631.0       g 
 62438.493  29.871  29.716  29.581  6629.82     3631.0  orange 
 62438.493  29.935  29.784  29.648  6366.38     3631.0   r-P48 
 62438.493  29.993  29.847  29.707  6198.96     3631.0       r 
 62438.493  30.326  30.193  30.034  5182.42     3631.0    cyan 
 62438.493  30.612  30.474  30.315  4746.48     3631.0   g-P48 
 62438.493   30.65  30.513  30.355  4735.89     3631.0       g 
 62440.506  29.875   29.72  29.585  6629.82     3631.0  orange 
 62440.506  29.939  29.788  29.652  6366.38     3631.0   r-P48 
 62440.506  29.997  29.851  29.711  6198.96     3631.0       r 
 62440.506   30.33  30.197  30.038  5182.42     3631.0    cyan 
 62440.506  30.616  30.478  30.319  4746.48     3631.0   g-P48 
 62440.506  30.654  30.517  30.359  4735.89     3631.0       g 
  62442.52   29.88  29.725  29.589  6629.82     3631.0  orange 
  62442.52  29.943  29.793  29.656  6366.38     3631.0   r-P48 
  62442.52  30.001  29.855  29.715  6198.96     3631.0       r 
  62442.52  30.334  30.201  30.042  5182.42     3631.0    cyan 
  62442.52   30.62  30.482  30.323  4746.48     3631.0   g-P48 
  62442.52  30.658  30.522  30.363  4735.89     3631.0       g 
 62444.534  29.884  29.729  29.593  6629.82     3631.0  orange 
 62444.534  29.947  29.797   29.66  6366.38     3631.0   r-P48 
 62444.534  30.005  29.859  29.719  6198.96     3631.0       r 
 62444.534  30.338  30.205  30.046  5182.42     3631.0    cyan 
 62444.534  30.624  30.487  30.327  4746.48     3631.0   g-P48 
 62444.534  30.662  30.526  30.367  4735.89     3631.0       g 
 62446.547  29.888  29.733  29.597  6629.82     3631.0  orange 
 62446.547  29.951  29.801  29.664  6366.38     3631.0   r-P48 
 62446.547  30.009  29.863  29.723  6198.96     3631.0       r 
 62446.547  30.342  30.209   30.05  5182.42     3631.0    cyan 
 62446.547  30.628  30.491  30.331  4746.48     3631.0   g-P48 
 62446.547  30.666   30.53  30.371  4735.89     3631.0       g 
 62448.561  29.892  29.737  29.601  6629.82     3631.0  orange 
 62448.561  29.955  29.805  29.668  6366.38     3631.0   r-P48 
 62448.561  30.013  29.867  29.728  6198.96     3631.0       r 
 62448.561  30.346  30.213  30.054  5182.42     3631.0    cyan 
 62448.561  30.632  30.495  30.335  4746.48     3631.0   g-P48 
 62448.561   30.67  30.534  30.375  4735.89     3631.0       g 
 62450.575  29.896  29.741  29.605  6629.82     3631.0  orange 
 62450.575  29.959  29.809  29.672  6366.38     3631.0   r-P48 
 62450.575  30.017  29.871  29.732  6198.96     3631.0       r 
 62450.575   30.35  30.217  30.058  5182.42     3631.0    cyan 
 62450.575  30.636  30.499  30.339  4746.48     3631.0   g-P48 
 62450.575  30.674  30.538  30.379  4735.89     3631.0       g 
 62452.588    29.9  29.745  29.609  6629.82     3631.0  orange 
 62452.588  29.963  29.813  29.676  6366.38     3631.0   r-P48 
 62452.588  30.021  29.875  29.736  6198.96     3631.0       r 
 62452.588  30.354  30.221  30.062  5182.42     3631.0    cyan 
 62452.588   30.64  30.503  30.343  4746.48     3631.0   g-P48 
 62452.588  30.679  30.542  30.383  4735.89     3631.0       g 
 62454.602  29.904  29.749  29.613  6629.82     3631.0  orange 
 62454.602  29.967  29.817   29.68  6366.38     3631.0   r-P48 
 62454.602  30.025  29.879   29.74  6198.96     3631.0       r 
 62454.602  30.358  30.225  30.066  5182.42     3631.0    cyan 
 62454.602  30.644  30.507  30.347  4746.48     3631.0   g-P48 
 62454.602  30.683  30.546  30.387  4735.89     3631.0       g 
 62456.616  29.908  29.753  29.618  6629.82     3631.0  orange 
 62456.616  29.971  29.821  29.684  6366.38     3631.0   r-P48 
 62456.616  30.029  29.883  29.744  6198.96     3631.0       r 
 62456.616  30.362  30.229   30.07  5182.42     3631.0    cyan 
 62456.616  30.648  30.511  30.351  4746.48     3631.0   g-P48 
 62456.616  30.687   30.55  30.391  4735.89     3631.0       g 
 62458.629  29.912  29.757  29.622  6629.82     3631.0  orange 
 62458.629  29.975  29.825  29.688  6366.38     3631.0   r-P48 
 62458.629  30.034  29.887  29.748  6198.96     3631.0       r 
 62458.629  30.366  30.234  30.074  5182.42     3631.0    cyan 
 62458.629  30.652  30.515  30.355  4746.48     3631.0   g-P48 
 62458.629  30.691  30.554  30.395  4735.89     3631.0       g 
 62460.643  29.916  29.761  29.626  6629.82     3631.0  orange 
 62460.643  29.979  29.829  29.692  6366.38     3631.0   r-P48 
 62460.643  30.038  29.891  29.752  6198.96     3631.0       r 
 62460.643   30.37  30.238  30.078  5182.42     3631.0    cyan 
 62460.643  30.656  30.519  30.359  4746.48     3631.0   g-P48 
 62460.643  30.695  30.558  30.399  4735.89     3631.0       g 
 62462.657   29.92  29.765   29.63  6629.82     3631.0  orange 
 62462.657  29.984  29.833  29.696  6366.38     3631.0   r-P48 
 62462.657  30.042  29.895  29.756  6198.96     3631.0       r 
 62462.657  30.374  30.242  30.083  5182.42     3631.0    cyan 
 62462.657   30.66  30.523  30.363  4746.48     3631.0   g-P48 
 62462.657  30.699  30.562  30.403  4735.89     3631.0       g 
  62464.67  29.924  29.769  29.634  6629.82     3631.0  orange 
  62464.67  29.988  29.837    29.7  6366.38     3631.0   r-P48 
  62464.67  30.046  29.899   29.76  6198.96     3631.0       r 
  62464.67  30.378  30.246  30.087  5182.42     3631.0    cyan 
  62464.67  30.664  30.527  30.367  4746.48     3631.0   g-P48 
  62464.67  30.703  30.566  30.407  4735.89     3631.0       g 
 62466.684  29.928  29.773  29.638  6629.82     3631.0  orange 
 62466.684  29.992  29.841  29.705  6366.38     3631.0   r-P48 
 62466.684   30.05  29.903  29.764  6198.96     3631.0       r 
 62466.684  30.382   30.25  30.091  5182.42     3631.0    cyan 
 62466.684  30.668  30.531  30.371  4746.48     3631.0   g-P48 
 62466.684  30.707   30.57  30.411  4735.89     3631.0       g 
 62468.698  29.932  29.777  29.642  6629.82     3631.0  orange 
 62468.698  29.996  29.845  29.709  6366.38     3631.0   r-P48 
 62468.698  30.054  29.907  29.768  6198.96     3631.0       r 
 62468.698  30.386  30.254  30.095  5182.42     3631.0    cyan 
 62468.698  30.672  30.535  30.375  4746.48     3631.0   g-P48 
 62468.698  30.711  30.574  30.415  4735.89     3631.0       g 
 62470.711  29.936  29.781  29.646  6629.82     3631.0  orange 
 62470.711    30.0  29.849  29.713  6366.38     3631.0   r-P48 
 62470.711  30.058  29.911  29.772  6198.96     3631.0       r 
 62470.711   30.39  30.258  30.099  5182.42     3631.0    cyan 
 62470.711  30.676  30.539  30.379  4746.48     3631.0   g-P48 
 62470.711  30.715  30.578  30.419  4735.89     3631.0       g 
 62472.725   29.94  29.785   29.65  6629.82     3631.0  orange 
 62472.725  30.004  29.853  29.716  6366.38     3631.0   r-P48 
 62472.725  30.062  29.915  29.776  6198.96     3631.0       r 
 62472.725  30.394  30.262  30.103  5182.42     3631.0    cyan 
 62472.725   30.68  30.543  30.383  4746.48     3631.0   g-P48 
 62472.725  30.719  30.582  30.423  4735.89     3631.0       g 
 62474.739  29.944  29.789  29.654  6629.82     3631.0  orange 
 62474.739  30.008  29.857   29.72  6366.38     3631.0   r-P48 
 62474.739  30.066  29.919   29.78  6198.96     3631.0       r 
 62474.739  30.398  30.266  30.107  5182.42     3631.0    cyan 
 62474.739  30.684  30.547  30.387  4746.48     3631.0   g-P48 
 62474.739  30.723  30.586  30.427  4735.89     3631.0       g 
 62476.752  29.948  29.793  29.658  6629.82     3631.0  orange 
 62476.752  30.012  29.861  29.724  6366.38     3631.0   r-P48 
 62476.752   30.07  29.923  29.784  6198.96     3631.0       r 
 62476.752  30.402   30.27  30.111  5182.42     3631.0    cyan 
 62476.752  30.688  30.551  30.391  4746.48     3631.0   g-P48 
 62476.752  30.727   30.59  30.431  4735.89     3631.0       g 
 62478.766  29.952  29.797  29.662  6629.82     3631.0  orange 
 62478.766  30.016  29.865  29.728  6366.38     3631.0   r-P48 
 62478.766  30.074  29.927  29.788  6198.96     3631.0       r 
 62478.766  30.406  30.274  30.115  5182.42     3631.0    cyan 
 62478.766  30.692  30.555  30.395  4746.48     3631.0   g-P48 
 62478.766  30.731  30.594  30.435  4735.89     3631.0       g 
  62480.78  29.956  29.801  29.666  6629.82     3631.0  orange 
  62480.78   30.02  29.869  29.732  6366.38     3631.0   r-P48 
  62480.78  30.078  29.931  29.792  6198.96     3631.0       r 
  62480.78   30.41  30.278  30.119  5182.42     3631.0    cyan 
  62480.78  30.696  30.559  30.399  4746.48     3631.0   g-P48 
  62480.78  30.735  30.598  30.439  4735.89     3631.0       g 
 62482.793   29.96  29.805   29.67  6629.82     3631.0  orange 
 62482.793  30.024  29.873  29.736  6366.38     3631.0   r-P48 
 62482.793  30.082  29.935  29.796  6198.96     3631.0       r 
 62482.793  30.414  30.282  30.123  5182.42     3631.0    cyan 
 62482.793    30.7  30.563  30.403  4746.48     3631.0   g-P48 
 62482.793  30.739  30.602  30.443  4735.89     3631.0       g 
 62484.807  29.964  29.809  29.674  6629.82     3631.0  orange 
 62484.807  30.028  29.877   29.74  6366.38     3631.0   r-P48 
 62484.807  30.086  29.939    29.8  6198.96     3631.0       r 
 62484.807  30.418  30.286  30.126  5182.42     3631.0    cyan 
 62484.807  30.704  30.567  30.407  4746.48     3631.0   g-P48 
 62484.807  30.743  30.606  30.447  4735.89     3631.0       g 
 62486.821  29.968  29.813  29.677  6629.82     3631.0  orange 
 62486.821  30.032  29.881  29.744  6366.38     3631.0   r-P48 
 62486.821   30.09  29.943  29.804  6198.96     3631.0       r 
 62486.821  30.422   30.29   30.13  5182.42     3631.0    cyan 
 62486.821  30.708  30.571  30.411  4746.48     3631.0   g-P48 
 62486.821  30.747   30.61  30.451  4735.89     3631.0       g 
 62488.834  29.972  29.817  29.681  6629.82     3631.0  orange 
 62488.834  30.036  29.885  29.748  6366.38     3631.0   r-P48 
 62488.834  30.094  29.947  29.808  6198.96     3631.0       r 
 62488.834  30.426  30.294  30.134  5182.42     3631.0    cyan 
 62488.834  30.712  30.575  30.415  4746.48     3631.0   g-P48 
 62488.834  30.751  30.614  30.455  4735.89     3631.0       g 
 62490.848  29.976  29.821  29.685  6629.82     3631.0  orange 
 62490.848   30.04  29.889  29.752  6366.38     3631.0   r-P48 
 62490.848  30.098  29.951  29.812  6198.96     3631.0       r 
 62490.848   30.43  30.298  30.138  5182.42     3631.0    cyan 
 62490.848  30.716  30.579  30.419  4746.48     3631.0   g-P48 
 62490.848  30.755  30.618  30.459  4735.89     3631.0       g 
 62492.861   29.98  29.825  29.689  6629.82     3631.0  orange 
 62492.861  30.044  29.893  29.756  6366.38     3631.0   r-P48 
 62492.861  30.102  29.955  29.816  6198.96     3631.0       r 
 62492.861  30.434  30.302  30.142  5182.42     3631.0    cyan 
 62492.861   30.72  30.583  30.423  4746.48     3631.0   g-P48 
 62492.861  30.759  30.622  30.463  4735.89     3631.0       g 
 62494.875  29.984  29.829  29.693  6629.82     3631.0  orange 
 62494.875  30.048  29.897   29.76  6366.38     3631.0   r-P48 
 62494.875  30.106  29.959   29.82  6198.96     3631.0       r 
 62494.875  30.438  30.306  30.146  5182.42     3631.0    cyan 
 62494.875  30.724  30.587  30.427  4746.48     3631.0   g-P48 
 62494.875  30.763  30.626  30.467  4735.89     3631.0       g 
 62496.889  29.988  29.833  29.697  6629.82     3631.0  orange 
 62496.889  30.052  29.901  29.764  6366.38     3631.0   r-P48 
 62496.889   30.11  29.963  29.823  6198.96     3631.0       r 
 62496.889  30.442   30.31   30.15  5182.42     3631.0    cyan 
 62496.889  30.728  30.591  30.431  4746.48     3631.0   g-P48 
 62496.889  30.767   30.63  30.471  4735.89     3631.0       g 
 62498.902  29.992  29.837  29.701  6629.82     3631.0  orange 
 62498.902  30.056  29.905  29.768  6366.38     3631.0   r-P48 
 62498.902  30.114  29.967  29.827  6198.96     3631.0       r 
 62498.902  30.446  30.314  30.154  5182.42     3631.0    cyan 
 62498.902  30.732  30.595  30.435  4746.48     3631.0   g-P48 
 62498.902  30.771  30.634  30.475  4735.89     3631.0       g 
 62500.916  29.996  29.841  29.705  6629.82     3631.0  orange 
 62500.916   30.06  29.909  29.772  6366.38     3631.0   r-P48 
 62500.916  30.118  29.971  29.831  6198.96     3631.0       r 
 62500.916   30.45  30.317  30.158  5182.42     3631.0    cyan 
 62500.916  30.736  30.599  30.439  4746.48     3631.0   g-P48 
 62500.916  30.775  30.638  30.479  4735.89     3631.0       g 
  62502.93    30.0  29.845  29.709  6629.82     3631.0  orange 
  62502.93  30.064  29.913  29.776  6366.38     3631.0   r-P48 
  62502.93  30.122  29.975  29.835  6198.96     3631.0       r 
  62502.93  30.454  30.321  30.162  5182.42     3631.0    cyan 
  62502.93   30.74  30.603  30.443  4746.48     3631.0   g-P48 
  62502.93  30.779  30.642  30.483  4735.89     3631.0       g 
 62504.943  30.004  29.849  29.713  6629.82     3631.0  orange 
 62504.943  30.068  29.917   29.78  6366.38     3631.0   r-P48 
 62504.943  30.126  29.979  29.839  6198.96     3631.0       r 
 62504.943  30.458  30.325  30.166  5182.42     3631.0    cyan 
 62504.943  30.744  30.607  30.447  4746.48     3631.0   g-P48 
 62504.943  30.783  30.646  30.487  4735.89     3631.0       g 
 62506.957  30.008  29.853  29.717  6629.82     3631.0  orange 
 62506.957  30.071  29.921  29.784  6366.38     3631.0   r-P48 
 62506.957   30.13  29.983  29.843  6198.96     3631.0       r 
 62506.957  30.462  30.329   30.17  5182.42     3631.0    cyan 
 62506.957  30.748  30.611  30.451  4746.48     3631.0   g-P48 
 62506.957  30.787   30.65  30.491  4735.89     3631.0       g 
 62508.971  30.012  29.857  29.721  6629.82     3631.0  orange 
 62508.971  30.075  29.925  29.788  6366.38     3631.0   r-P48 
 62508.971  30.133  29.987  29.847  6198.96     3631.0       r 
 62508.971  30.466  30.333  30.174  5182.42     3631.0    cyan 
 62508.971  30.752  30.615  30.455  4746.48     3631.0   g-P48 
 62508.971  30.791  30.654  30.495  4735.89     3631.0       g 
 62510.984  30.016  29.861  29.725  6629.82     3631.0  orange 
 62510.984  30.079  29.928  29.792  6366.38     3631.0   r-P48 
 62510.984  30.137  29.991  29.851  6198.96     3631.0       r 
 62510.984   30.47  30.337  30.178  5182.42     3631.0    cyan 
 62510.984  30.756  30.619  30.459  4746.48     3631.0   g-P48 
 62510.984  30.794  30.658  30.499  4735.89     3631.0       g 
 62512.998   30.02  29.865  29.729  6629.82     3631.0  orange 
 62512.998  30.083  29.932  29.796  6366.38     3631.0   r-P48 
 62512.998  30.141  29.995  29.855  6198.96     3631.0       r 
 62512.998  30.474  30.341  30.182  5182.42     3631.0    cyan 
 62512.998   30.76  30.622  30.463  4746.48     3631.0   g-P48 
 62512.998  30.798  30.662  30.503  4735.89     3631.0       g 
 62515.012  30.024  29.869  29.733  6629.82     3631.0  orange 
 62515.012  30.087  29.936    29.8  6366.38     3631.0   r-P48 
 62515.012  30.145  29.998  29.859  6198.96     3631.0       r 
 62515.012  30.478  30.345  30.186  5182.42     3631.0    cyan 
 62515.012  30.764  30.626  30.467  4746.48     3631.0   g-P48 
 62515.012  30.802  30.665  30.506  4735.89     3631.0       g 
 62517.025  30.028  29.872  29.737  6629.82     3631.0  orange 
 62517.025  30.091   29.94  29.803  6366.38     3631.0   r-P48 
 62517.025  30.149  30.002  29.863  6198.96     3631.0       r 
 62517.025  30.482  30.349   30.19  5182.42     3631.0    cyan 
 62517.025  30.768   30.63   30.47  4746.48     3631.0   g-P48 
 62517.025  30.806  30.669   30.51  4735.89     3631.0       g 
 62519.039  30.032  29.876  29.741  6629.82     3631.0  orange 
 62519.039  30.095  29.944  29.807  6366.38     3631.0   r-P48 
 62519.039  30.153  30.006  29.867  6198.96     3631.0       r 
 62519.039  30.486  30.353  30.194  5182.42     3631.0    cyan 
 62519.039  30.772  30.634  30.474  4746.48     3631.0   g-P48 
 62519.039   30.81  30.673  30.514  4735.89     3631.0       g 
 62521.053  30.036   29.88  29.744  6629.82     3631.0  orange 
 62521.053  30.099  29.948  29.811  6366.38     3631.0   r-P48 
 62521.053  30.157   30.01  29.871  6198.96     3631.0       r 
 62521.053   30.49  30.357  30.197  5182.42     3631.0    cyan 
 62521.053  30.776  30.638  30.478  4746.48     3631.0   g-P48 
 62521.053  30.814  30.677  30.518  4735.89     3631.0       g 
 62523.066   30.04  29.884  29.748  6629.82     3631.0  orange 
 62523.066  30.103  29.952  29.815  6366.38     3631.0   r-P48 
 62523.066  30.161  30.014  29.875  6198.96     3631.0       r 
 62523.066  30.494  30.361  30.201  5182.42     3631.0    cyan 
 62523.066   30.78  30.642  30.482  4746.48     3631.0   g-P48 
 62523.066  30.818  30.681  30.522  4735.89     3631.0       g 
  62525.08  30.044  29.888  29.752  6629.82     3631.0  orange 
  62525.08  30.107  29.956  29.819  6366.38     3631.0   r-P48 
  62525.08  30.165  30.018  29.879  6198.96     3631.0       r 
  62525.08  30.498  30.365  30.205  5182.42     3631.0    cyan 
  62525.08  30.784  30.646  30.486  4746.48     3631.0   g-P48 
  62525.08  30.822  30.685  30.526  4735.89     3631.0       g 
 62527.094  30.047  29.892  29.756  6629.82     3631.0  orange 
 62527.094  30.111   29.96  29.823  6366.38     3631.0   r-P48 
 62527.094  30.169  30.022  29.882  6198.96     3631.0       r 
 62527.094  30.502  30.369  30.209  5182.42     3631.0    cyan 
 62527.094  30.788   30.65   30.49  4746.48     3631.0   g-P48 
 62527.094  30.826  30.689   30.53  4735.89     3631.0       g 
 62529.107  30.051  29.896   29.76  6629.82     3631.0  orange 
 62529.107  30.115  29.964  29.827  6366.38     3631.0   r-P48 
 62529.107  30.173  30.026  29.886  6198.96     3631.0       r 
 62529.107  30.505  30.373  30.213  5182.42     3631.0    cyan 
 62529.107  30.791  30.654  30.494  4746.48     3631.0   g-P48 
 62529.107   30.83  30.693  30.534  4735.89     3631.0       g 
 62531.121  30.055    29.9  29.764  6629.82     3631.0  orange 
 62531.121  30.119  29.968  29.831  6366.38     3631.0   r-P48 
 62531.121  30.177   30.03   29.89  6198.96     3631.0       r 
 62531.121  30.509  30.377  30.217  5182.42     3631.0    cyan 
 62531.121  30.795  30.658  30.498  4746.48     3631.0   g-P48 
 62531.121  30.834  30.697  30.538  4735.89     3631.0       g 
 62533.135  30.059  29.904  29.768  6629.82     3631.0  orange 
 62533.135  30.123  29.972  29.835  6366.38     3631.0   r-P48 
 62533.135  30.181  30.034  29.894  6198.96     3631.0       r 
 62533.135  30.513   30.38  30.221  5182.42     3631.0    cyan 
 62533.135  30.799  30.662  30.502  4746.48     3631.0   g-P48 
 62533.135  30.838  30.701  30.542  4735.89     3631.0       g 
 62535.148  30.063  29.908  29.772  6629.82     3631.0  orange 
 62535.148  30.127  29.975  29.839  6366.38     3631.0   r-P48 
 62535.148  30.185  30.038  29.898  6198.96     3631.0       r 
 62535.148  30.517  30.384  30.225  5182.42     3631.0    cyan 
 62535.148  30.803  30.666  30.506  4746.48     3631.0   g-P48 
 62535.148  30.842  30.705  30.545  4735.89     3631.0       g 
 62537.162  30.067  29.912  29.776  6629.82     3631.0  orange 
 62537.162   30.13  29.979  29.842  6366.38     3631.0   r-P48 
 62537.162  30.188  30.041  29.902  6198.96     3631.0       r 
 62537.162  30.521  30.388  30.229  5182.42     3631.0    cyan 
 62537.162  30.807  30.669  30.509  4746.48     3631.0   g-P48 
 62537.162  30.845  30.708  30.549  4735.89     3631.0       g 
 62539.176  30.071  29.915   29.78  6629.82     3631.0  orange 
 62539.176  30.134  29.983  29.846  6366.38     3631.0   r-P48 
 62539.176  30.192  30.045  29.906  6198.96     3631.0       r 
 62539.176  30.525  30.392  30.233  5182.42     3631.0    cyan 
 62539.176  30.811  30.673  30.513  4746.48     3631.0   g-P48 
 62539.176  30.849  30.712  30.553  4735.89     3631.0       g 
 62541.189  30.075  29.919  29.783  6629.82     3631.0  orange 
 62541.189  30.138  29.987   29.85  6366.38     3631.0   r-P48 
 62541.189  30.196  30.049   29.91  6198.96     3631.0       r 
 62541.189  30.529  30.396  30.236  5182.42     3631.0    cyan 
 62541.189  30.815  30.677  30.517  4746.48     3631.0   g-P48 
 62541.189  30.853  30.716  30.557  4735.89     3631.0       g 
 62543.203  30.079  29.923  29.787  6629.82     3631.0  orange 
 62543.203  30.142  29.991  29.854  6366.38     3631.0   r-P48 
 62543.203    30.2  30.053  29.914  6198.96     3631.0       r 
 62543.203  30.533    30.4   30.24  5182.42     3631.0    cyan 
 62543.203  30.819  30.681  30.521  4746.48     3631.0   g-P48 
 62543.203  30.857   30.72  30.561  4735.89     3631.0       g 
 62545.217  30.083  29.927  29.791  6629.82     3631.0  orange 
 62545.217  30.146  29.995  29.858  6366.38     3631.0   r-P48 
 62545.217  30.204  30.057  29.917  6198.96     3631.0       r 
 62545.217  30.537  30.404  30.244  5182.42     3631.0    cyan 
 62545.217  30.823  30.685  30.525  4746.48     3631.0   g-P48 
 62545.217  30.861  30.724  30.565  4735.89     3631.0       g 
  62547.23  30.086  29.931  29.795  6629.82     3631.0  orange 
  62547.23   30.15  29.999  29.862  6366.38     3631.0   r-P48 
  62547.23  30.208  30.061  29.921  6198.96     3631.0       r 
  62547.23  30.541  30.408  30.248  5182.42     3631.0    cyan 
  62547.23  30.826  30.689  30.529  4746.48     3631.0   g-P48 
  62547.23  30.865  30.728  30.569  4735.89     3631.0       g 
 62549.244   30.09  29.935  29.799  6629.82     3631.0  orange 
 62549.244  30.154  30.003  29.866  6366.38     3631.0   r-P48 
 62549.244  30.212  30.065  29.925  6198.96     3631.0       r 
 62549.244  30.544  30.412  30.252  5182.42     3631.0    cyan 
 62549.244   30.83  30.693  30.533  4746.48     3631.0   g-P48 
 62549.244  30.869  30.732  30.573  4735.89     3631.0       g 
 62551.258  30.094  29.939  29.803  6629.82     3631.0  orange 
 62551.258  30.158  30.006   29.87  6366.38     3631.0   r-P48 
 62551.258  30.216  30.069  29.929  6198.96     3631.0       r 
 62551.258  30.548  30.415  30.256  5182.42     3631.0    cyan 
 62551.258  30.834  30.697  30.537  4746.48     3631.0   g-P48 
 62551.258  30.873  30.736  30.576  4735.89     3631.0       g 
 62553.271  30.098  29.943  29.807  6629.82     3631.0  orange 
 62553.271  30.162   30.01  29.873  6366.38     3631.0   r-P48 
 62553.271   30.22  30.072  29.933  6198.96     3631.0       r 
 62553.271  30.552  30.419   30.26  5182.42     3631.0    cyan 
 62553.271  30.838    30.7   30.54  4746.48     3631.0   g-P48 
 62553.271  30.877   30.74   30.58  4735.89     3631.0       g 
 62555.285  30.102  29.947   29.81  6629.82     3631.0  orange 
 62555.285  30.165  30.014  29.877  6366.38     3631.0   r-P48 
 62555.285  30.223  30.076  29.937  6198.96     3631.0       r 
 62555.285  30.556  30.423  30.264  5182.42     3631.0    cyan 
 62555.285  30.842  30.704  30.544  4746.48     3631.0   g-P48 
 62555.285   30.88  30.743  30.584  4735.89     3631.0       g 
 62557.299  30.106   29.95  29.814  6629.82     3631.0  orange 
 62557.299  30.169  30.018  29.881  6366.38     3631.0   r-P48 
 62557.299  30.227   30.08  29.941  6198.96     3631.0       r 
 62557.299   30.56  30.427  30.267  5182.42     3631.0    cyan 
 62557.299  30.846  30.708  30.548  4746.48     3631.0   g-P48 
 62557.299  30.884  30.747  30.588  4735.89     3631.0       g 
 62559.312   30.11  29.954  29.818  6629.82     3631.0  orange 
 62559.312  30.173  30.022  29.885  6366.38     3631.0   r-P48 
 62559.312  30.231  30.084  29.944  6198.96     3631.0       r 
 62559.312  30.564  30.431  30.271  5182.42     3631.0    cyan 
 62559.312   30.85  30.712  30.552  4746.48     3631.0   g-P48 
 62559.312  30.888  30.751  30.592  4735.89     3631.0       g 
 62561.326  30.114  29.958  29.822  6629.82     3631.0  orange 
 62561.326  30.177  30.026  29.889  6366.38     3631.0   r-P48 
 62561.326  30.235  30.088  29.948  6198.96     3631.0       r 
 62561.326  30.568  30.435  30.275  5182.42     3631.0    cyan 
 62561.326  30.854  30.716  30.556  4746.48     3631.0   g-P48 
 62561.326  30.892  30.755  30.596  4735.89     3631.0       g 
  62563.34  30.117  29.962  29.826  6629.82     3631.0  orange 
  62563.34  30.181   30.03  29.893  6366.38     3631.0   r-P48 
  62563.34  30.239  30.092  29.952  6198.96     3631.0       r 
  62563.34  30.571  30.439  30.279  5182.42     3631.0    cyan 
  62563.34  30.857   30.72   30.56  4746.48     3631.0   g-P48 
  62563.34  30.896  30.759    30.6  4735.89     3631.0       g 
 62565.353  30.121  29.966   29.83  6629.82     3631.0  orange 
 62565.353  30.185  30.033  29.896  6366.38     3631.0   r-P48 
 62565.353  30.243  30.096  29.956  6198.96     3631.0       r 
 62565.353  30.575  30.442  30.283  5182.42     3631.0    cyan 
 62565.353  30.861  30.724  30.563  4746.48     3631.0   g-P48 
 62565.353    30.9  30.763  30.603  4735.89     3631.0       g 
 62567.367  30.125   29.97  29.834  6629.82     3631.0  orange 
 62567.367  30.189  30.037    29.9  6366.38     3631.0   r-P48 
 62567.367  30.247  30.099   29.96  6198.96     3631.0       r 
 62567.367  30.579  30.446  30.287  5182.42     3631.0    cyan 
 62567.367  30.865  30.727  30.567  4746.48     3631.0   g-P48 
 62567.367  30.904  30.766  30.607  4735.89     3631.0       g 
 62569.381  30.129  29.973  29.837  6629.82     3631.0  orange 
 62569.381  30.192  30.041  29.904  6366.38     3631.0   r-P48 
 62569.381   30.25  30.103  29.964  6198.96     3631.0       r 
 62569.381  30.583   30.45   30.29  5182.42     3631.0    cyan 
 62569.381  30.869  30.731  30.571  4746.48     3631.0   g-P48 
 62569.381  30.907   30.77  30.611  4735.89     3631.0       g 
 62571.394  30.133  29.977  29.841  6629.82     3631.0  orange 
 62571.394  30.196  30.045  29.908  6366.38     3631.0   r-P48 
 62571.394  30.254  30.107  29.967  6198.96     3631.0       r 
 62571.394  30.587  30.454  30.294  5182.42     3631.0    cyan 
 62571.394  30.873  30.735  30.575  4746.48     3631.0   g-P48 
 62571.394  30.911  30.774  30.615  4735.89     3631.0       g 
 62573.408  30.137  29.981  29.845  6629.82     3631.0  orange 
 62573.408    30.2  30.049  29.912  6366.38     3631.0   r-P48 
 62573.408  30.258  30.111  29.971  6198.96     3631.0       r 
 62573.408  30.591  30.458  30.298  5182.42     3631.0    cyan 
 62573.408  30.877  30.739  30.579  4746.48     3631.0   g-P48 
 62573.408  30.915  30.778  30.619  4735.89     3631.0       g 
 62575.422  30.141  29.985  29.849  6629.82     3631.0  orange 
 62575.422  30.204  30.053  29.916  6366.38     3631.0   r-P48 
 62575.422  30.262  30.115  29.975  6198.96     3631.0       r 
 62575.422  30.595  30.462  30.302  5182.42     3631.0    cyan 
 62575.422   30.88  30.743  30.583  4746.48     3631.0   g-P48 
 62575.422  30.919  30.782  30.623  4735.89     3631.0       g 
 62577.435  30.144  29.989  29.853  6629.82     3631.0  orange 
 62577.435  30.208  30.056  29.919  6366.38     3631.0   r-P48 
 62577.435  30.266  30.119  29.979  6198.96     3631.0       r 
 62577.435  30.598  30.465  30.306  5182.42     3631.0    cyan 
 62577.435  30.884  30.747  30.586  4746.48     3631.0   g-P48 
 62577.435  30.923  30.786  30.626  4735.89     3631.0       g 
 62579.449  30.148  29.993  29.856  6629.82     3631.0  orange 
 62579.449  30.212   30.06  29.923  6366.38     3631.0   r-P48 
 62579.449   30.27  30.122  29.983  6198.96     3631.0       r 
 62579.449  30.602  30.469   30.31  5182.42     3631.0    cyan 
 62579.449  30.888   30.75   30.59  4746.48     3631.0   g-P48 
 62579.449  30.927  30.789   30.63  4735.89     3631.0       g 
 62581.463  30.152  29.996   29.86  6629.82     3631.0  orange 
 62581.463  30.215  30.064  29.927  6366.38     3631.0   r-P48 
 62581.463  30.274  30.126  29.986  6198.96     3631.0       r 
 62581.463  30.606  30.473  30.313  5182.42     3631.0    cyan 
 62581.463  30.892  30.754  30.594  4746.48     3631.0   g-P48 
 62581.463   30.93  30.793  30.634  4735.89     3631.0       g 
 62583.476  30.156    30.0  29.864  6629.82     3631.0  orange 
 62583.476  30.219  30.068  29.931  6366.38     3631.0   r-P48 
 62583.476  30.277   30.13   29.99  6198.96     3631.0       r 
 62583.476   30.61  30.477  30.317  5182.42     3631.0    cyan 
 62583.476  30.896  30.758  30.598  4746.48     3631.0   g-P48 
 62583.476  30.934  30.797  30.638  4735.89     3631.0       g 
  62585.49   30.16  30.004  29.868  6629.82     3631.0  orange 
  62585.49  30.223  30.072  29.935  6366.38     3631.0   r-P48 
  62585.49  30.281  30.134  29.994  6198.96     3631.0       r 
  62585.49  30.614  30.481  30.321  5182.42     3631.0    cyan 
  62585.49    30.9  30.762  30.602  4746.48     3631.0   g-P48 
  62585.49  30.938  30.801  30.642  4735.89     3631.0       g 
 62587.504  30.164  30.008  29.872  6629.82     3631.0  orange 
 62587.504  30.227  30.075  29.938  6366.38     3631.0   r-P48 
 62587.504  30.285  30.138  29.998  6198.96     3631.0       r 
 62587.504  30.618  30.485  30.325  5182.42     3631.0    cyan 
 62587.504  30.903  30.766  30.605  4746.48     3631.0   g-P48 
 62587.504  30.942  30.805  30.645  4735.89     3631.0       g 
 62589.517  30.167  30.012  29.875  6629.82     3631.0  orange 
 62589.517  30.231  30.079  29.942  6366.38     3631.0   r-P48 
 62589.517  30.289  30.141  30.002  6198.96     3631.0       r 
 62589.517  30.621  30.488  30.329  5182.42     3631.0    cyan 
 62589.517  30.907  30.769  30.609  4746.48     3631.0   g-P48 
 62589.517  30.946  30.809  30.649  4735.89     3631.0       g 
 62591.531  30.171  30.016  29.879  6629.82     3631.0  orange 
 62591.531  30.235  30.083  29.946  6366.38     3631.0   r-P48 
 62591.531  30.293  30.145  30.005  6198.96     3631.0       r 
 62591.531  30.625  30.492  30.332  5182.42     3631.0    cyan 
 62591.531  30.911  30.773  30.613  4746.48     3631.0   g-P48 
 62591.531  30.949  30.812  30.653  4735.89     3631.0       g 
 62593.544  30.175  30.019  29.883  6629.82     3631.0  orange 
 62593.544  30.238  30.087   29.95  6366.38     3631.0   r-P48 
 62593.544  30.296  30.149  30.009  6198.96     3631.0       r 
 62593.544  30.629  30.496  30.336  5182.42     3631.0    cyan 
 62593.544  30.915  30.777  30.617  4746.48     3631.0   g-P48 
 62593.544  30.953  30.816  30.657  4735.89     3631.0       g 
 62595.558  30.179  30.023  29.887  6629.82     3631.0  orange 
 62595.558  30.242  30.091  29.953  6366.38     3631.0   r-P48 
 62595.558    30.3  30.153  30.013  6198.96     3631.0       r 
 62595.558  30.633    30.5   30.34  5182.42     3631.0    cyan 
 62595.558  30.919  30.781  30.621  4746.48     3631.0   g-P48 
 62595.558  30.957   30.82  30.661  4735.89     3631.0       g 
 62597.572  30.183  30.027  29.891  6629.82     3631.0  orange 
 62597.572  30.246  30.094  29.957  6366.38     3631.0   r-P48 
 62597.572  30.304  30.157  30.017  6198.96     3631.0       r 
 62597.572  30.637  30.504  30.344  5182.42     3631.0    cyan 
 62597.572  30.922  30.785  30.624  4746.48     3631.0   g-P48 
 62597.572  30.961  30.824  30.664  4735.89     3631.0       g 
 62599.585  30.186  30.031  29.894  6629.82     3631.0  orange 
 62599.585   30.25  30.098  29.961  6366.38     3631.0   r-P48 
 62599.585  30.308   30.16  30.021  6198.96     3631.0       r 
 62599.585   30.64  30.507  30.347  5182.42     3631.0    cyan 
 62599.585  30.926  30.788  30.628  4746.48     3631.0   g-P48 
 62599.585  30.965  30.828  30.668  4735.89     3631.0       g 
 62601.599   30.19  30.035  29.898  6629.82     3631.0  orange 
 62601.599  30.254  30.102  29.965  6366.38     3631.0   r-P48 
 62601.599  30.312  30.164  30.024  6198.96     3631.0       r 
 62601.599  30.644  30.511  30.351  5182.42     3631.0    cyan 
 62601.599   30.93  30.792  30.632  4746.48     3631.0   g-P48 
 62601.599  30.968  30.831  30.672  4735.89     3631.0       g 
 62603.613  30.194  30.038  29.902  6629.82     3631.0  orange 
 62603.613  30.257  30.106  29.969  6366.38     3631.0   r-P48 
 62603.613  30.315  30.168  30.028  6198.96     3631.0       r 
 62603.613  30.648  30.515  30.355  5182.42     3631.0    cyan 
 62603.613  30.934  30.796  30.636  4746.48     3631.0   g-P48 
 62603.613  30.972  30.835  30.676  4735.89     3631.0       g 
 62605.626  30.198  30.042  29.906  6629.82     3631.0  orange 
 62605.626  30.261   30.11  29.972  6366.38     3631.0   r-P48 
 62605.626  30.319  30.172  30.032  6198.96     3631.0       r 
 62605.626  30.652  30.519  30.359  5182.42     3631.0    cyan 
 62605.626  30.938    30.8  30.639  4746.48     3631.0   g-P48 
 62605.626  30.976  30.839  30.679  4735.89     3631.0       g 
  62607.64  30.202  30.046  29.909  6629.82     3631.0  orange 
  62607.64  30.265  30.113  29.976  6366.38     3631.0   r-P48 
  62607.64  30.323  30.176  30.036  6198.96     3631.0       r 
  62607.64  30.655  30.523  30.363  5182.42     3631.0    cyan 
  62607.64  30.941  30.804  30.643  4746.48     3631.0   g-P48 
  62607.64   30.98  30.843  30.683  4735.89     3631.0       g 
 62609.654  30.205   30.05  29.913  6629.82     3631.0  orange 
 62609.654  30.269  30.117   29.98  6366.38     3631.0   r-P48 
 62609.654  30.327  30.179  30.039  6198.96     3631.0       r 
 62609.654  30.659  30.526  30.366  5182.42     3631.0    cyan 
 62609.654  30.945  30.807  30.647  4746.48     3631.0   g-P48 
 62609.654  30.984  30.846  30.687  4735.89     3631.0       g 
 62611.667  30.209  30.053  29.917  6629.82     3631.0  orange 
 62611.667  30.272  30.121  29.984  6366.38     3631.0   r-P48 
 62611.667  30.331  30.183  30.043  6198.96     3631.0       r 
 62611.667  30.663   30.53   30.37  5182.42     3631.0    cyan 
 62611.667  30.949  30.811  30.651  4746.48     3631.0   g-P48 
 62611.667  30.987   30.85  30.691  4735.89     3631.0       g 
 62613.681  30.213  30.057  29.921  6629.82     3631.0  orange 
 62613.681  30.276  30.125  29.987  6366.38     3631.0   r-P48 
 62613.681  30.334  30.187  30.047  6198.96     3631.0       r 
 62613.681  30.667  30.534  30.374  5182.42     3631.0    cyan 
 62613.681  30.953  30.815  30.654  4746.48     3631.0   g-P48 
 62613.681  30.991  30.854  30.694  4735.89     3631.0       g 
 62615.695  30.217  30.061  29.925  6629.82     3631.0  orange 
 62615.695   30.28  30.128  29.991  6366.38     3631.0   r-P48 
 62615.695  30.338  30.191  30.051  6198.96     3631.0       r 
 62615.695  30.671  30.538  30.378  5182.42     3631.0    cyan 
 62615.695  30.956  30.819  30.658  4746.48     3631.0   g-P48 
 62615.695  30.995  30.858  30.698  4735.89     3631.0       g 
 62617.708   30.22  30.065  29.928  6629.82     3631.0  orange 
 62617.708  30.284  30.132  29.995  6366.38     3631.0   r-P48 
 62617.708  30.342  30.194  30.054  6198.96     3631.0       r 
 62617.708  30.674  30.541  30.381  5182.42     3631.0    cyan 
 62617.708   30.96  30.822  30.662  4746.48     3631.0   g-P48 
 62617.708  30.999  30.861  30.702  4735.89     3631.0       g 
 62619.722  30.224  30.068  29.932  6629.82     3631.0  orange 
 62619.722  30.288  30.136  29.999  6366.38     3631.0   r-P48 
 62619.722  30.346  30.198  30.058  6198.96     3631.0       r 
 62619.722  30.678  30.545  30.385  5182.42     3631.0    cyan 
 62619.722  30.964  30.826  30.666  4746.48     3631.0   g-P48 
 62619.722  31.002  30.865  30.706  4735.89     3631.0       g 
 62621.736  30.228  30.072  29.936  6629.82     3631.0  orange 
 62621.736  30.291   30.14  30.002  6366.38     3631.0   r-P48 
 62621.736  30.349  30.202  30.062  6198.96     3631.0       r 
 62621.736  30.682  30.549  30.389  5182.42     3631.0    cyan 
 62621.736  30.968   30.83  30.669  4746.48     3631.0   g-P48 
 62621.736  31.006  30.869  30.709  4735.89     3631.0       g 
 62623.749  30.232  30.076  29.939  6629.82     3631.0  orange 
 62623.749  30.295  30.143  30.006  6366.38     3631.0   r-P48 
 62623.749  30.353  30.206  30.066  6198.96     3631.0       r 
 62623.749  30.686  30.553  30.393  5182.42     3631.0    cyan 
 62623.749  30.972  30.834  30.673  4746.48     3631.0   g-P48 
 62623.749   31.01  30.873  30.713  4735.89     3631.0       g 
 62625.763  30.235   30.08  29.943  6629.82     3631.0  orange 
 62625.763  30.299  30.147   30.01  6366.38     3631.0   r-P48 
 62625.763  30.357  30.209  30.069  6198.96     3631.0       r 
 62625.763  30.689  30.556  30.396  5182.42     3631.0    cyan 
 62625.763  30.975  30.837  30.677  4746.48     3631.0   g-P48 
 62625.763  31.014  30.876  30.717  4735.89     3631.0       g 
 62627.777  30.239  30.083  29.947  6629.82     3631.0  orange 
 62627.777  30.303  30.151  30.014  6366.38     3631.0   r-P48 
 62627.777  30.361  30.213  30.073  6198.96     3631.0       r 
 62627.777  30.693   30.56    30.4  5182.42     3631.0    cyan 
 62627.777  30.979  30.841  30.681  4746.48     3631.0   g-P48 
 62627.777  31.017   30.88  30.721  4735.89     3631.0       g 
  62629.79  30.243  30.087  29.951  6629.82     3631.0  orange 
  62629.79  30.306  30.155  30.017  6366.38     3631.0   r-P48 
  62629.79  30.364  30.217  30.077  6198.96     3631.0       r 
  62629.79  30.697  30.564  30.404  5182.42     3631.0    cyan 
  62629.79  30.983  30.845  30.684  4746.48     3631.0   g-P48 
  62629.79  31.021  30.884  30.724  4735.89     3631.0       g 
 62631.804  30.247  30.091  29.954  6629.82     3631.0  orange 
 62631.804   30.31  30.158  30.021  6366.38     3631.0   r-P48 
 62631.804  30.368  30.221  30.081  6198.96     3631.0       r 
 62631.804  30.701  30.568  30.408  5182.42     3631.0    cyan 
 62631.804  30.987  30.849  30.688  4746.48     3631.0   g-P48 
 62631.804  31.025  30.888  30.728  4735.89     3631.0       g 
 62633.818   30.25  30.095  29.958  6629.82     3631.0  orange 
 62633.818  30.314  30.162  30.025  6366.38     3631.0   r-P48 
 62633.818  30.372  30.224  30.084  6198.96     3631.0       r 
 62633.818  30.704  30.571  30.411  5182.42     3631.0    cyan 
 62633.818   30.99  30.852  30.692  4746.48     3631.0   g-P48 
 62633.818  31.029  30.891  30.732  4735.89     3631.0       g 
 62635.831  30.254  30.098  29.962  6629.82     3631.0  orange 
 62635.831  30.318  30.166  30.028  6366.38     3631.0   r-P48 
 62635.831  30.376  30.228  30.088  6198.96     3631.0       r 
 62635.831  30.708  30.575  30.415  5182.42     3631.0    cyan 
 62635.831  30.994  30.856  30.696  4746.48     3631.0   g-P48 
 62635.831  31.032  30.895  30.736  4735.89     3631.0       g 
 62637.845  30.258  30.102  29.966  6629.82     3631.0  orange 
 62637.845  30.321   30.17  30.032  6366.38     3631.0   r-P48 
 62637.845  30.379  30.232  30.092  6198.96     3631.0       r 
 62637.845  30.712  30.579  30.419  5182.42     3631.0    cyan 
 62637.845  30.998   30.86  30.699  4746.48     3631.0   g-P48 
 62637.845  31.036  30.899  30.739  4735.89     3631.0       g 
 62639.859  30.262  30.106  29.969  6629.82     3631.0  orange 
 62639.859  30.325  30.173  30.036  6366.38     3631.0   r-P48 
 62639.859  30.383  30.235  30.095  6198.96     3631.0       r 
 62639.859  30.716  30.583  30.422  5182.42     3631.0    cyan 
 62639.859  31.001  30.864  30.703  4746.48     3631.0   g-P48 
 62639.859   31.04  30.903  30.743  4735.89     3631.0       g 
 62641.872  30.265   30.11  29.973  6629.82     3631.0  orange 
 62641.872  30.329  30.177   30.04  6366.38     3631.0   r-P48 
 62641.872  30.387  30.239  30.099  6198.96     3631.0       r 
 62641.872  30.719  30.586  30.426  5182.42     3631.0    cyan 
 62641.872  31.005  30.867  30.707  4746.48     3631.0   g-P48 
 62641.872  31.044  30.906  30.747  4735.89     3631.0       g 
 62643.886  30.269  30.113  29.977  6629.82     3631.0  orange 
 62643.886  30.333  30.181  30.043  6366.38     3631.0   r-P48 
 62643.886  30.391  30.243  30.103  6198.96     3631.0       r 
 62643.886  30.723   30.59   30.43  5182.42     3631.0    cyan 
 62643.886  31.009  30.871   30.71  4746.48     3631.0   g-P48 
 62643.886  31.047   30.91   30.75  4735.89     3631.0       g 
   62645.9  30.273  30.117   29.98  6629.82     3631.0  orange 
   62645.9  30.336  30.184  30.047  6366.38     3631.0   r-P48 
   62645.9  30.394  30.247  30.107  6198.96     3631.0       r 
   62645.9  30.727  30.594  30.434  5182.42     3631.0    cyan 
   62645.9  31.013  30.875  30.714  4746.48     3631.0   g-P48 
   62645.9  31.051  30.914  30.754  4735.89     3631.0       g 
 62647.913  30.277  30.121  29.984  6629.82     3631.0  orange 
 62647.913   30.34  30.188  30.051  6366.38     3631.0   r-P48 
 62647.913  30.398   30.25   30.11  6198.96     3631.0       r 
 62647.913   30.73  30.597  30.437  5182.42     3631.0    cyan 
 62647.913  31.016  30.878  30.718  4746.48     3631.0   g-P48 
 62647.913  31.055  30.918  30.758  4735.89     3631.0       g 
 62649.927   30.28  30.124  29.988  6629.82     3631.0  orange 
 62649.927  30.344  30.192  30.054  6366.38     3631.0   r-P48 
 62649.927  30.402  30.254  30.114  6198.96     3631.0       r 
 62649.927  30.734  30.601  30.441  5182.42     3631.0    cyan 
 62649.927   31.02  30.882  30.722  4746.48     3631.0   g-P48 
 62649.927  31.058  30.921  30.762  4735.89     3631.0       g 
 62651.941  30.284  30.128  29.992  6629.82     3631.0  orange 
 62651.941  30.347  30.195  30.058  6366.38     3631.0   r-P48 
 62651.941  30.405  30.258  30.118  6198.96     3631.0       r 
 62651.941  30.738  30.605  30.445  5182.42     3631.0    cyan 
 62651.941  31.024  30.886  30.725  4746.48     3631.0   g-P48 
 62651.941  31.062  30.925  30.765  4735.89     3631.0       g 
 62653.954  30.288  30.132  29.995  6629.82     3631.0  orange 
 62653.954  30.351  30.199  30.062  6366.38     3631.0   r-P48 
 62653.954  30.409  30.261  30.121  6198.96     3631.0       r 
 62653.954  30.742  30.609  30.448  5182.42     3631.0    cyan 
 62653.954  31.027   30.89  30.729  4746.48     3631.0   g-P48 
 62653.954  31.066  30.929  30.769  4735.89     3631.0       g 
 62655.968  30.291  30.136  29.999  6629.82     3631.0  orange 
 62655.968  30.355  30.203  30.065  6366.38     3631.0   r-P48 
 62655.968  30.413  30.265  30.125  6198.96     3631.0       r 
 62655.968  30.745  30.612  30.452  5182.42     3631.0    cyan 
 62655.968  31.031  30.893  30.733  4746.48     3631.0   g-P48 
 62655.968   31.07  30.932  30.773  4735.89     3631.0       g 
 62657.982  30.295  30.139  30.003  6629.82     3631.0  orange 
 62657.982  30.359  30.207  30.069  6366.38     3631.0   r-P48 
 62657.982  30.417  30.269  30.129  6198.96     3631.0       r 
 62657.982  30.749  30.616  30.456  5182.42     3631.0    cyan 
 62657.982  31.035  30.897  30.736  4746.48     3631.0   g-P48 
 62657.982  31.073  30.936  30.776  4735.89     3631.0       g 
 62659.995  30.299  30.143  30.006  6629.82     3631.0  orange 
 62659.995  30.362   30.21  30.073  6366.38     3631.0   r-P48 
 62659.995   30.42  30.272  30.132  6198.96     3631.0       r 
 62659.995  30.753   30.62  30.459  5182.42     3631.0    cyan 
 62659.995  31.039  30.901   30.74  4746.48     3631.0   g-P48 
 62659.995  31.077   30.94   30.78  4735.89     3631.0       g 
 62662.009  30.303  30.147   30.01  6629.82     3631.0  orange 
 62662.009  30.366  30.214  30.077  6366.38     3631.0   r-P48 
 62662.009  30.424  30.276  30.136  6198.96     3631.0       r 
 62662.009  30.756  30.623  30.463  5182.42     3631.0    cyan 
 62662.009  31.042  30.904  30.744  4746.48     3631.0   g-P48 
 62662.009  31.081  30.943  30.784  4735.89     3631.0       g 
 62664.023  30.306   30.15  30.014  6629.82     3631.0  orange 
 62664.023   30.37  30.218   30.08  6366.38     3631.0   r-P48 
 62664.023  30.428   30.28   30.14  6198.96     3631.0       r 
 62664.023   30.76  30.627  30.467  5182.42     3631.0    cyan 
 62664.023  31.046  30.908  30.747  4746.48     3631.0   g-P48 
 62664.023  31.084  30.947  30.787  4735.89     3631.0       g 
 62666.036   30.31  30.154  30.017  6629.82     3631.0  orange 
 62666.036  30.373  30.221  30.084  6366.38     3631.0   r-P48 
 62666.036  30.431  30.284  30.143  6198.96     3631.0       r 
 62666.036  30.764  30.631   30.47  5182.42     3631.0    cyan 
 62666.036   31.05  30.912  30.751  4746.48     3631.0   g-P48 
 62666.036  31.088  30.951  30.791  4735.89     3631.0       g 
  62668.05  30.314  30.158  30.021  6629.82     3631.0  orange 
  62668.05  30.377  30.225  30.088  6366.38     3631.0   r-P48 
  62668.05  30.435  30.287  30.147  6198.96     3631.0       r 
  62668.05  30.767  30.634  30.474  5182.42     3631.0    cyan 
  62668.05  31.053  30.915  30.755  4746.48     3631.0   g-P48 
  62668.05  31.092  30.954  30.795  4735.89     3631.0       g 
 62670.064  30.317  30.161  30.025  6629.82     3631.0  orange 
 62670.064  30.381  30.229  30.091  6366.38     3631.0   r-P48 
 62670.064  30.439  30.291  30.151  6198.96     3631.0       r 
 62670.064  30.771  30.638  30.478  5182.42     3631.0    cyan 
 62670.064  31.057  30.919  30.758  4746.48     3631.0   g-P48 
 62670.064  31.095  30.958  30.798  4735.89     3631.0       g 
 62672.077  30.321  30.165  30.028  6629.82     3631.0  orange 
 62672.077  30.384  30.232  30.095  6366.38     3631.0   r-P48 
 62672.077  30.442  30.295  30.154  6198.96     3631.0       r 
 62672.077  30.775  30.642  30.481  5182.42     3631.0    cyan 
 62672.077  31.061  30.923  30.762  4746.48     3631.0   g-P48 
 62672.077  31.099  30.962  30.802  4735.89     3631.0       g 
 62674.091  30.325  30.169  30.032  6629.82     3631.0  orange 
 62674.091  30.388  30.236  30.099  6366.38     3631.0   r-P48 
 62674.091  30.446  30.298  30.158  6198.96     3631.0       r 
 62674.091  30.779  30.645  30.485  5182.42     3631.0    cyan 
 62674.091  31.064  30.926  30.766  4746.48     3631.0   g-P48 
 62674.091  31.103  30.965  30.806  4735.89     3631.0       g 
 62676.105  30.328  30.172  30.036  6629.82     3631.0  orange 
 62676.105  30.392   30.24  30.102  6366.38     3631.0   r-P48 
 62676.105   30.45  30.302  30.162  6198.96     3631.0       r 
 62676.105  30.782  30.649  30.489  5182.42     3631.0    cyan 
 62676.105  31.068   30.93  30.769  4746.48     3631.0   g-P48 
 62676.105  31.106  30.969  30.809  4735.89     3631.0       g 
 62678.118  30.332  30.176  30.039  6629.82     3631.0  orange 
 62678.118  30.395  30.243  30.106  6366.38     3631.0   r-P48 
 62678.118  30.453  30.306  30.165  6198.96     3631.0       r 
 62678.118  30.786  30.653  30.492  5182.42     3631.0    cyan 
 62678.118  31.072  30.934  30.773  4746.48     3631.0   g-P48 
 62678.118   31.11  30.973  30.813  4735.89     3631.0       g 
 62680.132  30.336   30.18  30.043  6629.82     3631.0  orange 
 62680.132  30.399  30.247  30.109  6366.38     3631.0   r-P48 
 62680.132  30.457  30.309  30.169  6198.96     3631.0       r 
 62680.132   30.79  30.656  30.496  5182.42     3631.0    cyan 
 62680.132  31.075  30.937  30.777  4746.48     3631.0   g-P48 
 62680.132  31.114  30.976  30.817  4735.89     3631.0       g 
 62682.146  30.339  30.183  30.047  6629.82     3631.0  orange 
 62682.146  30.403  30.251  30.113  6366.38     3631.0   r-P48 
 62682.146  30.461  30.313  30.173  6198.96     3631.0       r 
 62682.146  30.793   30.66    30.5  5182.42     3631.0    cyan 
 62682.146  31.079  30.941   30.78  4746.48     3631.0   g-P48 
 62682.146  31.117   30.98   30.82  4735.89     3631.0       g 
 62684.159  30.343  30.187   30.05  6629.82     3631.0  orange 
 62684.159  30.406  30.254  30.117  6366.38     3631.0   r-P48 
 62684.159  30.464  30.316  30.176  6198.96     3631.0       r 
 62684.159  30.797  30.664  30.503  5182.42     3631.0    cyan 
 62684.159  31.083  30.945  30.784  4746.48     3631.0   g-P48 
 62684.159  31.121  30.984  30.824  4735.89     3631.0       g 
 62686.173  30.347  30.191  30.054  6629.82     3631.0  orange 
 62686.173   30.41  30.258   30.12  6366.38     3631.0   r-P48 
 62686.173  30.468   30.32   30.18  6198.96     3631.0       r 
 62686.173  30.801  30.667  30.507  5182.42     3631.0    cyan 
 62686.173  31.086  30.948  30.788  4746.48     3631.0   g-P48 
 62686.173  31.125  30.987  30.828  4735.89     3631.0       g 
 62688.187   30.35  30.194  30.058  6629.82     3631.0  orange 
 62688.187  30.414  30.262  30.124  6366.38     3631.0   r-P48 
 62688.187  30.472  30.324  30.184  6198.96     3631.0       r 
 62688.187  30.804  30.671  30.511  5182.42     3631.0    cyan 
 62688.187   31.09  30.952  30.791  4746.48     3631.0   g-P48 
 62688.187  31.128  30.991  30.831  4735.89     3631.0       g 
   62690.2  30.354  30.198  30.061  6629.82     3631.0  orange 
   62690.2  30.417  30.265  30.128  6366.38     3631.0   r-P48 
   62690.2  30.475  30.327  30.187  6198.96     3631.0       r 
   62690.2  30.808  30.675  30.514  5182.42     3631.0    cyan 
   62690.2  31.094  30.956  30.795  4746.48     3631.0   g-P48 
   62690.2  31.132  30.995  30.835  4735.89     3631.0       g 
 62692.214  30.358  30.202  30.065  6629.82     3631.0  orange 
 62692.214  30.421  30.269  30.131  6366.38     3631.0   r-P48 
 62692.214  30.479  30.331  30.191  6198.96     3631.0       r 
 62692.214  30.811  30.678  30.518  5182.42     3631.0    cyan 
 62692.214  31.097  30.959  30.798  4746.48     3631.0   g-P48 
 62692.214  31.136  30.998  30.839  4735.89     3631.0       g 
 62694.228  30.361  30.205  30.068  6629.82     3631.0  orange 
 62694.228  30.425  30.273  30.135  6366.38     3631.0   r-P48 
 62694.228  30.483  30.335  30.194  6198.96     3631.0       r 
 62694.228  30.815  30.682  30.522  5182.42     3631.0    cyan 
 62694.228  31.101  30.963  30.802  4746.48     3631.0   g-P48 
 62694.228  31.139  31.002  30.842  4735.89     3631.0       g 
 62696.241  30.365  30.209  30.072  6629.82     3631.0  orange 
 62696.241  30.428  30.276  30.139  6366.38     3631.0   r-P48 
 62696.241  30.486  30.338  30.198  6198.96     3631.0       r 
 62696.241  30.819  30.686  30.525  5182.42     3631.0    cyan 
 62696.241  31.105  30.967  30.806  4746.48     3631.0   g-P48 
 62696.241  31.143  31.006  30.846  4735.89     3631.0       g 
 62698.255  30.369  30.213  30.076  6629.82     3631.0  orange 
 62698.255  30.432   30.28  30.142  6366.38     3631.0   r-P48 
 62698.255   30.49  30.342  30.202  6198.96     3631.0       r 
 62698.255  30.822  30.689  30.529  5182.42     3631.0    cyan 
 62698.255  31.108   30.97  30.809  4746.48     3631.0   g-P48 
 62698.255  31.147  31.009  30.849  4735.89     3631.0       g 
 62700.268  30.372  30.216  30.079  6629.82     3631.0  orange 
 62700.268  30.436  30.283  30.146  6366.38     3631.0   r-P48 
 62700.268  30.494  30.346  30.205  6198.96     3631.0       r 
 62700.268  30.826  30.693  30.532  5182.42     3631.0    cyan 
 62700.268  31.112  30.974  30.813  4746.48     3631.0   g-P48 
 62700.268   31.15  31.013  30.853  4735.89     3631.0       g 
 62702.282  30.376   30.22  30.083  6629.82     3631.0  orange 
 62702.282  30.439  30.287  30.149  6366.38     3631.0   r-P48 
 62702.282  30.497  30.349  30.209  6198.96     3631.0       r 
 62702.282   30.83  30.697  30.536  5182.42     3631.0    cyan 
 62702.282  31.115  30.977  30.817  4746.48     3631.0   g-P48 
 62702.282  31.154  31.017  30.857  4735.89     3631.0       g 
 62704.296  30.379  30.223  30.087  6629.82     3631.0  orange 
 62704.296  30.443  30.291  30.153  6366.38     3631.0   r-P48 
 62704.296  30.501  30.353  30.213  6198.96     3631.0       r 
 62704.296  30.833    30.7   30.54  5182.42     3631.0    cyan 
 62704.296  31.119  30.981   30.82  4746.48     3631.0   g-P48 
 62704.296  31.158   31.02   30.86  4735.89     3631.0       g 
 62706.309  30.383  30.227   30.09  6629.82     3631.0  orange 
 62706.309  30.447  30.294  30.157  6366.38     3631.0   r-P48 
 62706.309  30.505  30.356  30.216  6198.96     3631.0       r 
 62706.309  30.837  30.704  30.543  5182.42     3631.0    cyan 
 62706.309  31.123  30.985  30.824  4746.48     3631.0   g-P48 
 62706.309  31.161  31.024  30.864  4735.89     3631.0       g 
 62708.323  30.387  30.231  30.094  6629.82     3631.0  orange 
 62708.323   30.45  30.298   30.16  6366.38     3631.0   r-P48 
 62708.323  30.508   30.36   30.22  6198.96     3631.0       r 
 62708.323  30.841  30.707  30.547  5182.42     3631.0    cyan 
 62708.323  31.126  30.988  30.827  4746.48     3631.0   g-P48 
 62708.323  31.165  31.027  30.868  4735.89     3631.0       g 
 62710.337   30.39  30.234  30.097  6629.82     3631.0  orange 
 62710.337  30.454  30.301  30.164  6366.38     3631.0   r-P48 
 62710.337  30.512  30.364  30.223  6198.96     3631.0       r 
 62710.337  30.844  30.711  30.551  5182.42     3631.0    cyan 
 62710.337   31.13  30.992  30.831  4746.48     3631.0   g-P48 
 62710.337  31.168  31.031  30.871  4735.89     3631.0       g 
  62712.35  30.394  30.238  30.101  6629.82     3631.0  orange 
  62712.35  30.457  30.305  30.167  6366.38     3631.0   r-P48 
  62712.35  30.515  30.367  30.227  6198.96     3631.0       r 
  62712.35  30.848  30.715  30.554  5182.42     3631.0    cyan 
  62712.35  31.134  30.996  30.835  4746.48     3631.0   g-P48 
  62712.35  31.172  31.035  30.875  4735.89     3631.0       g 
 62714.364  30.398  30.242  30.105  6629.82     3631.0  orange 
 62714.364  30.461  30.309  30.171  6366.38     3631.0   r-P48 
 62714.364  30.519  30.371  30.231  6198.96     3631.0       r 
 62714.364  30.851  30.718  30.558  5182.42     3631.0    cyan 
 62714.364  31.137  30.999  30.838  4746.48     3631.0   g-P48 
 62714.364  31.176  31.038  30.878  4735.89     3631.0       g 
 62716.378  30.401  30.245  30.108  6629.82     3631.0  orange 
 62716.378  30.465  30.312  30.175  6366.38     3631.0   r-P48 
 62716.378  30.523  30.375  30.234  6198.96     3631.0       r 
 62716.378  30.855  30.722  30.561  5182.42     3631.0    cyan 
 62716.378  31.141  31.003  30.842  4746.48     3631.0   g-P48 
 62716.378  31.179  31.042  30.882  4735.89     3631.0       g 
 62718.391  30.405  30.249  30.112  6629.82     3631.0  orange 
 62718.391  30.468  30.316  30.178  6366.38     3631.0   r-P48 
 62718.391  30.526  30.378  30.238  6198.96     3631.0       r 
 62718.391  30.859  30.725  30.565  5182.42     3631.0    cyan 
 62718.391  31.144  31.006  30.845  4746.48     3631.0   g-P48 
 62718.391  31.183  31.045  30.886  4735.89     3631.0       g 
 62720.405  30.408  30.252  30.115  6629.82     3631.0  orange 
 62720.405  30.472   30.32  30.182  6366.38     3631.0   r-P48 
 62720.405   30.53  30.382  30.241  6198.96     3631.0       r 
 62720.405  30.862  30.729  30.569  5182.42     3631.0    cyan 
 62720.405  31.148   31.01  30.849  4746.48     3631.0   g-P48 
 62720.405  31.186  31.049  30.889  4735.89     3631.0       g 
 62722.419  30.412  30.256  30.119  6629.82     3631.0  orange 
 62722.419  30.475  30.323  30.185  6366.38     3631.0   r-P48 
 62722.419  30.534  30.385  30.245  6198.96     3631.0       r 
 62722.419  30.866  30.733  30.572  5182.42     3631.0    cyan 
 62722.419  31.152  31.014  30.853  4746.48     3631.0   g-P48 
 62722.419   31.19  31.053  30.893  4735.89     3631.0       g 
 62724.432  30.416   30.26  30.123  6629.82     3631.0  orange 
 62724.432  30.479  30.327  30.189  6366.38     3631.0   r-P48 
 62724.432  30.537  30.389  30.249  6198.96     3631.0       r 
 62724.432  30.869  30.736  30.576  5182.42     3631.0    cyan 
 62724.432  31.155  31.017  30.856  4746.48     3631.0   g-P48 
 62724.432  31.194  31.056  30.896  4735.89     3631.0       g 
 62726.446  30.419  30.263  30.126  6629.82     3631.0  orange 
 62726.446  30.483   30.33  30.193  6366.38     3631.0   r-P48 
 62726.446  30.541  30.392  30.252  6198.96     3631.0       r 
 62726.446  30.873   30.74  30.579  5182.42     3631.0    cyan 
 62726.446  31.159  31.021   30.86  4746.48     3631.0   g-P48 
 62726.446  31.197   31.06    30.9  4735.89     3631.0       g 
  62728.46  30.423  30.267   30.13  6629.82     3631.0  orange 
  62728.46  30.486  30.334  30.196  6366.38     3631.0   r-P48 
  62728.46  30.544  30.396  30.256  6198.96     3631.0       r 
  62728.46  30.877  30.743  30.583  5182.42     3631.0    cyan 
  62728.46  31.162  31.024  30.863  4746.48     3631.0   g-P48 
  62728.46  31.201  31.063  30.903  4735.89     3631.0       g 
 62730.473  30.426   30.27  30.133  6629.82     3631.0  orange 
 62730.473   30.49  30.337    30.2  6366.38     3631.0   r-P48 
 62730.473  30.548    30.4  30.259  6198.96     3631.0       r 
 62730.473   30.88  30.747  30.586  5182.42     3631.0    cyan 
 62730.473  31.166  31.028  30.867  4746.48     3631.0   g-P48 
 62730.473  31.204  31.067  30.907  4735.89     3631.0       g 
 62732.487   30.43  30.274  30.137  6629.82     3631.0  orange 
 62732.487  30.493  30.341  30.203  6366.38     3631.0   r-P48 
 62732.487  30.552  30.403  30.263  6198.96     3631.0       r 
 62732.487  30.884  30.751   30.59  5182.42     3631.0    cyan 
 62732.487   31.17  31.032  30.871  4746.48     3631.0   g-P48 
 62732.487  31.208  31.071  30.911  4735.89     3631.0       g 
 62734.501  30.434  30.278   30.14  6629.82     3631.0  orange 
 62734.501  30.497  30.345  30.207  6366.38     3631.0   r-P48 
 62734.501  30.555  30.407  30.266  6198.96     3631.0       r 
 62734.501  30.887  30.754  30.594  5182.42     3631.0    cyan 
 62734.501  31.173  31.035  30.874  4746.48     3631.0   g-P48 
 62734.501  31.212  31.074  30.914  4735.89     3631.0       g 
 62736.514  30.437  30.281  30.144  6629.82     3631.0  orange 
 62736.514  30.501  30.348   30.21  6366.38     3631.0   r-P48 
 62736.514  30.559   30.41   30.27  6198.96     3631.0       r 
 62736.514  30.891  30.758  30.597  5182.42     3631.0    cyan 
 62736.514  31.177  31.039  30.878  4746.48     3631.0   g-P48 
 62736.514  31.215  31.078  30.918  4735.89     3631.0       g 
 62738.528  30.441  30.285  30.148  6629.82     3631.0  orange 
 62738.528  30.504  30.352  30.214  6366.38     3631.0   r-P48 
 62738.528  30.562  30.414  30.274  6198.96     3631.0       r 
 62738.528  30.895  30.761  30.601  5182.42     3631.0    cyan 
 62738.528   31.18  31.042  30.881  4746.48     3631.0   g-P48 
 62738.528  31.219  31.081  30.921  4735.89     3631.0       g 
 62740.542  30.444  30.288  30.151  6629.82     3631.0  orange 
 62740.542  30.508  30.355  30.218  6366.38     3631.0   r-P48 
 62740.542  30.566  30.418  30.277  6198.96     3631.0       r 
 62740.542  30.898  30.765  30.604  5182.42     3631.0    cyan 
 62740.542  31.184  31.046  30.885  4746.48     3631.0   g-P48 
 62740.542  31.222  31.085  30.925  4735.89     3631.0       g 
 62742.555  30.448  30.292  30.155  6629.82     3631.0  orange 
 62742.555  30.511  30.359  30.221  6366.38     3631.0   r-P48 
 62742.555  30.569  30.421  30.281  6198.96     3631.0       r 
 62742.555  30.902  30.769  30.608  5182.42     3631.0    cyan 
 62742.555  31.188  31.049  30.888  4746.48     3631.0   g-P48 
 62742.555  31.226  31.088  30.928  4735.89     3631.0       g 
 62744.569  30.452  30.295  30.158  6629.82     3631.0  orange 
 62744.569  30.515  30.362  30.225  6366.38     3631.0   r-P48 
 62744.569  30.573  30.425  30.284  6198.96     3631.0       r 
 62744.569  30.905  30.772  30.611  5182.42     3631.0    cyan 
 62744.569  31.191  31.053  30.892  4746.48     3631.0   g-P48 
 62744.569  31.229  31.092  30.932  4735.89     3631.0       g 
 62746.583  30.455  30.299  30.162  6629.82     3631.0  orange 
 62746.583  30.519  30.366  30.228  6366.38     3631.0   r-P48 
 62746.583  30.577  30.428  30.288  6198.96     3631.0       r 
 62746.583  30.909  30.776  30.615  5182.42     3631.0    cyan 
 62746.583  31.195  31.057  30.895  4746.48     3631.0   g-P48 
 62746.583  31.233  31.096  30.936  4735.89     3631.0       g 
 62748.596  30.459  30.303  30.165  6629.82     3631.0  orange 
 62748.596  30.522   30.37  30.232  6366.38     3631.0   r-P48 
 62748.596   30.58  30.432  30.291  6198.96     3631.0       r 
 62748.596  30.912  30.779  30.619  5182.42     3631.0    cyan 
 62748.596  31.198   31.06  30.899  4746.48     3631.0   g-P48 
 62748.596  31.237  31.099  30.939  4735.89     3631.0       g 
  62750.61  30.462  30.306  30.169  6629.82     3631.0  orange 
  62750.61  30.526  30.373  30.235  6366.38     3631.0   r-P48 
  62750.61  30.584  30.435  30.295  6198.96     3631.0       r 
  62750.61  30.916  30.783  30.622  5182.42     3631.0    cyan 
  62750.61  31.202  31.064  30.903  4746.48     3631.0   g-P48 
  62750.61   31.24  31.103  30.943  4735.89     3631.0       g 
 62752.624  30.466   30.31  30.172  6629.82     3631.0  orange 
 62752.624  30.529  30.377  30.239  6366.38     3631.0   r-P48 
 62752.624  30.587  30.439  30.298  6198.96     3631.0       r 
 62752.624   30.92  30.786  30.626  5182.42     3631.0    cyan 
 62752.624  31.205  31.067  30.906  4746.48     3631.0   g-P48 
 62752.624  31.244  31.106  30.946  4735.89     3631.0       g 
 62754.637  30.469  30.313  30.176  6629.82     3631.0  orange 
 62754.637  30.533   30.38  30.242  6366.38     3631.0   r-P48 
 62754.637  30.591  30.442  30.302  6198.96     3631.0       r 
 62754.637  30.923   30.79  30.629  5182.42     3631.0    cyan 
 62754.637  31.209  31.071   30.91  4746.48     3631.0   g-P48 
 62754.637  31.247   31.11   30.95  4735.89     3631.0       g 
 62756.651  30.473  30.317   30.18  6629.82     3631.0  orange 
 62756.651  30.536  30.384  30.246  6366.38     3631.0   r-P48 
 62756.651  30.594  30.446  30.305  6198.96     3631.0       r 
 62756.651  30.927  30.793  30.633  5182.42     3631.0    cyan 
 62756.651  31.212  31.074  30.913  4746.48     3631.0   g-P48 
 62756.651  31.251  31.113  30.953  4735.89     3631.0       g 
 62758.665  30.476   30.32  30.183  6629.82     3631.0  orange 
 62758.665   30.54  30.387  30.249  6366.38     3631.0   r-P48 
 62758.665  30.598   30.45  30.309  6198.96     3631.0       r 
 62758.665   30.93  30.797  30.636  5182.42     3631.0    cyan 
 62758.665  31.216  31.078  30.917  4746.48     3631.0   g-P48 
 62758.665  31.254  31.117  30.957  4735.89     3631.0       g 
 62760.678   30.48  30.324  30.187  6629.82     3631.0  orange 
 62760.678  30.543  30.391  30.253  6366.38     3631.0   r-P48 
 62760.678  30.602  30.453  30.313  6198.96     3631.0       r 
 62760.678  30.934  30.801   30.64  5182.42     3631.0    cyan 
 62760.678   31.22  31.081   30.92  4746.48     3631.0   g-P48 
 62760.678  31.258   31.12   30.96  4735.89     3631.0       g 
 62762.692  30.484  30.327   30.19  6629.82     3631.0  orange 
 62762.692  30.547  30.394  30.256  6366.38     3631.0   r-P48 
 62762.692  30.605  30.457  30.316  6198.96     3631.0       r 
 62762.692  30.937  30.804  30.643  5182.42     3631.0    cyan 
 62762.692  31.223  31.085  30.924  4746.48     3631.0   g-P48 
 62762.692  31.261  31.124  30.964  4735.89     3631.0       g 
 62764.706  30.487  30.331  30.194  6629.82     3631.0  orange 
 62764.706  30.551  30.398   30.26  6366.38     3631.0   r-P48 
 62764.706  30.609   30.46   30.32  6198.96     3631.0       r 
 62764.706  30.941  30.808  30.647  5182.42     3631.0    cyan 
 62764.706  31.227  31.088  30.927  4746.48     3631.0   g-P48 
 62764.706  31.265  31.128  30.967  4735.89     3631.0       g 
 62766.719  30.491  30.334  30.197  6629.82     3631.0  orange 
 62766.719  30.554  30.401  30.264  6366.38     3631.0   r-P48 
 62766.719  30.612  30.464  30.323  6198.96     3631.0       r 
 62766.719  30.944  30.811   30.65  5182.42     3631.0    cyan 
 62766.719   31.23  31.092  30.931  4746.48     3631.0   g-P48 
 62766.719  31.269  31.131  30.971  4735.89     3631.0       g 
 62768.733  30.494  30.338  30.201  6629.82     3631.0  orange 
 62768.733  30.558  30.405  30.267  6366.38     3631.0   r-P48 
 62768.733  30.616  30.467  30.327  6198.96     3631.0       r 
 62768.733  30.948  30.815  30.654  5182.42     3631.0    cyan 
 62768.733  31.234  31.096  30.934  4746.48     3631.0   g-P48 
 62768.733  31.272  31.135  30.974  4735.89     3631.0       g 
 62770.747  30.498  30.342  30.204  6629.82     3631.0  orange 
 62770.747  30.561  30.408  30.271  6366.38     3631.0   r-P48 
 62770.747  30.619  30.471   30.33  6198.96     3631.0       r 
 62770.747  30.951  30.818  30.657  5182.42     3631.0    cyan 
 62770.747  31.237  31.099  30.938  4746.48     3631.0   g-P48 
 62770.747  31.276  31.138  30.978  4735.89     3631.0       g 
  62772.76  30.501  30.345  30.208  6629.82     3631.0  orange 
  62772.76  30.565  30.412  30.274  6366.38     3631.0   r-P48 
  62772.76  30.623  30.474  30.334  6198.96     3631.0       r 
  62772.76  30.955  30.822  30.661  5182.42     3631.0    cyan 
  62772.76  31.241  31.103  30.941  4746.48     3631.0   g-P48 
  62772.76  31.279  31.142  30.982  4735.89     3631.0       g 
 62774.774  30.505  30.349  30.211  6629.82     3631.0  orange 
 62774.774  30.568  30.416  30.278  6366.38     3631.0   r-P48 
 62774.774  30.626  30.478  30.337  6198.96     3631.0       r 
 62774.774  30.959  30.825  30.664  5182.42     3631.0    cyan 
 62774.774  31.244  31.106  30.945  4746.48     3631.0   g-P48 
 62774.774  31.283  31.145  30.985  4735.89     3631.0       g 
 62776.788  30.508  30.352  30.215  6629.82     3631.0  orange 
 62776.788  30.572  30.419  30.281  6366.38     3631.0   r-P48 
 62776.788   30.63  30.481  30.341  6198.96     3631.0       r 
 62776.788  30.962  30.829  30.668  5182.42     3631.0    cyan 
 62776.788  31.248   31.11  30.948  4746.48     3631.0   g-P48 
 62776.788  31.286  31.149  30.989  4735.89     3631.0       g 
 62778.801  30.512  30.356  30.218  6629.82     3631.0  orange 
 62778.801  30.575  30.423  30.285  6366.38     3631.0   r-P48 
 62778.801  30.633  30.485  30.344  6198.96     3631.0       r 
 62778.801  30.966  30.832  30.671  5182.42     3631.0    cyan 
 62778.801  31.251  31.113  30.952  4746.48     3631.0   g-P48 
 62778.801   31.29  31.152  30.992  4735.89     3631.0       g 
 62780.815  30.515  30.359  30.222  6629.82     3631.0  orange 
 62780.815  30.579  30.426  30.288  6366.38     3631.0   r-P48 
 62780.815  30.637  30.488  30.348  6198.96     3631.0       r 
 62780.815  30.969  30.836  30.675  5182.42     3631.0    cyan 
 62780.815  31.255  31.117  30.955  4746.48     3631.0   g-P48 
 62780.815  31.293  31.156  30.996  4735.89     3631.0       g 
 62782.829  30.519  30.363  30.225  6629.82     3631.0  orange 
 62782.829  30.582   30.43  30.292  6366.38     3631.0   r-P48 
 62782.829   30.64  30.492  30.351  6198.96     3631.0       r 
 62782.829  30.973  30.839  30.678  5182.42     3631.0    cyan 
 62782.829  31.258   31.12  30.959  4746.48     3631.0   g-P48 
 62782.829  31.297  31.159  30.999  4735.89     3631.0       g 
 62784.842  30.522  30.366  30.229  6629.82     3631.0  orange 
 62784.842  30.586  30.433  30.295  6366.38     3631.0   r-P48 
 62784.842  30.644  30.495  30.355  6198.96     3631.0       r 
 62784.842  30.976  30.843  30.682  5182.42     3631.0    cyan 
 62784.842  31.262  31.124  30.962  4746.48     3631.0   g-P48 
 62784.842    31.3  31.163  31.003  4735.89     3631.0       g 
 62786.856  30.526   30.37  30.232  6629.82     3631.0  orange 
 62786.856  30.589  30.437  30.299  6366.38     3631.0   r-P48 
 62786.856  30.647  30.499  30.358  6198.96     3631.0       r 
 62786.856   30.98  30.846  30.685  5182.42     3631.0    cyan 
 62786.856  31.265  31.127  30.966  4746.48     3631.0   g-P48 
 62786.856  31.304  31.166  31.006  4735.89     3631.0       g 
  62788.87  30.529  30.373  30.236  6629.82     3631.0  orange 
  62788.87  30.593   30.44  30.302  6366.38     3631.0   r-P48 
  62788.87  30.651  30.502  30.362  6198.96     3631.0       r 
  62788.87  30.983   30.85  30.689  5182.42     3631.0    cyan 
  62788.87  31.269  31.131  30.969  4746.48     3631.0   g-P48 
  62788.87  31.307   31.17   31.01  4735.89     3631.0       g 
 62790.883  30.533  30.377  30.239  6629.82     3631.0  orange 
 62790.883  30.596  30.444  30.306  6366.38     3631.0   r-P48 
 62790.883  30.654  30.506  30.365  6198.96     3631.0       r 
 62790.883  30.987  30.853  30.692  5182.42     3631.0    cyan 
 62790.883  31.272  31.134  30.973  4746.48     3631.0   g-P48 
 62790.883  31.311  31.173  31.013  4735.89     3631.0       g 
 62792.897  30.536   30.38  30.243  6629.82     3631.0  orange 
 62792.897    30.6  30.447  30.309  6366.38     3631.0   r-P48 
 62792.897  30.658  30.509  30.369  6198.96     3631.0       r 
 62792.897   30.99  30.857  30.696  5182.42     3631.0    cyan 
 62792.897  31.276  31.138  30.976  4746.48     3631.0   g-P48 
 62792.897  31.314  31.177  31.017  4735.89     3631.0       g 
 62794.911   30.54  30.384  30.246  6629.82     3631.0  orange 
 62794.911  30.603  30.451  30.313  6366.38     3631.0   r-P48 
 62794.911  30.661  30.513  30.372  6198.96     3631.0       r 
 62794.911  30.994   30.86  30.699  5182.42     3631.0    cyan 
 62794.911  31.279  31.141   30.98  4746.48     3631.0   g-P48 
 62794.911  31.318   31.18   31.02  4735.89     3631.0       g 
 62796.924  30.543  30.387   30.25  6629.82     3631.0  orange 
 62796.924  30.607  30.454  30.316  6366.38     3631.0   r-P48 
 62796.924  30.665  30.516  30.376  6198.96     3631.0       r 
 62796.924  30.997  30.864  30.703  5182.42     3631.0    cyan 
 62796.924  31.283  31.145  30.983  4746.48     3631.0   g-P48 
 62796.924  31.321  31.184  31.024  4735.89     3631.0       g 
 62798.938  30.547  30.391  30.253  6629.82     3631.0  orange 
 62798.938   30.61  30.458   30.32  6366.38     3631.0   r-P48 
 62798.938  30.668   30.52  30.379  6198.96     3631.0       r 
 62798.938  31.001  30.867  30.706  5182.42     3631.0    cyan 
 62798.938  31.286  31.148  30.987  4746.48     3631.0   g-P48 
 62798.938  31.325  31.187  31.027  4735.89     3631.0       g 
 62800.952   30.55  30.394  30.257  6629.82     3631.0  orange 
 62800.952  30.614  30.461  30.323  6366.38     3631.0   r-P48 
 62800.952  30.672  30.523  30.383  6198.96     3631.0       r 
 62800.952  31.004  30.871   30.71  5182.42     3631.0    cyan 
 62800.952   31.29  31.152   30.99  4746.48     3631.0   g-P48 
 62800.952  31.328  31.191   31.03  4735.89     3631.0       g 
 62802.965  30.554  30.398   30.26  6629.82     3631.0  orange 
 62802.965  30.617  30.465  30.326  6366.38     3631.0   r-P48 
 62802.965  30.675  30.527  30.386  6198.96     3631.0       r 
 62802.965  31.008  30.874  30.713  5182.42     3631.0    cyan 
 62802.965  31.293  31.155  30.994  4746.48     3631.0   g-P48 
 62802.965  31.332  31.194  31.034  4735.89     3631.0       g 
 62804.979  30.557  30.401  30.264  6629.82     3631.0  orange 
 62804.979  30.621  30.468   30.33  6366.38     3631.0   r-P48 
 62804.979  30.679   30.53  30.389  6198.96     3631.0       r 
 62804.979  31.011  30.878  30.717  5182.42     3631.0    cyan 
 62804.979  31.297  31.159  30.997  4746.48     3631.0   g-P48 
 62804.979  31.335  31.198  31.037  4735.89     3631.0       g 
 62806.992  30.561  30.405  30.267  6629.82     3631.0  orange 
 62806.992  30.624  30.471  30.333  6366.38     3631.0   r-P48 
 62806.992  30.682  30.534  30.393  6198.96     3631.0       r 
 62806.992  31.015  30.881   30.72  5182.42     3631.0    cyan 
 62806.992    31.3  31.162  31.001  4746.48     3631.0   g-P48 
 62806.992  31.339  31.201  31.041  4735.89     3631.0       g 
 62809.006  30.564  30.408  30.271  6629.82     3631.0  orange 
 62809.006  30.628  30.475  30.337  6366.38     3631.0   r-P48 
 62809.006  30.686  30.537  30.396  6198.96     3631.0       r 
 62809.006  31.018  30.885  30.724  5182.42     3631.0    cyan 
 62809.006  31.304  31.166  31.004  4746.48     3631.0   g-P48 
 62809.006  31.342  31.205  31.044  4735.89     3631.0       g 
  62811.02  30.568  30.412  30.274  6629.82     3631.0  orange 
  62811.02  30.631  30.478   30.34  6366.38     3631.0   r-P48 
  62811.02  30.689  30.541    30.4  6198.96     3631.0       r 
  62811.02  31.022  30.888  30.727  5182.42     3631.0    cyan 
  62811.02  31.307  31.169  31.008  4746.48     3631.0   g-P48 
  62811.02  31.346  31.208  31.048  4735.89     3631.0       g 
 62813.033  30.571  30.415  30.278  6629.82     3631.0  orange 
 62813.033  30.635  30.482  30.344  6366.38     3631.0   r-P48 
 62813.033  30.693  30.544  30.403  6198.96     3631.0       r 
 62813.033  31.025  30.892  30.731  5182.42     3631.0    cyan 
 62813.033  31.311  31.173  31.011  4746.48     3631.0   g-P48 
 62813.033  31.349  31.212  31.051  4735.89     3631.0       g 
 62815.047  30.575  30.418  30.281  6629.82     3631.0  orange 
 62815.047  30.638  30.485  30.347  6366.38     3631.0   r-P48 
 62815.047  30.696  30.548  30.407  6198.96     3631.0       r 
 62815.047  31.029  30.895  30.734  5182.42     3631.0    cyan 
 62815.047  31.314  31.176  31.015  4746.48     3631.0   g-P48 
 62815.047  31.353  31.215  31.055  4735.89     3631.0       g 
 62817.061  30.578  30.422  30.284  6629.82     3631.0  orange 
 62817.061  30.642  30.489  30.351  6366.38     3631.0   r-P48 
 62817.061    30.7  30.551   30.41  6198.96     3631.0       r 
 62817.061  31.032  30.899  30.738  5182.42     3631.0    cyan 
 62817.061  31.318  31.179  31.018  4746.48     3631.0   g-P48 
 62817.061  31.356  31.219  31.058  4735.89     3631.0       g 
 62819.074  30.582  30.425  30.288  6629.82     3631.0  orange 
 62819.074  30.645  30.492  30.354  6366.38     3631.0   r-P48 
 62819.074  30.703  30.554  30.414  6198.96     3631.0       r 
 62819.074  31.035  30.902  30.741  5182.42     3631.0    cyan 
 62819.074  31.321  31.183  31.021  4746.48     3631.0   g-P48 
 62819.074   31.36  31.222  31.062  4735.89     3631.0       g 
 62821.088  30.585  30.429  30.291  6629.82     3631.0  orange 
 62821.088  30.649  30.496  30.358  6366.38     3631.0   r-P48 
 62821.088  30.707  30.558  30.417  6198.96     3631.0       r 
 62821.088  31.039  30.906  30.744  5182.42     3631.0    cyan 
 62821.088  31.325  31.186  31.025  4746.48     3631.0   g-P48 
 62821.088  31.363  31.225  31.065  4735.89     3631.0       g 
 62823.102  30.589  30.432  30.295  6629.82     3631.0  orange 
 62823.102  30.652  30.499  30.361  6366.38     3631.0   r-P48 
 62823.102   30.71  30.561  30.421  6198.96     3631.0       r 
 62823.102  31.042  30.909  30.748  5182.42     3631.0    cyan 
 62823.102  31.328   31.19  31.028  4746.48     3631.0   g-P48 
 62823.102  31.366  31.229  31.069  4735.89     3631.0       g 
 62825.115  30.592  30.436  30.298  6629.82     3631.0  orange 
 62825.115  30.656  30.503  30.364  6366.38     3631.0   r-P48 
 62825.115  30.714  30.565  30.424  6198.96     3631.0       r 
 62825.115  31.046  30.913  30.751  5182.42     3631.0    cyan 
 62825.115  31.332  31.193  31.032  4746.48     3631.0   g-P48 
 62825.115   31.37  31.232  31.072  4735.89     3631.0       g 
 62827.129  30.596  30.439  30.302  6629.82     3631.0  orange 
 62827.129  30.659  30.506  30.368  6366.38     3631.0   r-P48 
 62827.129  30.717  30.568  30.427  6198.96     3631.0       r 
 62827.129  31.049  30.916  30.755  5182.42     3631.0    cyan 
 62827.129  31.335  31.197  31.035  4746.48     3631.0   g-P48 
 62827.129  31.373  31.236  31.075  4735.89     3631.0       g 
 62829.143  30.599  30.443  30.305  6629.82     3631.0  orange 
 62829.143  30.662  30.509  30.371  6366.38     3631.0   r-P48 
 62829.143  30.721  30.572  30.431  6198.96     3631.0       r 
 62829.143  31.053  30.919  30.758  5182.42     3631.0    cyan 
 62829.143  31.338    31.2  31.039  4746.48     3631.0   g-P48 
 62829.143  31.377  31.239  31.079  4735.89     3631.0       g 
 62831.156  30.603  30.446  30.309  6629.82     3631.0  orange 
 62831.156  30.666  30.513  30.375  6366.38     3631.0   r-P48 
 62831.156  30.724  30.575  30.434  6198.96     3631.0       r 
 62831.156  31.056  30.923  30.762  5182.42     3631.0    cyan 
 62831.156  31.342  31.204  31.042  4746.48     3631.0   g-P48 
 62831.156   31.38  31.243  31.082  4735.89     3631.0       g 
  62833.17  30.606   30.45  30.312  6629.82     3631.0  orange 
  62833.17  30.669  30.516  30.378  6366.38     3631.0   r-P48 
  62833.17  30.727  30.579  30.438  6198.96     3631.0       r 
  62833.17   31.06  30.926  30.765  5182.42     3631.0    cyan 
  62833.17  31.345  31.207  31.046  4746.48     3631.0   g-P48 
  62833.17  31.384  31.246  31.086  4735.89     3631.0       g 
 62835.184  30.609  30.453  30.315  6629.82     3631.0  orange 
 62835.184  30.673   30.52  30.382  6366.38     3631.0   r-P48 
 62835.184  30.731  30.582  30.441  6198.96     3631.0       r 
 62835.184  31.063   30.93  30.769  5182.42     3631.0    cyan 
 62835.184  31.349   31.21  31.049  4746.48     3631.0   g-P48 
 62835.184  31.387   31.25  31.089  4735.89     3631.0       g 
 62837.197  30.613  30.456  30.319  6629.82     3631.0  orange 
 62837.197  30.676  30.523  30.385  6366.38     3631.0   r-P48 
 62837.197  30.734  30.585  30.445  6198.96     3631.0       r 
 62837.197  31.067  30.933  30.772  5182.42     3631.0    cyan 
 62837.197  31.352  31.214  31.052  4746.48     3631.0   g-P48 
 62837.197  31.391  31.253  31.093  4735.89     3631.0       g 
 62839.211  30.616   30.46  30.322  6629.82     3631.0  orange 
 62839.211   30.68  30.527  30.388  6366.38     3631.0   r-P48 
 62839.211  30.738  30.589  30.448  6198.96     3631.0       r 
 62839.211   31.07  30.937  30.775  5182.42     3631.0    cyan 
 62839.211  31.356  31.217  31.056  4746.48     3631.0   g-P48 
 62839.211  31.394  31.256  31.096  4735.89     3631.0       g 
 62841.225   30.62  30.463  30.326  6629.82     3631.0  orange 
 62841.225  30.683   30.53  30.392  6366.38     3631.0   r-P48 
 62841.225  30.741  30.592  30.451  6198.96     3631.0       r 
 62841.225  31.073   30.94  30.779  5182.42     3631.0    cyan 
 62841.225  31.359  31.221  31.059  4746.48     3631.0   g-P48 
 62841.225  31.397   31.26  31.099  4735.89     3631.0       g 
 62843.238  30.623  30.467  30.329  6629.82     3631.0  orange 
 62843.238  30.687  30.534  30.395  6366.38     3631.0   r-P48 
 62843.238  30.745  30.596  30.455  6198.96     3631.0       r 
 62843.238  31.077  30.943  30.782  5182.42     3631.0    cyan 
 62843.238  31.363  31.224  31.063  4746.48     3631.0   g-P48 
 62843.238  31.401  31.263  31.103  4735.89     3631.0       g 
 62845.252  30.627   30.47  30.333  6629.82     3631.0  orange 
 62845.252   30.69  30.537  30.399  6366.38     3631.0   r-P48 
 62845.252  30.748  30.599  30.458  6198.96     3631.0       r 
 62845.252   31.08  30.947  30.786  5182.42     3631.0    cyan 
 62845.252  31.366  31.228  31.066  4746.48     3631.0   g-P48 
 62845.252  31.404  31.267  31.106  4735.89     3631.0       g 
 62847.266   30.63  30.474  30.336  6629.82     3631.0  orange 
 62847.266  30.693   30.54  30.402  6366.38     3631.0   r-P48 
 62847.266  30.752  30.603  30.462  6198.96     3631.0       r 
 62847.266  31.084   30.95  30.789  5182.42     3631.0    cyan 
 62847.266  31.369  31.231  31.069  4746.48     3631.0   g-P48 
 62847.266  31.408   31.27   31.11  4735.89     3631.0       g 
 62849.279  30.633  30.477  30.339  6629.82     3631.0  orange 
 62849.279  30.697  30.544  30.406  6366.38     3631.0   r-P48 
 62849.279  30.755  30.606  30.465  6198.96     3631.0       r 
 62849.279  31.087  30.954  30.792  5182.42     3631.0    cyan 
 62849.279  31.373  31.234  31.073  4746.48     3631.0   g-P48 
 62849.279  31.411  31.274  31.113  4735.89     3631.0       g 
 62851.293  30.637   30.48  30.343  6629.82     3631.0  orange 
 62851.293    30.7  30.547  30.409  6366.38     3631.0   r-P48 
 62851.293  30.758  30.609  30.468  6198.96     3631.0       r 
 62851.293  31.091  30.957  30.796  5182.42     3631.0    cyan 
 62851.293  31.376  31.238  31.076  4746.48     3631.0   g-P48 
 62851.293  31.415  31.277  31.117  4735.89     3631.0       g 
 62853.307   30.64  30.484  30.346  6629.82     3631.0  orange 
 62853.307  30.704  30.551  30.412  6366.38     3631.0   r-P48 
 62853.307  30.762  30.613  30.472  6198.96     3631.0       r 
 62853.307  31.094  30.961  30.799  5182.42     3631.0    cyan 
 62853.307   31.38  31.241   31.08  4746.48     3631.0   g-P48 
 62853.307  31.418   31.28   31.12  4735.89     3631.0       g 
  62855.32  30.644  30.487   30.35  6629.82     3631.0  orange 
  62855.32  30.707  30.554  30.416  6366.38     3631.0   r-P48 
  62855.32  30.765  30.616  30.475  6198.96     3631.0       r 
  62855.32  31.097  30.964  30.803  5182.42     3631.0    cyan 
  62855.32  31.383  31.245  31.083  4746.48     3631.0   g-P48 
  62855.32  31.421  31.284  31.123  4735.89     3631.0       g 
 62857.334  30.647  30.491  30.353  6629.82     3631.0  orange 
 62857.334  30.711  30.557  30.419  6366.38     3631.0   r-P48 
 62857.334  30.769   30.62  30.479  6198.96     3631.0       r 
 62857.334  31.101  30.967  30.806  5182.42     3631.0    cyan 
 62857.334  31.386  31.248  31.087  4746.48     3631.0   g-P48 
 62857.334  31.425  31.287  31.127  4735.89     3631.0       g 
 62859.348  30.651  30.494  30.356  6629.82     3631.0  orange 
 62859.348  30.714  30.561  30.423  6366.38     3631.0   r-P48 
 62859.348  30.772  30.623  30.482  6198.96     3631.0       r 
 62859.348  31.104  30.971  30.809  5182.42     3631.0    cyan 
 62859.348   31.39  31.252   31.09  4746.48     3631.0   g-P48 
 62859.348  31.428  31.291   31.13  4735.89     3631.0       g 
 62861.361  30.654  30.497   30.36  6629.82     3631.0  orange 
 62861.361  30.717  30.564  30.426  6366.38     3631.0   r-P48 
 62861.361  30.775  30.626  30.485  6198.96     3631.0       r 
 62861.361  31.108  30.974  30.813  5182.42     3631.0    cyan 
 62861.361  31.393  31.255  31.093  4746.48     3631.0   g-P48 
 62861.361  31.432  31.294  31.134  4735.89     3631.0       g 
 62863.375  30.657  30.501  30.363  6629.82     3631.0  orange 
 62863.375  30.721  30.568  30.429  6366.38     3631.0   r-P48 
 62863.375  30.779   30.63  30.489  6198.96     3631.0       r 
 62863.375  31.111  30.978  30.816  5182.42     3631.0    cyan 
 62863.375  31.397  31.258  31.097  4746.48     3631.0   g-P48 
 62863.375  31.435  31.297  31.137  4735.89     3631.0       g 
 62865.389  30.661  30.504  30.367  6629.82     3631.0  orange 
 62865.389  30.724  30.571  30.433  6366.38     3631.0   r-P48 
 62865.389  30.782  30.633  30.492  6198.96     3631.0       r 
 62865.389  31.114  30.981   30.82  5182.42     3631.0    cyan 
 62865.389    31.4  31.262    31.1  4746.48     3631.0   g-P48 
 62865.389  31.438  31.301   31.14  4735.89     3631.0       g 
 62867.402  30.664  30.508   30.37  6629.82     3631.0  orange 
 62867.402  30.728  30.574  30.436  6366.38     3631.0   r-P48 
 62867.402  30.786  30.637  30.496  6198.96     3631.0       r 
 62867.402  31.118  30.984  30.823  5182.42     3631.0    cyan 
 62867.402  31.403  31.265  31.103  4746.48     3631.0   g-P48 
 62867.402  31.442  31.304  31.144  4735.89     3631.0       g 
 62869.416  30.668  30.511  30.373  6629.82     3631.0  orange 
 62869.416  30.731  30.578  30.439  6366.38     3631.0   r-P48 
 62869.416  30.789   30.64  30.499  6198.96     3631.0       r 
 62869.416  31.121  30.988  30.826  5182.42     3631.0    cyan 
 62869.416  31.407  31.269  31.107  4746.48     3631.0   g-P48 
 62869.416  31.445  31.308  31.147  4735.89     3631.0       g 
  62871.43  30.671  30.514  30.377  6629.82     3631.0  orange 
  62871.43  30.734  30.581  30.443  6366.38     3631.0   r-P48 
  62871.43  30.792  30.643  30.502  6198.96     3631.0       r 
  62871.43  31.125  30.991   30.83  5182.42     3631.0    cyan 
  62871.43   31.41  31.272   31.11  4746.48     3631.0   g-P48 
  62871.43  31.449  31.311   31.15  4735.89     3631.0       g 
 62873.443  30.674  30.518   30.38  6629.82     3631.0  orange 
 62873.443  30.738  30.585  30.446  6366.38     3631.0   r-P48 
 62873.443  30.796  30.647  30.506  6198.96     3631.0       r 
 62873.443  31.128  30.995  30.833  5182.42     3631.0    cyan 
 62873.443  31.414  31.275  31.114  4746.48     3631.0   g-P48 
 62873.443  31.452  31.314  31.154  4735.89     3631.0       g 
 62875.457  30.678  30.521  30.383  6629.82     3631.0  orange 
 62875.457  30.741  30.588   30.45  6366.38     3631.0   r-P48 
 62875.457  30.799   30.65  30.509  6198.96     3631.0       r 
 62875.457  31.131  30.998  30.837  5182.42     3631.0    cyan 
 62875.457  31.417  31.279  31.117  4746.48     3631.0   g-P48 
 62875.457  31.455  31.318  31.157  4735.89     3631.0       g 
 62877.471  30.681  30.525  30.387  6629.82     3631.0  orange 
 62877.471  30.745  30.591  30.453  6366.38     3631.0   r-P48 
 62877.471  30.803  30.654  30.513  6198.96     3631.0       r 
 62877.471  31.135  31.001   30.84  5182.42     3631.0    cyan 
 62877.471   31.42  31.282   31.12  4746.48     3631.0   g-P48 
 62877.471  31.459  31.321  31.161  4735.89     3631.0       g 
 62879.484  30.685  30.528   30.39  6629.82     3631.0  orange 
 62879.484  30.748  30.595  30.456  6366.38     3631.0   r-P48 
 62879.484  30.806  30.657  30.516  6198.96     3631.0       r 
 62879.484  31.138  31.005  30.843  5182.42     3631.0    cyan 
 62879.484  31.424  31.285  31.124  4746.48     3631.0   g-P48 
 62879.484  31.462  31.325  31.164  4735.89     3631.0       g 
 62881.498  30.688  30.531  30.394  6629.82     3631.0  orange 
 62881.498  30.751  30.598   30.46  6366.38     3631.0   r-P48 
 62881.498  30.809   30.66  30.519  6198.96     3631.0       r 
 62881.498  31.142  31.008  30.847  5182.42     3631.0    cyan 
 62881.498  31.427  31.289  31.127  4746.48     3631.0   g-P48 
 62881.498  31.466  31.328  31.167  4735.89     3631.0       g 
 62883.512  30.691  30.535  30.397  6629.82     3631.0  orange 
 62883.512  30.755  30.601  30.463  6366.38     3631.0   r-P48 
 62883.512  30.813  30.664  30.523  6198.96     3631.0       r 
 62883.512  31.145  31.012   30.85  5182.42     3631.0    cyan 
 62883.512  31.431  31.292   31.13  4746.48     3631.0   g-P48 
 62883.512  31.469  31.331  31.171  4735.89     3631.0       g 
 62885.525  30.695  30.538    30.4  6629.82     3631.0  orange 
 62885.525  30.758  30.605  30.466  6366.38     3631.0   r-P48 
 62885.525  30.816  30.667  30.526  6198.96     3631.0       r 
 62885.525  31.148  31.015  30.853  5182.42     3631.0    cyan 
 62885.525  31.434  31.296  31.134  4746.48     3631.0   g-P48 
 62885.525  31.472  31.335  31.174  4735.89     3631.0       g 
 62887.539  30.698  30.541  30.404  6629.82     3631.0  orange 
 62887.539  30.761  30.608   30.47  6366.38     3631.0   r-P48 
 62887.539   30.82   30.67  30.529  6198.96     3631.0       r 
 62887.539  31.152  31.018  30.857  5182.42     3631.0    cyan 
 62887.539  31.437  31.299  31.137  4746.48     3631.0   g-P48 
 62887.539  31.476  31.338  31.177  4735.89     3631.0       g 
 62889.553  30.701  30.545  30.407  6629.82     3631.0  orange 
 62889.553  30.765  30.612  30.473  6366.38     3631.0   r-P48 
 62889.553  30.823  30.674  30.533  6198.96     3631.0       r 
 62889.553  31.155  31.022   30.86  5182.42     3631.0    cyan 
 62889.553  31.441  31.302  31.141  4746.48     3631.0   g-P48 
 62889.553  31.479  31.341  31.181  4735.89     3631.0       g 
 62891.566  30.705  30.548   30.41  6629.82     3631.0  orange 
 62891.566  30.768  30.615  30.477  6366.38     3631.0   r-P48 
 62891.566  30.826  30.677  30.536  6198.96     3631.0       r 
 62891.566  31.158  31.025  30.864  5182.42     3631.0    cyan 
 62891.566  31.444  31.306  31.144  4746.48     3631.0   g-P48 
 62891.566  31.482  31.345  31.184  4735.89     3631.0       g 
  62893.58  30.708  30.552  30.414  6629.82     3631.0  orange 
  62893.58  30.772  30.618   30.48  6366.38     3631.0   r-P48 
  62893.58   30.83   30.68  30.539  6198.96     3631.0       r 
  62893.58  31.162  31.028  30.867  5182.42     3631.0    cyan 
  62893.58  31.447  31.309  31.147  4746.48     3631.0   g-P48 
  62893.58  31.486  31.348  31.188  4735.89     3631.0       g 
 62895.594  30.712  30.555  30.417  6629.82     3631.0  orange 
 62895.594  30.775  30.622  30.483  6366.38     3631.0   r-P48 
 62895.594  30.833  30.684  30.543  6198.96     3631.0       r 
 62895.594  31.165  31.032   30.87  5182.42     3631.0    cyan 
 62895.594  31.451  31.312  31.151  4746.48     3631.0   g-P48 
 62895.594  31.489  31.351  31.191  4735.89     3631.0       g 
 62897.607  30.715  30.558   30.42  6629.82     3631.0  orange 
 62897.607  30.778  30.625  30.487  6366.38     3631.0   r-P48 
 62897.607  30.836  30.687  30.546  6198.96     3631.0       r 
 62897.607  31.169  31.035  30.874  5182.42     3631.0    cyan 
 62897.607  31.454  31.316  31.154  4746.48     3631.0   g-P48 
 62897.607  31.493  31.355  31.194  4735.89     3631.0       g 
 62899.621  30.718  30.562  30.424  6629.82     3631.0  orange 
 62899.621  30.782  30.628   30.49  6366.38     3631.0   r-P48 
 62899.621   30.84  30.691  30.549  6198.96     3631.0       r 
 62899.621  31.172  31.038  30.877  5182.42     3631.0    cyan 
 62899.621  31.458  31.319  31.157  4746.48     3631.0   g-P48 
 62899.621  31.496  31.358  31.198  4735.89     3631.0       g 
 62901.635  30.722  30.565  30.427  6629.82     3631.0  orange 
 62901.635  30.785  30.632  30.493  6366.38     3631.0   r-P48 
 62901.635  30.843  30.694  30.553  6198.96     3631.0       r 
 62901.635  31.175  31.042   30.88  5182.42     3631.0    cyan 
 62901.635  31.461  31.322  31.161  4746.48     3631.0   g-P48 
 62901.635  31.499  31.362  31.201  4735.89     3631.0       g 
 62903.648  30.725  30.568  30.431  6629.82     3631.0  orange 
 62903.648  30.788  30.635  30.497  6366.38     3631.0   r-P48 
 62903.648  30.846  30.697  30.556  6198.96     3631.0       r 
 62903.648  31.179  31.045  30.884  5182.42     3631.0    cyan 
 62903.648  31.464  31.326  31.164  4746.48     3631.0   g-P48 
 62903.648  31.503  31.365  31.204  4735.89     3631.0       g 
 62905.662  30.728  30.572  30.434  6629.82     3631.0  orange 
 62905.662  30.792  30.638    30.5  6366.38     3631.0   r-P48 
 62905.662   30.85  30.701  30.559  6198.96     3631.0       r 
 62905.662  31.182  31.049  30.887  5182.42     3631.0    cyan 
 62905.662  31.468  31.329  31.167  4746.48     3631.0   g-P48 
 62905.662  31.506  31.368  31.208  4735.89     3631.0       g 
 62907.676  30.732  30.575  30.437  6629.82     3631.0  orange 
 62907.676  30.795  30.642  30.503  6366.38     3631.0   r-P48 
 62907.676  30.853  30.704  30.563  6198.96     3631.0       r 
 62907.676  31.185  31.052   30.89  5182.42     3631.0    cyan 
 62907.676  31.471  31.333  31.171  4746.48     3631.0   g-P48 
 62907.676  31.509  31.372  31.211  4735.89     3631.0       g 
 62909.689  30.735  30.578  30.441  6629.82     3631.0  orange 
 62909.689  30.798  30.645  30.507  6366.38     3631.0   r-P48 
 62909.689  30.857  30.707  30.566  6198.96     3631.0       r 
 62909.689  31.189  31.055  30.894  5182.42     3631.0    cyan 
 62909.689  31.474  31.336  31.174  4746.48     3631.0   g-P48 
 62909.689  31.513  31.375  31.214  4735.89     3631.0       g 
 62911.703  30.738  30.582  30.444  6629.82     3631.0  orange 
 62911.703  30.802  30.648   30.51  6366.38     3631.0   r-P48 
 62911.703   30.86  30.711  30.569  6198.96     3631.0       r 
 62911.703  31.192  31.059  30.897  5182.42     3631.0    cyan 
 62911.703  31.478  31.339  31.177  4746.48     3631.0   g-P48 
 62911.703  31.516  31.378  31.218  4735.89     3631.0       g 
 62913.716  30.742  30.585  30.447  6629.82     3631.0  orange 
 62913.716  30.805  30.652  30.513  6366.38     3631.0   r-P48 
 62913.716  30.863  30.714  30.573  6198.96     3631.0       r 
 62913.716  31.195  31.062    30.9  5182.42     3631.0    cyan 
 62913.716  31.481  31.343  31.181  4746.48     3631.0   g-P48 
 62913.716  31.519  31.382  31.221  4735.89     3631.0       g 
  62915.73  30.745  30.588  30.451  6629.82     3631.0  orange 
  62915.73  30.808  30.655  30.517  6366.38     3631.0   r-P48 
  62915.73  30.867  30.717  30.576  6198.96     3631.0       r 
  62915.73  31.199  31.065  30.904  5182.42     3631.0    cyan 
  62915.73  31.484  31.346  31.184  4746.48     3631.0   g-P48 
  62915.73  31.523  31.385  31.224  4735.89     3631.0       g 
 62917.744  30.748  30.592  30.454  6629.82     3631.0  orange 
 62917.744  30.812  30.658   30.52  6366.38     3631.0   r-P48 
 62917.744   30.87  30.721  30.579  6198.96     3631.0       r 
 62917.744  31.202  31.069  30.907  5182.42     3631.0    cyan 
 62917.744  31.488  31.349  31.187  4746.48     3631.0   g-P48 
 62917.744  31.526  31.388  31.228  4735.89     3631.0       g 
 62919.757  30.752  30.595  30.457  6629.82     3631.0  orange 
 62919.757  30.815  30.662  30.523  6366.38     3631.0   r-P48 
 62919.757  30.873  30.724  30.583  6198.96     3631.0       r 
 62919.757  31.205  31.072   30.91  5182.42     3631.0    cyan 
 62919.757  31.491  31.353  31.191  4746.48     3631.0   g-P48 
 62919.757  31.529  31.392  31.231  4735.89     3631.0       g 
 62921.771  30.755  30.598   30.46  6629.82     3631.0  orange 
 62921.771  30.818  30.665  30.526  6366.38     3631.0   r-P48 
 62921.771  30.877  30.727  30.586  6198.96     3631.0       r 
 62921.771  31.209  31.075  30.914  5182.42     3631.0    cyan 
 62921.771  31.494  31.356  31.194  4746.48     3631.0   g-P48 
 62921.771  31.533  31.395  31.234  4735.89     3631.0       g 
 62923.785  30.758  30.602  30.464  6629.82     3631.0  orange 
 62923.785  30.822  30.668   30.53  6366.38     3631.0   r-P48 
 62923.785   30.88  30.731  30.589  6198.96     3631.0       r 
 62923.785  31.212  31.079  30.917  5182.42     3631.0    cyan 
 62923.785  31.498  31.359  31.197  4746.48     3631.0   g-P48 
 62923.785  31.536  31.398  31.238  4735.89     3631.0       g 
 62925.798  30.762  30.605  30.467  6629.82     3631.0  orange 
 62925.798  30.825  30.672  30.533  6366.38     3631.0   r-P48 
 62925.798  30.883  30.734  30.593  6198.96     3631.0       r 
 62925.798  31.215  31.082   30.92  5182.42     3631.0    cyan 
 62925.798  31.501  31.362  31.201  4746.48     3631.0   g-P48 
 62925.798  31.539  31.402  31.241  4735.89     3631.0       g 
 62927.812  30.765  30.608   30.47  6629.82     3631.0  orange 
 62927.812  30.828  30.675  30.536  6366.38     3631.0   r-P48 
 62927.812  30.887  30.737  30.596  6198.96     3631.0       r 
 62927.812  31.219  31.085  30.924  5182.42     3631.0    cyan 
 62927.812  31.504  31.366  31.204  4746.48     3631.0   g-P48 
 62927.812  31.543  31.405  31.244  4735.89     3631.0       g 
 62929.826  30.768  30.612  30.474  6629.82     3631.0  orange 
 62929.826  30.832  30.678   30.54  6366.38     3631.0   r-P48 
 62929.826   30.89  30.741  30.599  6198.96     3631.0       r 
 62929.826  31.222  31.088  30.927  5182.42     3631.0    cyan 
 62929.826  31.508  31.369  31.207  4746.48     3631.0   g-P48 
 62929.826  31.546  31.408  31.247  4735.89     3631.0       g 
 62931.839  30.772  30.615  30.477  6629.82     3631.0  orange 
 62931.839  30.835  30.682  30.543  6366.38     3631.0   r-P48 
 62931.839  30.893  30.744  30.603  6198.96     3631.0       r 
 62931.839  31.225  31.092   30.93  5182.42     3631.0    cyan 
 62931.839  31.511  31.372  31.211  4746.48     3631.0   g-P48 
 62931.839  31.549  31.411  31.251  4735.89     3631.0       g 
 62933.853  30.775  30.618   30.48  6629.82     3631.0  orange 
 62933.853  30.838  30.685  30.546  6366.38     3631.0   r-P48 
 62933.853  30.897  30.747  30.606  6198.96     3631.0       r 
 62933.853  31.229  31.095  30.933  5182.42     3631.0    cyan 
 62933.853  31.514  31.376  31.214  4746.48     3631.0   g-P48 
 62933.853  31.553  31.415  31.254  4735.89     3631.0       g 
 62935.867  30.778  30.622  30.484  6629.82     3631.0  orange 
 62935.867  30.842  30.688   30.55  6366.38     3631.0   r-P48 
 62935.867    30.9   30.75  30.609  6198.96     3631.0       r 
 62935.867  31.232  31.098  30.937  5182.42     3631.0    cyan 
 62935.867  31.518  31.379  31.217  4746.48     3631.0   g-P48 
 62935.867  31.556  31.418  31.257  4735.89     3631.0       g 
  62937.88  30.782  30.625  30.487  6629.82     3631.0  orange 
  62937.88  30.845  30.691  30.553  6366.38     3631.0   r-P48 
  62937.88  30.903  30.754  30.612  6198.96     3631.0       r 
  62937.88  31.235  31.102   30.94  5182.42     3631.0    cyan 
  62937.88  31.521  31.382   31.22  4746.48     3631.0   g-P48 
  62937.88  31.559  31.421  31.261  4735.89     3631.0       g 
 62939.894  30.785  30.628   30.49  6629.82     3631.0  orange 
 62939.894  30.848  30.695  30.556  6366.38     3631.0   r-P48 
 62939.894  30.906  30.757  30.616  6198.96     3631.0       r 
 62939.894  31.239  31.105  30.943  5182.42     3631.0    cyan 
 62939.894  31.524  31.386  31.224  4746.48     3631.0   g-P48 
 62939.894  31.563  31.425  31.264  4735.89     3631.0       g 
 62941.908  30.788  30.631  30.494  6629.82     3631.0  orange 
 62941.908  30.852  30.698   30.56  6366.38     3631.0   r-P48 
 62941.908   30.91   30.76  30.619  6198.96     3631.0       r 
 62941.908  31.242  31.108  30.947  5182.42     3631.0    cyan 
 62941.908  31.527  31.389  31.227  4746.48     3631.0   g-P48 
 62941.908  31.566  31.428  31.267  4735.89     3631.0       g 
 62943.921  30.792  30.635  30.497  6629.82     3631.0  orange 
 62943.921  30.855  30.701  30.563  6366.38     3631.0   r-P48 
 62943.921  30.913  30.764  30.622  6198.96     3631.0       r 
 62943.921  31.245  31.112   30.95  5182.42     3631.0    cyan 
 62943.921  31.531  31.392   31.23  4746.48     3631.0   g-P48 
 62943.921  31.569  31.431  31.271  4735.89     3631.0       g 
 62945.935  30.795  30.638    30.5  6629.82     3631.0  orange 
 62945.935  30.858  30.705  30.566  6366.38     3631.0   r-P48 
 62945.935  30.916  30.767  30.626  6198.96     3631.0       r 
 62945.935  31.248  31.115  30.953  5182.42     3631.0    cyan 
 62945.935  31.534  31.396  31.234  4746.48     3631.0   g-P48 
 62945.935  31.572  31.435  31.274  4735.89     3631.0       g 
 62947.949  30.798  30.641  30.503  6629.82     3631.0  orange 
 62947.949  30.862  30.708  30.569  6366.38     3631.0   r-P48 
 62947.949   30.92   30.77  30.629  6198.96     3631.0       r 
 62947.949  31.252  31.118  30.957  5182.42     3631.0    cyan 
 62947.949  31.537  31.399  31.237  4746.48     3631.0   g-P48 
 62947.949  31.576  31.438  31.277  4735.89     3631.0       g 
 62949.962  30.801  30.645  30.507  6629.82     3631.0  orange 
 62949.962  30.865  30.711  30.573  6366.38     3631.0   r-P48 
 62949.962  30.923  30.773  30.632  6198.96     3631.0       r 
 62949.962  31.255  31.122   30.96  5182.42     3631.0    cyan 
 62949.962  31.541  31.402   31.24  4746.48     3631.0   g-P48 
 62949.962  31.579  31.441   31.28  4735.89     3631.0       g 
 62951.976  30.805  30.648   30.51  6629.82     3631.0  orange 
 62951.976  30.868  30.715  30.576  6366.38     3631.0   r-P48 
 62951.976  30.926  30.777  30.635  6198.96     3631.0       r 
 62951.976  31.258  31.125  30.963  5182.42     3631.0    cyan 
 62951.976  31.544  31.405  31.243  4746.48     3631.0   g-P48 
 62951.976  31.582  31.444  31.284  4735.89     3631.0       g 
  62953.99  30.808  30.651  30.513  6629.82     3631.0  orange 
  62953.99  30.871  30.718  30.579  6366.38     3631.0   r-P48 
  62953.99   30.93   30.78  30.639  6198.96     3631.0       r 
  62953.99  31.262  31.128  30.966  5182.42     3631.0    cyan 
  62953.99  31.547  31.409  31.247  4746.48     3631.0   g-P48 
  62953.99  31.586  31.448  31.287  4735.89     3631.0       g 
 62956.003  30.811  30.654  30.516  6629.82     3631.0  orange 
 62956.003  30.875  30.721  30.582  6366.38     3631.0   r-P48 
 62956.003  30.933  30.783  30.642  6198.96     3631.0       r 
 62956.003  31.265  31.131   30.97  5182.42     3631.0    cyan 
 62956.003   31.55  31.412   31.25  4746.48     3631.0   g-P48 
 62956.003  31.589  31.451   31.29  4735.89     3631.0       g 
 62958.017  30.815  30.658   30.52  6629.82     3631.0  orange 
 62958.017  30.878  30.724  30.586  6366.38     3631.0   r-P48 
 62958.017  30.936  30.787  30.645  6198.96     3631.0       r 
 62958.017  31.268  31.135  30.973  5182.42     3631.0    cyan 
 62958.017  31.554  31.415  31.253  4746.48     3631.0   g-P48 
 62958.017  31.592  31.454  31.293  4735.89     3631.0       g 
 62960.031  30.818  30.661  30.523  6629.82     3631.0  orange 
 62960.031  30.881  30.728  30.589  6366.38     3631.0   r-P48 
 62960.031  30.939   30.79  30.649  6198.96     3631.0       r 
 62960.031  31.271  31.138  30.976  5182.42     3631.0    cyan 
 62960.031  31.557  31.419  31.257  4746.48     3631.0   g-P48 
 62960.031  31.595  31.458  31.297  4735.89     3631.0       g 
 62962.044  30.821  30.664  30.526  6629.82     3631.0  orange 
 62962.044  30.885  30.731  30.592  6366.38     3631.0   r-P48 
 62962.044  30.943  30.793  30.652  6198.96     3631.0       r 
 62962.044  31.275  31.141  30.979  5182.42     3631.0    cyan 
 62962.044   31.56  31.422   31.26  4746.48     3631.0   g-P48 
 62962.044  31.599  31.461    31.3  4735.89     3631.0       g 
 62964.058  30.825  30.668   30.53  6629.82     3631.0  orange 
 62964.058  30.888  30.734  30.596  6366.38     3631.0   r-P48 
 62964.058  30.946  30.796  30.655  6198.96     3631.0       r 
 62964.058  31.278  31.145  30.983  5182.42     3631.0    cyan 
 62964.058  31.564  31.425  31.263  4746.48     3631.0   g-P48 
 62964.058  31.602  31.464  31.303  4735.89     3631.0       g 
 62966.072  30.828  30.671  30.533  6629.82     3631.0  orange 
 62966.072  30.891  30.737  30.599  6366.38     3631.0   r-P48 
 62966.072  30.949    30.8  30.658  6198.96     3631.0       r 
 62966.072  31.281  31.148  30.986  5182.42     3631.0    cyan 
 62966.072  31.567  31.428  31.266  4746.48     3631.0   g-P48 
 62966.072  31.605  31.467  31.307  4735.89     3631.0       g 
 62968.085  30.831  30.674  30.536  6629.82     3631.0  orange 
 62968.085  30.894  30.741  30.602  6366.38     3631.0   r-P48 
 62968.085  30.953  30.803  30.662  6198.96     3631.0       r 
 62968.085  31.285  31.151  30.989  5182.42     3631.0    cyan 
 62968.085   31.57  31.432   31.27  4746.48     3631.0   g-P48 
 62968.085  31.609  31.471   31.31  4735.89     3631.0       g 
 62970.099  30.834  30.677  30.539  6629.82     3631.0  orange 
 62970.099  30.898  30.744  30.605  6366.38     3631.0   r-P48 
 62970.099  30.956  30.806  30.665  6198.96     3631.0       r 
 62970.099  31.288  31.154  30.992  5182.42     3631.0    cyan 
 62970.099  31.573  31.435  31.273  4746.48     3631.0   g-P48 
 62970.099  31.612  31.474  31.313  4735.89     3631.0       g 
 62972.113  30.838  30.681  30.543  6629.82     3631.0  orange 
 62972.113  30.901  30.747  30.609  6366.38     3631.0   r-P48 
 62972.113  30.959  30.809  30.668  6198.96     3631.0       r 
 62972.113  31.291  31.158  30.996  5182.42     3631.0    cyan 
 62972.113  31.577  31.438  31.276  4746.48     3631.0   g-P48 
 62972.113  31.615  31.477  31.316  4735.89     3631.0       g 
 62974.126  30.841  30.684  30.546  6629.82     3631.0  orange 
 62974.126  30.904   30.75  30.612  6366.38     3631.0   r-P48 
 62974.126  30.962  30.813  30.671  6198.96     3631.0       r 
 62974.126  31.294  31.161  30.999  5182.42     3631.0    cyan 
 62974.126   31.58  31.441  31.279  4746.48     3631.0   g-P48 
 62974.126  31.618   31.48   31.32  4735.89     3631.0       g 
  62976.14  30.844  30.687  30.549  6629.82     3631.0  orange 
  62976.14  30.908  30.754  30.615  6366.38     3631.0   r-P48 
  62976.14  30.966  30.816  30.675  6198.96     3631.0       r 
  62976.14  31.298  31.164  31.002  5182.42     3631.0    cyan 
  62976.14  31.583  31.445  31.283  4746.48     3631.0   g-P48 
  62976.14  31.622  31.484  31.323  4735.89     3631.0       g 
 62978.154  30.847   30.69  30.552  6629.82     3631.0  orange 
 62978.154  30.911  30.757  30.618  6366.38     3631.0   r-P48 
 62978.154  30.969  30.819  30.678  6198.96     3631.0       r 
 62978.154  31.301  31.167  31.006  5182.42     3631.0    cyan 
 62978.154  31.586  31.448  31.286  4746.48     3631.0   g-P48 
 62978.154  31.625  31.487  31.326  4735.89     3631.0       g 
 62980.167  30.851  30.694  30.556  6629.82     3631.0  orange 
 62980.167  30.914   30.76  30.622  6366.38     3631.0   r-P48 
 62980.167  30.972  30.823  30.681  6198.96     3631.0       r 
 62980.167  31.304  31.171  31.009  5182.42     3631.0    cyan 
 62980.167   31.59  31.451  31.289  4746.48     3631.0   g-P48 
 62980.167  31.628   31.49  31.329  4735.89     3631.0       g 
 62982.181  30.854  30.697  30.559  6629.82     3631.0  orange 
 62982.181  30.917  30.764  30.625  6366.38     3631.0   r-P48 
 62982.181  30.975  30.826  30.684  6198.96     3631.0       r 
 62982.181  31.307  31.174  31.012  5182.42     3631.0    cyan 
 62982.181  31.593  31.454  31.292  4746.48     3631.0   g-P48 
 62982.181  31.631  31.494  31.333  4735.89     3631.0       g 
 62984.195  30.857    30.7  30.562  6629.82     3631.0  orange 
 62984.195  30.921  30.767  30.628  6366.38     3631.0   r-P48 
 62984.195  30.979  30.829  30.688  6198.96     3631.0       r 
 62984.195  31.311  31.177  31.015  5182.42     3631.0    cyan 
 62984.195  31.596  31.458  31.296  4746.48     3631.0   g-P48 
 62984.195  31.635  31.497  31.336  4735.89     3631.0       g 
 62986.208   30.86  30.703  30.565  6629.82     3631.0  orange 
 62986.208  30.924   30.77  30.631  6366.38     3631.0   r-P48 
 62986.208  30.982  30.832  30.691  6198.96     3631.0       r 
 62986.208  31.314   31.18  31.018  5182.42     3631.0    cyan 
 62986.208  31.599  31.461  31.299  4746.48     3631.0   g-P48 
 62986.208  31.638    31.5  31.339  4735.89     3631.0       g 
 62988.222  30.864  30.707  30.569  6629.82     3631.0  orange 
 62988.222  30.927  30.773  30.634  6366.38     3631.0   r-P48 
 62988.222  30.985  30.835  30.694  6198.96     3631.0       r 
 62988.222  31.317  31.184  31.022  5182.42     3631.0    cyan 
 62988.222  31.603  31.464  31.302  4746.48     3631.0   g-P48 
 62988.222  31.641  31.503  31.342  4735.89     3631.0       g 
 62990.236  30.867   30.71  30.572  6629.82     3631.0  orange 
 62990.236   30.93  30.776  30.638  6366.38     3631.0   r-P48 
 62990.236  30.988  30.839  30.697  6198.96     3631.0       r 
 62990.236   31.32  31.187  31.025  5182.42     3631.0    cyan 
 62990.236  31.606  31.467  31.305  4746.48     3631.0   g-P48 
 62990.236  31.644  31.506  31.346  4735.89     3631.0       g 
 62992.249   30.87  30.713  30.575  6629.82     3631.0  orange 
 62992.249  30.934   30.78  30.641  6366.38     3631.0   r-P48 
 62992.249  30.992  30.842  30.701  6198.96     3631.0       r 
 62992.249  31.324   31.19  31.028  5182.42     3631.0    cyan 
 62992.249  31.609  31.471  31.309  4746.48     3631.0   g-P48 
 62992.249  31.648   31.51  31.349  4735.89     3631.0       g 
 62994.263  30.873  30.716  30.578  6629.82     3631.0  orange 
 62994.263  30.937  30.783  30.644  6366.38     3631.0   r-P48 
 62994.263  30.995  30.845  30.704  6198.96     3631.0       r 
 62994.263  31.327  31.193  31.031  5182.42     3631.0    cyan 
 62994.263  31.612  31.474  31.312  4746.48     3631.0   g-P48 
 62994.263  31.651  31.513  31.352  4735.89     3631.0       g 
 62996.277  30.877   30.72  30.582  6629.82     3631.0  orange 
 62996.277   30.94  30.786  30.647  6366.38     3631.0   r-P48 
 62996.277  30.998  30.848  30.707  6198.96     3631.0       r 
 62996.277   31.33  31.197  31.035  5182.42     3631.0    cyan 
 62996.277  31.616  31.477  31.315  4746.48     3631.0   g-P48 
 62996.277  31.654  31.516  31.355  4735.89     3631.0       g 
  62998.29   30.88  30.723  30.585  6629.82     3631.0  orange 
  62998.29  30.943  30.789  30.651  6366.38     3631.0   r-P48 
  62998.29  31.001  30.852   30.71  6198.96     3631.0       r 
  62998.29  31.333    31.2  31.038  5182.42     3631.0    cyan 
  62998.29  31.619   31.48  31.318  4746.48     3631.0   g-P48 
  62998.29  31.657  31.519  31.358  4735.89     3631.0       g 
 63000.304  30.883  30.726  30.588  6629.82     3631.0  orange 
 63000.304  30.947  30.793  30.654  6366.38     3631.0   r-P48 
 63000.304  31.005  30.855  30.713  6198.96     3631.0       r 
 63000.304  31.337  31.203  31.041  5182.42     3631.0    cyan 
 63000.304  31.622  31.484  31.321  4746.48     3631.0   g-P48 
 63000.304  31.661  31.523  31.362  4735.89     3631.0       g 
 63002.318  30.886  30.729  30.591  6629.82     3631.0  orange 
 63002.318   30.95  30.796  30.657  6366.38     3631.0   r-P48 
 63002.318  31.008  30.858  30.717  6198.96     3631.0       r 
 63002.318   31.34  31.206  31.044  5182.42     3631.0    cyan 
 63002.318  31.625  31.487  31.325  4746.48     3631.0   g-P48 
 63002.318  31.664  31.526  31.365  4735.89     3631.0       g 
 63004.331   30.89  30.732  30.594  6629.82     3631.0  orange 
 63004.331  30.953  30.799   30.66  6366.38     3631.0   r-P48 
 63004.331  31.011  30.861   30.72  6198.96     3631.0       r 
 63004.331  31.343  31.209  31.048  5182.42     3631.0    cyan 
 63004.331  31.629   31.49  31.328  4746.48     3631.0   g-P48 
 63004.331  31.667  31.529  31.368  4735.89     3631.0       g 
 63006.345  30.893  30.736  30.598  6629.82     3631.0  orange 
 63006.345  30.956  30.802  30.663  6366.38     3631.0   r-P48 
 63006.345  31.014  30.865  30.723  6198.96     3631.0       r 
 63006.345  31.346  31.213  31.051  5182.42     3631.0    cyan 
 63006.345  31.632  31.493  31.331  4746.48     3631.0   g-P48 
 63006.345   31.67  31.532  31.371  4735.89     3631.0       g 
 63008.359  30.896  30.739  30.601  6629.82     3631.0  orange 
 63008.359  30.959  30.806  30.667  6366.38     3631.0   r-P48 
 63008.359  31.018  30.868  30.726  6198.96     3631.0       r 
 63008.359   31.35  31.216  31.054  5182.42     3631.0    cyan 
 63008.359  31.635  31.496  31.334  4746.48     3631.0   g-P48 
 63008.359  31.673  31.536  31.375  4735.89     3631.0       g 
 63010.372  30.899  30.742  30.604  6629.82     3631.0  orange 
 63010.372  30.963  30.809   30.67  6366.38     3631.0   r-P48 
 63010.372  31.021  30.871  30.729  6198.96     3631.0       r 
 63010.372  31.353  31.219  31.057  5182.42     3631.0    cyan 
 63010.372  31.638    31.5  31.338  4746.48     3631.0   g-P48 
 63010.372  31.677  31.539  31.378  4735.89     3631.0       g 
 63012.386  30.902  30.745  30.607  6629.82     3631.0  orange 
 63012.386  30.966  30.812  30.673  6366.38     3631.0   r-P48 
 63012.386  31.024  30.874  30.733  6198.96     3631.0       r 
 63012.386  31.356  31.222   31.06  5182.42     3631.0    cyan 
 63012.386  31.642  31.503  31.341  4746.48     3631.0   g-P48 
 63012.386   31.68  31.542  31.381  4735.89     3631.0       g 
   63014.4  30.906  30.749   30.61  6629.82     3631.0  orange 
   63014.4  30.969  30.815  30.676  6366.38     3631.0   r-P48 
   63014.4  31.027  30.877  30.736  6198.96     3631.0       r 
   63014.4  31.359  31.226  31.064  5182.42     3631.0    cyan 
   63014.4  31.645  31.506  31.344  4746.48     3631.0   g-P48 
   63014.4  31.683  31.545  31.384  4735.89     3631.0       g 
 63016.413  30.909  30.752  30.614  6629.82     3631.0  orange 
 63016.413  30.972  30.818   30.68  6366.38     3631.0   r-P48 
 63016.413   31.03  30.881  30.739  6198.96     3631.0       r 
 63016.413  31.362  31.229  31.067  5182.42     3631.0    cyan 
 63016.413  31.648  31.509  31.347  4746.48     3631.0   g-P48 
 63016.413  31.686  31.548  31.387  4735.89     3631.0       g 
 63018.427  30.912  30.755  30.617  6629.82     3631.0  orange 
 63018.427  30.976  30.822  30.683  6366.38     3631.0   r-P48 
 63018.427  31.034  30.884  30.742  6198.96     3631.0       r 
 63018.427  31.366  31.232   31.07  5182.42     3631.0    cyan 
 63018.427  31.651  31.513   31.35  4746.48     3631.0   g-P48 
 63018.427   31.69  31.552  31.391  4735.89     3631.0       g 
  63020.44  30.915  30.758   30.62  6629.82     3631.0  orange 
  63020.44  30.979  30.825  30.686  6366.38     3631.0   r-P48 
  63020.44  31.037  30.887  30.745  6198.96     3631.0       r 
  63020.44  31.369  31.235  31.073  5182.42     3631.0    cyan 
  63020.44  31.654  31.516  31.354  4746.48     3631.0   g-P48 
  63020.44  31.693  31.555  31.394  4735.89     3631.0       g 
 63022.454  30.919  30.761  30.623  6629.82     3631.0  orange 
 63022.454  30.982  30.828  30.689  6366.38     3631.0   r-P48 
 63022.454   31.04   30.89  30.749  6198.96     3631.0       r 
 63022.454  31.372  31.238  31.076  5182.42     3631.0    cyan 
 63022.454  31.658  31.519  31.357  4746.48     3631.0   g-P48 
 63022.454  31.696  31.558  31.397  4735.89     3631.0       g 
 63024.468  30.922  30.765  30.626  6629.82     3631.0  orange 
 63024.468  30.985  30.831  30.692  6366.38     3631.0   r-P48 
 63024.468  31.043  30.893  30.752  6198.96     3631.0       r 
 63024.468  31.375  31.242   31.08  5182.42     3631.0    cyan 
 63024.468  31.661  31.522   31.36  4746.48     3631.0   g-P48 
 63024.468  31.699  31.561    31.4  4735.89     3631.0       g 
 63026.481  30.925  30.768   30.63  6629.82     3631.0  orange 
 63026.481  30.988  30.834  30.695  6366.38     3631.0   r-P48 
 63026.481  31.046  30.897  30.755  6198.96     3631.0       r 
 63026.481  31.378  31.245  31.083  5182.42     3631.0    cyan 
 63026.481  31.664  31.525  31.363  4746.48     3631.0   g-P48 
 63026.481  31.702  31.564  31.403  4735.89     3631.0       g 
 63028.495  30.928  30.771  30.633  6629.82     3631.0  orange 
 63028.495  30.992  30.838  30.699  6366.38     3631.0   r-P48 
 63028.495   31.05    30.9  30.758  6198.96     3631.0       r 
 63028.495  31.382  31.248  31.086  5182.42     3631.0    cyan 
 63028.495  31.667  31.529  31.366  4746.48     3631.0   g-P48 
 63028.495  31.706  31.568  31.407  4735.89     3631.0       g 
