                MJD               R_low               R_med              R_high               T_low               T_med              T_high                   L_low                   L_med                  L_high 
       59808.652256                 0.0                 0.0                 0.0                 0.0                 0.0                 0.0                     0.0                     0.0                     0.0 
  59810.66591633521                 0.0                 0.0                 0.0                 0.0                 0.0                 0.0                     0.0                     0.0                     0.0 
  59812.67957667042                 0.0                 0.0                 0.0                 0.0                 0.0                 0.0                     0.0                     0.0                     0.0 
  59814.69323700563                 0.0                 0.0                 0.0                 0.0                 0.0                 0.0                     0.0                     0.0                     0.0 
  59816.70689734084                 0.0                 0.0                 0.0                 0.0                 0.0                 0.0                     0.0                     0.0                     0.0 
 59818.720557676046                 0.0                 0.0                 0.0                 0.0                 0.0                 0.0                     0.0                     0.0                     0.0 
  59820.73421801126                 0.0                 0.0                 0.0                 0.0                 0.0                 0.0                     0.0                     0.0                     0.0 
  59822.74787834647                 0.0                 0.0                 0.0                 0.0                 0.0                 0.0                     0.0                     0.0                     0.0 
 59824.761538681676                 0.0                 0.0                 0.0                 0.0                 0.0                 0.0                     0.0                     0.0                     0.0 
  59826.77519901688                 0.0                 0.0                 0.0                 0.0                 0.0                 0.0                     0.0                     0.0                     0.0 
   59828.7888593521                 0.0                 0.0                 0.0                 0.0                 0.0                 0.0                     0.0                     0.0                     0.0 
 59830.802519687306                 0.0                 0.0                 0.0                 0.0                 0.0                 0.0                     0.0                     0.0                     0.0 
  59832.81618002251                 0.0                 0.0                 0.0                 0.0                 0.0                 0.0                     0.0                     0.0                     0.0 
  59834.82984035773                 0.0                 0.0                 0.0                 0.0                 0.0                 0.0                     0.0                     0.0                     0.0 
 59836.843500692936                 0.0                 0.0                 0.0                 0.0                 0.0                 0.0                     0.0                     0.0                     0.0 
  59838.85716102814                 0.0                 0.0                 0.0                 0.0                 0.0                 0.0                     0.0                     0.0                     0.0 
  59840.87082136335                 0.0                 0.0                 0.0                 0.0                 0.0                 0.0                     0.0                     0.0                     0.0 
 59842.884481698566                 0.0                 0.0                 0.0                 0.0                 0.0                 0.0                     0.0                     0.0                     0.0 
  59844.89814203377                 0.0                 0.0                 0.0                 0.0                 0.0                 0.0                     0.0                     0.0                     0.0 
  59846.91180236898                 0.0                 0.0                 0.0                 0.0                 0.0                 0.0                     0.0                     0.0                     0.0 
  59848.92546270419                 0.0                 0.0                 0.0                 0.0                 0.0                 0.0                     0.0                     0.0                     0.0 
   59850.9391230394                 0.0                 0.0                 0.0                 0.0                 0.0                 0.0                     0.0                     0.0                     0.0 
  59852.95278337461                 0.0                 0.0                 0.0                 0.0                 0.0                 0.0                     0.0                     0.0                     0.0 
  59854.96644370982                 0.0                 0.0                 0.0                 0.0                 0.0                 0.0                     0.0                     0.0                     0.0 
 59856.980104045026                 0.0                 0.0                 0.0                 0.0                 0.0                 0.0                     0.0                     0.0                     0.0 
  59858.99376438024                 0.0                 0.0                 0.0                 0.0                 0.0                 0.0                     0.0                     0.0                     0.0 
  59861.00742471545                 0.0                 0.0                 0.0                 0.0                 0.0                 0.0                     0.0                     0.0                     0.0 
 59863.021085050656                 0.0                 0.0                 0.0                 0.0                 0.0                 0.0                     0.0                     0.0                     0.0 
  59865.03474538587                 0.0                 0.0                 0.0                 0.0                 0.0                 0.0                     0.0                     0.0                     0.0 
  59867.04840572108                 0.0                 0.0                 0.0                 0.0                 0.0                 0.0                     0.0                     0.0                     0.0 
 59869.062066056285                 0.0                 0.0                 0.0                 0.0                 0.0                 0.0                     0.0                     0.0                     0.0 
  59871.07572639149                 0.0                 0.0                 0.0                 0.0                 0.0                 0.0                     0.0                     0.0                     0.0 
  59873.08938672671                 0.0                 0.0                 0.0                 0.0                 0.0                 0.0                     0.0                     0.0                     0.0 
 59875.103047061915                 0.0                 0.0                 0.0                 0.0                 0.0                 0.0                     0.0                     0.0                     0.0 
  59877.11670739712                 0.0                 0.0                 0.0                 0.0                 0.0                 0.0                     0.0                     0.0                     0.0 
  59879.13036773233                 0.0                 0.0                 0.0                 0.0                 0.0                 0.0                     0.0                     0.0                     0.0 
 59881.144028067545                 0.0                 0.0                 0.0                 0.0                 0.0                 0.0                     0.0                     0.0                     0.0 
  59883.15768840275                 0.0                 0.0                 0.0                 0.0                 0.0                 0.0                     0.0                     0.0                     0.0 
  59885.17134873796                 0.0                 0.0                 0.0                 0.0                 0.0                 0.0                     0.0                     0.0                     0.0 
 59887.185009073175                 0.0                 0.0                 0.0                 0.0                 0.0                 0.0                     0.0                     0.0                     0.0 
  59889.19866940838                 0.0                 0.0                 0.0                 0.0                 0.0                 0.0                     0.0                     0.0                     0.0 
  59891.21232974359                 0.0                 0.0                 0.0                 0.0                 0.0                 0.0                     0.0                     0.0                     0.0 
   59893.2259900788                 0.0                 0.0                 0.0                 0.0                 0.0                 0.0                     0.0                     0.0                     0.0 
  59895.23965041401                 0.0                 0.0                 0.0                 0.0                 0.0                 0.0                     0.0                     0.0                     0.0 
  59897.25331074922                 0.0                 0.0                 0.0                 0.0                 0.0                 0.0                     0.0                     0.0                     0.0 
  59899.26697108443                 0.0                 0.0                 0.0                 0.0                 0.0                 0.0                     0.0                     0.0                     0.0 
 59901.280631419635                 0.0                 0.0                 0.0                 0.0                 0.0                 0.0                     0.0                     0.0                     0.0 
  59903.29429175485                 0.0                 0.0                 0.0                 0.0                 0.0                 0.0                     0.0                     0.0                     0.0 
  59905.30795209006                 0.0                 0.0                 0.0                 0.0                 0.0                 0.0                     0.0                     0.0                     0.0 
 59907.321612425265                 0.0                 0.0                 0.0                 0.0                 0.0                 0.0                     0.0                     0.0                     0.0 
  59909.33527276048                 0.0                 0.0                 0.0                 0.0                 0.0                 0.0                     0.0                     0.0                     0.0 
  59911.34893309569                 0.0                 0.0                 0.0                 0.0                 0.0                 0.0                     0.0                     0.0                     0.0 
 59913.362593430895                 0.0                 0.0                 0.0                 0.0                 0.0                 0.0                     0.0                     0.0                     0.0 
   59915.3762537661                 0.0                 0.0                 0.0                 0.0                 0.0                 0.0                     0.0                     0.0                     0.0 
  59917.38991410132                 0.0                 0.0                 0.0                 0.0                 0.0                 0.0                     0.0                     0.0                     0.0 
 59919.403574436525                 0.0                 0.0                 0.0                 0.0                 0.0                 0.0                     0.0                     0.0                     0.0 
  59921.41723477173                 0.0                 0.0                 0.0                 0.0                 0.0                 0.0                     0.0                     0.0                     0.0 
  59923.43089510694                 0.0                 0.0                 0.0                 0.0                 0.0                 0.0                     0.0                     0.0                     0.0 
 59925.444555442155                 0.0                 0.0                 0.0                 0.0                 0.0                 0.0                     0.0                     0.0                     0.0 
  59927.45821577736                 0.0                 0.0                 0.0                 0.0                 0.0                 0.0                     0.0                     0.0                     0.0 
  59929.47187611257                 0.0                 0.0                 0.0                 0.0                 0.0                 0.0                     0.0                     0.0                     0.0 
 59931.485536447784                 0.0                 0.0                 0.0                 0.0                 0.0                 0.0                     0.0                     0.0                     0.0 
  59933.49919678299                 0.0                 0.0                 0.0                 0.0                 0.0                 0.0                     0.0                     0.0                     0.0 
   59935.5128571182                 0.0                 0.0                 0.0                 0.0                 0.0                 0.0                     0.0                     0.0                     0.0 
  59937.52651745341                 0.0                 0.0                 0.0                 0.0                 0.0                 0.0                     0.0                     0.0                     0.0 
  59939.54017778862                 0.0                 0.0                 0.0                 0.0                 0.0                 0.0                     0.0                     0.0                     0.0 
  59941.55383812383                 0.0                 0.0                 0.0                 0.0                 0.0                 0.0                     0.0                     0.0                     0.0 
  59943.56749845904                 0.0                 0.0                 0.0                 0.0                 0.0                 0.0                     0.0                     0.0                     0.0 
 59945.581158794244                 0.0                 0.0                 0.0                 0.0                 0.0                 0.0                     0.0                     0.0                     0.0 
  59947.59481912946                 0.0                 0.0                 0.0                 0.0                 0.0                 0.0                     0.0                     0.0                     0.0 
  59949.60847946467                 0.0                 0.0                 0.0                 0.0                 0.0                 0.0                     0.0                     0.0                     0.0 
 59951.622139799874                 0.0                 0.0                 0.0                 0.0                 0.0                 0.0                     0.0                     0.0                     0.0 
  59953.63580013509                 0.0                 0.0                 0.0                 0.0                 0.0                 0.0                     0.0                     0.0                     0.0 
   59955.6494604703                 0.0                 0.0                 0.0                 0.0                 0.0                 0.0                     0.0                     0.0                     0.0 
 59957.663120805504                 0.0                 0.0                 0.0                 0.0                 0.0                 0.0                     0.0                     0.0                     0.0 
  59959.67678114071                 0.0                 0.0                 0.0                 0.0                 0.0                 0.0                     0.0                     0.0                     0.0 
  59961.69044147593                 0.0                 0.0                 0.0                 0.0                 0.0                 0.0                     0.0                     0.0                     0.0 
 59963.704101811134                 0.0                 0.0                 0.0                 0.0                 0.0                 0.0                     0.0                     0.0                     0.0 
  59965.71776214634                 0.0                 0.0                 0.0                 0.0                 0.0                 0.0                     0.0                     0.0                     0.0 
  59967.73142248155                 0.0                 0.0                 0.0                 0.0                 0.0                 0.0                     0.0                     0.0                     0.0 
 59969.745082816764                 0.0                 0.0                 0.0                 0.0                 0.0                 0.0                     0.0                     0.0                     0.0 
  59971.75874315197                 0.0                 0.0                 0.0                 0.0                 0.0                 0.0                     0.0                     0.0                     0.0 
  59973.77240348718                 0.0                 0.0                 0.0                 0.0                 0.0                 0.0                     0.0                     0.0                     0.0 
  59975.78606382239                 0.0                 0.0                 0.0                 0.0                 0.0                 0.0                     0.0                     0.0                     0.0 
   59977.7997241576                 0.0                 0.0                 0.0                 0.0                 0.0                 0.0                     0.0                     0.0                     0.0 
  59979.81338449281                 0.0                 0.0                 0.0                 0.0                 0.0                 0.0                     0.0                     0.0                     0.0 
  59981.82704482802                 0.0                 0.0                 0.0                 0.0                 0.0                 0.0                     0.0                     0.0                     0.0 
  59983.84070516323                 0.0                 0.0                 0.0                 0.0                 0.0                 0.0                     0.0                     0.0                     0.0 
  59985.85436549844                 0.0                 0.0                 0.0                 0.0                 0.0                 0.0                     0.0                     0.0                     0.0 
 59987.868025833646                 0.0                 0.0                 0.0                 0.0                 0.0                 0.0                     0.0                     0.0                     0.0 
 59989.881686168854                 0.0                 0.0                 0.0                 0.0                 0.0                 0.0                     0.0                     0.0                     0.0 
  59991.89534650407                 0.0                 0.0                 0.0                 0.0                 0.0                 0.0                     0.0                     0.0                     0.0 
 59993.909006839276                 0.0                 0.0                 0.0                 0.0                 0.0                 0.0                     0.0                     0.0                     0.0 
 59995.922667174484                 0.0                 0.0                 0.0                 0.0                 0.0                 0.0                     0.0                     0.0                     0.0 
  59997.93632750969                 0.0                 0.0                 0.0                 0.0                 0.0                 0.0                     0.0                     0.0                     0.0 
 59999.949987844906                 0.0                 0.0                 0.0                 0.0                 0.0                 0.0                     0.0                     0.0                     0.0 
  60001.96364818011                 0.0                 0.0                 0.0                 0.0                 0.0                 0.0                     0.0                     0.0                     0.0 
  60003.97730851532                 0.0                 0.0                 0.0                 0.0                 0.0                 0.0                     0.0                     0.0                     0.0 
 60005.990968850536                 0.0                 0.0                 0.0                 0.0                 0.0                 0.0                     0.0                     0.0                     0.0 
  60008.00462918574                 0.0                 0.0                 0.0                 0.0                 0.0                 0.0                     0.0                     0.0                     0.0 
  60010.01828952095                 0.0                 0.0                 0.0                 0.0                 0.0                 0.0                     0.0                     0.0                     0.0 
  60012.03194985616                 0.0                 0.0                 0.0                 0.0                 0.0                 0.0                     0.0                     0.0                     0.0 
  60014.04561019137                 0.0                 0.0                 0.0                 0.0                 0.0                 0.0                     0.0                     0.0                     0.0 
  60016.05927052658                 0.0                 0.0                 0.0                 0.0                 0.0                 0.0                     0.0                     0.0                     0.0 
  60018.07293086179                 0.0                 0.0                 0.0                 0.0                 0.0                 0.0                     0.0                     0.0                     0.0 
 60020.086591196996                 0.0                 0.0                 0.0                 0.0                 0.0                 0.0                     0.0                     0.0                     0.0 
  60022.10025153221                 0.0                 0.0                 0.0                 0.0                 0.0                 0.0                     0.0                     0.0                     0.0 
  60024.11391186742                 0.0                 0.0                 0.0                 0.0                 0.0                 0.0                     0.0                     0.0                     0.0 
 60026.127572202626                 0.0                 0.0                 0.0                 0.0                 0.0                 0.0                     0.0                     0.0                     0.0 
  60028.14123253784                 0.0                 0.0                 0.0                 0.0                 0.0                 0.0                     0.0                     0.0                     0.0 
  60030.15489287305                 0.0                 0.0                 0.0                 0.0                 0.0                 0.0                     0.0                     0.0                     0.0 
 60032.168553208256                 0.0                 0.0                 0.0                 0.0                 0.0                 0.0                     0.0                     0.0                     0.0 
  60034.18221354346                 0.0                 0.0                 0.0                 0.0                 0.0                 0.0                     0.0                     0.0                     0.0 
  60036.19587387868                 0.0                 0.0                 0.0                 0.0                 0.0                 0.0                     0.0                     0.0                     0.0 
 60038.209534213885                 0.0                 0.0                 0.0                 0.0                 0.0                 0.0                     0.0                     0.0                     0.0 
  60040.22319454909                 0.0                 0.0                 0.0                 0.0                 0.0                 0.0                     0.0                     0.0                     0.0 
   60042.2368548843                 0.0                 0.0                 0.0                 0.0                 0.0                 0.0                     0.0                     0.0                     0.0 
 60044.250515219515                 0.0                 0.0                 0.0                 0.0                 0.0                 0.0                     0.0                     0.0                     0.0 
  60046.26417555472                 0.0                 0.0                 0.0                 0.0                 0.0                 0.0                     0.0                     0.0                     0.0 
  60048.27783588993                 0.0                 0.0                 0.0                 0.0                 0.0                 0.0                     0.0                     0.0                     0.0 
  60050.29149622514                 0.0                 0.0                 0.0                 0.0                 0.0                 0.0                     0.0                     0.0                     0.0 
  60052.30515656035                 0.0                 0.0                 0.0                 0.0                 0.0                 0.0                     0.0                     0.0                     0.0 
  60054.31881689556                 0.0                 0.0                 0.0                 0.0                 0.0                 0.0                     0.0                     0.0                     0.0 
  60056.33247723077                 0.0                 0.0                 0.0                 0.0                 0.0                 0.0                     0.0                     0.0                     0.0 
  60058.34613756598                 0.0                 0.0                 0.0                 0.0                 0.0                 0.0                     0.0                     0.0                     0.0 
  60060.35979790119                 0.0                 0.0                 0.0                 0.0                 0.0                 0.0                     0.0                     0.0                     0.0 
   60062.3734582364                 0.0                 0.0                 0.0                 0.0                 0.0                 0.0                     0.0                     0.0                     0.0 
 60064.387118571605                 0.0                 0.0                 0.0                 0.0                 0.0                 0.0                     0.0                     0.0                     0.0 
  60066.40077890682                 0.0                 0.0                 0.0                 0.0                 0.0                 0.0                     0.0                     0.0                     0.0 
  60068.41443924203                 0.0                 0.0                 0.0                 0.0                 0.0                 0.0                     0.0                     0.0                     0.0 
 60070.428099577235                 0.0                 0.0                 0.0                 0.0                 0.0                 0.0                     0.0                     0.0                     0.0 
  60072.44175991244                 0.0                 0.0                 0.0                 0.0                 0.0                 0.0                     0.0                     0.0                     0.0 
  60074.45542024766                 0.0                 0.0                 0.0                 0.0                 0.0                 0.0                     0.0                     0.0                     0.0 
 60076.469080582865                 0.0                 0.0                 0.0                 0.0                 0.0                 0.0                     0.0                     0.0                     0.0 
  60078.48274091807                 0.0                 0.0                 0.0                 0.0                 0.0                 0.0                     0.0                     0.0                     0.0 
  60080.49640125329                 0.0                 0.0                 0.0                 0.0                 0.0                 0.0                     0.0                     0.0                     0.0 
 60082.510061588495                 0.0                 0.0                 0.0                 0.0                 0.0                 0.0                     0.0                     0.0                     0.0 
   60084.5237219237                 0.0                 0.0                 0.0                 0.0                 0.0                 0.0                     0.0                     0.0                     0.0 
  60086.53738225891                 0.0                 0.0                 0.0                 0.0                 0.0                 0.0                     0.0                     0.0                     0.0 
 60088.551042594125                 0.0                 0.0                 0.0                 0.0                 0.0                 0.0                     0.0                     0.0                     0.0 
  60090.56470292933                 0.0                 0.0                 0.0                 0.0                 0.0                 0.0                     0.0                     0.0                     0.0 
  60092.57836326454                 0.0                 0.0                 0.0                 0.0                 0.0                 0.0                     0.0                     0.0                     0.0 
  60094.59202359975                 0.0                 0.0                 0.0                 0.0                 0.0                 0.0                     0.0                     0.0                     0.0 
  60096.60568393496                 0.0                 0.0                 0.0                 0.0                 0.0                 0.0                     0.0                     0.0                     0.0 
  60098.61934427017                 0.0                 0.0                 0.0                 0.0                 0.0                 0.0                     0.0                     0.0                     0.0 
  60100.63300460538                 0.0                 0.0                 0.0                 0.0                 0.0                 0.0                     0.0                     0.0                     0.0 
  60102.64666494059                 0.0                 0.0                 0.0                 0.0                 0.0                 0.0                     0.0                     0.0                     0.0 
   60104.6603252758                 0.0                 0.0                 0.0                 0.0                 0.0                 0.0                     0.0                     0.0                     0.0 
  60106.67398561101                 0.0                 0.0                 0.0                 0.0                 0.0                 0.0                     0.0                     0.0                     0.0 
 60108.687645946215                 0.0                 0.0                 0.0                 0.0                 0.0                 0.0                     0.0                     0.0                     0.0 
  60110.70130628143                 0.0                 0.0                 0.0                 0.0                 0.0                 0.0                     0.0                     0.0                     0.0 
  60112.71496661664                 0.0                 0.0                 0.0                 0.0                 0.0                 0.0                     0.0                     0.0                     0.0 
 60114.728626951844                 0.0                 0.0                 0.0                 0.0                 0.0                 0.0                     0.0                     0.0                     0.0 
  60116.74228728705                 0.0                 0.0                 0.0                 0.0                 0.0                 0.0                     0.0                     0.0                     0.0 
  60118.75594762227                 0.0                 0.0                 0.0                 0.0                 0.0                 0.0                     0.0                     0.0                     0.0 
 60120.769607957474                 0.0                 0.0                 0.0                 0.0                 0.0                 0.0                     0.0                     0.0                     0.0 
  60122.78326829268                 0.0                 0.0                 0.0                 0.0                 0.0                 0.0                     0.0                     0.0                     0.0 
   60124.7969286279                 0.0                 0.0                 0.0                 0.0                 0.0                 0.0                     0.0                     0.0                     0.0 
 60126.810588963104                 0.0                 0.0                 0.0                 0.0                 0.0                 0.0                     0.0                     0.0                     0.0 
  60128.82424929831                 0.0                 0.0                 0.0                 0.0                 0.0                 0.0                     0.0                     0.0                     0.0 
  60130.83790963352                 0.0                 0.0                 0.0                 0.0                 0.0                 0.0                     0.0                     0.0                     0.0 
 60132.851569968734                 0.0                 0.0                 0.0                 0.0                 0.0                 0.0                     0.0                     0.0                     0.0 
  60134.86523030394                 0.0                 0.0                 0.0                 0.0                 0.0                 0.0                     0.0                     0.0                     0.0 
  60136.87889063915                 0.0                 0.0                 0.0                 0.0                 0.0                 0.0                     0.0                     0.0                     0.0 
  60138.89255097436                 0.0                 0.0                 0.0                 0.0                 0.0                 0.0                     0.0                     0.0                     0.0 
  60140.90621130957                 0.0                 0.0                 0.0                 0.0                 0.0                 0.0                     0.0                     0.0                     0.0 
  60142.91987164478                 0.0                 0.0                 0.0                 0.0                 0.0                 0.0                     0.0                     0.0                     0.0 
  60144.93353197999                 0.0                 0.0                 0.0                 0.0                 0.0                 0.0                     0.0                     0.0                     0.0 
   60146.9471923152                 0.0                 0.0                 0.0                 0.0                 0.0                 0.0                     0.0                     0.0                     0.0 
  60148.96085265041                 0.0                 0.0                 0.0                 0.0                 0.0                 0.0                     0.0                     0.0                     0.0 
  60150.97451298562                 0.0                 0.0                 0.0                 0.0                 0.0                 0.0                     0.0                     0.0                     0.0 
 60152.988173320824                 0.0                 0.0                 0.0                 0.0                 0.0                 0.0                     0.0                     0.0                     0.0 
  60155.00183365604                 0.0                 0.0                 0.0                 0.0                 0.0                 0.0                     0.0                     0.0                     0.0 
 60157.015493991246                 0.0                 0.0                 0.0                 0.0                 0.0                 0.0                     0.0                     0.0                     0.0 
 60159.029154326454                 0.0                 0.0                 0.0                 0.0                 0.0                 0.0                     0.0                     0.0                     0.0 
  60161.04281466166                 0.0                 0.0                 0.0                 0.0                 0.0                 0.0                     0.0                     0.0                     0.0 
 60163.056474996876                 0.0                 0.0                 0.0                 0.0                 0.0                 0.0                     0.0                     0.0                     0.0 
 60165.070135332084                 0.0                 0.0                 0.0                 0.0                 0.0                 0.0                     0.0                     0.0                     0.0 
  60167.08379566729                 0.0                 0.0                 0.0                 0.0                 0.0                 0.0                     0.0                     0.0                     0.0 
   60169.0974560025                 0.0                 0.0                 0.0                 0.0                 0.0                 0.0                     0.0                     0.0                     0.0 
  60171.11111633771                 0.0                 0.0                 0.0                 0.0                 0.0                 0.0                     0.0                     0.0                     0.0 
  60173.12477667292                 0.0                 0.0                 0.0                 0.0                 0.0                 0.0                     0.0                     0.0                     0.0 
  60175.13843700813                 0.0                 0.0                 0.0                 0.0                 0.0                 0.0                     0.0                     0.0                     0.0 
  60177.15209734334                 0.0                 0.0                 0.0                 0.0                 0.0                 0.0                     0.0                     0.0                     0.0 
  60179.16575767855                 0.0                 0.0                 0.0                 0.0                 0.0                 0.0                     0.0                     0.0                     0.0 
  60181.17941801376                 0.0                 0.0                 0.0                 0.0                 0.0                 0.0                     0.0                     0.0                     0.0 
 60183.193078348966                 0.0                 0.0                 0.0                 0.0                 0.0                 0.0                     0.0                     0.0                     0.0 
  60185.20673868418                 0.0                 0.0                 0.0                 0.0                 0.0                 0.0                     0.0                     0.0                     0.0 
  60187.22039901939                 0.0                 0.0                 0.0                 0.0                 0.0                 0.0                     0.0                     0.0                     0.0 
 60189.234059354596                 0.0                 0.0                 0.0                 0.0                 0.0                 0.0                     0.0                     0.0                     0.0 
   60191.2477196898                 0.0                 0.0                 0.0                 0.0                 0.0                 0.0                     0.0                     0.0                     0.0 
  60193.26138002502                 0.0                 0.0                 0.0                 0.0                 0.0                 0.0                     0.0                     0.0                     0.0 
 60195.275040360226                 0.0                 0.0                 0.0                 0.0                 0.0                 0.0                     0.0                     0.0                     0.0 
  60197.28870069543                 0.0                 0.0                 0.0                 0.0                 0.0                 0.0                     0.0                     0.0                     0.0 
  60199.30236103065                 0.0                 0.0                 0.0                 0.0                 0.0                 0.0                     0.0                     0.0                     0.0 
 60201.316021365856                 0.0                 0.0                 0.0                 0.0                 0.0                 0.0                     0.0                     0.0                     0.0 
  60203.32968170106                 0.0                 0.0                 0.0                 0.0                 0.0                 0.0                     0.0                     0.0                     0.0 
  60205.34334203627                 0.0                 0.0                 0.0                 0.0                 0.0                 0.0                     0.0                     0.0                     0.0 
 60207.357002371486                 0.0                 0.0                 0.0                 0.0                 0.0                 0.0                     0.0                     0.0                     0.0 
  60209.37066270669                 0.0                 0.0                 0.0                 0.0                 0.0                 0.0                     0.0                     0.0                     0.0 
   60211.3843230419                 0.0                 0.0                 0.0                 0.0                 0.0                 0.0                     0.0                     0.0                     0.0 
  60213.39798337711                 0.0                 0.0                 0.0                 0.0                 0.0                 0.0                     0.0                     0.0                     0.0 
  60215.41164371232                 0.0                 0.0                 0.0                 0.0                 0.0                 0.0                     0.0                     0.0                     0.0 
  60217.42530404753                 0.0                 0.0                 0.0                 0.0                 0.0                 0.0                     0.0                     0.0                     0.0 
  60219.43896438274                 0.0                 0.0                 0.0                 0.0                 0.0                 0.0                     0.0                     0.0                     0.0 
  60221.45262471795                 0.0                 0.0                 0.0                 0.0                 0.0                 0.0                     0.0                     0.0                     0.0 
  60223.46628505316                 0.0                 0.0                 0.0                 0.0                 0.0                 0.0                     0.0                     0.0                     0.0 
  60225.47994538837                 0.0                 0.0                 0.0                 0.0                 0.0                 0.0                     0.0                     0.0                     0.0 
 60227.493605723575                 0.0                 0.0                 0.0                 0.0                 0.0                 0.0                     0.0                     0.0                     0.0 
  60229.50726605879                 0.0                 0.0                 0.0                 0.0                 0.0                 0.0                     0.0                     0.0                     0.0 
    60231.520926394                 0.0                 0.0                 0.0                 0.0                 0.0                 0.0                     0.0                     0.0                     0.0 
 60233.534586729205                 0.0                 0.0                 0.0                 0.0                 0.0                 0.0                     0.0                     0.0                     0.0 
  60235.54824706441                 0.0                 0.0                 0.0                 0.0                 0.0                 0.0                     0.0                     0.0                     0.0 
  60237.56190739963                 0.0                 0.0                 0.0                 0.0                 0.0                 0.0                     0.0                     0.0                     0.0 
 60239.575567734835                 0.0                 0.0                 0.0                 0.0                 0.0                 0.0                     0.0                     0.0                     0.0 
  60241.58922807004                 0.0                 0.0                 0.0                 0.0                 0.0                 0.0                     0.0                     0.0                     0.0 
  60243.60288840525                 0.0                 0.0                 0.0                 0.0                 0.0                 0.0                     0.0                     0.0                     0.0 
 60245.616548740465                 0.0                 0.0                 0.0                 0.0                 0.0                 0.0                     0.0                     0.0                     0.0 
  60247.63020907567                 0.0                 0.0                 0.0                 0.0                 0.0                 0.0                     0.0                     0.0                     0.0 
  60249.64386941088                 0.0                 0.0                 0.0                 0.0                 0.0                 0.0                     0.0                     0.0                     0.0 
 60251.657529746095                 0.0                 0.0                 0.0                 0.0                 0.0                 0.0                     0.0                     0.0                     0.0 
   60253.6711900813                 0.0                 0.0                 0.0                 0.0                 0.0                 0.0                     0.0                     0.0                     0.0 
  60255.68485041651                 0.0                 0.0                 0.0                 0.0                 0.0                 0.0                     0.0                     0.0                     0.0 
  60257.69851075172                 0.0                 0.0                 0.0                 0.0                 0.0                 0.0                     0.0                     0.0                     0.0 
  60259.71217108693                 0.0                 0.0                 0.0                 0.0                 0.0                 0.0                     0.0                     0.0                     0.0 
  60261.72583142214                 0.0                 0.0                 0.0                 0.0                 0.0                 0.0                     0.0                     0.0                     0.0 
  60263.73949175735                 0.0                 0.0                 0.0                 0.0                 0.0                 0.0                     0.0                     0.0                     0.0 
 60265.753152092555                 0.0                 0.0                 0.0                 0.0                 0.0                 0.0                     0.0                     0.0                     0.0 
  60267.76681242777                 0.0                 0.0                 0.0                 0.0                 0.0                 0.0                     0.0                     0.0                     0.0 
  60269.78047276298                 0.0                 0.0                 0.0                 0.0                 0.0                 0.0                     0.0                     0.0                     0.0 
 60271.794133098185                 0.0                 0.0                 0.0                 0.0                 0.0                 0.0                     0.0                     0.0                     0.0 
   60273.8077934334                 0.0                 0.0                 0.0                 0.0                 0.0                 0.0                     0.0                     0.0                     0.0 
  60275.82145376861                 0.0                 0.0                 0.0                 0.0                 0.0                 0.0                     0.0                     0.0                     0.0 
 60277.835114103815                 0.0                 0.0                 0.0                 0.0                 0.0                 0.0                     0.0                     0.0                     0.0 
  60279.84877443902                 0.0                 0.0                 0.0                 0.0                 0.0                 0.0                     0.0                     0.0                     0.0 
  60281.86243477424                 0.0                 0.0                 0.0                 0.0                 0.0                 0.0                     0.0                     0.0                     0.0 
 60283.876095109445                 0.0                 0.0                 0.0                 0.0                 0.0                 0.0                     0.0                     0.0                     0.0 
  60285.88975544465                 0.0                 0.0                 0.0                 0.0                 0.0                 0.0                     0.0                     0.0                     0.0 
  60287.90341577986                 0.0                 0.0                 0.0                 0.0                 0.0                 0.0                     0.0                     0.0                     0.0 
 60289.917076115074                 0.0                 0.0                 0.0                 0.0                 0.0                 0.0                     0.0                     0.0                     0.0 
  60291.93073645028                 0.0                 0.0                 0.0                 0.0                 0.0                 0.0                     0.0                     0.0                     0.0 
  60293.94439678549                 0.0                 0.0                 0.0                 0.0                 0.0                 0.0                     0.0                     0.0                     0.0 
 60295.958057120704                 0.0                 0.0                 0.0                 0.0                 0.0                 0.0                     0.0                     0.0                     0.0 
  60297.97171745591                 0.0                 0.0                 0.0                 0.0                 0.0                 0.0                     0.0                     0.0                     0.0 
  60299.98537779112                 0.0                 0.0                 0.0                 0.0                 0.0                 0.0                     0.0                     0.0                     0.0 
  60301.99903812633                 0.0                 0.0                 0.0                 0.0                 0.0                 0.0                     0.0                     0.0                     0.0 
  60304.01269846154                 0.0                 0.0                 0.0                 0.0                 0.0                 0.0                     0.0                     0.0                     0.0 
  60306.02635879675                 0.0                 0.0                 0.0                 0.0                 0.0                 0.0                     0.0                     0.0                     0.0 
  60308.04001913196                 0.0                 0.0                 0.0                 0.0                 0.0                 0.0                     0.0                     0.0                     0.0 
       60308.652256                 0.0                 0.0                 0.0                 0.0                 0.0                 0.0                     0.0                     0.0                     0.0 
 60310.053679467164                 0.0                 0.0   17984631833747.78                 0.0                 0.0  15506.540119206547                     0.0                     0.0   1.427932224451007e+40 
       60311.554548   985847788554.1982   42119839688079.94   75559953885135.22   13803.72309351914  15167.404156352339  15998.858767331327   4.610535592730723e+37   6.756630794081229e+40   2.160386444040035e+41 
        60311.55706  1085232383405.4929   42217214396053.67   75652931222924.77    13803.4806483867  15167.060386230896  15998.449046701495   5.564550669052344e+37   6.789788144308158e+40  2.1660116157499525e+41 
        60311.55956  1184142211210.8772  42314123938349.375    75745464401576.1    13803.2393778119  15166.718312566587   15998.04131617997   6.603819762851511e+37   6.822864742061758e+40   2.171616704967305e+41 
        60311.56206  1283052038728.4116   42411033480363.04   75837997579958.14  13802.998125936729  15166.376268786124  15997.633611518344    7.78991076381928e+37   6.856018727289004e+40   2.177228557221599e+41 
       60311.564571  1382397069923.1077  42508369424788.836   75930937904733.03  13802.755828158217  15166.032746569694  15997.224155092235   9.104494059120183e+37   6.889396465142193e+40  2.1828719113651166e+41 
  60312.06733980238  21273907318995.254   61997607214188.91   95178815077263.86  14107.676134223711  15194.116960432126  16068.825462794124  1.8543937717694463e+40  1.4327690824055628e+41   3.424773659858733e+41 
       60312.653813   44477092492940.76   84839477219496.67  118411537510956.14  14207.836194115682  15163.646599563901   16009.90617785618   7.280719733383396e+40   2.651505811797231e+41  5.2911412528341195e+41 
  60314.08100013759   97924331720086.78  140555181507377.61  174948550222230.72   14152.10337814855  15116.823963115803  15999.622129784673   3.731718940522845e+41   6.846765070832747e+41  1.0817935504635258e+42 
       60314.648575  118900747913053.25  162853331335329.94  197432628424489.53  14099.207641913446  15048.459627822744  15900.872508117025   5.562760927182268e+41   9.034187028765284e+41  1.3530553352290311e+42 
       60315.559641   153740696406499.0  198034799422148.62  234739038897886.62  13997.034954110399   14921.03660263033  15746.557611789329    9.27204216736583e+41  1.3146250286230932e+42   1.835036115989566e+42 
 60316.094660472794   174856389940743.5   219069630760829.0  255675455261861.78  13943.098765857212  14840.345266606379  15663.518218286476   1.183341242666369e+42  1.5913684827841435e+42   2.136272660146625e+42 
  60318.10832080801   255462836921334.2  297317562221161.06   334495006684246.0  13747.611710124804  14592.111272742131  15368.441928620843   2.253847647138112e+42   2.726969545809508e+42  3.4131632545261015e+42 
  60320.12198114322   332978223736403.2   376202920428380.1   413236255113730.9  13563.543637376368  14336.785573912737  15070.462022608335   3.490026838382525e+42   4.100824368952248e+42  4.8972617131497894e+42 
 60322.135641478424   416022218267663.8   453734837635189.1   492002657888937.8  13388.924535889806   14087.87669896711   14808.18335356019  4.9812374135361935e+42   5.700128306888994e+42   6.558636933232679e+42 
  60324.14930181363  494277997579343.75   532392755054967.7   569502765627682.2  13217.879422801338  13849.272468751038  14534.709916639062   6.526071975029555e+42   7.350510581818786e+42   8.321946825280307e+42 
       60324.653829   513796880644431.2   552414741171982.6   588932603689057.9  13170.086749726017    13789.7824340486  14470.222956927473   6.940213266858089e+42   7.819910305146262e+42   8.782090163917013e+42 
  60326.16296214885   570978351185214.8   609099067209572.5   647358718673733.0  13033.880215919258  13604.287259093555  14260.791203578756   8.164507625799707e+42   9.137663097729571e+42  1.0222902933567301e+43 
       60327.498032   623471621631371.5   661460986912836.8   699342830830987.5  12922.350770765173  13463.154783596576  14093.011332566955   9.281381244429748e+42  1.0349467720767271e+43  1.1479746037763744e+43 
       60327.530081   624676105703439.0   662703963981104.5   700604022560744.6  12919.836654658464     13459.840851406   14089.12503507517   9.308226455427162e+42  1.0377739576281971e+43    1.15109648556825e+43 
        60327.64296   628721150307016.8   667032076370421.0   705114910859405.4  12910.986393626928  13448.953380309169  14075.453444372397   9.402887878418266e+42  1.0478061600993025e+43  1.1621024946394704e+43 
 60328.176622484054   648265678520907.2   688118173383107.1   727266692014842.0  12866.093340575371  13398.099261832605  14011.224893066481   9.852472154902505e+42  1.0961982135640198e+43  1.2143239541671624e+43 
  60330.19028281926   724831424791959.4   765799977223718.2   806386988485259.2  12700.086934369276  13198.947384358507  13781.163274578728  1.1587204457050085e+43  1.2819633734539582e+43  1.4042915529144283e+43 
       60330.612102   741115619842235.2   782497006642479.4   822539747761042.5  12664.357922736346  13156.774573061999  13737.106255938672  1.1955767387188203e+43  1.3231211905888326e+43  1.4446328472509563e+43 
       60331.558917   777667111193607.4   819898905083162.5   860175223634250.0   12589.95283130438  13068.267098403292   13639.10848992508  1.2792997039841143e+43    1.41041375372948e+43  1.5349843096591458e+43 
  60332.20394315447   803181926092214.0   844901499607912.0   885562333369040.2  12539.524641565056  13004.288741986675  13572.987520567842  1.3368359631395675e+43  1.4677320046960493e+43   1.595259767418389e+43 
       60332.650105   821149511876969.0   862135193410881.1   903505026739084.4  12504.762344567465   12960.35046297538   13527.55092818848   1.375983995219394e+43   1.510011603783297e+43  1.6365602404971642e+43 
 60334.217603489684   879966992685032.6   923030429186078.8   965409755348918.0  12366.881522711557  12808.945145116064  13369.869298926735  1.5101099631568334e+43  1.6580687890167254e+43   1.784124864122765e+43 
  60336.23126382489   955906651022101.8  1000266919484034.1  1045389201030583.2  12206.067517184538  12632.235006092018  13170.316526751372   1.680586014292878e+43   1.846056692060457e+43  1.9795185165116863e+43 
   60338.2449241601  1034252571555258.9  1078225294054892.6  1129017412211139.2  12019.035056094917   12452.24821603277  12965.886567207554  1.8503357176568927e+43  2.0181241780595225e+43  2.1679227861605067e+43 
       60339.341036  1075649365090499.5  1121127037326753.6  1175113041212134.0  11924.646197512999  12353.345771991742  12834.136271897907  1.9458132689370086e+43   2.105939648152217e+43  2.2673714856141257e+43 
 60340.258584495314  1110536284806869.5  1156984913871929.5  1213513880357293.2  11836.833731947778  12273.297457119068  12743.954825027255  2.0179532085390173e+43  2.1833639129190781e+43  2.3491019411774674e+43 
       60340.622239  1124363113115278.8  1171770522513957.0  1228689659822948.2  11806.680521202978  12241.732768743004  12712.901111014708  2.0462314268311838e+43   2.212954157350075e+43  2.3810852238307844e+43 
       60341.110684  1142934710788808.5  1190625800030975.5  1248662689816216.5  11771.298903419034  12195.009906719062  12665.298720594083   2.084735867469681e+43   2.252533000332864e+43  2.4236621675751147e+43 
  60342.27224483052  1186767878318769.2  1236065293977394.0  1296132449793923.8   11676.85847806145   12078.62654353532  12559.315604088097  2.1754390385133365e+43  2.3402599933841364e+43   2.523101011884413e+43 
       60342.605292  1198953163244943.5  1249315970188917.5  1309837648549780.8  11651.154825270756    12046.3804570795  12529.339460305213   2.201786098154083e+43   2.364923424151717e+43  2.5511127277804654e+43 
       60343.372084  1227254145103512.8  1278923232731081.0  1341350538983926.8  11593.452171678759  11973.325003395887  12460.561730942867   2.261828691163573e+43  2.4230919602171195e+43  2.6146189642626597e+43 
  60344.28590516573  1260981722116740.0  1315098070410165.8  1378706299601632.2  11519.528075120466  11894.460508894841   12379.00423493046   2.329610514856641e+43  2.4893499741248586e+43  2.6887659144952387e+43 
 60346.299565500936  1336790422377891.8  1393486304194484.2  1459927439409724.8  11368.442616590317   11735.46574818492  12197.667428104503  2.4708975296959415e+43    2.63495847368525e+43  2.8496666595430935e+43 
  60348.31322583615  1415365715677164.0  1472906549088510.2  1541194309163741.0  11211.548593254973  11580.554692121135  12020.291610336237  2.6019677450948987e+43   2.775129260852752e+43   2.987902939841789e+43 
  60350.32688617136  1490052631870685.5  1552006754382989.5  1621999565249047.0  11051.933454988932   11416.74770479846  11848.502642385258  2.7352056698001693e+43   2.898833582753787e+43   3.115047866900738e+43 
       60350.622927  1501032823600028.5  1563336465678862.2  1634010181699374.5  11028.455402900368  11392.860708166121  11823.384346299874   2.753030995645763e+43   2.917036336007734e+43   3.133283135834854e+43 
       60351.338101  1527515357745113.8  1591108620512249.0  1663025370748861.2  10971.974905941082  11333.593335403122  11759.938160846032   2.795319651279111e+43   2.960394075615881e+43  3.1797244250766073e+43 
       60351.541041  1534896288340147.5  1599059540835447.0  1671258811094200.8   10956.00719999483   11316.12542689275  11741.687752477263  2.8071220161750034e+43   2.972247432315933e+43   3.192680430061107e+43 
 60352.340546506566  1564192050045462.2  1630383107312385.0  1703695397741746.2  10893.344740943907  11247.643216401832  11668.690708718343   2.851790795076592e+43   3.020481388952077e+43   3.241433289015093e+43 
       60352.573348  1572785880889077.8  1639629912412655.0  1713123401161581.2  10875.168802801249  11227.793615818566  11646.736468936148  2.8640009570879937e+43   3.034125533988886e+43   3.255246996852765e+43 
       60353.502766  1607095201492062.0  1676093466262147.0  1750632652464859.0  10805.208300713666  11153.040698509256  11559.648909332482   2.913136675744597e+43   3.086651598389271e+43   3.309006950508363e+43 
 60354.354206841774  1638526007453398.5  1709406783002489.0  1784994918424908.0  10741.677966616551  11084.647719549122   11484.18108901272   2.959266950717955e+43  3.1309415512670935e+43   3.357181233024031e+43 
       60355.475254  1679909288563262.0  1753004547830079.0  1830237897989156.0  10658.435148378883  10998.798268442682   11387.00587031653   3.015337956902482e+43    3.19032578728183e+43   3.414814150661213e+43 
        60355.50353  1680953092696092.0  1754139239695351.8  1831379054702306.2  10656.340460100764  10996.624032845073  11384.669045713745  3.0166515299444617e+43  3.1918449930714146e+43   3.416130762457126e+43 
  60356.36786717699  1712950750665903.8  1788307115995060.0  1866261788178924.2   10592.44986174077  10927.903852690099  11313.380004659239   3.055902867474347e+43  3.2355572415010334e+43    3.45545472933697e+43 
 60358.381527512196  1789230573945492.2  1867572989102717.8  1947528657932646.5  10445.253855137533   10752.98962283821   11144.31813722482  3.1405016119882455e+43    3.32467393842481e+43   3.545156563451314e+43 
   60360.3951878474  1864382438169872.5  1944985899884502.2  2029047685463222.2  10294.729983967194  10597.028554346307  10974.927346951852    3.22170401730278e+43   3.405376025361753e+43   3.620524908231859e+43 
  60362.40884818261  1939619448722276.2  2023026196700180.5  2111965375413802.0  10139.651482817524  10449.467865478997  10811.340067222516  3.2971020962173735e+43  3.4697318947045965e+43   3.695624753441142e+43 
       60363.310833  1973320584925687.8  2058162640435495.5  2148869397854298.8  10073.154766294045  10379.406253764188  10738.516385646355   3.321149232167425e+43  3.4951744911700187e+43  3.7251292105483315e+43 
       60363.404131  1976806506800281.2  2061797025254840.5  2152682289646152.8  10066.153021316706   10372.57883651192  10730.993889318257  3.3234481105329715e+43  3.4977425973744954e+43  3.7280075620992303e+43 
 60364.422508517826  2014856459274952.5  2101467498267627.8  2194301223371690.0   9989.910532857333  10298.528046346075  10648.702238529298  3.3546818999296884e+43   3.522753635104564e+43   3.755655183549695e+43 
       60364.546383  2019484819659080.5  2106292977243829.5  2199363711273958.8   9980.662705433315  10289.571407697586  10638.554479032397    3.35849784612681e+43  3.5258534484015553e+43   3.758506759355424e+43 
  60366.43616885303  2090629273578176.2  2179798204158526.5  2276595259296504.0   9842.804795238262   10150.76654039559  10484.356215853513  3.4028956477741754e+43   3.566171461659639e+43  3.7941223112286946e+43 
       60367.289564  2122486618326434.0  2212991410538441.5  2311471712715441.0   9780.105737403359   10087.51079751179   10415.84547846309  3.4165880579634676e+43   3.580071272840907e+43   3.808741958887121e+43 
  60368.44982918824  2165616247955763.8  2258120471777781.0  2358889295221317.5   9693.372950289444   10000.45729587728  10323.401377452252   3.434249971190641e+43   3.596161595564664e+43   3.827900228685848e+43 
       60369.422372  2201757022330438.2  2295947982724900.5  2398579415016189.0   9619.231029705268   9927.360937881795  10245.420427385425   3.451142517985558e+43  3.6112823896114406e+43  3.8407480569138724e+43 
       60369.477442  2203803484882858.0  2298089956325189.0  2400825454362574.0   9615.076777706152   9923.220957752572   10241.00504710749  3.4520529100821103e+43  3.6121489950674696e+43   3.841387697509368e+43 
 60370.463489523456  2240446109389354.8  2336560895683214.0  2440650373130689.0   9541.838314139808   9849.067403976722  10162.017505941874   3.466975033685478e+43  3.6261257954066156e+43   3.851286804275488e+43 
  60372.47714985866  2315275970822675.0  2415232704536566.0  2521584893151195.0   9399.869958016257   9697.451855914805  10001.104141003605   3.485817762415363e+43  3.6457945952315564e+43  3.8604390851341547e+43 
  60374.49081019387  2390105832255994.5  2493597199906657.5  2603617156808426.5   9252.084011693923   9548.693891385374   9840.617992686964   3.495626597695244e+43   3.647301398282836e+43    3.85318668190943e+43 
  60376.50447052908  2464935693689315.0  2571899478077537.5  2685856967670897.0   9105.148927810256   9397.867727285193   9680.870036213348   3.490203653926575e+43   3.640117370612745e+43   3.835129654327075e+43 
  60378.51813086429  2539765555122905.5  2650280816303905.0  2767867694810703.0   8961.085583877295   9247.094946037863   9522.362337762097   3.478754549942885e+43  3.6246388836992815e+43   3.808856226222467e+43 
       60379.331386  2569987021996292.5  2682046085832114.0  2801121711826585.0   8904.219252073632   9186.313796245657   9459.027776726476   3.471798474938797e+43  3.6142177167189673e+43   3.798159832459745e+43 
   60380.5317911995  2614576831499376.0  2728911923189716.0  2850758717392431.0   8820.297118977225    9096.72764518227   9365.622781902866  3.4576820439484306e+43   3.595801770948173e+43   3.778015828623265e+43 
       60381.075226  2634508799264648.5  2750132423557366.5  2873015593914107.5   8782.000823209848   9056.219712514605   9323.370747769952  3.4498062284852866e+43   3.587982566480731e+43  3.7658222915731143e+43 
  60382.54545153471  2688433369311508.0  2807439212372668.0  2933190861622025.5    8678.43674598635   8945.922692958642   9208.513591534034   3.425777254517222e+43   3.563184005470143e+43   3.733669352023507e+43 
       60383.291777  2715806910908179.0  2836512010732206.5  2964115904948683.5   8625.898892324674   8889.745596348805   9149.385961990065  3.4120985433454253e+43   3.548381642821972e+43  3.7155724725457103e+43 
       60383.421319  2720558220478196.5  2841558265510202.5  2969483659566487.0    8616.78007490349   8880.007209811649   9139.129889724767   3.409673614309775e+43   3.545690517174073e+43  3.7119872807126744e+43 
 60384.559111869916  2762289907123640.0  2885880513939832.0  3016629704335566.0   8536.745854392844    8794.65656156251   9049.640249044189  3.3871632838148697e+43   3.520941399836836e+43  3.6786314011753735e+43 
  60386.57277220513  2836161001183207.0  2964321815507279.0  3099983526980748.5   8395.336071338701   8641.009980438495   8893.274591822277  3.3419453537461745e+43  3.4676705110698557e+43   3.612779766155426e+43 
       60386.642277  2838731334522901.5  2967029345908167.0  3102832216764667.0   8390.460573406417    8635.71539263277    8887.88419151157  3.3402660145368874e+43   3.465637215015643e+43  3.6104309854857446e+43 
       60387.153327  2857630301935731.5  2986937086287750.0  3123777863994190.5   8354.627110411771   8597.428071833412   8848.266172071271   3.327696908531639e+43   3.450439455961859e+43  3.5932696479101725e+43 
       60388.528661  2908491063989629.0  3040512650727814.0  3180146635712506.5   8258.340788475485   8495.470918318179   8741.881635528844  3.2918658342679184e+43  3.4110481708629413e+43   3.545606865948176e+43 
  60388.58643254034  2910627493807260.5  3042763117074443.0  3182514432021863.5   8254.299913314575   8491.195563083085   8737.420359510383   3.290296925364443e+43   3.409461324105349e+43  3.5435334445135054e+43 
       60389.048411  2927711763163735.0  3060759295992275.0  3201448856919171.0    8221.99969750243   8457.026790450778   8701.766602756266  3.2775752456229064e+43  3.3958036620763874e+43  3.5267621671947036e+43 
       60389.460289  2942943284345668.5  3076803832323408.5  3218329888696030.5   8193.230696284887   8426.591739234764    8670.01936689958   3.265983697034407e+43  3.3825449525406367e+43   3.511541015062855e+43 
       60390.497047  2981283281717459.5  3117148544268292.5  3260821948827593.5    8120.92767803345    8350.06357009046   8590.256786417243  3.2357781240350324e+43  3.3483788700651245e+43  3.4720717393859434e+43 
 60390.600092875546  2985093986431313.5  3121145446088748.0  3265045337062978.0   8113.750005741516   8342.391950516449   8582.340366150056   3.232698772609792e+43   3.344728573441739e+43    3.46806265798175e+43 
       60391.263562  3009629513997029.0  3146879818641082.5  3292237960541066.0   8067.238514420349   8293.045659283162   8531.437387896616  3.2119010832260245e+43   3.320890730137628e+43   3.441740601448479e+43 
       60391.440266  3016164144928771.0  3153733742056385.5  3299480264910483.5   8054.790816557341    8279.84352890827    8518.41027392639   3.206304826117303e+43  3.3144406503014017e+43   3.434604606813314e+43 
       60392.467672  3054158299147984.5  3193647393280072.5  3341589028509891.0   7982.536904753106   8202.955798203617   8443.244321163218  3.1744359987459625e+43   3.277510731756382e+43   3.392315363323956e+43 
  60392.61375321076  3059560479055636.0  3199344882715555.0  3347576242104390.0   7972.280750198044   8192.088034880875   8432.571221858316   3.170112883793141e+43   3.272549281190902e+43   3.386199713613128e+43 
  60394.62741354597  3134195657381100.5  3277882077380635.0  3430107147145505.5   7832.212257008816  8044.5096285184645   8278.304411251806  3.1017288202129103e+43   3.198700096467608e+43  3.3003150271874733e+43 
       60396.379687  3199325459391468.5  3346224607130878.0  3501924976355476.0     7711.4042081561   7916.280853522429   8144.219995211287   3.035164650909203e+43  3.1252362242335615e+43   3.223319715976115e+43 
 60396.641073881176  3208957169977314.0  3356419272045715.0  3512612425013520.0   7693.449792323203   7897.229210393747   8124.003360866685  3.0246866091469845e+43  3.1142248524473305e+43   3.212454692099782e+43 
       60398.345069  3271746808655660.0  3422878840233952.0  3582167896780326.5    7577.54219293337   7774.556249617448   7993.716138589682  2.9577482144943285e+43   3.044340333541279e+43  3.1405494258656826e+43 
       60398.427928  3274800037279045.0  3426110523998365.0  3585550122921161.5   7571.919453592393   7768.623912486313   7987.509509330616  2.9542838056683815e+43   3.040939135908353e+43  3.1370730332041106e+43 
  60398.65473421638  3283157502755041.0  3434956466710794.0  3594808138514077.5   7556.539871852687   7752.395512016321   7970.488219738598   2.944693688234161e+43   3.031602993305067e+43  3.1273961442241043e+43 
       60400.519484  3351870707297091.0  3507610177821206.0  3670925463906167.5   7430.646806849558   7619.646056467657   7830.989297328432   2.867557043180416e+43  2.9516143871338235e+43  3.0378280211329146e+43 
   60400.6683945516  3357357835533036.5  3513410926477992.0  3677003852014932.5   7420.638359558848   7609.096655562533   7819.906328968779   2.861100732131565e+43  2.9447989208077473e+43   3.030121905763074e+43 
         60401.0233  3370435563646207.0  3527236120737047.0  3691490757302115.5   7396.812092523663   7583.921773562206   7793.690098200244  2.8460310388140544e+43   2.928517444996872e+43  3.0117282538243157e+43 
 60402.682054886805  3431558168310763.0  3591852228045156.0  3758913636474034.5   7285.640502914937  7467.0880765184975   7673.796693066475   2.776776768819664e+43   2.853537307205691e+43  2.9335003841910523e+43 
       60403.902968  3476589696525291.5  3638938837640216.0  3808471002172721.0    7202.29825848657    7381.94633272822   7586.896840720904   2.727316294071767e+43   2.797953467634417e+43   2.871948487556092e+43 
       60404.400185  3494998975595024.0  3658046724682219.0  3828653244818892.0   7168.158865850626   7347.382477407105   7550.998055717293  2.7069732747579646e+43   2.776067916495322e+43  2.8467959917544037e+43 
       60404.465671  3497423570991320.0  3660563330290700.5  3831311348507878.0   7163.670130249704   7342.838026529863   7546.278277304153   2.704160248648906e+43  2.7731750033503454e+43   2.843481360695494e+43 
  60404.69571522201  3505940874867657.5  3669403854667293.0  3840648938147987.0    7147.91469758951   7326.886621954897   7529.712591774952  2.6943181400601685e+43  2.7625792514615473e+43   2.831834067626505e+43 
  60406.70937555722  3580739686042916.5  3746788164186843.0  3922384239821940.0   7010.995504059899   7188.194032150012   7385.160350869538   2.609573008303321e+43  2.6701487819935996e+43  2.7377408203471507e+43 
       60408.410069  3644449028205602.5  3812566040852552.0  3991416086539021.0   6896.783044555918   7071.837476731507   7264.810198141062  2.5365941977596347e+43  2.5911876463881727e+43  2.6562252203729146e+43 
        60408.46405  3646478894174142.0  3814665121419615.0  3993607197543639.0   6893.180239017936   7068.145416024456   7261.013201455413  2.5341463957470046e+43  2.5886545189624664e+43  2.6536262413858137e+43 
 60408.723035892435  3656217629087110.0  3824735928813023.0  4004119541496188.0   6875.913719622966   7050.452912593481    7242.81611302567   2.522400723998595e+43  2.5765777717653287e+43  2.6423763817411573e+43 
  60410.73669622764  3731937985995816.0  3903038206983902.0  4085654959608876.5   6744.588984771033   6914.055608644963   7102.476341115827   2.432764249338694e+43  2.4827820700064375e+43   2.547514994240888e+43 
  60412.75035656285  3807658342904523.0  3981436570707044.5  4167168898950965.5   6612.985729545229   6779.758809049512  6964.8797914593015   2.347110514011573e+43  2.3915330897615703e+43  2.4551850242098216e+43 
 60414.764016898065  3883378699813503.5  4059973196197540.5  4250343362598371.5   6484.040667850277   6649.072241238785   6829.170151357461   2.257970385884495e+43   2.299625647672767e+43  2.3607743060704216e+43 
       60416.339548  3941951431883524.0  4121421939035475.5  4315842766541678.5     6386.0704566951   6548.891220686691   6724.902080580086   2.189474136268454e+43  2.2289102699202196e+43  2.2884427999087115e+43 
  60416.77767723327  3958222674184015.5  4138509821687753.0  4334057071288795.0   6359.578506444254    6521.25270595298   6696.183763735857   2.170350826411758e+43  2.2088574242370807e+43   2.268657737474531e+43 
       60417.066635  3968953986956718.0  4149779730277295.0  4346069884912295.5   6342.239356829839  6503.0808352810245   6677.302993699296  2.1578211876914851e+43  2.1959419674370286e+43  2.2556407820203926e+43 
       60418.335717  4016085150899138.0  4199276368815398.0  4398829309624914.0    6266.53742758629   6424.645892704754   6594.950089922338  2.1022527844381253e+43  2.1397511345458823e+43  2.1985834232509242e+43 
  60418.79133756848  4033005986360137.5  4217046447177965.0  4417770779979218.5   6239.535064933207  6396.5162487029465   6565.613154093414  2.0824368027044758e+43  2.1197351792929033e+43  2.1780322694018306e+43 
       60420.381261  4092052558533587.0  4279056518547172.0  4483628917917252.0   6146.061795496661   6299.187981053648   6464.209374560702   2.013402120040653e+43  2.0525373556012592e+43  2.1070136143648033e+43 
       60420.419907  4093487793578889.0  4280563786866310.0  4485221752786764.0   6143.804850689284   6296.807652585824  6461.7633153682045  2.0117502822964534e+43   2.050958931385493e+43  2.1053301430866012e+43 
  60420.80499790369  4107789298536259.5  4295583072668177.5  4501093672760548.5   6121.348184882433    6273.05079240847   6437.435985441887  1.9954739702520964e+43  2.0349300200814877e+43   2.088597969324685e+43 
       60422.299699  4163299503877919.0  4353725546520960.0  4562699324720770.0   6034.860022027114   6182.581470425414   6344.295026100157    1.93422725570099e+43  1.9731426490987483e+43   2.024424369921947e+43 
       60422.325648  4164263197770766.0  4354732629750678.0  4563768839599944.0   6033.367777264386   6181.024873862805    6342.70102024661  1.9331304432782313e+43   1.972088937241386e+43   2.023321399251877e+43 
   60422.8186582389  4182572610712651.5  4373866405378618.0  4584088766617892.0   6005.078091597119    6151.47004107393  6312.4908796818045   1.912506970211586e+43  1.9517736051418845e+43   2.003363477329556e+43 
       60424.361388  4239866504479233.5  4433739898409785.0  4647352026045177.0  5916.7823235540545   6058.809206518156   6218.788014470548  1.8502996614098356e+43  1.8885302049936197e+43  1.9402499334339163e+43 
       60424.504629  4245186188356656.5  4439299095640479.5  4653194139512981.0   5908.573287864106   6050.196423217187   6210.152446168751   1.844628536412276e+43  1.8827222880104084e+43   1.934325395568268e+43 
  60424.83231857411  4257355922888774.0  4452016760085986.5  4666559025782149.0   5889.837459407671   6030.539147055504   6190.439873279645  1.8318853186371899e+43  1.8694799539464743e+43   1.920818904263384e+43 
  60426.84597890932  4332139235064896.0  4529252740462360.0  4748686574203834.0    5780.46818189881   5912.149082856315   6076.075772785099  1.7553475037276687e+43  1.7896551323372734e+43  1.8392986530979073e+43 
       60427.321018  4349781235551972.5  4547843232263052.0  4768061140629101.0   5755.860587669382    5884.77847518385   6048.062349874078   1.737135389598579e+43   1.770801687379286e+43  1.8204414831356636e+43 
       60428.439683  4389592416235059.5  4588216234819920.0  4813686121341265.0   5693.362798874063   5824.617033991188   5982.638167522647  1.6945760268058655e+43  1.7279224242927865e+43  1.7766104427169908e+43 
 60428.859639244525  4403330344085161.5  4601467126505625.0  4819280413688270.0  5676.3422914085795  5802.1701422129645   5958.271656216457  1.6788168560951997e+43  1.7126160349359563e+43  1.7603670821417688e+43 
       60429.053497  4410602707953981.0  4606927435823785.0  4827127868914230.0   5665.725520411094   5791.302148712623   5947.031638199397  1.6715823921234333e+43   1.705410838686849e+43   1.752946965000737e+43 
       60430.375289  4437070127872491.0  4642364642666864.0  4867903840331695.0   5602.797754681763   5724.718407468034   5869.862057925215  1.6229461054024679e+43  1.6563850330937986e+43  1.7033840612654747e+43 
       60430.384317  4436898241629987.5  4642711854785664.0  4868276086937627.0   5602.625110248777   5724.217322046643    5869.33632403575  1.6226179789021824e+43  1.6560467361176406e+43  1.7030490388973795e+43 
  60430.87329957974  4444423320428979.5  4646234192710326.0  4876490907039819.0   5583.073122185229   5703.219668114809   5842.953512386585  1.6049839239367436e+43  1.6378185412593006e+43  1.6849118805590353e+43 
       60432.339467  4428037204932363.5  4644980747979788.0  4890493894867241.0   5538.669602556738   5654.659690543158  5786.6162629917935  1.5531730475378502e+43  1.5848916272804732e+43   1.630290550941595e+43 
       60432.443273  4428645832522002.5  4644423271747208.0  4894669505493437.0   5533.017689647356     5651.8011391614   5782.345182625837  1.5495608542178545e+43  1.5812730413112177e+43   1.626535711238701e+43 
  60432.88695991495  4439328641051672.0  4649669236978422.0  4902589956533009.0   5520.625145749464   5642.394492157764   5775.678830601738  1.5342053762585655e+43  1.5656395154913694e+43  1.6105476718769412e+43 
       60433.026289  4442725909142108.5  4645515885036926.0  4903546881517998.0   5520.625145749464   5636.244913031756   5771.265930934647  1.5294049712058554e+43  1.5607301093456637e+43   1.605521002610608e+43 
       60434.369293  4404380785775681.0  4630224246019345.0  4852202116940434.0   5497.742189910239  5617.7079502710385   5750.129033741384   1.482267989307512e+43  1.5135907388025127e+43  1.5572190246090717e+43 
       60434.399918  4403525434286835.5  4630011955553212.0  4851949945042146.0   5496.442348827769  5617.7079502710385   5750.129033741384    1.48121758674704e+43  1.5125445220305815e+43  1.5561274592397513e+43 
 60434.900620250155  4393995721623137.0  4619095988192678.0  4835726121265701.0  5486.4018335419005    5613.63278130644   5735.475645553181  1.4644561506257914e+43  1.4956959604174216e+43   1.538365233990092e+43 
  60436.91428058536  4292582338203422.0  4527515181285402.0  4760316331576035.0   5477.715644494285   5595.199336371855   5735.475645553181  1.3979825540157727e+43  1.4284461413588063e+43  1.4691666070587628e+43 
       60437.299143  4273378824276049.5  4507726871835030.0  4740088563030193.0   5476.937768085084   5595.199336371855   5735.475645553181  1.3855349388326893e+43    1.41613436777467e+43  1.4567527298190422e+43 
         60437.3814  4269280927251283.5  4503552999912095.5  4736494762018519.0   5474.417150967385   5595.199336371855   5735.475645553181   1.382888158979909e+43  1.4135394590085538e+43   1.454111553788007e+43 
       60438.386481  4219424657547365.0  4453654863995266.5  4700634704212210.0   5464.640203627626   5595.199336371855   5735.475645553181  1.3510439256636964e+43  1.3811707041730723e+43  1.4216735735155554e+43 
  60438.92794092058  4192744661861953.0  4426956060071747.5  4672590605224753.0   5464.640203627626   5595.199336371855   5735.475645553181   1.334546309272519e+43  1.3644689580163641e+43   1.403959061979921e+43 
       60439.182626  4180236872995739.0  4414442640226643.0  4659448693818006.0   5464.640203627626   5595.199336371855   5735.475645553181   1.326853205108495e+43  1.3567152883699932e+43   1.395641374047782e+43 
       60440.336608  4123921836302560.0  4358129449134730.5  4599906232311929.0   5464.640203627626   5595.199336371855   5735.475645553181  1.2925385213818551e+43  1.3217815076564946e+43   1.358786693739131e+43 
       60440.357557  4122904587882946.5  4357112932242570.0  4598828246829167.0   5464.640203627626   5595.199336371855   5735.475645553181  1.2919237843926988e+43  1.3211525330756604e+43  1.3581516863865806e+43 
 60440.941601255785  4094622210316857.5  4328855676606253.0  4568866545574903.0   5464.640203627626   5595.199336371855   5735.475645553181  1.2748981276811333e+43   1.303852752362505e+43  1.3405535528166235e+43 
       60442.354375  4026860369732048.5  4261078418847174.0  4496824486645974.0   5464.640203627626   5595.199336371855   5735.475645553181   1.234632839212545e+43  1.2629932831572988e+43  1.2988184811441325e+43 
       60442.401898  4024597208145735.0  4258775426875730.5  4494403032501075.5   5464.640203627626   5595.199336371855   5735.475645553181  1.2333018122179243e+43    1.26164180479913e+43  1.2974352125893407e+43 
  60442.95526159099  3998321514332682.0  4232044429899167.0  4466303384545099.0   5464.640203627626   5595.199336371855   5735.475645553181  1.2181813937288547e+43  1.2458303133293715e+43  1.2813937496974603e+43 
       60444.294201  3935332771715807.0  4168001294096258.5  4398999651688820.0   5464.640203627626   5595.199336371855   5735.475645553181  1.1811488398419879e+43   1.208169310678819e+43  1.2432701045374742e+43 
       60444.340092  3933189174372737.0  4165822564734284.0  4396709978803485.0   5464.640203627626   5595.199336371855   5735.475645553181   1.179887529103534e+43  1.2068991118803298e+43  1.2420044768979375e+43 
  60444.96892192621  3903916556691864.0  4136074480070278.5  4365461469838353.0   5464.640203627626   5595.199336371855   5735.475645553181  1.1627976782340436e+43  1.1896300316920325e+43  1.2247881925965524e+43 
       60445.461331  3881291171860199.0  4112925169749744.0  4340914563387103.5   5464.640203627626   5595.199336371855   5735.475645553181  1.1499765012828227e+43   1.176440423425622e+43  1.2114707014116005e+43 
       60445.472689  3880772178795405.5  4112392753892218.0  4340344320177093.5   5464.640203627626   5595.199336371855   5735.475645553181  1.1496754121890298e+43  1.1761395486024683e+43  1.2111652153929731e+43 
       60446.299155  3843182399728134.5  4073634194654289.5  4299050395752301.0   5464.640203627626   5595.199336371855   5735.475645553181  1.1279874497052247e+43  1.1545825758987842e+43   1.189138581204724e+43 
       60446.354062  3840697374684728.5  4071021346412335.0  4296321223747754.0   5464.640203627626   5595.199336371855   5735.475645553181  1.1265617892767532e+43  1.1531684623463546e+43  1.1876892602615066e+43 
 60446.982582261415  3812363323248045.5  4041222956832061.5  4265208833960282.5   5464.640203627626   5595.199336371855   5735.475645553181  1.1104971388749032e+43  1.1368450012241237e+43  1.1711710373321302e+43 
       60448.253657  3755695914176925.0  3981603358014350.0  4203018392260416.0   5464.640203627626   5595.199336371855   5735.475645553181  1.0793437238204911e+43   1.104489165274687e+43  1.1381596489129912e+43 
       60448.341782  3751797189132257.5  3977501150844805.0  4198743753695767.5   5464.640203627626   5595.199336371855   5735.475645553181  1.0771212877644314e+43  1.1022823724050752e+43  1.1358245219377313e+43 
  60448.99624259662  3722973448325774.5  3947166151729295.0  4167144328510064.5   5464.640203627626   5595.199336371855   5735.475645553181    1.06082951205361e+43  1.0860399111579617e+43  1.1193149652841907e+43 
       60450.325509  3665132836916192.5  3886257361027485.0  4103759989793299.5   5464.640203627626   5595.199336371855   5735.475645553181  1.0298054700256881e+43  1.0536855349434965e+43  1.0854394227336725e+43 
       60450.371088  3663165950963949.0  3884185499172998.0  4101605760768453.0   5464.640203627626   5595.199336371855   5735.475645553181  1.0287858577551556e+43  1.0525988682555456e+43  1.0842812639685213e+43 
  60451.00990293183  3635717837879056.0  3855271371687097.0  4071545306557908.0   5464.640203627626   5595.199336371855   5735.475645553181  1.0138171010719209e+43   1.037418439204876e+43  1.0681780027980988e+43 
       60451.447415  3617044365940109.5  3835966840107398.0  4051103519791136.5   5464.640203627626   5595.199336371855   5735.475645553181  1.0038126970323573e+43  1.0271349636887755e+43  1.0572840421755495e+43 
       60451.459062  3616548671893006.5  3835462860641785.0  4050560958098622.5   5464.640203627626   5595.199336371855   5735.475645553181  1.0035497234370183e+43  1.0268626478443634e+43   1.056995507100731e+43 
 60453.023563267045  3550956440638943.0  3768437377192391.0  3978432572826366.0   5464.640203627626   5595.199336371855   5735.475645553181   9.686749698662625e+42   9.907192722771235e+42   1.020015611551384e+43 
  60455.03722360225  3470773434568901.5  3684517162747020.0  3888302876975002.5   5464.640203627626   5595.199336371855   5735.475645553181   9.254671602620095e+42   9.463520683105773e+42   9.758133438202269e+42 
       60456.328796  3421741483748545.5  3631299665902363.0  3833249680433901.0   5464.640203627626   5595.199336371855   5735.475645553181    8.98332882653044e+42   9.189200755988001e+42   9.492285877544057e+42 
  60457.05088393746  3394687957478956.0  3601435370278357.0  3803563995747310.5   5464.640203627626   5595.199336371855   5735.475645553181   8.834445289844329e+42   9.038565338332976e+42    9.34432599722254e+42 
       60458.272951  3349494765399183.5  3551533526102424.0  3753980413201678.0   5464.640203627626   5595.199336371855   5735.475645553181   8.583425873786771e+42   8.790111095580871e+42   9.088096843597983e+42 
       60458.335567  3347199028982733.0  3548998390411729.0  3751462140230003.0   5464.640203627626   5595.199336371855   5735.475645553181   8.571051457430383e+42   8.777754235030613e+42   9.075151014943116e+42 
       60458.424155  3343954286793662.0  3545415355049936.0  3747902976797028.0   5464.640203627626   5595.199336371855   5735.475645553181   8.553578955199092e+42   8.760306849486294e+42   9.056868988246143e+42 
  60459.06454427267  3320614856195132.0  3519566562958901.0  3722299855777217.5   5464.640203627626   5595.199336371855   5735.475645553181   8.430488839001801e+42   8.635345973806306e+42   8.925864949519741e+42 
       60460.272361  3277142361146348.5  3471243041653148.5  3674619507224651.5   5464.640203627626   5595.199336371855   5735.475645553181   8.204382880914223e+42   8.402067355773164e+42   8.683327210507173e+42 
       60460.294201  3276362829494170.5  3470376664117610.0  3673764547043993.0   5464.640203627626   5595.199336371855   5735.475645553181   8.200236091744256e+42   8.397840689751217e+42   8.678975904562667e+42 
  60461.07820460788  3248534554260740.0  3439448522506012.5  3642694392043769.5   5464.640203627626   5595.199336371855   5735.475645553181   8.054738011009918e+42   8.248131527506522e+42   8.524332184941959e+42 
       60462.291967  3206044633244271.0  3393356093992836.0  3593180539907123.0   5464.640203627626   5595.199336371855   5735.475645553181   7.829147083333275e+42   8.023232735887507e+42   8.302395274419909e+42 
       60462.390575  3202624006628768.0  3389646805770166.0  3589136975177569.5   5464.640203627626   5595.199336371855   5735.475645553181   7.811069342137713e+42   8.005671827291732e+42   8.284600701226244e+42 
  60463.09186494309  3178317742464835.0  3363421646160178.0  3560533267679885.0   5464.640203627626   5595.199336371855   5735.475645553181   7.683824206272237e+42    7.88261128167463e+42   8.159281729998932e+42 
       60463.160995  3175877952963375.0  3360851052818436.0  3557727555801172.0   5464.640203627626   5595.199336371855   5735.475645553181    7.67140485883934e+42   7.870375330682873e+42    8.14666181440466e+42 
       60464.273599  3136954762256715.0  3319837891764197.0  3513017085953113.0   5464.640203627626   5595.199336371855   5735.475645553181   7.474921921897345e+42   7.683299520881225e+42   7.946110963544048e+42 
       60464.336458  3134774877211947.5  3317540891665254.0  3510634581526990.5   5464.640203627626   5595.199336371855   5735.475645553181   7.464269014094116e+42   7.672861929661798e+42   7.934946908118228e+42 
       60464.409081  3132259043534679.0  3314889813791205.0  3507884542011519.5   5464.640203627626   5595.199336371855   5735.475645553181   7.451982153581277e+42   7.660822861676276e+42   7.922070430249418e+42 
   60465.1055252783  3108274006859952.5  3289608696765899.0  3481653950792015.0   5464.640203627626   5595.199336371855   5735.475645553181   7.336257341301955e+42   7.545684562491045e+42   7.799762657894005e+42 
       60466.397833  3064430934175946.5  3242960006968168.0  3432475927414213.0   5464.640203627626   5595.199336371855   5735.475645553181   7.130056624255183e+42   7.335987631087739e+42   7.578288406982099e+42 
  60467.11918561351  3040325813931597.5  3216177185650432.0  3405296672361713.0   5464.640203627626   5595.199336371855   5735.475645553181   7.016413831084338e+42   7.222663549015583e+42   7.456366734762375e+42 
  60469.13284594872  2974424516248868.5  3145465679062341.0  3330881634957244.5   5464.640203627626   5595.199336371855   5735.475645553181   6.711881681054511e+42   6.911230250387904e+42   7.140259230562835e+42 
       60469.377783  2966544780808037.0  3137322146906134.0  3321973790422245.5   5464.640203627626   5595.199336371855   5735.475645553181   6.676177044067029e+42   6.872435423915758e+42    7.10429532127086e+42 
       60469.413888  2965385759751668.5  3136124272627469.0  3320663345863227.0   5464.640203627626   5595.199336371855   5735.475645553181   6.670932953978281e+42   6.866737753062167e+42   7.099030433018852e+42 
  60471.14650628393  2909159022770602.5  3078227340187646.5  3258578190996260.5   5464.640203627626   5595.199336371855   5735.475645553181   6.428497535888911e+42   6.609706511920443e+42   6.839240153315066e+42 
       60471.274224  2905071348282705.5  3074012046674323.0  3254061822897743.5   5464.640203627626   5595.199336371855   5735.475645553181   6.411176647402936e+42   6.591096563795224e+42   6.820048955635674e+42 
 60473.160166619135  2845651300302703.5  3010989161688588.0  3187997540902056.5   5464.640203627626   5595.199336371855   5735.475645553181   6.160376203713737e+42   6.334389102122794e+42    6.55478268991599e+42 
       60473.250821  2842793216315051.5  3007932709617576.0  3184838162297754.0   5464.640203627626   5595.199336371855   5735.475645553181   6.148163434823723e+42   6.322582419614026e+42   6.542403038652226e+42 
       60473.315648  2840708858811496.5  3005749532682031.0  3182581382244275.5   5464.640203627626   5595.199336371855   5735.475645553181   6.139446930455468e+42   6.314157065418349e+42   6.533566899841389e+42 
       60474.377404  2806864779775135.5  2971578293945195.0  3145919925608093.5   5464.640203627626   5595.199336371855   5735.475645553181   5.995397383108856e+42   6.175026785757812e+42   6.390907986758088e+42 
  60475.17382695435  2781838196324758.0  2946444925198212.0  3119961689259544.0   5464.640203627626   5595.199336371855   5735.475645553181    5.88979152608503e+42   6.073386603624723e+42   6.285598735513839e+42 
       60475.253078  2779400185522130.5  2943959924381876.0  3117460397121741.5   5464.640203627626   5595.199336371855   5735.475645553181   5.879400444584339e+42   6.063370113155327e+42   6.275219590729668e+42 
       60476.541733  2740732214890823.5  2903965028171886.5  3077403028133084.5   5464.640203627626   5595.199336371855   5735.475645553181   5.716163594183051e+42   5.904093422770924e+42   6.109321664318305e+42 
  60477.18748728956  2721639074977248.0  2884206497274747.0  3057942570141131.0   5464.640203627626   5595.199336371855   5735.475645553181   5.636688022191912e+42   5.825212925857287e+42   6.029842075788732e+42 
         60477.3303  2717441838347059.5  2879932910024700.0  3053702483336878.5   5464.640203627626   5595.199336371855   5735.475645553181   5.619565433537075e+42   5.807931716942493e+42   6.012729199548581e+42 
 60479.201147624764  2662487060647038.0  2825432249804932.0  2996378689694322.0   5464.640203627626   5595.199336371855   5735.475645553181   5.400717466833424e+42   5.585933522437656e+42   5.792818549889763e+42 
  60481.21480795997  2603613250091628.0  2768437148206720.0  2935040405955341.5   5464.640203627626   5595.199336371855   5735.475645553181  5.1796082529976704e+42   5.357902382780506e+42  5.5630047192029574e+42 
       60482.314884  2571558857110442.5  2737555517342218.0  2902383351613919.5   5464.640203627626   5595.199336371855   5735.475645553181   5.061536288581234e+42  5.2366650768336147e+42   5.441469827993645e+42 
  60483.22846829519  2545355484527294.0  2712061443618793.0  2875508003935169.0   5464.640203627626   5595.199336371855   5735.475645553181  4.9682644075682325e+42  5.1389246671180795e+42   5.343125784621757e+42 
       60484.331168  2514222477086993.0  2681756990840628.5  2843548526748878.0   5464.640203627626   5595.199336371855   5735.475645553181  4.8565252627952065e+42   5.019213729210343e+42   5.226156220011366e+42 
 60485.242128630394  2489258137565491.5  2657100044902037.0  2817535877489974.5   5464.640203627626   5595.199336371855   5735.475645553181  4.7667049425064923e+42   4.926184544476606e+42   5.132949044791182e+42 
       60487.234224  2437168259427979.5  2604354682829453.5  2761859091218477.5   5464.640203627626   5595.199336371855   5735.475645553181   4.574599050453734e+42  4.7333694438176775e+42   4.934706943465722e+42 
   60487.2557889656  2436613008024527.0  2603792253285009.0  2761265230870204.0   5464.640203627626   5595.199336371855   5735.475645553181  4.5725010765200415e+42  4.7313336091085663e+42   4.932601511475116e+42 
       60488.390542  2407653457541092.5  2574452287353087.0  2730279061668733.0   5464.640203627626   5595.199336371855   5735.475645553181  4.4694176551990006e+42   4.625738234424833e+42  4.8233693198489347e+42 
        60488.89136  2395031738503996.0  2561661282528194.5  2716767123926460.0   5464.640203627626   5595.199336371855   5735.475645553181   4.425412510696086e+42  4.5800681977571195e+42  4.7761165679491133e+42 
       60489.233391  2386467969771041.0  2553171096108702.5  2707595984219999.0   5464.640203627626   5595.199336371855   5735.475645553181  4.3946411456614064e+42   4.549201948127022e+42   4.744174895382182e+42 
  60489.26944930082  2385567734372173.0  2552296883510118.5  2706631754677289.5   5464.640203627626   5595.199336371855   5735.475645553181  4.3914123724422414e+42   4.545963273890994e+42   4.740823115258644e+42 
        60489.31618  2384401786509585.5  2551164646476935.0  2705382890137178.5   5464.640203627626   5595.199336371855   5735.475645553181   4.387232329203646e+42  4.5417702450553465e+42  4.7364835886433656e+42 
        60491.11171  2341505654096348.0  2508231313350597.0  2658046434440056.0   5464.640203627626   5595.199336371855   5735.475645553181  4.2267614998430126e+42  4.3842687981910974e+42  4.5734412421000064e+42 
       60491.270601  2337771953704896.5  2504483950593958.0  2653916562679478.5   5464.640203627626   5595.199336371855   5735.475645553181   4.212802715505642e+42   4.370660241556951e+42   4.559350692528792e+42 
 60491.283109636024  2337478394249153.0  2504189307821901.0  2653591851034318.0   5464.640203627626   5595.199336371855   5735.475645553181  4.2117062787954993e+42   4.369591179473917e+42   4.558243767949841e+42 
       60492.396269  2312580778280779.5  2476824583807987.0  2624933591760805.5   5464.640203627626   5595.199336371855   5735.475645553181   4.115541421881884e+42   4.275755180605583e+42   4.461551912501596e+42 
       60492.842213  2302719102335773.5  2465950141341545.0  2613582299522235.5   5464.640203627626   5595.199336371855   5735.475645553181  4.0782103217409334e+42  4.2380387827404647e+42  4.4224158667954025e+42 
  60493.29676997123  2292731812732142.5  2454939718208447.0  2602087905372497.5   5464.640203627626   5595.199336371855   5735.475645553181   4.041010117431516e+42   4.199733522390293e+42   4.384828351488886e+42 
  60495.31043030644  2249271045026675.2  2406815740040151.5  2553298266267509.5   5464.640203627626   5595.199336371855   5735.475645553181   3.881288258222872e+42  4.0320425074998713e+42   4.222222798656587e+42 
 60497.324090641654  2207041939086804.5  2360065887520592.0  2505947061544375.0   5464.640203627626   5595.199336371855   5735.475645553181  3.7300136439398084e+42   3.880320577677415e+42  4.0674312404888595e+42 
  60499.33775097686  2166002110755117.5  2317263138325544.0  2459304840084266.0   5464.640203627626   5595.199336371855   5735.475645553181   3.585147386630947e+42  3.7344855452272626e+42   3.919053821216122e+42 
       60500.339256  2146017432459875.2  2296210785669867.0  2436311742114465.0   5464.640203627626   5595.199336371855   5735.475645553181   3.516793522984863e+42  3.6643811455538916e+42  3.8493085867331355e+42 
       60501.266724  2127758589413516.8  2276973060576923.0  2415209871861111.0   5464.640203627626   5595.199336371855   5735.475645553181  3.4555442553741866e+42   3.600922198844169e+42   3.786102524703233e+42 
  60501.35141131207  2126103123643795.0  2275228637299337.5  2413296909236543.5   5464.640203627626   5595.199336371855   5735.475645553181   3.450019205238118e+42   3.595196540894715e+42  3.7803961890576296e+42 
       60503.051646  2092939404599466.0  2240635988122294.5  2375376621080259.5   5464.640203627626   5595.199336371855   5735.475645553181   3.341420854806467e+42   3.484484539138724e+42   3.665609598582869e+42 
  60503.36507164728  2086725251673728.0  2234318577045902.5  2368485027980910.0   5464.640203627626   5595.199336371855   5735.475645553181   3.321873530617712e+42    3.46480351893535e+42  3.6443067003401144e+42 
  60505.37873198249  2047479899498152.5  2194039326976517.5  2324935333655772.5   5464.640203627626   5595.199336371855   5735.475645553181  3.1978225252892824e+42   3.340977049550113e+42  3.5134534525122016e+42 
   60507.3923923177  2010110119538095.8  2155217090548317.0  2282512194477413.5   5464.640203627626   5595.199336371855   5735.475645553181   3.077707833871301e+42   3.219474613301736e+42  3.3898933118600036e+42 
  60509.40605265291  1973978056740197.0  2117286083725148.2  2241153459383980.2   5464.640203627626   5595.199336371855   5735.475645553181  2.9595347572267246e+42  3.1045163864243544e+42   3.275003143364229e+42 
  60511.41971298812  1937798525028000.5  2079578715082937.5  2200933255396167.0   5464.640203627626   5595.199336371855   5735.475645553181  2.8500669173529655e+42   2.995355209725029e+42  3.1649318365448984e+42 
  60513.43337332333  1902574185068550.5  2042894468296410.8  2162422758121049.5   5464.640203627626   5595.199336371855   5735.475645553181  2.7480602081732403e+42  2.8909912677378473e+42  3.0594295089049423e+42 
  60515.44703365854  1868334025042622.5  2007196946193106.5  2125247476554133.5   5464.640203627626   5595.199336371855   5735.475645553181  2.6518441191914974e+42   2.791205882576963e+42  2.9582695701413805e+42 
 60517.460693993744  1835042771858838.8  1972449561140386.2  2088582941785253.8   5464.640203627626   5595.199336371855   5735.475645553181  2.5598890545991178e+42  2.6945662527418832e+42    2.86123840032191e+42 
  60519.47435432896  1802707688660057.2  1938618679391735.5  2052776032773392.0   5464.640203627626   5595.199336371855   5735.475645553181   2.471943244698487e+42   2.602975588066194e+42  2.7664264209265804e+42 
 60521.488014664166  1771760148067482.2  1904324872983681.0  2017615503247585.2   5464.640203627626   5595.199336371855   5735.475645553181   2.387445129903181e+42  2.5156184605403084e+42  2.6730842825029134e+42 
 60523.501674999374  1741620512263434.8  1871004024989410.0  1983543928579701.5   5464.640203627626   5595.199336371855   5735.475645553181   2.305718395828591e+42  2.4313744044015672e+42  2.5824210093149705e+42 
       60524.493852  1727056543159925.8  1855268251406132.5  1967145057940727.5   5464.640203627626   5595.199336371855   5735.475645553181   2.266636718958128e+42    2.39145247926167e+42  2.5407241945476653e+42 
  60525.51533533458  1712257101931699.0  1839631144313459.2  1950476251454906.2   5464.640203627626   5595.199336371855   5735.475645553181   2.227274145761581e+42  2.3512723167881318e+42  2.4988246686664555e+42 
       60526.264253  1701529058341068.8  1828292288621790.5  1938391162261724.5   5464.640203627626   5595.199336371855   5735.475645553181  2.1991028456762032e+42   2.322352759481364e+42   2.468653606045025e+42 
 60527.528995669796  1683758739536493.5  1809382325534705.2  1917878389814055.0   5464.640203627626   5595.199336371855   5735.475645553181  2.1530711233208014e+42  2.2745296394804907e+42  2.4180024757588337e+42 
       60528.495132  1670410036945396.2  1794684835966081.0  1902406384289702.0   5464.640203627626   5595.199336371855   5735.475645553181  2.1186683392899338e+42  2.2388323522575633e+42   2.379632053017526e+42 
 60529.542656005004  1656118144458100.2  1778941373581742.5  1885817580575371.5   5464.640203627626   5595.199336371855   5735.475645553181  2.0820518040106417e+42   2.200922888459713e+42  2.3387945253889053e+42 
  60531.55631634021  1629165029864408.2  1749273571624033.0  1854089712004163.0   5464.640203627626   5595.199336371855   5735.475645553181  2.0138986082931092e+42   2.129536467011526e+42   2.262740916699462e+42 
 60533.569976675426  1602872192638744.8  1720496670003105.0  1824828990514363.0   5464.640203627626   5595.199336371855   5735.475645553181   1.948547826426938e+42   2.062460264697454e+42  2.1897589753328957e+42 
  60535.58363701063  1577436071021926.0  1692838316328374.5  1796303260244775.2   5464.640203627626   5595.199336371855   5735.475645553181   1.886055925548857e+42  1.9974227995597308e+42  2.1196995994311443e+42 
  60537.59729734584  1552693872438866.8  1666159018363044.0  1768712798606056.8   5464.640203627626   5595.199336371855   5735.475645553181  1.8258738914380935e+42   1.934620301486535e+42   2.052420050001976e+42 
  60539.61095768105  1528528664937824.5  1640107777390028.5  1741779241813634.0   5464.640203627626   5595.199336371855   5735.475645553181  1.7677622589847613e+42  1.8747292238763048e+42   1.987786613839451e+42 
  60541.62461801626  1504921990786658.0  1614664365441224.5  1714839484166923.5   5464.640203627626   5595.199336371855   5735.475645553181  1.7121002947992856e+42   1.817282232674776e+42  1.9256737771861675e+42 
  60543.63827835147  1481856267256229.2  1589931385088272.2  1688450561100014.8   5464.640203627626   5595.199336371855   5735.475645553181  1.6588493739945963e+42  1.7620283211761744e+42   1.865961835803947e+42 
  60545.65193868668  1459315045105643.8  1565802633339755.0  1662429048787460.8   5464.640203627626   5595.199336371855   5735.475645553181  1.6076546658899797e+42  1.7073556799949352e+42  1.8097903615308153e+42 
 60547.665599021886  1437281656998345.2  1542211324403791.0  1637004385069901.5   5464.640203627626   5595.199336371855   5735.475645553181   1.558176155255145e+42  1.6548762133909154e+42  1.7557153928867496e+42 
   60549.6792593571  1415740940077968.5  1519141180851692.2  1612157997700040.2   5464.640203627626   5595.199336371855   5735.475645553181  1.5103363411716424e+42   1.605170204320691e+42    1.70363168293427e+42 
  60551.69291969231  1394128094274829.0  1496576845091632.0  1587871754398653.2   5464.640203627626   5595.199336371855   5735.475645553181  1.4643366099535694e+42  1.5573244366361706e+42   1.653452301003515e+42 
 60553.706580027516  1372790389473557.8  1474503533951347.5  1564128973604042.0   5464.640203627626   5595.199336371855   5735.475645553181   1.420090114369855e+42  1.5112550939597877e+42  1.6050937835592865e+42 
  60555.72024036272  1351598391867231.8  1452906948318520.2  1540913027557215.0   5464.640203627626   5595.199336371855   5735.475645553181  1.3775126648743314e+42   1.466883137170016e+42  1.5583982617937893e+42 
  60557.73390069794  1330903480244539.8  1431772201565284.5  1518414995338247.8   5464.640203627626   5595.199336371855   5735.475645553181  1.3365347358099296e+42  1.4241520005958286e+42  1.5131486342840262e+42 
 60559.747561033146  1310692901568157.2  1411088788634363.5  1496710789859766.8   5464.640203627626   5595.199336371855   5735.475645553181  1.2970792786424889e+42  1.3829798665143961e+42  1.4695170988024852e+42 
  60561.76122136835  1290948674935680.8  1390773851602584.5  1475465745971477.2   5464.640203627626   5595.199336371855   5735.475645553181  1.2590777807788744e+42   1.343285062720056e+42   1.427433752885927e+42 
  60563.77488170357  1271921513345065.5  1370597389582976.5  1454568689805557.5   5464.640203627626   5595.199336371855   5735.475645553181  1.2222682597214306e+42  1.3050045223782563e+42  1.3868329575597983e+42 
 60565.788542038776  1253495122944111.2  1350850640687837.8  1434024636139802.5   5464.640203627626   5595.199336371855   5735.475645553181   1.186689790956565e+42  1.2679635078127918e+42  1.3477414907052493e+42 
  60567.80220237398  1235657117371011.2  1331521146794532.0  1413911359727989.2   5464.640203627626   5595.199336371855   5735.475645553181  1.1527619573097774e+42  1.2322514684108002e+42   1.310306497713181e+42 
  60569.81586270919  1218198600184663.0  1312597164037319.8  1394216852050154.2   5464.640203627626   5595.199336371855   5735.475645553181  1.1200413444182144e+42  1.1977619682312734e+42  1.2741560038158512e+42 
 60571.829523044406  1201108791930437.8  1294005744088994.5  1374821108110057.8   5464.640203627626   5595.199336371855   5735.475645553181  1.0884762694584578e+42   1.164454371475513e+42  1.2392371724628659e+42 
  60573.84318337961  1184377114633683.5  1275665433951427.0  1355589049614617.2   5464.640203627626   5595.199336371855   5735.475645553181  1.0580171777555682e+42  1.1322675222602324e+42  1.2055004288659099e+42 
  60575.85684371482  1167993178269239.5  1257706711669906.5  1336758317350249.0   5464.640203627626   5595.199336371855   5735.475645553181  1.0286173982399993e+42  1.1011811453013957e+42  1.1728977362230612e+42 
  60577.87050405003  1151900084162004.2  1240118690097904.8  1318317331488260.8   5464.640203627626   5595.199336371855   5735.475645553181  1.0002327888939047e+42  1.0711500178476824e+42  1.1413835775076354e+42 
  60579.88416438524  1135640184943141.2  1222891244300888.0  1300255449758236.2   5464.640203627626   5595.199336371855   5735.475645553181   9.728091541197931e+41  1.0421318088014623e+42  1.1109150279545153e+42 
  60581.89782472045  1119726179123304.9  1206014424366641.0  1282562055289452.0   5464.640203627626   5595.199336371855   5735.475645553181    9.46277673815379e+41  1.0141888905001015e+42  1.0814504873908777e+42 
  60583.91148505566  1104147850014775.8  1189478548870607.0  1265168309241883.0   5464.640203627626   5595.199336371855   5735.475645553181   9.206445957559268e+41   9.872365412870574e+41   1.052950642559991e+42 
  60585.92514539087  1088895355378652.2  1173274522465495.0  1248077473838807.2   5464.640203627626   5595.199336371855   5735.475645553181   8.958732926174527e+41   9.611711922784357e+41  1.0253780459352842e+42 
  60587.93880572608  1074008747705688.8  1157393399394439.0  1231330037723252.8   5464.640203627626   5595.199336371855   5735.475645553181   8.719290856008681e+41   9.359578898995452e+41    9.98696593862841e+41 
  60589.95246606129  1059465162760302.2  1141826525129890.5  1214916601727914.2   5464.640203627626   5595.199336371855   5735.475645553181   8.487786637737937e+41   9.115632877269361e+41   9.728721390799956e+41 
 60591.966126396495  1045216807057526.6  1126565705546663.5  1198843513856243.8   5464.640203627626   5595.199336371855   5735.475645553181    8.26390475879864e+41   8.879559335479797e+41     9.4787203575731e+41 
  60593.97978673171  1031255598986809.8  1111602874381898.1  1183266878312237.8   5464.640203627626   5595.199336371855   5735.475645553181    8.04734624186995e+41   8.651053901901186e+41   9.236648193281039e+41 
  60595.99344706692  1017573565883140.2  1096930261546431.2  1167988865195493.2   5464.640203627626   5595.199336371855   5735.475645553181    7.83782218634955e+41   8.429826418895474e+41   9.002206806582923e+41 
 60598.007107402125  1004163211140057.1  1082695958947824.1  1153001895043191.8   5464.640203627626   5595.199336371855   5735.475645553181   7.635058473847567e+41   8.215602578054643e+41   8.776365218803279e+41 
  60600.02076773733   991017293176894.5  1068893595591318.0  1138298527539566.8   5464.640203627626   5595.199336371855   5735.475645553181    7.43879594099387e+41   8.008117271633564e+41   8.557676561694808e+41 
  60602.03442807255   978128682883351.5  1055329069463955.8  1123871719040545.4   5464.640203627626   5595.199336371855   5735.475645553181    7.24688150731514e+41    7.80677113459834e+41   8.345722313611905e+41 
 60604.048088407755   965490610499600.4  1041906531139763.0  1109714614506172.5   5464.640203627626   5595.199336371855   5735.475645553181   7.060750639386709e+41   7.610911019955936e+41   8.140256842966993e+41 
  60606.06174874296   953096541009565.2  1028734093084374.0  1095820441252209.0   5464.640203627626   5595.199336371855   5735.475645553181     6.8804749559881e+41   7.420846328322178e+41    7.94104354187831e+41 
  60608.07540907818   940940080666438.2  1015936291525020.5  1082412464341997.6   5464.640203627626   5595.199336371855   5735.475645553181    6.70632116997938e+41   7.236432414709555e+41    7.74785594414053e+41 
 60610.089069413385   929027674047084.0  1003532558431585.0  1069323639331622.8   5464.640203627626   5595.199336371855   5735.475645553181  6.5379205959175194e+41   7.057675652151952e+41   7.560478474309394e+41 
  60612.10272974859   917398026598364.8   991260455783508.5  1056469249022352.8   5464.640203627626   5595.199336371855   5735.475645553181  6.3740558108542714e+41   6.884369671954278e+41   7.378702924678147e+41 
   60614.1163900838   905985029394059.8   979151324053610.9  1043826670822357.1   5464.640203627626   5595.199336371855   5735.475645553181   6.212531330937785e+41   6.716316900593199e+41   7.202317365931901e+41 
 60616.130050419015   894783340287142.1   967243520776700.2  1031307400203859.4   5464.640203627626   5595.199336371855   5735.475645553181   6.056232615611854e+41    6.55331583350501e+41   7.031156716418113e+41 
  60618.14371075422   883787548359593.1   955683430986390.5  1019012231535621.1   5464.640203627626   5595.199336371855   5735.475645553181  5.9079452233365184e+41    6.39521291866788e+41   6.864456746867544e+41 
  60620.15737108943   872993055102194.6   944295342782638.4  1006934341878135.2   5464.640203627626   5595.199336371855   5735.475645553181   5.764516236839809e+41   6.241818020602256e+41   6.702271155675126e+41 
  60622.17103142464   862426328108832.0   933035756584590.0   995087207048674.0   5464.640203627626   5595.199336371855   5735.475645553181   5.625364904781334e+41    6.09296500449315e+41   6.544823645655935e+41 
  60624.18469175985   851762248276105.6   921974485672981.9   983553130259481.4   5464.640203627626   5595.199336371855   5735.475645553181    5.49033990120454e+41   5.948494181218951e+41    6.39194969736762e+41 
  60626.19835209506   841251766513807.4   911106863709114.5   972142380279652.1   5464.640203627626   5595.199336371855   5735.475645553181   5.359724182976287e+41   5.808252114628346e+41   6.243490991296287e+41 
  60628.21201243027   831362711871195.4   900381868512106.2   960858508979455.2   5464.640203627626   5595.199336371855   5735.475645553181  5.2337541750882735e+41   5.672092192506123e+41   6.099296598585159e+41 
 60630.225672765475   821648750375131.5   889828000821995.2   949768556690784.1   5464.640203627626   5595.199336371855   5735.475645553181   5.111446095412897e+41   5.539873086917877e+41   5.959221005978368e+41 
  60632.23933310069   812101179847590.0   879456434327117.0   938868129943152.5   5464.640203627626   5595.199336371855   5735.475645553181   4.992672754106617e+41   5.411459412631918e+41   5.823274533283842e+41 
   60634.2529934359   802716286548833.4   869263015284951.5   928152982639136.1   5464.640203627626   5595.199336371855   5735.475645553181   4.877312769600789e+41  5.2861282393501656e+41   5.691234279841988e+41 
 60636.266653771105   793490432893015.6   859225542543291.8   917618933547934.4   5464.640203627626   5595.199336371855   5735.475645553181   4.765249699809006e+41   5.164084965228263e+41   5.563823114226203e+41 
  60638.28031410632   784420092396515.0   849088679099922.2   907261917276977.4   5464.640203627626   5595.199336371855   5735.475645553181   4.656371424866661e+41   5.045956078595544e+41  5.4399443425515815e+41 
  60640.29397444153   775501821624503.2   839124882865405.5   897046188783837.9   5464.640203627626   5595.199336371855   5735.475645553181   4.550389345410614e+41  4.9313088631820625e+41   5.319481181902686e+41 
 60642.307634776735   766732323820570.4   829330343642697.5   886967005073025.6   5464.640203627626   5595.199336371855   5735.475645553181   4.447145314875458e+41   4.819883349760905e+41   5.202322006714905e+41 
  60644.32129511194   758108318665829.8   819701343704135.9   877055058872177.1   5464.640203627626   5595.199336371855   5735.475645553181   4.346799987148565e+41   4.711936150851365e+41  5.0883589907969186e+41 
  60646.33495544716   749626647154711.8   810234190422968.9   867306710595102.0   5464.640203627626   5595.199336371855   5735.475645553181   4.249256752370719e+41  4.6071356701555446e+41  4.9774882446424835e+41 
 60648.348615782365   741284262020727.2   800925373125312.5   857718429034499.1   5464.640203627626   5595.199336371855   5735.475645553181  4.1544222913056875e+41   4.505215513795573e+41   4.869609847191016e+41 
  60650.36227611757   733078154373976.4   791817891482441.5   848286742531772.2   5464.640203627626   5595.199336371855   5735.475645553181   4.061337286648576e+41  4.4060816480513936e+41   4.764628076605989e+41 
  60652.37593645278   725005416387781.0   782985226452380.0   839008259261480.6   5464.640203627626   5595.199336371855   5735.475645553181  3.9694417212420236e+41  4.3096438320523584e+41   4.662450128552967e+41 
 60654.389596787994   717063194004189.1   774296753832028.4   829879729797222.1   5464.640203627626   5595.199336371855   5735.475645553181   3.880951498618422e+41   4.215814751178344e+41   4.562986765353428e+41 
   60656.4032571232   709235483435696.2   765749436851300.4   820897963180492.2   5464.640203627626   5595.199336371855   5735.475645553181   3.795236058192844e+41   4.124510553988047e+41   4.466152373122133e+41 
  60658.41691745841   701519233554206.1   757340269511871.0   812059837951035.6   5464.640203627626   5595.199336371855   5735.475645553181   3.711850864721571e+41   4.035550579006841e+41   4.371864343719556e+41 
 60660.430577793624   693927486381586.1   749066333862611.5   803362328403796.0   5464.640203627626   5595.199336371855   5735.475645553181  3.6307208103077606e+41   3.948590679845645e+41   4.280042868911655e+41 
  60662.44423812883   686457582512481.4   740924773948821.4   794802513494205.9   5464.640203627626   5595.199336371855   5735.475645553181   3.551773700190968e+41   3.863945522145357e+41   4.190611028965056e+41 
  60664.45789846404   679106952952253.9   732912856291588.0   786377513137938.5   5464.640203627626   5595.199336371855   5735.475645553181  3.4749400405251323e+41   3.781587396245518e+41   4.103227211427674e+41 
  60666.47155879925   671873084018487.9   725027873947757.8   778084515953535.0   5464.640203627626   5595.199336371855   5735.475645553181  3.4001528026656686e+41  3.7017917269993395e+41   4.018063735649943e+41 
  60668.48521913446   664753508575438.0   717267183573313.9   769920811850471.8   5464.640203627626   5595.199336371855   5735.475645553181   3.327086685958752e+41   3.624080720357974e+41   3.935089223139575e+41 
  60670.49887946967   657745848048347.9   709645262310860.8   761883766258258.8   5464.640203627626   5595.199336371855   5735.475645553181  3.2557720533418848e+41   3.548389439302463e+41   3.854236601638129e+41 
  60672.51253980488   650847796702037.0   702165410410461.8   753963670188231.0   5464.640203627626   5595.199336371855   5735.475645553181  3.1863349669537465e+41  3.4746555535676132e+41   3.775441569382223e+41 
 60674.526200140084   644057077896099.9   694801374739560.5   746117477715883.1   5464.640203627626   5595.199336371855   5735.475645553181   3.118717196289176e+41  3.4028190057058055e+41    3.69864175865333e+41 
   60676.5398604753   637371473984262.6   687614486912584.6   738384507120706.1   5464.640203627626   5595.199336371855   5735.475645553181   3.052862427266152e+41  3.3328216590721874e+41   3.623777112352394e+41 
  60678.55352081051   630788844819182.2   680575331978308.2   730769787806311.2   5464.640203627626   5595.199336371855   5735.475645553181  2.9893005618989824e+41  3.2646073452377836e+41    3.55078951597204e+41 
 60680.567181145714   624307105150209.0   673642981702735.8   723270934772715.0   5464.640203627626   5595.199336371855   5735.475645553181   2.927648301594467e+41   3.198122161895854e+41   3.479623184240438e+41 
  60682.58084148093   617924203822733.4   666815295604326.5   715905335527980.4   5464.640203627626   5595.199336371855   5735.475645553181   2.867570374378199e+41  3.1333140714483128e+41   3.410113376122374e+41 
  60684.59450181614   611638147067271.1   660090201105139.2   708669330054766.8   5464.640203627626   5595.199336371855   5735.475645553181  2.8090188340175785e+41   3.070132712812955e+41  3.3423015206808802e+41 
 60686.608162151344   605446999079495.6   653465654873962.9   701541789275673.1   5464.640203627626   5595.199336371855   5735.475645553181  2.7519475625659174e+41   3.008529370503749e+41  3.2761596310823538e+41 
  60688.62182248655   599354116367919.6   646939676278020.2   694520572744075.1   5464.640203627626   5595.199336371855   5735.475645553181   2.696311988992808e+41   2.948457282404905e+41  3.2116364882170185e+41 
 60690.635482821766   593352097346132.9   640509984150796.2   687602968735000.0   5464.640203627626   5595.199336371855   5735.475645553181  2.6420657319900784e+41  2.8898680311129737e+41  3.1486884885176137e+41 
 60692.649143156974   587447114945415.9   634175474630320.5   680788319998605.9   5464.640203627626   5595.199336371855   5735.475645553181   2.589173555012612e+41  2.8327247004614003e+41  3.0872709740807075e+41 
  60694.66280349218   581688718147293.9   627933858746516.0   674073826443837.5   5464.640203627626   5595.199336371855   5735.475645553181  2.5375945529500525e+41   2.776981627630404e+41  3.0273371733637885e+41 
  60696.67646382739   576023316636801.8   621783328263343.8   667381538348584.8   5464.640203627626   5595.199336371855   5735.475645553181   2.487287837484738e+41  2.7225975381098622e+41  2.9688446378030567e+41 
 60698.690124162604   570439773707433.1   615722137895976.9   660734555101811.6   5464.640203627626   5595.199336371855   5735.475645553181  2.4382162722089292e+41  2.6689705209929575e+41  2.9117521501053923e+41 
  60700.70378449781   564874555381361.2   609748583534629.0   654184269139126.2   5464.640203627626   5595.199336371855   5735.475645553181  2.3903437258857883e+41    2.61628861277383e+41  2.8560199377353985e+41 
  60702.71744483302   559378084814364.2   603860991699841.5   647728869105954.8   5464.640203627626   5595.199336371855   5735.475645553181  2.3436353933052697e+41  2.5648871970772895e+41  2.8016094235942826e+41 
  60704.73110516823   553960452516623.4   598057729867907.5   641366585458289.9   5464.640203627626   5595.199336371855   5735.475645553181  2.2980575560724074e+41  2.5147295593388596e+41  2.7484834080465955e+41 
  60706.74476550344   548620179822734.0   592337208328575.5   635084108295881.9   5464.640203627626   5595.199336371855   5735.475645553181  2.2535778375188354e+41  2.4662968172920883e+41  2.6966057997289485e+41 
  60708.75842583865   543355822888602.1   586697876908715.0   628786457837532.9   5464.640203627626   5595.199336371855   5735.475645553181   2.210164660657107e+41  2.4193866582248253e+41   2.645941741452801e+41 
 60710.772086173856   538165971991342.1   581138212426889.0   622618788410674.4   5464.640203627626   5595.199336371855   5735.475645553181   2.167787656598442e+41  2.3735826417811002e+41  2.5964574094236804e+41 
  60712.78574650907   533049250335266.9   575656727759932.2   616761105519942.9   5464.640203627626   5595.199336371855   5735.475645553181  2.1264173501661893e+41  2.3288537452053895e+41  2.5480272810520866e+41 
  60714.79940684428  528004303127112.75   570251976351025.2   611072379018170.5   5464.640203627626   5595.199336371855   5735.475645553181  2.0860253974922296e+41    2.28516991286963e+41   2.499487100336163e+41 
 60716.813067179486   523029817682169.0   564922541020555.4   605461701971291.5   5464.640203627626   5595.199336371855   5735.475645553181   2.046584228596727e+41   2.242502092115469e+41  2.4515226716956316e+41 
  60718.82672751469  518124501823552.94   559667041864475.4   599927657623107.0   5464.640203627626   5595.199336371855   5735.475645553181  2.0080672174371836e+41   2.200822157105408e+41  2.4042750954982157e+41 
  60720.84038784991   513233318859429.9   554484115368489.8   594468862325057.5   5464.640203627626   5595.199336371855   5735.475645553181  1.9704485730052422e+41  2.1601028609508976e+41  2.3581395253887283e+41 
 60722.854048185116   508413942734609.2   549259455751512.3   589083969258609.6   5464.640203627626   5595.199336371855   5735.475645553181  1.9337034233138733e+41  2.1203178745100844e+41   2.313085379483752e+41 
  60724.86770852032  503673579297675.25   544102951498624.4   583734947527909.5   5464.640203627626   5595.199336371855   5735.475645553181  1.8978076504365094e+41   2.081571418020872e+41  2.2690830287105523e+41 
  60726.88136885553   499028009996112.9   539017623565030.0   578455346871730.9   5464.640203627626   5595.199336371855   5735.475645553181  1.8627378263545115e+41  2.0437481428137484e+41  2.2261038084917814e+41 
 60728.895029190746  494458397549874.56   534002183462032.1   573246796286773.4   5464.640203627626   5595.199336371855   5735.475645553181   1.828471387262954e+41  2.0067778343837254e+41   2.184119894113654e+41 
  60730.90868952595   489950947531503.1   529055382217397.0   568108038193578.6   5464.640203627626   5595.199336371855   5735.475645553181  1.7949864080529044e+41   1.970637534975522e+41    2.14310435384703e+41 
  60732.92234986116   485504540688967.3   524175998172511.3   563037829924428.6   5464.640203627626   5595.199336371855   5735.475645553181  1.7622617340474463e+41   1.935305015383661e+41  2.1040341027300732e+41 
 60734.936010196376  481118086023671.56   519362838516127.6  558034961256105.06   5464.640203627626   5595.199336371855   5735.475645553181   1.730276764881381e+41   1.900758776431281e+41  2.0665800474758673e+41 
  60736.94967053158  476782154860527.06   514614730332238.5   553106924463020.2   5464.640203627626   5595.199336371855   5735.475645553181  1.6990116417801953e+41  1.8669780184452823e+41  2.0299524773916177e+41 
  60738.96333086679   472501280919928.0   509930522490372.0  548258336882221.56   5464.640203627626   5595.199336371855   5735.475645553181   1.668447048307344e+41   1.833942508599609e+41   1.994129706164372e+41 
    60740.976991202   468277264520204.0   505309099463830.7  543427838948959.25   5464.640203627626   5595.199336371855   5735.475645553181  1.6385643505752084e+41   1.801632625917758e+41  1.9590906535918304e+41 
  60742.99065153721   464109119464191.7   500749364948778.9   538660591714284.7   5464.640203627626   5595.199336371855   5735.475645553181  1.6091971164044838e+41  1.7700293624211685e+41  1.9248149041682565e+41 
  60745.00431187242  459995869652048.25   496250249584609.7  533955502060020.56   5464.640203627626   5595.199336371855   5735.475645553181   1.580221546462271e+41  1.7391143343355034e+41  1.8912826943426282e+41 
  60747.01797220763   455936572399141.3   491810696483517.9  529311497030121.25   5464.640203627626   5595.199336371855   5735.475645553181  1.5518908172574615e+41  1.7088697078647023e+41   1.858474841742941e+41 
 60749.031632542836   451930299162685.3   487429679909280.6   524727535296328.5   5464.640203627626   5595.199336371855   5735.475645553181  1.5241879109499886e+41    1.67898356583114e+41  1.8263727253351636e+41 
  60751.04529287805  447976141081309.25  483106195270904.75   520202591268413.0   5464.640203627626   5595.199336371855   5735.475645553181  1.4970963780660953e+41  1.6496906797087611e+41  1.7949582500344973e+41 
  60753.05895321326   444073208646682.6   478859124401480.3  515735664840237.06   5464.640203627626   5595.199336371855   5735.475645553181  1.4706002145210227e+41  1.6210305826590743e+41  1.7642138805370767e+41 
 60755.072613548466   440220627332502.7   474668914851485.5   511325771831576.1   5464.640203627626   5595.199336371855   5735.475645553181  1.4446839187490646e+41  1.5929870820992542e+41  1.7341226195010443e+41 
  60757.08627388368   436417551752762.4   470569682211278.5   506971951931598.2   5464.640203627626   5595.199336371855   5735.475645553181   1.419332438453413e+41    1.56575664225252e+41  1.7046679683598069e+41 
  60759.09993421889   432663143915581.4   466542576581328.9  502638843271284.06   5464.640203627626   5595.199336371855   5735.475645553181  1.3945312050181933e+41  1.5392340949626743e+41  1.6758338711052024e+41 
 60761.113594554095   428956587821743.1  462566700062331.25   498337920030026.7   5464.640203627626   5595.199336371855   5735.475645553181  1.3702660811200473e+41  1.5132694923719452e+41  1.6476047505006182e+41 
   60763.1272548893   425297080321005.6   458641198708627.4   494091681876944.3   5464.640203627626   5595.199336371855   5735.475645553181  1.3465232938918496e+41  1.4878488331577894e+41  1.6199013346082464e+41 
  60765.14091522452   421683837316150.2  454765224358682.25  489899209197258.56   5464.640203627626   5595.199336371855   5735.475645553181   1.323289547426551e+41  1.4629585633699648e+41   1.592816796264048e+41 
 60767.154575559725  418116096073580.94   450937955046393.1   485759605647154.2   5464.640203627626   5595.199336371855   5735.475645553181  1.3005518779772719e+41  1.4385854895263668e+41  1.5663256341533278e+41 
  60769.16823589493   414593100731522.5   447158579401490.9   481671994349664.6   5464.640203627626   5595.199336371855   5735.475645553181  1.2782977466751353e+41  1.4147167926620695e+41  1.5403808881958122e+41 
  60771.18189623014  411114117263055.06   443426306647478.7  477635515727827.06   5464.640203627626   5595.199336371855   5735.475645553181   1.256514976210037e+41  1.3913400160951336e+41  1.5149691576764635e+41 
 60773.195556565355  407678419543351.75   439740366214093.2   473649326375003.7   5464.640203627626   5595.199336371855   5735.475645553181  1.2351917007850628e+41  1.3684430695080183e+41  1.4900774188352196e+41 
  60775.20921690056  404285302089611.44   436099993435863.1   469712596592687.7   5464.640203627626   5595.199336371855   5735.475645553181   1.214316443359048e+41  1.3460142322011428e+41  1.4656930015432989e+41 
  60777.22287723577  400934074570495.56  432504447767798.44   465824519682890.3   5464.640203627626   5595.199336371855   5735.475645553181  1.1938780320873876e+41  1.3240420901537454e+41   1.441803612302916e+41 
 60779.236537570985   397624055224594.9  428952996404714.06   461984303718388.9   5464.640203627626   5595.199336371855   5735.475645553181  1.1738656372551186e+41  1.3025155497488658e+41  1.4183972863671603e+41 
  60781.25019790619  394354580867452.75   425444927025869.0  458191172598064.25   5464.640203627626   5595.199336371855   5735.475645553181  1.1542687321725569e+41  1.2814236886567634e+41  1.3954624070037072e+41 
   60783.2638582414   391124717863823.6  421979390167807.25   454461555667621.0   5464.640203627626   5595.199336371855   5735.475645553181   1.135076888220609e+41  1.2607552722283475e+41  1.3729849581850078e+41 
  60785.27751857661  387934433018606.44   418555999389549.6   450783848507852.4   5464.640203627626   5595.199336371855   5735.475645553181  1.1162799449091365e+41  1.2405024578336017e+41  1.3509604290281257e+41 
  60787.29117891182  384782808313611.44   415173987106518.5   447143394810267.0   5464.640203627626   5595.199336371855   5735.475645553181  1.0978694530034854e+41  1.2206537914634098e+41  1.3293739753108028e+41 
  60789.30483924703  381670359124817.25   411832620391955.4   443544689586430.4   5464.640203627626   5595.199336371855   5735.475645553181  1.0798351643307827e+41  1.2011996866296795e+41  1.3082153557352471e+41 
  60791.31849958224   378597357087258.5  408531261880783.25   439989092562645.5   5464.640203627626   5595.199336371855   5735.475645553181    1.06216797096275e+41   1.182130808727745e+41  1.2874745651206185e+41 
 60793.332159917445   375561130333762.1   405269283164340.1  436475929901725.06   5464.640203627626   5595.199336371855   5735.475645553181   1.044859007932883e+41  1.1634282384234919e+41  1.2671418372300304e+41 
  60795.34582025266  372561103152686.56   402046063344081.9  433004532294826.75   5464.640203627626   5595.199336371855   5735.475645553181  1.0278996717533798e+41  1.1450367158504731e+41   1.247207639961101e+41 
  60797.35948058787   369596710485815.1   398860997689368.1  429574249297455.25   5464.640203627626   5595.199336371855   5735.475645553181  1.0112815832611727e+41   1.127006496757446e+41  1.2276626973182538e+41 
 60799.373140923075   366667394330427.4   395713488469632.8  426184438562557.94   5464.640203627626   5595.199336371855   5735.475645553181   9.949966017155897e+40  1.1093291184196332e+41  1.2084979707300393e+41 
  60801.38680125829   363748013724138.8   392602952477921.1  422834471153655.44   5464.640203627626   5595.199336371855   5735.475645553181    9.79036807514788e+40  1.0919963474207078e+41  1.1897046608217808e+41 
   60803.4004615935  360860014717045.94   389528816908101.7  419523730887663.75   5464.640203627626   5595.199336371855   5735.475645553181   9.633944809036106e+40  1.0750001782991594e+41  1.1712742077908383e+41 
 60805.414121928705   358014947423489.0  386490517362816.06   416251611863964.1   5464.640203627626   5595.199336371855   5735.475645553181   9.480630621325232e+40  1.0583328298999633e+41  1.1531982653542271e+41 
  60807.42778226391   355203194923830.2  383487503379483.25  413017519381836.25   5464.640203627626   5595.199336371855   5735.475645553181     9.3305472467546e+40  1.0419867041116418e+41  1.1354687168577844e+41 
  60809.44144259913   352424243304972.7  380519232010416.06   409820870324838.7   5464.640203627626   5595.199336371855   5735.475645553181   9.183411133940263e+40  1.0259544115478961e+41  1.1180776589708572e+41 
 60811.455102934335  349677592393408.75  377585172241375.25  406661092620032.25   5464.640203627626   5595.199336371855   5735.475645553181   9.039153586519559e+40  1.0102287661301089e+41  1.1010173952072026e+41 
  60813.46876326954   346962748931886.5  374684805435194.06  403537626345103.25   5464.640203627626   5595.199336371855   5735.475645553181   8.897707598930584e+40   9.948027748923405e+40  1.0842804349985967e+41 
  60815.48242360475   344279227208708.2  371817617532266.75  400449920492365.94   5464.640203627626   5595.199336371855   5735.475645553181   8.759008234573023e+40   9.796696362871659e+40  1.0678594785504736e+41 
 60817.496083939965   341626555222954.8   368983107616627.5   397397434103215.2   5464.640203627626   5595.199336371855   5735.475645553181   8.622992041987868e+40   9.648227144260822e+40  1.0517474180779324e+41 
  60819.50974427517  339004266168223.75   366180783699395.1  394379636937914.25   5464.640203627626   5595.199336371855   5735.475645553181   8.490065663867833e+40   9.502555445062802e+40  1.0359373361122562e+41 
  60821.52340461038  336378027773445.75   363410161078117.1  391396008179973.94   5464.640203627626   5595.199336371855   5735.475645553181  8.3603655197733335e+40   9.359618350812089e+40  1.0204224850515254e+41 
  60823.53706494559   333718994813058.1  360670767826762.94   388446037874591.9   5464.640203627626   5595.199336371855   5735.475645553181   8.233863515865909e+40    9.21935465278727e+40   1.005196301907304e+41 
   60825.5507252808   331102924627664.3   357962137919346.6  385529225506101.25   5464.640203627626   5595.199336371855   5735.475645553181   8.109740642293371e+40   9.081704758165855e+40    9.90252387794511e+40 
  60827.56438561601  328540319855110.56  355266942772701.06   382645077381193.7   5464.640203627626   5595.199336371855   5735.475645553181   7.987943390031648e+40   8.946610563492306e+40   9.755845036837225e+40 
  60829.57804595122  326007148330646.06  352600518448013.75  379793111260327.94   5464.640203627626   5595.199336371855   5735.475645553181   7.868419828901076e+40   8.814015385260906e+40   9.611865793017626e+40 
  60831.59170628643   323502969218479.6   349963874096876.6   376972852201409.1   5464.640203627626   5595.199336371855   5735.475645553181   7.751119358845209e+40   8.683864043962406e+40   9.470526905226204e+40 
  60833.60536662164  321027349538576.94  347356571566962.75  374183835106107.25   5464.640203627626   5595.199336371855   5735.475645553181   7.635992585163748e+40    8.55610278306711e+40   9.331770690563438e+40 
  60835.61902695685   318579862277099.7   344778180953332.9   371425603698443.1   5464.640203627626   5595.199336371855   5735.475645553181   7.522991462338788e+40  8.4306792799944545e+40    9.19506082403761e+40 
 60837.632687292054   316160090839032.1   342228276676442.1   368697708371372.2   5464.640203627626   5595.199336371855   5735.475645553181   7.412069227406504e+40   8.307542542341311e+40    9.06053757338778e+40 
  60839.64634762727   313767625645069.8   339706443110546.0  365999708161221.75   5464.640203627626   5595.199336371855   5735.475645553181    7.30318014298321e+40   8.186642756879494e+40   8.928459809723317e+40 
  60841.66000796248   311402064586612.0  337212272287573.25   363331170220899.3   5464.640203627626   5595.199336371855   5735.475645553181   7.196279824085938e+40   8.067931395278313e+40   8.798774678163172e+40 
 60843.673668297684  309063012603959.56   334745363771116.5   360691669286940.3   5464.640203627626   5595.199336371855   5735.475645553181    7.09132490458177e+40   7.951361162767148e+40   8.671430502782593e+40 
  60845.68732863289   306777826708033.8   332305325220147.0  358080788432813.25   5464.640203627626   5595.199336371855   5735.475645553181   6.988273099115026e+40   7.836886005900821e+40   8.546376970229262e+40 
  60847.70098896811  304539283583877.06  329891769936241.25  355498118445002.44   5464.640203627626   5595.199336371855   5735.475645553181   6.887083315457518e+40     7.7244610223131e+40   8.423565059065412e+40 
 60849.714649303314  302325081182281.94   327504316418263.5  352943254998771.56   5464.640203627626   5595.199336371855   5735.475645553181   6.786192912256591e+40    7.61404239189417e+40   8.302946839440362e+40 
  60851.72830963852  300134869809231.25  325142592088054.56   350415802823557.0   5464.640203627626   5595.199336371855   5735.475645553181    6.68707964420921e+40   7.505587333822779e+40   8.184475654668071e+40 
  60853.74196997374   297968306727362.8   322806230711491.9  347915373083650.44   5464.640203627626   5595.199336371855   5735.475645553181   6.589766299501257e+40   7.399054145470203e+40   8.068106017825934e+40 
 60855.755630308944  295825055678773.44   320494873095432.5   345435046955195.1   5464.640203627626   5595.199336371855   5735.475645553181   6.494213977224701e+40   7.294578347975234e+40    7.95379347761558e+40 
  60857.76929064415   293704784289817.8  318208166593798.25  342980715868476.75   5464.640203627626   5595.199336371855   5735.475645553181    6.40087692052278e+40   7.191972623374742e+40    7.84149472991565e+40 
  60859.78295097936   291607166470925.2   315945762609135.0   340562572087411.1   5464.640203627626   5595.199336371855   5735.475645553181    6.30927540501268e+40   7.091162695402185e+40    7.73116753600883e+40 
 60861.796611314574  289531883245219.94  313707319177423.75  338169859950948.25   5464.640203627626   5595.199336371855   5735.475645553181   6.219304470822124e+40   6.992111042239915e+40   7.622770589737747e+40 
  60863.81027164978   287478620328819.7   311492501369474.5   335802226456475.9   5464.640203627626   5595.199336371855   5735.475645553181   6.131373433046324e+40   6.894781026287522e+40   7.516263688315412e+40 
  60865.82393198499   285447069551639.3   309300979615103.0   333459324915136.9   5464.640203627626   5595.199336371855   5735.475645553181   6.045214269707976e+40   6.799136925100043e+40   7.412030914950064e+40 
   60867.8375923202   283436928211608.6   307132430654490.6   331140813083820.7   5464.640203627626   5595.199336371855   5735.475645553181   5.960560777959869e+40   6.705143839616014e+40    7.31038805163131e+40 
  60869.85125265541  281447896842165.66   304986536885348.4   328846354613222.7   5464.640203627626   5595.199336371855   5735.475645553181   5.877381625977607e+40   6.612767720137396e+40   7.210479135297109e+40 
  60871.86491299062   279479682666418.6   302862984058315.9   326575620302903.2   5464.640203627626   5595.199336371855   5735.475645553181   5.795646078341903e+40   6.521426726538648e+40   7.112268816007247e+40 
  60873.87857332583   277531998021523.1  300761464532910.06  324328285036421.56   5464.640203627626   5595.199336371855   5735.475645553181   5.715324290384045e+40   6.431266621218054e+40   7.015722648331684e+40 
  60875.89223366104  275604559888203.88   298681676404465.4   322104030492344.7   5464.640203627626   5595.199336371855   5735.475645553181   5.636387063829462e+40   6.342657151627053e+40   6.920806960003067e+40 
  60877.90589399625  273697090632267.75   296623322597871.9  319902543835763.56   5464.640203627626   5595.199336371855   5735.475645553181     5.5588059312217e+40   6.255566533602649e+40   6.827488869156588e+40 
 60879.919554331456  271809317204396.72   294586111571901.7   317723516104053.3   5464.640203627626   5595.199336371855   5735.475645553181   5.482553028991768e+40   6.169963686501288e+40   6.735736267014765e+40 
 60881.933214666664   269940969478299.6  292569756613301.25   315566643741162.1   5464.640203627626   5595.199336371855   5735.475645553181   5.407601290148956e+40   6.085650853178285e+40   6.645517777163411e+40 
  60883.94687500188  268091783521601.06   290573974138624.9   313431629552314.2   5464.640203627626   5595.199336371855   5735.475645553181   5.333924118737032e+40   6.001035616355066e+40   6.556802742568382e+40 
 60885.960535337086   266261499665572.3   288598486549603.9  311318179708615.44   5464.640203627626   5595.199336371855   5735.475645553181    5.26149570338021e+40   5.919194741354442e+40   6.469561274460954e+40 
 60887.974195672294  264449862321149.44  286643021183659.25   309226006363888.5   5464.640203627626   5595.199336371855   5735.475645553181   5.190290757871449e+40   5.839129272162567e+40   6.383764137925355e+40 
   60889.9878560075  262656620940620.44   284707309540947.0   307154827113950.3   5464.640203627626   5595.199336371855   5735.475645553181   5.120284630711512e+40   5.760411466795809e+40   6.299382776356544e+40 
 60892.001516342716  260881529031891.03   282791088427548.6   305110136098144.5   5464.640203627626   5595.199336371855   5735.475645553181   5.051453179637824e+40   5.683014257018993e+40    6.21638929241944e+40 
  60894.01517667792  259119187508543.75   280894098508573.8   303092162829584.0   5464.640203627626   5595.199336371855   5735.475645553181   4.983772941570416e+40   5.606911240155433e+40   6.134756408165927e+40 
  60896.02883701313  257367642195745.12   279016083436877.5   301094114448563.3   5464.640203627626   5595.199336371855   5735.475645553181   4.917220855124227e+40    5.53252304739949e+40    6.05445745839378e+40 
 60898.042497348346  255633657349122.78   277156792117177.3  299115689798849.94   5464.640203627626   5595.199336371855   5735.475645553181     4.8517745135146e+40   5.459583371931947e+40   5.975458620633739e+40 
  60900.05615768355  253917324007969.22   275315789080442.8  297156698843550.94   5464.640203627626   5595.199336371855   5735.475645553181   4.787405987516958e+40   5.387833397115885e+40   5.897753367709985e+40 
  60902.06981801876  252218203599834.34   273493278397753.5   295206134415570.5   5464.640203627626   5595.199336371855   5735.475645553181   4.724108002762427e+40   5.317265807991115e+40   5.821304339752142e+40 
  60904.08347835397   250536075568887.3  271688737434708.03   293273585213983.1   5464.640203627626   5595.199336371855   5735.475645553181   4.661850619878424e+40  5.2478472712860635e+40   5.746087802191462e+40 
  60906.09713868918  248878561394712.94   269901940837581.0   291359926257050.9   5464.640203627626   5595.199336371855   5735.475645553181   4.600613731648516e+40   5.179555842359319e+40   5.672080338559827e+40 
  60908.11079902439  247241244323647.47  268132662671063.22  289468813936340.75   5464.640203627626   5595.199336371855   5735.475645553181   4.540377465673544e+40   5.112369890404769e+40   5.599258882513215e+40 
   60910.1244593596  245620022344503.56   266380678729046.1  287606221565572.25   5464.640203627626   5595.199336371855   5735.475645553181   4.481122435420043e+40   5.046268175132228e+40   5.527600842467523e+40 
 60912.138119694806  244014687060134.88  264645767936624.62   285761525331700.4   5464.640203627626   5595.199336371855   5735.475645553181   4.422829627476764e+40   4.981229873151619e+40   5.457084083784274e+40 
  60914.15178003002   242423356237129.1  262927711136125.56  283934498177813.44   5464.640203627626   5595.199336371855   5735.475645553181   4.365480413907867e+40    4.91723461122461e+40   5.387686922206922e+40 
  60916.16544036523  240835464399920.78   261226293336862.3  282124915667974.94   5464.640203627626   5595.199336371855   5735.475645553181  4.3090565777033527e+40   4.854262448815985e+40   5.319388150118514e+40 
 60918.179100700436   239263129549130.6  259541301803290.12  280332556253346.12   5464.640203627626   5595.199336371855   5735.475645553181  4.2535403186969354e+40  4.7922938817708315e+40   5.252167001770591e+40 
  60920.19276103565  237706150488659.12  257872526672577.66  278557202564499.72   5464.640203627626   5595.199336371855   5735.475645553181   4.198914186267089e+40   4.731309820897327e+40   5.186003163074101e+40 
  60922.20642137086  236164329836957.53  256219761043099.62  276798640821262.38   5464.640203627626   5595.199336371855   5735.475645553181  4.1451611485047713e+40   4.671291591135465e+40   5.120876760811523e+40 
 60924.220081706066   234637472748946.1  254582801809172.47  275056660372819.22   5464.640203627626   5595.199336371855   5735.475645553181  4.0922645580398024e+40   4.612220904961369e+40    5.05676838110501e+40 
  60926.23374204127   233125387747619.3  252961449135829.38   273331054011398.4   5464.640203627626   5595.199336371855   5735.475645553181  4.0402081086515233e+40   4.554079911839232e+40   4.993659007916739e+40 
  60928.24740237649  231627886528892.62  251355506186078.25  271621617749375.97   5464.640203627626   5595.199336371855   5735.475645553181   3.988975869021578e+40   4.496851136488043e+40   4.931530046515875e+40 
 60930.261062711696  230144783109641.62  249764779332265.88  269928150115341.34   5464.640203627626   5595.199336371855   5735.475645553181  3.9385522433961226e+40   4.440517484255318e+40   4.870363296825275e+40 
   60932.2747230469   228675893888436.5  248189077743916.62  268250452757181.78   5464.640203627626   5595.199336371855   5735.475645553181  3.8889220057542598e+40   4.385062247885597e+40    4.81014094996457e+40 
  60934.28838338211   227221039306141.0  246628212847521.44  266588331150255.47   5464.640203627626   5595.199336371855   5735.475645553181  3.8400702095588857e+40   4.330469062167521e+40   4.750845569738403e+40 
 60936.302043717325  225780042324665.75  245081999640154.56  264941593512290.75   5464.640203627626   5595.199336371855   5735.475645553181  3.7919823053816064e+40  4.2767219081156105e+40   4.692460116999947e+40 
  60938.31570405253   224348670778073.1  243550256143890.03  263310050944241.06   5464.640203627626   5595.199336371855   5735.475645553181   3.744644005689064e+40  4.2238051181738405e+40   4.634967912287914e+40 
  60940.32936438774  222917027310346.44   242032803014523.2   261693517712683.9   5464.640203627626   5595.199336371855   5735.475645553181  3.6980413661945863e+40   4.171703376377381e+40  4.5783526241486505e+40 
  60942.34302472295  221499085225761.34  240529463882436.56  260091810417830.84   5464.640203627626   5595.199336371855   5735.475645553181  3.6521607101354784e+40  4.1204016839441085e+40   4.522598272971424e+40 
  60944.35668505816  220094672226583.97   239040065142809.2  258504748126200.66   5464.640203627626   5595.199336371855   5735.475645553181   3.606988696582289e+40   4.069885375280916e+40   4.467689208420575e+40 
  60946.37034539337  218703617976352.12  237564435309340.06  256932153107730.66   5464.640203627626   5595.199336371855   5735.475645553181   3.562512227833945e+40   4.020140087752175e+40    4.41361011179121e+40 
  60948.38400572858   217329556121107.3  236102405202348.94   255373850655538.6   5464.640203627626   5595.199336371855   5735.475645553181  3.5187185110566224e+40  3.9711517587860553e+40   4.360345985078236e+40 
  60950.39766606379  215977259506247.84  234653808986013.75  253829668321059.22   5464.640203627626   5595.199336371855   5735.475645553181   3.475235719841638e+40   3.922906612319145e+40  4.3078821620646224e+40 
    60952.411326399  214637570344238.62  233218483202993.56  252299436346947.12   5464.640203627626   5595.199336371855   5735.475645553181  3.4323737007521844e+40   3.875444883124562e+40  4.2562042711979594e+40 
  60954.42498673421  213310332809542.16  231796266898336.28  250782987798614.28   5464.640203627626   5595.199336371855   5735.475645553181  3.3903537623335095e+40  3.8287196128904405e+40  4.2052982441844994e+40 
 60956.438647069415   211995394486503.1  230387001492316.62  249280157602756.28   5464.640203627626   5595.199336371855   5735.475645553181  3.3489807158633116e+40   3.782696369692993e+40   4.155150303928944e+40 
  60958.45230740463  210695392693486.62   228990530951081.5  247788393482058.97   5464.640203627626   5595.199336371855   5735.475645553181  3.3082371770012744e+40   3.737362540713881e+40   4.105746953825954e+40 
  60960.46596773984  209418066761146.25   227606700950176.4   246307489946781.4   5464.640203627626   5595.199336371855   5735.475645553181   3.268111700792098e+40   3.692705778610277e+40   4.057074974794136e+40 
 60962.479628075045   208152332742509.2   226235359588008.7   244839812234293.2   5464.640203627626   5595.199336371855   5735.475645553181   3.228593091069243e+40   3.648713990866784e+40  4.0091214256306395e+40 
  60964.49328841025  206898051195671.16  224876357637713.88  243385203598198.84   5464.640203627626   5595.199336371855   5735.475645553181   3.189670385655464e+40   3.605375336658987e+40   3.961873639203504e+40 
  60966.50694874547  205655084755088.78  223529548056839.75  241943509595372.44   5464.640203627626   5595.199336371855   5735.475645553181  3.1513328488821894e+40  3.5626782210865846e+40   3.915319198751331e+40 
 60968.520609080675  204423298045927.56   222194785950219.3  240514577990031.84   5464.640203627626   5595.199336371855   5735.475645553181  3.1135699780203712e+40   3.520611291953968e+40   3.869445947342785e+40 
  60970.53426941588  203202558173297.38  220871928583605.84  239098258621643.78   5464.640203627626   5595.199336371855   5735.475645553181  3.0763714737482607e+40    3.47916343067569e+40  3.8242419695211042e+40 
   60972.5479297511  201992733952626.28  219560835297313.12  237694403461163.84   5464.640203627626   5595.199336371855   5735.475645553181   3.039727249450184e+40   3.438323742346336e+40   3.779695591677995e+40 
 60974.561590086305  200793696096651.06  218261367055401.25   236302867081394.2   5464.640203627626   5595.199336371855   5735.475645553181   3.003627432745475e+40   3.398081555089735e+40  3.7357953730845246e+40 
  60976.57525042151  199605317173676.34   216973387075949.6   234923506059515.1   5464.640203627626   5595.199336371855   5735.475645553181   2.968062362651641e+40  3.3584264132533426e+40   3.692530111443316e+40 
  60978.58891075672  198427471562845.16   215696760809316.7  233556179046743.28   5464.640203627626   5595.199336371855   5735.475645553181   2.933022573865655e+40  3.3193480747913597e+40  3.6498888345847947e+40 
 60980.602571091935  197260035373976.75  214431355654616.62  232200746652292.25   5464.640203627626   5595.199336371855   5735.475645553181    2.89849879328532e+40    3.28083650579655e+40  3.6078607832312326e+40 
  60982.61623142714  196098432783359.78  213177040924760.66  230857071422250.84   5464.640203627626   5595.199336371855   5735.475645553181   2.864481944002924e+40  3.2428818787772987e+40    3.56643541986197e+40 
  60984.62989176235   194939265570991.9  211933687831847.44   229525017842108.8   5464.640203627626   5595.199336371855   5735.475645553181   2.830963125357554e+40   3.205474564121249e+40   3.525602410699732e+40 
  60986.64355209756  193792411229271.78   210701169368821.5  228204452317908.53   5464.640203627626   5595.199336371855   5735.475645553181  2.7979336150920753e+40  3.1686051229016495e+40   3.485351627838421e+40 
  60988.65721243277   192657608990402.5  209479360137140.62   226895243378971.3   5464.640203627626   5595.199336371855   5735.475645553181  2.7653848707332406e+40   3.132264302967533e+40  3.4456731434699954e+40 
  60990.67087276798  191532775935336.03  208268136556872.62   225597261429405.9   5464.640203627626   5595.199336371855   5735.475645553181  2.7333085297757486e+40  3.0964430374996687e+40  3.4065572294158708e+40 
  60992.68453310319  190417795927003.12  207067377081979.75  224310378687618.53   5464.640203627626   5595.199336371855   5735.475645553181   2.701696396410759e+40   3.061132442056377e+40   3.367994354972974e+40 
 60994.698193438395   189312554564536.5  205876961926657.44  223034469117840.53   5464.640203627626   5595.199336371855   5735.475645553181  2.6705404381586434e+40   3.026323808538181e+40  3.3299751710528607e+40 
  60996.71185377361   188216939222922.7  204696772965242.25   221769408443732.3   5464.640203627626   5595.199336371855   5735.475645553181  2.6398327894556656e+40     2.9920086031097e+40  3.2924905168610833e+40 
  60998.72551410882  187130838582706.34  203526693695997.38  220515074076175.84   5464.640203627626   5595.199336371855   5735.475645553181  2.6095657334638046e+40  2.9581784631444184e+40  3.2555314077452795e+40 
 61000.739174444025  186054142738914.88  202366609372360.62  219271344987506.53   5464.640203627626   5595.199336371855   5735.475645553181   2.579731704994109e+40   2.924825185478961e+40  3.2190890303314134e+40 
  61002.75283477924  184986743749354.75  201216406523111.53   218038102264439.6   5464.640203627626   5595.199336371855   5735.475645553181   2.550323293144101e+40  2.8919407295069004e+40   3.183154746726087e+40 
  61004.76649511445   183928535227468.9   200075973295121.2  216815228573310.06   5464.640203627626   5595.199336371855   5735.475645553181   2.521333238121357e+40  2.8595108544532373e+40  3.1477200840418113e+40 
 61006.780155449655  182879412154751.53   198945199705841.8   215602608136572.1   5464.640203627626   5595.199336371855   5735.475645553181   2.492754424085294e+40   2.827471437481909e+40   3.112776742059306e+40 
  61008.79381578486   181839271119347.6  197823977294324.84  214400126814377.06   5464.640203627626   5595.199336371855   5735.475645553181   2.464579874368865e+40  2.7958799087906575e+40  3.0783165748355767e+40 
  61010.80747612008  180808010142364.44  196712199067873.56   213207672060950.2   5464.640203627626   5595.199336371855   5735.475645553181  2.4368027514735196e+40   2.764728776026161e+40  3.0443315954686636e+40 
 61012.821136455284  179785528565328.72   195609759496416.7   212025132708935.6   5464.640203627626   5595.199336371855   5735.475645553181  2.4094163496645534e+40   2.734010695918852e+40  3.0108139709920727e+40 
  61014.83479679049   178771726955884.7  194516554684004.06  210852399019030.47   5464.640203627626   5595.199336371855   5735.475645553181   2.382414089931408e+40  2.7037184648374806e+40   2.977756013331487e+40 
   61016.8484571257  177766507425643.44  193432481816613.97  209689363122130.16   5464.640203627626   5595.199336371855   5735.475645553181  2.3557895235305738e+40   2.673845019527105e+40   2.945150185446194e+40 
 61018.862117460914  176769773636947.75   192357439435828.0  208535918537316.16   5464.640203627626   5595.199336371855   5735.475645553181   2.329536329996299e+40  2.6443834293202515e+40  2.9129890891438123e+40 
  61020.87577779612  175781430521395.12  191291327789448.88  207391960214245.06   5464.640203627626   5595.199336371855   5735.475645553181   2.303648316293616e+40   2.615326894010401e+40  2.8812654738828285e+40 
  61022.88943813133   174801384337686.1   190234048501345.4  206257384627239.88   5464.640203627626   5595.199336371855   5735.475645553181   2.278119404020991e+40   2.586668746920508e+40   2.849972225609879e+40 
 61024.903098466544   173829542583665.2   189185504444353.7  205132089562529.72   5464.640203627626   5595.199336371855   5735.475645553181   2.252943633740931e+40   2.558402452488787e+40  2.8191023611001777e+40 
  61026.91675880175  172865814075883.16  188145599951187.22  204015974065435.56   5464.640203627626   5595.199336371855   5735.475645553181   2.228111661206901e+40   2.530521598705242e+40  2.7886490353957497e+40 
  61028.93041913696  171910108787128.56   187114240625886.6  202908938561281.56   5464.640203627626   5595.199336371855   5735.475645553181   2.203612498256205e+40   2.503019894552071e+40  2.7586055250182184e+40 
  61030.94407947217   170962337729307.2   186091333209080.3   201810884844602.8   5464.640203627626   5595.199336371855   5735.475645553181   2.179518011526902e+40  2.4758911723983087e+40   2.728965232987773e+40 
  61032.95773980738  170022413509771.16   185076785607287.9  200721716188795.06   5464.640203627626   5595.199336371855   5735.475645553181  2.1558131031624867e+40  2.4491293758640326e+40  2.6997216874809895e+40 
  61034.97140014259   169092037202877.3  184070507063444.53  199641337157429.75   5464.640203627626   5595.199336371855   5735.475645553181  2.1324293911796977e+40   2.422728561145443e+40   2.670868536038609e+40 
   61036.9850604778  168171656686314.75  183072408161843.56  198569653535769.88   5464.640203627626   5595.199336371855   5735.475645553181  2.1093616643678943e+40  2.3966828972454476e+40  2.6423995496933846e+40 
 61038.998720813004  167258775995022.94  182082400717594.38  197506572348770.16   5464.640203627626   5595.199336371855   5735.475645553181  2.0866048199194736e+40  2.3709866654504745e+40  2.6143086107266143e+40 
  61041.01238114822  166353313887948.78   181100397688772.7  196452001896676.06   5464.640203627626   5595.199336371855   5735.475645553181   2.064153844350252e+40  2.3456342536537824e+40  2.5865897162997944e+40 
  61043.02604148343  165455146861889.56   180126275002535.5  195405754507912.88   5464.640203627626   5595.199336371855   5735.475645553181  2.0420032628129228e+40  2.3206176882054743e+40  2.5592358858602737e+40 
 61045.039701818634   164564300606015.2  179160036337848.34   194367977665354.7   5464.640203627626   5595.199336371855   5735.475645553181   2.020149264534348e+40   2.295937606270226e+40   2.532244068362821e+40 
  61047.05336215385   163680628466026.7  178201547146445.53  193338424476796.84   5464.640203627626   5595.199336371855   5735.475645553181  1.9985870448221804e+40  2.2715846384587926e+40   2.505606655070454e+40 
  61049.06702248906   162804056435189.4   177250720368331.3   192317016343499.8   5464.640203627626   5595.199336371855   5735.475645553181  1.9773114482857084e+40   2.247553797256354e+40   2.479318216442517e+40 
 61051.080682824264  161934510546836.44  176307476873969.38   191303672074943.2   5464.640203627626   5595.199336371855   5735.475645553181  1.9563179746008842e+40   2.223840092668452e+40  2.4533733480581267e+40 
  61053.09434315947  161071916989294.94   175371737319130.3  190298309675363.66   5464.640203627626   5595.199336371855   5735.475645553181  1.9356021707121509e+40   2.200438574676175e+40  2.4277667194313435e+40 
 61055.108003494686  160216202533527.25   174443423327042.6  189300846936223.12   5464.640203627626   5595.199336371855   5735.475645553181   1.915159663454586e+40    2.17734435788433e+40   2.402493068210129e+40 
 61057.121663829894  159367294633317.75  173522456959846.88  188311202163449.47   5464.640203627626   5595.199336371855   5735.475645553181   1.894986144802724e+40  2.1545526293049165e+40   2.377547225894781e+40 
   61059.1353241651  158525121519952.47   172608761288127.8   187329294306363.7   5464.640203627626   5595.199336371855   5735.475645553181  1.8750773874545354e+40  2.1320586590146701e+40   2.352924112761577e+40 
  61061.14898450031   157689612132061.5   171702260241735.3   186355043104168.9   5464.640203627626   5595.199336371855   5735.475645553181   1.855429241379542e+40  2.1098577943789778e+40  2.3286187335409343e+40 
 61063.162644835524   156860696630398.6  170802878549649.75  185388369458440.28   5464.640203627626   5595.199336371855   5735.475645553181  1.8360376229820609e+40   2.087945465887937e+40   2.304626186271349e+40 
  61065.17630517073  156038305814062.34  169910541845099.38   184429195107400.8   5464.640203627626   5595.199336371855   5735.475645553181   1.816898532325826e+40  2.0663171844640297e+40  2.2809416530843914e+40 
  61067.18996550594  155222371450749.25  169025176916717.88  183477442799184.84   5464.640203627626   5595.199336371855   5735.475645553181  1.7980080358744022e+40  2.0449685391021856e+40   2.257560405769581e+40 
  61069.20362584115   154412826308808.9  168146711471452.12  182533036325402.53   5464.640203627626   5595.199336371855   5735.475645553181  1.7793622702425625e+40  2.0238951996890067e+40   2.234477800213647e+40 
  61071.21728617636  153609603869560.75  167275074100160.75  181595900335670.44   5464.640203627626   5595.199336371855   5735.475645553181   1.760957446155307e+40  2.0030929163207353e+40  2.2116892731488637e+40 
  61073.23094651157   152812638468295.1  166410194394066.66  180665960385942.94   5464.640203627626   5595.199336371855   5735.475645553181  1.7427898346335736e+40  1.9825575138454657e+40  2.1891903450545985e+40 
 61075.244606846776  152021865339942.97   165552002758114.0   179743143025805.1   5464.640203627626   5595.199336371855   5735.475645553181  1.7248557819323091e+40   1.962284893128212e+40   2.166976614280096e+40 
  61077.25826718199   151237220366349.4  164700430535394.06  178827375626196.22   5464.640203627626   5595.199336371855   5735.475645553181  1.7071516953289382e+40  1.9422710277959846e+40  2.1450437542038585e+40 
   61079.2719275172   150458640527607.3  163855409814456.25  177918586690215.72   5464.640203627626   5595.199336371855   5735.475645553181  1.6896740460215855e+40  1.9225119626560037e+40  2.1233875171980623e+40 
 61081.285587852406   149686063441266.0   163016873523029.8  177016705574379.47   5464.640203627626   5595.199336371855   5735.475645553181    1.67241937328713e+40  1.9030038123035747e+40  2.1020037285036192e+40 
  61083.29924818761  148919427585055.34  162184755596329.62  176121662507873.62   5464.640203627626   5595.199336371855   5735.475645553181  1.6553842732965394e+40  1.8837427583734592e+40  2.0808882887335935e+40 
  61085.31290852283  148158672340762.84  161358990824438.53   175233388636723.1   5464.640203627626   5595.199336371855   5735.475645553181  1.6385654026582985e+40  1.8647250510409891e+40   2.060037170491535e+40 
 61087.326568858036  147403737698978.53   160539514755513.2  174351815900226.28   5464.640203627626   5595.199336371855   5735.475645553181   1.621959480652007e+40  1.8459470090260873e+40  2.0394464152295118e+40 
  61089.34022919324  146654564409237.47  159726263831730.62  173476877054124.34   5464.640203627626   5595.199336371855   5735.475645553181  1.6055632782257494e+40  1.8274050147932119e+40   2.019112134927942e+40 
  61091.35388952846   145911094034259.3  158919175201222.38   172608505739596.1   5464.640203627626   5595.199336371855   5735.475645553181  1.5893736289742647e+40   1.809095515537258e+40  1.9990305089959207e+40 
 61093.367549863666   145173268706549.2   158118186884263.2  171746636305732.22   5464.640203627626   5595.199336371855   5735.475645553181  1.5733874194048663e+40  1.7910150197014327e+40  1.9791977803195298e+40 
  61095.38121019887  144441031517971.94  157323237536681.94  170891204114745.34   5464.640203627626   5595.199336371855   5735.475645553181  1.5576015898361547e+40  1.7731600969551992e+40  1.9596102582775256e+40 
  61097.39487053408  143714326141059.22  156534266559034.16  170042145269106.75   5464.640203627626   5595.199336371855   5735.475645553181  1.5420131382303712e+40  1.7555273759210727e+40  1.9402643155163534e+40 
 61099.408530869296   142993097004616.8   155751214235957.5   169199396663164.3   5464.640203627626   5595.199336371855   5735.475645553181  1.5266191120487937e+40  1.7381135425890467e+40  1.9211563873431968e+40 
   61101.4221912045  142277289314446.34  154974021588385.88  168362896023099.53   5464.640203627626   5595.199336371855   5735.475645553181  1.5114166086331842e+40  1.7209153410382276e+40  1.9022829720947812e+40 
  61103.43585153971   141566848859004.9  154202630376294.12   167532581740294.2   5464.640203627626   5595.199336371855   5735.475645553181  1.4964027805198244e+40  1.7039295733932731e+40  1.8836406257852253e+40 
  61105.44951187492  140861722082219.88  153436983106800.06   166708393008480.3   5464.640203627626   5595.199336371855   5735.475645553181  1.4815748224323165e+40   1.687153096263145e+40  1.8652259639477515e+40 
  61107.46317221013   140161856160874.2  152677022895350.38  165890269707054.22   5464.640203627626   5595.199336371855   5735.475645553181  1.4669299825211122e+40   1.670582821827262e+40   1.847035662001445e+40 
  61109.47683254534  139467198765308.66  151922693694999.28  165078152416071.72   5464.640203627626   5595.199336371855   5735.475645553181  1.4524655563419049e+40   1.654215713403804e+40  1.8290664482744589e+40 
  61111.49049288055  138777698381353.14   151173939989937.0   164271982540024.7   5464.640203627626   5595.199336371855   5735.475645553181  1.4381788825632524e+40  1.6380487879486047e+40  1.8113151066469128e+40 
  61113.50415321576  138093304065526.11  150430706922964.12  163471702195708.75   5464.640203627626   5595.199336371855   5735.475645553181  1.4240673492478445e+40  1.6220791121998529e+40  1.7937784772444162e+40 
  61115.51781355097  137413965537833.67   149692940390926.4  162677254221758.62   5464.640203627626   5595.199336371855   5735.475645553181  1.4101283895442305e+40  1.6063038015200394e+40  1.7764534517973386e+40 
  61117.53147388618  136739633125540.34  148960586966831.38   161888582117703.4   5464.640203627626   5595.199336371855   5735.475645553181  1.3963594759236491e+40   1.590720021081344e+40   1.759336976827528e+40 
 61119.545134221386  136070257806000.77  148233593916855.84  161105630065629.66   5464.640203627626   5595.199336371855   5735.475645553181   1.382758128583535e+40  1.5753249847933816e+40  1.7424260485996845e+40 
   61121.5587945566  135405791076151.31  147511909074713.88  160328342952556.38   5464.640203627626   5595.199336371855   5735.475645553181  1.3693219061089745e+40   1.560115954517283e+40  1.7257177133830544e+40 
  61123.57245489181   134746185038536.9   146795480961294.6  159556666194896.97   5464.640203627626   5595.199336371855   5735.475645553181  1.3560484086431826e+40   1.545090238144463e+40  1.7092090689499334e+40 
 61125.586115227015  134091392356717.44   146084258716067.3  158790545938235.47   5464.640203627626   5595.199336371855   5735.475645553181  1.3429352811954413e+40  1.5302451884716336e+40  1.6928972599349214e+40 
  61127.59977556222   133441366242349.0  145378192022681.75  158029928933721.66   5464.640203627626   5595.199336371855   5735.475645553181  1.3299802024967898e+40  1.5155782038367216e+40  1.6767794767283317e+40 
  61129.61343589744  132796060589310.19   144677231167788.8  157274762678904.94   5464.640203627626   5595.199336371855   5735.475645553181  1.3171808938043864e+40   1.501086724876389e+40   1.660852958177522e+40 
 61131.627096232645  132155429751496.44  143981327000263.97   156524995245532.7   5464.640203627626   5595.199336371855   5735.475645553181   1.304535116920878e+40   1.486768235185063e+40  1.6451149882310657e+40 
  61133.64075656785   131519428669924.7  143290431052673.88   155780575316122.3   5464.640203627626   5595.199336371855   5735.475645553181  1.2920406661762343e+40  1.4726202593471393e+40  1.6295628958168838e+40 
  61135.65441690306  130888012898844.03  142604495431280.75   155041452234681.3   5464.640203627626   5595.199336371855   5735.475645553181  1.2796953748892418e+40  1.4586403638050355e+40  1.6141940553218356e+40 
 61137.668077238275  130261138430919.97   141923472801227.5  154307575863642.28   5464.640203627626   5595.199336371855   5735.475645553181  1.2674971137830694e+40  1.4448261564353024e+40  1.5990058824226928e+40 
  61139.68173757348  129638761773991.19  141247316431866.03  153578896688459.34   5464.640203627626   5595.199336371855   5735.475645553181  1.2554437853743014e+40   1.431175284236363e+40  1.5839958356796734e+40 
  61141.69539790869  129020840014473.72  140575980052882.22  152855365731577.22   5464.640203627626   5595.199336371855   5735.475645553181  1.2435333299776422e+40  1.4176854341872354e+40  1.5691614174372408e+40 
 61143.709058243905  128407330627010.06  139909418054547.22  152136934576834.47   5464.640203627626   5595.199336371855   5735.475645553181  1.2317637215008088e+40   1.404354329779907e+40  1.5545001678478663e+40 
  61145.72271857911   127798191707833.4  139247585240653.53  151423555428587.56   5464.640203627626   5595.199336371855   5735.475645553181  1.2201329655281682e+40  1.3911797337783216e+40  1.5400096668966323e+40 
  61147.73637891432  127193381817655.42   138590436949273.6  150715181066079.72   5464.640203627626   5595.199336371855   5735.475645553181  1.2086391028124926e+40   1.378159443901211e+40  1.5256875356694363e+40 
  61149.75003924953  126592860024280.75  137937929071933.31   150011764836689.7   5464.640203627626   5595.199336371855   5735.475645553181  1.1972802070245922e+40  1.3652912940514352e+40  1.5115314325077715e+40 
  61151.76369958474  125996585853856.95  137290018051701.02  149313260584019.34   5464.640203627626   5595.199336371855   5735.475645553181   1.186054379706597e+40  1.3525731531869961e+40  1.4975390546471813e+40 
  61153.77735991995  125404519394147.39  136646660871794.12  148619622726626.78   5464.640203627626   5595.199336371855   5735.475645553181  1.1749597564661994e+40  1.3400029255377834e+40  1.4837081367025451e+40 
  61155.79102025516  124816621086238.89  136007814952713.47  147930806188543.44   5464.640203627626   5595.199336371855   5735.475645553181   1.163994502082372e+40   1.327578550199244e+40  1.4700364487695857e+40 
 61157.804680590365  124232851858542.98  135373438285945.66  147246766364885.28   5464.640203627626   5595.199336371855   5735.475645553181  1.1531568101776536e+40   1.315297999094126e+40  1.4565217972909937e+40 
  61159.81834092558  123653173127582.72  134743489263825.47  146567459203813.94   5464.640203627626   5595.199336371855   5735.475645553181  1.1424449062834562e+40  1.3031592777978634e+40  1.4431620252765838e+40 
  61161.83200126079  123077546666450.12  134117926848057.28  145892841102902.53   5464.640203627626   5595.199336371855   5735.475645553181   1.131857042388781e+40  1.2911604231744442e+40  1.4299550078998403e+40 
 61163.845661595995  122505934807231.16   133496710369631.1   145222869036939.3   5464.640203627626   5595.199336371855   5735.475645553181  1.1213914991762656e+40  1.2792995045100834e+40  1.4168986541601106e+40 
  61165.85932193121   121938300257297.4  132879799628387.66  144557500462244.25   5464.640203627626   5595.199336371855   5735.475645553181  1.1110465867363706e+40  1.2675746214222748e+40  1.4039909077332804e+40 
  61167.87298226642   121374606201117.3  132268039037480.53  143896693346592.44   5464.640203627626   5595.199336371855   5735.475645553181   1.100820641483898e+40   1.255983903473892e+40  1.3912297439567402e+40 
 61169.886642601625  120814816220708.14  131661682119422.28   143240406099374.5   5464.640203627626   5595.199336371855   5735.475645553181   1.090712025038826e+40  1.2445277123578517e+40  1.3786131710546637e+40 
  61171.90030293683  120258894371576.48  131059486026674.39  142588597621581.78   5464.640203627626   5595.199336371855   5735.475645553181  1.0807191274263655e+40  1.2332179646009763e+40  1.3661392288750133e+40 
  61173.91396327205  119706805043653.25  130461412766023.33  141940702599392.66   5464.640203627626   5595.199336371855   5735.475645553181  1.0708403626884909e+40   1.222036521841542e+40   1.353805987377396e+40 
 61175.927623607255  119158513045398.23  129867424840705.05   141295168717064.7   5464.640203627626   5595.199336371855   5735.475645553181  1.0610741700309626e+40  1.2109816392357913e+40   1.341611547307699e+40 
  61177.94128394246  118613983621990.61  129277485084685.22  140654035250439.33   5464.640203627626   5595.199336371855   5735.475645553181  1.0514190154538305e+40  1.2000516004883212e+40  1.3295526780949218e+40 
  61179.95494427767   118073182334626.0  128691556862125.25  140017262226170.31   5464.640203627626   5595.199336371855   5735.475645553181  1.0418733871033833e+40  1.1892447154608696e+40   1.317617413121402e+40 
 61181.968604612885  117536075236865.75  128109603833672.36  139384810109955.89   5464.640203627626   5595.199336371855   5735.475645553181  1.0324357977998261e+40  1.1785593218351951e+40  1.3058157301471872e+40 
  61183.98226494809   117002628709959.2  127531590134260.72   138756639879450.5   5464.640203627626   5595.199336371855   5735.475645553181  1.0231047851711153e+40  1.1679937829256812e+40  1.2941458395742751e+40 
   61185.9959252833  116472809560986.64  126957480257882.23  138132712940675.44   5464.640203627626   5595.199336371855   5735.475645553181  1.0138789091944288e+40  1.1575464870776214e+40  1.2826059794065577e+40 
  61188.00958561851  115946584937331.69  126387239107256.52   137512991073967.2   5464.640203627626   5595.199336371855   5735.475645553181  1.0047567510307443e+40  1.1472158484329745e+40    1.27119441588907e+40 
  61190.02324595372  115423922422803.81  125820832006828.53  136897436559314.42   5464.640203627626   5595.199336371855   5735.475645553181   9.957369160082022e+39  1.1370003062683352e+40  1.2599094421324691e+40 
  61192.03690628893  114904789884072.83  125258224659232.86  136286012104044.03   5464.640203627626   5595.199336371855   5735.475645553181   9.868180300868597e+39  1.1268983242894903e+40  1.2487493770070927e+40 
  61194.05056662414   114389155561741.4  124699383178851.64  135678680773241.97   5464.640203627626   5595.199336371855   5735.475645553181   9.779987404270126e+39  1.1169083893077382e+40  1.2377125655161222e+40 
  61196.06422695935  113876988084903.31  124144274006453.69  135075406049120.14   5464.640203627626   5595.199336371855   5735.475645553181   9.692777166402183e+39  1.1070290121294181e+40  1.2267973791913306e+40 
  61198.07788729456  113368256361848.89   123592864024829.5  134476151828686.14   5464.640203627626   5595.199336371855   5735.475645553181   9.606536478525796e+39  1.0972587259636215e+40   1.216002213822834e+40 
  61200.09154762977  112862929720286.27  123045120401613.95  133880882381647.36   5464.640203627626   5595.199336371855   5735.475645553181   9.521252435426748e+39  1.0875960876751314e+40  1.2053254893772288e+40 
 61202.105207964974  112360977808792.89  122501010712977.08  133289562436687.14   5464.640203627626   5595.199336371855   5735.475645553181     9.4369123428971e+39  1.0780396757509877e+40  1.1947656501331377e+40 
  61204.11886830019  111862370621863.52  121960502855179.42  132702157102380.55   5464.640203627626   5595.199336371855   5735.475645553181   9.353503704576486e+39  1.0685880903969575e+40  1.1843211640995839e+40 
   61206.1325286354  111367078473978.53  121423565089533.16   132118631820532.9   5464.640203627626   5595.199336371855   5735.475645553181   9.271014195540989e+39  1.0592399533132428e+40  1.1739905229816592e+40 
 61208.146188970604  110875072062856.48   120890166030480.8  131538952482924.12   5464.640203627626   5595.199336371855   5735.475645553181   9.189431697844363e+39  1.0499939078748299e+40  1.1637722419724402e+40 
  61210.15984930581  110386322346352.06  120360274667279.53  130963085314010.31   5464.640203627626   5595.199336371855   5735.475645553181   9.108744277844652e+39  1.0408486179886681e+40   1.153664857959041e+40 
  61212.17350964103  109900800600894.67   119833860296472.5  130390996955383.03   5464.640203627626   5595.199336371855   5735.475645553181    9.02894017375261e+39  1.0318027679074915e+40  1.1436669302014505e+40 
 61214.187169976234   109418478446486.5  119310892588119.66  129822654317403.45   5464.640203627626   5595.199336371855   5735.475645553181   8.950007812931893e+39  1.0228550616323822e+40  1.1337770400479584e+40 
  61216.20083031144  108939327771627.06   118791341499312.2  129258024735927.42   5464.640203627626   5595.199336371855   5735.475645553181   8.871935801008373e+39  1.0140042229761754e+40  1.1239937903895464e+40 
  61218.21449064666  108463320790255.11   118275177354560.3  128697075857664.08   5464.640203627626   5595.199336371855   5735.475645553181   8.794712905663314e+39  1.0052323834455207e+40  1.1143158048425684e+40 
 61220.228150981864  107990430056673.72  117762370748683.06  128139659742092.55   5464.640203627626   5595.199336371855   5735.475645553181   8.718328074972115e+39   9.965529485728117e+39  1.1047415335114841e+40 
  61222.24181131707   107520591310132.2  117252859729499.28  127584147811765.47   5464.640203627626   5595.199336371855   5735.475645553181   8.642765358105427e+39   9.879666878645905e+39  1.0952697425619639e+40 
  61224.25547165228  107053870152069.08  116746698261281.12   127032300600269.5   5464.640203627626   5595.199336371855   5735.475645553181   8.568026731187649e+39   9.794730375784432e+39  1.0858997817970085e+40 
 61226.269131987494  106590175591784.11  116243799328664.14  126484027045599.47   5464.640203627626   5595.199336371855   5735.475645553181   8.494092711284537e+39   9.710704267525994e+39  1.0766296088216024e+40 
   61228.2827923227  106129485775185.86   115744163212428.6  125939300150060.06   5464.640203627626   5595.199336371855   5735.475645553181   8.420953562629191e+39   9.627576524476536e+39  1.0674580515388335e+40 
  61230.29645265791  105671776980410.44  115248244899366.12  125398091354928.27   5464.640203627626   5595.199336371855   5735.475645553181   8.348599344909298e+39   9.545335908719924e+39  1.0583838932562826e+40 
  61232.31011299312  105217024599559.25  114755506464291.94  124860371368415.72   5464.640203627626   5595.199336371855   5735.475645553181   8.277020133114509e+39   9.463971178565093e+39  1.0494059123380904e+40 
  61234.32377332833   104765203739429.8   114265921383404.3  124326110681365.48   5464.640203627626   5595.199336371855   5735.475645553181   8.206206060895432e+39    9.38347123422778e+39  1.0405228947050393e+40 
  61236.33743366354  104316289515075.12  113779463124957.97  123795279865399.72   5464.640203627626   5595.199336371855   5735.475645553181   8.136147376944701e+39   9.303825086350223e+39  1.0317336406694205e+40 
  61238.35109399875  103870257160438.98  113296105232110.62  123267849675656.16   5464.640203627626   5595.199336371855   5735.475645553181   8.066834450271302e+39   9.225021913356646e+39   1.023036966203754e+40 
  61240.36475433396  103427082100239.44   112815821475719.4   122743791117570.8   5464.640203627626   5595.199336371855   5735.475645553181   7.998257793791069e+39   9.147051038045095e+39  1.0144317042137976e+40 
  61242.37841466917  102986740004203.75  112338585873206.66  122223075489593.66   5464.640203627626   5595.199336371855   5735.475645553181   7.930408053974252e+39   9.069901938881294e+39  1.0059167043230191e+40 
 61244.392075004376  102549206759983.77  111864372676378.97  121705674330875.83   5464.640203627626   5595.199336371855   5735.475645553181   7.863276001567996e+39   8.993564246689619e+39   9.974908330883757e+39 
 61246.405735339584  102114458548685.83  111394105625549.69  121191559518383.98   5464.640203627626   5595.199336371855   5735.475645553181   7.796852552728553e+39   8.918027747919783e+39   9.891529740096291e+39 
   61248.4193956748  101682471748903.11   110927517446651.4  120680703219249.31   5464.640203627626   5595.199336371855   5735.475645553181   7.731128758604013e+39   8.843282376704528e+39   9.809020264744956e+39 
 61250.433056010006  101253222996401.14  110463856621859.34  120173077924588.97   5464.640203627626   5595.199336371855   5735.475645553181   7.666095791259503e+39   8.769318217594345e+39   9.727369057992527e+39 
 61252.446716345214  100826689167703.61  110003098713016.84   119668656325047.1   5464.640203627626   5595.199336371855   5735.475645553181   7.601744958282792e+39   8.696125492350834e+39   9.646565431734891e+39 
  61254.46037668042  100402847389558.22  109545219501323.12  119167411456645.34   5464.640203627626   5595.199336371855   5735.475645553181   7.538067699670672e+39   8.623694571675082e+39   9.566598857338328e+39 
 61256.474037015636   99981675001547.69   109090195057990.1   118669316621484.1   5464.640203627626   5595.199336371855   5735.475645553181   7.475055568729643e+39   8.552015959239115e+39   9.487458953671547e+39 
  61258.48769735084    99563149627895.9  108638001674217.88   118174345379430.5   5464.640203627626   5595.199336371855   5735.475645553181   7.412700249083443e+39   8.481080304373345e+39    9.40913548786593e+39 
  61260.50135768605   99147249095832.42  108188615905139.34  117682471624311.48   5464.640203627626   5595.199336371855   5735.475645553181   7.350993551854422e+39   8.410878386155712e+39   9.331618375315114e+39 
 61262.515018021266   98733951489421.56  107742014538763.36  117193669489947.06   5464.640203627626   5595.199336371855   5735.475645553181   7.289927399062545e+39   8.341401117881823e+39    9.25489767544133e+39 
  61264.52867835647   98323235100050.62   107298174583471.1  116707913361268.31   5464.640203627626   5595.199336371855   5735.475645553181   7.229493826173126e+39   8.272639543089494e+39   9.178963591507829e+39 
  61266.54233869168   97915078486432.06  106857073300731.84  116225177929354.03   5464.640203627626   5595.199336371855   5735.475645553181   7.169684991950946e+39   8.204584837248711e+39   9.103806470520676e+39 
  61268.55599902689    97509460384019.8   106418688188770.3   115745438139041.9   5464.640203627626   5595.199336371855   5735.475645553181   7.110493166069334e+39   8.137228301221931e+39   9.029416794135908e+39 
   61270.5696593621   97106359754497.94  105982996951001.33  115268669225400.53   5464.640203627626   5595.199336371855   5735.475645553181   7.051910724041831e+39   8.070561362673503e+39    8.95578517901695e+39 
  61272.58331969731   96705755780271.78  105549977558895.31  114794846593801.97   5464.640203627626   5595.199336371855   5735.475645553181   6.993930155859363e+39   8.004575566538009e+39   8.882902376609048e+39 
  61274.59698003252   96307627858348.22  105119608177132.81  114323945965703.56   5464.640203627626   5595.199336371855   5735.475645553181   6.936544061610574e+39   7.939262583139302e+39   8.810759273221547e+39 
 61276.610640367726   95911955579535.69  104691867225286.84  113855943290527.69   5464.640203627626   5595.199336371855   5735.475645553181    6.87974513960585e+39   7.874614195891006e+39   8.739346880608678e+39 
  61278.62430070294   95518718782250.23  104266733321127.53  113390814749097.75   5464.640203627626   5595.199336371855   5735.475645553181   6.823526197619608e+39   7.810622311657293e+39   8.668656336280295e+39 
  61280.63796103815   95127897485270.08  103844185309727.72  112928536811719.86   5464.640203627626   5595.199336371855   5735.475645553181   6.767880151752248e+39   7.747278946915319e+39   8.598678903544104e+39 
 61282.651621373356   94739471932290.75  103424202248499.12  112469086166191.72   5464.640203627626   5595.199336371855   5735.475645553181   6.712800011610162e+39   7.684576232831085e+39   8.529405968126127e+39 
  61284.66528170857   94353422551989.72  103006763387527.53  112012439720888.23   5464.640203627626   5595.199336371855   5735.475645553181   6.658278883120785e+39   7.622506410541686e+39   8.460829037312376e+39 
  61286.67894204378   93969730008442.86  102591848201359.69  111558574652281.42   5464.640203627626   5595.199336371855   5735.475645553181   6.604309976913976e+39   7.561061832814819e+39   8.392939740238875e+39 
 61288.692602378986   93588375121786.05  102179436371126.78  111107468361069.48   5464.640203627626   5595.199336371855   5735.475645553181   6.550886597860871e+39   7.500234959373577e+39   8.325729822204102e+39 
  61290.70626271419   93209338917847.73   101769507763552.1  110659098504776.89   5464.640203627626   5595.199336371855   5735.475645553181    6.49800214042936e+39   7.440018358409299e+39   8.259191141714987e+39 
  61292.71992304941   92832602604899.23  101362042475368.56  110213442903191.34   5464.640203627626   5595.199336371855   5735.475645553181    6.44565009617946e+39   7.380404696175715e+39    8.19331567256486e+39 
 61294.733583384615   92458147595201.56  100957020783591.34  109770479628836.48   5464.640203627626   5595.199336371855   5735.475645553181   6.393824050766738e+39   7.321283787445557e+39   8.128095502002055e+39 
  61296.74724371982   92085955462726.14  100554423179531.16  109330273430803.58   5464.640203627626   5595.199336371855   5735.475645553181    6.34251767280529e+39   7.262744403122591e+39   8.063522825864284e+39 
  61298.76090405503   91716007998832.11  100154230350590.11  108895383427945.78   5464.640203627626   5595.199336371855   5735.475645553181   6.291724723681443e+39   7.204789720730136e+39    7.99958994663943e+39 
 61300.774564390245   91348287165993.83    99756423156482.5  108463083059924.67   5464.640203627626   5595.199336371855   5735.475645553181   6.241439055777684e+39   7.147412731244635e+39   7.936289273629611e+39 
  61302.78822472545   90982775110814.56   99360982667661.55  108033351822765.45   5464.640203627626   5595.199336371855   5735.475645553181   6.191654605392921e+39   7.090606526485887e+39   7.873613320777119e+39 
  61304.80188506066   90619454155990.73   98967890127255.62  107606169393808.06   5464.640203627626   5595.199336371855   5735.475645553181    6.14236538600554e+39   7.034364294313445e+39   7.811554704345488e+39 
 61306.815545395875   90258306823529.64   98577126959849.88  107181515637677.64   5464.640203627626   5595.199336371855   5735.475645553181   6.093565501404432e+39   6.978679318277514e+39   7.750106143996981e+39 
  61308.82920573108   89899315788019.89   98188674780190.44  106759370635677.08   5464.640203627626   5595.199336371855   5735.475645553181   6.045249137780177e+39   6.923544976802106e+39   7.689260461823165e+39 
  61310.84286606629   89542463891265.45   97802515379718.44  106339714670729.89   5464.640203627626   5595.199336371855   5735.475645553181   5.997410555284111e+39   6.868954737623865e+39   7.629010573574811e+39 
   61312.8565264015   89187734141768.86   97418630730262.39  105922528200227.64   5464.640203627626   5595.199336371855   5735.475645553181   5.950044097478445e+39   6.814902161899883e+39   7.569349493630866e+39 
  61314.87018673671   88835109733506.38   97037002989166.97   105507791891634.4   5464.640203627626   5595.199336371855   5735.475645553181   5.903144187584427e+39   6.761380895721663e+39   7.510270332850137e+39 
  61316.88384707192   88484574001013.72   96657614477507.53  105095486588672.53   5464.640203627626   5595.199336371855   5735.475645553181   5.856705321368328e+39   6.708384677111491e+39   7.451766296727519e+39 
  61318.89750740713   88136110459436.33   96280447714029.42  104685593315636.08   5464.640203627626   5595.199336371855   5735.475645553181   5.810722071458055e+39    6.65590732564867e+39     7.3938306811139e+39 
 61320.911167742335   87789702796812.78   95905485357120.56  104278093293634.27   5464.640203627626   5595.199336371855   5735.475645553181   5.765189086177006e+39   6.603942747751152e+39   7.336456872239865e+39 
  61322.92482807755   87445334842819.94   95532710258986.66  103872967940293.27   5464.640203627626   5595.199336371855   5735.475645553181    5.72010109310091e+39   6.552484931104104e+39   7.279638346752377e+39 
  61324.93848841276   87102990609003.95   95162105426464.23  103470198853435.47   5464.640203627626   5595.199336371855   5735.475645553181   5.675452879314477e+39   6.501527946975059e+39   7.223368668266432e+39 
 61326.952148747965   86762654244135.39   94793654018854.94  103069767769867.73   5464.640203627626   5595.199336371855   5735.475645553181   5.631239308628282e+39   6.451065947838625e+39   7.167641487905978e+39 
  61328.96580908317   86424310080949.88   94427339372098.88   102671656632266.9   5464.640203627626   5595.199336371855   5735.475645553181   5.587455317821879e+39   6.401093166853157e+39    7.11245054391754e+39 
  61330.97946941839   86087942572088.78   94063144983233.56  102275847547924.36   5464.640203627626   5595.199336371855   5735.475645553181   5.544095908286788e+39   6.351603914678491e+39   7.057789658359692e+39 
 61332.993129753595   85753536329738.08   93701054493251.55  101882322808256.86   5464.640203627626   5595.199336371855   5735.475645553181   5.501156148608695e+39   6.302592580616962e+39   7.003652734366226e+39 
   61335.0067900888   85421076112321.95   93341051720801.53  101491064852803.12   5464.640203627626   5595.199336371855   5735.475645553181   5.458631176291943e+39   6.254053627785816e+39   6.950033757861199e+39 
  61337.02045042402    85090546833489.5   92983120628477.78  101102056316234.45   5464.640203627626   5595.199336371855   5735.475645553181   5.416516195022397e+39   6.205981596131447e+39   6.896926796343907e+39 
 61339.034110759225   84761933535831.48   92627245338905.78  100715279973651.45   5464.640203627626   5595.199336371855   5735.475645553181   5.374806469406574e+39   6.158371097418364e+39   6.844325995781809e+39 
  61341.04777109443   84435221427780.58   92273410141008.73  100330718772612.27   5464.640203627626   5595.199336371855   5735.475645553181  5.3334973301741995e+39   6.111216816931294e+39   6.792225579073221e+39 
  61343.06143142964   84110395854576.11    91921599443173.3   99948355830083.81   5464.640203627626   5595.199336371855   5735.475645553181   5.292584172875049e+39   6.064513508970834e+39   6.740619845545891e+39 
 61345.075091764855    83787442300256.2   91571797826744.22    99568174438699.9   5464.640203627626   5595.199336371855   5735.475645553181   5.252062454707291e+39   6.018255999523752e+39   6.689503171091846e+39 
  61347.08875210006   83466346394410.02   91223990014897.58   99190158038070.47   5464.640203627626   5595.199336371855   5735.475645553181   5.211927687299921e+39   5.972439183480068e+39   6.638870004356748e+39 
  61349.10241243527   83147093905900.73   90878160856642.14   98814290198486.86   5464.640203627626   5595.199336371855   5735.475645553181   5.172175446577396e+39   5.927058024650066e+39   6.588714868539054e+39 
  61351.11607277048   82829670745119.22   90534295360774.75   98440554671192.06   5464.640203627626   5595.199336371855   5735.475645553181   5.132815361388118e+39   5.882107554852146e+39   6.539032360326932e+39 
  61353.12973310569   82514062939951.92    90192378679513.0    98068935356291.2   5464.640203627626   5595.199336371855   5735.475645553181  5.0938528596762564e+39   5.837582870861626e+39   6.489817146639309e+39 
   61355.1433934409   82200256651315.45   89852396089074.06   97699416308403.78   5464.640203627626   5595.199336371855   5735.475645553181   5.055259239391452e+39   5.793479136085053e+39    6.44106396350919e+39 
  61357.15705377611   81888238178946.95   89514333025528.72   97331981717560.06   5464.640203627626   5595.199336371855   5735.475645553181   5.017030318840532e+39   5.749791575920522e+39   6.392767616915629e+39 
  61359.17071411132   81577993949241.88   89178175047297.02   96966615944381.97   5464.640203627626   5595.199336371855   5735.475645553181  4.9791619710676574e+39   5.706515481371924e+39   6.344922981908024e+39 
  61361.18437444653   81269510509270.58   88843907858921.73    96603303473415.4   5464.640203627626   5595.199336371855   5735.475645553181   4.941650123029195e+39   5.663646202845169e+39   6.297524999538266e+39 
  61363.19803478174   80962774550635.55   88511517306487.81   96242028942867.72   5464.640203627626   5595.199336371855   5735.475645553181   4.904490756066882e+39   5.621179154248235e+39   6.250568676203405e+39 
 61365.211695116945   80657772882107.94   88180989345121.61   95882777139205.23   5464.640203627626   5595.199336371855   5735.475645553181  4.8676799062161896e+39   5.579109806665713e+39   6.204049083121524e+39 
  61367.22535545216   80354492439158.39   87852310080922.75   95525533003621.81   5464.640203627626   5595.199336371855   5735.475645553181    4.83121365945331e+39   5.537433692417123e+39   6.157961356413296e+39 
  61369.23901578737   80052920282072.39   87525465745945.97   95170281607476.56   5464.640203627626   5595.199336371855   5735.475645553181  4.7950881514365004e+39   5.496146402040139e+39   6.112300693679699e+39 
 61371.252676122574   79753043597037.12    87200442682745.0   94817008138089.45   5464.640203627626   5595.199336371855   5735.475645553181   4.759299570421936e+39   5.455243584258216e+39   6.067062355698549e+39 
  61373.26633645778   79454849691792.95   86877227375529.73    94465697941923.9   5464.640203627626   5595.199336371855   5735.475645553181   4.723844154772612e+39  5.4147209452825793e+39   6.022241665396805e+39 
    61375.279996793   79158325979781.08    86555806435204.4   94116336495890.88   5464.640203627626   5595.199336371855   5735.475645553181  4.6887181900815757e+39    5.37457424641213e+39   5.977834005747415e+39 
 61377.293657128204   78863459991720.98   86236166582169.69    93768909417368.9   5464.640203627626   5595.199336371855   5735.475645553181  4.6539180099627275e+39  5.3347993051832716e+39    5.93383481797288e+39 
  61379.30731746341   78570239379252.48   85918294676464.19   93423402437685.81   5464.640203627626   5595.199336371855   5735.475645553181   4.619439996585704e+39   5.295391991955806e+39   5.890239602620208e+39 
  61381.32097779862   78278651908891.55   85602177689528.56   93079801443580.28   5464.640203627626   5595.199336371855   5735.475645553181     4.5852805780836e+39    5.25634823214399e+39   5.847043918899964e+39 
 61383.334638133834   77988685451137.27   85287802716893.78   92738092430442.36   5464.640203627626   5595.199336371855   5735.475645553181   4.551436228536251e+39   5.217664002378111e+39   5.804243382312985e+39 
  61385.34829846904    77700328003956.5   84975156985620.03    92398261528376.7   5464.640203627626   5595.199336371855   5735.475645553181  4.5179034680764204e+39   5.179335331965287e+39   5.761833663810589e+39 
  61387.36195880425   77413567671300.12   84664227813735.12   92060294998473.33   5464.640203627626   5595.199336371855   5735.475645553181   4.484678862847313e+39  5.1413582998671306e+39    5.71981048906706e+39 
 61389.375619139464    77128392665296.9   84355002657187.44   91724179235651.17   5464.640203627626   5595.199336371855   5735.475645553181   4.451759022511959e+39  5.1037290362473215e+39   5.678169639417417e+39 
  61391.38927947467   76844791313838.81   84047469078523.72   91389900759050.62   5464.640203627626   5595.199336371855   5735.475645553181   4.419140597872451e+39    5.06644372079593e+39   5.636906948347748e+39 
  61393.40293980988   76562752047211.16   83741614743529.05   91057446186276.44   5464.640203627626   5595.199336371855   5735.475645553181  4.3868202843023646e+39  5.0294985826344865e+39   5.596018302640678e+39 
  61395.41660014509   76282263413781.23   83437427442299.53   90726802274477.94   5464.640203627626   5595.199336371855   5735.475645553181   4.354794820825475e+39   4.992889899469942e+39    5.55549964177134e+39 
   61397.4302604803   76003314048085.33   83134895071066.25   90397955892249.88   5464.640203627626   5595.199336371855   5735.475645553181  4.3230609854365344e+39   4.956613996307541e+39   5.515346957435797e+39 
  61399.44392081551   75725892695805.25   82834005632547.27   90070894042085.23   5464.640203627626   5595.199336371855   5735.475645553181  4.2916155976171874e+39  4.9206672452277276e+39   5.475556290065577e+39 
  61401.45758115072   75449988199266.42    82534747242632.0   89745603822160.78   5464.640203627626   5595.199336371855   5735.475645553181   4.260455518204873e+39  4.8850460644619495e+39   5.436123730486886e+39 
 61403.471241485924   75175589510283.52   82237108126526.84    89422072463396.6   5464.640203627626   5595.199336371855   5735.475645553181   4.229577646842439e+39  4.8497469169082456e+39   5.397045419482703e+39 
  61405.48490182114   74902685671312.31   81941076610398.14   89100287305377.84   5464.640203627626   5595.199336371855   5735.475645553181   4.198978922195424e+39  4.8147663116616326e+39   5.358317546653388e+39 
  61407.49856215635   74631265832668.83   81646641137516.62   88780235797612.06   5464.640203627626   5595.199336371855   5735.475645553181  4.1686563221907445e+39  4.7801008001341314e+39   5.319936348286037e+39 
 61409.512222491554   74361319246050.84    81353790243510.7   88461905506893.14   5464.640203627626   5595.199336371855   5735.475645553181   4.138606863012161e+39   4.745746978445109e+39   5.281898107085254e+39 
  61411.52588282677   74092835252340.23   81062512570825.97    88145284115351.8   5464.640203627626   5595.199336371855   5735.475645553181   4.108827600712695e+39    4.71170148407341e+39  5.2441991530433564e+39 
 61413.539543161976   73825803300002.98   80772796865572.44   87830359422415.81   5464.640203627626   5595.199336371855   5735.475645553181   4.079315623472591e+39    4.67796099783618e+39  5.2068358621515396e+39 
 61415.553203497184   73560212921333.33   80484631970615.81   87517119323167.36   5464.640203627626   5595.199336371855   5735.475645553181   4.050068058412247e+39  4.6445222422107225e+39  5.1698046539443413e+39 
  61417.56686383239   73296053762426.81   80198006823441.06   87205551815183.86   5464.640203627626   5595.199336371855   5735.475645553181   4.021082069879632e+39   4.611381980916636e+39   5.133101993580632e+39 
 61419.580524167606   73033315543190.06   79912910465535.16   86895645009970.39   5464.640203627626   5595.199336371855   5735.475645553181   3.992354855817038e+39  4.5785370187252035e+39   5.096724390525455e+39 
 61421.594184502814   72771988079152.77   79629332038298.69    86587387129258.5   5464.640203627626   5595.199336371855   5735.475645553181  3.9638836495620024e+39   4.545984199486027e+39   5.060668397087795e+39 
  61423.60784483802   72512061272738.66   79347260769405.22   86280766493941.08   5464.640203627626   5595.199336371855   5735.475645553181   3.935665718782982e+39  4.5137204073008456e+39   5.024930607508861e+39 
  61425.62150517323   72253525124836.58   79066685994553.62   85975771520988.92   5464.640203627626   5595.199336371855   5735.475645553181   3.907698365431193e+39  4.4817425639999156e+39   4.989507658460821e+39 
  61427.63516550844   71996369717922.92   78787597135095.69    85672390745923.6   5464.640203627626   5595.199336371855   5735.475645553181   3.879978924114993e+39  4.4500476307854596e+39   4.954396228814837e+39 
  61429.64882584365    71740585222733.7    78509983709913.2   85370612789375.02   5464.640203627626   5595.199336371855   5735.475645553181   3.852504762891029e+39  4.4186326054139865e+39  4.9195930376627214e+39 
  61431.66248617886   71486161905653.05   78233835340312.38   85070426377445.69   5464.640203627626   5595.199336371855   5735.475645553181   3.825273282546651e+39   4.387494523476857e+39     4.8850948441458e+39 
  61433.67614651407   71233090114977.64   77959141717889.78    84771820337506.0   5464.640203627626   5595.199336371855   5735.475645553181   3.798281916918255e+39   4.356630455980565e+39   4.850860976410986e+39 
  61435.68980684928   70981360284185.89    77685892643178.5    84474783599889.4   5464.640203627626   5595.199336371855   5735.475645553181  3.7715281307559746e+39  4.3260375106774674e+39  4.8169235869994907e+39 
  61437.70346718449   70730962937259.31   77414077997760.61   84179305193951.45   5464.640203627626   5595.199336371855   5735.475645553181  3.7450094186208334e+39  4.2957128308593504e+39   4.783282450625601e+39 
 61439.717127519696   70481888675265.23   77143687747830.33   83885374230788.62   5464.640203627626   5595.199336371855   5735.475645553181  3.7187233068627823e+39     4.2656535952122e+39   4.749934468596482e+39 
  61441.73078785491   70234128195198.06    76874711952011.4   83592979921439.94   5464.640203627626   5595.199336371855   5735.475645553181   3.692667353720165e+39   4.235857017141012e+39   4.716876580608038e+39 
  61443.74444819012  69987667916373.875   76607120963567.88   83302102118418.58   5464.640203627626   5595.199336371855   5735.475645553181   3.666839144589229e+39  4.2063190505027155e+39   4.684103727334046e+39 
 61445.758108525326    69742499802296.3   76340956534691.12   83012754722999.84   5464.640203627626   5595.199336371855   5735.475645553181   3.641234989147131e+39  4.1770389825616045e+39   4.651618063741798e+39 
  61447.77176886053   69498632438349.47   76076170041193.94   82724908859819.72   5464.640203627626   5595.199336371855   5735.475645553181  3.6158558998201146e+39   4.148015109995153e+39  4.6194130822442544e+39 
  61449.78542919575   69256100188867.13   75812756230782.69   82438556080168.25   5464.640203627626   5595.199336371855   5735.475645553181  3.5906970528156276e+39  4.1192424255898226e+39   4.587485929828633e+39 
 61451.799089530956  69014915036860.836   75550707303475.17   82153686855274.31   5464.640203627626   5595.199336371855   5735.475645553181    3.56575640314478e+39  4.0907186999510004e+39   4.555833975791372e+39 
  61453.81274986616  68774987018150.375   75290014513128.23   81870291262696.88   5464.640203627626   5595.199336371855   5735.475645553181  3.5410317867455154e+39   4.062441502986745e+39  4.5244544667202566e+39 
  61455.82641020138   68536307699448.41   75030668787872.16   81588359286087.14   5464.640203627626   5595.199336371855   5735.475645553181  3.5165210048467167e+39   4.034408342819659e+39   4.493344624307623e+39 
 61457.840070536586  68298868564206.125    74772660950331.4   81307880919159.94   5464.640203627626   5595.199336371855   5735.475645553181  3.4922218623185146e+39  4.0066167178421634e+39  4.4625016841505215e+39 
  61459.85373087179   68062661083007.58    74515981857189.6   81028846209092.45   5464.640203627626   5595.199336371855   5735.475645553181  3.4681321778390055e+39   3.979070886891725e+39   4.431922907900249e+39 
    61461.867391207  67827676773656.055   74260622411080.31    80751245280732.3   5464.640203627626   5595.199336371855   5735.475645553181  3.4442497917590663e+39   3.951777958205808e+39   4.401605586099857e+39 
 61463.881051542216   67593907213413.34   74006573577310.05   80475068325101.28   5464.640203627626   5595.199336371855   5735.475645553181   3.420572568939297e+39  3.9247188127044023e+39  4.3715470407282533e+39 
  61465.89471187742  67361344056808.734   73753826400100.69    80200305619429.7   5464.640203627626   5595.199336371855   5735.475645553181   3.397098400587041e+39  3.8978910484884774e+39   4.341744625823751e+39 
  61467.90837221263   67129979011137.26    73502371995593.8   79926947519831.48   5464.640203627626   5595.199336371855   5735.475645553181   3.373825200258992e+39   3.871292292922892e+39  4.3121957271699973e+39 
  61469.92203254784   66899803852535.39    73252201558206.4   79654984476319.27   5464.640203627626   5595.199336371855   5735.475645553181   3.350750907599826e+39    3.84492020088175e+39  4.2828977611808423e+39 
  61471.93569288305  66670810433127.484   73003306351270.19   79384407006511.33   5464.640203627626   5595.199336371855   5735.475645553181  3.3278734868209004e+39   3.818772456230686e+39  4.2538481753521826e+39 
  61473.94935321826   66442990677977.05   72755677720750.75    79115205709607.5   5464.640203627626   5595.199336371855   5735.475645553181   3.305190926144279e+39     3.7928467697745e+39   4.225044446546019e+39 
  61475.96301355347   66216336569845.32   72509307078734.94   78847371274219.27   5464.640203627626   5595.199336371855   5735.475645553181  3.2827012372487145e+39  3.7671408796435316e+39  4.1964840822063394e+39 
  61477.97667388868   65990840166319.45   72264185913999.38   78580894456479.67   5464.640203627626   5595.199336371855   5735.475645553181   3.260402455924273e+39  3.7416525511656644e+39     4.1681646194066e+39 
  61479.99033422389   65766493598288.46   72020305794365.72   78315766094540.14   5464.640203627626   5595.199336371855   5735.475645553181   3.238292641278452e+39   3.716379575667688e+39  4.1400836238200814e+39 
   61482.0039945591   65543289055441.55   71777658343446.69   78051977105085.19   5464.640203627626   5595.199336371855   5735.475645553181  3.2163698761745983e+39   3.691319770556257e+39   4.112238689248808e+39 
 61484.017654894305  65321218795468.984    71536235268253.4    77789518483342.9   5464.640203627626   5595.199336371855   5735.475645553181   3.194632265349818e+39   3.666470979266351e+39    4.08462743873484e+39 
  61486.03131522952   65100275145284.83   71296028340479.34   77528381305084.03   5464.640203627626   5595.199336371855   5735.475645553181  3.1730779352155737e+39   3.641831070937702e+39  4.0572475230222016e+39 
  61488.04497556473   64880450493293.61   71057029399556.75    77268556710671.6   5464.640203627626   5595.199336371855   5735.475645553181   3.151705034926642e+39   3.617397939288757e+39  4.0300966192912903e+39 
 61490.058635899935  64661737304528.484   70819230351537.75   77010035914121.34   5464.640203627626   5595.199336371855   5735.475645553181   3.130511736425766e+39   3.593169502840091e+39   4.003172432729085e+39 
  61492.07229623514    64444128093757.0   70582623172705.66   76752810204917.08   5464.640203627626   5595.199336371855   5735.475645553181   3.109496231324641e+39   3.569143705121691e+39   3.976472695432123e+39 
  61494.08595657036   64227615435447.06  70347199909578.336   76496870948620.55   5464.640203627626   5595.199336371855   5735.475645553181   3.088656733493997e+39   3.545318513219285e+39   3.949995165971528e+39 
 61496.099616905565   64012191970251.54   70112952666567.67   76242209583258.05   5464.640203627626   5595.199336371855   5735.475645553181   3.067991477139694e+39   3.521691918434344e+39   3.923737628856912e+39 
  61498.11327724077   63797850407786.16   69879873621304.78   75988817607841.34   5464.640203627626   5595.199336371855   5735.475645553181  3.0474987177400603e+39   3.498261935617068e+39   3.897659397778432e+39 
  61500.12693757598  63584583506497.984   69647955014168.08   75736686602566.38   5464.640203627626   5595.199336371855   5735.475645553181   3.027163586125558e+39   3.475026602231022e+39   3.871793800619625e+39 
 61502.140597911195   63372384089794.46   69417189149059.64   75485808213126.73   5464.640203627626   5595.199336371855   5735.475645553181   3.006983549689871e+39  3.4519839794158634e+39   3.846142410150009e+39 
   61504.1542582464   63161245045757.88   69187568398994.84   75236174153021.11   5464.640203627626   5595.199336371855   5735.475645553181   2.986971354556237e+39   3.429132149815049e+39   3.820703100635332e+39 
  61506.16791858161   62951159319260.59  68959085195773.875   74987776206033.73   5464.640203627626   5595.199336371855   5735.475645553181   2.967125329004179e+39  3.4064692189881746e+39  3.7954737709934985e+39 
 61508.181578916825  62742119910443.055   68731732031978.87   74740606224233.47   5464.640203627626   5595.199336371855   5735.475645553181   2.947443820359964e+39  3.3839933137832564e+39   3.770452344450698e+39 
  61510.19523925203   62534119882214.67   68505501466392.47    74494656132455.5   5464.640203627626   5595.199336371855   5735.475645553181     2.9279251942666e+39  3.3617025835404795e+39   3.745636769221331e+39 
  61512.20889958724   62327152352286.39   68280386118311.14   74249917917649.38   5464.640203627626   5595.199336371855   5735.475645553181  2.9085678359973716e+39   3.339595198411579e+39   3.721025014947533e+39 
  61514.22255992245   62121210501600.02   68056378659963.17   74006383626039.48   5464.640203627626   5595.199336371855   5735.475645553181   2.889370149838287e+39  3.3176693495886845e+39   3.696615075594632e+39 
  61516.23622025766    61915898022787.6   67833471832597.22   73764045374424.28   5464.640203627626   5595.199336371855   5735.475645553181   2.870330558122754e+39   3.295923249278256e+39   3.672404968261908e+39 
  61518.24988059287   61711328563093.97   67611658431662.16   73522895339457.88   5464.640203627626   5595.199336371855   5735.475645553181  2.8514475009733776e+39  3.2743551303797773e+39  3.6483927328763937e+39 
  61520.26354092808   61507774559661.21   67390931313974.94   73282925773890.72   5464.640203627626   5595.199336371855   5735.475645553181   2.832719436699566e+39   3.252963245699045e+39  3.6245764315820955e+39 
 61522.277201263285   61305229255185.72   67171283391515.89   73044128978458.03   5464.640203627626   5595.199336371855   5735.475645553181   2.814144841747321e+39  3.2317458687466433e+39  3.6009541492331674e+39 
   61524.2908615985  61103685953553.984   66952707639718.22   72806497321572.78   5464.640203627626   5595.199336371855   5735.475645553181  2.7957222097151586e+39   3.210701292106091e+39  3.5775239915042154e+39 
  61526.30452193371   60903138014600.54   66735197085547.55   72570023238919.55   5464.640203627626   5595.199336371855   5735.475645553181  2.7774500512930274e+39   3.189827828061932e+39   3.554284085963116e+39 
 61528.318182268915   60703578853490.49   66518744815850.47   72334699220658.64   5464.640203627626   5595.199336371855   5735.475645553181  2.7593268939130646e+39  3.1691238083245027e+39   3.531232581753876e+39 
  61530.33184260413  60505001941773.734   66303303579823.89    72100517820107.5   5464.640203627626   5595.199336371855   5735.475645553181   2.741351282136564e+39   3.148587583176923e+39   3.508367648762318e+39 
  61532.34550293934   60307400805264.07  66088857992495.875   71867471651636.69   5464.640203627626   5595.199336371855   5735.475645553181  2.7235217776057305e+39  3.1282175216960527e+39  3.4856874774164174e+39 
 61534.359163274545   60110769024824.91  65875452122186.484   71635553389307.19   5464.640203627626   5595.199336371855   5735.475645553181  2.7058369572406985e+39   3.108012011440565e+39  3.4631902790447655e+39 
  61536.37282360975   59915100231120.32   65663079244866.56   71404755773205.97   5464.640203627626   5595.199336371855   5735.475645553181  2.6882954143371892e+39   3.087969458544634e+39   3.440874285426131e+39 
  61538.38648394497   59720388106994.11   65451732691586.82   71175071593291.53   5464.640203627626   5595.199336371855   5735.475645553181  2.6708957583759434e+39  3.0680882867536555e+39   3.418737746885421e+39 
 61540.400144280175  59526626393052.016  65241405839624.336   70946493695251.69   5464.640203627626   5595.199336371855   5735.475645553181   2.653636615052024e+39   3.048366937601846e+39   3.396778934202386e+39 
  61542.41380461538   59333808870456.21   65032092126520.94   70719014985981.42   5464.640203627626   5595.199336371855   5735.475645553181   2.636516624732326e+39   3.028803870435235e+39   3.374996137630303e+39 
  61544.42746495059  59141929379753.266  64823785040423.875   70492628426541.06   5464.640203627626   5595.199336371855   5735.475645553181  2.6195344433304162e+39   3.009397561841606e+39  3.3533876667101674e+39 
 61546.441125285804   58950981811831.17   64616478121385.83   70267327044238.69   5464.640203627626   5595.199336371855   5735.475645553181  2.6026887419498837e+39   2.990146505386169e+39  3.3319518496947707e+39 
  61548.45478562101   58760960102032.93  64410164960679.125   70043103906676.33   5464.640203627626   5595.199336371855   5735.475645553181  2.5859782070908354e+39   2.971049212093117e+39  3.3106870340958625e+39 
  61550.46844595622   58571858240010.62   64204839208326.53  69819952144107.016   5464.640203627626   5595.199336371855   5735.475645553181  2.5694015394282308e+39  2.9521042089401144e+39   3.289591584919767e+39 
 61552.482106291434   58383670263515.17  64000494555040.984  69597864944349.984   5464.640203627626   5595.199336371855   5735.475645553181  2.5529574543167727e+39   2.933310039721142e+39   3.268663885783105e+39 
  61554.49576662664   58196390259387.89   63797124744896.55  69376835543833.414   5464.640203627626   5595.199336371855   5735.475645553181   2.536644681253206e+39  2.9146652644719415e+39   3.247902338465533e+39 
  61556.50942696185   58010012364167.64   63594723574878.96   69156857234745.77   5464.640203627626   5595.199336371855   5735.475645553181  2.5204619641652255e+39   2.896168459094977e+39   3.227305362326825e+39 
  61558.52308729706   57824545200660.58    63393284889303.2   68937923363014.26   5464.640203627626   5595.199336371855   5735.475645553181  2.5044080614979903e+39   2.877818215237247e+39   3.206871394088523e+39 
  61560.53674763227   57640102106253.48    63192802582083.3   68720027327162.82   5464.640203627626   5595.199336371855   5735.475645553181  2.4884817443279174e+39   2.859613140276863e+39   3.186598888078124e+39 
  61562.55040796748  57456541471144.266   62993270598065.56   68503162583787.07   5464.640203627626   5595.199336371855   5735.475645553181   2.472681797883728e+39   2.841551857244459e+39  3.1664863161528095e+39 
  61564.56406830269   57273857652525.31   62794682929884.69    68287322633732.1   5464.640203627626   5595.199336371855   5735.475645553181   2.457007020977353e+39  2.8236330040819825e+39   3.146532165685667e+39 
 61566.577728637894  57092045061015.016  62597033611345.875   68072501027657.52   5464.640203627626   5595.199336371855   5735.475645553181   2.441456226137287e+39  2.8058552337894356e+39  3.1267349413992564e+39 
  61568.59138897311   56911098139755.84   62400316729613.11   67858691369440.54   5464.640203627626   5595.199336371855   5735.475645553181  2.4260282382936464e+39   2.788217214418016e+39   3.107093164522527e+39 
  61570.60504930832  56731011386062.266   62204526415547.18   67645887310881.72   5464.640203627626   5595.199336371855   5735.475645553181  2.4107218955778733e+39  2.7707176286587033e+39   3.087605372603949e+39 
 61572.618709643524   56551779337845.32   62009656847390.13   67434082562168.31   5464.640203627626   5595.199336371855   5735.475645553181   2.395536048958704e+39   2.753355173540803e+39  3.0682701191026407e+39 
  61574.63236997873   56373396572287.71  61815702247031.734   67223270870655.12   5464.640203627626   5595.199336371855   5735.475645553181   2.380469562378859e+39  2.7361285608637345e+39   3.049085973637506e+39 
  61576.64603031395   56195857714855.53   61622656887655.03  67013446036846.984   5464.640203627626   5595.199336371855   5735.475645553181   2.365521311948449e+39  2.7190365160293657e+39  3.0300515210424403e+39 
 61578.659690649154  56019157432283.625   61430515082341.37   66804601912888.48   5464.640203627626   5595.199336371855   5735.475645553181  2.3506901861147454e+39  2.7020777785581406e+39   3.011165361503616e+39 
  61580.67335098436   55843290433385.31   61239271187135.52   66596732394870.61   5464.640203627626   5595.199336371855   5735.475645553181  2.3359750853176025e+39   2.685251101968439e+39  2.9924261109151106e+39 
  61582.68701131958   55668251470031.86    61048919605689.2  66389831427258.375   5464.640203627626   5595.199336371855   5735.475645553181  2.3213749222014532e+39  2.6685552529276963e+39  2.9738323998613067e+39 
 61584.700671654784   55494035335737.53   60859454784890.28   66183893002096.27   5464.640203627626   5595.199336371855   5735.475645553181  2.3068886217986438e+39   2.651989011790292e+39   2.955382873880046e+39 
  61586.71433198999  55320636865299.414   60670871213731.19   65978911158077.41   5464.640203627626   5595.199336371855   5735.475645553181  2.2925151198973178e+39  2.6355511719253948e+39   2.937076193160132e+39 
   61588.7279923252   55148050934540.62   60483163426790.61  65774879983370.875   5464.640203627626   5595.199336371855   5735.475645553181  2.2782533641465458e+39   2.619240540211565e+39  2.9188982783094044e+39 
 61590.741652660414   54976272457035.44   60296326001169.33  65571793609552.195   5464.640203627626   5595.199336371855   5735.475645553181   2.264102313796224e+39  2.6030559361588035e+39   2.900858548372299e+39 
  61592.75531299562   54805296390657.56   60110353551841.31   65369646210298.19   5464.640203627626   5595.199336371855   5735.475645553181  2.2500609396173182e+39  2.5869961920141233e+39  2.8829579561769213e+39 
  61594.76897333083   54635117726987.78   59925240738324.94   65168432006123.97   5464.640203627626   5595.199336371855   5735.475645553181  2.2361282232625348e+39   2.571060152724936e+39     2.8651952158375e+39 
  61596.78263366604   54465731499281.73    59740982259297.5   64968145259133.09   5464.640203627626   5595.199336371855   5735.475645553181  2.2223031572593666e+39  2.5552466758814922e+39  2.8475690553151456e+39 
  61598.79629400125  54297132782638.914   59557572858054.36  64768780281758.055   5464.640203627626   5595.199336371855   5735.475645553181  2.2085847451684666e+39   2.539554631094802e+39   2.830078216262979e+39 
  61600.80995433646   54129316683386.15    59375007313118.7  64570331426632.086   5464.640203627626   5595.199336371855   5735.475645553181   2.194972001365401e+39  2.5239829004295093e+39   2.812721453885951e+39 
 61602.823614671666   53962278350073.66   59193280447157.48   64372793085477.19   5464.640203627626   5595.199336371855   5735.475645553181   2.181463951128236e+39   2.508530377887909e+39  2.7954975369970325e+39 
  61604.83727500688   53796012969977.92   59012387125054.56   64176159697718.27   5464.640203627626   5595.199336371855   5735.475645553181   2.168059629576634e+39  2.4931959691336118e+39   2.778405246851497e+39 
  61606.85093534209   53630515765727.89   58832322244115.04   63980425744844.62   5464.640203627626   5595.199336371855   5735.475645553181  2.1547580825005726e+39  2.4779785918917243e+39  2.7614433782521493e+39 
 61608.864595677296   53465781998240.12   58653080743807.92  63785585748318.734   5464.640203627626   5595.199336371855   5735.475645553181  2.1415583657895674e+39   2.462877175018381e+39   2.744610738663418e+39 
 61610.878256012504   53301806966486.09    58474657604278.9  63591634272342.414   5464.640203627626   5595.199336371855   5735.475645553181  2.1284595458035744e+39   2.447890659193321e+39   2.727906148301818e+39 
  61612.89191634772   53138586003902.39   58297047841343.25   63398565922759.15   5464.640203627626   5595.199336371855   5735.475645553181  2.1154606986758183e+39    2.43301799589278e+39   2.711328439966238e+39 
 61614.905576682926  52976114481795.625   58120246510383.72   63206375346249.27   5464.640203627626   5595.199336371855   5735.475645553181  2.1025609099280054e+39   2.418258148170313e+39  2.6948764589994074e+39 
  61616.91923701813   52814387806216.52   57944248706337.11  63015057235069.445   5464.640203627626   5595.199336371855   5735.475645553181    2.08975927522191e+39  2.4036100900440714e+39   2.678549063279436e+39 
  61618.93289735334  52653401416837.086   57769049559927.58   62824606314410.05   5464.640203627626   5595.199336371855   5735.475645553181   2.077054899866745e+39   2.389072806212815e+39  2.6623451217852815e+39 
 61620.946557688556   52493150792735.44   57594644235327.31   62635017350270.62   5464.640203627626   5595.199336371855   5735.475645553181  2.0644468988862413e+39   2.374645292177627e+39  2.6462635159437892e+39 
  61622.96021802376  52333631440075.375  57421027937370.164    62446285148671.9   5464.640203627626   5595.199336371855   5735.475645553181  2.0519343961876475e+39  2.3603265541919992e+39  2.6303031390532668e+39 
  61624.97387835897  52174838906434.984  57248195904970.945   62258404553771.45   5464.640203627626   5595.199336371855   5735.475645553181  2.0395165251931312e+39   2.346115608958468e+39  2.6144628960780876e+39 
 61626.987538694186  52016768770305.266   57076143414374.01  62071370454437.305   5464.640203627626   5595.199336371855   5735.475645553181   2.027192428468535e+39  2.3320114834655767e+39  2.5987417035223172e+39 
  61629.00119902939   51859416641230.47   56904865775165.74   61885177769980.14   5464.640203627626   5595.199336371855   5735.475645553181   2.014961257826155e+39    2.31801321523558e+39  2.5831384893701594e+39 
   61631.0148593646  51702778165911.164   56734358335329.97   61699821459512.14   5464.640203627626   5595.199336371855   5735.475645553181  2.0028221738876674e+39   2.304119851601425e+39   2.567652192880723e+39 
  61633.02851969981   51546849023297.84   56564616478569.91   61515296522566.31   5464.640203627626   5595.199336371855   5735.475645553181  1.9907743459890277e+39  2.2903304499315524e+39  2.5522817640181538e+39 
  61635.04218003502  51391624924769.625   56395635617948.31   61331597994407.86   5464.640203627626   5595.199336371855   5735.475645553181  1.9788169522095626e+39  2.2766440777702794e+39  2.5370261641177378e+39 
  61637.05584037023   51237101615000.46   56227411204086.37   61148720946935.97   5464.640203627626   5595.199336371855   5735.475645553181   1.966949179249606e+39  2.2630598119263445e+39  2.5218843651568554e+39 
  61639.06950070544   51083274871361.11    56059938722793.0  60966660489311.625   5464.640203627626   5595.199336371855   5735.475645553181  1.9551702228013548e+39  2.2495767392219685e+39  2.5068666537571505e+39 
 61641.083161040646  50930140502695.016  55893213691318.586  60785411767253.445   5464.640203627626   5595.199336371855   5735.475645553181  1.9434792862788836e+39   2.236193955649806e+39  2.4919971772131197e+39 
  61643.09682137586  50777694349797.805   55727231662030.86   60604969962763.64   5464.640203627626   5595.199336371855   5735.475645553181  1.9318755815276254e+39   2.222910566987534e+39  2.4772377670689862e+39 
  61645.11048171107  50625932284760.445  55561988222069.016   60425330297484.24   5464.640203627626   5595.199336371855   5735.475645553181   1.920358328780124e+39  2.2097256881877858e+39  2.4625874476049688e+39 
 61647.124142046276  50474850209680.016   55397478989363.53   60246488022190.22   5464.640203627626   5595.199336371855   5735.475645553181  1.9089267564584446e+39  2.1966384432445827e+39   2.448045252645199e+39 
  61649.13780238149   50324444059308.96   55233699612328.59    60068438424053.7   5464.640203627626   5595.199336371855   5735.475645553181  1.8975801010590795e+39  2.1836479653048082e+39   2.433610225965632e+39 
   61651.1514627167   50174709794721.62   55070645774438.31    59891176824906.3   5464.640203627626   5595.199336371855   5735.475645553181  1.8863176067053593e+39    2.17075339660237e+39  2.4192814213098936e+39 
 61653.165123051906   50025643412214.19  54908313189792.766   59714698581038.79   5464.640203627626   5595.199336371855   5735.475645553181  1.8751385255295895e+39   2.157953888167639e+39  2.4050579022162138e+39 
  61655.17878338711   49877240934894.16   54746697604928.53  59538999087603.914   5464.640203627626   5595.199336371855   5735.475645553181   1.864042117389893e+39   2.145248599757101e+39   2.390938741987111e+39 
  61657.19244372233   49729498414080.85   54585794796035.25   59364073766737.49   5464.640203627626   5595.199336371855   5735.475645553181  1.8530276499593624e+39  2.1326367000256068e+39   2.376923023236833e+39 
 61659.206104057535  49582411933417.016    54425600572725.3   59189918075762.86   5464.640203627626   5595.199336371855   5735.475645553181  1.8420943983449017e+39  2.1201173659110284e+39  2.3630098379089275e+39 
  61661.21976439274  49435977604878.984   54266110776786.67   59016527507457.55   5464.640203627626   5595.199336371855   5735.475645553181  1.8312416450368226e+39  2.1076897828537106e+39  2.3491982873620944e+39 
  61663.23342472795  49290191569108.914   54107321275716.16  58843897586552.055   5464.640203627626   5595.199336371855   5735.475645553181  1.8204686799368225e+39  2.0953531449095324e+39  2.3354874822320857e+39 
 61665.247085063165   49145049995991.72   53949227969688.06   58672023869870.63   5464.640203627626   5595.199336371855   5735.475645553181  1.8097748002279358e+39  2.0831066539614916e+39   2.321876541998662e+39 
  61667.26074539837   49000549084179.76   53791826790323.86   58500901947162.24   5464.640203627626   5595.199336371855   5735.475645553181   1.799159310693773e+39   2.070949520400089e+39  2.3083645951459806e+39 
  61669.27440573358   48856685060085.28   53635113696853.25   58330527440481.46   5464.640203627626   5595.199336371855   5735.475645553181  1.7886215226833675e+39  2.0588809623563842e+39  2.2949507790775692e+39 
 61671.288066068795   48713454178212.69   53479084679316.11   58160896003700.45   5464.640203627626   5595.199336371855   5735.475645553181  1.7781607546591238e+39  2.0469002062282436e+39  2.2816342399490976e+39 
    61673.301726404  48570852720863.805  53323735758313.086   57992003325771.57   5464.640203627626   5595.199336371855   5735.475645553181   1.767776332196801e+39  2.0350064862368285e+39  2.2684141328302488e+39 
  61675.31538673921   48428876996143.52   53169062982995.05    57823845121879.7   5464.640203627626   5595.199336371855   5735.475645553181    1.75746758779941e+39   2.023199044254757e+39  2.2552896210363903e+39 
  61677.32904707442   48287523342413.87    53015062427675.0   57656417139434.21   5464.640203627626   5595.199336371855   5735.475645553181  1.7472338608209688e+39  2.0114771298978632e+39  2.2422598762408526e+39 
  61679.34270740963   48146788119459.54   52861730198988.23   57489715156222.25   5464.640203627626   5595.199336371855   5735.475645553181   1.737074497113603e+39  1.9998400004609116e+39  2.2293240785167954e+39 
  61681.35636774484    48006667719158.6   52709062428990.83   57323734979840.46   5464.640203627626   5595.199336371855   5735.475645553181  1.7269888492739414e+39  1.9882869207675262e+39  2.2164814163011858e+39 
  61683.37002808005   47867158557418.24    52557055280647.4   57158472452251.52   5464.640203627626   5595.199336371855   5735.475645553181  1.7169762764698768e+39  1.9768171629891102e+39   2.203731086254522e+39 
 61685.383688415255    47728257074032.0   52405704941292.27  56993923441921.266   5464.640203627626   5595.199336371855   5735.475645553181  1.7070361444180062e+39   1.965430006802957e+39  2.1910722931436812e+39 
  61687.39734875047  47589959737532.695   52255007627681.65   56830083845151.68   5464.640203627626   5595.199336371855   5735.475645553181  1.6971678253662853e+39  1.9541247390687512e+39   2.178504249472255e+39 
  61689.41100908568   47452263042086.37  52104959586234.445   56666949590408.63   5464.640203627626   5595.199336371855   5735.475645553181   1.687370697566171e+39  1.9429006537478186e+39  2.1660261757802383e+39 
 61691.424669420885   47315163506536.26  51955557086618.516  56504516635733.016   5464.640203627626   5595.199336371855   5735.475645553181  1.6776441457574402e+39   1.931757052070274e+39   2.153637300488261e+39 
  61693.43832975609   47178657675589.46    51806796425579.8   56342780966451.42   5464.640203627626   5595.199336371855   5735.475645553181   1.667987560763422e+39  1.9206932420952164e+39  2.1413368596724178e+39 
  61695.45199009131    47042742119842.0   51658673928056.56   56181738597310.95   5464.640203627626   5595.199336371855   5735.475645553181   1.658400339731688e+39  1.9097085389302727e+39  2.1291240969031192e+39 
 61697.465650426515   46907413433534.05   51511185944649.03   56021385571663.82   5464.640203627626   5595.199336371855   5735.475645553181  1.6488818858145314e+39  1.8988022644108664e+39  2.1169982633882857e+39 
  61699.47931076172    46772668236755.0   51364328851918.69   55861717961017.43   5464.640203627626   5595.199336371855   5735.475645553181    1.63943160779323e+39   1.887973747208922e+39  2.1049586177829442e+39 
  61701.49297109694  46638503173748.414   51218099053086.61   55702731866232.69   5464.640203627626   5595.199336371855   5735.475645553181  1.6300489206326708e+39   1.877222322805384e+39   2.093004426193725e+39 
 61703.506631432145   46504914910925.18  51072492978452.984   55544423415703.34   5464.640203627626   5595.199336371855   5735.475645553181  1.6207332451452388e+39  1.8665473331872492e+39  2.0811349620689348e+39 
  61705.52029176735   46371900142855.64   50927507080774.22    55386788763201.2   5464.640203627626   5595.199336371855   5735.475645553181  1.6114840080491632e+39  1.8559481268562585e+39    2.06934950583992e+39 
  61707.53395210256   46239455582632.35  50783137838545.484   55229824090797.17   5464.640203627626   5595.199336371855   5735.475645553181  1.6023006415940877e+39  1.8454240588252882e+39   2.057647344964526e+39 
 61709.547612437775  46107577969586.875   50639381755786.79   55073525605633.54   5464.640203627626   5595.199336371855   5735.475645553181   1.593182583675806e+39   1.834974490598396e+39   2.046027774085011e+39 
  61711.56127277298   45976264067598.27   50496235361778.64   54917889543846.86   5464.640203627626   5595.199336371855   5735.475645553181   1.584129277846502e+39  1.8245987898970405e+39  2.0344900948143562e+39 
  61713.57493310819   45845510660537.03  50353695209524.016   54762912170528.08   5464.640203627626   5595.199336371855   5735.475645553181  1.5751401731798383e+39  1.8142963307342335e+39  2.0230336157596023e+39 
   61715.5885934434   45715314556205.83   50211757876037.96   54608589771440.71   5464.640203627626   5595.199336371855   5735.475645553181   1.566214724296934e+39  1.8040664934702825e+39  2.0116576521709172e+39 
  61717.60225377861   45585672586448.05   50070419963666.73    54454918660662.0   5464.640203627626   5595.199336371855   5735.475645553181  1.5573523911220843e+39   1.793908664330247e+39  2.0003615259967393e+39 
  61719.61591411382  45456581604887.164  49929678100233.734   54301895179230.49   5464.640203627626   5595.199336371855   5735.475645553181    1.54855263889009e+39  1.7838222356718734e+39  1.9891445659180078e+39 
  61721.62957444903   45328032942563.23   49789520173123.07   54149503114466.02   5464.640203627626   5595.199336371855   5735.475645553181  1.5398143487412832e+39   1.773805867832541e+39  1.9780051289867674e+39 
  61723.64323478424  45200035841164.625   49649966553844.28   53997772798790.51   5464.640203627626   5595.199336371855   5735.475645553181  1.5311385765517042e+39  1.7638609408125883e+39   1.966945232848835e+39 
  61725.65689511945  45072581987297.836   49510994643765.17    53846673149133.8   5464.640203627626   5595.199336371855   5735.475645553181  1.5225235388318955e+39  1.7539852890671114e+39    1.95596199842017e+39 
  61727.67055545466    44945664910937.7   49372604236903.65    53696204899424.3   5464.640203627626   5595.199336371855   5735.475645553181  1.5139689086858972e+39   1.744178557031388e+39   1.945055170426003e+39 
 61729.684215789865   44819282792268.33   49234792980793.05    53546365805139.4   5464.640203627626   5595.199336371855   5735.475645553181  1.5054742361213788e+39  1.7344402403284977e+39   1.934224212135649e+39 
  61731.69787612508    44693433029895.9   49097557908477.61   53397152747404.16   5464.640203627626   5595.199336371855   5735.475645553181  1.4970390358087446e+39  1.7247697901900312e+39  1.9234685177305726e+39 
  61733.71153646029   44568112774934.48   48960895887851.64  53248562359459.625   5464.640203627626   5595.199336371855   5735.475645553181   1.488662814921432e+39  1.7151666471263033e+39   1.912787467677849e+39 
 61735.725196795494   44443319106471.94   48824803751111.58   53100591217146.47   5464.640203627626   5595.199336371855   5735.475645553181   1.480345081231319e+39   1.705630251963236e+39  1.9021804431457027e+39 
   61737.7388571307   44319049087033.31   48689278338019.35   52953235894721.61   5464.640203627626   5595.199336371855   5735.475645553181  1.4720853460503237e+39  1.6961600493072298e+39  1.8916468298201408e+39 
  61739.75251746592   44195299793234.74    48554316504970.2   52806492982053.34   5464.640203627626   5595.199336371855   5735.475645553181  1.4638831249960346e+39  1.6867554887055773e+39  1.8811860190643804e+39 
 61741.766177801124   44072068317508.38   48419915129929.89   52660359092368.32   5464.640203627626   5595.199336371855   5735.475645553181  1.4557379383097148e+39  1.6774160247560753e+39  1.8707974080296656e+39 
  61743.77983813633   43949351768840.68   48286071110490.75   52514830862860.38   5464.640203627626   5595.199336371855   5735.475645553181  1.4476493108635042e+39  1.6681411173390906e+39   1.860480399758938e+39 
  61745.79349847155   43827147277623.97    48152781365891.2   52369904949118.23   5464.640203627626   5595.199336371855   5735.475645553181  1.4396167721766605e+39  1.6589302316795747e+39  1.8502344028782588e+39 
 61747.807158806754    43705451994803.0  48020042837364.445    52225578031848.1   5464.640203627626   5595.199336371855   5735.475645553181  1.4316398562486747e+39  1.6497828379200405e+39  1.8400588317042313e+39 
  61749.82081914196  43584263090325.516    47887852488690.5   52081846815237.51   5464.640203627626   5595.199336371855   5735.475645553181  1.4237181015798718e+39    1.64069841141862e+39  1.8299531062371745e+39 
  61751.83447947717  43463577754116.695    47756207301413.1   51938708025915.22   5464.640203627626   5595.199336371855   5735.475645553181  1.4158510511235362e+39  1.6316764327208666e+39   1.819916652082986e+39 
 61753.848139812384    43343393195957.8   47625104278899.87   51796158412397.71   5464.640203627626   5595.199336371855   5735.475645553181  1.4080382522431125e+39  1.6227163870939167e+39  1.8099489003161203e+39 
  61755.86180014759   43223706644849.27  47494540446088.625   51654194745815.85   5464.640203627626   5595.199336371855   5735.475645553181  1.4002792569356432e+39  1.6138177649872977e+39  1.8000492873744923e+39 
   61757.8754604828  43104515349357.914   47364512847379.25  51512813819510.836   5464.640203627626   5595.199336371855   5735.475645553181  1.3925736210535164e+39   1.604980061525987e+39  1.7902172551491156e+39 
  61759.88912081801   42985816576575.53   47235018547839.92  51372012448700.336   5464.640203627626   5595.199336371855   5735.475645553181  1.3849209048766246e+39  1.5962027768247567e+39   1.780452250854975e+39 
  61761.90278115322   42867607613249.77   47106054632897.32   51231787471552.11   5464.640203627626   5595.199336371855   5735.475645553181   1.377320672958059e+39  1.5874854157843987e+39  1.7707537270318014e+39 
  61763.91644148843   42749885762880.25   46977618209492.56   51092135747061.26   5464.640203627626   5595.199336371855   5735.475645553181  1.3697724940517572e+39  1.5788274879632584e+39  1.7611211414587913e+39 
  61765.93010182364    42632648351434.3   46849706401136.78   50953054154730.94   5464.640203627626   5595.199336371855   5735.475645553181  1.3622759410458305e+39   1.570228507591382e+39  1.7515539569579215e+39 
 61767.943762158844    42515892717845.4   46722316352108.45   50814539595690.94   5464.640203627626   5595.199336371855   5735.475645553181  1.3548305908559853e+39   1.561687993552932e+39   1.742051641351655e+39 
  61769.95742249406   42399616223053.05  46595445226239.875   50676588990671.97   5464.640203627626   5595.199336371855   5735.475645553181  1.3474360244217625e+39  1.5532054693653502e+39   1.732613667617036e+39 
  61771.97108282927    42283816245946.7  46469090206918.555  50539199283095.336   5464.640203627626   5595.199336371855   5735.475645553181   1.340091826719521e+39  1.5447804629993835e+39  1.7232395137280464e+39 
 61773.984743164474   42168490181138.99   46343248496384.84   50402367438397.97   5464.640203627626   5595.199336371855   5735.475645553181  1.3327975866798099e+39  1.5364125069306785e+39  1.7139286626505818e+39 
  61775.99840349969   42053635442069.89  46217917315140.984   50266090439384.13   5464.640203627626   5595.199336371855   5735.475645553181  1.3255528971636208e+39  1.5281011381676875e+39  1.7046806021858026e+39 
 61778.012063834896  41939249460594.234   46093093903278.51   50130365289656.32   5464.640203627626   5595.199336371855   5735.475645553181  1.3183573549179575e+39   1.519845897949725e+39  1.6954948248831794e+39 
 61780.025724170104   41825329685640.52   45968775520700.35   49995189014143.18   5464.640203627626   5595.199336371855   5735.475645553181  1.3112105603988381e+39  1.5116463318888212e+39  1.6863708281314505e+39 
  61782.03938450531   41711873583526.63  45844959444470.445   49860558657844.33   5464.640203627626   5595.199336371855   5735.475645553181  1.3041121179280385e+39   1.503501990004412e+39  1.6773081140795472e+39 
 61784.053044840526   41598878638048.48   45721642969167.77   49726471284975.86   5464.640203627626   5595.199336371855   5735.475645553181  1.2970616355203347e+39   1.495412426371287e+39  1.6683061895413888e+39 
 61786.066705175734   41486342350319.42   45598823408860.04   49592923979750.21   5464.640203627626   5595.199336371855   5735.475645553181  1.2900587250601685e+39   1.487377199387931e+39   1.659364565902718e+39 
  61788.08036551094   41374262238132.58   45476498095437.14   49459913846009.44   5464.640203627626   5595.199336371855   5735.475645553181  1.2831030019118192e+39   1.479395871510165e+39   1.650482759132108e+39 
  61790.09402584615   41262635836322.73   45354664378432.39   49327438006984.44   5464.640203627626   5595.199336371855   5735.475645553181  1.2761940849943621e+39   1.471468009326036e+39  1.6416602897499877e+39 
  61792.10768618136   41151460696744.55   45233319625461.61  49195493605308.445   5464.640203627626   5595.199336371855   5735.475645553181  1.2693315969223221e+39   1.463593183562912e+39  1.6328966827495534e+39 
  61794.12134651657   41040734386264.33   45112461222792.19   49064077804417.53   5464.640203627626   5595.199336371855   5735.475645553181   1.262515163856885e+39    1.45577096892106e+39  1.6241914676760662e+39 
  61796.13500685178   40930454490557.28   44992086573465.59   48933187783618.88   5464.640203627626   5595.199336371855   5735.475645553181  1.2557444155300524e+39  1.4480009440131618e+39   1.615544178315956e+39 
  61798.14866718699    40820618609181.2   44872193096195.91  48802820742628.914   5464.640203627626   5595.199336371855   5735.475645553181  1.2490189850272208e+39  1.4402826914278826e+39  1.6069543527601965e+39 
   61800.1623275222    40711224358234.5   44752778228901.25   48672973898445.15   5464.640203627626   5595.199336371855   5735.475645553181   1.242338508909797e+39  1.4326157976742156e+39  1.5984215333867486e+39 
  61802.17598785741   40602269371489.05   44633839424925.31   48543644486941.44   5464.640203627626   5595.199336371855   5735.475645553181  1.2357026271309284e+39  1.4249998531052773e+39   1.589945266874137e+39 
 61804.189648192616   40493751297004.24   44515374156774.36   48414829764018.82   5464.640203627626   5595.199336371855   5735.475645553181  1.2291109830109207e+39  1.4174344518525937e+39   1.581525104099727e+39 
  61806.20330852783   40385667797930.47   44397379911169.83   48286527003222.61   5464.640203627626   5595.199336371855   5735.475645553181  1.2225632232171574e+39  1.4099191918646872e+39  1.5731606001895604e+39 
  61808.21696886304   40278016554292.93   44279854192738.99   48158733493666.56   5464.640203627626   5595.199336371855   5735.475645553181  1.2160589977172205e+39  1.4024536748415318e+39  1.5648513142134682e+39 
 61810.230629198246    40170795261744.9   44162794522768.91   48031446544102.64   5464.640203627626   5595.199336371855   5735.475645553181   1.209597959676682e+39   1.395037506074743e+39   1.556596809365223e+39 
  61812.24428953345   40064001630753.72    44046198440187.4    47904663481212.3   5464.640203627626   5595.199336371855   5735.475645553181  1.2031797655061195e+39  1.3876702945577703e+39   1.548396652884881e+39 
  61814.25794986867  39957633387379.484   43930063497811.42   47778381649321.92   5464.640203627626   5595.199336371855   5735.475645553181  1.1968040747704038e+39  1.3803516529746424e+39  1.5402504160163768e+39 
 61816.271610203876    39851688273091.4   43814387265260.03  47652598409755.836   5464.640203627626   5595.199336371855   5735.475645553181  1.1904705502303736e+39  1.3730811974053674e+39   1.532157673941737e+39 
  61818.28527053908    39746164043972.8   43699167328904.47  47527311141446.195   5464.640203627626   5595.199336371855   5735.475645553181  1.1841788578620014e+39   1.365858547627563e+39   1.524118005680953e+39 
   61820.2989308743   39641058471736.15   43584401290372.81  47402517240585.664   5464.640203627626   5595.199336371855   5735.475645553181  1.1779286664807185e+39  1.3586833267716344e+39  1.5161309941462054e+39 
 61822.312591209506  39536369341919.164   43470086767277.97   47278214120417.54   5464.640203627626   5595.199336371855   5735.475645553181   1.171719648049002e+39  1.3515551615312417e+39  1.5081962260778792e+39 
  61824.32625154471  39432094455774.836   43356221392910.09   47154399211556.03   5464.640203627626   5595.199336371855   5735.475645553181  1.1655514775826981e+39  1.3444736820329918e+39  1.5003132919980123e+39 
  61826.33991187992   39328231627257.98   43242802817503.61   47031069962153.82   5464.640203627626   5595.199336371855   5735.475645553181  1.1594238331092198e+39  1.3374385217511245e+39  1.4924817862659295e+39 
 61828.353572215136   39224778687955.31  43129828704692.336   46908223835027.44   5464.640203627626   5595.199336371855   5735.475645553181  1.1533363956004193e+39  1.3304493174926724e+39  1.4847013068082172e+39 
  61830.36723255034   39121733479630.69   43017296733304.42   46785858310812.88   5464.640203627626   5595.199336371855   5735.475645553181  1.1472888489288422e+39  1.3235057094068517e+39   1.476971455186853e+39 
  61832.38089288555    39019093860711.1   42905204598314.75   46663970884980.73   5464.640203627626   5595.199336371855   5735.475645553181  1.1412808798629346e+39  1.3166073409566138e+39  1.4692918366127275e+39 
  61834.39455322076   38916857703976.15   42793550008788.73   46542559070425.89   5464.640203627626   5595.199336371855   5735.475645553181  1.1353121780484208e+39  1.3097538588313393e+39  1.4616620599138256e+39 
  61836.40821355597  38815022894690.664    42682330690196.4  46421620397057.375   5464.640203627626   5595.199336371855   5735.475645553181  1.1293824359703788e+39  1.3029449129301093e+39  1.4540817374663117e+39 
  61838.42187389118   38713587332115.72   42571544380786.34   46301152410527.78   5464.640203627626   5595.199336371855   5735.475645553181  1.1234913489271374e+39  1.2961801563798125e+39  1.4465504852449785e+39 
  61840.43553422639    38612548930018.8   42461188834568.34   46181152670127.82   5464.640203627626   5595.199336371855   5735.475645553181  1.1176386150225383e+39  1.2894592454423724e+39  1.4390679225354198e+39 
   61842.4491945616   38511905615792.76   42351261820146.43   46061618752645.81   5464.640203627626   5595.199336371855   5735.475645553181  1.1118239350398012e+39  1.2827818394510486e+39  1.4316336721339066e+39 
  61844.46285489681   38411655330045.78   42241761121733.95    45942548250529.4   5464.640203627626   5595.199336371855   5735.475645553181  1.1060470125223276e+39  1.2761476008572571e+39   1.424247360250148e+39 
  61846.47651523202   38311796027033.11   42132684535810.47   45823938771854.47   5464.640203627626   5595.199336371855   5735.475645553181  1.1003075536685069e+39   1.269556195216751e+39  1.4169086164803964e+39 
 61848.490175567225  38212325674611.375   42024029873609.81  45705787939680.086   5464.640203627626   5595.199336371855   5735.475645553181  1.0946052674007447e+39  1.2630072909774658e+39  1.4096170737489254e+39 
  61850.50383590244  38113242253398.664   41915794961126.86    45588093392601.6   5464.640203627626   5595.199336371855   5735.475645553181    1.08893986530144e+39  1.2565005597027319e+39  1.4023723682475977e+39 
  61852.51749623765   38014543757966.97  41807977637861.266  45470852784429.016   5464.640203627626   5595.199336371855   5735.475645553181   1.083311061414191e+39  1.2500356757972948e+39  1.3951741394417527e+39 
 61854.531156572855  37916228194820.125   41700575757377.29  45354063784026.875   5464.640203627626   5595.199336371855   5735.475645553181  1.0777185724191899e+39  1.2436123166766141e+39  1.3880220300452257e+39 
  61856.54481690806   37818293584523.09   41593587187084.87  45237724075413.945   5464.640203627626   5595.199336371855   5735.475645553181  1.0721621175817266e+39  1.2372301626632025e+39  1.3809156859695793e+39 
  61858.55847724328   37720737958722.39   41487009809035.06   45121831358528.44   5464.640203627626   5595.199336371855   5735.475645553181  1.0666414187163696e+39  1.2308888969187016e+39  1.3738547563793487e+39 
 61860.572137578485   37623559364578.87   41380841517957.57   45006383345772.62   5464.640203627626   5595.199336371855   5735.475645553181   1.061156200123414e+39  1.2245882054182818e+39  1.3668388934608873e+39 
  61862.58579791369   37526755858410.51   41275080221104.66   44891377765696.35   5464.640203627626   5595.199336371855   5735.475645553181  1.0557061885619463e+39  1.2183277769698104e+39   1.359867752511383e+39 
  61864.59945824891  37430325510963.875    41169723840492.2  44776812359798.234   5464.640203627626   5595.199336371855   5735.475645553181  1.0502911132509298e+39  1.2121073031838673e+39  1.3529409918769584e+39 
 61866.613118584115  37334266405836.836   41064770310188.66   44662684884753.85   5464.640203627626   5595.199336371855   5735.475645553181   1.044910705834973e+39  1.2059264784154049e+39  1.3460582729862599e+39 
  61868.62677891932    37238576637717.5   40960217579117.61  44548993112565.234   5464.640203627626   5595.199336371855   5735.475645553181  1.0395647003676627e+39   1.199784999730011e+39  1.3392192602773366e+39 
  61870.64043925453   37143254313388.74   40856063607392.55   44435734828776.56   5464.640203627626   5595.199336371855   5735.475645553181  1.0342528332857502e+39   1.193682566916227e+39  1.3324236212199749e+39 
 61872.654099589745   37048297552497.47   40752306368895.82  44322907831841.625   5464.640203627626   5595.199336371855   5735.475645553181  1.0289748433857234e+39  1.1876188824647058e+39  1.3256710261513686e+39 
  61874.66775992495  36953704486847.234   40648943850479.58  44210509934698.125   5464.640203627626   5595.199336371855   5735.475645553181  1.0237304717868307e+39  1.1815936514208882e+39  1.3189611483325687e+39 
  61876.68142026016  36859473259780.055  40545974052299.695   44098538964516.26   5464.640203627626   5595.199336371855   5735.475645553181  1.0185194618840506e+39   1.175606581487173e+39  1.3122936639333387e+39 
  61878.69508059537   36765602026724.69   40443394986878.27   43986992762294.32   5464.640203627626   5595.199336371855   5735.475645553181    1.01334155937439e+39  1.1696573830306828e+39  1.3056682520013676e+39 
  61880.70874093058  36672088955036.805   40341204678263.42   43876093085441.16   5464.640203627626   5595.199336371855   5735.475645553181  1.0081965122180252e+39  1.1637457688381765e+39  1.2990845943990478e+39 
  61882.72240126579   36578932223553.83   40239401163923.71    43765658897247.3   5464.640203627626   5595.199336371855   5735.475645553181  1.0030840706712283e+39  1.1578714543470411e+39  1.2925423758122596e+39 
    61884.736061601  36486130023046.664   40137982493618.31   43655641070614.48   5464.640203627626   5595.199336371855   5735.475645553181    9.98003987089395e+38  1.1520341574291534e+39  1.2860412836502613e+39 
  61886.74972193621   36393680555306.69   40036946729192.16   43546037515857.12   5464.640203627626   5595.199336371855   5735.475645553181   9.929560160181317e+38  1.1462335984656521e+39   1.279581008101844e+39 
  61888.76338227142   36301582034240.15   39936291944901.44   43436846155040.95   5464.640203627626   5595.199336371855   5735.475645553181   9.879399142191774e+38  1.1404695003449652e+39  1.2731612420752123e+39 
  61890.77704260663   36209832683833.87   39836016227095.13   43328064923834.21   5464.640203627626   5595.199336371855   5735.475645553181   9.829554406071338e+38  1.1347415883751302e+39    1.26678168120003e+39 
 61892.790702941835  36118430740824.516   39736117675656.56  43219691770598.305   5464.640203627626   5595.199336371855   5735.475645553181   9.780023562409834e+38  1.1290495902218157e+39    1.26044202376195e+39 
  61894.80436327705   36027374451969.06   39636594399368.57   43111724657070.08   5464.640203627626   5595.199336371855   5735.475645553181   9.730804242267207e+38  1.1233932359738842e+39  1.2541419706719026e+39 
  61896.81802361226    35936662074637.8  39537444520526.375   43004161557629.65   5464.640203627626   5595.199336371855   5735.475645553181   9.681894097959054e+38  1.1177722580878673e+39  1.2478812253856054e+39 
 61898.831683947465   35846291878913.62   39438666172857.28   42897000458542.54   5464.640203627626   5595.199336371855   5735.475645553181   9.633290802148775e+38  1.1121863913821615e+39  1.2416594939975135e+39 
  61900.84534428267   35756262144702.01   39340257501909.62  42790239359650.266   5464.640203627626   5595.199336371855   5735.475645553181    9.58499204807062e+38  1.1066353729558273e+39  1.2354764851684813e+39 
  61902.85900461789   35666571161858.35   39242216664981.72   42683876274043.09   5464.640203627626   5595.199336371855   5735.475645553181   9.536995549218331e+38  1.1011189422195394e+39  1.2293319100987295e+39 
 61904.872664953094   35577217231893.64   39144541830009.36   42577909223825.06   5464.640203627626   5595.199336371855   5735.475645553181   9.489299038941587e+38  1.0956368408924169e+39  1.2232254825502716e+39 
   61906.8863252883   35488198667106.08   39047231176927.38   42472336245305.66   5464.640203627626   5595.199336371855   5735.475645553181   9.441900270883066e+38  1.0901888128919793e+39  1.2171569186527528e+39 
  61908.89998562351   35399513790211.81  38950282896989.875  42367155387040.055   5464.640203627626   5595.199336371855   5735.475645553181   9.394797017519366e+38  1.0847746043664526e+39  1.2111259370553688e+39 
 61910.913645958724    35311160934376.9   38853695193429.92  42262364709525.484   5464.640203627626   5595.199336371855   5735.475645553181   9.347987071242383e+38  1.0793939636907982e+39  1.2051322588431076e+39 
  61912.92730629393   35223138443251.78   38757466279474.63   42157962285252.55   5464.640203627626   5595.199336371855   5735.475645553181    9.30146824331229e+38  1.0740466414341873e+39  1.1991756075265825e+39 
  61914.94096662914  35135444671075.035   38661594379410.34   42053946198639.46   5464.640203627626   5595.199336371855   5735.475645553181   9.255238364733644e+38  1.0687323902581671e+39  1.1932557089884678e+39 
 61916.954626964354  35048077981863.305  38566077729072.086   41950314545956.29   5464.640203627626   5595.199336371855   5735.475645553181   9.209295284733233e+38  1.0634509650427855e+39  1.1873722914884431e+39 
  61918.96828729956   34961036750687.37   38470914574900.76   41847065435213.65   5464.640203627626   5595.199336371855   5735.475645553181    9.16363687101063e+38  1.0582021227057866e+39  1.1815250855946348e+39 
  61920.98194763477   34874319361575.96   38376103174205.42  41744196986771.586   5464.640203627626   5595.199336371855   5735.475645553181   9.118261009729547e+38  1.0529856223147812e+39  1.1757138242165052e+39 
  61922.99560796998  34787924209740.133  38281641795110.164   41641707331008.87   5464.640203627626   5595.199336371855   5735.475645553181   9.073165605604542e+38  1.0478012250236177e+39  1.1699382425582829e+39 
  61925.00926830519  34701849698885.773  38187528716570.266   41539594610412.08   5464.640203627626   5595.199336371855   5735.475645553181   9.028348581617077e+38   1.042648694032696e+39  1.1641980781315568e+39 
   61927.0229286404  34616094244678.234   38093762229060.33   41437856978781.79   5464.640203627626   5595.199336371855   5735.475645553181   8.983807878490135e+38  1.0375277945396474e+39  1.1584930706663719e+39 
  61929.03658897561  34530656270284.566   38000340631115.32   41336492601761.26   5464.640203627626   5595.199336371855   5735.475645553181   8.939541454597454e+38  1.0324382937844153e+39  1.1528229621259108e+39 
 61931.050249310814  34445534209542.094   37907262233304.33   41235499492482.79   5464.640203627626   5595.199336371855   5735.475645553181   8.895547286057455e+38  1.0273799610096626e+39  1.1471874966283951e+39 
  61933.06390964603   34360726506747.56   37814525356008.85   41134848127117.27   5464.640203627626   5595.199336371855   5735.475645553181    8.85182336624447e+38  1.0223525674435632e+39  1.1415864205170481e+39 
  61935.07756998124   34276231614849.21   37722128330322.44   41034564779699.33   5464.640203627626   5595.199336371855   5735.475645553181   8.808367705867691e+38  1.0173558862484697e+39  1.1360194823037806e+39 
 61937.091230316444  34192047995841.734   37630069497361.11    40934647659349.5   5464.640203627626   5595.199336371855   5735.475645553181    8.76517833274232e+38  1.0123896925375108e+39  1.1304864326484105e+39 
  61939.10489065165  34108174121882.574   37538347207857.91   40835094983847.33   5464.640203627626   5595.199336371855   5735.475645553181   8.722253291432398e+38  1.0074537633781547e+39  1.1249870243728656e+39 
  61941.11855098687   34024608474591.58   37446959823043.14   40735904983546.12   5464.640203627626   5595.199336371855   5735.475645553181   8.679590643698827e+38  1.0025478776835932e+39  1.1195210123043426e+39 
 61943.132211322074  33941349544736.438   37355905714122.36  40637075898532.555   5464.640203627626   5595.199336371855   5735.475645553181   8.637188467156355e+38   9.976718162640351e+38  1.1140881534017349e+39 
  61945.14587165728   33858395832334.03   37265183262747.89  40538605979999.805   5464.640203627626   5595.199336371855   5735.475645553181   8.595044856285381e+38   9.928253618125022e+38  1.1086882066830616e+39 
 61947.159531992496  33775745846629.902   37174790859707.41    40440493489766.4   5464.640203627626   5595.199336371855   5735.475645553181   8.553157921518616e+38   9.880082988717364e+38  1.1033209332202465e+39 
 61949.173192327704  33693398106149.527  37084726905252.734   40342736700160.91   5464.640203627626   5595.199336371855   5735.475645553181   8.511525790058107e+38   9.832204137579232e+38  1.0979860960863547e+39 
  61951.18685266291  33611351138108.594   36994989809881.95  40245333893946.734   5464.640203627626   5595.199336371855   5735.475645553181   8.470146604229158e+38   9.784614946656841e+38    1.09268346038596e+39 
  61953.20051299812  33529603479379.316   36905577993511.06   40148283364347.35   5464.640203627626   5595.199336371855   5735.475645553181   8.429018522341481e+38    9.73731331512244e+38  1.0874127931589841e+39 
 61955.214173333334  33448153674780.902   36816489885594.14   40051583415292.34   5464.640203627626   5595.199336371855   5735.475645553181   8.388139718129866e+38   9.690297160321276e+38   1.082173863434335e+39 
  61957.22783366854   33367000279011.44   36727723925153.35  39955232360070.875   5464.640203627626   5595.199336371855   5735.475645553181   8.347508381065323e+38   9.643564417283475e+38  1.0769664421855607e+39 
  61959.24149400375  33286141854212.453   36639278560566.79  39859228522012.836   5464.640203627626   5595.199336371855   5735.475645553181   8.307122716075371e+38   9.597113038446797e+38  1.0717903023306564e+39 
 61961.255154338956  33205576973014.438  36551152250866.875   39763570234904.34   5464.640203627626   5595.199336371855   5735.475645553181    8.26698094310246e+38    9.55094099303107e+38   1.066645218687933e+39 
  61963.26881467417   33125304214912.52   36463343461887.58  39668255842482.945   5464.640203627626   5595.199336371855   5735.475645553181    8.22708129702445e+38   9.505046267632431e+38  1.0615309679572478e+39 
  61965.28247500938    33045322168448.2   36375850669972.95   39573283698735.16   5464.640203627626   5595.199336371855   5735.475645553181   8.187422027802559e+38   9.459426865774376e+38   1.056447328675265e+39 
 61967.296135344586  32965629431721.766   36288672360447.14  39478652167079.836   5464.640203627626   5595.199336371855   5735.475645553181   8.148001399953638e+38   9.414080807856482e+38  1.0513940812490513e+39 
   61969.3097956798  32886224610400.684  36201807027635.766  39384359620660.016   5464.640203627626   5595.199336371855   5735.475645553181   8.108817692700708e+38   9.369006130648146e+38  1.0463710079325493e+39 
  61971.32345601501   32807106317987.43   36115253175417.41   39290404443246.23   5464.640203627626   5595.199336371855   5735.475645553181   8.069869199765077e+38   9.324200887452903e+38  1.0413778927969871e+39 
 61973.337116350216  32728273177022.793   36029009315553.67  39196785026905.445   5464.640203627626   5595.199336371855   5735.475645553181   8.031154229065569e+38   9.279663148039771e+38  1.0364145217513105e+39 
  61975.35077668542  32649723818387.586    35943073969295.2  39103499773789.266   5464.640203627626   5595.199336371855   5735.475645553181   7.992671102962196e+38   9.235390998146806e+38  1.0314791366870693e+39 
  61977.36443702064   32571456881128.63   35857445666701.18  39010547095434.375   5464.640203627626   5595.199336371855   5735.475645553181   7.954418157644596e+38   9.191382539310609e+38  1.0265717396237491e+39 
 61979.378097355846  32493471012369.184  35772122946763.625   38917925412729.42   5464.640203627626   5595.199336371855   5735.475645553181   7.916393743143703e+38    9.14763588898646e+38   1.021693488335291e+39 
  61981.39175769105   32415764867404.35   35687104357354.06   38825633156131.13   5464.640203627626   5595.199336371855   5735.475645553181   7.878596223376282e+38   9.104149180758804e+38  1.0168441753781725e+39 
  61983.40541802626   32338337109708.83   35602388454126.96   38733668765391.35   5464.640203627626   5595.199336371855   5735.475645553181   7.841023976135076e+38   9.060920562839279e+38  1.0120235950257913e+39 
 61985.419078361476   32261186410513.25   35517973801710.42   38642030689488.01   5464.640203627626   5595.199336371855   5735.475645553181   7.803675392390831e+38   9.017948199480693e+38     1.0072315432758e+39 
  61987.43273869668  32184311449388.773   35433858973391.44   38550717386610.94   5464.640203627626   5595.199336371855   5735.475645553181   7.766548876671073e+38   8.975230269790429e+38  1.0024678177935743e+39 
  61989.44639903189   32107710913235.11   35350042550673.72   38459727324035.42   5464.640203627626   5595.199336371855   5735.475645553181   7.729642846353942e+38   8.932764967973674e+38   9.977322178957639e+38 
 61991.460059367106  32031383497399.152   35266523123592.03  38369058978842.766   5464.640203627626   5595.199336371855   5735.475645553181   7.692955732271719e+38     8.8905505034591e+38   9.930245445773325e+38 
  61993.47371970231  31955327904189.242  35183299290482.395   38278710835356.62   5464.640203627626   5595.199336371855   5735.475645553181   7.656485978325242e+38   8.848585100378544e+38   9.883446004736008e+38 
  61995.48738003752   31879542844221.13   35100369658370.58   38188681387735.44   5464.640203627626   5595.199336371855   5735.475645553181   7.620232041394348e+38   8.806866997353507e+38   9.836921898625199e+38 
  61997.50104037273   31804027035911.03  35017732842438.586  38098969138957.086   5464.640203627626   5595.199336371855   5735.475645553181   7.584192390824353e+38   8.765394447503101e+38   9.790671186132282e+38 
  61999.51470070794  31728779204148.812  34935387464891.316  38009572600783.695   5464.640203627626   5595.199336371855   5735.475645553181   7.548365508815338e+38   8.724165718413266e+38    9.74469194203071e+38 
  62001.52836104315   31653798082479.78  34853332157064.094  37920490294169.805   5464.640203627626   5595.199336371855   5735.475645553181   7.512749890059541e+38   8.683179091980773e+38   9.698982256517537e+38 
  62003.54202137836   31579082411796.02  34771565557752.336    37831720747793.8   5464.640203627626   5595.199336371855   5735.475645553181   7.477344041616542e+38    8.64243286419495e+38   9.653540235627233e+38 
 62005.555681713566   31504630939855.59   34690086314340.14   37743262499550.15   5464.640203627626   5595.199336371855   5735.475645553181   7.442146482906525e+38   8.601925344946413e+38   9.608364000965402e+38 
  62007.56934204878  31430442421822.125  34608893081717.617   37655114096363.42   5464.640203627626   5595.199336371855   5735.475645553181   7.407155745490876e+38    8.56165485803259e+38   9.563451689503946e+38 
  62009.58300238399  31356515620512.715  34527984522442.875   37567274092301.29   5464.640203627626   5595.199336371855   5735.475645553181   7.372370372966379e+38    8.52161974123638e+38   9.518801453627046e+38 
 62011.596662719196  31282849306079.996  34447359307174.414   37479741050807.96   5464.640203627626   5595.199336371855   5735.475645553181   7.337788921168922e+38   8.481818345464273e+38   9.474411460370897e+38 
  62013.61032305441  31209442255763.117  34367016114328.234  37392513543026.375   5464.640203627626   5595.199336371855   5735.475645553181   7.303409957305545e+38   8.442249035269356e+38   9.430279891949229e+38 
  62015.62398338962  31136293254020.773   34286953630243.43   37305590148741.35   5464.640203627626   5595.199336371855   5735.475645553181   7.269232060573903e+38   8.402910188639613e+38   9.386404945311074e+38 
 62017.637643724825   31063401092470.14  34207170548883.227   37218969456024.21   5464.640203627626   5595.199336371855   5735.475645553181   7.235253821662353e+38   8.363800196871529e+38   9.342784832126429e+38 
  62019.65130406003   30990764569887.76  34127665571207.992   37132650061133.33   5464.640203627626   5595.199336371855   5735.475645553181   7.201473843279505e+38   8.324917463850587e+38   9.299417778534922e+38 
  62021.66496439525  30918382491860.387  34048437406123.668   37046630568453.66   5464.640203627626   5595.199336371855   5735.475645553181    7.16789073865295e+38   8.286260407039093e+38   9.256302025259938e+38 
 62023.678624730455  30846253671470.953   33969484770035.62  36960909590483.586   5464.640203627626   5595.199336371855   5735.475645553181    7.13450313294893e+38   8.247827456187027e+38   9.213435827084282e+38 
  62025.69228506566  30774376927920.504  33890806386682.746   36875485747737.91   5464.640203627626   5595.199336371855   5735.475645553181   7.101309662037653e+38   8.209617054022385e+38   9.170817452754102e+38 
  62027.70594540087   30702751088191.91  33812400987283.227   36790357669346.68   5464.640203627626   5595.199336371855   5735.475645553181    7.06830897315603e+38   8.171627656070401e+38   9.128445185184812e+38 
 62029.719605736085   30631374985060.81   33734267310362.63   36705523990858.06   5464.640203627626   5595.199336371855   5735.475645553181    7.03549972460214e+38   8.133857730241683e+38   9.086317321155464e+38 
  62031.73326607129  30560247459096.332   33656404102152.26    36620983356471.7   5464.640203627626   5595.199336371855   5735.475645553181    7.00288058548432e+38     8.0963057566455e+38    9.04443217133313e+38 
   62033.7469264065   30489367357063.36  33578810115943.414   36536734418167.41   5464.640203627626   5595.199336371855   5735.475645553181   6.970450235593116e+38    8.05897022772381e+38   9.002788059794835e+38 
 62035.760586741715  30418733531986.062   33501484111339.09   36452775835685.56   5464.640203627626   5595.199336371855   5735.475645553181   6.938207365522393e+38   8.021849648116482e+38   8.961383324240982e+38 
  62037.77424707692  30348344844419.473   33424424855957.22   36369106276817.84   5464.640203627626   5595.199336371855   5735.475645553181    6.90615067641239e+38   7.984942534558007e+38   8.920216315477356e+38 
  62039.78790741213   30278200161170.26   33347631123979.77   36285724416228.96   5464.640203627626   5595.199336371855   5735.475645553181   6.874278879865445e+38   7.948247415681878e+38   8.879285397621993e+38 
  62041.80156774734  30208298355200.586   33271101697176.11   36202628936691.43   5464.640203627626   5595.199336371855   5735.475645553181   6.842590697927006e+38   7.911762831896495e+38   8.838588947986245e+38 
  62043.81522808255   30138638306076.63  33194835363943.492  36119818528800.984   5464.640203627626   5595.199336371855   5735.475645553181   6.811084862890266e+38   7.875487335362804e+38   8.798125356880336e+38 
  62045.82888841776  30069218900043.516  33118830919423.133   36037291889881.59   5464.640203627626   5595.199336371855   5735.475645553181   6.779760117245439e+38   7.839419490064603e+38   8.757893027674895e+38 
  62047.84254875297  30000039029812.367   33043087165909.71   35955047725109.76   5464.640203627626   5595.199336371855   5735.475645553181   6.748615213797203e+38   7.803557871104182e+38   8.717890376132728e+38 
 62049.856209088175   29931097594347.94   32967602912537.66   35873084746652.92   5464.640203627626   5595.199336371855   5735.475645553181   6.717648915037961e+38   7.767901065125794e+38   8.678115830850213e+38 
  62051.86986942339  29862393498977.062  32892376975339.984   35791401674232.22   5464.640203627626   5595.199336371855   5735.475645553181   6.686859993517666e+38   7.732447670107186e+38   8.638567832927435e+38 
   62053.8835297586  29793925655334.883  32817408177302.594   35709997234910.43   5464.640203627626   5595.199336371855   5735.475645553181   6.656247231586225e+38   7.697196295401224e+38   8.599244835904372e+38 
 62055.897190093805  29725692981369.996  32742695347474.664    35628870162980.5   5464.640203627626   5595.199336371855   5735.475645553181  6.6258094217172454e+38   7.662145560914778e+38   8.560145305603538e+38 
  62057.91085042902    29657694401035.5  32668237321837.016    35548019199914.9   5464.640203627626   5595.199336371855   5735.475645553181   6.595545365255792e+38   7.627294098045298e+38   8.521267720074566e+38 
  62059.92451076423   29589928844896.32  32594032943097.977   35467443094324.54   5464.640203627626   5595.199336371855   5735.475645553181   6.565453873760629e+38   7.592640548719982e+38    8.48261056962694e+38 
 62061.938171099435  29522395248923.816  32520081060390.633   35387140601941.97   5464.640203627626   5595.199336371855   5735.475645553181   6.535533767792953e+38   7.558183565744143e+38   8.444172356060136e+38 
  62063.95183143464    29455092555941.2  32446380529462.406   35307110485910.87   5464.640203627626   5595.199336371855   5735.475645553181   6.505783877520109e+38   7.523921812772507e+38    8.40595159329963e+38 
  62065.96549176986   29388018470802.33  32372924504812.055   35227345458055.38   5464.640203627626   5595.199336371855   5735.475645553181   6.476202158688645e+38   7.489851660381466e+38   8.367944525566106e+38 
 62067.979152105065  29321174147729.492   32299727749737.89  35147861284766.637   5464.640203627626   5595.199336371855   5735.475645553181   6.446789906488487e+38   7.455978135181818e+38   8.330156133226827e+38 
  62069.99281244027  29254558998710.027  32226775436528.938   35068641890684.18   5464.640203627626   5595.199336371855   5735.475645553181   6.417543894121889e+38   7.422294587527523e+38   8.292579253569646e+38 
  62072.00647277548   29188169760522.74  32154069208057.547  34989689232065.406   5464.640203627626   5595.199336371855   5735.475645553181   6.388463390163742e+38   7.388800705925914e+38    8.25521372562092e+38 
 62074.020133110695  29122006006128.703  32081608543542.188  34911002716962.527   5464.640203627626   5595.199336371855   5735.475645553181   6.359547362623733e+38   7.355495449488189e+38   8.218058344449185e+38 
   62076.0337934459  29056066875808.633   32009392464629.17  34832581269328.793   5464.640203627626   5595.199336371855   5735.475645553181   6.330794717789023e+38   7.322377603661729e+38   8.181111732191012e+38 
  62078.04745378111  28990351395787.117  31937419898857.695   34754423723509.87   5464.640203627626   5595.199336371855   5735.475645553181   6.302204354222917e+38   7.289445918974259e+38   8.144372489835904e+38 
 62080.061114116324  28924858566616.387   31865689759045.15  34676528901844.406   5464.640203627626   5595.199336371855   5735.475645553181   6.273775175465261e+38   7.256699144727741e+38   8.107839223731515e+38 
  62082.07477445153  28859587386567.855    31794200958537.9   34598895629542.15   5464.640203627626   5595.199336371855   5735.475645553181   6.245506092689407e+38   7.224136037409735e+38    8.07151055016861e+38 
  62084.08843478674  28794536857299.434  31722952416204.758  34521522736911.645   5464.640203627626   5595.199336371855   5735.475645553181   6.217396025549637e+38   7.191755362530862e+38   8.035385096008234e+38 
  62086.10209512195   28729705985483.87  31651943056740.547   34444409061087.51   5464.640203627626   5595.199336371855   5735.475645553181   6.189443902179265e+38   7.159555894971409e+38   7.999461498725326e+38 
  62088.11575545716  28665093783182.258   31581171810796.68  34367553445359.293   5464.640203627626   5595.199336371855   5735.475645553181  6.1616486588705796e+38   7.127536419242162e+38   7.963738406531038e+38 
  62090.12941579237  28600699268005.426  31510637615211.844   34290954739681.37   5464.640203627626   5595.199336371855   5735.475645553181   6.134009240499632e+38   7.095695729599413e+38   7.928214478152037e+38 
  62092.14307612758  28536521463133.633  31440339412573.832  34214611800406.875   5464.640203627626   5595.199336371855   5735.475645553181   6.106524600245081e+38   7.064032629317193e+38    7.89288838280979e+38 
 62094.156736462784  28472559397117.414   31370276151056.35   34138523490246.14   5464.640203627626   5595.199336371855   5735.475645553181   6.079193699276223e+38   7.032545931139933e+38   7.857758800042442e+38 
    62096.170396798   28408812104121.35   31300446784995.22  34062688678222.137   5464.640203627626   5595.199336371855   5735.475645553181   6.052015506896577e+38    7.00123445717385e+38   7.822824419774756e+38 
  62098.18405713321   28345278623576.02  31230850274462.113  33987106239650.234   5464.640203627626   5595.199336371855   5735.475645553181   6.024989000604484e+38   6.970097038456779e+38   7.788083942076932e+38 
 62100.197717468414  28281958000281.504  31161485585301.688   33911775056095.92   5464.640203627626   5595.199336371855   5735.475645553181   5.998113165648767e+38   6.939132515276356e+38   7.753536076881159e+38 
  62102.21137780362  28218849284502.035  31092351689138.473   33836694015733.86   5464.640203627626   5595.199336371855   5735.475645553181   5.971386995339806e+38    6.90833973697886e+38   7.719179544283595e+38 
  62104.22503813884  28155951531378.496  31023447563273.266  33761862011994.562   5464.640203627626   5595.199336371855   5735.475645553181   5.944809490924476e+38   6.877717561863995e+38   7.685013074291434e+38 
 62106.238698474044   28093263802093.27  30954772190919.168   33687277944763.86   5464.640203627626   5595.199336371855   5735.475645553181  5.9183796612298286e+38    6.84726485683139e+38   7.651035406833031e+38 
  62108.25235880925   28030785162260.91  30886324561011.695  33612940720075.906   5464.640203627626   5595.199336371855   5735.475645553181  5.8920965228576405e+38   6.816980497681045e+38    7.61724529142387e+38 
  62110.26601914447   27968514682770.17   30818103667149.89  33538849249996.074   5464.640203627626   5595.199336371855   5735.475645553181   5.865959100069639e+38  6.7868633689163165e+38   7.583641487325701e+38 
 62112.279679479674   27906451440265.22   30750108509248.21  33465002452868.793   5464.640203627626   5595.199336371855   5735.475645553181   5.839966424676357e+38   6.756912363683547e+38   7.550222763327113e+38 
  62114.29333981488   27844594516087.91    30682338092387.2  33391399252409.305   5464.640203627626   5595.199336371855   5735.475645553181  5.8141175359613485e+38   6.727126383655002e+38   7.516987897565308e+38 
  62116.30700015009  27782942996481.973   30614791427404.81  33318038578582.996   5464.640203627626   5595.199336371855   5735.475645553181   5.788411480681062e+38   6.697504338932606e+38     7.4839356776978e+38 
 62118.320660485304  27721495972829.266   30547467530576.97    33244919367257.0   5464.640203627626   5595.199336371855   5735.475645553181   5.762847312912654e+38    6.66804514803341e+38   7.451064900698204e+38 
  62120.33432082051   27660252541679.48  30480365423166.305  33172040560331.477   5464.640203627626   5595.199336371855   5735.475645553181   5.737424094046628e+38   6.638747737906173e+38   7.418374372858324e+38 
  62122.34798115572   27599211804595.81  30413484132098.992   33099401104931.92   5464.640203627626   5595.199336371855   5735.475645553181  5.7121408927888206e+38  6.6096110435792766e+38   7.385862909505249e+38 
  62124.36164149093   27538372868040.65  30346822689633.258  33026999954184.215   5464.640203627626   5595.199336371855   5735.475645553181   5.686996784970105e+38   6.580634008255173e+38   7.353529335014236e+38 
  62126.37530182614  27477734843403.992  30280380133320.953   32954836066804.63   5464.640203627626   5595.199336371855   5735.475645553181  5.6619908534071976e+38   6.551815583254348e+38   7.321372482821998e+38 
  62128.38896216135   27417296846977.24   30214155506162.11   32882908407348.07   5464.640203627626   5595.199336371855   5735.475645553181  5.6371221881133724e+38   6.523154728164589e+38   7.289391195255222e+38 
  62130.40262249656  27357057999981.188   30148147856244.78  32811215946011.484   5464.640203627626   5595.199336371855   5735.475645553181   5.612389886218005e+38   6.494650410123932e+38   7.257584323505525e+38 
 62132.416282831764   27297017428326.59  30082356236590.047   32739757658594.85   5464.640203627626   5595.199336371855   5735.475645553181   5.587793051361469e+38   6.466301604364853e+38   7.225950727491151e+38 
  62134.42994316698  27237174262957.895  30016779705629.594   32668532526467.68   5464.640203627626   5595.199336371855   5735.475645553181   5.563330794291094e+38  6.4381072939691326e+38   7.194489275874789e+38 
 62136.443603502186    27177527639313.6   29951417326859.71  32597539536543.156   5464.640203627626   5595.199336371855   5735.475645553181   5.539002232591688e+38   6.410066469605205e+38   7.163198846014093e+38 
 62138.457263837394   27118076697730.96  29886268168872.363   32526777681262.43   5464.640203627626   5595.199336371855   5735.475645553181  5.5148064904030045e+38   6.382178129754185e+38    7.13207832349034e+38 
  62140.47092417261  27058820583202.754  29821331305350.938  32456245958792.945   5464.640203627626   5595.199336371855   5735.475645553181  5.4907426986815545e+38   6.354441280550576e+38   7.101126602523832e+38 
 62142.484584507816   26999758445152.18   29756605814992.97   32385943372232.26   5464.640203627626   5595.199336371855   5735.475645553181   5.466809995090078e+38   6.326854935710873e+38    7.07034258572326e+38 
 62144.498244843024   26940889438245.04  29692090781645.242  32315868930081.215   5464.640203627626   5595.199336371855   5735.475645553181  5.4430075236882984e+38  6.2994181162274675e+38   7.039725184077937e+38 
  62146.51190517823    26882212721094.0  29627785294325.992  32246003073886.164   5464.640203627626   5595.199336371855   5735.475645553181   5.419334435134832e+38   6.272129850618972e+38   7.009273316711922e+38 
 62148.525565513446   26823727456958.46   29563688446147.93  32176297270144.332   5464.640203627626   5595.199336371855   5735.475645553181  5.3957898865512315e+38  6.2449891747721695e+38   6.978985910993693e+38 
  62150.53922584865   26765432814143.11  29499799335690.434  32106817216083.793   5464.640203627626   5595.199336371855   5735.475645553181   5.372373041459812e+38  6.2179951318863725e+38   6.948861902384805e+38 
  62152.55288618386  26707327965139.863  29436117066208.695  32037561937764.594   5464.640203627626   5595.199336371855   5735.475645553181   5.349083069694684e+38   6.191146772389484e+38   6.918900234245886e+38 
  62154.56654651907  26649412086760.523  29372640745890.055   31968530466761.29   5464.640203627626   5595.199336371855   5735.475645553181   5.325919147417537e+38  6.1644431538407114e+38    6.88909985798442e+38 
  62156.58020685428   26591684360317.99  29309369487988.465   31899721840048.06   5464.640203627626   5595.199336371855   5735.475645553181  5.3028804569894355e+38  6.1378833409273946e+38   6.859459732913296e+38 
  62158.59386718949   26534143971696.73  29246302409913.637  31831135099602.324   5464.640203627626   5595.199336371855   5735.475645553181   5.279966186962223e+38   6.111466405447803e+38   6.829978826210314e+38 
   62160.6075275247    26476790111199.9  29183438634163.047   31762769292623.34   5464.640203627626   5595.199336371855   5735.475645553181  5.2571755320410486e+38   6.085191426141222e+38   6.800656112813357e+38 
  62162.62118785991    26419621973478.1  29120777287942.992  31694623471517.613   5464.640203627626   5595.199336371855   5735.475645553181   5.234507693085635e+38  6.0590574885719635e+38   6.771490575225325e+38 
  62164.63484819512   26362638757509.05   29058317503137.08  31626696693219.625   5464.640203627626   5595.199336371855   5735.475645553181  5.2119618767466276e+38    6.03306368523467e+38   6.742481203664334e+38 
  62166.64850853033   26305839666605.71  28996058416327.668  31558988020105.297   5464.640203627626   5595.199336371855   5735.475645553181  5.1895372958281175e+38  6.0072091155671305e+38   6.713626995899667e+38 
 62168.662168865536  26249223908415.406  28933999168873.414   31491496519558.19   5464.640203627626   5595.199336371855   5735.475645553181  5.1672331691293205e+38  5.9814928855764115e+38   6.684926957202411e+38 
  62170.67582920075  26192790694771.316  28872138906322.383  31424221263939.887   5464.640203627626   5595.199336371855   5735.475645553181   5.145048721066318e+38    5.95591410791797e+38  6.6563801002655226e+38 
  62172.68948953596   26136539241850.77  28810476778935.195   31357161330562.76   5464.640203627626   5595.199336371855   5735.475645553181   5.122983181911404e+38   5.930471902095626e+38   6.627985445150714e+38 
 62174.703149871166  26080468769997.023  28749011941571.855  31290315801653.664   5464.640203627626   5595.199336371855   5735.475645553181  5.1010357879438885e+38  5.9051653939269026e+38   6.599742019339481e+38 
  62176.71681020637  26024578503585.438   28687743553527.07   31223683764332.41   5464.640203627626   5595.199336371855   5735.475645553181  5.0792057808458204e+38   5.879993715876821e+38  6.5716488574036364e+38 
  62178.73047054159  25968867671502.316  28626670778618.246   31157264310637.95   5464.640203627626   5595.199336371855   5735.475645553181   5.057492408115444e+38   5.854956006932389e+38   6.543705001064228e+38 
 62180.744130876796  25913335506188.684  28565792785103.906  31091056537508.562   5464.640203627626   5595.199336371855   5735.475645553181   5.035894922934326e+38   5.830051412462966e+38   6.515909499236911e+38 
    62182.757791212  25857981244703.586   28505108745654.03  31025059546280.504   5464.640203627626   5595.199336371855   5735.475645553181  5.0144125839650435e+38   5.805279084168434e+38   6.488261407912876e+38 
  62184.77145154722   25802804128106.91  28444617837698.836  30959272443295.195   5464.640203627626   5595.199336371855   5735.475645553181   4.993044655414644e+38   5.780638179970686e+38  6.4607597901181916e+38 
 62186.785111882426  25747803401027.223   28384319242556.53  30893694339614.027   5464.640203627626   5595.199336371855   5735.475645553181   4.971790406987771e+38   5.756127864106948e+38   6.433403715731663e+38 
  62188.79877221763   25692978312529.01  28324212145739.434  30828324351124.207   5464.640203627626   5595.199336371855   5735.475645553181   4.950649113836925e+38   5.731747307016492e+38   6.406192261569744e+38 
  62190.81243255284   25638328115861.06    28264295737433.2   30763161598444.15   5464.640203627626   5595.199336371855   5735.475645553181  4.9296200564727165e+38  5.7074956853021365e+38   6.379124511287034e+38 
 62192.826092888055  25583852067845.184   28204569211825.79  30698205206355.938   5464.640203627626   5595.199336371855   5735.475645553181  4.9087025207588685e+38   5.683372181617286e+38   6.352199555183734e+38 
  62194.83975322326  25529549429142.547  28145031767713.164  30633454304667.402   5464.640203627626   5595.199336371855   5735.475645553181   4.887895797854918e+38   5.659375984665635e+38   6.325416490359161e+38 
  62196.85341355847   25475419464565.72  28085682607861.266  30568903872132.156   5464.640203627626   5595.199336371855   5735.475645553181   4.867199184157998e+38   5.635506289144035e+38    6.29877442056331e+38 
  62198.86707389368   25421461442827.21  28026520939123.906   30504484909295.16   5464.640203627626   5595.199336371855   5735.475645553181   4.846611981281199e+38   5.611762295790435e+38   6.272272456209005e+38 
  62200.88073422889  25367674636529.457  27967545972687.293  30440269335389.414   5464.640203627626   5595.199336371855   5735.475645553181  4.8261334960555835e+38   5.588143211041959e+38   6.245909714158387e+38 
   62202.8943945641    25314058322061.8   27908756923879.89   30376256295136.11   5464.640203627626   5595.199336371855   5735.475645553181   4.805763040380633e+38     5.5646482472539e+38   6.219731863407939e+38 
  62204.90805489931  25260611779662.867  27850153012149.688  30312444937652.316   5464.640203627626   5595.199336371855   5735.475645553181  4.7854999311646884e+38   5.541276622557966e+38  6.1936930476111925e+38 
  62206.92171523452   25207334293371.89  27791733461106.926  30248834416707.105   5464.640203627626   5595.199336371855   5735.475645553181   4.765343490483268e+38    5.51802756099564e+38  6.1677903465588994e+38 
  62208.93537556973  25154225151038.547  27733497498479.156   30185423890510.45   5464.640203627626   5595.199336371855   5735.475645553181   4.745293045420048e+38    5.49490029200521e+38  6.1420229073785786e+38 
  62210.94903590494  25101283644167.996  27675444355755.258   30122212521673.14   5464.640203627626   5595.199336371855   5735.475645553181   4.725347927735977e+38   5.471894050816209e+38   6.116389883411175e+38 
 62212.962696240145   25048509068199.21  27617573268584.215   30059199477189.73   5464.640203627626   5595.199336371855   5735.475645553181   4.705507474292165e+38  5.4490080782970175e+38   6.090890434179261e+38 
  62214.97635657536  24995900722004.418   27559883476619.72  29996383928401.293   5464.640203627626   5595.199336371855   5735.475645553181   4.685771026901437e+38   5.426241620730612e+38   6.065523725332269e+38 
  62216.99001691057   24943457908310.87  27502374223458.387  29933765050975.887   5464.640203627626   5595.199336371855   5735.475645553181   4.666137931974392e+38   5.403593929988313e+38   6.040288928598988e+38 
 62219.003677245775   24891179933478.41   27445044756663.91  29871342024934.152   5464.640203627626   5595.199336371855   5735.475645553181  4.6466075408342765e+38  5.3810642634522386e+38   6.015185221822712e+38 
  62221.01733758098  24839066107272.566  27387894327714.617  29809114034482.867   5464.640203627626   5595.199336371855   5735.475645553181   4.627179209593509e+38   5.358651883889034e+38  5.9902117886650124e+38 
   62223.0309979162  24787115743491.863   27330922191987.42  29747080268051.406   5464.640203627626   5595.199336371855   5735.475645553181   4.607852298964978e+38   5.336356059381924e+38    5.96536781872963e+38 
 62225.044658251405  24735328159225.664  27274127609019.453   29685239918329.38   5464.640203627626   5595.199336371855   5735.475645553181  4.5886261743832966e+38   5.314176063318243e+38   5.940652507569832e+38 
  62227.05831858661  24683702674961.234  27217509841809.906   29623592182368.38   5464.640203627626   5595.199336371855   5735.475645553181   4.569500205908092e+38   5.292111174403186e+38  5.9160650564893534e+38 
  62229.07197892183  24632238615057.223  27161068157047.055  29562136261197.332   5464.640203627626   5595.199336371855   5735.475645553181  4.5504737682009875e+38  5.2701606765826165e+38   5.891604672604583e+38 
 62231.085639257035   24580935307430.58  27104801825523.938  29500871360069.164   5464.640203627626   5595.199336371855   5735.475645553181   4.531546240450385e+38    5.24832385901359e+38   5.867270568751699e+38 
  62233.09929959224    24529792083216.2  27048710121585.883  29439796688126.027   5464.640203627626   5595.199336371855   5735.475645553181  4.5127170063704654e+38  5.2266000159659424e+38   5.843061963462773e+38 
  62235.11295992745  24478808276967.902   26992792323624.04  29378911458953.836   5464.640203627626   5595.199336371855   5735.475645553181   4.493985454144184e+38  5.2049884468284266e+38   5.818978080906704e+38 
 62237.126620262665  24427983226868.832  26937047713551.016   29318214889791.41   5464.640203627626   5595.199336371855   5735.475645553181   4.475350976388385e+38  5.1834884560573875e+38  5.7950181508749305e+38 
  62239.14028059787  24377316274535.594    26881475576866.0  29257706202006.844   5464.640203627626   5595.199336371855   5735.475645553181  4.4568129701271165e+38   5.162099353215075e+38  5.7711814087631695e+38 
  62241.15394093308   24326806765015.03   26826075202895.76  29197384621311.387   5464.640203627626   5595.199336371855   5735.475645553181    4.43837083678498e+38   5.140820452694436e+38   5.747467095279452e+38 
  62243.16760126829   24276454046697.43  26770845884621.562  29137249377159.434   5464.640203627626   5595.199336371855   5735.475645553181  4.4200239821046604e+38    5.11965107388717e+38   5.723874456632763e+38 
   62245.1812616035  24226257471363.375   26715786918660.54  29077299702775.547   5464.640203627626   5595.199336371855   5735.475645553181  4.4017718160303646e+38    5.09859054107542e+38   5.700402744482346e+38 
  62247.19492193871  24176216394145.113  26660897605252.992  29017534835525.746   5464.640203627626   5595.199336371855   5735.475645553181   4.383613752905064e+38   5.077638183541609e+38   5.677051215852315e+38 
  62249.20858227392    24126330173535.6  26606177248398.855   28957954016700.12   5464.640203627626   5595.199336371855   5735.475645553181  4.3655492112832644e+38   5.056793335161996e+38   5.653819133091772e+38 
  62251.22224260913  24076598171256.086   26551625155337.51   28898556491469.46   5464.640203627626   5595.199336371855   5735.475645553181   4.347577613698017e+38   5.036055334667584e+38   5.630705763817309e+38 
  62253.23590294434  24027019752479.176  26497240636962.652  28839341508877.824   5464.640203627626   5595.199336371855   5735.475645553181  4.3296983869751676e+38   5.015423525622358e+38  5.6077103808816246e+38 
  62255.24956327955   23977594285452.38  26443023007743.555  28780308321805.418   5464.640203627626   5595.199336371855   5735.475645553181  4.3119109621736405e+38   4.994897256135952e+38   5.584832262327157e+38 
 62257.263223614755  23928321141743.875  26388971585611.188   28721456186952.57   5464.640203627626   5595.199336371855   5735.475645553181  4.2942147742264076e+38   4.974475879062544e+38   5.562070691351808e+38 
  62259.27688394997  23879199696254.906   26335085692006.42   28662784364854.21   5464.640203627626   5595.199336371855   5735.475645553181  4.2766092622068256e+38   4.954158751915528e+38   5.539424956281997e+38 
  62261.29054428518  23830229326777.863   26281364651828.67  28604292119782.516   5464.640203627626   5595.199336371855   5735.475645553181   4.259093869264612e+38  4.9339452367776126e+38  5.5168943505530315e+38 
 62263.304204620385   23781409414625.79   26227807793412.15  28545978719705.293   5464.640203627626   5595.199336371855   5735.475645553181   4.241668042442854e+38  4.9138347002917155e+38   5.494478172445371e+38 
  62265.31786495559   23732739344263.56   26174414448671.21  28487843436365.426   5464.640203627626   5595.199336371855   5735.475645553181   4.224331232783185e+38   4.893826513518519e+38  5.4721757253778495e+38 
  62267.33152529081    23684218502910.7   26121183952848.85   28429885545292.52   5464.640203627626   5595.199336371855   5735.475645553181   4.207082895248444e+38   4.873920052061579e+38   5.449986317627403e+38 
 62269.345185626014  23635846281184.934  26068115644285.895  28372104325620.918   5464.640203627626   5595.199336371855   5735.475645553181   4.189922488696405e+38   4.854114695965617e+38   5.427909262415213e+38 
  62271.35884596122   23587622073130.41   26015208864880.93  28314499060301.527   5464.640203627626   5595.199336371855   5735.475645553181   4.172849475838368e+38  4.8344098296882895e+38   5.405943877802642e+38 
  62273.37250629644  23539545275352.953  25962462959792.008  28257069035499.016   5464.640203627626   5595.199336371855   5735.475645553181  4.1558633232046645e+38     4.8148048420459e+38  5.3840894866899616e+38 
 62275.386166631644  23491615287626.473  25909877277544.383  28199813541457.418   5464.640203627626   5595.199336371855   5735.475645553181   4.138963501128668e+38    4.79529912617937e+38   5.362345416764432e+38 
  62277.39982696685  23443831512850.375  25857451170196.867  28142731871735.664   5464.640203627626   5595.199336371855   5735.475645553181   4.122149483696938e+38   4.775892079535383e+38  5.3407110004592514e+38 
  62279.41348730206   23396193356991.49   25805183992590.37  28085823323329.574   5464.640203627626   5595.199336371855   5735.475645553181    4.10542074873656e+38   4.756583103853529e+38  5.3191855749759605e+38 
 62281.427147637274  23348700229037.863  25753075103079.797   28029087196990.43   5464.640203627626   5595.199336371855   5735.475645553181    4.08877677777793e+38  4.7373716050961785e+38    5.29776848216781e+38 
  62283.44080797248  23301351540962.547    25701123863258.6  27972522797348.402   5464.640203627626   5595.199336371855   5735.475645553181   4.072217056092836e+38   4.718256993342321e+38    5.27645906837215e+38 
  62285.45446830769  23254146707707.547  25649329637928.883   27916129431802.72   5464.640203627626   5595.199336371855   5735.475645553181   4.055741072470994e+38   4.699238682884792e+38   5.255256684623968e+38 
   62287.4681286429  23207085147185.223  25597691795096.297   27859906411596.23   5464.640203627626   5595.199336371855   5735.475645553181   4.039348319372955e+38   4.680316092169813e+38   5.234160686519518e+38 
  62289.48178897811  23160166280270.043  25546209705991.188  27803853051446.055   5464.640203627626   5595.199336371855   5735.475645553181  4.0230382929701026e+38   4.661488643772659e+38   5.213170434175588e+38 
  62291.49544931332   23113389530730.86  25494882745030.227  27747968669512.547   5464.640203627626   5595.199336371855   5735.475645553181   4.006810492751461e+38  4.6427557641635004e+38   5.192285292201865e+38 
  62293.50910964853   23066754325265.04  25443710289577.914  27692252587375.414   5464.640203627626   5595.199336371855   5735.475645553181   3.990664421816191e+38  4.6241168839826344e+38    5.17150462964539e+38 
 62295.522769983734   23020260093553.76   25392691720220.75  27636704130019.035   5464.640203627626   5595.199336371855   5735.475645553181   3.974599586814813e+38   4.605571437822853e+38   5.150827819972186e+38 
  62297.53643031895   22973906267901.91   25341826420646.18  27581408257596.418   5464.640203627626   5595.199336371855   5735.475645553181   3.958615497900478e+38   4.587118864201938e+38   5.130254241027539e+38 
  62299.55009065416  22927692283772.055   25291113777619.17  27526323593466.652   5464.640203627626   5595.199336371855   5735.475645553181  3.9427116685334006e+38   4.568758605613309e+38   5.109783275005458e+38 
 62301.563750989364   22881617579198.76  25240553180985.133   27471403768923.04   5464.640203627626   5595.199336371855   5735.475645553181  3.9268876156875254e+38  4.5504901084778114e+38   5.089414308438895e+38 
  62303.57741132458   22835681595087.89  25190144023629.812  27416648127021.656   5464.640203627626   5595.199336371855   5735.475645553181   3.911142859709969e+38   4.532312823081634e+38   5.069146732136022e+38 
  62305.59107165979   22789883775370.08  25139885701465.953  27362056014050.715   5464.640203627626   5595.199336371855   5735.475645553181   3.895476924284535e+38   4.514226203499257e+38    5.04897994103444e+38 
 62307.604731994994   22744223566518.78  25089777613598.055  27307626779571.453   5464.640203627626   5595.199336371855   5735.475645553181   3.879889336450065e+38  4.4962297076064484e+38  5.0289133344008784e+38 
   62309.6183923302  22698700417713.027  25039819161957.574  27253359776504.297   5464.640203627626   5595.199336371855   5735.475645553181   3.864379626552884e+38   4.478322797084305e+38  5.0089463155882005e+38 
 62311.632052665416  22653313781103.203  24990009751271.508  27199254360767.887   5464.640203627626   5595.199336371855   5735.475645553181  3.8489473282259115e+38   4.460504937364282e+38   4.989078292138935e+38 
 62313.645713000624  22608063111618.684   24940348789427.89  27145309891511.242   5464.640203627626   5595.199336371855   5735.475645553181   3.833591978348727e+38  4.4427755976053974e+38   4.969308675684108e+38 
  62315.65937333583  22562947866680.773  24890835687132.203   27091525731160.87   5464.640203627626   5595.199336371855   5735.475645553181  3.8183131170324954e+38  4.4251342506403965e+38   4.949636881941685e+38 
  62317.67303367104  22517967506378.074  24841469858123.402  27037901245361.242   5464.640203627626   5595.199336371855   5735.475645553181   3.803110287588159e+38   4.407580372961213e+38    4.93006233067381e+38 
 62319.686694006254  22473121493617.305  24792250719157.742   26984435802634.16   5464.640203627626   5595.199336371855   5735.475645553181   3.787983036504133e+38  4.3901134446948565e+38  4.9105844456525955e+38 
  62321.70035434146   22428409293978.68   24743177689524.15  26931128774823.785   5464.640203627626   5595.199336371855   5735.475645553181   3.772930913424348e+38  4.3727329496033376e+38  4.8912026546728145e+38 
  62323.71401467667    22383830375707.4  24694250191583.188  26877979536853.777   5464.640203627626   5595.199336371855   5735.475645553181  3.7579534711186905e+38   4.355438374990695e+38   4.871916389487616e+38 
 62325.727675011876   22339384209668.39  24645467650546.094  26824987466513.355   5464.640203627626   5595.199336371855   5735.475645553181   3.743050265519121e+38    4.33822921166739e+38    4.85272508561799e+38 
  62327.74133534709  22295070269354.023  24596829494460.742  26772151944823.383   5464.640203627626   5595.199336371855   5735.475645553181  3.7282208555265196e+38  4.3211049539951976e+38   4.833628182565385e+38 
   62329.7549956823   22250888030867.95  24548335154192.027  26719472355834.848   5464.640203627626   5595.199336371855   5735.475645553181   3.713464803147668e+38   4.304065099852008e+38   4.814625123688859e+38 
 62331.768656017506   22206836972926.68  24499984063430.465  26666948086634.586   5464.640203627626   5595.199336371855   5735.475645553181   3.698781673540531e+38   4.287109150597757e+38  4.7957153561726906e+38 
  62333.78231635272  22162916576792.598   24451775658726.68   26614578527319.78   5464.640203627626   5595.199336371855   5735.475645553181   3.684171034612101e+38   4.270236610894302e+38   4.776898331001152e+38 
  62335.79597668793  22119126326321.684  24403709379204.164   26562363070974.09   5464.640203627626   5595.199336371855   5735.475645553181  3.6696324573802305e+38   4.253446988925923e+38   4.758173502915684e+38 
 62337.809637023136  22075465707975.184  24355784666818.598   26510301113669.48   5464.640203627626   5595.199336371855   5735.475645553181   3.655165515834213e+38   4.236739796227401e+38   4.739540330397865e+38 
  62339.82329735834  22031934210556.016   24308000966273.81   26458392054500.71   5464.640203627626   5595.199336371855   5735.475645553181   3.640769786956564e+38  4.2201145476492516e+38  4.7209982756352465e+38 
  62341.83695769356   21988531325635.86  24260357724987.586    26406635295391.4   5464.640203627626   5595.199336371855   5735.475645553181  3.6264448504949916e+38   4.203570761405244e+38   4.702546804496407e+38 
 62343.850618028766  21945256547061.926  24212854393092.133  26355030241146.234   5464.640203627626   5595.199336371855   5735.475645553181  3.6121902891816125e+38   4.187107959036467e+38   4.684185386496958e+38 
  62345.86427836397  21902109371207.906  24165490423409.258  26303576299562.293   5464.640203627626   5595.199336371855   5735.475645553181    3.59800568859807e+38   4.170725665347017e+38   4.665913494867097e+38 
  62347.87793869918  21859089297094.758    24118265271429.1  26252272881277.434   5464.640203627626   5595.199336371855   5735.475645553181   3.583890637155892e+38   4.154423408377175e+38   4.647730606237752e+38 
 62349.891599034396   21816195826059.74  24071178395421.438  26201119399826.586   5464.640203627626   5595.199336371855   5735.475645553181  3.5698447261026964e+38    4.13820071935411e+38   4.629636200930188e+38 
   62351.9052593696  21773428461758.094  24024229256192.227  26150115271682.324   5464.640203627626   5595.199336371855   5735.475645553181   3.555867549487285e+38   4.122057132740405e+38   4.611629762755332e+38 
  62353.91891970481  21730786710440.203   23977417317128.66  26099259916042.895   5464.640203627626   5595.199336371855   5735.475645553181   3.541958704136245e+38   4.105992186175051e+38   4.593710779056669e+38 
 62355.932580040026    21688270080946.8    23930742044193.1  26048552754887.992   5464.640203627626   5595.199336371855   5735.475645553181   3.528117789634763e+38   4.090005420451167e+38   4.575878740642054e+38 
  62357.94624037523  21645878084167.195   23884202905991.78  25997993213068.855   5464.640203627626   5595.199336371855   5735.475645553181   3.514344408296268e+38   4.074096379484068e+38    4.55813314178742e+38 
  62359.95990071044  21603610233441.363  23837799373692.305  25947580718401.293   5464.640203627626   5595.199336371855   5735.475645553181    3.50063816514919e+38  4.0582646102831755e+38  4.5404734801978644e+38 
  62361.97356104565   21561466044545.63   23791530921251.57   25897314701160.51   5464.640203627626   5595.199336371855   5735.475645553181   3.486998667912091e+38   4.042509662940808e+38    4.52289925698068e+38 
  62363.98722138086   21519445035634.71  23745397024825.938   25847194594446.47   5464.640203627626   5595.199336371855   5735.475645553181    3.47342552697733e+38   4.026831090610379e+38   4.505409976619475e+38 
  62366.00088171607  21477546727209.605  23699397163236.867  25797219834362.336   5464.640203627626   5595.199336371855   5735.475645553181  3.4599183553874425e+38   4.011228449509576e+38   4.488005147029528e+38 
  62368.01454205128  21435770642101.445    23653530817856.6  25747389859374.336   5464.640203627626   5595.199336371855   5735.475645553181   3.446476768839114e+38   3.995701298767462e+38   4.470684279306643e+38 
 62370.028202386486   21394116305448.54   23607797472563.42   25697704110770.46   5464.640203627626   5595.199336371855   5735.475645553181   3.433100385620008e+38   3.980249200553267e+38   4.453446887875552e+38 
   62372.0418627217  21352583244700.523   23562196613727.72  25648162032566.586   5464.640203627626   5595.199336371855   5735.475645553181  3.4197888265690905e+38   3.964871719985761e+38   4.436292490462016e+38 
  62374.05552305691  21311170989607.176   23516727730197.04  25598763071460.934   5464.640203627626   5595.199336371855   5735.475645553181  3.4065417152196465e+38   3.949568425199318e+38   4.419220608038759e+38 
 62376.069183392116   21269879072190.58   23471390313345.35   25549506676811.67   5464.640203627626   5595.199336371855   5735.475645553181   3.393358677497294e+38   3.934338887104843e+38   4.402230764802921e+38 
  62378.08284372733  21228707026718.965  23426183856941.008   25500392300626.35   5464.640203627626   5595.199336371855   5735.475645553181   3.380239341889687e+38   3.919182679552682e+38   4.385322488148072e+38 
  62380.09650406254    21187654389824.4  23381107857109.758  25451419397537.105   5464.640203627626   5595.199336371855   5735.475645553181  3.3671833394240802e+38   3.904099379329724e+38   4.368495308639087e+38 
 62382.110164397745    21146720700197.6  23336161812472.234  25402587424811.945   5464.640203627626   5595.199336371855   5735.475645553181   3.354190303660689e+38   3.889088565966034e+38  4.3517487599909506e+38 
  62384.12382473295   21105905498856.39   23291345224027.67  25353895842381.242   5464.640203627626   5595.199336371855   5735.475645553181   3.341259870581689e+38   3.874149821867613e+38   4.335082379042428e+38 
  62386.13748506817   21065208329095.22  23246657595189.023  25305344112613.207   5464.640203627626   5595.199336371855   5735.475645553181   3.328391678597911e+38   3.859282732255138e+38   4.318495705737591e+38 
 62388.151145403375   21024628736188.21  23202098431747.652  25256931700491.277   5464.640203627626   5595.199336371855   5735.475645553181   3.315585368605548e+38   3.844486885127149e+38     4.3019882831079e+38 
  62390.16480573858  20984166267768.492  23157667241857.188  25208658073572.688   5464.640203627626   5595.199336371855   5735.475645553181  3.3028405838734183e+38   3.829761871285488e+38  4.2855596572727925e+38 
  62392.17846607379  20943820473748.125  23113363536032.395  25160522701951.527   5464.640203627626   5595.199336371855   5735.475645553181  3.2901569700887846e+38   3.815107284172243e+38   4.269209377267839e+38 
 62394.192126409005  20903590905896.523   23069186827244.84   25112525058254.82   5464.640203627626   5595.199336371855   5735.475645553181  3.2775341753169165e+38   3.800522719995121e+38  4.2529369952314485e+38 
  62396.20578674421  20863477118262.508  23025136630640.254  25064664617743.754   5464.640203627626   5595.199336371855   5735.475645553181  3.2649718499831183e+38   3.786007777665409e+38  4.2367420662279936e+38 
  62398.21944707942  20823478667178.527   22981212463651.33   25016923275668.24   5464.640203627626   5595.199336371855   5735.475645553181   3.252469646857078e+38   3.771562058772742e+38  4.2206241483179295e+38 
 62400.233107414635   20783595111003.25   22937413846046.23   24969295717048.18   5464.640203627626   5595.199336371855   5735.475645553181   3.240027221028994e+38  3.7571851675705984e+38  4.2045828024869064e+38 
  62402.24676774984  20743826010118.293   22893740299842.67  24921804029684.406   5464.640203627626   5595.199336371855   5735.475645553181  3.2276442298952904e+38   3.742876710938819e+38    4.18861759264447e+38 
  62404.26042808505    20704170926997.2  22850191349379.523   24874447697486.04   5464.640203627626   5595.199336371855   5735.475645553181  3.2153203331378445e+38   3.728636298376567e+38  4.1727280855958596e+38 
  62406.27408842026  20664629426278.133  22806766521420.887  24827226206451.418   5464.640203627626   5595.199336371855   5735.475645553181  3.2030551927119553e+38   3.714463541982153e+38   4.156913851018842e+38 
  62408.28774875547   20625201074676.62  22763465344623.285   24780139045156.99   5464.640203627626   5595.199336371855   5735.475645553181  3.1908484728268193e+38   3.700358056448125e+38  4.1411744614435385e+38 
  62410.30140909068  20585885440978.047  22720287350062.953  24733185704746.586   5464.640203627626   5595.199336371855   5735.475645553181    3.17869983992805e+38   3.686319459022516e+38   4.125509492300474e+38 
  62412.31506942589  20546682096008.094  22677232071033.805    24686365678619.0   5464.640203627626   5595.199336371855   5735.475645553181   3.166608962706035e+38   3.672347369445588e+38    4.10991852169952e+38 
 62414.328729761095   20507590612636.64   22634299043039.46   24639678462607.43   5464.640203627626   5595.199336371855   5735.475645553181   3.154575512022842e+38   3.658441410011374e+38   4.094401130573862e+38 
  62416.34239009631   20468610565763.66  22591487803780.016  24593123554937.094   5464.640203627626   5595.199336371855   5735.475645553181  3.1425991609135755e+38    3.64460120551065e+38   4.078956902641619e+38 
  62418.35605043152  20429741532318.125  22548797893136.867   24546700456211.56   5464.640203627626   5595.199336371855   5735.475645553181   3.130679584697483e+38   3.630826383280356e+38   4.063585424366946e+38 
 62420.369710766725   20390983091219.79   22506228853209.23  24500408669386.156   5464.640203627626   5595.199336371855   5735.475645553181   3.118816460653313e+38  3.6171165729909526e+38   4.048286284938077e+38 
  62422.38337110194   20352334823380.07   22463780228228.79  24454247699759.453   5464.640203627626   5595.199336371855   5735.475645553181   3.107009468291435e+38  3.6034714068166666e+38   4.033059076247486e+38 
  62424.39703143715  20313796311801.996   22421451564495.86  24408217054954.586   5464.640203627626   5595.199336371855   5735.475645553181   3.095258289243596e+38   3.589890519400153e+38  4.0179033928689235e+38 
 62426.410691772355   20275367141259.43  22379242410504.594  24362316244914.965   5464.640203627626   5595.199336371855   5735.475645553181  3.0835626072805048e+38   3.576373547711381e+38    4.00281883204039e+38 
  62428.42435210756    20237046898636.7  22337152316852.984  24316544781909.152   5464.640203627626   5595.199336371855   5735.475645553181   3.071922108224076e+38   3.562920131148966e+38   3.987804993644042e+38 
  62430.43801244278  20198835172764.816   22295180836266.25  24270902180458.844   5464.640203627626   5595.199336371855   5735.475645553181  3.0603364799469803e+38   3.549529911491033e+38   3.972861480186057e+38 
 62432.451672777985   20160731554264.62  22253327523565.977  24225387957356.355   5464.640203627626   5595.199336371855   5735.475645553181  3.0488054124150413e+38  3.5362025328668044e+38  3.9579878967754725e+38 
  62434.46533311319   20122735635824.09  22211591935660.258  24180001631660.996   5464.640203627626   5595.199336371855   5735.475645553181   3.037328597610371e+38  3.5229376417728865e+38   3.943183851169346e+38 
   62436.4789934484   20084847012127.92  22169973631533.547  24134742724675.324   5464.640203627626   5595.199336371855   5735.475645553181  3.0259057295570098e+38    3.50973488694934e+38   3.928448953565593e+38 
 62438.492653783615  20047065279520.582   22128472172343.28  24089610759952.164   5464.640203627626   5595.199336371855   5735.475645553181   3.014536504289701e+38   3.496593919467243e+38   3.913782816784721e+38 
  62440.50631411882  20009390036342.617   22087087121135.72  24044605263440.375   5464.640203627626   5595.199336371855   5735.475645553181  3.0032206198390465e+38   3.483514392688513e+38   3.899185056142062e+38 
  62442.51997445403  19971820882935.465   22045818043091.11  23999725762982.555   5464.640203627626   5595.199336371855   5735.475645553181  2.9919577762190083e+38  3.4704959622426915e+38   3.884655289481206e+38 
 62444.533634789244   19934357421470.73  22004664505303.133  23954971788739.777   5464.640203627626   5595.199336371855   5735.475645553181  2.9807476754091958e+38   3.457538286012353e+38   3.870193137123589e+38 
  62446.54729512445    19896999255873.0   21963626076941.42  23910342873121.496   5464.640203627626   5595.199336371855   5735.475645553181   2.969590021338574e+38  3.4446410241089275e+38  3.8557982218683276e+38 
  62448.56095545966   19859745991914.51  21922702329175.715   23865838550890.56   5464.640203627626   5595.199336371855   5735.475645553181   2.958484519871344e+38  3.4318038388578476e+38  3.8414701689686394e+38 
  62450.57461579487  19822597237280.324  21881892835329.984  23821458358576.793   5464.640203627626   5595.199336371855   5735.475645553181  2.9474308787968917e+38  3.4190263947877036e+38   3.827208606112073e+38 
  62452.58827613008  19785552601489.434  21841197170464.586   23777201834985.87   5464.640203627626   5595.199336371855   5735.475645553181  2.9364288078118677e+38  3.4063083586138505e+38  3.8130131634022836e+38 
  62454.60193646529  19748611695885.902  21800614911687.996  23733068521146.027   5464.640203627626   5595.199336371855   5735.475645553181  2.9254780185078552e+38   3.393649399247039e+38   3.798883473370001e+38 
   62456.6155968005  19711774133621.848  21760145638102.438  23689057960250.973   5464.640203627626   5595.199336371855   5735.475645553181  2.9145782243631943e+38  3.3810491876797994e+38   3.784819170917739e+38 
 62458.629257135704  19675039529646.727  21719788930761.277   23645169697472.33   5464.640203627626   5595.199336371855   5735.475645553181  2.9037291407359536e+38  3.3685073970820104e+38    3.77081989324099e+38 
  62460.64291747092   19638407500706.33   21679544372656.72  23601403280155.605   5464.640203627626   5595.199336371855   5735.475645553181  2.8929304847850542e+38   3.356023702732456e+38   3.756885279930776e+38 
  62462.65657780613   19601877665331.67   21639411548712.71   23557758257745.95   5464.640203627626   5595.199336371855   5735.475645553181  2.8821819756041545e+38  3.3435977820624297e+38  3.7430149729070435e+38 
 62464.670238141334   19565449643826.75   21599390045768.58   23514234181766.94   5464.640203627626   5595.199336371855   5735.475645553181  2.8714833339953757e+38  3.3312293145281593e+38   3.729208616400674e+38 
  62466.68389847655   19529123058241.91   21559479452650.58  23470830605812.547   5464.640203627626   5595.199336371855   5735.475645553181  2.8608342826022538e+38  3.3189179816530704e+38   3.715465856937916e+38 
  62468.69755881176   19492897532448.57    21519679359953.6   23427547085536.06   5464.640203627626   5595.199336371855   5735.475645553181  2.8502345458846578e+38   3.306663467065451e+38  3.7017863433198315e+38 
 62470.711219146964   19456772691971.54  21479989360187.426   23384383178634.13   5464.640203627626   5595.199336371855   5735.475645553181  2.8396838500877692e+38  3.2944654564031175e+38    3.68816972660838e+38 
  62472.72487948217  19420748164066.168  21440409047760.734  23341338444845.227   5464.640203627626   5595.199336371855   5735.475645553181   2.829181923278426e+38  3.2823236373269565e+38   3.674615660109525e+38 
  62474.73853981739  19384823577874.375    21400938018940.8   23298412445955.85   5464.640203627626   5595.199336371855   5735.475645553181  2.8187284951764846e+38  3.2702376995235767e+38   3.661123799357378e+38 
 62476.752200152594  19348998563991.434  21361575871859.344  23255604745714.297   5464.640203627626   5595.199336371855   5735.475645553181  2.8083232973145963e+38  3.2582073346890926e+38   3.647693802098439e+38 
   62478.7658604878   19313272754854.29   21322322206491.42   23212914909893.68   5464.640203627626   5595.199336371855   5735.475645553181   2.797966062929979e+38  3.2462322364949014e+38   3.634325328280863e+38 
  62480.77952082301  19277645784648.715  21283176624648.586  23170342506233.895   5464.640203627626   5595.199336371855   5735.475645553181   2.787656526991413e+38  3.2343121005924742e+38   3.621018040059692e+38 
 62482.793181158224   19242117289198.59  21244138729998.953  23127887104473.777   5464.640203627626   5595.199336371855   5735.475645553181  2.7773944261756176e+38   3.222446624537361e+38   3.607771601671055e+38 
  62484.80684149343  19206686905891.734  21205208128030.465  23085548276377.582   5464.640203627626   5595.199336371855   5735.475645553181  2.7671794988534356e+38  3.2106355078571557e+38    3.59458567955691e+38 
  62486.82050182864  19171354273875.293   21166384426006.61  23043325595670.645   5464.640203627626   5595.199336371855   5735.475645553181  2.7570114850778537e+38  3.1988784520048017e+38   3.581459942261071e+38 
  62488.83416216385  19136119034121.305   21127667232961.03  23001218637851.043   5464.640203627626   5595.199336371855   5735.475645553181  2.7468901265733207e+38  3.1871751603441348e+38   3.568394060461558e+38 
  62490.84782249906   19100980828979.94  21089056159707.297   22959226980466.74   5464.640203627626   5595.199336371855   5735.475645553181  2.7368151667189665e+38    3.17552533814095e+38   3.555387706928971e+38 
  62492.86148283427   19065939302514.88   21050550818823.76   22917350203103.35   5464.640203627626   5595.199336371855   5735.475645553181   2.726786350537905e+38  3.1639286925355414e+38    3.54244055652396e+38 
 62494.875143169476    19030993514666.8  21012148444903.016  22875585341923.312   5464.640203627626   5595.199336371855   5735.475645553181  2.7168031566832225e+38   3.152384336245232e+38   3.529551593359375e+38 
  62496.88880350469   18996144515007.27   20973855442989.68  22833939220278.945   5464.640203627626   5595.199336371855   5735.475645553181  2.7068660920687102e+38  3.1408936642095034e+38   3.516722488756407e+38 
   62498.9024638399    18961391191852.3  20935665290974.664    22792404909502.1   5464.640203627626   5595.199336371855   5735.475645553181   2.696974230892228e+38   3.129454896324798e+38   3.503951092866476e+38 
 62500.916124175106  18926732908621.266  20897579085388.863  22750983538707.133   5464.640203627626   5595.199336371855   5735.475645553181  2.6871274785373314e+38   3.118068080946158e+38   3.491237554192733e+38 
 62502.929784510314  18892169504245.574  20859596663813.133  22709674929095.297   5464.640203627626   5595.199336371855   5735.475645553181  2.6773256139782027e+38   3.106732993148501e+38   3.478581615507344e+38 
  62504.94344484553  18857700668354.055  20821717681363.742  22668478708578.176   5464.640203627626   5595.199336371855   5735.475645553181  2.6675683961959707e+38   3.095449361409291e+38   3.465982971019582e+38 
 62506.957105180736  18823326063249.906   20783941767622.35   22627394476022.28   5464.640203627626   5595.199336371855   5735.475645553181   2.657855582165627e+38   3.084216907487522e+38    3.45344131067566e+38 
 62508.970765515944  18789045347183.535  20746268549784.617  22586421827026.805   5464.640203627626   5595.199336371855   5735.475645553181   2.648186929824521e+38  3.0730353534659137e+38    3.44095632559294e+38 
  62510.98442585115  18754858178849.066  20708697656125.656  22545560358122.227   5464.640203627626   5595.199336371855   5735.475645553181    2.63856219844468e+38  3.0619044228575624e+38   3.428527708745483e+38 
 62512.998086186366   18720764218292.19  20671228716570.664  22504809667510.355   5464.640203627626   5595.199336371855   5735.475645553181  2.6289811488561125e+38   3.050823840899208e+38   3.416155155032761e+38 
  62515.01174652157  18686763127133.008  20633861362601.727  22464169355176.867   5464.640203627626   5595.199336371855   5735.475645553181  2.6194435434065788e+38  3.0397933345924557e+38   3.403838361275689e+38 
  62517.02540685678   18652854568392.19  20596595227378.125  22423639022904.555   5464.640203627626   5595.199336371855   5735.475645553181   2.609949145951477e+38   3.028812632626724e+38   3.391577026207772e+38 
  62519.03906719199   18619038206681.98  20559429945733.812    22383218274276.0   5464.640203627626   5595.199336371855   5735.475645553181  2.6004977218821434e+38  3.0178814654101933e+38  3.3793708504574868e+38 
   62521.0527275272  18585313708209.555  20522365154143.344  22342906714670.348   5464.640203627626   5595.199336371855   5735.475645553181   2.591089037990912e+38  3.0069995650593753e+38  3.3672195365403452e+38 
  62523.06638786241  18551680740504.504  20485400490722.695   22302703951227.46   5464.640203627626   5595.199336371855   5735.475645553181    2.58172286259612e+38   2.996166665390633e+38  3.3551227888390125e+38 
  62525.08004819762  18518138972718.184  20448535595214.477   22262609592838.71   5464.640203627626   5595.199336371855   5735.475645553181  2.5723989654601674e+38  2.9853825018894546e+38  3.3430803135944016e+38 
  62527.09370853283  18484688075528.645  20411770108980.934  22222623250144.664   5464.640203627626   5595.199336371855   5735.475645553181  2.5631171178086577e+38   2.974646811717315e+38  3.3310918189356812e+38 
  62529.10736886804  18451327721058.277  20375103675012.062  22182744535551.176   5464.640203627626   5595.199336371855   5735.475645553181  2.5538770923115473e+38  2.9639593336443704e+38  3.3191570147320033e+38 
  62531.12102920325   18418057582821.11  20338535937931.414  22142973063236.785   5464.640203627626   5595.199336371855   5735.475645553181  2.5446786630701172e+38   2.953319808109568e+38  3.3072756127283482e+38 
 62533.134689538456  18384877335876.688   20302066543870.07  22103308449136.117   5464.640203627626   5595.199336371855   5735.475645553181   2.535521605607516e+38  2.9427279771818564e+38  3.2954473264431266e+38 
  62535.14834987367   18351786656885.48    20265695140625.5   22063750310726.78   5464.640203627626   5595.199336371855   5735.475645553181  2.5264056968607883e+38   2.932183584545162e+38  3.2836718712057974e+38 
  62537.16201020888  18318785223738.766  20229421377465.477  22024298267306.527   5464.640203627626   5595.199336371855   5735.475645553181   2.517330715168397e+38  2.9216863754935577e+38  3.2719489641163346e+38 
 62539.175670544086  18285872715829.598   20193244905261.36  21984951939940.957   5464.640203627626   5595.199336371855   5735.475645553181   2.508296440256843e+38   2.911236096909683e+38  3.2602783240441477e+38 
  62541.18933087929  18253048813987.566  20157165376456.273   21945710951394.07   5464.640203627626   5595.199336371855   5735.475645553181   2.499302653236707e+38  2.9008324972595045e+38   3.248659671612082e+38 
  62543.20299121451   18220313200503.95   20121182445165.75   21906574925912.97   5464.640203627626   5595.199336371855   5735.475645553181   2.490349136590213e+38  2.8904753265824032e+38  3.2370927291832855e+38 
 62545.216651549716  18187665559090.793   20085295766839.15    21867543489503.9   5464.640203627626   5595.199336371855   5735.475645553181  2.4814356741613288e+38   2.880164336481086e+38  3.2255772208502803e+38 
  62547.23031188492  18155105574877.605  20049504998532.727   21828616269873.61   5464.640203627626   5595.199336371855   5735.475645553181   2.472562051147072e+38   2.869899280122072e+38   3.214112872422941e+38 
  62549.24397222014  18122632934398.223   20013809798851.17  21789792896435.668   5464.640203627626   5595.199336371855   5735.475645553181  2.4637280540884668e+38   2.859679912167356e+38  3.2026994114598875e+38 
 62551.257632555345  18090247325585.668  19978209827914.605   21751073000169.34   5464.640203627626   5595.199336371855   5735.475645553181  2.4549334708780514e+38  2.8495059888330005e+38   3.191336567112988e+38 
  62553.27129289055   18057948437766.75   19942704747352.37    21712456213689.8   5464.640203627626   5595.199336371855   5735.475645553181   2.446178090691681e+38  2.8393772678451154e+38  3.1800240702651144e+38 
  62555.28495322576  18025735961656.617  19907294220296.152  21673942171265.883   5464.640203627626   5595.199336371855   5735.475645553181  2.4374617040860577e+38  2.8292935084614846e+38   3.168761653466085e+38 
 62557.298613560975  17993609589348.305  19871977911370.383   21635530508788.14   5464.640203627626   5595.199336371855   5735.475645553181   2.428784102831061e+38   2.819254471411466e+38  3.1575490509223692e+38 
  62559.31227389618    17961569014294.4   19836755486710.03  21597220863760.984   5464.640203627626   5595.199336371855   5735.475645553181   2.420145080030235e+38   2.809259918884379e+38  3.1463859984856365e+38 
  62561.32593423139  17929613931357.652  19801626613921.062  21559012875290.824   5464.640203627626   5595.199336371855   5735.475645553181  2.4115444300805132e+38  2.7993096145748872e+38  3.1352722336391245e+38 
   62563.3395945666  17897744036699.902  19766590962029.516  21520906184077.484   5464.640203627626   5595.199336371855   5735.475645553181  2.4029819486543524e+38  2.7894033236404417e+38  3.1242074954860118e+38 
  62565.35325490181  17865959027822.152  19731648201551.484  21482900432405.176   5464.640203627626   5595.199336371855   5735.475645553181    2.39445743271515e+38     2.7795408126681e+38  3.1131915247404667e+38 
  62567.36691523702  17834258603674.305  19696798004452.402  21444995264143.426   5464.640203627626   5595.199336371855   5735.475645553181  2.3859706804581535e+38  2.7697218497028252e+38   3.102224063715364e+38 
  62569.38057557223   17802642464396.12    19662040044154.9   21407190324744.79   5464.640203627626   5595.199336371855   5735.475645553181   2.377521491325267e+38  2.7599462042266936e+38    3.09130485630936e+38 
  62571.39423590744   17771110311495.65  19627373995518.836  21369485261198.652   5464.640203627626   5595.199336371855   5735.475645553181   2.369109666001465e+38  2.7502136471409615e+38  3.0804336479993115e+38 
  62573.40789624265   17739661847845.95   19592799534832.76   21331879722031.82   5464.640203627626   5595.199336371855   5735.475645553181  2.3607350064092696e+38   2.740523950780936e+38  3.0696101858332486e+38 
  62575.42155657786   17708296777682.86  19558316339814.156  21294373357331.594   5464.640203627626   5595.199336371855   5735.475645553181   2.352397315697126e+38   2.730876888840391e+38   3.058834218429494e+38 
 62577.435216913065  17677014806380.754  19523924089638.695  21256965818727.566   5464.640203627626   5595.199336371855   5735.475645553181  2.3440963982282352e+38  2.7212722364203377e+38  3.0481054958957767e+38 
  62579.44887724828   17645815640697.54   19489622464825.89   21219656759465.46   5464.640203627626   5595.199336371855   5735.475645553181  2.3358320595736755e+38   2.711709770009788e+38  3.0374237699061805e+38 
  62581.46253758349  17614698988733.125  19455411147346.086  21182445834158.043   5464.640203627626   5595.199336371855   5735.475645553181  2.3276041065007875e+38   2.702189267472867e+38  3.0267887936436296e+38 
 62583.476197918695  17583664559900.186  19421289820531.504  21145332698962.344   5464.640203627626   5595.199336371855   5735.475645553181  2.3194123469695536e+38   2.692710508035655e+38   3.016200321811394e+38 
   62585.4898582539  17552712064744.932  19387258169068.297  21108317011567.293   5464.640203627626   5595.199336371855   5735.475645553181  2.3112565901192884e+38    2.68327327227953e+38  3.0056581106076045e+38 
  62587.50351858912  17521841215131.531    19353315879039.6  21071398431297.457   5464.640203627626   5595.199336371855   5735.475645553181  2.3031366462605307e+38  2.6738773421281595e+38   2.995161917723895e+38 
 62589.517178924325  17491051724214.787   19319462637928.78  21034576618774.758   5464.640203627626   5595.199336371855   5735.475645553181  2.2950523268705176e+38   2.664522500840283e+38  2.9847115023317756e+38 
  62591.53083925953  17460343306410.838   19285698134663.25  20997851236082.324   5464.640203627626   5595.199336371855   5735.475645553181  2.2870034445836476e+38   2.655208533001104e+38  2.9743066250713917e+38 
  62593.54449959475  17429715677390.697  19252022059334.438   20961221946843.07   5464.640203627626   5595.199336371855   5735.475645553181  2.2789898131819996e+38  2.6459352245225673e+38     2.9639470480406e+38 
 62595.558159929955   17399168554071.21  19218434103489.797  20924688416152.965   5464.640203627626   5595.199336371855   5735.475645553181  2.2710112475887866e+38    2.63670236261467e+38   2.953632534793449e+38 
  62597.57182026516  17368701654606.025  19184933960017.953  20888250310609.953   5464.640203627626   5595.199336371855   5735.475645553181   2.263067563863732e+38  2.6275097357723344e+38  2.9433628503472995e+38 
  62599.58548060037  17338314698378.068  19151521323145.586   20851907298200.79   5464.640203627626   5595.199336371855   5735.475645553181   2.255158579198116e+38   2.618357133792809e+38  2.9331377610784168e+38 
 62601.599140935585   17308007406000.43   19118195888428.65   20815659048344.11   5464.640203627626   5595.199336371855   5735.475645553181  2.2472841118906024e+38  2.6092443477492813e+38  2.9229570348199415e+38 
  62603.61280127079  17277779499309.584  19084957352748.055  20779505231917.973   5464.640203627626   5595.199336371855   5735.475645553181   2.239443981356117e+38  2.6001711700165508e+38  2.9128204408145165e+38 
    62605.626461606    17247630701347.9  19051805414298.258  20743445521233.043   5464.640203627626   5595.199336371855   5735.475645553181  2.2316380080778616e+38   2.591137394188413e+38   2.902727749703166e+38 
  62607.64012194121   17217560736361.62  19018739772597.664  20707479590016.773   5464.640203627626   5595.199336371855   5735.475645553181  2.2238660136536835e+38  2.5821428151150775e+38   2.892678733517083e+38 
  62609.65378227642  17187569329851.947   18985760128473.66   20671607113410.46   5464.640203627626   5595.199336371855   5735.475645553181  2.2161278207693065e+38   2.573187228912963e+38  2.8826731656665137e+38 
  62611.66744261163  17157656208422.484    18952866183998.9   20635827767963.25   5464.640203627626   5595.199336371855   5735.475645553181  2.2084232531903556e+38    2.56427043292724e+38   2.872710820931729e+38 
  62613.68110294684   17127821099898.26  18920057642560.047   20600141231616.23   5464.640203627626   5595.199336371855   5735.475645553181  2.2007521357724106e+38  2.5553922257182943e+38  2.8627914754545474e+38 
  62615.69476328205  17098063733379.725   18887334208823.21   20564547183709.75   5464.640203627626   5595.199336371855   5735.475645553181   2.193114294409161e+38   2.546552407076639e+38  2.8529149067275415e+38 
  62617.70842361726  17068383838973.121    18854695588735.6  20529045304975.734   5464.640203627626   5595.199336371855   5735.475645553181   2.185509556050052e+38  2.5377507780066913e+38   2.843080893585877e+38 
  62619.72208395247   17038781148040.74   18822141489515.98  20493635277515.855   5464.640203627626   5595.199336371855   5735.475645553181  2.1779377486915916e+38   2.528987140713093e+38  2.8332892161977704e+38 
 62621.735744287675   17009255393117.41  18789671619640.363  20458316784775.664   5464.640203627626   5595.199336371855   5735.475645553181  2.1703987013803984e+38  2.5202612986127053e+38  2.8235396560539717e+38 
  62623.74940462289  16979806307956.514   18757285688842.11   20423089511579.98   5464.640203627626   5595.199336371855   5735.475645553181  2.1628922441970786e+38   2.511573056272178e+38  2.8138319959943803e+38 
   62625.7630649581  16950433627299.658   18724983408141.01    20387953144108.7   5464.640203627626   5595.199336371855   5735.475645553181   2.155418208249015e+38  2.5029222194468993e+38  2.8041660201001436e+38 
 62627.776725293304  16921137087121.393  18692764489755.816  20352907369973.098   5464.640203627626   5595.199336371855   5735.475645553181   2.147976425665028e+38   2.494308595066967e+38  2.7945415137849736e+38 
  62629.79038562851  16891916424570.709   18660628647143.97  20317951877993.723   5464.640203627626   5595.199336371855   5735.475645553181  2.1405667295850092e+38  2.4857319912253945e+38  2.7849582637358244e+38 
  62631.80404596373  16862771377965.777  18628575595043.383   20283086358350.15   5464.640203627626   5595.199336371855   5735.475645553181  2.1331889541581707e+38  2.4771922171683798e+38  2.7754160579299306e+38 
 62633.817706298934   16833701686608.09  18596605049318.668  20248310502573.906   5464.640203627626   5595.199336371855   5735.475645553181  2.1258429345302496e+38  2.4686890832892563e+38   2.765914685608934e+38 
  62635.83136663414  16804707090975.291   18564716727085.68  20213624003622.047   5464.640203627626   5595.199336371855   5735.475645553181   2.118528506839148e+38   2.460222401115172e+38  2.7564539372801613e+38 
  62637.84502696936  16775808489874.814  18532910346684.305  20179026555642.906   5464.640203627626   5595.199336371855   5735.475645553181  2.1112455082090097e+38  2.4517919833060858e+38  2.7470336047017894e+38 
 62639.858687304564   16746987632781.75  18501185627760.082   20144517854042.41   5464.640203627626   5595.199336371855   5735.475645553181  2.1039937767425624e+38  2.4433976436439132e+38   2.737653480877605e+38 
  62641.87234763977   16718240975019.15  18469542290974.688  20110097595584.473   5464.640203627626   5595.199336371855   5735.475645553181   2.096773151515121e+38  2.4350391970287292e+38  2.7283133600466327e+38 
  62643.88600797498  16689568262174.094   18437975793969.88  20075765478340.336   5464.640203627626   5595.199336371855   5735.475645553181  2.0895834725661957e+38   2.426716459473733e+38  2.7190130376754737e+38 
 62645.899668310194    16660969240850.1  18406488815488.004  20041521201671.082   5464.640203627626   5595.199336371855   5735.475645553181  2.0824245808956968e+38  2.4184292480673293e+38  2.7097523104750823e+38 
   62647.9133286454  16632443658787.043  18375082418965.133   20007364466272.05   5464.640203627626   5595.199336371855   5735.475645553181   2.075296318468888e+38   2.410177381006065e+38   2.700530976325812e+38 
  62649.92698898061  16603991264805.648   18343756329710.97   19973294973993.24   5464.640203627626   5595.199336371855   5735.475645553181  2.0681985281803134e+38  2.4019606775671327e+38  2.6913488343156555e+38 
  62651.94064931582   16575611808796.15  18312510274211.453   19939312428016.71   5464.640203627626   5595.199336371855   5735.475645553181   2.061131053877816e+38   2.393778958118727e+38   2.682205684737954e+38 
  62653.95430965103  16547305041719.312  18281343980114.062   19905416532783.28   5464.640203627626   5595.199336371855   5735.475645553181   2.054093740310395e+38  2.3856320440960806e+38  2.6731013290707903e+38 
  62655.96796998624   16519070715595.52  18250257176225.875  19871606993987.336   5464.640203627626   5595.199336371855   5735.475645553181   2.047086433168496e+38  2.3775197579657864e+38  2.6640355699723498e+38 
  62657.98163032145    16490908583504.9   18219249592546.56  19837883518576.688   5464.640203627626   5595.199336371855   5735.475645553181   2.040108979067814e+38   2.369441923273073e+38   2.655008211270224e+38 
  62659.99529065666  16462818399574.451  18188320960200.867   19804245814734.79   5464.640203627626   5595.199336371855   5735.475645553181  2.0331612255371034e+38  2.3613983646227926e+38  2.6460190579534235e+38 
  62662.00895099187  16434799918978.066   18157471011367.32  19770693591884.234   5464.640203627626   5595.199336371855   5735.475645553181  2.0262430210163113e+38   2.353388907633081e+38   2.637067916165467e+38 
  62664.02261132708   16406852897937.16    18126699479419.0  19737226560679.207   5464.640203627626   5595.199336371855   5735.475645553181   2.019354214866279e+38  2.3454133789699058e+38  2.6281545931975592e+38 
 62666.036271662284   16378977093701.32  18096006098867.438  19703844432995.316   5464.640203627626   5595.199336371855   5735.475645553181   2.012494657299911e+38  2.3374716063276378e+38   2.619278897478363e+38 
   62668.0499319975  16351172264547.271   18065390605351.89  19670546921942.527   5464.640203627626   5595.199336371855   5735.475645553181  2.0056641994371327e+38  2.3295634184243343e+38  2.6104406385684666e+38 
 62670.063592332706   16323438169776.85  18034852735634.266  19637333741813.246   5464.640203627626   5595.199336371855   5735.475645553181  1.9988626932826456e+38  2.3216886449886885e+38   2.601639627152833e+38 
 62672.077252667914  16295774569756.559   18004392227601.53  19604204608105.066   5464.640203627626   5595.199336371855   5735.475645553181   1.992089991720161e+38  2.3138471167649407e+38  2.5928756750349537e+38 
  62674.09091300312  16268181225825.197  17974008820148.844   19571159237520.62   5464.640203627626   5595.199336371855   5735.475645553181   1.985345948504279e+38   2.306038665467083e+38  2.5841485951426904e+38 
 62676.104573338336  16240657900288.682   17943702253339.42  19538197347976.613   5464.640203627626   5595.199336371855   5735.475645553181  1.9786304182555725e+38  2.2982631238197726e+38   2.575458201465022e+38 
 62678.118233673544   16213204356495.01  17913472268327.977  19505318658616.195   5464.640203627626   5595.199336371855   5735.475645553181  1.9719432564537854e+38   2.290520325534513e+38  2.5668043091049174e+38 
  62680.13189400875  16185820358878.727  17883318607398.805  19472522889627.535   5464.640203627626   5595.199336371855   5735.475645553181   1.965284319433219e+38   2.282810105301815e+38  2.5581867342480483e+38 
  62682.14555434396  16158505672752.146  17853241013884.664   19439809762452.37   5464.640203627626   5595.199336371855   5735.475645553181   1.958653464376482e+38   2.275132298785303e+38   2.549605294162758e+38 
  62684.15921467917  16131260064445.225  17823239232147.324  19407178999702.055   5464.640203627626   5595.199336371855   5735.475645553181  1.9520505493064866e+38  2.2674867426151646e+38   2.541059807187211e+38 
  62686.17287501438    16104083301221.7  17793313007668.133  19374630325281.363   5464.640203627626   5595.199336371855   5735.475645553181  1.9454754330836087e+38  2.2598732743791835e+38  2.5325500927256645e+38 
  62688.18653534959   16076975151378.37  17763462086990.547  19342163464010.945   5464.640203627626   5595.199336371855   5735.475645553181  1.9389279754002765e+38   2.252291732621237e+38  2.5240759712400704e+38 
   62690.2001956848  16049935384182.936  17733686217723.586   19309778141940.64   5464.640203627626   5595.199336371855   5735.475645553181   1.932408036772633e+38   2.244741956829916e+38  2.5156372642422977e+38 
  62692.21385602001  16022963769924.936  17703985148530.066    19277474086295.6   5464.640203627626   5595.199336371855   5735.475645553181  1.9259154785384848e+38  2.2372237874438693e+38  2.5072337942876264e+38 
  62694.22751635522  15996060079779.982  17674358629125.742    19245251025441.2   5464.640203627626   5595.199336371855   5735.475645553181   1.919450162848584e+38  2.2297370658271655e+38  2.4988653849681458e+38 
 62696.241176690426   15969224085884.42   17644806410273.81   19213108688875.82   5464.640203627626   5595.199336371855   5735.475645553181    1.91301195266464e+38  2.2222816342646983e+38   2.490531860927413e+38 
  62698.25483702564  15942455561352.314  17615328243778.383   19181046807281.67   5464.640203627626   5595.199336371855   5735.475645553181   1.906600711761433e+38  2.2148573359726244e+38  2.4822330477931495e+38 
  62700.26849736085  15915754280249.453  17585923882473.254    19149065112351.3   5464.640203627626   5595.199336371855   5735.475645553181  1.9002163047083838e+38  2.2074640150797393e+38    2.47396877221764e+38 
 62702.282157696056  15889120017586.627  17556593080225.566  19117163336953.656   5464.640203627626   5595.199336371855   5735.475645553181  1.8938585968502476e+38   2.200101516640851e+38   2.465738861869551e+38 
  62704.29581803126  15862552549313.617  17527335591928.805   19085341215063.82   5464.640203627626   5595.199336371855   5735.475645553181  1.8875274543223217e+38   2.192769686597673e+38   2.457543145420384e+38 
  62706.30947836648  15836051652316.498   17498151173493.84   19053598481768.73   5464.640203627626   5595.199336371855   5735.475645553181    1.88122274404547e+38  2.1854683717779067e+38  2.4493814525361953e+38 
 62708.323138701686  15809617104410.275  17469039581887.232  19021934873250.285   5464.640203627626   5595.199336371855   5735.475645553181  1.8749443337210565e+38  2.1781974199159716e+38   2.441253613873307e+38 
  62710.33679903689  15783248684337.488   17440000575063.39  18990350126787.887   5464.640203627626   5595.199336371855   5735.475645553181   1.868692091822467e+38   2.170956679639336e+38  2.4331594610689405e+38 
   62712.3504593721  15756946171763.414   17411033911909.98   18958843980753.42   5464.640203627626   5595.199336371855   5735.475645553181    1.86246588759113e+38  2.1637460004344052e+38   2.425098826738139e+38 
 62714.364119707316   15730709347270.83   17382139352369.59   18927416174595.19   5464.640203627626   5595.199336371855   5735.475645553181   1.856265591048672e+38  2.1565652326731982e+38   2.417071544463857e+38 
  62716.37778004252   15704537992354.09   17353316657377.59  18896066448848.605   5464.640203627626   5595.199336371855   5735.475645553181  1.8500910729359744e+38  2.1494142275958584e+38  2.4090774487931166e+38 
  62718.39144037773  15678431889410.492  17324565588873.941  18864794545128.473   5464.640203627626   5595.199336371855   5735.475645553181  1.8439422047570687e+38  2.1422928373085023e+38  2.4011163752293476e+38 
 62720.405100712946   15652390821741.19  17295885909783.918   18833600206110.58   5464.640203627626   5595.199336371855   5735.475645553181  1.8378188587687826e+38  2.1352009147711615e+38    2.39318816022687e+38 
  62722.41876104815  15626414573587.064  17267277384031.773  18802483175513.766   5464.640203627626   5595.199336371855   5735.475645553181  1.8317209079679137e+38  2.1281383138055586e+38  2.3852926411837646e+38 
  62724.43242138336  15600502930041.307  17238739776425.104  18771443198131.824   5464.640203627626   5595.199336371855   5735.475645553181  1.8256482260889586e+38  2.1211048890500293e+38  2.3774296564564638e+38 
  62726.44608171857  15574655677058.113  17210272852800.773    18740480019817.1   5464.640203627626   5595.199336371855   5735.475645553181  1.8196006875976117e+38  2.1141004960000707e+38   2.369599045298074e+38 
  62728.45974205378  15548872601507.943  17181876379961.416  18709593387521.367   5464.640203627626   5595.199336371855   5735.475645553181    1.81357816768685e+38  2.1071249909852393e+38  2.3618006479001183e+38 
  62730.47340238899  15523153491211.229  17153550125680.465  18678783049108.508   5464.640203627626   5595.199336371855   5735.475645553181   1.807580542271787e+38  2.1001782311635288e+38  2.3540343053718896e+38 
   62732.4870627242  15497498134773.158  17125293858733.047   18648048753551.13   5464.640203627626   5595.199336371855   5735.475645553181  1.8016076879853385e+38  2.0932600745170873e+38  2.3462998597406216e+38 
 62734.500723059406  15471906321701.459  17097107348724.232   18617390250848.83   5464.640203627626   5595.199336371855   5735.475645553181  1.7956594821716665e+38  2.0863703798453788e+38  2.3385971539389322e+38 
  62736.51438339462  15446377842316.332  17068990366275.535  18586807292134.797   5464.640203627626   5595.199336371855   5735.475645553181  1.7897358028833792e+38  2.0795090067597114e+38   2.330926031802009e+38 
  62738.52804372983   15420912487848.59  17040942682944.469   18556299629393.13   5464.640203627626   5595.199336371855   5735.475645553181  1.7838365288764858e+38  2.0726758156791735e+38  2.3232863380620426e+38 
 62740.541704065035  15395510050392.918  17012964071229.809  18525867015653.594   5464.640203627626   5595.199336371855   5735.475645553181  1.7779615396052528e+38   2.065870667824773e+38  2.3156779183389978e+38 
  62742.55536440025  15370170322926.738  16985054304560.086  18495509204990.816   5464.640203627626   5595.199336371855   5735.475645553181   1.772110715218728e+38   2.059093425216682e+38  2.3081006191379957e+38 
  62744.56902473546  15344893099255.729  16957213157294.951  18465225952486.875   5464.640203627626   5595.199336371855   5735.475645553181  1.7662839365547875e+38  2.0523439506700187e+38   2.300554287842564e+38 
 62746.582685070665  15319678173990.164  16929440404717.535  18435017014230.574   5464.640203627626   5595.199336371855   5735.475645553181  1.7604810851362217e+38  2.0456221077707792e+38  2.2930387727161183e+38 
  62748.59634540587  15294525342616.223  16901735823029.361   18404882147320.28   5464.640203627626   5595.199336371855   5735.475645553181  1.7547020431741087e+38  2.0389277608955778e+38    2.28555392288835e+38 
  62750.61000574109   15269434401460.36  16874099189344.223  18374821109841.215   5464.640203627626   5595.199336371855   5735.475645553181     1.7489466935558e+38  2.0322607751960117e+38   2.278099588327457e+38 
 62752.623666076295  15244405147685.268  16846530281689.668  18344833660823.797   5464.640203627626   5595.199336371855   5735.475645553181  1.7432149198284486e+38  2.0256210165986963e+38   2.270675619871779e+38 
   62754.6373264115   15219437379282.48  16819028878994.102   18314919560310.94   5464.640203627626   5595.199336371855   5735.475645553181   1.737506606199408e+38   2.019008351808351e+38   2.263281869209775e+38 
  62756.65098674671  15194530895069.203  16791594761092.043  18285078569323.477   5464.640203627626   5595.199336371855   5735.475645553181   1.731821637548686e+38   2.012422648254594e+38   2.255918188874627e+38 
 62758.664647081925  15169685494683.738  16764227708713.434   18255310449853.72   5464.640203627626   5595.199336371855   5735.475645553181   1.726159899414426e+38  2.0058637741434167e+38  2.2485844322390115e+38 
  62760.67830741713  15144900978584.732  16736927503542.855  18225614964860.105   5464.640203627626   5595.199336371855   5735.475645553181  1.7205212779903657e+38  1.9993315984382145e+38  2.2412804535080373e+38 
  62762.69196775234   15120177148044.25  16709693928038.516  18195991878268.668   5464.640203627626   5595.199336371855   5735.475645553181  1.7149056601191334e+38   1.992825990837507e+38  2.2340061077153486e+38 
 62764.705628087555  15095513805142.908    16682526765580.5   18166440954958.19   5464.640203627626   5595.199336371855   5735.475645553181   1.709312933300198e+38  1.9863468217817785e+38  2.2267612507169017e+38 
  62766.71928842276  15070910752774.863  16655425800441.492  18136961960766.484   5464.640203627626   5595.199336371855   5735.475645553181   1.703742985665652e+38  1.9798939624513918e+38   2.219545739186083e+38 
  62768.73294875797  15046367794625.137  16628390817779.191  18107554662476.383   5464.640203627626   5595.199336371855   5735.475645553181  1.6981957059716108e+38   1.973467284759235e+38  2.2123584828715567e+38 
  62770.74660909318  15021884735181.535  16601421603609.248   18078218827830.61   5464.640203627626   5595.199336371855   5735.475645553181    1.69267098361776e+38  1.9670666613451282e+38   2.205199511344627e+38 
  62772.76026942839  14997461379726.068  16574517944865.047   18048954225490.95   5464.640203627626   5595.199336371855   5735.475645553181  1.6871687086336304e+38   1.960691965579699e+38  2.1980694739793284e+38 
   62774.7739297636    14973097534391.5  16547679629264.305  18019760625052.523   5464.640203627626   5595.199336371855   5735.475645553181  1.6816887716737332e+38  1.9543430715353083e+38  2.1909682305654505e+38 
  62776.78759009881  14948793005980.922   16520906445389.91   17990637797050.14   5464.640203627626   5595.199336371855   5735.475645553181  1.6762310640135883e+38  1.9480198539978864e+38   2.183895641696398e+38 
 62778.801250434015   14924547602134.14  16494198182703.996  17961585512976.496   5464.640203627626   5595.199336371855   5735.475645553181  1.6707954775453913e+38  1.9417221884664208e+38  2.1768515687362347e+38 
  62780.81491076923  14900361131276.928  16467554631515.602  17932603545213.938   5464.640203627626   5595.199336371855   5735.475645553181   1.665381904773954e+38   1.935449951144349e+38  2.1698358738346252e+38 
  62782.82857110444   14876233402691.36  16440975582998.035  17903691667027.363   5464.640203627626   5595.199336371855   5735.475645553181  1.6599902388138604e+38  1.9292030189338344e+38  2.1628484199155634e+38 
 62784.842231439645  14852164226278.035  16414460829180.908  17874849652629.414   5464.640203627626   5595.199336371855   5735.475645553181  1.6546203733838968e+38   1.922981269433048e+38   2.155889070679437e+38 
  62786.85589177486  14828153412778.244  16388010162851.355   17846077277161.61   5464.640203627626   5595.199336371855   5735.475645553181  1.6492722028038631e+38  1.9167845809282166e+38  2.1489576905904594e+38 
  62788.86955211007  14804200773664.658   16361623377680.34  17817374316719.777   5464.640203627626   5595.199336371855   5735.475645553181  1.6439456219902225e+38   1.910612832392691e+38   2.142054144877504e+38 
 62790.883212445275  14780306121197.344  16335300268167.191  17788740548153.125   5464.640203627626   5595.199336371855   5735.475645553181  1.6386405264537002e+38  1.9044659034800467e+38  2.1351782995256453e+38 
  62792.89687278048  14756469268396.027  16309040629635.705  17760175749266.215   5464.640203627626   5595.199336371855   5735.475645553181   1.633356812293735e+38  1.8983436745218267e+38   2.128330021272431e+38 
   62794.9105331157   14732690029067.74  16282844258232.502  17731679698767.754   5464.640203627626   5595.199336371855   5735.475645553181   1.628094376195825e+38  1.8922460265259154e+38  2.1215091776026217e+38 
 62796.924193450905  14708968217713.123  16256710950922.586  17703252176255.535   5464.640203627626   5595.199336371855   5735.475645553181  1.6228531154272886e+38   1.886172841165434e+38  2.1147156367435466e+38 
  62798.93785378611  14685303649578.834  16230640505484.098   17674892962209.68   5464.640203627626   5595.199336371855   5735.475645553181   1.617632927833715e+38   1.880124000770599e+38   2.107949267673475e+38 
  62800.95151412132  14661696140671.113  16204632720506.809   17646601838000.29   5464.640203627626   5595.199336371855   5735.475645553181  1.6124337118414129e+38   1.874099388337716e+38   2.101209940089546e+38 
 62802.965174456534  14638145507736.941  16178687395381.227   17618378585879.02   5464.640203627626   5595.199336371855   5735.475645553181  1.6072553664533395e+38  1.8680988875176176e+38   2.094497524406718e+38 
  62804.97883479174  14614651568257.857  16152804330305.398  17590222988918.965   5464.640203627626   5595.199336371855   5735.475645553181  1.6020977912116096e+38  1.8621223826173427e+38  2.0878118917746728e+38 
  62806.99249512695  14591214140445.926  16126983326272.957  17562134831086.107   5464.640203627626   5595.199336371855   5735.475645553181  1.5969608862350588e+38   1.856169758596338e+38  2.0811529140631678e+38 
 62809.006155462164  14567833043242.678  16101224185071.215  17534113897211.088   5464.640203627626   5595.199336371855   5735.475645553181  1.5918445522041949e+38   1.850240901032093e+38    2.07452046385564e+38 
  62811.01981579737  14544508096311.455  16075526709280.559   17506159972980.81   5464.640203627626   5595.199336371855   5735.475645553181  1.5867486903555145e+38  1.8443356961563663e+38  2.0679144144467828e+38 
  62813.03347613258  14521239120041.059  16049890702315.656  17478272844935.064   5464.640203627626   5595.199336371855   5735.475645553181  1.5816732024790921e+38  1.8384540308416483e+38   2.061334639836506e+38 
  62815.04713646779  14498025935533.287  16024315968292.328  17450452300465.902   5464.640203627626   5595.199336371855   5735.475645553181  1.5766179909137912e+38   1.832595792581306e+38   2.054781014724293e+38 
    62817.060796803  14474868364605.992  15998802312122.611   17422698127803.97   5464.640203627626   5595.199336371855   5735.475645553181  1.5715829585516418e+38  1.8267608694962287e+38   2.048253414507347e+38 
  62819.07445713821  14451766229793.553   15973349539511.85   17395010116029.81   5464.640203627626   5595.199336371855   5735.475645553181   1.566568008824736e+38   1.820949150333609e+38   2.041751715275357e+38 
  62821.08811747342   14428719354326.08  15947957456938.832  17367388055054.832   5464.640203627626   5595.199336371855   5735.475645553181  1.5615730456868366e+38   1.815160524459658e+38    2.03527579380475e+38 
 62823.101777808624  14405727562144.035    15922625871651.7  17339831735633.762   5464.640203627626   5595.199336371855   5735.475645553181  1.5565979736387239e+38   1.809394881855317e+38  2.0288255275560664e+38 
  62825.11543814384  14382790677887.135   15897354591690.32  17312340949343.973   5464.640203627626   5595.199336371855   5735.475645553181  1.5516426977128642e+38  1.8036521131183385e+38   2.022400794668439e+38 
  62827.12909847905   14359908526938.87  15872143425814.043  17284915488576.781   5464.640203627626   5595.199336371855   5735.475645553181   1.546707123471001e+38  1.7979321094463935e+38   2.016001473956001e+38 
 62829.142758814254  14337080935289.234  15846992183521.941  17257555146554.027   5464.640203627626   5595.199336371855   5735.475645553181   1.541791156999595e+38  1.7922347626340056e+38   2.009627444909182e+38 
  62831.15641914947  14314307729656.535    15821900675095.8  17230259717337.795   5464.640203627626   5595.199336371855   5735.475645553181  1.5368947049069884e+38  1.7865599650819674e+38  2.0032785876782172e+38 
  62833.17007948468  14291588737447.676  15796868711566.219  17203028995792.871   5464.640203627626   5595.199336371855   5735.475645553181   1.532017674320148e+38  1.7809076097874556e+38   1.996954783076829e+38 
 62835.183739819884  14268923786829.648  15771896104711.533  17175862777548.281   5464.640203627626   5595.199336371855   5735.475645553181  1.5271599728812086e+38   1.775277590338975e+38  1.9906559125692382e+38 
  62837.19740015509  14246312706523.393  15746982667098.035  17148760859074.646   5464.640203627626   5595.199336371855   5735.475645553181  1.5223215087448282e+38  1.7696698009138483e+38  1.9843818582814864e+38 
  62839.21106049031  14223755325989.926  15722128211949.688   17121723037641.74   5464.640203627626   5595.199336371855   5735.475645553181  1.5175021905727956e+38   1.764084136273247e+38  1.9781325029860674e+38 
 62841.224720825514   14201251475324.82  15697332553255.398  17094749111406.518   5464.640203627626   5595.199336371855   5735.475645553181  1.5127019275339708e+38   1.758520491759093e+38  1.9719077301018694e+38 
  62843.23838116072  14178800985325.432  15672595505742.043  17067838879168.836   5464.640203627626   5595.199336371855   5735.475645553181  1.5079206292984165e+38   1.752978763290168e+38  1.9657074236902535e+38 
  62845.25204149593   14156403687457.05  15647916884869.066  17040992140560.867   5464.640203627626   5595.199336371855   5735.475645553181  1.5031582060359512e+38   1.747458847359602e+38  1.9595314684494097e+38 
 62847.265701831144  14134059413867.389  15623296506819.402  17014208696022.832   5464.640203627626   5595.199336371855   5735.475645553181  1.4984145684122335e+38  1.7419606410301785e+38   1.953379749711026e+38 
  62849.27936216635  14111767997362.965  15598734188501.281  16987488346781.076   5464.640203627626   5595.199336371855   5735.475645553181  1.4936896275856197e+38   1.736484041937135e+38   1.947252153436439e+38 
  62851.29302250156    14089529271360.7  15574229747538.207  16960830894841.922   5464.640203627626   5595.199336371855   5735.475645553181  1.4889832952046688e+38  1.7310289482647695e+38   1.941148566213917e+38 
 62853.306682836774  14067343069965.172   15549783002271.44  16934236142985.152   5464.640203627626   5595.199336371855   5735.475645553181  1.4842954834059187e+38  1.7255952587636496e+38  1.9350688752678005e+38 
  62855.32034317198  14045209227935.729  15525393771757.191  16907703894780.268   5464.640203627626   5595.199336371855   5735.475645553181  1.4796261048213078e+38  1.7201828727404057e+38  1.9290129684088686e+38 
  62857.33400350719  14023127580678.615  15501061875752.484  16881233954553.707   5464.640203627626   5595.199336371855   5735.475645553181  1.4749750725413604e+38  1.7147916900531606e+38  1.9229807340742736e+38 
 62859.347663842396  14001097964248.453   15476787134726.09  16854826127372.041   5464.640203627626   5595.199336371855   5735.475645553181    1.47034230013583e+38  1.7094216111211295e+38  1.9169720613139147e+38 
  62861.36132417761  13979120215339.418  15452569369845.238  16828480219082.953   5464.640203627626   5595.199336371855   5735.475645553181  1.4657277016570033e+38   1.704072536888621e+38  1.9109868397839974e+38 
  62863.37498451282   13957194171289.07  15428408402980.172  16802196036296.287   5464.640203627626   5595.199336371855   5735.475645553181  1.4611311916265035e+38  1.6987443688460642e+38  1.9050249597426002e+38 
 62865.388644848026  13935319670072.031  15404304056704.393   16775973386371.59   5464.640203627626   5595.199336371855   5735.475645553181   1.456552685035521e+38  1.6934370090271525e+38   1.899086312046786e+38 
 62867.402305183234  13913496550294.127  15380256154304.033  16749812077420.975   5464.640203627626   5595.199336371855   5735.475645553181   1.451992097341185e+38  1.6881503600047981e+38   1.893170788149137e+38 
  62869.41596551845  13891724651195.285  15356264519684.947  16723711918304.541   5464.640203627626   5595.199336371855   5735.475645553181   1.447449344462995e+38   1.682884324872915e+38   1.887278280092216e+38 
 62871.429625853656   13870003812645.12  15332328977475.633  16697672718626.152   5464.640203627626   5595.199336371855   5735.475645553181  1.4429243427925814e+38  1.6776388072597535e+38  1.8814086805070113e+38 
  62873.44328618886  13848333875134.395  15308449352988.773  16671694288729.168   5464.640203627626   5595.199336371855   5735.475645553181  1.4384170091597491e+38   1.672413711319031e+38  1.8755618826076556e+38 
  62875.45694652407  13826714679777.336  15284625472224.924  16645776439697.406   5464.640203627626   5595.199336371855   5735.475645553181  1.4339272608502112e+38  1.6672089417275523e+38   1.869737780189498e+38 
 62877.470606859286   13805146068307.69  15260857161846.836  16619918983347.215   5464.640203627626   5595.199336371855   5735.475645553181  1.4294550156063309e+38  1.6620244036783806e+38  1.8639362676241337e+38 
  62879.48426719449  13783627883089.424  15237144249249.365   16594121732228.17   5464.640203627626   5595.199336371855   5735.475645553181  1.4250001916188002e+38  1.6568600028916802e+38   1.858157239855904e+38 
   62881.4979275297  13762159967101.447  15213486562397.201  16568384499601.502   5464.640203627626   5595.199336371855   5735.475645553181   1.420562707524112e+38  1.6517156455802891e+38  1.8524005923989208e+38 
 62883.511587864916  13740742163891.844   15189883929963.59  16542707099462.662   5464.640203627626   5595.199336371855   5735.475645553181  1.4161424824014108e+38  1.6465912384730016e+38  1.8466662213384126e+38 
  62885.52524820012  13719374317640.607  15166336181290.719  16517089346557.656   5464.640203627626   5595.199336371855   5735.475645553181  1.4117394357704136e+38  1.6414866888069958e+38  1.8409540233173007e+38 
  62887.53890853533  13698056273151.012  15142843146384.162  16491531056301.314   5464.640203627626   5595.199336371855   5735.475645553181  1.4073534875880048e+38  1.6364019043216912e+38  1.8352638955363832e+38 
  62889.55256887054  13676787875857.938   15119404655902.98   16466032044822.55   5464.640203627626   5595.199336371855   5735.475645553181   1.402984558246509e+38   1.631336793256416e+38   1.829595735748469e+38 
  62891.56622920575    13655568971707.3  15096020541205.137  16440592128977.455   5464.640203627626   5595.199336371855   5735.475645553181  1.3986325685692957e+38  1.6262912643475543e+38  1.8239494422639914e+38 
  62893.57988954096   13634399407287.15  15072690634224.727  16415211126336.459   5464.640203627626   5595.199336371855   5735.475645553181  1.3942974398098015e+38  1.6212652268242078e+38   1.818324913940231e+38 
  62895.59354987617  13613279029761.455  15049414767570.707  16389888855228.701   5464.640203627626   5595.199336371855   5735.475645553181  1.3899790936476371e+38   1.616258590406596e+38  1.8127220501802885e+38 
 62897.607210211376  13592207686899.652  15026192774503.918  16364625134556.707   5464.640203627626   5595.199336371855   5735.475645553181  1.3856774521867915e+38  1.6112712653019501e+38   1.807140750929961e+38 
  62899.62087054659  13571185227062.756  15003024488928.203  16339419783970.318   5464.640203627626   5595.199336371855   5735.475645553181   1.381392437952521e+38   1.606303162201584e+38  1.8015809166731994e+38 
   62901.6345308818  13550211499216.549  14979909745388.068   16314272623824.97   5464.640203627626   5595.199336371855   5735.475645553181  1.3771239738894064e+38  1.6013541922808092e+38   1.796042448429802e+38 
 62903.648191217006  13529286352892.715   14956848379064.09  16289183475168.139   5464.640203627626   5595.199336371855   5735.475645553181   1.372871983357894e+38  1.5964242671948272e+38   1.790525247751211e+38 
  62905.66185155221   13508409638176.32  14933840225768.777  16264152159732.617   5464.640203627626   5595.199336371855   5735.475645553181  1.3686363901319906e+38  1.5915132990657948e+38  1.7850292167178827e+38 
  62907.67551188743  13487581205754.146   14910885121949.54  16239178499937.193   5464.640203627626   5595.199336371855   5735.475645553181  1.3644171183983495e+38  1.5866212004939059e+38  1.7795542579506102e+38 
 62909.689172222636  13466800906887.543  14887982904679.488  16214262318884.895   5464.640203627626   5595.199336371855   5735.475645553181  1.3602140927655284e+38  1.5817478845490914e+38   1.774100274565789e+38 
  62911.70283255784  13446068593409.842  14865133411653.088  16189403440376.438   5464.640203627626   5595.199336371855   5735.475645553181  1.3560272382203714e+38  1.5768932647675103e+38  1.7686671702076376e+38 
  62913.71649289306  13425384117725.268   14842336481191.39   16164601688834.79   5464.640203627626   5595.199336371855   5735.475645553181  1.3518564801637366e+38  1.5720572551596527e+38  1.7632548490397683e+38 
 62915.730153228265   13404747332802.99  14819591952232.902  16139856889384.541   5464.640203627626   5595.199336371855   5735.475645553181  1.3477017444016154e+38  1.5672397701805036e+38  1.7578632157383372e+38 
  62917.74381356347  13384158092178.086  14796899664334.176  16115168867817.662   5464.640203627626   5595.199336371855   5735.475645553181  1.3435629571360958e+38  1.5624407247466083e+38  1.7524921754893574e+38 
  62919.75747389868  13363616249947.186   14774259457667.46  16090537450592.723   5464.640203627626   5595.199336371855   5735.475645553181  1.3394400449668606e+38  1.5576600342335855e+38  1.7471416339853703e+38 
 62921.771134233895  13343121660766.387   14751671173044.77  16065962464828.805   5464.640203627626   5595.199336371855   5735.475645553181  1.3353329348873004e+38   1.552897614474741e+38  1.7418114974221162e+38 
   62923.7847945691  13322674179847.193   14729134651821.91  16041443738306.812   5464.640203627626   5595.199336371855   5735.475645553181  1.3312415542820763e+38   1.548153381742853e+38  1.7365016724958694e+38 
  62925.79845490431  13302273662958.371  14706649735988.506   16016981099464.24   5464.640203627626   5595.199336371855   5735.475645553181  1.3271658309321758e+38  1.5434272527631811e+38   1.731212066400042e+38 
  62927.81211523952  13281919966416.916  14684216268137.883  15992574377388.422   5464.640203627626   5595.199336371855   5735.475645553181  1.3231056929973265e+38  1.5387191447057666e+38   1.725942586823484e+38 
  62929.82577557473  13261612947089.168  14661834091469.768  15968223401821.621   5464.640203627626   5595.199336371855   5735.475645553181  1.3190610690156315e+38  1.5340289751828766e+38  1.7206931419446383e+38 
  62931.83943590994  13241352462388.746  14639503049774.596   15943928003154.53   5464.640203627626   5595.199336371855   5735.475645553181  1.3150318879132005e+38  1.5293566622452099e+38  1.7154636404317086e+38 
  62933.85309624515  13221138370277.799    14617222987467.7  15919688012421.098   5464.640203627626   5595.199336371855   5735.475645553181  1.3110180789962529e+38  1.5247021243855073e+38   1.710253991437206e+38 
  62935.86675658036    13200970529280.6  14594993749513.887  15895503261293.863   5464.640203627626   5595.199336371855   5735.475645553181  1.3070195719478651e+38   1.520065280522529e+38  1.7050641045973247e+38 
  62937.88041691557  13180848798406.299  14572815181459.562  15871373582081.719   5464.640203627626   5595.199336371855   5735.475645553181   1.303036296826533e+38  1.5154460500040152e+38  1.6998938900266578e+38 
  62939.89407725078  13160773037226.951  14550687129457.914   15847298807750.21   5464.640203627626   5595.199336371855   5735.475645553181  1.2990681840626293e+38  1.5108443526104962e+38  1.6947432583226834e+38 
 62941.907737585985  13140743105853.541  14528609440243.816  15823278771886.207   5464.640203627626   5595.199336371855   5735.475645553181  1.2951151644579278e+38  1.5062601085480341e+38  1.6896121205497686e+38 
   62943.9213979212  13120758864981.326   14506581961133.99  15799313308680.006   5464.640203627626   5595.199336371855   5735.475645553181  1.2911771691815626e+38  1.5016932384468386e+38  1.6845003882389739e+38 
  62945.93505825641  13100820175734.166  14484604540034.137  15775402252968.584   5464.640203627626   5595.199336371855   5735.475645553181   1.287254129768917e+38   1.497143663357025e+38   1.679407973394677e+38 
 62947.948718591615  13080926899822.281   14462677025436.89  15751545440215.934   5464.640203627626   5595.199336371855   5735.475645553181  1.2833459781190454e+38  1.4926113047477547e+38  1.6743347884860048e+38 
  62949.96237892682  13061078899441.312  14440799266351.057  15727742706561.076   5464.640203627626   5595.199336371855   5735.475645553181  1.2794526464919636e+38  1.4880960845031721e+38   1.669280746443876e+38 
  62951.97603926204  13041276037334.371   14418971112392.59   15703993888677.16   5464.640203627626   5595.199336371855   5735.475645553181  1.2755740675077805e+38   1.483597924920587e+38  1.6642457606597083e+38 
 62953.989699597245   13021518176765.93  14397192413741.941   15680298823862.23   5464.640203627626   5595.199336371855   5735.475645553181  1.2717101741430753e+38   1.479116748708407e+38  1.6592297449809388e+38 
  62956.00335993245  13001805181516.645  14375463021144.242  15656657350043.496   5464.640203627626   5595.199336371855   5735.475645553181   1.267860899729657e+38  1.4746524789829866e+38  1.6542326137100628e+38 
  62958.01702026767  12982136915915.164  14353782785910.549  15633069305764.475   5464.640203627626   5595.199336371855   5735.475645553181  1.2640261779520505e+38  1.4702050392702971e+38  1.6492542816004291e+38 
 62960.030680602875  12962513244735.164  14332151559909.156  15609534530175.168   5464.640203627626   5595.199336371855   5735.475645553181   1.260205942845382e+38  1.4657743534933562e+38  1.6442946638536424e+38 
  62962.04434093808  12942934033294.895   14310569195565.59  15586052863030.027   5464.640203627626   5595.199336371855   5735.475645553181  1.2564001287938154e+38  1.4613603459771051e+38  1.6393536761214902e+38 
  62964.05800127329   12923399147418.23  14289035545865.104  15562624144687.664   5464.640203627626   5595.199336371855   5735.475645553181  1.2526086705351595e+38  1.4569629414465074e+38  1.6344312345003646e+38 
 62966.071661608505  12903908453439.395  14267550464339.035  15539248216109.395   5464.640203627626   5595.199336371855   5735.475645553181  1.2488315031446133e+38  1.4525820650218676e+38  1.6295272555141503e+38 
  62968.08532194371  12884461818192.041  14246113805071.766  15515924918864.336   5464.640203627626   5595.199336371855   5735.475645553181  1.2450685620302045e+38  1.4482176422195129e+38  1.6246416561309035e+38 
  62970.09898227892  12865059109013.887  14224725422695.938  15492654095076.697   5464.640203627626   5595.199336371855   5735.475645553181  1.2413197829497308e+38  1.4438695989533018e+38  1.6197743537551538e+38 
  62972.11264261413  12845700193740.404  14203385172387.367  15469435587487.541   5464.640203627626   5595.199336371855   5735.475645553181   1.237585101998478e+38  1.4395378615081434e+38  1.6149252662246202e+38 
  62974.12630294934  12826384940702.645  14182092909866.504   15446269239422.03   5464.640203627626   5595.199336371855   5735.475645553181  1.2338644556073167e+38  1.4352223565652669e+38   1.610094311806775e+38 
  62976.13996328455  12807113218728.178  14160848491401.396  15423154894794.943   5464.640203627626   5595.199336371855   5735.475645553181  1.2301577805418551e+38  1.4309230111921192e+38  1.6052814091969134e+38 
  62978.15362361976  12787884897135.926  14139651773805.004  15400092398102.504   5464.640203627626   5595.199336371855   5735.475645553181   1.226465013899652e+38  1.4266397528375082e+38  1.6004864775153099e+38 
  62980.16728395497  12768699845734.135  14118502614388.438  15377081594423.041   5464.640203627626   5595.199336371855   5735.475645553181  1.2227860931084223e+38  1.4223725093259336e+38  1.5957094363043457e+38 
  62982.18094429018   12749557934821.39  14097400871015.766  15354122329411.527   5464.640203627626   5595.199336371855   5735.475645553181  1.2191209559327587e+38  1.4181212088622323e+38  1.5909502055264833e+38 
  62984.19460462539  12730459035177.729  14076346402080.646  15331214449300.418   5464.640203627626   5595.199336371855   5735.475645553181    1.21546954044908e+38  1.4138857800267749e+38  1.5862087055618988e+38 
 62986.208264960595   12711403018068.99  14055339066513.598  15308357800892.705   5464.640203627626   5595.199336371855   5735.475645553181  1.2118317850607124e+38  1.4096661517729784e+38  1.5814848572054461e+38 
  62988.22192529581  12692389755242.213   14034378723761.29  15285552231567.375   5464.640203627626   5595.199336371855   5735.475645553181  1.2082076284963219e+38  1.4054622534245034e+38  1.5767785816642107e+38 
  62990.23558563102   12673419118933.74   14013465233831.42  15262797589267.875   5464.640203627626   5595.199336371855   5735.475645553181  1.2045970098050826e+38  1.4012740146801552e+38  1.5720898005557547e+38 
 62992.249245966224  12654490981854.975  13992598457194.066  15240093722501.984   5464.640203627626   5595.199336371855   5735.475645553181   1.200999868354137e+38   1.397101365593545e+38   1.567418435905095e+38 
  62994.26290630143  12635605217164.516  13971778254853.156  15217440480338.107   5464.640203627626   5595.199336371855   5735.475645553181  1.1974161438277715e+38  1.3929442365855616e+38  1.5627644101421892e+38 
  62996.27656663665  12616761698511.305  13951004488338.613  15194837712424.242   5464.640203627626   5595.199336371855   5735.475645553181  1.1938457762244158e+38  1.3888025584409347e+38  1.5581276461045668e+38 
 62998.290226971854   12597960300020.01   13930277019694.07  15172285268949.064   5464.640203627626   5595.199336371855   5735.475645553181   1.190288705855969e+38  1.3846762623044309e+38  1.5535080670252167e+38 
  63000.30388730706   12579200896330.45  13909595711477.184  15149783000640.502   5464.640203627626   5595.199336371855   5735.475645553181  1.1867448733446685e+38   1.380565279678048e+38  1.5489055965312414e+38 
  63002.31754764228  12560483362448.623  13888960426755.285  15127330758796.799   5464.640203627626   5595.199336371855   5735.475645553181   1.183214219621834e+38  1.3764695424200426e+38  1.5443201586493221e+38 
 63004.331207977484  12541807573908.906  13868371029135.834  15104928395264.951   5464.640203627626   5595.199336371855   5735.475645553181  1.1796966859266182e+38  1.3723889827420049e+38  1.5397516777997707e+38 
  63006.34486831269  12523173406674.586  13847827382661.164   15082575762494.88   5464.640203627626   5595.199336371855   5735.475645553181  1.1761922138027852e+38  1.3683235332062357e+38  1.5352000787932817e+38 
   63008.3585286479  12504580737188.498  13827329351912.105   15060272713394.49   5464.640203627626   5595.199336371855   5735.475645553181  1.1727007450982717e+38  1.3642731267250837e+38   1.530665286829466e+38 
 63010.372188983114  12486029442350.477  13806876801973.926  15038019101432.076   5464.640203627626   5595.199336371855   5735.475645553181  1.1692222219624731e+38   1.360237696557738e+38  1.5261472274943805e+38 
  63012.38584931832  12467519399518.227  13786469598424.098  15015814780630.713   5464.640203627626   5595.199336371855   5735.475645553181  1.1657565868451105e+38   1.356217176308998e+38  1.5216458267584924e+38 
  63014.39950965353  12449050486532.227  13766107607340.809  14993659605555.158   5464.640203627626   5595.199336371855   5735.475645553181    1.16230378249405e+38  1.3522114999287118e+38  1.5171610109735818e+38 
  63016.41316998874  12430622581627.045  13745790695293.344  14971553431304.816   5464.640203627626   5595.199336371855   5735.475645553181  1.1588637519536162e+38  1.3482206017048245e+38  1.5126927068716197e+38 
  63018.42683032395  12412235563513.035   13725518729346.07  14949496113514.541   5464.640203627626   5595.199336371855   5735.475645553181  1.1554364385625988e+38   1.344244416263381e+38  1.5082408415615981e+38 
  63020.44049065916  12393889311352.018  13705291577051.875  14927487508348.828   5464.640203627626   5595.199336371855   5735.475645553181  1.1520217859595603e+38  1.3402828785697488e+38  1.5038053425376107e+38 
  63022.45415099437   12375583704749.19   13685109106449.94  14905527472501.342   5464.640203627626   5595.199336371855   5735.475645553181  1.1486197380683303e+38  1.3363359239239552e+38    1.49938613764748e+38 
  63024.46781132958  12357318623756.637  13664971186064.176  14883615863210.086   5464.640203627626   5595.199336371855   5735.475645553181  1.1452302390945582e+38  1.3324034879594647e+38  1.4949831551182776e+38 
  63026.48147166479    12339093948868.3  13644877684903.098  14861752538209.635   5464.640203627626   5595.199336371855   5735.475645553181   1.141853233538978e+38  1.3284855066486236e+38  1.4905963235455564e+38 
       63028.495132  12320909561015.637   13624828472457.91  14839937355760.691   5464.640203627626   5595.199336371855   5735.475645553181   1.138488666188923e+38   1.324581916277695e+38  1.4862255718924254e+38 
